%% logfile from REGBOT:
%  1    time 6.9707 sec, from Jasmin (81)
%  2  3  4  5   (mission 0), state 9, entered (thread 1, line 1), events 0x0 (bit-flags)
%  6  7 Motor velocity ref left, right: 0.0000 0.0000
%  8  9 Motor voltage [V] left, right: 0.00 0.00
% 10 13 Wheel velocity [m/s] left, right: 0.6409 0.6829 delay 0.0006 0.0007 (sec)
% 14 15 16 17 Pose x,y,h,tilt [m,m,rad,rad]: 4.85222 2.9353 1.33064 2.95636
% 18    Battery voltage [V]
0.0030 2 1 0 0x0 3.0000 3.0000 3.00 3.00 0.0000 0.0000 0.1000 0.1000 0.0002 -0.0000 -0.002705 2.956138 12.22 
0.0070 2 1 0 0x0 3.0000 3.0000 3.00 3.00 0.0000 0.0008 0.1000 0.1000 0.0006 -0.0000 -0.002705 2.956163 12.19 
0.0110 2 1 0 0x0 3.0000 3.0000 3.00 3.00 0.2572 0.2646 0.0012 0.0009 0.0016 -0.0000 -0.000000 2.956146 12.20 
0.0150 2 1 0 0x0 3.0000 3.0000 3.00 3.00 0.3051 0.3171 0.0008 0.0016 0.0026 -0.0000 -0.002705 2.956267 12.20 
0.0190 2 1 0 0x0 3.0000 3.0000 3.00 3.00 0.4380 0.4252 0.0014 0.0008 0.0041 -0.0000 -0.000000 2.956299 12.20 
0.0230 2 1 0 0x0 3.0000 3.0000 3.00 3.00 0.4248 0.4895 0.0007 0.0008 0.0059 -0.0000 -0.002705 2.956262 12.21 
0.0270 2 1 0 0x0 3.0000 3.0000 3.00 3.00 0.5645 0.4738 0.0005 0.0005 0.0079 -0.0000 -0.002705 2.956388 12.21 
0.0310 2 1 0 0x0 3.0000 3.0000 3.00 3.00 0.4907 0.5933 0.0007 0.0006 0.0099 -0.0000 -0.002705 2.956327 12.22 
0.0350 2 1 0 0x0 3.0000 3.0000 3.00 3.00 0.6148 0.4660 0.0010 0.0008 0.0120 -0.0000 -0.002705 2.956379 12.23 
0.0390 2 1 0 0x0 3.0000 3.0000 3.00 3.00 0.6518 0.5644 0.0008 0.0004 0.0144 -0.0000 -0.002705 2.956318 12.23 
0.0430 2 1 0 0x0 3.0000 3.0000 3.00 3.00 0.6359 0.6669 0.0006 0.0009 0.0166 -0.0000 -0.005409 2.956282 12.24 
0.0470 2 1 0 0x0 3.0000 3.0000 3.00 3.00 0.6702 0.6593 0.0004 0.0007 0.0191 -0.0001 -0.005409 2.956329 12.24 
0.0510 2 1 0 0x0 3.0000 3.0000 3.00 3.00 0.6472 0.6496 0.0003 0.0005 0.0215 -0.0001 -0.005409 2.956362 12.24 
0.0550 2 1 0 0x0 3.0000 3.0000 3.00 3.00 0.6777 0.6409 0.0003 0.0004 0.0239 -0.0001 -0.005409 2.956399 12.24 
0.0590 2 1 0 0x0 3.0000 3.0000 3.00 3.00 0.5337 0.6595 0.0010 0.0003 0.0262 -0.0001 -0.002705 2.956355 12.24 
0.0630 2 1 0 0x0 3.0000 3.0000 3.00 3.00 0.6767 0.5080 0.0003 0.0010 0.0286 -0.0001 -0.008114 2.956406 12.23 
0.0670 2 1 0 0x0 3.0000 3.0000 3.00 3.00 0.6781 0.6984 0.0003 0.0003 0.0312 -0.0001 -0.005409 2.956388 12.24 
0.0710 2 1 0 0x0 3.0000 3.0000 3.00 3.00 0.6724 0.5039 0.0005 0.0010 0.0335 -0.0001 -0.008114 2.956357 12.24 
0.0750 2 1 0 0x0 3.0000 3.0000 3.00 3.00 0.6706 0.6734 0.0005 0.0003 0.0361 -0.0002 -0.005409 2.956371 12.24 
0.0790 2 1 0 0x0 3.0000 3.0000 3.00 3.00 0.6972 0.6923 0.0006 0.0004 0.0385 -0.0002 -0.005409 2.956357 12.24 
0.0830 2 1 0 0x0 3.0000 3.0000 3.00 3.00 0.6923 0.7104 0.0007 0.0005 0.0410 -0.0002 -0.005409 2.956340 12.25 
0.0870 2 1 0 0x0 3.0000 3.0000 3.00 3.00 0.7192 0.6974 0.0008 0.0005 0.0434 -0.0002 -0.005409 2.956316 12.24 
0.0910 2 1 0 0x0 3.0000 3.0000 3.00 3.00 0.7123 0.7157 0.0010 0.0007 0.0458 -0.0002 -0.005409 2.956292 12.25 
0.0950 2 1 0 0x0 3.0000 3.0000 3.00 3.00 0.5316 0.7021 0.0005 0.0007 0.0485 -0.0002 -0.008114 2.956286 12.24 
0.0990 2 1 0 0x0 3.0000 3.0000 3.00 3.00 0.5868 0.6873 0.0006 0.0009 0.0509 -0.0002 -0.008114 2.956269 12.24 
0.1030 2 1 0 0x0 3.0000 3.0000 3.00 3.00 0.5403 0.6743 0.0007 0.0010 0.0533 -0.0003 -0.008114 2.956251 12.25 
0.1070 2 1 0 0x0 3.0000 3.0000 3.00 3.00 0.5976 0.5269 0.0009 0.0005 0.0560 -0.0003 -0.005409 2.956278 12.24 
0.1110 2 1 0 0x0 3.0000 3.0000 3.00 3.00 0.6837 0.6093 0.0004 0.0006 0.0586 -0.0003 -0.008114 2.956270 12.24 
0.1150 2 1 0 0x0 3.0000 3.0000 3.00 3.00 0.7063 0.5649 0.0005 0.0008 0.0611 -0.0003 -0.008114 2.956270 12.24 
0.1190 2 1 0 0x0 3.0000 3.0000 3.00 3.00 0.6980 0.6971 0.0007 0.0003 0.0637 -0.0003 -0.005409 2.956267 12.24 
0.1230 2 1 0 0x0 3.0000 3.0000 3.00 3.00 0.7202 0.7155 0.0009 0.0005 0.0661 -0.0004 -0.005409 2.956270 12.25 
0.1270 2 1 0 0x0 3.0000 3.0000 3.00 3.00 0.5763 0.7345 0.0004 0.0007 0.0688 -0.0004 -0.008114 2.956260 12.24 
0.1310 2 1 0 0x0 3.0000 3.0000 3.00 3.00 0.5514 0.6861 0.0005 0.0008 0.0712 -0.0004 -0.008114 2.956290 12.24 
0.1350 2 1 0 0x0 3.0000 3.0000 3.00 3.00 0.5872 0.7039 0.0007 0.0010 0.0736 -0.0004 -0.008114 2.956289 12.24 
0.1390 2 1 0 0x0 3.0000 3.0000 3.00 3.00 0.5842 0.6008 0.0008 0.0005 0.0763 -0.0004 -0.005409 2.956288 12.24 
0.1430 2 1 0 0x0 3.0000 3.0000 3.00 3.00 0.7199 0.5570 0.0004 0.0006 0.0789 -0.0004 -0.008114 2.956296 12.24 
0.1470 2 1 0 0x0 3.0000 3.0000 3.00 3.00 0.7112 0.5978 0.0005 0.0008 0.0813 -0.0005 -0.008114 2.956288 12.25 
0.1510 2 1 0 0x0 3.0000 3.0000 3.00 3.00 0.6985 0.6950 0.0008 0.0003 0.0840 -0.0005 -0.005409 2.956292 12.24 
0.1550 2 1 0 0x0 3.0000 3.0000 3.00 3.00 0.6915 0.7130 0.0009 0.0005 0.0864 -0.0005 -0.005409 2.956297 12.24 
0.1590 2 1 0 0x0 3.0000 3.0000 3.00 3.00 0.5450 0.6986 0.0004 0.0006 0.0890 -0.0005 -0.008114 2.956302 12.25 
0.1630 2 1 0 0x0 3.0000 3.0000 3.00 3.00 0.6035 0.7166 0.0006 0.0008 0.0915 -0.0005 -0.008114 2.956308 12.24 
0.1670 2 1 0 0x0 3.0000 3.0000 3.00 3.00 0.5757 0.7019 0.0007 0.0009 0.0939 -0.0006 -0.008114 2.956308 12.24 
0.1710 2 1 0 0x0 3.0000 3.0000 3.00 3.00 0.5907 0.5489 0.0009 0.0005 0.0966 -0.0006 -0.005409 2.956283 12.24 
0.1750 2 1 0 0x0 3.0000 3.0000 3.00 3.00 0.6915 0.5887 0.0004 0.0007 0.0992 -0.0006 -0.008114 2.956280 12.24 
0.1790 2 1 0 0x0 3.0000 3.0000 3.00 3.00 0.7147 0.5470 0.0006 0.0008 0.1016 -0.0006 -0.008114 2.956278 12.24 
0.1830 2 1 0 0x0 3.0000 3.0000 3.00 3.00 0.6751 0.7257 0.0007 0.0004 0.1043 -0.0006 -0.005409 2.956279 12.24 
0.1870 2 1 0 0x0 3.0000 3.0000 3.00 3.00 0.7304 0.7096 0.0009 0.0005 0.1067 -0.0006 -0.005409 2.956295 12.24 
0.1910 2 1 0 0x0 3.0000 3.0000 3.00 3.00 0.5931 0.7275 0.0004 0.0008 0.1093 -0.0007 -0.008114 2.956298 12.23 
0.1950 2 1 0 0x0 3.0000 3.0000 3.00 3.00 0.5677 0.7114 0.0006 0.0010 0.1120 -0.0007 -0.005409 2.956283 12.24 
0.1990 2 1 0 0x0 3.0000 3.0000 3.00 3.00 0.5834 0.5645 0.0008 0.0005 0.1144 -0.0007 -0.005409 2.956278 12.24 
0.2030 2 1 0 0x0 3.0000 3.0000 3.00 3.00 0.7002 0.6072 0.0003 0.0008 0.1170 -0.0007 -0.008114 2.956261 12.24 
0.2070 2 1 0 0x0 3.0000 3.0000 3.00 3.00 0.7224 0.7149 0.0005 0.0003 0.1197 -0.0007 -0.005409 2.956250 12.24 
0.2110 2 1 0 0x0 3.0000 3.0000 3.00 3.00 0.7151 0.7329 0.0007 0.0006 0.1221 -0.0007 -0.005409 2.956238 12.24 
0.2150 2 1 0 0x0 3.0000 3.0000 3.00 3.00 0.7038 0.7168 0.0009 0.0007 0.1245 -0.0008 -0.005409 2.956241 12.25 
0.2190 2 1 0 0x0 3.0000 3.0000 3.00 3.00 0.5876 0.7347 0.0004 0.0010 0.1272 -0.0008 -0.008114 2.956246 12.24 
0.2230 2 1 0 0x0 3.0000 3.0000 3.00 3.00 0.5632 0.6288 0.0005 0.0005 0.1298 -0.0008 -0.005409 2.956224 12.24 
0.2270 2 1 0 0x0 3.0000 3.0000 3.00 3.00 0.6017 0.5601 0.0007 0.0007 0.1322 -0.0008 -0.005409 2.956216 12.23 
0.2310 2 1 0 0x0 3.0000 3.0000 3.00 3.00 0.5768 0.7375 0.0009 0.0003 0.1349 -0.0008 -0.002705 2.956205 12.24 
0.2350 2 1 0 0x0 3.0000 3.0000 3.00 3.00 0.7295 0.7214 0.0005 0.0005 0.1375 -0.0008 -0.005409 2.956219 12.24 
0.2390 2 1 0 0x0 3.0000 3.0000 3.00 3.00 0.7204 0.7397 0.0006 0.0007 0.1400 -0.0008 -0.005409 2.956211 12.25 
0.2430 2 1 0 0x0 3.0000 3.0000 3.00 3.00 0.7438 0.7244 0.0008 0.0009 0.1424 -0.0008 -0.005409 2.956223 12.25 
0.2470 2 1 0 0x0 3.0000 3.0000 3.00 3.00 0.5862 0.5560 0.0004 0.0004 0.1452 -0.0009 -0.005409 2.956211 12.24 
0.2510 2 1 0 0x0 3.0000 3.0000 3.00 3.00 0.5844 0.6221 0.0006 0.0006 0.1477 -0.0009 -0.005409 2.956201 12.24 
0.2550 2 1 0 0x0 3.0000 3.0000 3.00 3.00 0.6009 0.5548 0.0008 0.0007 0.1501 -0.0009 -0.005409 2.956202 12.24 
0.2590 2 1 0 0x0 3.0000 3.0000 3.00 3.00 0.7103 0.7124 0.0003 0.0003 0.1529 -0.0009 -0.005409 2.956206 12.24 
0.2630 2 1 0 0x0 3.0000 3.0000 3.00 3.00 0.6977 0.6977 0.0005 0.0004 0.1554 -0.0009 -0.005409 2.956206 12.24 
0.2670 2 1 0 0x0 3.0000 3.0000 3.00 3.00 0.6895 0.7157 0.0007 0.0006 0.1578 -0.0009 -0.005409 2.956226 12.24 
0.2710 2 1 0 0x0 3.0000 3.0000 3.00 3.00 0.7110 0.7013 0.0009 0.0007 0.1602 -0.0009 -0.005409 2.956238 12.24 
0.2750 2 1 0 0x0 3.0000 3.0000 3.00 3.00 0.6081 0.7189 0.0004 0.0009 0.1629 -0.0010 -0.008114 2.956246 12.24 
0.2790 2 1 0 0x0 3.0000 3.0000 3.00 3.00 0.5815 0.6145 0.0006 0.0004 0.1655 -0.0010 -0.005409 2.956244 12.24 
0.2830 2 1 0 0x0 3.0000 3.0000 3.00 3.00 0.5981 0.5482 0.0008 0.0006 0.1679 -0.0010 -0.005409 2.956239 12.24 
0.2870 2 1 0 0x0 3.0000 3.0000 3.00 3.00 0.7140 0.6123 0.0003 0.0008 0.1706 -0.0010 -0.008114 2.956237 12.24 
0.2910 2 1 0 0x0 3.0000 3.0000 3.00 3.00 0.7009 0.7084 0.0005 0.0003 0.1732 -0.0010 -0.005409 2.956229 12.24 
0.2950 2 1 0 0x0 3.0000 3.0000 3.00 3.00 0.7257 0.7271 0.0007 0.0005 0.1757 -0.0010 -0.005409 2.956225 12.24 
0.2990 2 1 0 0x0 3.0000 3.0000 3.00 3.00 0.7119 0.6805 0.0009 0.0006 0.1781 -0.0011 -0.005409 2.956228 12.24 
0.3030 2 1 0 0x0 3.0000 3.0000 3.00 3.00 0.6066 0.6977 0.0004 0.0008 0.1807 -0.0011 -0.008114 2.956228 12.24 
0.3070 2 1 0 0x0 3.0000 3.0000 3.00 3.00 0.5816 0.7167 0.0006 0.0009 0.1832 -0.0011 -0.008114 2.956206 12.24 
0.3110 2 1 0 0x0 3.0000 3.0000 3.00 3.00 0.5987 0.5399 0.0008 0.0005 0.1858 -0.0011 -0.005409 2.956211 12.24 
0.3150 2 1 0 0x0 3.0000 3.0000 3.00 3.00 0.7131 0.6013 0.0004 0.0006 0.1884 -0.0011 -0.008114 2.956178 12.24 
0.3190 2 1 0 0x0 3.0000 3.0000 3.00 3.00 0.7004 0.5374 0.0006 0.0008 0.1909 -0.0011 -0.008114 2.956183 12.24 
0.3230 2 1 0 0x0 3.0000 3.0000 3.00 3.00 0.7247 0.7089 0.0008 0.0003 0.1935 -0.0012 -0.005409 2.956173 12.24 
0.3270 2 1 0 0x0 3.0000 3.0000 3.00 3.00 0.7114 0.7285 0.0010 0.0004 0.1959 -0.0012 -0.005409 2.956179 12.24 
0.3310 2 1 0 0x0 3.0000 3.0000 3.00 3.00 0.6072 0.7123 0.0005 0.0006 0.1986 -0.0012 -0.008114 2.956171 12.25 
0.3350 2 1 0 0x0 3.0000 3.0000 3.00 3.00 0.5818 0.6988 0.0007 0.0007 0.2010 -0.0012 -0.008114 2.956175 12.24 
0.3390 2 1 0 0x0 3.0000 3.0000 3.00 3.00 0.5995 0.7171 0.0009 0.0009 0.2034 -0.0012 -0.008114 2.956148 12.24 
0.3430 2 1 0 0x0 3.0000 3.0000 3.00 3.00 0.7102 0.5907 0.0005 0.0004 0.2063 -0.0013 -0.008114 2.956128 12.24 
0.3470 2 1 0 0x0 3.0000 3.0000 3.00 3.00 0.7328 0.5478 0.0007 0.0005 0.2087 -0.0013 -0.008114 2.956108 12.24 
0.3510 2 1 0 0x0 3.0000 3.0000 3.00 3.00 0.7235 0.6366 0.0008 0.0006 0.2112 -0.0013 -0.008114 2.956120 12.24 
0.3550 2 1 0 0x0 3.0000 3.0000 3.00 3.00 0.5478 0.5450 0.0004 0.0008 0.2138 -0.0013 -0.010818 2.956145 12.24 
0.3590 2 1 0 0x0 3.0000 3.0000 3.00 3.00 0.6082 0.6330 0.0006 0.0009 0.2162 -0.0014 -0.010818 2.956140 12.24 
0.3630 2 1 0 0x0 3.0000 3.0000 3.00 3.00 0.5835 0.7158 0.0008 0.0004 0.2189 -0.0014 -0.008114 2.956141 12.24 
0.3670 2 1 0 0x0 3.0000 3.0000 3.00 3.00 0.7193 0.7007 0.0003 0.0005 0.2215 -0.0014 -0.010818 2.956141 12.24 
0.3710 2 1 0 0x0 3.0000 3.0000 3.00 3.00 0.7087 0.6867 0.0005 0.0007 0.2239 -0.0014 -0.010818 2.956145 12.24 
0.3750 2 1 0 0x0 3.0000 3.0000 3.00 3.00 0.7310 0.7391 0.0007 0.0008 0.2264 -0.0015 -0.010818 2.956151 12.24 
0.3790 2 1 0 0x0 3.0000 3.0000 3.00 3.00 0.6878 0.6906 0.0009 0.0009 0.2288 -0.0015 -0.010818 2.956150 12.24 
0.3830 2 1 0 0x0 3.0000 3.0000 3.00 3.00 0.5701 0.5364 0.0005 0.0004 0.2316 -0.0015 -0.010818 2.956163 12.23 
0.3870 2 1 0 0x0 3.0000 3.0000 3.00 3.00 0.6101 0.6224 0.0006 0.0006 0.2341 -0.0015 -0.010818 2.956161 12.24 
0.3910 2 1 0 0x0 3.0000 3.0000 3.00 3.00 0.5609 0.5544 0.0008 0.0007 0.2365 -0.0016 -0.010818 2.956154 12.24 
0.3950 2 1 0 0x0 3.0000 3.0000 3.00 3.00 0.6880 0.5947 0.0003 0.0009 0.2391 -0.0016 -0.013523 2.956152 12.24 
0.3990 2 1 0 0x0 3.0000 3.0000 3.00 3.00 0.7135 0.6997 0.0005 0.0004 0.2418 -0.0016 -0.010818 2.956136 12.24 
0.4030 2 1 0 0x0 3.0000 3.0000 3.00 3.00 0.7020 0.7183 0.0007 0.0006 0.2442 -0.0017 -0.010818 2.956140 12.24 
0.4070 2 1 0 0x0 3.0000 3.0000 3.00 3.00 0.6952 0.7039 0.0008 0.0007 0.2466 -0.0017 -0.010818 2.956157 12.24 
0.4110 2 1 0 0x0 3.0000 3.0000 3.00 3.00 0.6844 0.7218 0.0010 0.0009 0.2491 -0.0017 -0.010818 2.956168 12.24 
0.4150 2 1 0 0x0 3.0000 3.0000 3.00 3.00 0.6018 0.6379 0.0005 0.0004 0.2519 -0.0017 -0.010818 2.956184 12.24 
0.4190 2 1 0 0x0 3.0000 3.0000 3.00 3.00 0.5749 0.5463 0.0006 0.0006 0.2544 -0.0018 -0.010818 2.956183 12.23 
0.4230 2 1 0 0x0 3.0000 3.0000 3.00 3.00 0.5903 0.5857 0.0008 0.0007 0.2568 -0.0018 -0.010818 2.956158 12.24 
0.4270 2 1 0 0x0 3.0000 3.0000 3.00 3.00 0.6919 0.5650 0.0003 0.0009 0.2594 -0.0018 -0.013523 2.956141 12.24 
0.4310 2 1 0 0x0 3.0000 3.0000 3.00 3.00 0.7131 0.6966 0.0005 0.0005 0.2621 -0.0019 -0.010818 2.956131 12.24 
0.4350 2 1 0 0x0 3.0000 3.0000 3.00 3.00 0.7069 0.7164 0.0007 0.0005 0.2645 -0.0019 -0.010818 2.956151 12.24 
0.4390 2 1 0 0x0 3.0000 3.0000 3.00 3.00 0.6959 0.7011 0.0009 0.0007 0.2669 -0.0019 -0.010818 2.956139 12.24 
0.4430 2 1 0 0x0 3.0000 3.0000 3.00 3.00 0.5933 0.6878 0.0003 0.0008 0.2696 -0.0019 -0.013523 2.956150 12.24 
0.4470 2 1 0 0x0 3.0000 3.0000 3.00 3.00 0.5671 0.7057 0.0005 0.0010 0.2720 -0.0020 -0.013523 2.956154 12.25 
0.4510 2 1 0 0x0 3.0000 3.0000 3.00 3.00 0.5811 0.5989 0.0006 0.0005 0.2746 -0.0020 -0.010818 2.956137 12.24 
0.4550 2 1 0 0x0 3.0000 3.0000 3.00 3.00 0.5782 0.5553 0.0008 0.0006 0.2771 -0.0020 -0.010818 2.956126 12.24 
0.4590 2 1 0 0x0 3.0000 3.0000 3.00 3.00 0.7297 0.5960 0.0003 0.0007 0.2797 -0.0021 -0.013523 2.956126 12.24 
0.4630 2 1 0 0x0 3.0000 3.0000 3.00 3.00 0.6899 0.5328 0.0005 0.0009 0.2821 -0.0021 -0.013523 2.956132 12.24 
0.4670 2 1 0 0x0 3.0000 3.0000 3.00 3.00 0.7150 0.7174 0.0006 0.0004 0.2848 -0.0021 -0.010818 2.956129 12.25 
0.4710 2 1 0 0x0 3.0000 3.0000 3.00 3.00 0.6782 0.7039 0.0007 0.0005 0.2872 -0.0021 -0.010818 2.956128 12.23 
0.4750 2 1 0 0x0 3.0000 3.0000 3.00 3.00 0.7023 0.6897 0.0008 0.0006 0.2896 -0.0022 -0.010818 2.956136 12.24 
0.4790 2 1 0 0x0 3.0000 3.0000 3.00 3.00 0.6958 0.6770 0.0010 0.0008 0.2921 -0.0022 -0.010818 2.956141 12.23 
0.4830 2 1 0 0x0 3.0000 3.0000 3.00 3.00 0.5624 0.6951 0.0005 0.0009 0.2947 -0.0022 -0.013523 2.956129 12.24 
0.4870 2 1 0 0x0 3.0000 3.0000 3.00 3.00 0.6254 0.6064 0.0006 0.0004 0.2974 -0.0023 -0.010818 2.956134 12.24 
0.4910 2 1 0 0x0 3.0000 3.0000 3.00 3.00 0.5745 0.5413 0.0008 0.0006 0.2998 -0.0023 -0.010818 2.956152 12.24 
0.4950 2 1 0 0x0 3.0000 3.0000 3.00 3.00 0.6978 0.6034 0.0004 0.0007 0.3024 -0.0023 -0.013523 2.956162 12.24 
0.4990 2 1 0 0x0 3.0000 3.0000 3.00 3.00 0.7229 0.5393 0.0006 0.0009 0.3049 -0.0023 -0.013523 2.956173 12.24 
0.5030 2 1 0 0x0 3.0000 3.0000 3.00 3.00 0.7100 0.7055 0.0008 0.0004 0.3075 -0.0024 -0.010818 2.956182 12.24 
0.5070 2 1 0 0x0 3.0000 3.0000 3.00 3.00 0.5853 0.6906 0.0004 0.0006 0.3101 -0.0024 -0.013523 2.956193 12.24 
0.5110 2 1 0 0x0 3.0000 3.0000 3.00 3.00 0.5844 0.7081 0.0006 0.0008 0.3126 -0.0024 -0.013523 2.956186 12.24 
0.5150 2 1 0 0x0 3.0000 3.0000 3.00 3.00 0.6546 0.7272 0.0008 0.0009 0.3150 -0.0025 -0.013523 2.956179 12.25 
0.5190 2 1 0 0x0 3.0000 3.0000 3.00 3.00 0.7421 0.5344 0.0003 0.0005 0.3178 -0.0025 -0.013523 2.956180 12.24 
0.5230 2 1 0 0x0 3.0000 3.0000 3.00 3.00 0.6936 0.6200 0.0006 0.0006 0.3203 -0.0025 -0.013523 2.956182 12.24 
0.5270 2 1 0 0x0 3.0000 3.0000 3.00 3.00 0.7183 0.5331 0.0007 0.0008 0.3227 -0.0026 -0.013523 2.956194 12.24 
0.5310 2 1 0 0x0 3.0000 3.0000 3.00 3.00 0.7419 0.7156 0.0010 0.0003 0.3253 -0.0026 -0.010818 2.956198 12.24 
0.5350 2 1 0 0x0 3.0000 3.0000 3.00 3.00 0.5883 0.7006 0.0005 0.0005 0.3280 -0.0026 -0.013523 2.956182 12.24 
0.5390 2 1 0 0x0 3.0000 3.0000 3.00 3.00 0.5646 0.7180 0.0007 0.0007 0.3304 -0.0027 -0.013523 2.956179 12.24 
0.5430 2 1 0 0x0 3.0000 3.0000 3.00 3.00 0.7136 0.7034 0.0003 0.0008 0.3331 -0.0027 -0.016227 2.956153 12.24 
0.5470 2 1 0 0x0 3.0000 3.0000 3.00 3.00 0.7053 0.7215 0.0005 0.0010 0.3355 -0.0028 -0.016227 2.956147 12.24 
0.5510 2 1 0 0x0 3.0000 3.0000 3.00 3.00 0.7256 0.6122 0.0007 0.0005 0.3381 -0.0028 -0.013523 2.956152 12.24 
0.5550 2 1 0 0x0 3.0000 3.0000 3.00 3.00 0.7142 0.5093 0.0009 0.0007 0.3406 -0.0028 -0.013523 2.956156 12.25 
0.5590 2 1 0 0x0 3.0000 3.0000 3.00 3.00 0.5758 0.5860 0.0005 0.0008 0.3432 -0.0029 -0.016227 2.956165 12.25 
0.5630 2 1 0 0x0 3.0000 3.0000 3.00 3.00 0.5938 0.5447 0.0007 0.0010 0.3456 -0.0029 -0.016227 2.956144 12.24 
0.5670 2 1 0 0x0 3.0000 3.0000 3.00 3.00 0.5702 0.6967 0.0009 0.0005 0.3483 -0.0029 -0.013523 2.956125 12.24 
0.5710 2 1 0 0x0 3.0000 3.0000 3.00 3.00 0.7381 0.7157 0.0005 0.0006 0.3509 -0.0030 -0.016227 2.956133 12.25 
0.5750 2 1 0 0x0 3.0000 3.0000 3.00 3.00 0.6936 0.7340 0.0006 0.0008 0.3533 -0.0030 -0.016227 2.956152 12.25 
0.5790 2 1 0 0x0 3.0000 3.0000 3.00 3.00 0.7150 0.7189 0.0009 0.0009 0.3558 -0.0031 -0.016227 2.956168 12.25 
0.5830 2 1 0 0x0 3.0000 3.0000 3.00 3.00 0.6055 0.5392 0.0004 0.0004 0.3586 -0.0031 -0.016227 2.956166 12.25 
0.5870 2 1 0 0x0 3.0000 3.0000 3.00 3.00 0.5806 0.6009 0.0006 0.0006 0.3610 -0.0031 -0.016227 2.956177 12.24 
0.5910 2 1 0 0x0 3.0000 3.0000 3.00 3.00 0.5975 0.5575 0.0008 0.0007 0.3635 -0.0032 -0.016227 2.956180 12.24 
0.5950 2 1 0 0x0 3.0000 3.0000 3.00 3.00 0.7122 0.7084 0.0003 0.0003 0.3663 -0.0032 -0.016227 2.956143 12.24 
0.5990 2 1 0 0x0 3.0000 3.0000 3.00 3.00 0.6992 0.7276 0.0006 0.0004 0.3687 -0.0033 -0.016227 2.956126 12.24 
0.6030 2 1 0 0x0 3.0000 3.0000 3.00 3.00 0.6900 0.7115 0.0007 0.0006 0.3712 -0.0033 -0.016227 2.956135 12.25 
0.6070 2 1 0 0x0 3.0000 3.0000 3.00 3.00 0.7089 0.6966 0.0010 0.0008 0.3736 -0.0033 -0.016227 2.956144 12.24 
0.6110 2 1 0 0x0 3.0000 3.0000 3.00 3.00 0.5859 0.7138 0.0005 0.0010 0.3763 -0.0034 -0.018932 2.956161 12.24 
0.6150 2 1 0 0x0 3.0000 3.0000 3.00 3.00 0.5629 0.5934 0.0007 0.0005 0.3789 -0.0034 -0.016227 2.956171 12.24 
0.6190 2 1 0 0x0 3.0000 3.0000 3.00 3.00 0.5793 0.5511 0.0009 0.0007 0.3813 -0.0035 -0.016227 2.956179 12.24 
0.6230 2 1 0 0x0 3.0000 3.0000 3.00 3.00 0.7032 0.5910 0.0004 0.0008 0.3840 -0.0035 -0.018932 2.956176 12.24 
0.6270 2 1 0 0x0 3.0000 3.0000 3.00 3.00 0.7233 0.7056 0.0007 0.0003 0.3866 -0.0036 -0.016227 2.956171 12.24 
0.6310 2 1 0 0x0 3.0000 3.0000 3.00 3.00 0.7119 0.7241 0.0009 0.0005 0.3890 -0.0036 -0.016227 2.956164 12.24 
0.6350 2 1 0 0x0 3.0000 3.0000 3.00 3.00 0.5552 0.7097 0.0005 0.0006 0.3917 -0.0037 -0.018932 2.956179 12.25 
0.6390 2 1 0 0x0 3.0000 3.0000 3.00 3.00 0.5933 0.6941 0.0006 0.0009 0.3941 -0.0037 -0.018932 2.956177 12.24 
0.6430 2 1 0 0x0 3.0000 3.0000 3.00 3.00 0.5695 0.7141 0.0008 0.0010 0.3965 -0.0037 -0.018932 2.956167 12.24 
0.6470 2 1 0 0x0 3.0000 3.0000 3.00 3.00 0.7044 0.5417 0.0004 0.0005 0.3994 -0.0038 -0.018932 2.956167 12.24 
0.6510 2 1 0 0x0 3.0000 3.0000 3.00 3.00 0.7271 0.5802 0.0006 0.0007 0.4018 -0.0038 -0.018932 2.956156 12.23 
0.6550 2 1 0 0x0 3.0000 3.0000 3.00 3.00 0.7135 0.5397 0.0008 0.0009 0.4042 -0.0039 -0.018932 2.956152 12.24 
0.6590 2 1 0 0x0 3.0000 3.0000 3.00 3.00 0.5825 0.7398 0.0004 0.0004 0.4071 -0.0039 -0.018932 2.956172 12.24 
0.6630 2 1 0 0x0 3.0000 3.0000 3.00 3.00 0.5586 0.6908 0.0005 0.0005 0.4095 -0.0040 -0.018932 2.956200 12.24 
0.6670 2 1 0 0x0 3.0000 3.0000 3.00 3.00 0.5973 0.7437 0.0007 0.0007 0.4119 -0.0040 -0.018932 2.956192 12.25 
0.6710 2 1 0 0x0 3.0000 3.0000 3.00 3.00 0.5717 0.6940 0.0009 0.0008 0.4144 -0.0041 -0.018932 2.956191 12.25 
0.6750 2 1 0 0x0 3.0000 3.0000 3.00 3.00 0.7364 0.7119 0.0004 0.0010 0.4170 -0.0041 -0.021636 2.956189 12.24 
0.6790 2 1 0 0x0 3.0000 3.0000 3.00 3.00 0.7243 0.5941 0.0006 0.0005 0.4197 -0.0042 -0.018932 2.956181 12.24 
0.6830 2 1 0 0x0 3.0000 3.0000 3.00 3.00 0.7091 0.5320 0.0009 0.0007 0.4221 -0.0042 -0.018932 2.956183 12.24 
0.6870 2 1 0 0x0 3.0000 3.0000 3.00 3.00 0.5870 0.5916 0.0004 0.0008 0.4247 -0.0043 -0.021636 2.956200 12.24 
0.6910 2 1 0 0x0 3.0000 3.0000 3.00 3.00 0.5421 0.7039 0.0006 0.0003 0.4274 -0.0043 -0.018932 2.956199 12.24 
0.6950 2 1 0 0x0 3.0000 3.0000 3.00 3.00 0.6023 0.7219 0.0008 0.0005 0.4298 -0.0044 -0.018932 2.956209 12.24 
0.6990 2 1 0 0x0 3.0000 3.0000 3.00 3.00 0.7055 0.7066 0.0004 0.0007 0.4324 -0.0044 -0.021636 2.956206 12.24 
0.7030 2 1 0 0x0 3.0000 3.0000 3.00 3.00 0.7272 0.7246 0.0006 0.0009 0.4349 -0.0045 -0.021636 2.956180 12.24 
0.7070 2 1 0 0x0 3.0000 3.0000 3.00 3.00 0.7146 0.6102 0.0008 0.0004 0.4375 -0.0045 -0.018932 2.956149 12.24 
0.7110 2 1 0 0x0 3.0000 3.0000 3.00 3.00 0.7000 0.5452 0.0010 0.0006 0.4399 -0.0046 -0.018932 2.956133 12.25 
0.7150 2 1 0 0x0 3.0000 3.0000 3.00 3.00 0.5931 0.5844 0.0006 0.0007 0.4426 -0.0046 -0.021636 2.956139 12.24 
0.7190 2 1 0 0x0 3.0000 3.0000 3.00 3.00 0.5486 0.5244 0.0008 0.0009 0.4450 -0.0047 -0.021636 2.956147 12.24 
0.7230 2 1 0 0x0 3.0000 3.0000 3.00 3.00 0.7054 0.7326 0.0004 0.0004 0.4478 -0.0048 -0.021636 2.956159 12.25 
0.7270 2 1 0 0x0 3.0000 3.0000 3.00 3.00 0.7291 0.6845 0.0006 0.0005 0.4503 -0.0048 -0.021636 2.956161 12.24 
0.7310 2 1 0 0x0 3.0000 3.0000 3.00 3.00 0.7133 0.7013 0.0008 0.0007 0.4527 -0.0049 -0.021636 2.956144 12.25 
0.7350 2 1 0 0x0 3.0000 3.0000 3.00 3.00 0.5846 0.6872 0.0004 0.0008 0.4553 -0.0049 -0.024341 2.956139 12.24 
0.7390 2 1 0 0x0 3.0000 3.0000 3.00 3.00 0.5231 0.5382 0.0006 0.0004 0.4580 -0.0050 -0.021636 2.956139 12.25 
0.7430 2 1 0 0x0 3.0000 3.0000 3.00 3.00 0.6041 0.5995 0.0008 0.0005 0.4604 -0.0050 -0.021636 2.956150 12.24 
0.7470 2 1 0 0x0 3.0000 3.0000 3.00 3.00 0.7037 0.5176 0.0004 0.0007 0.4630 -0.0051 -0.024341 2.956169 12.24 
0.7510 2 1 0 0x0 3.0000 3.0000 3.00 3.00 0.6914 0.5968 0.0006 0.0009 0.4655 -0.0052 -0.024341 2.956149 12.25 
0.7550 2 1 0 0x0 3.0000 3.0000 3.00 3.00 0.7141 0.6968 0.0008 0.0004 0.4681 -0.0052 -0.021636 2.956140 12.24 
0.7590 2 1 0 0x0 3.0000 3.0000 3.00 3.00 0.5747 0.7143 0.0004 0.0006 0.4708 -0.0053 -0.024341 2.956139 12.24 
0.7630 2 1 0 0x0 3.0000 3.0000 3.00 3.00 0.5695 0.7346 0.0006 0.0007 0.4732 -0.0053 -0.024341 2.956126 12.25 
0.7670 2 1 0 0x0 3.0000 3.0000 3.00 3.00 0.5477 0.7184 0.0009 0.0009 0.4756 -0.0054 -0.024341 2.956121 12.24 
0.7710 2 1 0 0x0 3.0000 3.0000 3.00 3.00 0.7066 0.5676 0.0005 0.0004 0.4785 -0.0055 -0.024341 2.956130 12.23 
0.7750 2 1 0 0x0 3.0000 3.0000 3.00 3.00 0.7008 0.5108 0.0006 0.0006 0.4809 -0.0055 -0.024341 2.956123 12.24 
0.7790 2 1 0 0x0 3.0000 3.0000 3.00 3.00 0.7237 0.6121 0.0008 0.0008 0.4833 -0.0056 -0.024341 2.956133 12.24 
0.7830 2 1 0 0x0 3.0000 3.0000 3.00 3.00 0.6003 0.7082 0.0004 0.0003 0.4862 -0.0057 -0.024341 2.956127 12.24 
0.7870 2 1 0 0x0 3.0000 3.0000 3.00 3.00 0.5532 0.7264 0.0006 0.0005 0.4886 -0.0057 -0.024341 2.956109 12.25 
0.7910 2 1 0 0x0 3.0000 3.0000 3.00 3.00 0.5914 0.6793 0.0008 0.0006 0.4910 -0.0058 -0.024341 2.956084 12.24 
0.7950 2 1 0 0x0 3.0000 3.0000 3.00 3.00 0.6896 0.7297 0.0003 0.0009 0.4937 -0.0058 -0.027045 2.956087 12.25 
0.7990 2 1 0 0x0 3.0000 3.0000 3.00 3.00 0.7083 0.5828 0.0006 0.0004 0.4963 -0.0059 -0.024341 2.956084 12.24 
0.8030 2 1 0 0x0 3.0000 3.0000 3.00 3.00 0.7005 0.5231 0.0007 0.0006 0.4987 -0.0060 -0.024341 2.956069 12.24 
0.8070 2 1 0 0x0 3.0000 3.0000 3.00 3.00 0.7231 0.6045 0.0009 0.0008 0.5012 -0.0060 -0.024341 2.956068 12.24 
0.8110 2 1 0 0x0 3.0000 3.0000 3.00 3.00 0.5763 0.7193 0.0005 0.0003 0.5040 -0.0061 -0.024341 2.956058 12.24 
0.8150 2 1 0 0x0 3.0000 3.0000 3.00 3.00 0.5529 0.7384 0.0007 0.0005 0.5064 -0.0062 -0.024341 2.956054 12.24 
0.8190 2 1 0 0x0 3.0000 3.0000 3.00 3.00 0.5911 0.7227 0.0009 0.0007 0.5089 -0.0062 -0.024341 2.956049 12.24 
0.8230 2 1 0 0x0 3.0000 3.0000 3.00 3.00 0.7251 0.7069 0.0004 0.0009 0.5115 -0.0063 -0.027045 2.956040 12.24 
0.8270 2 1 0 0x0 3.0000 3.0000 3.00 3.00 0.7093 0.5978 0.0007 0.0004 0.5141 -0.0064 -0.024341 2.956038 12.24 
0.8310 2 1 0 0x0 3.0000 3.0000 3.00 3.00 0.7001 0.5168 0.0009 0.0006 0.5166 -0.0064 -0.024341 2.956044 12.26 
0.8350 2 1 0 0x0 3.0000 3.0000 3.00 3.00 0.5624 0.6210 0.0005 0.0008 0.5192 -0.0065 -0.027045 2.956064 12.25 
0.8390 2 1 0 0x0 3.0000 3.0000 3.00 3.00 0.6018 0.5338 0.0007 0.0010 0.5219 -0.0066 -0.024341 2.956067 12.25 
0.8430 2 1 0 0x0 3.0000 3.0000 3.00 3.00 0.5778 0.7145 0.0009 0.0005 0.5243 -0.0066 -0.024341 2.956058 12.24 
0.8470 2 1 0 0x0 3.0000 3.0000 3.00 3.00 0.7266 0.6993 0.0005 0.0007 0.5269 -0.0067 -0.027045 2.956040 12.24 
0.8510 2 1 0 0x0 3.0000 3.0000 3.00 3.00 0.7147 0.7167 0.0007 0.0009 0.5294 -0.0068 -0.027045 2.956022 12.24 
0.8550 2 1 0 0x0 3.0000 3.0000 3.00 3.00 0.7343 0.5912 0.0010 0.0004 0.5320 -0.0068 -0.024341 2.956029 12.24 
0.8590 2 1 0 0x0 3.0000 3.0000 3.00 3.00 0.5930 0.5116 0.0005 0.0006 0.5346 -0.0069 -0.027045 2.956027 12.24 
0.8630 2 1 0 0x0 3.0000 3.0000 3.00 3.00 0.5474 0.5893 0.0007 0.0008 0.5371 -0.0070 -0.027045 2.956029 12.25 
0.8670 2 1 0 0x0 3.0000 3.0000 3.00 3.00 0.7082 0.7418 0.0003 0.0004 0.5399 -0.0070 -0.027045 2.956030 12.24 
0.8710 2 1 0 0x0 3.0000 3.0000 3.00 3.00 0.6984 0.7619 0.0005 0.0006 0.5423 -0.0071 -0.027045 2.956031 12.24 
0.8750 2 1 0 0x0 3.0000 3.0000 3.00 3.00 0.7190 0.7100 0.0007 0.0007 0.5448 -0.0072 -0.027045 2.956004 12.24 
0.8790 2 1 0 0x0 3.0000 3.0000 3.00 3.00 0.7086 0.7284 0.0009 0.0010 0.5472 -0.0072 -0.027045 2.956012 12.24 
0.8830 2 1 0 0x0 3.0000 3.0000 3.00 3.00 0.5375 0.5839 0.0005 0.0005 0.5500 -0.0073 -0.027045 2.956017 12.24 
0.8870 2 1 0 0x0 3.0000 3.0000 3.00 3.00 0.5963 0.5241 0.0007 0.0008 0.5525 -0.0074 -0.027045 2.956018 12.24 
0.8910 2 1 0 0x0 3.0000 3.0000 3.00 3.00 0.5507 0.7317 0.0009 0.0003 0.5551 -0.0074 -0.024341 2.956052 12.24 
0.8950 2 1 0 0x0 3.0000 3.0000 3.00 3.00 0.7016 0.7163 0.0005 0.0005 0.5577 -0.0075 -0.027045 2.956042 12.24 
0.8990 2 1 0 0x0 3.0000 3.0000 3.00 3.00 0.7250 0.7005 0.0007 0.0008 0.5602 -0.0076 -0.027045 2.956062 12.24 
0.9030 2 1 0 0x0 3.0000 3.0000 3.00 3.00 0.7101 0.6862 0.0010 0.0009 0.5626 -0.0076 -0.027045 2.956061 12.24 
0.9070 2 1 0 0x0 3.0000 3.0000 3.00 3.00 0.6375 0.5394 0.0006 0.0006 0.5654 -0.0077 -0.027045 2.956040 12.24 
0.9110 2 1 0 0x0 3.0000 3.0000 3.00 3.00 0.5423 0.5779 0.0008 0.0008 0.5679 -0.0078 -0.027045 2.956043 12.24 
0.9150 2 1 0 0x0 3.0000 3.0000 3.00 3.00 0.7168 0.7241 0.0004 0.0003 0.5707 -0.0079 -0.027045 2.956038 12.24 
0.9190 2 1 0 0x0 3.0000 3.0000 3.00 3.00 0.7415 0.7078 0.0006 0.0006 0.5732 -0.0079 -0.027045 2.956032 12.25 
0.9230 2 1 0 0x0 3.0000 3.0000 3.00 3.00 0.7276 0.6930 0.0008 0.0008 0.5756 -0.0080 -0.027045 2.956034 12.24 
0.9270 2 1 0 0x0 3.0000 3.0000 3.00 3.00 0.5988 0.7455 0.0004 0.0010 0.5782 -0.0081 -0.029750 2.956015 12.24 
0.9310 2 1 0 0x0 3.0000 3.0000 3.00 3.00 0.5539 0.5963 0.0006 0.0006 0.5809 -0.0081 -0.027045 2.955994 12.24 
0.9350 2 1 0 0x0 3.0000 3.0000 3.00 3.00 0.6185 0.5343 0.0009 0.0008 0.5833 -0.0082 -0.027045 2.955983 12.24 
0.9390 2 1 0 0x0 3.0000 3.0000 3.00 3.00 0.7181 0.7135 0.0005 0.0004 0.5861 -0.0083 -0.027045 2.955981 12.24 
0.9430 2 1 0 0x0 3.0000 3.0000 3.00 3.00 0.7041 0.6986 0.0007 0.0005 0.5886 -0.0084 -0.027045 2.955999 12.24 
0.9470 2 1 0 0x0 3.0000 3.0000 3.00 3.00 0.7263 0.7162 0.0009 0.0008 0.5910 -0.0084 -0.027045 2.956019 12.24 
0.9510 2 1 0 0x0 3.0000 3.0000 3.00 3.00 0.5680 0.7013 0.0005 0.0010 0.5936 -0.0085 -0.029750 2.956034 12.24 
0.9550 2 1 0 0x0 3.0000 3.0000 3.00 3.00 0.6104 0.5492 0.0008 0.0005 0.5963 -0.0086 -0.027045 2.956022 12.24 
0.9590 2 1 0 0x0 3.0000 3.0000 3.00 3.00 0.7297 0.6126 0.0004 0.0007 0.5989 -0.0086 -0.029750 2.956023 12.25 
0.9630 2 1 0 0x0 3.0000 3.0000 3.00 3.00 0.7132 0.7074 0.0007 0.0003 0.6015 -0.0087 -0.027045 2.956013 12.25 
0.9670 2 1 0 0x0 3.0000 3.0000 3.00 3.00 0.7032 0.7259 0.0008 0.0005 0.6040 -0.0088 -0.027045 2.956032 12.24 
0.9710 2 1 0 0x0 3.0000 3.0000 3.00 3.00 0.5598 0.7453 0.0004 0.0007 0.6066 -0.0089 -0.029750 2.956032 12.24 
0.9750 2 1 0 0x0 3.0000 3.0000 3.00 3.00 0.5991 0.7270 0.0006 0.0010 0.6090 -0.0089 -0.029750 2.956061 12.24 
0.9790 2 1 0 0x0 3.0000 3.0000 3.00 3.00 0.5744 0.5846 0.0008 0.0005 0.6117 -0.0090 -0.027045 2.956073 12.24 
0.9830 2 1 0 0x0 3.0000 3.0000 3.00 3.00 0.7347 0.5439 0.0004 0.0007 0.6143 -0.0091 -0.029750 2.956081 12.25 
0.9870 2 1 0 0x0 3.0000 3.0000 3.00 3.00 0.7258 0.7313 0.0005 0.0003 0.6169 -0.0091 -0.027045 2.956066 12.24 
0.9910 2 1 0 0x0 3.0000 3.0000 3.00 3.00 0.7113 0.7154 0.0008 0.0005 0.6194 -0.0092 -0.027045 2.956056 12.24 
0.9950 2 1 0 0x0 3.0000 3.0000 3.00 3.00 0.7031 0.7341 0.0009 0.0007 0.6218 -0.0093 -0.027045 2.956078 12.24 
0.9990 2 1 0 0x0 3.0000 3.0000 3.00 3.00 0.5596 0.7179 0.0005 0.0009 0.6245 -0.0094 -0.029750 2.956069 12.25 
1.0030 2 1 1 0x0 4.0000 4.0000 4.00 4.00 0.5988 0.5401 0.0007 0.0005 0.6271 -0.0094 -0.027045 2.956074 12.23 
1.0070 2 1 1 0x0 4.0000 4.0000 4.00 4.00 0.7691 0.8129 0.0005 0.0004 0.6299 -0.0095 -0.027045 2.956066 12.20 
1.0110 2 1 1 0x0 4.0000 4.0000 4.00 4.00 0.6987 0.6954 0.0007 0.0005 0.6328 -0.0096 -0.027045 2.956098 12.20 
1.0150 2 1 1 0x0 4.0000 4.0000 4.00 4.00 0.6593 0.7806 0.0006 0.0004 0.6360 -0.0097 -0.027045 2.956079 12.21 
1.0190 2 1 1 0x0 4.0000 4.0000 4.00 4.00 0.7293 0.7558 0.0006 0.0004 0.6393 -0.0098 -0.027045 2.956046 12.21 
1.0230 2 1 1 0x0 4.0000 4.0000 4.00 4.00 0.9885 0.8165 0.0004 0.0006 0.6427 -0.0099 -0.029750 2.956068 12.22 
1.0270 2 1 1 0x0 4.0000 4.0000 4.00 4.00 0.8407 0.9750 0.0003 0.0004 0.6463 -0.0100 -0.029750 2.956044 12.24 
1.0310 2 1 1 0x0 4.0000 4.0000 4.00 4.00 0.8200 1.0066 0.0006 0.0007 0.6496 -0.0101 -0.029750 2.956123 12.23 
1.0350 2 1 1 0x0 4.0000 4.0000 4.00 4.00 0.9800 0.7654 0.0005 0.0005 0.6532 -0.0102 -0.029750 2.956081 12.23 
1.0390 2 1 1 0x0 4.0000 4.0000 4.00 4.00 0.7885 1.0298 0.0004 0.0004 0.6569 -0.0103 -0.029750 2.956074 12.24 
1.0430 2 1 1 0x0 4.0000 4.0000 4.00 4.00 1.0687 0.9083 0.0004 0.0004 0.6605 -0.0104 -0.029750 2.956085 12.23 
1.0470 2 1 1 0x0 4.0000 4.0000 4.00 4.00 0.8484 1.0493 0.0004 0.0003 0.6642 -0.0105 -0.029750 2.956089 12.23 
1.0510 2 1 1 0x0 4.0000 4.0000 4.00 4.00 0.9982 0.7434 0.0004 0.0003 0.6678 -0.0106 -0.029750 2.956144 12.23 
1.0550 2 1 1 0x0 4.0000 4.0000 4.00 4.00 0.7815 1.0686 0.0004 0.0003 0.6715 -0.0107 -0.029750 2.956120 12.23 
1.0590 2 1 1 0x0 4.0000 4.0000 4.00 4.00 1.0077 0.8328 0.0003 0.0003 0.6751 -0.0108 -0.029750 2.956129 12.23 
1.0630 2 1 1 0x0 4.0000 4.0000 4.00 4.00 0.8411 1.0870 0.0004 0.0003 0.6788 -0.0110 -0.029750 2.956141 12.23 
1.0670 2 1 1 0x0 4.0000 4.0000 4.00 4.00 1.0053 0.7643 0.0004 0.0003 0.6824 -0.0111 -0.029750 2.956151 12.24 
1.0710 2 1 1 0x0 4.0000 4.0000 4.00 4.00 0.8213 1.0270 0.0004 0.0003 0.6861 -0.0112 -0.029750 2.956157 12.24 
1.0750 2 1 1 0x0 4.0000 4.0000 4.00 4.00 1.0126 0.8610 0.0004 0.0004 0.6897 -0.0113 -0.029750 2.956155 12.23 
1.0790 2 1 1 0x0 4.0000 4.0000 4.00 4.00 0.8886 1.0406 0.0004 0.0005 0.6934 -0.0114 -0.029750 2.956149 12.24 
1.0830 2 1 1 0x0 4.0000 4.0000 4.00 4.00 1.0798 0.7905 0.0004 0.0005 0.6970 -0.0115 -0.029750 2.956147 12.24 
1.0870 2 1 1 0x0 4.0000 4.0000 4.00 4.00 0.7782 1.0534 0.0005 0.0005 0.7007 -0.0116 -0.029750 2.956165 12.24 
1.0910 2 1 1 0x0 4.0000 4.0000 4.00 4.00 1.0066 0.8951 0.0005 0.0006 0.7043 -0.0117 -0.029750 2.956163 12.23 
1.0950 2 1 1 0x0 4.0000 4.0000 4.00 4.00 0.8911 0.7933 0.0005 0.0003 0.7082 -0.0118 -0.027045 2.956159 12.23 
1.0990 2 1 1 0x0 4.0000 4.0000 4.00 4.00 1.0023 1.0483 0.0005 0.0003 0.7118 -0.0119 -0.027045 2.956145 12.23 
1.1030 2 1 1 0x0 4.0000 4.0000 4.00 4.00 0.8249 0.8993 0.0006 0.0004 0.7155 -0.0120 -0.027045 2.956152 12.23 
1.1070 2 1 1 0x0 4.0000 4.0000 4.00 4.00 1.0007 1.0591 0.0006 0.0004 0.7191 -0.0121 -0.027045 2.956155 12.24 
1.1110 2 1 1 0x0 4.0000 4.0000 4.00 4.00 1.0478 0.8224 0.0002 0.0005 0.7230 -0.0122 -0.029750 2.956181 12.23 
1.1150 2 1 1 0x0 4.0000 4.0000 4.00 4.00 0.8450 1.0700 0.0003 0.0006 0.7266 -0.0123 -0.029750 2.956186 12.24 
1.1190 2 1 1 0x0 4.0000 4.0000 4.00 4.00 1.0389 1.1302 0.0003 0.0003 0.7305 -0.0124 -0.027045 2.956186 12.23 
1.1230 2 1 1 0x0 4.0000 4.0000 4.00 4.00 0.8720 0.7832 0.0004 0.0003 0.7341 -0.0125 -0.027045 2.956183 12.23 
1.1270 2 1 1 0x0 4.0000 4.0000 4.00 4.00 1.1014 1.0634 0.0005 0.0004 0.7378 -0.0126 -0.027045 2.956192 12.24 
1.1310 2 1 1 0x0 4.0000 4.0000 4.00 4.00 0.7703 0.8884 0.0005 0.0005 0.7414 -0.0127 -0.027045 2.956195 12.24 
1.1350 2 1 1 0x0 4.0000 4.0000 4.00 4.00 1.0169 1.0720 0.0006 0.0007 0.7451 -0.0128 -0.027045 2.956177 12.24 
1.1390 2 1 1 0x0 4.0000 4.0000 4.00 4.00 0.9938 1.0549 0.0002 0.0003 0.7491 -0.0130 -0.027045 2.956167 12.24 
1.1430 2 1 1 0x0 4.0000 4.0000 4.00 4.00 0.8330 0.9512 0.0003 0.0004 0.7528 -0.0130 -0.027045 2.956184 12.23 
1.1470 2 1 1 0x0 4.0000 4.0000 4.00 4.00 0.9886 1.0657 0.0003 0.0006 0.7564 -0.0131 -0.027045 2.956183 12.23 
1.1510 2 1 1 0x0 4.0000 4.0000 4.00 4.00 0.9692 1.0458 0.0003 0.0002 0.7603 -0.0132 -0.024341 2.956172 12.23 
1.1550 2 1 1 0x0 4.0000 4.0000 4.00 4.00 0.9768 0.9013 0.0004 0.0003 0.7639 -0.0133 -0.024341 2.956156 12.23 
1.1590 2 1 1 0x0 4.0000 4.0000 4.00 4.00 0.8435 1.0556 0.0004 0.0005 0.7676 -0.0134 -0.024341 2.956157 12.23 
1.1630 2 1 1 0x0 4.0000 4.0000 4.00 4.00 1.0442 0.7810 0.0005 0.0006 0.7712 -0.0135 -0.024341 2.956146 12.24 
1.1670 2 1 1 0x0 4.0000 4.0000 4.00 4.00 0.8662 1.0673 0.0005 0.0006 0.7749 -0.0136 -0.024341 2.956154 12.23 
1.1710 2 1 1 0x0 4.0000 4.0000 4.00 4.00 1.0367 1.0472 0.0006 0.0003 0.7788 -0.0137 -0.021636 2.956152 12.23 
1.1750 2 1 1 0x0 4.0000 4.0000 4.00 4.00 0.8031 0.7867 0.0006 0.0004 0.7824 -0.0138 -0.021636 2.956144 12.23 
1.1790 2 1 1 0x0 4.0000 4.0000 4.00 4.00 1.0384 0.9868 0.0006 0.0005 0.7861 -0.0138 -0.021636 2.956125 12.23 
1.1830 2 1 1 0x0 4.0000 4.0000 4.00 4.00 1.0140 0.8933 0.0002 0.0006 0.7899 -0.0139 -0.024341 2.956139 12.23 
1.1870 2 1 1 0x0 4.0000 4.0000 4.00 4.00 0.8204 0.8371 0.0003 0.0003 0.7938 -0.0140 -0.021636 2.956154 12.23 
1.1910 2 1 1 0x0 4.0000 4.0000 4.00 4.00 1.0877 1.0467 0.0003 0.0004 0.7974 -0.0141 -0.021636 2.956148 12.24 
1.1950 2 1 1 0x0 4.0000 4.0000 4.00 4.00 0.8927 0.9587 0.0003 0.0005 0.8011 -0.0142 -0.021636 2.956162 12.23 
1.1990 2 1 1 0x0 4.0000 4.0000 4.00 4.00 0.9998 1.1352 0.0004 0.0006 0.8047 -0.0142 -0.021636 2.956161 12.23 
1.2030 2 1 1 0x0 4.0000 4.0000 4.00 4.00 0.7843 1.0383 0.0004 0.0003 0.8086 -0.0143 -0.018932 2.956195 12.23 
1.2070 2 1 1 0x0 4.0000 4.0000 4.00 4.00 0.9962 0.9073 0.0005 0.0004 0.8122 -0.0144 -0.018932 2.956190 12.24 
1.2110 2 1 1 0x0 4.0000 4.0000 4.00 4.00 0.9019 1.0461 0.0005 0.0006 0.8159 -0.0145 -0.018932 2.956166 12.24 
1.2150 2 1 1 0x0 4.0000 4.0000 4.00 4.00 1.0570 1.1045 0.0006 0.0002 0.8197 -0.0145 -0.016227 2.956174 12.23 
1.2190 2 1 1 0x0 4.0000 4.0000 4.00 4.00 0.7914 0.9149 0.0006 0.0003 0.8234 -0.0146 -0.016227 2.956201 12.23 
1.2230 2 1 1 0x0 4.0000 4.0000 4.00 4.00 0.9851 1.0357 0.0006 0.0005 0.8270 -0.0147 -0.016227 2.956207 12.24 
1.2270 2 1 1 0x0 4.0000 4.0000 4.00 4.00 1.0361 0.7940 0.0002 0.0006 0.8309 -0.0147 -0.018932 2.956198 12.23 
1.2310 2 1 1 0x0 4.0000 4.0000 4.00 4.00 0.9781 0.8708 0.0007 0.0003 0.8345 -0.0148 -0.013523 2.956198 12.23 
1.2350 2 1 1 0x0 4.0000 4.0000 4.00 4.00 1.0317 1.0243 0.0003 0.0004 0.8384 -0.0148 -0.016227 2.956202 12.23 
1.2390 2 1 1 0x0 4.0000 4.0000 4.00 4.00 0.8766 0.8002 0.0004 0.0005 0.8420 -0.0149 -0.016227 2.956223 12.23 
1.2430 2 1 1 0x0 4.0000 4.0000 4.00 4.00 1.0207 1.0336 0.0004 0.0006 0.8457 -0.0150 -0.016227 2.956221 12.23 
1.2470 2 1 1 0x0 4.0000 4.0000 4.00 4.00 0.7694 1.0872 0.0004 0.0003 0.8495 -0.0150 -0.013523 2.956219 12.24 
1.2510 2 1 1 0x0 4.0000 4.0000 4.00 4.00 1.0175 0.7651 0.0005 0.0004 0.8532 -0.0151 -0.013523 2.956216 12.23 
1.2550 2 1 1 0x0 4.0000 4.0000 4.00 4.00 0.8367 1.0980 0.0005 0.0005 0.8568 -0.0151 -0.013523 2.956212 12.24 
1.2590 2 1 1 0x0 4.0000 4.0000 4.00 4.00 1.0800 1.0768 0.0006 0.0002 0.8607 -0.0152 -0.010818 2.956235 12.23 
1.2630 2 1 1 0x0 4.0000 4.0000 4.00 4.00 0.7809 0.8137 0.0006 0.0004 0.8643 -0.0152 -0.010818 2.956250 12.23 
1.2670 2 1 1 0x0 4.0000 4.0000 4.00 4.00 0.9093 1.0848 0.0002 0.0005 0.8682 -0.0153 -0.013523 2.956241 12.24 
1.2710 2 1 1 0x0 4.0000 4.0000 4.00 4.00 1.0460 1.0638 0.0003 0.0002 0.8720 -0.0153 -0.010818 2.956238 12.24 
1.2750 2 1 1 0x0 4.0000 4.0000 4.00 4.00 0.8443 0.7775 0.0003 0.0003 0.8757 -0.0153 -0.010818 2.956242 12.23 
1.2790 2 1 1 0x0 4.0000 4.0000 4.00 4.00 1.0395 1.0022 0.0004 0.0005 0.8793 -0.0154 -0.010818 2.956246 12.24 
1.2830 2 1 1 0x0 4.0000 4.0000 4.00 4.00 0.8726 0.8812 0.0004 0.0006 0.8832 -0.0154 -0.008114 2.956250 12.23 
1.2870 2 1 1 0x0 4.0000 4.0000 4.00 4.00 1.0221 0.7835 0.0005 0.0003 0.8868 -0.0154 -0.008114 2.956244 12.24 
1.2910 2 1 1 0x0 4.0000 4.0000 4.00 4.00 0.8148 1.0628 0.0006 0.0004 0.8905 -0.0155 -0.008114 2.956231 12.23 
1.2950 2 1 1 0x0 4.0000 4.0000 4.00 4.00 1.0114 0.9450 0.0006 0.0006 0.8942 -0.0155 -0.008114 2.956232 12.23 
1.2990 2 1 1 0x0 4.0000 4.0000 4.00 4.00 1.0575 0.7898 0.0003 0.0003 0.8982 -0.0155 -0.008114 2.956244 12.23 
1.3030 2 1 1 0x0 4.0000 4.0000 4.00 4.00 0.7929 1.0521 0.0003 0.0004 0.9019 -0.0156 -0.008114 2.956248 12.23 
1.3070 2 1 1 0x0 4.0000 4.0000 4.00 4.00 1.0540 0.8974 0.0003 0.0006 0.9055 -0.0156 -0.008114 2.956234 12.24 
1.3110 2 1 1 0x0 4.0000 4.0000 4.00 4.00 0.8647 0.7970 0.0004 0.0003 0.9094 -0.0156 -0.005409 2.956230 12.24 
1.3150 2 1 1 0x0 4.0000 4.0000 4.00 4.00 1.0367 1.0405 0.0005 0.0004 0.9130 -0.0156 -0.005409 2.956243 12.24 
1.3190 2 1 1 0x0 4.0000 4.0000 4.00 4.00 0.8524 0.9058 0.0006 0.0006 0.9167 -0.0157 -0.005409 2.956226 12.25 
1.3230 2 1 1 0x0 4.0000 4.0000 4.00 4.00 1.0268 0.8030 0.0006 0.0003 0.9205 -0.0157 -0.002705 2.956224 12.24 
1.3270 2 1 1 0x0 4.0000 4.0000 4.00 4.00 1.0769 1.0287 0.0002 0.0004 0.9244 -0.0157 -0.005409 2.956225 12.24 
1.3310 2 1 1 0x0 4.0000 4.0000 4.00 4.00 0.7831 0.9138 0.0003 0.0006 0.9280 -0.0157 -0.005409 2.956214 12.24 
1.3350 2 1 1 0x0 4.0000 4.0000 4.00 4.00 1.0683 0.8084 0.0003 0.0003 0.9319 -0.0157 -0.002705 2.956245 12.24 
1.3390 2 1 1 0x0 4.0000 4.0000 4.00 4.00 0.8529 1.0205 0.0004 0.0004 0.9355 -0.0157 -0.002705 2.956247 12.23 
1.3430 2 1 1 0x0 4.0000 4.0000 4.00 4.00 0.9861 0.9213 0.0004 0.0006 0.9392 -0.0158 -0.002705 2.956233 12.24 
1.3470 2 1 1 0x0 4.0000 4.0000 4.00 4.00 0.7953 0.7727 0.0005 0.0003 0.9430 -0.0158 -0.000000 2.956232 12.24 
1.3510 2 1 1 0x0 4.0000 4.0000 4.00 4.00 1.0462 1.0845 0.0005 0.0004 0.9467 -0.0158 -0.000000 2.956228 12.24 
1.3550 2 1 1 0x0 4.0000 4.0000 4.00 4.00 0.8673 1.1429 0.0006 0.0002 0.9505 -0.0158 0.002704 2.956243 12.23 
1.3590 2 1 1 0x0 4.0000 4.0000 4.00 4.00 1.0332 0.8239 0.0007 0.0003 0.9542 -0.0158 0.002704 2.956240 12.24 
1.3630 2 1 1 0x0 4.0000 4.0000 4.00 4.00 1.0187 1.0652 0.0002 0.0005 0.9580 -0.0158 -0.000000 2.956197 12.25 
1.3670 2 1 1 0x0 4.0000 4.0000 4.00 4.00 0.8383 1.1225 0.0003 0.0002 0.9619 -0.0157 0.002704 2.956203 12.23 
1.3710 2 1 1 0x0 4.0000 4.0000 4.00 4.00 1.0068 0.7888 0.0003 0.0004 0.9655 -0.0157 0.002704 2.956220 12.23 
1.3750 2 1 1 0x0 4.0000 4.0000 4.00 4.00 0.8246 1.0517 0.0004 0.0005 0.9692 -0.0157 0.002704 2.956225 12.23 
1.3790 2 1 1 0x0 4.0000 4.0000 4.00 4.00 0.9998 1.1071 0.0004 0.0003 0.9731 -0.0157 0.005409 2.956217 12.24 
1.3830 2 1 1 0x0 4.0000 4.0000 4.00 4.00 0.9597 0.7559 0.0005 0.0004 0.9767 -0.0157 0.005409 2.956198 12.24 
1.3870 2 1 1 0x0 4.0000 4.0000 4.00 4.00 1.0600 1.0388 0.0005 0.0005 0.9804 -0.0157 0.005409 2.956199 12.24 
1.3910 2 1 1 0x0 4.0000 4.0000 4.00 4.00 0.7927 1.0953 0.0006 0.0003 0.9842 -0.0156 0.008114 2.956228 12.24 
1.3950 2 1 1 0x0 4.0000 4.0000 4.00 4.00 1.0500 0.8035 0.0006 0.0004 0.9879 -0.0156 0.008114 2.956223 12.24 
1.3990 2 1 1 0x0 4.0000 4.0000 4.00 4.00 1.0251 1.1036 0.0003 0.0006 0.9917 -0.0156 0.005409 2.956224 12.24 
1.4030 2 1 1 0x0 4.0000 4.0000 4.00 4.00 0.7697 1.0813 0.0003 0.0003 0.9956 -0.0156 0.008114 2.956221 12.24 
1.4070 2 1 1 0x0 4.0000 4.0000 4.00 4.00 1.0166 0.8099 0.0003 0.0005 0.9992 -0.0155 0.008114 2.956221 12.24 
1.4110 2 1 1 0x0 4.0000 4.0000 4.00 4.00 0.8898 1.0177 0.0004 0.0006 1.0029 -0.0155 0.008114 2.956224 12.24 
1.4150 2 1 1 0x0 4.0000 4.0000 4.00 4.00 1.0748 1.0693 0.0005 0.0004 1.0067 -0.0155 0.010818 2.956222 12.23 
1.4190 2 1 1 0x0 4.0000 4.0000 4.00 4.00 0.8283 0.8174 0.0005 0.0005 1.0104 -0.0154 0.010818 2.956197 12.24 
1.4230 2 1 1 0x0 4.0000 4.0000 4.00 4.00 1.0693 0.9559 0.0006 0.0003 1.0142 -0.0154 0.013523 2.956201 12.23 
1.4270 2 1 1 0x0 4.0000 4.0000 4.00 4.00 1.0359 1.0575 0.0002 0.0005 1.0181 -0.0153 0.010818 2.956201 12.24 
1.4310 2 1 1 0x0 4.0000 4.0000 4.00 4.00 0.8047 0.8250 0.0003 0.0006 1.0217 -0.0153 0.010818 2.956228 12.23 
1.4350 2 1 1 0x0 4.0000 4.0000 4.00 4.00 1.0281 0.9080 0.0004 0.0003 1.0256 -0.0152 0.013523 2.956199 12.24 
1.4390 2 1 1 0x0 4.0000 4.0000 4.00 4.00 0.8790 1.1225 0.0004 0.0005 1.0292 -0.0152 0.013523 2.956187 12.23 
1.4430 2 1 1 0x0 4.0000 4.0000 4.00 4.00 1.0920 1.0246 0.0005 0.0002 1.0331 -0.0151 0.016227 2.956185 12.24 
1.4470 2 1 1 0x0 4.0000 4.0000 4.00 4.00 0.8199 0.8650 0.0006 0.0004 1.0367 -0.0151 0.016227 2.956197 12.23 
1.4510 2 1 1 0x0 4.0000 4.0000 4.00 4.00 1.0796 1.0299 0.0006 0.0006 1.0404 -0.0150 0.016227 2.956195 12.23 
1.4550 2 1 1 0x0 4.0000 4.0000 4.00 4.00 1.0506 1.0847 0.0003 0.0003 1.0444 -0.0150 0.016227 2.956180 12.23 
1.4590 2 1 1 0x0 4.0000 4.0000 4.00 4.00 0.7969 0.9288 0.0003 0.0005 1.0481 -0.0149 0.016227 2.956177 12.24 
1.4630 2 1 1 0x0 4.0000 4.0000 4.00 4.00 1.0408 1.0925 0.0004 0.0007 1.0518 -0.0148 0.016227 2.956189 12.23 
1.4670 2 1 1 0x0 4.0000 4.0000 4.00 4.00 0.8713 1.0711 0.0004 0.0004 1.0556 -0.0148 0.018932 2.956208 12.24 
1.4710 2 1 1 0x0 4.0000 4.0000 4.00 4.00 1.0252 1.1284 0.0005 0.0002 1.0595 -0.0147 0.021636 2.956225 12.23 
1.4750 2 1 1 0x0 4.0000 4.0000 4.00 4.00 0.8115 0.7863 0.0006 0.0004 1.0631 -0.0146 0.021636 2.956210 12.23 
1.4790 2 1 1 0x0 4.0000 4.0000 4.00 4.00 1.0210 1.0573 0.0006 0.0005 1.0668 -0.0145 0.021636 2.956207 12.24 
1.4830 2 1 1 0x0 4.0000 4.0000 4.00 4.00 1.0657 1.1134 0.0003 0.0003 1.0708 -0.0144 0.021636 2.956220 12.23 
1.4870 2 1 1 0x0 4.0000 4.0000 4.00 4.00 0.8330 0.7933 0.0004 0.0005 1.0745 -0.0144 0.021636 2.956213 12.23 
1.4910 2 1 1 0x0 4.0000 4.0000 4.00 4.00 1.0542 0.9252 0.0004 0.0002 1.0783 -0.0143 0.024341 2.956176 12.23 
1.4950 2 1 1 0x0 4.0000 4.0000 4.00 4.00 0.9156 1.0977 0.0005 0.0004 1.0820 -0.0142 0.024341 2.956146 12.23 
1.4990 2 1 1 0x0 4.0000 4.0000 4.00 4.00 1.0355 0.8015 0.0006 0.0006 1.0856 -0.0141 0.024341 2.956128 12.24 
1.5030 2 1 1 0x0 4.0000 4.0000 4.00 4.00 1.0168 0.9347 0.0002 0.0003 1.0897 -0.0140 0.024341 2.956150 12.24 
1.5070 2 1 1 0x0 4.0000 4.0000 4.00 4.00 0.8940 1.0859 0.0003 0.0005 1.0933 -0.0139 0.024341 2.956164 12.24 
1.5110 2 1 1 0x0 4.0000 4.0000 4.00 4.00 1.0649 1.0654 0.0004 0.0002 1.0972 -0.0138 0.027045 2.956174 12.24 
1.5150 2 1 1 0x0 4.0000 4.0000 4.00 4.00 0.7904 0.9430 0.0005 0.0004 1.1008 -0.0137 0.027045 2.956185 12.23 
1.5190 2 1 1 0x0 4.0000 4.0000 4.00 4.00 1.0563 1.0754 0.0005 0.0006 1.1045 -0.0136 0.027045 2.956192 12.25 
1.5230 2 1 1 0x0 4.0000 4.0000 4.00 4.00 1.0997 1.0557 0.0002 0.0003 1.1085 -0.0135 0.027045 2.956215 12.24 
1.5270 2 1 1 0x0 4.0000 4.0000 4.00 4.00 0.8167 0.8952 0.0003 0.0005 1.1122 -0.0134 0.027045 2.956223 12.23 
1.5310 2 1 1 0x0 4.0000 4.0000 4.00 4.00 1.0087 0.8384 0.0004 0.0003 1.1160 -0.0133 0.029750 2.956210 12.25 
1.5350 2 1 1 0x0 4.0000 4.0000 4.00 4.00 0.8456 1.0437 0.0005 0.0004 1.1197 -0.0132 0.029750 2.956198 12.24 
1.5390 2 1 1 0x0 4.0000 4.0000 4.00 4.00 1.0631 1.0990 0.0006 0.0002 1.1235 -0.0131 0.032454 2.956193 12.24 
1.5430 2 1 1 0x0 4.0000 4.0000 4.00 4.00 0.7900 0.8009 0.0006 0.0004 1.1272 -0.0130 0.032454 2.956184 12.24 
1.5470 2 1 1 0x0 4.0000 4.0000 4.00 4.00 0.8710 1.1075 0.0002 0.0006 1.1310 -0.0128 0.029750 2.956192 12.25 
1.5510 2 1 1 0x0 4.0000 4.0000 4.00 4.00 1.0278 1.0855 0.0003 0.0004 1.1349 -0.0127 0.032454 2.956181 12.23 
1.5550 2 1 1 0x0 4.0000 4.0000 4.00 4.00 0.8087 0.8077 0.0003 0.0005 1.1385 -0.0126 0.032454 2.956167 12.24 
1.5590 2 1 1 0x0 4.0000 4.0000 4.00 4.00 1.0201 0.8872 0.0004 0.0003 1.1424 -0.0125 0.035159 2.956181 12.23 
1.5630 2 1 1 0x0 4.0000 4.0000 4.00 4.00 0.8857 1.0733 0.0004 0.0005 1.1460 -0.0123 0.035159 2.956172 12.24 
1.5670 2 1 1 0x0 4.0000 4.0000 4.00 4.00 1.0796 0.8152 0.0005 0.0006 1.1497 -0.0122 0.035159 2.956140 12.24 
1.5710 2 1 1 0x0 4.0000 4.0000 4.00 4.00 0.8255 0.9545 0.0006 0.0004 1.1535 -0.0121 0.037863 2.956133 12.24 
1.5750 2 1 1 0x0 4.0000 4.0000 4.00 4.00 1.0726 1.0587 0.0006 0.0006 1.1572 -0.0119 0.037863 2.956147 12.24 
1.5790 2 1 1 0x0 4.0000 4.0000 4.00 4.00 1.0398 1.0389 0.0003 0.0003 1.1612 -0.0118 0.037863 2.956164 12.24 
1.5830 2 1 1 0x0 4.0000 4.0000 4.00 4.00 0.8034 0.9073 0.0003 0.0005 1.1649 -0.0116 0.037863 2.956156 12.24 
1.5870 2 1 1 0x0 4.0000 4.0000 4.00 4.00 1.0253 0.8044 0.0004 0.0003 1.1687 -0.0115 0.040568 2.956139 12.24 
1.5910 2 1 1 0x0 4.0000 4.0000 4.00 4.00 0.8812 1.1026 0.0005 0.0004 1.1724 -0.0113 0.040568 2.956143 12.23 
1.5950 2 1 1 0x0 4.0000 4.0000 4.00 4.00 1.0074 1.0783 0.0006 0.0002 1.1762 -0.0112 0.043273 2.956146 12.23 
1.5990 2 1 1 0x0 4.0000 4.0000 4.00 4.00 0.7818 0.8115 0.0007 0.0004 1.1799 -0.0110 0.043273 2.956147 12.23 
1.6030 2 1 1 0x0 4.0000 4.0000 4.00 4.00 0.8611 1.0874 0.0003 0.0006 1.1837 -0.0109 0.040568 2.956152 12.23 
1.6070 2 1 1 0x0 4.0000 4.0000 4.00 4.00 1.0361 1.0644 0.0004 0.0004 1.1876 -0.0107 0.043273 2.956142 12.23 
1.6110 2 1 1 0x0 4.0000 4.0000 4.00 4.00 0.8561 0.8213 0.0005 0.0006 1.1912 -0.0105 0.043273 2.956150 12.23 
1.6150 2 1 1 0x0 4.0000 4.0000 4.00 4.00 1.0212 0.9044 0.0005 0.0003 1.1951 -0.0104 0.045977 2.956150 12.23 
1.6190 2 1 1 0x0 4.0000 4.0000 4.00 4.00 1.0580 1.1266 0.0002 0.0005 1.1989 -0.0102 0.043273 2.956176 12.23 
1.6230 2 1 1 0x0 4.0000 4.0000 4.00 4.00 0.8414 1.1027 0.0003 0.0002 1.2028 -0.0100 0.045977 2.956174 12.24 
1.6270 2 1 1 0x0 4.0000 4.0000 4.00 4.00 1.0381 0.9775 0.0004 0.0005 1.2064 -0.0099 0.045977 2.956134 12.24 
1.6310 2 1 1 0x0 4.0000 4.0000 4.00 4.00 0.8757 1.1075 0.0005 0.0007 1.2101 -0.0097 0.045977 2.956141 12.24 
1.6350 2 1 1 0x0 4.0000 4.0000 4.00 4.00 1.0176 1.0856 0.0006 0.0004 1.2139 -0.0095 0.048682 2.956151 12.23 
1.6390 2 1 1 0x0 4.0000 4.0000 4.00 4.00 1.0665 1.1427 0.0002 0.0002 1.2180 -0.0093 0.048682 2.956178 12.23 
1.6430 2 1 1 0x0 4.0000 4.0000 4.00 4.00 0.8587 0.7802 0.0003 0.0004 1.2216 -0.0091 0.048682 2.956149 12.23 
1.6470 2 1 1 0x0 4.0000 4.0000 4.00 4.00 1.0386 1.0677 0.0004 0.0005 1.2253 -0.0089 0.048682 2.956137 12.24 
1.6510 2 1 1 0x0 4.0000 4.0000 4.00 4.00 0.8087 1.1230 0.0005 0.0003 1.2291 -0.0088 0.051386 2.956150 12.23 
1.6550 2 1 1 0x0 4.0000 4.0000 4.00 4.00 1.0180 0.8328 0.0006 0.0005 1.2328 -0.0086 0.051386 2.956149 12.23 
1.6590 2 1 1 0x0 4.0000 4.0000 4.00 4.00 1.0576 0.8656 0.0003 0.0003 1.2368 -0.0084 0.051386 2.956152 12.23 
1.6630 2 1 1 0x0 4.0000 4.0000 4.00 4.00 0.7979 1.1075 0.0004 0.0005 1.2405 -0.0082 0.051386 2.956144 12.23 
1.6670 2 1 1 0x0 4.0000 4.0000 4.00 4.00 1.0347 1.0857 0.0005 0.0002 1.2443 -0.0080 0.054091 2.956160 12.24 
1.6710 2 1 1 0x0 4.0000 4.0000 4.00 4.00 1.0751 0.9280 0.0002 0.0004 1.2482 -0.0078 0.051386 2.956161 12.24 
1.6750 2 1 1 0x0 4.0000 4.0000 4.00 4.00 0.7854 1.0923 0.0003 0.0007 1.2518 -0.0076 0.051386 2.956154 12.23 
1.6790 2 1 1 0x0 4.0000 4.0000 4.00 4.00 1.0554 1.0711 0.0004 0.0004 1.2557 -0.0074 0.054091 2.956134 12.23 
1.6830 2 1 1 0x0 4.0000 4.0000 4.00 4.00 0.8658 1.0479 0.0005 0.0002 1.2595 -0.0072 0.056795 2.956100 12.23 
1.6870 2 1 1 0x0 4.0000 4.0000 4.00 4.00 1.0288 0.7872 0.0006 0.0004 1.2632 -0.0070 0.056795 2.956103 12.24 
1.6910 2 1 1 0x0 4.0000 4.0000 4.00 4.00 1.0817 1.0548 0.0002 0.0006 1.2670 -0.0067 0.054091 2.956104 12.23 
1.6950 2 1 1 0x0 4.0000 4.0000 4.00 4.00 0.8994 1.1103 0.0004 0.0004 1.2708 -0.0065 0.056795 2.956122 12.23 
1.6990 2 1 1 0x0 4.0000 4.0000 4.00 4.00 1.0553 0.7958 0.0004 0.0005 1.2745 -0.0063 0.056795 2.956109 12.23 
1.7030 2 1 1 0x0 4.0000 4.0000 4.00 4.00 0.8408 0.9278 0.0005 0.0003 1.2783 -0.0061 0.059500 2.956098 12.24 
1.7070 2 1 1 0x0 4.0000 4.0000 4.00 4.00 1.0437 1.0921 0.0006 0.0005 1.2820 -0.0059 0.059500 2.956102 12.23 
1.7110 2 1 1 0x0 4.0000 4.0000 4.00 4.00 1.0926 1.0711 0.0002 0.0003 1.2860 -0.0056 0.059500 2.956126 12.24 
1.7150 2 1 1 0x0 4.0000 4.0000 4.00 4.00 0.8181 0.8843 0.0003 0.0005 1.2897 -0.0054 0.059500 2.956129 12.23 
1.7190 2 1 1 0x0 4.0000 4.0000 4.00 4.00 1.0056 1.0775 0.0003 0.0007 1.2933 -0.0052 0.059500 2.956106 12.23 
1.7230 2 1 1 0x0 4.0000 4.0000 4.00 4.00 0.9002 1.0565 0.0004 0.0004 1.2972 -0.0050 0.062204 2.956098 12.23 
1.7270 2 1 1 0x0 4.0000 4.0000 4.00 4.00 1.0589 0.8942 0.0005 0.0006 1.3008 -0.0047 0.062204 2.956117 12.23 
1.7310 2 1 1 0x0 4.0000 4.0000 4.00 4.00 0.7944 0.8398 0.0006 0.0004 1.3047 -0.0045 0.064909 2.956136 12.23 
1.7350 2 1 1 0x0 4.0000 4.0000 4.00 4.00 1.0440 1.1168 0.0006 0.0006 1.3083 -0.0043 0.064909 2.956111 12.23 
1.7390 2 1 1 0x0 4.0000 4.0000 4.00 4.00 1.0121 1.0898 0.0003 0.0004 1.3124 -0.0040 0.064909 2.956100 12.23 
1.7430 2 1 1 0x0 4.0000 4.0000 4.00 4.00 0.8230 0.8065 0.0004 0.0005 1.3160 -0.0038 0.064909 2.956105 12.24 
1.7470 2 1 1 0x0 4.0000 4.0000 4.00 4.00 0.9989 0.9430 0.0005 0.0003 1.3198 -0.0035 0.067613 2.956113 12.24 
1.7510 2 1 1 0x0 4.0000 4.0000 4.00 4.00 0.9085 1.0709 0.0006 0.0006 1.3235 -0.0033 0.067613 2.956115 12.24 
1.7550 2 1 1 0x0 4.0000 4.0000 4.00 4.00 0.8567 1.0515 0.0003 0.0003 1.3275 -0.0030 0.067613 2.956112 12.23 
1.7590 2 1 1 0x0 4.0000 4.0000 4.00 4.00 1.0143 0.9561 0.0004 0.0005 1.3312 -0.0027 0.067613 2.956112 12.23 
1.7630 2 1 1 0x0 4.0000 4.0000 4.00 4.00 0.8947 0.7982 0.0005 0.0003 1.3350 -0.0025 0.070318 2.956111 12.23 
1.7670 2 1 1 0x0 4.0000 4.0000 4.00 4.00 1.0597 1.1125 0.0006 0.0005 1.3387 -0.0022 0.070318 2.956129 12.23 
1.7710 2 1 1 0x0 4.0000 4.0000 4.00 4.00 1.0361 1.0873 0.0002 0.0003 1.3427 -0.0019 0.070318 2.956122 12.24 
1.7750 2 1 1 0x0 4.0000 4.0000 4.00 4.00 0.9339 0.7663 0.0003 0.0004 1.3464 -0.0017 0.070318 2.956101 12.24 
1.7790 2 1 1 0x0 4.0000 4.0000 4.00 4.00 1.0114 1.0929 0.0004 0.0006 1.3500 -0.0014 0.070318 2.956096 12.24 
1.7830 2 1 1 0x0 4.0000 4.0000 4.00 4.00 0.8245 1.0703 0.0005 0.0004 1.3538 -0.0011 0.073022 2.956106 12.23 
1.7870 2 1 1 0x0 4.0000 4.0000 4.00 4.00 1.0691 0.8656 0.0005 0.0006 1.3575 -0.0009 0.073022 2.956101 12.23 
1.7910 2 1 1 0x0 4.0000 4.0000 4.00 4.00 1.0352 0.9595 0.0002 0.0004 1.3615 -0.0006 0.073022 2.956091 12.24 
1.7950 2 1 1 0x0 4.0000 4.0000 4.00 4.00 0.8087 1.0520 0.0003 0.0006 1.3652 -0.0003 0.073022 2.956088 12.24 
1.7990 2 1 1 0x0 4.0000 4.0000 4.00 4.00 1.0210 1.1073 0.0004 0.0004 1.3690 -0.0000 0.075727 2.956084 12.23 
1.8030 2 1 1 0x0 4.0000 4.0000 4.00 4.00 0.8886 1.1665 0.0005 0.0002 1.3729 0.0003 0.078432 2.956103 12.23 
1.8070 2 1 1 0x0 4.0000 4.0000 4.00 4.00 1.0710 0.8114 0.0006 0.0004 1.3765 0.0006 0.078432 2.956110 12.24 
1.8110 2 1 1 0x0 4.0000 4.0000 4.00 4.00 1.0438 1.0850 0.0002 0.0006 1.3803 0.0009 0.075727 2.956094 12.24 
1.8150 2 1 1 0x0 4.0000 4.0000 4.00 4.00 0.8742 1.1423 0.0003 0.0004 1.3842 0.0012 0.078432 2.956102 12.24 
1.8190 2 1 1 0x0 4.0000 4.0000 4.00 4.00 1.0161 0.7801 0.0004 0.0006 1.3878 0.0015 0.078432 2.956095 12.23 
1.8230 2 1 1 0x0 4.0000 4.0000 4.00 4.00 0.7787 0.9075 0.0005 0.0003 1.3917 0.0018 0.081136 2.956081 12.24 
1.8270 2 1 1 0x0 4.0000 4.0000 4.00 4.00 1.0640 1.0431 0.0006 0.0006 1.3953 0.0021 0.081136 2.956071 12.24 
1.8310 2 1 1 0x0 4.0000 4.0000 4.00 4.00 1.0312 1.0976 0.0003 0.0003 1.3993 0.0024 0.081136 2.956097 12.23 
1.8350 2 1 1 0x0 4.0000 4.0000 4.00 4.00 0.8136 0.9222 0.0004 0.0005 1.4030 0.0027 0.081136 2.956097 12.23 
1.8390 2 1 1 0x0 4.0000 4.0000 4.00 4.00 1.0104 0.8170 0.0005 0.0003 1.4068 0.0030 0.083841 2.956113 12.23 
1.8430 2 1 1 0x0 4.0000 4.0000 4.00 4.00 1.0496 1.0770 0.0002 0.0005 1.4107 0.0033 0.081136 2.956124 12.23 
1.8470 2 1 1 0x0 4.0000 4.0000 4.00 4.00 0.7999 1.0530 0.0003 0.0003 1.4145 0.0036 0.083841 2.956112 12.24 
1.8510 2 1 1 0x0 4.0000 4.0000 4.00 4.00 1.0310 0.7852 0.0004 0.0005 1.4181 0.0039 0.083841 2.956110 12.23 
1.8550 2 1 1 0x0 4.0000 4.0000 4.00 4.00 0.8841 0.9138 0.0005 0.0003 1.4220 0.0043 0.086545 2.956116 12.23 
1.8590 2 1 1 0x0 4.0000 4.0000 4.00 4.00 1.0068 1.0351 0.0006 0.0005 1.4256 0.0046 0.086545 2.956115 12.23 
1.8630 2 1 1 0x0 4.0000 4.0000 4.00 4.00 1.0591 1.0889 0.0002 0.0003 1.4297 0.0049 0.086545 2.956107 12.23 
1.8670 2 1 1 0x0 4.0000 4.0000 4.00 4.00 0.9151 0.8732 0.0003 0.0005 1.4333 0.0052 0.086545 2.956099 12.24 
1.8710 2 1 1 0x0 4.0000 4.0000 4.00 4.00 1.0354 0.8205 0.0004 0.0003 1.4371 0.0056 0.089250 2.956091 12.24 
1.8750 2 1 1 0x0 4.0000 4.0000 4.00 4.00 0.8077 1.0728 0.0005 0.0004 1.4408 0.0059 0.089250 2.956120 12.24 
1.8790 2 1 1 0x0 4.0000 4.0000 4.00 4.00 1.0217 1.0497 0.0005 0.0002 1.4446 0.0063 0.091954 2.956131 12.23 
1.8830 2 1 1 0x0 4.0000 4.0000 4.00 4.00 0.9386 0.8306 0.0006 0.0005 1.4482 0.0066 0.091954 2.956124 12.24 
1.8870 2 1 1 0x0 4.0000 4.0000 4.00 4.00 1.0826 0.9759 0.0007 0.0002 1.4521 0.0069 0.094659 2.956122 12.23 
1.8910 2 1 1 0x0 4.0000 4.0000 4.00 4.00 1.0596 1.1104 0.0003 0.0004 1.4559 0.0073 0.091954 2.956133 12.23 
1.8950 2 1 1 0x0 4.0000 4.0000 4.00 4.00 0.8603 0.7957 0.0004 0.0006 1.4596 0.0076 0.091954 2.956143 12.24 
1.8990 2 1 1 0x0 4.0000 4.0000 4.00 4.00 1.0390 0.9286 0.0005 0.0004 1.4634 0.0080 0.094659 2.956138 12.23 
1.9030 2 1 1 0x0 4.0000 4.0000 4.00 4.00 0.8081 1.0905 0.0006 0.0006 1.4670 0.0083 0.094659 2.956117 12.23 
1.9070 2 1 1 0x0 4.0000 4.0000 4.00 4.00 0.8438 1.0680 0.0002 0.0004 1.4711 0.0087 0.094659 2.956086 12.23 
1.9110 2 1 1 0x0 4.0000 4.0000 4.00 4.00 1.0617 1.1229 0.0004 0.0002 1.4749 0.0091 0.097363 2.956094 12.23 
1.9150 2 1 1 0x0 4.0000 4.0000 4.00 4.00 0.8409 0.7897 0.0005 0.0004 1.4785 0.0095 0.097363 2.956094 12.24 
1.9190 2 1 1 0x0 4.0000 4.0000 4.00 4.00 1.0413 1.0490 0.0005 0.0006 1.4822 0.0098 0.097363 2.956098 12.24 
1.9230 2 1 1 0x0 4.0000 4.0000 4.00 4.00 1.0801 1.1027 0.0003 0.0004 1.4862 0.0102 0.097363 2.956084 12.23 
1.9270 2 1 1 0x0 4.0000 4.0000 4.00 4.00 0.8292 0.7998 0.0004 0.0006 1.4898 0.0106 0.097363 2.956069 12.23 
1.9310 2 1 1 0x0 4.0000 4.0000 4.00 4.00 1.0576 0.8795 0.0005 0.0003 1.4937 0.0109 0.100068 2.956075 12.23 
1.9350 2 1 1 0x0 4.0000 4.0000 4.00 4.00 1.1020 1.0837 0.0002 0.0006 1.4975 0.0113 0.097363 2.956092 12.23 
1.9390 2 1 1 0x0 4.0000 4.0000 4.00 4.00 0.7714 1.0609 0.0003 0.0003 1.5013 0.0117 0.100068 2.956063 12.24 
1.9430 2 1 1 0x0 4.0000 4.0000 4.00 4.00 1.0141 1.0136 0.0003 0.0005 1.5050 0.0121 0.100068 2.956065 12.24 
1.9470 2 1 1 0x0 4.0000 4.0000 4.00 4.00 0.8938 0.7932 0.0004 0.0003 1.5088 0.0125 0.102772 2.956073 12.24 
1.9510 2 1 1 0x0 4.0000 4.0000 4.00 4.00 1.0631 1.0434 0.0005 0.0005 1.5124 0.0128 0.102772 2.956081 12.24 
1.9550 2 1 1 0x0 4.0000 4.0000 4.00 4.00 0.8369 1.0956 0.0006 0.0003 1.5163 0.0132 0.105477 2.956093 12.23 
1.9590 2 1 1 0x0 4.0000 4.0000 4.00 4.00 0.9824 0.8488 0.0006 0.0005 1.5199 0.0136 0.105477 2.956082 12.24 
1.9630 2 1 1 0x0 4.0000 4.0000 4.00 4.00 1.0210 0.9397 0.0003 0.0003 1.5239 0.0141 0.105477 2.956093 12.24 
1.9670 2 1 1 0x0 4.0000 4.0000 4.00 4.00 0.8185 1.0792 0.0004 0.0005 1.5276 0.0144 0.105477 2.956094 12.23 
1.9710 2 1 1 0x0 4.0000 4.0000 4.00 4.00 1.0057 1.0590 0.0004 0.0003 1.5314 0.0149 0.108182 2.956115 12.23 
1.9750 2 1 1 0x0 4.0000 4.0000 4.00 4.00 0.8473 0.9490 0.0005 0.0005 1.5350 0.0152 0.108182 2.956114 12.23 
1.9790 2 1 1 0x0 4.0000 4.0000 4.00 4.00 1.0586 0.7917 0.0006 0.0003 1.5389 0.0157 0.110886 2.956113 12.23 
1.9830 2 1 1 0x0 4.0000 4.0000 4.00 4.00 1.0374 1.1243 0.0002 0.0005 1.5427 0.0161 0.108182 2.956111 12.23 
1.9870 2 1 1 0x0 4.0000 4.0000 4.00 4.00 0.8737 1.0246 0.0003 0.0003 1.5465 0.0165 0.110886 2.956137 12.23 
1.9910 2 1 1 0x0 4.0000 4.0000 4.00 4.00 1.0211 0.8462 0.0004 0.0005 1.5502 0.0169 0.110886 2.956141 12.23 
1.9950 2 1 1 0x0 4.0000 4.0000 4.00 4.00 0.7715 0.9348 0.0004 0.0003 1.5540 0.0173 0.113591 2.956129 12.23 
1.9990 2 1 1 0x0 4.0000 4.0000 4.00 4.00 1.0107 1.0841 0.0005 0.0005 1.5576 0.0178 0.113591 2.956126 12.23 
2.0030 2 1 1 0x0 4.0000 4.0000 4.00 4.00 0.8938 1.0639 0.0005 0.0002 1.5614 0.0182 0.116295 2.956122 12.24 
2.0070 2 1 1 0x0 4.0000 4.0000 4.00 4.00 0.9942 0.9464 0.0006 0.0004 1.5651 0.0186 0.116295 2.956133 12.23 
2.0110 2 1 1 0x0 4.0000 4.0000 4.00 4.00 1.0451 0.8362 0.0002 0.0003 1.5691 0.0191 0.116295 2.956138 12.24 
2.0150 2 1 1 0x0 4.0000 4.0000 4.00 4.00 0.9232 1.0460 0.0003 0.0004 1.5727 0.0195 0.116295 2.956131 12.22 
2.0190 2 1 1 0x0 4.0000 4.0000 4.00 4.00 1.1029 1.0999 0.0004 0.0002 1.5766 0.0200 0.119000 2.956124 12.23 
2.0230 2 1 1 0x0 4.0000 4.0000 4.00 4.00 0.8137 0.8011 0.0004 0.0004 1.5802 0.0204 0.119000 2.956137 12.23 
2.0270 2 1 1 0x0 4.0000 4.0000 4.00 4.00 1.0132 1.0297 0.0005 0.0006 1.5838 0.0208 0.119000 2.956141 12.23 
2.0310 2 1 1 0x0 4.0000 4.0000 4.00 4.00 0.8918 1.0803 0.0006 0.0004 1.5876 0.0213 0.121704 2.956134 12.24 
2.0350 2 1 1 0x0 4.0000 4.0000 4.00 4.00 0.9965 0.7695 0.0007 0.0006 1.5913 0.0217 0.121704 2.956127 12.23 
2.0390 2 1 1 0x0 4.0000 4.0000 4.00 4.00 1.0502 0.9502 0.0002 0.0004 1.5953 0.0222 0.121704 2.956122 12.24 
2.0430 2 1 1 0x0 4.0000 4.0000 4.00 4.00 0.9196 1.0635 0.0003 0.0006 1.5989 0.0227 0.121704 2.956130 12.23 
2.0470 2 1 1 0x0 4.0000 4.0000 4.00 4.00 1.0340 1.0420 0.0004 0.0004 1.6027 0.0232 0.124409 2.956135 12.24 
2.0510 2 1 1 0x0 4.0000 4.0000 4.00 4.00 0.8065 1.0954 0.0004 0.0002 1.6066 0.0236 0.127113 2.956116 12.24 
2.0550 2 1 1 0x0 4.0000 4.0000 4.00 4.00 1.0278 0.8029 0.0005 0.0004 1.6102 0.0241 0.127113 2.956108 12.24 
2.0590 2 1 1 0x0 4.0000 4.0000 4.00 4.00 0.9363 1.0286 0.0005 0.0006 1.6138 0.0246 0.127113 2.956118 12.24 
2.0630 2 1 1 0x0 4.0000 4.0000 4.00 4.00 1.0136 1.0800 0.0006 0.0004 1.6176 0.0250 0.129818 2.956152 12.24 
2.0670 2 1 1 0x0 4.0000 4.0000 4.00 4.00 1.0663 0.8585 0.0002 0.0006 1.6214 0.0255 0.127113 2.956132 12.24 
2.0710 2 1 1 0x0 4.0000 4.0000 4.00 4.00 0.8527 0.8939 0.0003 0.0004 1.6253 0.0260 0.129818 2.956122 12.24 
2.0750 2 1 1 0x0 4.0000 4.0000 4.00 4.00 0.9851 1.0640 0.0003 0.0006 1.6289 0.0265 0.129818 2.956122 12.24 
2.0790 2 1 1 0x0 4.0000 4.0000 4.00 4.00 0.7927 1.0433 0.0004 0.0003 1.6327 0.0270 0.132522 2.956128 12.24 
2.0830 2 1 1 0x0 4.0000 4.0000 4.00 4.00 1.0519 0.9042 0.0004 0.0005 1.6363 0.0275 0.132522 2.956131 12.23 
2.0870 2 1 1 0x0 4.0000 4.0000 4.00 4.00 0.8620 0.8020 0.0005 0.0003 1.6401 0.0280 0.135227 2.956127 12.24 
2.0910 2 1 1 0x0 4.0000 4.0000 4.00 4.00 1.0432 1.1050 0.0005 0.0005 1.6438 0.0285 0.135227 2.956110 12.24 
2.0950 2 1 1 0x0 4.0000 4.0000 4.00 4.00 0.7996 1.0789 0.0005 0.0003 1.6476 0.0290 0.137932 2.956102 12.24 
2.0990 2 1 1 0x0 4.0000 4.0000 4.00 4.00 1.0376 0.8582 0.0006 0.0004 1.6512 0.0295 0.137932 2.956129 12.24 
2.1030 2 1 1 0x0 4.0000 4.0000 4.00 4.00 0.8734 0.9493 0.0006 0.0002 1.6550 0.0301 0.140636 2.956156 12.24 
2.1070 2 1 1 0x0 4.0000 4.0000 4.00 4.00 1.0243 1.0629 0.0007 0.0005 1.6586 0.0306 0.140636 2.956152 12.24 
2.1110 2 1 1 0x0 4.0000 4.0000 4.00 4.00 1.0090 0.7782 0.0002 0.0006 1.6624 0.0311 0.137932 2.956150 12.24 
2.1150 2 1 1 0x0 4.0000 4.0000 4.00 4.00 0.8975 0.9619 0.0003 0.0004 1.6663 0.0316 0.140636 2.956164 12.23 
2.1190 2 1 1 0x0 4.0000 4.0000 4.00 4.00 1.0659 1.0496 0.0004 0.0006 1.6699 0.0322 0.140636 2.956182 12.24 
2.1230 2 1 1 0x0 4.0000 4.0000 4.00 4.00 0.8343 1.0287 0.0004 0.0004 1.6737 0.0327 0.143341 2.956182 12.24 
2.1270 2 1 1 0x0 4.0000 4.0000 4.00 4.00 0.9862 1.0798 0.0005 0.0002 1.6775 0.0333 0.146045 2.956169 12.23 
2.1310 2 1 1 0x0 4.0000 4.0000 4.00 4.00 0.9133 0.8590 0.0005 0.0004 1.6811 0.0338 0.146045 2.956165 12.24 
2.1350 2 1 1 0x0 4.0000 4.0000 4.00 4.00 1.0412 1.0114 0.0006 0.0006 1.6847 0.0343 0.146045 2.956179 12.24 
2.1390 2 1 1 0x0 4.0000 4.0000 4.00 4.00 0.7999 1.1427 0.0006 0.0004 1.6885 0.0349 0.148750 2.956190 12.23 
2.1430 2 1 1 0x0 4.0000 4.0000 4.00 4.00 0.8811 1.1184 0.0003 0.0002 1.6926 0.0355 0.148750 2.956182 12.23 
2.1470 2 1 1 0x0 4.0000 4.0000 4.00 4.00 1.0142 0.9658 0.0003 0.0004 1.6962 0.0360 0.148750 2.956175 12.24 
2.1510 2 1 1 0x0 4.0000 4.0000 4.00 4.00 0.7764 1.1218 0.0003 0.0006 1.6998 0.0366 0.148750 2.956159 12.24 
2.1550 2 1 1 0x0 4.0000 4.0000 4.00 4.00 1.0827 1.0236 0.0004 0.0003 1.7036 0.0371 0.151454 2.956175 12.23 
2.1590 2 1 1 0x0 4.0000 4.0000 4.00 4.00 0.8957 0.9209 0.0005 0.0006 1.7072 0.0377 0.151454 2.956176 12.24 
2.1630 2 1 1 0x0 4.0000 4.0000 4.00 4.00 1.0652 0.8165 0.0005 0.0004 1.7110 0.0383 0.154159 2.956154 12.24 
2.1670 2 1 1 0x0 4.0000 4.0000 4.00 4.00 0.7888 1.0776 0.0006 0.0005 1.7146 0.0389 0.154159 2.956150 12.24 
2.1710 2 1 1 0x0 4.0000 4.0000 4.00 4.00 1.0597 1.0522 0.0006 0.0004 1.7184 0.0394 0.156863 2.956161 12.23 
2.1750 2 1 1 0x0 4.0000 4.0000 4.00 4.00 1.0290 0.8287 0.0002 0.0006 1.7222 0.0400 0.154159 2.956197 12.23 
2.1790 2 1 1 0x0 4.0000 4.0000 4.00 4.00 0.7701 0.9160 0.0003 0.0003 1.7260 0.0406 0.156863 2.956209 12.23 
2.1830 2 1 1 0x0 4.0000 4.0000 4.00 4.00 1.0164 1.0325 0.0004 0.0006 1.7296 0.0412 0.156863 2.956177 12.23 
2.1870 2 1 1 0x0 4.0000 4.0000 4.00 4.00 0.8888 1.0832 0.0004 0.0003 1.7334 0.0418 0.159568 2.956189 12.23 
2.1910 2 1 1 0x0 4.0000 4.0000 4.00 4.00 1.0760 0.9327 0.0005 0.0006 1.7371 0.0424 0.159568 2.956208 12.23 
2.1950 2 1 1 0x0 4.0000 4.0000 4.00 4.00 0.8277 0.8258 0.0006 0.0003 1.7409 0.0430 0.162272 2.956198 12.23 
2.1990 2 1 1 0x0 4.0000 4.0000 4.00 4.00 1.0653 1.0619 0.0006 0.0005 1.7445 0.0436 0.162272 2.956173 12.23 
2.2030 2 1 1 0x0 4.0000 4.0000 4.00 4.00 1.0360 1.1166 0.0003 0.0004 1.7485 0.0443 0.162272 2.956162 12.23 
2.2070 2 1 1 0x0 4.0000 4.0000 4.00 4.00 0.7641 0.7923 0.0003 0.0005 1.7521 0.0449 0.162272 2.956171 12.23 
2.2110 2 1 1 0x0 4.0000 4.0000 4.00 4.00 1.0265 0.9239 0.0004 0.0003 1.7559 0.0455 0.164977 2.956188 12.23 
2.2150 2 1 1 0x0 4.0000 4.0000 4.00 4.00 0.8341 1.0985 0.0004 0.0006 1.7595 0.0461 0.164977 2.956171 12.24 
2.2190 2 1 1 0x0 4.0000 4.0000 4.00 4.00 1.0789 1.0754 0.0005 0.0003 1.7633 0.0467 0.167681 2.956146 12.22 
2.2230 2 1 1 0x0 4.0000 4.0000 4.00 4.00 0.8269 0.9380 0.0006 0.0005 1.7669 0.0473 0.167681 2.956151 12.23 
2.2270 2 1 1 0x0 4.0000 4.0000 4.00 4.00 1.0694 0.7853 0.0006 0.0003 1.7707 0.0480 0.170386 2.956159 12.22 
2.2310 2 1 1 0x0 4.0000 4.0000 4.00 4.00 1.0397 1.0565 0.0003 0.0005 1.7745 0.0486 0.167681 2.956172 12.23 
2.2350 2 1 1 0x0 4.0000 4.0000 4.00 4.00 0.8053 1.1114 0.0003 0.0003 1.7783 0.0493 0.170386 2.956158 12.23 
2.2390 2 1 1 0x0 4.0000 4.0000 4.00 4.00 1.0251 0.7955 0.0004 0.0005 1.7819 0.0499 0.170386 2.956130 12.23 
2.2430 2 1 1 0x0 4.0000 4.0000 4.00 4.00 0.8827 0.9278 0.0005 0.0003 1.7857 0.0506 0.173090 2.956142 12.23 
2.2470 2 1 1 0x0 4.0000 4.0000 4.00 4.00 1.0111 1.0935 0.0005 0.0005 1.7893 0.0512 0.173090 2.956139 12.24 
2.2510 2 1 1 0x0 4.0000 4.0000 4.00 4.00 0.7782 1.0712 0.0006 0.0003 1.7931 0.0519 0.175795 2.956160 12.23 
2.2550 2 1 1 0x0 4.0000 4.0000 4.00 4.00 1.0051 0.9402 0.0006 0.0005 1.7967 0.0525 0.175795 2.956152 12.23 
2.2590 2 1 1 0x0 4.0000 4.0000 4.00 4.00 1.0505 0.7876 0.0002 0.0003 1.8006 0.0532 0.175795 2.956137 12.23 
2.2630 2 1 1 0x0 4.0000 4.0000 4.00 4.00 0.7972 1.1335 0.0003 0.0004 1.8042 0.0538 0.175795 2.956145 12.23 
2.2670 2 1 1 0x0 4.0000 4.0000 4.00 4.00 1.0464 1.1075 0.0003 0.0003 1.8080 0.0545 0.178499 2.956168 12.23 
2.2710 2 1 1 0x0 4.0000 4.0000 4.00 4.00 0.9223 0.8423 0.0004 0.0005 1.8116 0.0552 0.178499 2.956164 12.23 
2.2750 2 1 1 0x0 4.0000 4.0000 4.00 4.00 1.0300 0.8763 0.0004 0.0003 1.8154 0.0559 0.181204 2.956173 12.23 
2.2790 2 1 1 0x0 4.0000 4.0000 4.00 4.00 0.8101 1.0885 0.0005 0.0005 1.8190 0.0565 0.181204 2.956182 12.24 
2.2830 2 1 1 0x0 4.0000 4.0000 4.00 4.00 1.0963 1.0663 0.0005 0.0002 1.8228 0.0572 0.183909 2.956194 12.24 
2.2870 2 1 1 0x0 4.0000 4.0000 4.00 4.00 0.8850 0.9448 0.0006 0.0004 1.8264 0.0579 0.183909 2.956217 12.24 
2.2910 2 1 1 0x0 4.0000 4.0000 4.00 4.00 1.0054 1.0695 0.0007 0.0007 1.8300 0.0585 0.183909 2.956204 12.23 
2.2950 2 1 1 0x0 4.0000 4.0000 4.00 4.00 0.9873 1.0485 0.0003 0.0004 1.8340 0.0593 0.183909 2.956199 12.23 
2.2990 2 1 1 0x0 4.0000 4.0000 4.00 4.00 0.8612 1.1031 0.0003 0.0002 1.8378 0.0600 0.186613 2.956225 12.23 
2.3030 2 1 1 0x0 4.0000 4.0000 4.00 4.00 0.9743 0.8442 0.0004 0.0004 1.8413 0.0607 0.186613 2.956220 12.23 
2.3070 2 1 1 0x0 4.0000 4.0000 4.00 4.00 0.8025 1.0339 0.0005 0.0006 1.8449 0.0614 0.186613 2.956208 12.24 
2.3110 2 1 1 0x0 4.0000 4.0000 4.00 4.00 1.0340 1.0862 0.0005 0.0004 1.8487 0.0621 0.189318 2.956197 12.23 
2.3150 2 1 1 0x0 4.0000 4.0000 4.00 4.00 0.8754 0.7669 0.0006 0.0006 1.8523 0.0628 0.189318 2.956198 12.23 
2.3190 2 1 1 0x0 4.0000 4.0000 4.00 4.00 1.0178 0.9435 0.0006 0.0004 1.8561 0.0635 0.192022 2.956206 12.24 
2.3230 2 1 1 0x0 4.0000 4.0000 4.00 4.00 1.0034 1.0724 0.0002 0.0006 1.8599 0.0642 0.189318 2.956218 12.24 
2.3270 2 1 1 0x0 4.0000 4.0000 4.00 4.00 0.8490 1.0519 0.0003 0.0004 1.8637 0.0650 0.192022 2.956215 12.24 
2.3310 2 1 1 0x0 4.0000 4.0000 4.00 4.00 1.0593 0.8974 0.0003 0.0006 1.8672 0.0657 0.192022 2.956194 12.23 
2.3350 2 1 1 0x0 4.0000 4.0000 4.00 4.00 0.8368 0.7964 0.0004 0.0004 1.8710 0.0664 0.194727 2.956185 12.24 
2.3390 2 1 1 0x0 4.0000 4.0000 4.00 4.00 0.9856 1.0390 0.0004 0.0006 1.8746 0.0671 0.194727 2.956187 12.24 
2.3430 2 1 1 0x0 4.0000 4.0000 4.00 4.00 0.9117 1.0935 0.0004 0.0004 1.8784 0.0679 0.197431 2.956199 12.24 
2.3470 2 1 1 0x0 4.0000 4.0000 4.00 4.00 0.9757 0.8041 0.0005 0.0006 1.8820 0.0686 0.197431 2.956198 12.24 
2.3510 2 1 1 0x0 4.0000 4.0000 4.00 4.00 0.8009 0.9393 0.0005 0.0003 1.8857 0.0693 0.200136 2.956189 12.24 
2.3550 2 1 1 0x0 4.0000 4.0000 4.00 4.00 1.0327 1.1626 0.0006 0.0006 1.8893 0.0701 0.200136 2.956201 12.24 
2.3590 2 1 1 0x0 4.0000 4.0000 4.00 4.00 1.0798 1.0583 0.0002 0.0003 1.8933 0.0709 0.200136 2.956220 12.23 
2.3630 2 1 1 0x0 4.0000 4.0000 4.00 4.00 0.7435 0.9512 0.0003 0.0005 1.8969 0.0716 0.200136 2.956221 12.24 
2.3670 2 1 1 0x0 4.0000 4.0000 4.00 4.00 0.9923 0.7942 0.0004 0.0003 1.9006 0.0724 0.202840 2.956206 12.24 
2.3710 2 1 1 0x0 4.0000 4.0000 4.00 4.00 0.9111 1.1207 0.0004 0.0005 1.9042 0.0731 0.202840 2.956200 12.23 
2.3750 2 1 1 0x0 4.0000 4.0000 4.00 4.00 1.0395 1.0966 0.0005 0.0003 1.9080 0.0739 0.205545 2.956200 12.24 
2.3790 2 1 1 0x0 4.0000 4.0000 4.00 4.00 0.8077 0.8472 0.0006 0.0005 1.9118 0.0747 0.202840 2.956207 12.24 
2.3830 2 1 1 0x0 4.0000 4.0000 4.00 4.00 0.9503 0.9370 0.0002 0.0003 1.9155 0.0755 0.205545 2.956203 12.24 
2.3870 2 1 1 0x0 4.0000 4.0000 4.00 4.00 0.9931 1.0827 0.0003 0.0005 1.9191 0.0762 0.205545 2.956203 12.24 
2.3910 2 1 1 0x0 4.0000 4.0000 4.00 4.00 0.7910 1.0620 0.0004 0.0003 1.9229 0.0770 0.208249 2.956210 12.23 
2.3950 2 1 1 0x0 4.0000 4.0000 4.00 4.00 1.0549 0.8902 0.0004 0.0005 1.9265 0.0777 0.208249 2.956218 12.24 
2.3990 2 1 1 0x0 4.0000 4.0000 4.00 4.00 0.8617 0.8356 0.0005 0.0003 1.9302 0.0785 0.210954 2.956231 12.24 
2.4030 2 1 1 0x0 4.0000 4.0000 4.00 4.00 1.0428 1.0484 0.0006 0.0005 1.9338 0.0793 0.210954 2.956197 12.23 
2.4070 2 1 1 0x0 4.0000 4.0000 4.00 4.00 0.7622 1.1043 0.0006 0.0003 1.9376 0.0801 0.213658 2.956178 12.23 
2.4110 2 1 1 0x0 4.0000 4.0000 4.00 4.00 0.8872 0.7982 0.0003 0.0004 1.9413 0.0809 0.210954 2.956191 12.23 
2.4150 2 1 1 0x0 4.0000 4.0000 4.00 4.00 1.0056 0.9311 0.0003 0.0002 1.9451 0.0817 0.213658 2.956221 12.23 
2.4190 2 1 1 0x0 4.0000 4.0000 4.00 4.00 0.7817 1.0877 0.0003 0.0005 1.9487 0.0825 0.213658 2.956219 12.23 
2.4230 2 1 1 0x0 4.0000 4.0000 4.00 4.00 0.9955 1.0662 0.0004 0.0002 1.9524 0.0833 0.216363 2.956200 12.23 
2.4270 2 1 1 0x0 4.0000 4.0000 4.00 4.00 0.8535 0.9435 0.0005 0.0004 1.9560 0.0841 0.216363 2.956197 12.24 
2.4310 2 1 1 0x0 4.0000 4.0000 4.00 4.00 1.0489 1.0726 0.0005 0.0007 1.9596 0.0849 0.216363 2.956201 12.23 
2.4350 2 1 1 0x0 4.0000 4.0000 4.00 4.00 0.7989 1.0538 0.0006 0.0004 1.9633 0.0857 0.219067 2.956215 12.23 
2.4390 2 1 1 0x0 4.0000 4.0000 4.00 4.00 0.9729 1.1087 0.0006 0.0002 1.9671 0.0866 0.221772 2.956208 12.23 
2.4430 2 1 1 0x0 4.0000 4.0000 4.00 4.00 1.0881 0.7955 0.0003 0.0004 1.9709 0.0874 0.219067 2.956202 12.23 
2.4470 2 1 1 0x0 4.0000 4.0000 4.00 4.00 0.7771 1.1177 0.0003 0.0006 1.9744 0.0882 0.219067 2.956191 12.23 
2.4510 2 1 1 0x0 4.0000 4.0000 4.00 4.00 1.0759 1.0205 0.0004 0.0004 1.9782 0.0891 0.221772 2.956201 12.24 
2.4550 2 1 1 0x0 4.0000 4.0000 4.00 4.00 0.8482 0.8492 0.0004 0.0006 1.9817 0.0899 0.221772 2.956202 12.23 
2.4590 2 1 1 0x0 4.0000 4.0000 4.00 4.00 1.0573 0.9363 0.0005 0.0004 1.9855 0.0907 0.224477 2.956179 12.24 
2.4630 2 1 1 0x0 4.0000 4.0000 4.00 4.00 0.7920 1.0830 0.0006 0.0006 1.9891 0.0915 0.224477 2.956187 12.23 
2.4670 2 1 1 0x0 4.0000 4.0000 4.00 4.00 0.9798 1.1455 0.0006 0.0004 1.9928 0.0924 0.227181 2.956194 12.23 
2.4710 2 1 1 0x0 4.0000 4.0000 4.00 4.00 1.0224 1.1209 0.0002 0.0002 1.9968 0.0933 0.227181 2.956200 12.23 
2.4750 2 1 1 0x0 4.0000 4.0000 4.00 4.00 0.8150 0.8340 0.0003 0.0004 2.0003 0.0941 0.227181 2.956198 12.23 
2.4790 2 1 1 0x0 4.0000 4.0000 4.00 4.00 1.0940 1.0496 0.0003 0.0006 2.0039 0.0950 0.227181 2.956188 12.24 
2.4830 2 1 1 0x0 4.0000 4.0000 4.00 4.00 0.8904 1.1058 0.0004 0.0004 2.0076 0.0958 0.229886 2.956183 12.23 
2.4870 2 1 1 0x0 4.0000 4.0000 4.00 4.00 1.0728 0.7981 0.0004 0.0006 2.0112 0.0967 0.229886 2.956209 12.24 
2.4910 2 1 1 0x0 4.0000 4.0000 4.00 4.00 0.8291 0.9306 0.0005 0.0004 2.0149 0.0976 0.232590 2.956213 12.23 
2.4950 2 1 1 0x0 4.0000 4.0000 4.00 4.00 1.0618 1.0905 0.0005 0.0006 2.0185 0.0984 0.232590 2.956204 12.23 
2.4990 2 1 1 0x0 4.0000 4.0000 4.00 4.00 0.9677 1.1517 0.0006 0.0004 2.0222 0.0993 0.235295 2.956204 12.23 
2.5030 2 1 1 0x0 4.0000 4.0000 4.00 4.00 1.0447 0.9416 0.0007 0.0006 2.0260 0.1002 0.237999 2.956211 12.23 
2.5070 2 1 1 0x0 4.0000 4.0000 4.00 4.00 1.0241 0.8310 0.0002 0.0004 2.0297 0.1011 0.235295 2.956226 12.23 
2.5110 2 1 1 0x0 4.0000 4.0000 4.00 4.00 0.8839 1.0548 0.0003 0.0006 2.0333 0.1019 0.235295 2.956226 12.24 
2.5150 2 1 1 0x0 4.0000 4.0000 4.00 4.00 1.0838 1.1121 0.0004 0.0004 2.0370 0.1029 0.237999 2.956223 12.23 
2.5190 2 1 1 0x0 4.0000 4.0000 4.00 4.00 0.8235 0.7938 0.0004 0.0006 2.0406 0.1037 0.237999 2.956216 12.23 
2.5230 2 1 1 0x0 4.0000 4.0000 4.00 4.00 1.0004 0.9249 0.0005 0.0004 2.0443 0.1046 0.240704 2.956216 12.22 
2.5270 2 1 1 0x0 4.0000 4.0000 4.00 4.00 0.8520 1.0989 0.0005 0.0006 2.0479 0.1055 0.240704 2.956221 12.23 
2.5310 2 1 1 0x0 4.0000 4.0000 4.00 4.00 1.0505 1.0784 0.0006 0.0004 2.0516 0.1064 0.243408 2.956226 12.24 
2.5350 2 1 1 0x0 4.0000 4.0000 4.00 4.00 1.0308 1.1372 0.0002 0.0002 2.0555 0.1074 0.243408 2.956203 12.23 
2.5390 2 1 1 0x0 4.0000 4.0000 4.00 4.00 0.8812 0.8253 0.0003 0.0004 2.0591 0.1083 0.243408 2.956213 12.24 
2.5430 2 1 1 0x0 4.0000 4.0000 4.00 4.00 1.0103 1.1464 0.0004 0.0006 2.0626 0.1092 0.243408 2.956230 12.23 
2.5470 2 1 1 0x0 4.0000 4.0000 4.00 4.00 0.8243 1.0432 0.0005 0.0004 2.0664 0.1101 0.246113 2.956239 12.23 
2.5510 2 1 1 0x0 4.0000 4.0000 4.00 4.00 1.0716 0.8335 0.0005 0.0006 2.0699 0.1110 0.246113 2.956247 12.24 
2.5550 2 1 1 0x0 4.0000 4.0000 4.00 4.00 0.9601 0.9789 0.0006 0.0004 2.0737 0.1119 0.248817 2.956228 12.23 
2.5590 2 1 1 0x0 4.0000 4.0000 4.00 4.00 1.0553 1.1069 0.0007 0.0006 2.0772 0.1128 0.248817 2.956223 12.24 
2.5630 2 1 1 0x0 4.0000 4.0000 4.00 4.00 1.0348 1.0123 0.0003 0.0004 2.0811 0.1138 0.248817 2.956242 12.23 
2.5670 2 1 1 0x0 4.0000 4.0000 4.00 4.00 0.8777 1.0643 0.0004 0.0002 2.0849 0.1148 0.251522 2.956227 12.23 
2.5710 2 1 1 0x0 4.0000 4.0000 4.00 4.00 1.0189 0.8202 0.0004 0.0004 2.0884 0.1157 0.251522 2.956217 12.23 
2.5750 2 1 1 0x0 4.0000 4.0000 4.00 4.00 0.7359 1.0742 0.0005 0.0006 2.0919 0.1166 0.251522 2.956234 12.23 
2.5790 2 1 1 0x0 4.0000 4.0000 4.00 4.00 1.0107 1.1319 0.0005 0.0004 2.0957 0.1176 0.254226 2.956249 12.23 
2.5830 2 1 1 0x0 4.0000 4.0000 4.00 4.00 0.8967 1.1090 0.0006 0.0002 2.0994 0.1185 0.256931 2.956252 12.23 
2.5870 2 1 1 0x0 4.0000 4.0000 4.00 4.00 1.0631 0.9127 0.0007 0.0004 2.1029 0.1195 0.256931 2.956243 12.24 
2.5910 2 1 1 0x0 4.0000 4.0000 4.00 4.00 1.0396 1.1165 0.0003 0.0006 2.1067 0.1204 0.254226 2.956240 12.23 
2.5950 2 1 1 0x0 4.0000 4.0000 4.00 4.00 0.9255 1.0942 0.0003 0.0004 2.1104 0.1214 0.256931 2.956238 12.24 
2.5990 2 1 1 0x0 4.0000 4.0000 4.00 4.00 1.0220 1.0714 0.0004 0.0002 2.1141 0.1224 0.259636 2.956234 12.24 
2.6030 2 1 1 0x0 4.0000 4.0000 4.00 4.00 0.8156 0.8632 0.0005 0.0004 2.1176 0.1233 0.259636 2.956255 12.23 
2.6070 2 1 1 0x0 4.0000 4.0000 4.00 4.00 1.0089 0.9550 0.0006 0.0002 2.1214 0.1243 0.262340 2.956222 12.24 
2.6110 2 1 1 0x0 4.0000 4.0000 4.00 4.00 0.8435 1.0586 0.0006 0.0005 2.1249 0.1253 0.262340 2.956203 12.23 
2.6150 2 1 1 0x0 4.0000 4.0000 4.00 4.00 1.0649 1.1188 0.0007 0.0002 2.1286 0.1263 0.265045 2.956211 12.23 
2.6190 2 1 1 0x0 4.0000 4.0000 4.00 4.00 1.0449 0.9633 0.0003 0.0004 2.1323 0.1273 0.262340 2.956220 12.24 
2.6230 2 1 1 0x0 4.0000 4.0000 4.00 4.00 0.8685 1.0497 0.0003 0.0007 2.1359 0.1282 0.262340 2.956225 12.24 
2.6270 2 1 1 0x0 4.0000 4.0000 4.00 4.00 1.0314 1.0300 0.0004 0.0004 2.1396 0.1292 0.265045 2.956207 12.24 
2.6310 2 1 1 0x0 4.0000 4.0000 4.00 4.00 0.8071 1.0837 0.0004 0.0002 2.1433 0.1303 0.267749 2.956187 12.24 
2.6350 2 1 1 0x0 4.0000 4.0000 4.00 4.00 1.0263 0.8093 0.0005 0.0004 2.1468 0.1312 0.267749 2.956195 12.24 
2.6390 2 1 1 0x0 4.0000 4.0000 4.00 4.00 0.8820 1.0924 0.0005 0.0006 2.1503 0.1322 0.267749 2.956193 12.23 
2.6430 2 1 1 0x0 4.0000 4.0000 4.00 4.00 1.0130 1.1516 0.0006 0.0004 2.1540 0.1332 0.270454 2.956173 12.23 
2.6470 2 1 1 0x0 4.0000 4.0000 4.00 4.00 0.8202 0.8172 0.0006 0.0006 2.1576 0.1342 0.270454 2.956170 12.23 
2.6510 2 1 1 0x0 4.0000 4.0000 4.00 4.00 0.9637 0.8993 0.0002 0.0004 2.1615 0.1353 0.270454 2.956159 12.24 
2.6550 2 1 1 0x0 4.0000 4.0000 4.00 4.00 1.0551 1.1387 0.0003 0.0006 2.1650 0.1362 0.270454 2.956194 12.24 
2.6590 2 1 1 0x0 4.0000 4.0000 4.00 4.00 0.7950 1.0365 0.0003 0.0004 2.1687 0.1373 0.273158 2.956208 12.24 
2.6630 2 1 1 0x0 4.0000 4.0000 4.00 4.00 0.9754 1.0896 0.0004 0.0002 2.1724 0.1383 0.275863 2.956199 12.23 
2.6670 2 1 1 0x0 4.0000 4.0000 4.00 4.00 0.9238 0.8070 0.0005 0.0004 2.1759 0.1393 0.275863 2.956199 12.23 
2.6710 2 1 1 0x0 4.0000 4.0000 4.00 4.00 1.0286 1.0961 0.0005 0.0006 2.1794 0.1403 0.275863 2.956210 12.24 
2.6750 2 1 1 0x0 4.0000 4.0000 4.00 4.00 0.8116 1.0717 0.0006 0.0004 2.1831 0.1414 0.278567 2.956214 12.23 
2.6790 2 1 1 0x0 4.0000 4.0000 4.00 4.00 1.0925 1.0504 0.0006 0.0002 2.1869 0.1424 0.281272 2.956220 12.23 
2.6830 2 1 1 0x0 4.0000 4.0000 4.00 4.00 1.0615 0.8998 0.0003 0.0004 2.1906 0.1435 0.278567 2.956210 12.23 
2.6870 2 1 1 0x0 4.0000 4.0000 4.00 4.00 0.8380 1.1346 0.0003 0.0006 2.1941 0.1445 0.278567 2.956201 12.24 
2.6910 2 1 1 0x0 4.0000 4.0000 4.00 4.00 1.0523 1.0348 0.0004 0.0004 2.1978 0.1456 0.281272 2.956218 12.24 
2.6950 2 1 1 0x0 4.0000 4.0000 4.00 4.00 0.9212 1.0867 0.0005 0.0002 2.2015 0.1466 0.283977 2.956228 12.22 
2.6990 2 1 1 0x0 4.0000 4.0000 4.00 4.00 1.0309 0.8081 0.0005 0.0004 2.2050 0.1477 0.283977 2.956221 12.23 
2.7030 2 1 1 0x0 4.0000 4.0000 4.00 4.00 0.8122 1.0083 0.0006 0.0002 2.2087 0.1487 0.286681 2.956208 12.24 
2.7070 2 1 1 0x0 4.0000 4.0000 4.00 4.00 0.8463 1.0710 0.0002 0.0004 2.2124 0.1498 0.283977 2.956217 12.23 
2.7110 2 1 1 0x0 4.0000 4.0000 4.00 4.00 1.0603 1.1297 0.0003 0.0002 2.2161 0.1509 0.286681 2.956228 12.23 
2.7150 2 1 1 0x0 4.0000 4.0000 4.00 4.00 0.7950 0.9573 0.0004 0.0004 2.2196 0.1520 0.286681 2.956221 12.23 
2.7190 2 1 1 0x0 4.0000 4.0000 4.00 4.00 1.0426 1.1366 0.0005 0.0007 2.2231 0.1530 0.286681 2.956203 12.23 
2.7230 2 1 1 0x0 4.0000 4.0000 4.00 4.00 0.8727 1.1131 0.0006 0.0004 2.2268 0.1541 0.289386 2.956202 12.23 
2.7270 2 1 1 0x0 4.0000 4.0000 4.00 4.00 1.0994 1.0898 0.0006 0.0003 2.2305 0.1552 0.292090 2.956197 12.23 
2.7310 2 1 1 0x0 4.0000 4.0000 4.00 4.00 0.9997 0.8069 0.0003 0.0005 2.2342 0.1563 0.289386 2.956222 12.23 
2.7350 2 1 1 0x0 4.0000 4.0000 4.00 4.00 0.8512 0.9440 0.0003 0.0003 2.2378 0.1574 0.292090 2.956215 12.24 
2.7390 2 1 1 0x0 4.0000 4.0000 4.00 4.00 0.9816 1.1548 0.0004 0.0005 2.2413 0.1584 0.292090 2.956200 12.23 
2.7430 2 1 1 0x0 4.0000 4.0000 4.00 4.00 0.8447 1.0494 0.0005 0.0003 2.2450 0.1596 0.294795 2.956205 12.23 
2.7470 2 1 1 0x0 4.0000 4.0000 4.00 4.00 1.0386 0.8992 0.0006 0.0005 2.2485 0.1606 0.294795 2.956211 12.23 
2.7510 2 1 1 0x0 4.0000 4.0000 4.00 4.00 1.0827 0.7987 0.0002 0.0003 2.2524 0.1618 0.294795 2.956229 12.23 
2.7550 2 1 1 0x0 4.0000 4.0000 4.00 4.00 0.8256 1.0341 0.0003 0.0005 2.2559 0.1628 0.294795 2.956218 12.23 
2.7590 2 1 1 0x0 4.0000 4.0000 4.00 4.00 1.0652 1.0874 0.0004 0.0003 2.2596 0.1640 0.297499 2.956209 12.23 
2.7630 2 1 1 0x0 4.0000 4.0000 4.00 4.00 0.9093 0.8073 0.0005 0.0005 2.2631 0.1650 0.297499 2.956205 12.24 
2.7670 2 1 1 0x0 4.0000 4.0000 4.00 4.00 1.0419 1.0074 0.0006 0.0003 2.2668 0.1662 0.300204 2.956204 12.23 
2.7710 2 1 1 0x0 4.0000 4.0000 4.00 4.00 0.7615 1.1548 0.0006 0.0005 2.2703 0.1673 0.300204 2.956196 12.23 
2.7750 2 1 1 0x0 4.0000 4.0000 4.00 4.00 1.0318 1.0504 0.0006 0.0003 2.2739 0.1684 0.302908 2.956202 12.24 
2.7790 2 1 1 0x0 4.0000 4.0000 4.00 4.00 1.0771 0.9558 0.0003 0.0005 2.2776 0.1695 0.300204 2.956207 12.23 
2.7830 2 1 1 0x0 4.0000 4.0000 4.00 4.00 0.8283 0.7982 0.0004 0.0003 2.2813 0.1707 0.302908 2.956217 12.23 
2.7870 2 1 1 0x0 4.0000 4.0000 4.00 4.00 0.9965 1.0372 0.0004 0.0005 2.2848 0.1718 0.302908 2.956211 12.22 
2.7910 2 1 1 0x0 4.0000 4.0000 4.00 4.00 0.9061 1.0893 0.0004 0.0003 2.2885 0.1729 0.305613 2.956221 12.23 
2.7950 2 1 1 0x0 4.0000 4.0000 4.00 4.00 0.9826 0.8062 0.0005 0.0005 2.2919 0.1740 0.305613 2.956226 12.23 
2.7990 2 1 1 0x0 4.0000 4.0000 4.00 4.00 0.8426 0.8863 0.0005 0.0003 2.2956 0.1752 0.308318 2.956207 12.23 
2.8030 2 1 1 0x0 4.0000 4.0000 4.00 4.00 1.0402 1.0751 0.0006 0.0005 2.2991 0.1763 0.308318 2.956226 12.24 
2.8070 2 1 1 0x0 4.0000 4.0000 4.00 4.00 1.0910 1.0548 0.0002 0.0003 2.3030 0.1775 0.308318 2.956230 12.23 
2.8110 2 1 1 0x0 4.0000 4.0000 4.00 4.00 0.8202 0.9516 0.0003 0.0005 2.3064 0.1786 0.308318 2.956208 12.24 
2.8150 2 1 1 0x0 4.0000 4.0000 4.00 4.00 1.0054 0.7940 0.0003 0.0003 2.3101 0.1798 0.311022 2.956214 12.23 
2.8190 2 1 1 0x0 4.0000 4.0000 4.00 4.00 0.8477 1.1222 0.0004 0.0005 2.3136 0.1809 0.311022 2.956224 12.23 
2.8230 2 1 1 0x0 4.0000 4.0000 4.00 4.00 0.9894 1.0977 0.0005 0.0003 2.3172 0.1821 0.313727 2.956253 12.24 
2.8270 2 1 1 0x0 4.0000 4.0000 4.00 4.00 0.8394 0.8468 0.0005 0.0005 2.3207 0.1832 0.313727 2.956257 12.24 
2.8310 2 1 1 0x0 4.0000 4.0000 4.00 4.00 1.0462 0.9355 0.0006 0.0003 2.3244 0.1844 0.316431 2.956231 12.24 
2.8350 2 1 1 0x0 4.0000 4.0000 4.00 4.00 1.0125 1.0837 0.0003 0.0005 2.3281 0.1856 0.313727 2.956216 12.24 
2.8390 2 1 1 0x0 4.0000 4.0000 4.00 4.00 0.8231 1.1435 0.0003 0.0003 2.3317 0.1868 0.316431 2.956227 12.24 
2.8430 2 1 1 0x0 4.0000 4.0000 4.00 4.00 1.0714 0.8904 0.0004 0.0005 2.3352 0.1880 0.316431 2.956239 12.23 
2.8470 2 1 1 0x0 4.0000 4.0000 4.00 4.00 0.9067 0.7911 0.0005 0.0003 2.3388 0.1892 0.319136 2.956236 12.23 
2.8510 2 1 1 0x0 4.0000 4.0000 4.00 4.00 1.0507 1.1269 0.0006 0.0005 2.3423 0.1903 0.319136 2.956241 12.23 
2.8550 2 1 1 0x0 4.0000 4.0000 4.00 4.00 1.0237 1.1012 0.0002 0.0003 2.3462 0.1916 0.319136 2.956247 12.23 
2.8590 2 1 1 0x0 4.0000 4.0000 4.00 4.00 0.8873 0.7993 0.0003 0.0005 2.3496 0.1927 0.319136 2.956273 12.23 
2.8630 2 1 1 0x0 4.0000 4.0000 4.00 4.00 1.0773 0.9330 0.0004 0.0003 2.3533 0.1939 0.321840 2.956277 12.23 
2.8670 2 1 1 0x0 4.0000 4.0000 4.00 4.00 0.7824 1.0860 0.0004 0.0006 2.3568 0.1951 0.321840 2.956280 12.24 
2.8710 2 1 1 0x0 4.0000 4.0000 4.00 4.00 1.0690 1.0653 0.0005 0.0003 2.3604 0.1963 0.324545 2.956266 12.24 
2.8750 2 1 1 0x0 4.0000 4.0000 4.00 4.00 0.8551 1.0091 0.0006 0.0005 2.3639 0.1975 0.324545 2.956278 12.24 
2.8790 2 1 1 0x0 4.0000 4.0000 4.00 4.00 1.0496 0.7904 0.0006 0.0003 2.3675 0.1987 0.327250 2.956309 12.23 
2.8830 2 1 1 0x0 4.0000 4.0000 4.00 4.00 1.0305 1.0494 0.0002 0.0006 2.3712 0.2000 0.324545 2.956306 12.23 
2.8870 2 1 1 0x0 4.0000 4.0000 4.00 4.00 0.8805 1.1036 0.0003 0.0004 2.3748 0.2012 0.327250 2.956314 12.23 
2.8910 2 1 1 0x0 4.0000 4.0000 4.00 4.00 1.0117 0.8439 0.0004 0.0006 2.3783 0.2024 0.327250 2.956325 12.23 
2.8950 2 1 1 0x0 4.0000 4.0000 4.00 4.00 0.8228 0.8770 0.0005 0.0003 2.3819 0.2036 0.329954 2.956328 12.24 
2.8990 2 1 1 0x0 4.0000 4.0000 4.00 4.00 0.9964 1.0876 0.0006 0.0006 2.3854 0.2048 0.329954 2.956354 12.23 
2.9030 2 1 1 0x0 4.0000 4.0000 4.00 4.00 1.0420 1.0653 0.0002 0.0003 2.3892 0.2061 0.329954 2.956336 12.24 
2.9070 2 1 1 0x0 4.0000 4.0000 4.00 4.00 0.7633 0.9445 0.0003 0.0006 2.3927 0.2073 0.329954 2.956316 12.23 
2.9110 2 1 1 0x0 4.0000 4.0000 4.00 4.00 1.0253 0.7904 0.0004 0.0004 2.3963 0.2086 0.332659 2.956337 12.24 
2.9150 2 1 1 0x0 4.0000 4.0000 4.00 4.00 0.8844 1.0476 0.0005 0.0005 2.3998 0.2098 0.332659 2.956342 12.24 
2.9190 2 1 1 0x0 4.0000 4.0000 4.00 4.00 1.0062 1.1013 0.0006 0.0004 2.4034 0.2110 0.335363 2.956339 12.23 
2.9230 2 1 1 0x0 4.0000 4.0000 4.00 4.00 0.8265 0.8012 0.0006 0.0006 2.4070 0.2123 0.332659 2.956330 12.23 
2.9270 2 1 1 0x0 4.0000 4.0000 4.00 4.00 0.8627 0.9984 0.0003 0.0003 2.4107 0.2136 0.335363 2.956328 12.24 
2.9310 2 1 1 0x0 4.0000 4.0000 4.00 4.00 1.0363 1.0811 0.0003 0.0006 2.4141 0.2148 0.335363 2.956344 12.23 
2.9350 2 1 1 0x0 4.0000 4.0000 4.00 4.00 0.8055 1.0595 0.0004 0.0003 2.4178 0.2160 0.338068 2.956354 12.23 
2.9390 2 1 1 0x0 4.0000 4.0000 4.00 4.00 1.0304 0.9508 0.0004 0.0006 2.4212 0.2172 0.338068 2.956358 12.24 
2.9430 2 1 1 0x0 4.0000 4.0000 4.00 4.00 0.8814 0.7938 0.0005 0.0004 2.4248 0.2185 0.340772 2.956333 12.23 
2.9470 2 1 1 0x0 4.0000 4.0000 4.00 4.00 1.0115 1.0422 0.0006 0.0005 2.4283 0.2197 0.340772 2.956322 12.23 
2.9510 2 1 1 0x0 4.0000 4.0000 4.00 4.00 0.9910 1.0948 0.0002 0.0003 2.4321 0.2211 0.340772 2.956321 12.23 
2.9550 2 1 1 0x0 4.0000 4.0000 4.00 4.00 0.9092 0.8510 0.0003 0.0006 2.4355 0.2223 0.340772 2.956332 12.23 
2.9590 2 1 1 0x0 4.0000 4.0000 4.00 4.00 1.0474 0.9417 0.0004 0.0004 2.4392 0.2236 0.343477 2.956302 12.23 
2.9630 2 1 1 0x0 4.0000 4.0000 4.00 4.00 0.7990 1.0735 0.0004 0.0006 2.4426 0.2248 0.343477 2.956295 12.23 
2.9670 2 1 1 0x0 4.0000 4.0000 4.00 4.00 1.0364 1.0518 0.0005 0.0003 2.4462 0.2262 0.346181 2.956301 12.23 
2.9710 2 1 1 0x0 4.0000 4.0000 4.00 4.00 0.8259 0.9566 0.0006 0.0006 2.4497 0.2274 0.346181 2.956307 12.23 
2.9750 2 1 1 0x0 4.0000 4.0000 4.00 4.00 1.0211 0.7981 0.0006 0.0004 2.4533 0.2287 0.348886 2.956309 12.23 
2.9790 2 1 1 0x0 4.0000 4.0000 4.00 4.00 1.0025 1.0354 0.0002 0.0006 2.4569 0.2300 0.346181 2.956295 12.23 
2.9830 2 1 1 0x0 4.0000 4.0000 4.00 4.00 0.9024 1.0876 0.0003 0.0004 2.4605 0.2313 0.348886 2.956287 12.23 
2.9870 2 1 1 0x0 4.0000 4.0000 4.00 4.00 1.0528 0.8078 0.0004 0.0006 2.4640 0.2326 0.348886 2.956298 12.24 
2.9910 2 1 1 0x0 4.0000 4.0000 4.00 4.00 0.8422 0.8891 0.0005 0.0004 2.4676 0.2339 0.351591 2.956321 12.24 
2.9950 2 1 1 0x0 4.0000 4.0000 4.00 4.00 1.0382 1.0684 0.0005 0.0006 2.4710 0.2352 0.351591 2.956321 12.23 
2.9990 2 1 1 0x0 4.0000 4.0000 4.00 4.00 0.9240 1.0483 0.0006 0.0004 2.4746 0.2365 0.354295 2.956292 12.23 
3.0030 2 1 1 0x0 4.0000 4.0000 4.00 4.00 1.0252 1.1029 0.0007 0.0002 2.4783 0.2378 0.357000 2.956280 12.23 
3.0070 2 1 1 0x0 4.0000 4.0000 4.00 4.00 1.0072 0.8449 0.0003 0.0004 2.4819 0.2392 0.354295 2.956298 12.23 
3.0110 2 1 1 0x0 4.0000 4.0000 4.00 4.00 0.8460 1.0328 0.0004 0.0006 2.4853 0.2404 0.354295 2.956299 12.24 
3.0150 2 1 1 0x0 4.0000 4.0000 4.00 4.00 1.0650 1.1698 0.0004 0.0004 2.4889 0.2418 0.357000 2.956297 12.23 
3.0190 2 1 1 0x0 4.0000 4.0000 4.00 4.00 0.7903 0.7668 0.0005 0.0006 2.4923 0.2431 0.357000 2.956289 12.23 
3.0230 2 1 1 0x0 4.0000 4.0000 4.00 4.00 0.9849 0.9446 0.0006 0.0004 2.4959 0.2444 0.359704 2.956291 12.23 
3.0270 2 1 1 0x0 4.0000 4.0000 4.00 4.00 1.0300 1.0708 0.0002 0.0007 2.4995 0.2458 0.357000 2.956293 12.23 
3.0310 2 1 1 0x0 4.0000 4.0000 4.00 4.00 1.0418 1.0506 0.0007 0.0004 2.5030 0.2471 0.362409 2.956298 12.23 
3.0350 2 1 1 0x0 4.0000 4.0000 4.00 4.00 1.0253 1.1040 0.0003 0.0003 2.5068 0.2485 0.362409 2.956270 12.23 
3.0390 2 1 1 0x0 4.0000 4.0000 4.00 4.00 0.8860 0.8441 0.0004 0.0005 2.5102 0.2498 0.362409 2.956280 12.23 
3.0430 2 1 1 0x0 4.0000 4.0000 4.00 4.00 1.0097 0.8781 0.0005 0.0002 2.5138 0.2512 0.365113 2.956292 12.24 
3.0470 2 1 1 0x0 4.0000 4.0000 4.00 4.00 0.8236 1.1703 0.0005 0.0005 2.5172 0.2525 0.365113 2.956294 12.23 
3.0510 2 1 1 0x0 4.0000 4.0000 4.00 4.00 1.0684 1.0633 0.0006 0.0003 2.5208 0.2538 0.367818 2.956296 12.23 
3.0550 2 1 1 0x0 4.0000 4.0000 4.00 4.00 1.0398 0.9457 0.0003 0.0005 2.5244 0.2552 0.365113 2.956291 12.23 
3.0590 2 1 1 0x0 4.0000 4.0000 4.00 4.00 0.7624 0.7907 0.0003 0.0003 2.5280 0.2566 0.367818 2.956283 12.23 
3.0630 2 1 1 0x0 4.0000 4.0000 4.00 4.00 1.0278 1.0497 0.0004 0.0005 2.5314 0.2579 0.367818 2.956291 12.24 
3.0670 2 1 1 0x0 4.0000 4.0000 4.00 4.00 0.8824 1.1027 0.0005 0.0003 2.5350 0.2593 0.370522 2.956281 12.23 
3.0710 2 1 1 0x0 4.0000 4.0000 4.00 4.00 1.0075 0.8452 0.0006 0.0005 2.5384 0.2606 0.370522 2.956278 12.23 
3.0750 2 1 1 0x0 4.0000 4.0000 4.00 4.00 1.0603 0.9346 0.0002 0.0003 2.5422 0.2621 0.370522 2.956274 12.23 
3.0790 2 1 1 0x0 4.0000 4.0000 4.00 4.00 0.9131 1.0849 0.0003 0.0005 2.5456 0.2634 0.370522 2.956269 12.23 
3.0830 2 1 1 0x0 4.0000 4.0000 4.00 4.00 1.0383 1.0629 0.0004 0.0003 2.5492 0.2648 0.373227 2.956278 12.23 
3.0870 2 1 1 0x0 4.0000 4.0000 4.00 4.00 0.8516 0.8907 0.0005 0.0005 2.5526 0.2661 0.373227 2.956258 12.23 
3.0910 2 1 1 0x0 4.0000 4.0000 4.00 4.00 1.0249 0.7928 0.0006 0.0003 2.5561 0.2676 0.375932 2.956242 12.23 
3.0950 2 1 1 0x0 4.0000 4.0000 4.00 4.00 1.0719 1.0449 0.0002 0.0005 2.5597 0.2690 0.373227 2.956256 12.24 
3.0990 2 1 1 0x0 4.0000 4.0000 4.00 4.00 0.7876 1.0989 0.0003 0.0003 2.5633 0.2704 0.375932 2.956276 12.23 
3.1030 2 1 1 0x0 4.0000 4.0000 4.00 4.00 0.9874 0.8477 0.0003 0.0005 2.5667 0.2717 0.375932 2.956284 12.23 
3.1070 2 1 1 0x0 4.0000 4.0000 4.00 4.00 0.8607 0.9366 0.0004 0.0003 2.5703 0.2731 0.378636 2.956269 12.23 
3.1110 2 1 1 0x0 4.0000 4.0000 4.00 4.00 1.0420 1.0804 0.0005 0.0006 2.5737 0.2745 0.378636 2.956284 12.23 
3.1150 2 1 1 0x0 4.0000 4.0000 4.00 4.00 0.8042 1.0596 0.0006 0.0003 2.5773 0.2759 0.381341 2.956291 12.24 
3.1190 2 1 1 0x0 4.0000 4.0000 4.00 4.00 1.0277 0.9497 0.0006 0.0006 2.5807 0.2773 0.381341 2.956294 12.23 
3.1230 2 1 1 0x0 4.0000 4.0000 4.00 4.00 1.0733 0.8384 0.0003 0.0004 2.5844 0.2788 0.381341 2.956307 12.23 
3.1270 2 1 1 0x0 4.0000 4.0000 4.00 4.00 0.7887 1.0414 0.0003 0.0006 2.5878 0.2801 0.381341 2.956291 12.24 
3.1310 2 1 1 0x0 4.0000 4.0000 4.00 4.00 1.0546 1.0941 0.0004 0.0004 2.5914 0.2816 0.384045 2.956289 12.24 
3.1350 2 1 1 0x0 4.0000 4.0000 4.00 4.00 0.8657 0.8046 0.0005 0.0006 2.5948 0.2830 0.384045 2.956316 12.23 
3.1390 2 1 1 0x0 4.0000 4.0000 4.00 4.00 1.0288 0.9412 0.0006 0.0004 2.5983 0.2844 0.386750 2.956312 12.23 
3.1430 2 1 1 0x0 4.0000 4.0000 4.00 4.00 0.8135 1.0745 0.0006 0.0006 2.6017 0.2858 0.386750 2.956291 12.23 
3.1470 2 1 1 0x0 4.0000 4.0000 4.00 4.00 0.8491 1.0522 0.0003 0.0003 2.6055 0.2873 0.386750 2.956289 12.24 
3.1510 2 1 1 0x0 4.0000 4.0000 4.00 4.00 1.0534 0.8982 0.0003 0.0006 2.6089 0.2887 0.386750 2.956295 12.23 
3.1550 2 1 1 0x0 4.0000 4.0000 4.00 4.00 0.7971 0.8425 0.0004 0.0004 2.6124 0.2901 0.389454 2.956318 12.23 
3.1590 2 1 1 0x0 4.0000 4.0000 4.00 4.00 0.9690 1.1136 0.0004 0.0006 2.6158 0.2915 0.389454 2.956342 12.24 
3.1630 2 1 1 0x0 4.0000 4.0000 4.00 4.00 0.8768 1.0896 0.0005 0.0004 2.6194 0.2930 0.392159 2.956328 12.24 
3.1670 2 1 1 0x0 4.0000 4.0000 4.00 4.00 1.0179 0.8071 0.0006 0.0006 2.6227 0.2944 0.392159 2.956341 12.23 
3.1710 2 1 1 0x0 4.0000 4.0000 4.00 4.00 0.7388 0.9439 0.0006 0.0004 2.6263 0.2959 0.394864 2.956346 12.23 
3.1750 2 1 1 0x0 4.0000 4.0000 4.00 4.00 0.9089 1.0719 0.0002 0.0006 2.6299 0.2974 0.392159 2.956330 12.24 
3.1790 2 1 1 0x0 4.0000 4.0000 4.00 4.00 1.0441 1.1274 0.0003 0.0004 2.6334 0.2988 0.394864 2.956316 12.23 
3.1830 2 1 1 0x0 4.0000 4.0000 4.00 4.00 0.8026 1.1022 0.0003 0.0002 2.6370 0.3003 0.397568 2.956306 12.24 
3.1870 2 1 1 0x0 4.0000 4.0000 4.00 4.00 1.0317 0.8009 0.0004 0.0004 2.6403 0.3017 0.397568 2.956308 12.23 
3.1910 2 1 1 0x0 4.0000 4.0000 4.00 4.00 0.9323 1.1062 0.0004 0.0006 2.6437 0.3032 0.397568 2.956318 12.23 
3.1950 2 1 1 0x0 4.0000 4.0000 4.00 4.00 1.0880 1.0802 0.0005 0.0005 2.6473 0.3047 0.400273 2.956326 12.24 
3.1990 2 1 1 0x0 4.0000 4.0000 4.00 4.00 0.8225 1.0587 0.0006 0.0002 2.6508 0.3062 0.402977 2.956314 12.23 
3.2030 2 1 1 0x0 4.0000 4.0000 4.00 4.00 1.0722 0.9508 0.0006 0.0004 2.6542 0.3076 0.402977 2.956290 12.24 
3.2069 2 1 1 0x0 4.0000 4.0000 4.00 4.00 1.0440 1.1436 0.0003 0.0007 2.6577 0.3091 0.400273 2.956294 12.24 
3.2109 2 1 1 0x0 4.0000 4.0000 4.00 4.00 0.8051 1.1185 0.0003 0.0004 2.6613 0.3106 0.402977 2.956317 12.24 
3.2149 2 1 1 0x0 4.0000 4.0000 4.00 4.00 1.1017 1.0938 0.0004 0.0002 2.6648 0.3121 0.405682 2.956299 12.24 
3.2189 2 1 1 0x0 4.0000 4.0000 4.00 4.00 0.8845 0.8504 0.0005 0.0005 2.6682 0.3136 0.405682 2.956291 12.23 
3.2229 2 1 1 0x0 4.0000 4.0000 4.00 4.00 1.0778 0.9395 0.0005 0.0002 2.6717 0.3151 0.408386 2.956279 12.23 
3.2269 2 1 1 0x0 4.0000 4.0000 4.00 4.00 0.7833 1.0771 0.0006 0.0005 2.6750 0.3165 0.408386 2.956283 12.23 
3.2309 2 1 1 0x0 4.0000 4.0000 4.00 4.00 0.9910 1.1354 0.0006 0.0002 2.6786 0.3181 0.411091 2.956294 12.23 
3.2349 2 1 1 0x0 4.0000 4.0000 4.00 4.00 1.0328 0.8948 0.0003 0.0005 2.6821 0.3196 0.408386 2.956287 12.24 
3.2389 2 1 1 0x0 4.0000 4.0000 4.00 4.00 0.8097 1.0601 0.0003 0.0007 2.6855 0.3211 0.408386 2.956270 12.23 
3.2429 2 1 1 0x0 4.0000 4.0000 4.00 4.00 1.0197 1.1153 0.0004 0.0004 2.6890 0.3226 0.411091 2.956260 12.23 
3.2469 2 1 1 0x0 4.0000 4.0000 4.00 4.00 0.9470 1.0917 0.0004 0.0003 2.6925 0.3241 0.413795 2.956249 12.23 
3.2509 2 1 1 0x0 4.0000 4.0000 4.00 4.00 0.9952 0.8520 0.0005 0.0005 2.6959 0.3256 0.413795 2.956251 12.23 
3.2549 2 1 1 0x0 4.0000 4.0000 4.00 4.00 0.7906 0.9440 0.0006 0.0003 2.6994 0.3271 0.416500 2.956236 12.23 
3.2589 2 1 1 0x0 4.0000 4.0000 4.00 4.00 0.8745 1.1526 0.0002 0.0005 2.7029 0.3287 0.413795 2.956230 12.23 
3.2629 2 1 1 0x0 4.0000 4.0000 4.00 4.00 1.0900 1.0485 0.0003 0.0003 2.7065 0.3303 0.416500 2.956239 12.23 
3.2669 2 1 1 0x0 4.0000 4.0000 4.00 4.00 0.7386 0.9596 0.0004 0.0005 2.7098 0.3317 0.416500 2.956238 12.24 
3.2709 2 1 1 0x0 4.0000 4.0000 4.00 4.00 1.0751 0.8461 0.0005 0.0003 2.7133 0.3333 0.419205 2.956238 12.23 
3.2749 2 1 1 0x0 4.0000 4.0000 4.00 4.00 0.8519 1.0299 0.0005 0.0005 2.7167 0.3348 0.419205 2.956223 12.23 
3.2789 2 1 1 0x0 4.0000 4.0000 4.00 4.00 1.0499 1.0834 0.0006 0.0003 2.7202 0.3364 0.421909 2.956218 12.24 
3.2829 2 1 1 0x0 4.0000 4.0000 4.00 4.00 1.0265 0.8098 0.0003 0.0005 2.7237 0.3379 0.419205 2.956228 12.23 
3.2869 2 1 1 0x0 4.0000 4.0000 4.00 4.00 0.8824 0.9468 0.0003 0.0003 2.7272 0.3395 0.421909 2.956234 12.23 
3.2909 2 1 1 0x0 4.0000 4.0000 4.00 4.00 1.0057 1.1495 0.0004 0.0005 2.7305 0.3410 0.421909 2.956221 12.23 
3.2949 2 1 1 0x0 4.0000 4.0000 4.00 4.00 0.8261 1.0473 0.0004 0.0003 2.7341 0.3426 0.424614 2.956222 12.23 
3.2989 2 1 1 0x0 4.0000 4.0000 4.00 4.00 0.9913 0.9602 0.0005 0.0005 2.7374 0.3441 0.424614 2.956223 12.23 
3.3029 2 1 1 0x0 4.0000 4.0000 4.00 4.00 0.8109 0.8469 0.0006 0.0003 2.7409 0.3457 0.427318 2.956248 12.23 
3.3069 2 1 1 0x0 4.0000 4.0000 4.00 4.00 1.0424 1.1045 0.0007 0.0006 2.7442 0.3472 0.427318 2.956243 12.23 
3.3109 2 1 1 0x0 4.0000 4.0000 4.00 4.00 1.0209 1.0790 0.0002 0.0004 2.7479 0.3489 0.427318 2.956220 12.23 
3.3149 2 1 1 0x0 4.0000 4.0000 4.00 4.00 0.8871 0.7709 0.0003 0.0006 2.7512 0.3504 0.427318 2.956215 12.22 
3.3189 2 1 1 0x0 4.0000 4.0000 4.00 4.00 1.0011 0.9527 0.0004 0.0004 2.7547 0.3520 0.430023 2.956219 12.23 
3.3229 2 1 1 0x0 4.0000 4.0000 4.00 4.00 0.7846 1.1394 0.0004 0.0006 2.7581 0.3535 0.430023 2.956222 12.24 
3.3269 2 1 1 0x0 4.0000 4.0000 4.00 4.00 1.0612 1.0362 0.0005 0.0004 2.7616 0.3551 0.432727 2.956222 12.23 
3.3309 2 1 1 0x0 4.0000 4.0000 4.00 4.00 0.8586 1.0878 0.0006 0.0002 2.7650 0.3567 0.435432 2.956214 12.23 
3.3349 2 1 1 0x0 4.0000 4.0000 4.00 4.00 0.9758 0.8080 0.0006 0.0004 2.7684 0.3583 0.435432 2.956216 12.23 
3.3389 2 1 1 0x0 4.0000 4.0000 4.00 4.00 0.8008 1.0938 0.0006 0.0006 2.7717 0.3598 0.435432 2.956237 12.23 
3.3429 2 1 1 0x0 4.0000 4.0000 4.00 4.00 0.8837 1.1520 0.0002 0.0004 2.7753 0.3615 0.435432 2.956248 12.23 
3.3469 2 1 1 0x0 4.0000 4.0000 4.00 4.00 1.0807 1.1281 0.0003 0.0002 2.7788 0.3632 0.438137 2.956239 12.23 
3.3509 2 1 1 0x0 4.0000 4.0000 4.00 4.00 0.8245 1.0237 0.0003 0.0004 2.7821 0.3647 0.438137 2.956238 12.23 
3.3549 2 1 1 0x0 4.0000 4.0000 4.00 4.00 1.0684 1.0541 0.0004 0.0007 2.7855 0.3663 0.438137 2.956233 12.23 
3.3589 2 1 1 0x0 4.0000 4.0000 4.00 4.00 0.8543 1.1099 0.0005 0.0004 2.7889 0.3679 0.440841 2.956250 12.23 
3.3629 2 1 1 0x0 4.0000 4.0000 4.00 4.00 0.9785 1.0847 0.0005 0.0002 2.7924 0.3696 0.443546 2.956256 12.23 
3.3669 2 1 1 0x0 4.0000 4.0000 4.00 4.00 0.7986 0.8098 0.0006 0.0005 2.7957 0.3711 0.443546 2.956248 12.23 
3.3709 2 1 1 0x0 4.0000 4.0000 4.00 4.00 1.0389 0.9470 0.0006 0.0002 2.7992 0.3728 0.446250 2.956265 12.24 
3.3749 2 1 1 0x0 4.0000 4.0000 4.00 4.00 1.0091 1.1491 0.0003 0.0005 2.8027 0.3744 0.443546 2.956263 12.23 
3.3789 2 1 1 0x0 4.0000 4.0000 4.00 4.00 0.8235 1.0457 0.0003 0.0003 2.8062 0.3761 0.446250 2.956264 12.23 
3.3829 2 1 1 0x0 4.0000 4.0000 4.00 4.00 1.0735 0.9035 0.0003 0.0005 2.8095 0.3777 0.446250 2.956253 12.23 
3.3869 2 1 1 0x0 4.0000 4.0000 4.00 4.00 0.9047 0.8014 0.0004 0.0003 2.8129 0.3793 0.448955 2.956234 12.23 
3.3909 2 1 1 0x0 4.0000 4.0000 4.00 4.00 1.0497 1.1071 0.0005 0.0005 2.8162 0.3809 0.448955 2.956238 12.23 
3.3949 2 1 1 0x0 4.0000 4.0000 4.00 4.00 0.7992 1.0834 0.0005 0.0003 2.8197 0.3826 0.451659 2.956230 12.24 
3.3989 2 1 1 0x0 4.0000 4.0000 4.00 4.00 1.0369 0.8564 0.0006 0.0005 2.8230 0.3842 0.451659 2.956228 12.24 
3.4029 2 1 1 0x0 4.0000 4.0000 4.00 4.00 1.0125 0.8919 0.0002 0.0003 2.8266 0.3860 0.451659 2.956221 12.24 
3.4069 2 1 1 0x0 4.0000 4.0000 4.00 4.00 1.0201 1.1477 0.0007 0.0006 2.8299 0.3876 0.451659 2.956211 12.23 
3.4109 2 1 1 0x0 4.0000 4.0000 4.00 4.00 1.0052 1.0460 0.0003 0.0003 2.8334 0.3892 0.454364 2.956210 12.24 
3.4149 2 1 1 0x0 4.0000 4.0000 4.00 4.00 0.8953 0.9019 0.0003 0.0005 2.8367 0.3909 0.454364 2.956238 12.23 
3.4189 2 1 1 0x0 4.0000 4.0000 4.00 4.00 1.0695 0.8457 0.0004 0.0003 2.8401 0.3925 0.457068 2.956239 12.24 
3.4229 2 1 1 0x0 4.0000 4.0000 4.00 4.00 0.7875 1.0310 0.0004 0.0005 2.8434 0.3942 0.457068 2.956221 12.24 
3.4269 2 1 1 0x0 4.0000 4.0000 4.00 4.00 0.9875 1.0836 0.0005 0.0003 2.8468 0.3959 0.459773 2.956202 12.23 
3.4309 2 1 1 0x0 4.0000 4.0000 4.00 4.00 0.9120 0.8107 0.0006 0.0005 2.8501 0.3975 0.459773 2.956212 12.23 
3.4349 2 1 1 0x0 4.0000 4.0000 4.00 4.00 1.0418 0.8927 0.0006 0.0003 2.8536 0.3992 0.462478 2.956229 12.24 
3.4389 2 1 1 0x0 4.0000 4.0000 4.00 4.00 0.7604 1.0647 0.0007 0.0006 2.8568 0.4008 0.462478 2.956218 12.23 
3.4429 2 1 1 0x0 4.0000 4.0000 4.00 4.00 0.8844 1.0446 0.0003 0.0003 2.8605 0.4026 0.462478 2.956201 12.23 
3.4469 2 1 1 0x0 4.0000 4.0000 4.00 4.00 1.0813 0.9626 0.0004 0.0006 2.8637 0.4043 0.462478 2.956202 12.23 
3.4509 2 1 1 0x0 4.0000 4.0000 4.00 4.00 0.8255 0.8471 0.0004 0.0004 2.8672 0.4060 0.465182 2.956212 12.24 
3.4549 2 1 1 0x0 4.0000 4.0000 4.00 4.00 0.9972 1.1047 0.0005 0.0006 2.8704 0.4076 0.465182 2.956201 12.24 
3.4589 2 1 1 0x0 4.0000 4.0000 4.00 4.00 0.9028 1.0810 0.0005 0.0004 2.8739 0.4094 0.467887 2.956181 12.24 
3.4629 2 1 1 0x0 4.0000 4.0000 4.00 4.00 1.0556 0.7687 0.0006 0.0006 2.8771 0.4110 0.467887 2.956185 12.23 
3.4669 2 1 1 0x0 4.0000 4.0000 4.00 4.00 0.7946 0.9473 0.0006 0.0004 2.8806 0.4128 0.470591 2.956200 12.23 
3.4709 2 1 1 0x0 4.0000 4.0000 4.00 4.00 0.8772 1.0679 0.0003 0.0006 2.8840 0.4145 0.467887 2.956204 12.23 
3.4749 2 1 1 0x0 4.0000 4.0000 4.00 4.00 1.0183 1.0469 0.0003 0.0004 2.8875 0.4162 0.470591 2.956203 12.23 
3.4789 2 1 1 0x0 4.0000 4.0000 4.00 4.00 0.7752 1.0265 0.0004 0.0002 2.8909 0.4180 0.473296 2.956198 12.23 
3.4829 2 1 1 0x0 4.0000 4.0000 4.00 4.00 1.0822 0.7998 0.0004 0.0004 2.8941 0.4197 0.473296 2.956198 12.24 
3.4869 2 1 1 0x0 4.0000 4.0000 4.00 4.00 0.8966 1.0325 0.0005 0.0006 2.8974 0.4213 0.473296 2.956221 12.24 
3.4909 2 1 1 0x0 4.0000 4.0000 4.00 4.00 0.9935 1.0847 0.0006 0.0004 2.9008 0.4231 0.476000 2.956218 12.23 
3.4949 2 1 1 0x0 4.0000 4.0000 4.00 4.00 0.8343 1.0650 0.0006 0.0002 2.9042 0.4248 0.478705 2.956220 12.23 
3.4989 2 1 1 0x0 4.0000 4.0000 4.00 4.00 0.9881 0.9461 0.0006 0.0004 2.9075 0.4265 0.478705 2.956208 12.23 
3.5029 2 1 1 0x0 4.0000 4.0000 4.00 4.00 1.0317 1.1524 0.0003 0.0006 2.9109 0.4283 0.476000 2.956205 12.23 
3.5069 2 1 1 0x0 4.0000 4.0000 4.00 4.00 0.8086 1.0493 0.0003 0.0004 2.9143 0.4301 0.478705 2.956229 12.23 
3.5109 2 1 1 0x0 4.0000 4.0000 4.00 4.00 1.0201 1.1033 0.0004 0.0002 2.9178 0.4318 0.481409 2.956227 12.23 
3.5149 2 1 1 0x0 4.0000 4.0000 4.00 4.00 0.8347 0.8441 0.0004 0.0004 2.9210 0.4335 0.481409 2.956221 12.23 
3.5189 2 1 1 0x0 4.0000 4.0000 4.00 4.00 1.0073 1.0343 0.0005 0.0006 2.9242 0.4352 0.481409 2.956210 12.24 
3.5229 2 1 1 0x0 4.0000 4.0000 4.00 4.00 0.7817 1.0870 0.0006 0.0004 2.9276 0.4370 0.484114 2.956220 12.23 
3.5269 2 1 1 0x0 4.0000 4.0000 4.00 4.00 0.9958 1.0662 0.0006 0.0002 2.9310 0.4388 0.486819 2.956234 12.24 
3.5309 2 1 1 0x0 4.0000 4.0000 4.00 4.00 1.0393 0.8883 0.0003 0.0005 2.9345 0.4406 0.484114 2.956227 12.23 
3.5349 2 1 1 0x0 4.0000 4.0000 4.00 4.00 0.8043 1.0716 0.0003 0.0007 2.9377 0.4423 0.484114 2.956215 12.23 
3.5389 2 1 1 0x0 4.0000 4.0000 4.00 4.00 1.0269 1.1298 0.0004 0.0004 2.9411 0.4441 0.486819 2.956222 12.23 
3.5429 2 1 1 0x0 4.0000 4.0000 4.00 4.00 0.8838 1.1060 0.0005 0.0002 2.9445 0.4459 0.489523 2.956224 12.23 
3.5469 2 1 1 0x0 4.0000 4.0000 4.00 4.00 1.0822 0.8426 0.0005 0.0004 2.9477 0.4476 0.489523 2.956221 12.23 
3.5509 2 1 1 0x0 4.0000 4.0000 4.00 4.00 0.7801 0.9314 0.0006 0.0003 2.9511 0.4495 0.492228 2.956220 12.23 
3.5549 2 1 1 0x0 4.0000 4.0000 4.00 4.00 1.0020 1.0891 0.0006 0.0005 2.9543 0.4512 0.492228 2.956227 12.22 
3.5589 2 1 1 0x0 4.0000 4.0000 4.00 4.00 1.0421 1.0676 0.0003 0.0002 2.9579 0.4531 0.492228 2.956232 12.23 
3.5629 2 1 1 0x0 4.0000 4.0000 4.00 4.00 0.8003 0.9430 0.0003 0.0005 2.9611 0.4548 0.492228 2.956232 12.23 
3.5669 2 1 1 0x0 4.0000 4.0000 4.00 4.00 1.0334 0.8819 0.0004 0.0003 2.9645 0.4566 0.494932 2.956252 12.23 
3.5709 2 1 1 0x0 4.0000 4.0000 4.00 4.00 0.9307 1.1324 0.0004 0.0005 2.9677 0.4584 0.494932 2.956251 12.23 
3.5749 2 1 1 0x0 4.0000 4.0000 4.00 4.00 1.0208 1.1095 0.0005 0.0003 2.9711 0.4602 0.497637 2.956236 12.24 
3.5789 2 1 1 0x0 4.0000 4.0000 4.00 4.00 0.7723 0.8396 0.0005 0.0005 2.9743 0.4620 0.497637 2.956252 12.23 
3.5829 2 1 1 0x0 4.0000 4.0000 4.00 4.00 1.0125 0.9267 0.0006 0.0003 2.9777 0.4638 0.500341 2.956261 12.24 
3.5869 2 1 1 0x0 4.0000 4.0000 4.00 4.00 1.0582 1.0938 0.0002 0.0005 2.9811 0.4656 0.497637 2.956242 12.23 
3.5909 2 1 1 0x0 4.0000 4.0000 4.00 4.00 0.7927 1.1558 0.0003 0.0003 2.9845 0.4675 0.500341 2.956245 12.23 
3.5949 2 1 1 0x0 4.0000 4.0000 4.00 4.00 1.0525 0.9404 0.0003 0.0005 2.9877 0.4692 0.500341 2.956256 12.24 
3.5989 2 1 1 0x0 4.0000 4.0000 4.00 4.00 0.8664 0.8285 0.0004 0.0003 2.9911 0.4711 0.503046 2.956276 12.23 
3.6029 2 1 1 0x0 4.0000 4.0000 4.00 4.00 1.0303 1.0570 0.0005 0.0005 2.9943 0.4729 0.503046 2.956273 12.23 
3.6069 2 1 1 0x0 4.0000 4.0000 4.00 4.00 0.8123 1.1113 0.0005 0.0003 2.9976 0.4747 0.505750 2.956257 12.23 
3.6109 2 1 1 0x0 4.0000 4.0000 4.00 4.00 1.0141 0.7954 0.0006 0.0005 3.0008 0.4765 0.505750 2.956241 12.23 
3.6149 2 1 1 0x0 4.0000 4.0000 4.00 4.00 1.0596 0.9890 0.0002 0.0003 3.0044 0.4784 0.505750 2.956242 12.23 
3.6189 2 1 1 0x0 4.0000 4.0000 4.00 4.00 0.7946 1.0928 0.0003 0.0006 3.0076 0.4802 0.505750 2.956261 12.23 
3.6229 2 1 1 0x0 4.0000 4.0000 4.00 4.00 1.0480 1.0683 0.0004 0.0003 3.0110 0.4821 0.508455 2.956264 12.23 
3.6269 2 1 1 0x0 4.0000 4.0000 4.00 4.00 0.8667 0.9424 0.0004 0.0006 3.0141 0.4839 0.508455 2.956255 12.23 
3.6309 2 1 1 0x0 4.0000 4.0000 4.00 4.00 1.0340 0.7887 0.0005 0.0003 3.0175 0.4857 0.511159 2.956247 12.23 
3.6349 2 1 1 0x0 4.0000 4.0000 4.00 4.00 0.8101 1.0515 0.0006 0.0005 3.0207 0.4875 0.511159 2.956256 12.23 
3.6389 2 1 1 0x0 4.0000 4.0000 4.00 4.00 1.0220 1.1054 0.0006 0.0004 3.0241 0.4894 0.513864 2.956265 12.23 
3.6429 2 1 1 0x0 4.0000 4.0000 4.00 4.00 1.0687 0.7994 0.0002 0.0006 3.0274 0.4913 0.511159 2.956268 12.24 
3.6469 2 1 1 0x0 4.0000 4.0000 4.00 4.00 0.7873 0.9950 0.0003 0.0004 3.0308 0.4932 0.513864 2.956264 12.23 
3.6509 2 1 1 0x0 4.0000 4.0000 4.00 4.00 1.0603 1.0869 0.0003 0.0006 3.0339 0.4950 0.513864 2.956266 12.23 
3.6549 2 1 1 0x0 4.0000 4.0000 4.00 4.00 0.9126 1.0655 0.0004 0.0003 3.0373 0.4969 0.516568 2.956287 12.24 
3.6589 2 1 1 0x0 4.0000 4.0000 4.00 4.00 1.0415 0.8886 0.0005 0.0006 3.0405 0.4987 0.516568 2.956274 12.23 
3.6629 2 1 1 0x0 4.0000 4.0000 4.00 4.00 0.8040 0.7910 0.0005 0.0004 3.0438 0.5006 0.519273 2.956247 12.23 
3.6669 2 1 1 0x0 4.0000 4.0000 4.00 4.00 1.0297 1.0473 0.0006 0.0005 3.0470 0.5024 0.519273 2.956256 12.24 
3.6709 2 1 1 0x0 4.0000 4.0000 4.00 4.00 1.0763 1.0993 0.0002 0.0004 3.0505 0.5044 0.519273 2.956253 12.23 
3.6749 2 1 1 0x0 4.0000 4.0000 4.00 4.00 1.0148 0.8015 0.0007 0.0006 3.0535 0.5062 0.521977 2.956256 12.23 
3.6789 2 1 1 0x0 4.0000 4.0000 4.00 4.00 0.9945 0.9381 0.0003 0.0004 3.0570 0.5082 0.521977 2.956300 12.24 
3.6829 2 1 1 0x0 4.0000 4.0000 4.00 4.00 0.9095 1.1617 0.0003 0.0006 3.0602 0.5100 0.521977 2.956303 12.23 
3.6869 2 1 1 0x0 4.0000 4.0000 4.00 4.00 1.0443 1.0566 0.0004 0.0004 3.0635 0.5119 0.524682 2.956307 12.23 
3.6909 2 1 1 0x0 4.0000 4.0000 4.00 4.00 0.7606 0.8956 0.0004 0.0006 3.0667 0.5138 0.524682 2.956333 12.22 
3.6949 2 1 1 0x0 4.0000 4.0000 4.00 4.00 1.0345 0.8405 0.0005 0.0004 3.0700 0.5157 0.527386 2.956341 12.23 
3.6989 2 1 1 0x0 4.0000 4.0000 4.00 4.00 0.8802 1.0388 0.0006 0.0006 3.0732 0.5175 0.527386 2.956324 12.23 
3.7029 2 1 1 0x0 4.0000 4.0000 4.00 4.00 1.0122 1.0921 0.0006 0.0004 3.0765 0.5195 0.530091 2.956329 12.23 
3.7069 2 1 1 0x0 4.0000 4.0000 4.00 4.00 1.0641 0.8051 0.0002 0.0006 3.0798 0.5214 0.527386 2.956336 12.24 
3.7109 2 1 1 0x0 4.0000 4.0000 4.00 4.00 0.9100 0.9420 0.0003 0.0004 3.0831 0.5234 0.530091 2.956317 12.24 
3.7149 2 1 1 0x0 4.0000 4.0000 4.00 4.00 1.0424 1.0739 0.0003 0.0006 3.0863 0.5252 0.530091 2.956328 12.24 
3.7189 2 1 1 0x0 4.0000 4.0000 4.00 4.00 0.8024 1.1321 0.0003 0.0004 3.0896 0.5272 0.532795 2.956323 12.23 
3.7229 2 1 1 0x0 4.0000 4.0000 4.00 4.00 1.0278 1.1066 0.0004 0.0002 3.0929 0.5291 0.535500 2.956299 12.23 
3.7269 2 1 1 0x0 4.0000 4.0000 4.00 4.00 0.8825 0.7972 0.0005 0.0004 3.0961 0.5310 0.535500 2.956325 12.23 
3.7309 2 1 1 0x0 4.0000 4.0000 4.00 4.00 1.0094 1.0365 0.0005 0.0006 3.0992 0.5329 0.535500 2.956335 12.24 
3.7349 2 1 1 0x0 4.0000 4.0000 4.00 4.00 0.7818 1.0886 0.0006 0.0004 3.1025 0.5348 0.538204 2.956324 12.24 
3.7389 2 1 1 0x0 4.0000 4.0000 4.00 4.00 0.9930 0.8059 0.0006 0.0006 3.1057 0.5367 0.538204 2.956317 12.24 
3.7429 2 1 1 0x0 4.0000 4.0000 4.00 4.00 1.0343 0.9431 0.0003 0.0004 3.1091 0.5388 0.538204 2.956305 12.24 
3.7469 2 1 1 0x0 4.0000 4.0000 4.00 4.00 0.8067 1.0720 0.0003 0.0006 3.1123 0.5407 0.538204 2.956325 12.23 
3.7509 2 1 1 0x0 4.0000 4.0000 4.00 4.00 1.0238 1.0497 0.0003 0.0004 3.1156 0.5426 0.540909 2.956351 12.23 
3.7549 2 1 1 0x0 4.0000 4.0000 4.00 4.00 0.8857 1.1027 0.0004 0.0002 3.1189 0.5446 0.543613 2.956356 12.23 
3.7589 2 1 1 0x0 4.0000 4.0000 4.00 4.00 1.0020 0.7592 0.0005 0.0004 3.1220 0.5465 0.543613 2.956361 12.23 
3.7629 2 1 1 0x0 4.0000 4.0000 4.00 4.00 0.7872 1.0320 0.0006 0.0006 3.1251 0.5484 0.543613 2.956361 12.23 
3.7669 2 1 1 0x0 4.0000 4.0000 4.00 4.00 0.9887 1.0818 0.0006 0.0004 3.1284 0.5504 0.546318 2.956365 12.24 
3.7709 2 1 1 0x0 4.0000 4.0000 4.00 4.00 1.0274 1.0591 0.0003 0.0002 3.1319 0.5525 0.546318 2.956381 12.23 
3.7749 2 1 1 0x0 4.0000 4.0000 4.00 4.00 0.8119 0.8928 0.0003 0.0004 3.1350 0.5544 0.546318 2.956366 12.23 
3.7789 2 1 1 0x0 4.0000 4.0000 4.00 4.00 1.0128 1.0653 0.0004 0.0007 3.1381 0.5563 0.546318 2.956328 12.24 
3.7829 2 1 1 0x0 4.0000 4.0000 4.00 4.00 0.8436 1.1233 0.0004 0.0004 3.1414 0.5583 0.549022 2.956321 12.23 
3.7869 2 1 1 0x0 4.0000 4.0000 4.00 4.00 1.0611 1.0993 0.0005 0.0002 3.1447 0.5603 0.551727 2.956310 12.23 
3.7909 2 1 1 0x0 4.0000 4.0000 4.00 4.00 0.7933 0.8011 0.0006 0.0005 3.1478 0.5622 0.551727 2.956294 12.23 
3.7949 2 1 1 0x0 4.0000 4.0000 4.00 4.00 1.0459 0.9341 0.0006 0.0002 3.1511 0.5643 0.554431 2.956306 12.24 
3.7989 2 1 1 0x0 4.0000 4.0000 4.00 4.00 1.0171 1.0856 0.0003 0.0005 3.1544 0.5663 0.551727 2.956315 12.23 
3.8029 2 1 1 0x0 4.0000 4.0000 4.00 4.00 0.8195 1.0667 0.0004 0.0002 3.1577 0.5683 0.554431 2.956320 12.23 
3.8069 2 1 1 0x0 4.0000 4.0000 4.00 4.00 1.0821 0.9437 0.0004 0.0005 3.1608 0.5702 0.554431 2.956325 12.23 
3.8109 2 1 1 0x0 4.0000 4.0000 4.00 4.00 0.9552 0.8329 0.0005 0.0003 3.1640 0.5723 0.557136 2.956337 12.23 
3.8149 2 1 1 0x0 4.0000 4.0000 4.00 4.00 1.0613 1.0520 0.0006 0.0004 3.1671 0.5742 0.557136 2.956322 12.23 
3.8189 2 1 1 0x0 4.0000 4.0000 4.00 4.00 0.7911 1.1057 0.0006 0.0003 3.1704 0.5762 0.559840 2.956319 12.23 
3.8229 2 1 1 0x0 4.0000 4.0000 4.00 4.00 0.8704 0.7977 0.0002 0.0005 3.1737 0.5783 0.557136 2.956335 12.23 
3.8269 2 1 1 0x0 4.0000 4.0000 4.00 4.00 1.1043 0.9317 0.0003 0.0003 3.1770 0.5803 0.559840 2.956347 12.23 
3.8309 2 1 1 0x0 4.0000 4.0000 4.00 4.00 0.8131 1.0884 0.0004 0.0005 3.1800 0.5823 0.559840 2.956342 12.24 
3.8349 2 1 1 0x0 4.0000 4.0000 4.00 4.00 1.0161 1.0663 0.0004 0.0003 3.1833 0.5843 0.562545 2.956341 12.24 
3.8389 2 1 1 0x0 4.0000 4.0000 4.00 4.00 0.8919 0.9441 0.0005 0.0005 3.1864 0.5863 0.562545 2.956357 12.23 
3.8429 2 1 1 0x0 4.0000 4.0000 4.00 4.00 1.0745 0.8336 0.0005 0.0003 3.1897 0.5883 0.565249 2.956367 12.23 
3.8469 2 1 1 0x0 4.0000 4.0000 4.00 4.00 0.7864 1.0483 0.0006 0.0005 3.1927 0.5903 0.565249 2.956350 12.23 
3.8509 2 1 1 0x0 4.0000 4.0000 4.00 4.00 0.9891 1.1020 0.0007 0.0003 3.1962 0.5924 0.565249 2.956318 12.23 
3.8549 2 1 1 0x0 4.0000 4.0000 4.00 4.00 1.0329 0.8002 0.0003 0.0005 3.1992 0.5944 0.565249 2.956331 12.23 
3.8589 2 1 1 0x0 4.0000 4.0000 4.00 4.00 0.7666 0.9345 0.0004 0.0003 3.2025 0.5965 0.567954 2.956336 12.24 
3.8629 2 1 1 0x0 4.0000 4.0000 4.00 4.00 1.0275 1.0835 0.0004 0.0005 3.2056 0.5984 0.567954 2.956313 12.23 
3.8669 2 1 1 0x0 4.0000 4.0000 4.00 4.00 0.8832 1.0620 0.0005 0.0003 3.2088 0.6005 0.570658 2.956304 12.23 
3.8709 2 1 1 0x0 4.0000 4.0000 4.00 4.00 1.0834 0.9453 0.0006 0.0005 3.2119 0.6025 0.570658 2.956310 12.23 
3.8749 2 1 1 0x0 4.0000 4.0000 4.00 4.00 0.7802 0.8341 0.0006 0.0003 3.2151 0.6046 0.573363 2.956323 12.23 
3.8789 2 1 1 0x0 4.0000 4.0000 4.00 4.00 1.0020 1.0497 0.0006 0.0005 3.2182 0.6065 0.573363 2.956325 12.23 
3.8829 2 1 1 0x0 4.0000 4.0000 4.00 4.00 1.0455 1.0269 0.0003 0.0003 3.2216 0.6087 0.573363 2.956312 12.23 
3.8869 2 1 1 0x0 4.0000 4.0000 4.00 4.00 0.7983 0.7996 0.0003 0.0005 3.2247 0.6107 0.573363 2.956322 12.23 
3.8909 2 1 1 0x0 4.0000 4.0000 4.00 4.00 1.0406 0.9326 0.0003 0.0003 3.2279 0.6128 0.576067 2.956316 12.23 
3.8949 2 1 1 0x0 4.0000 4.0000 4.00 4.00 0.8744 1.1723 0.0004 0.0005 3.2310 0.6148 0.576067 2.956337 12.23 
3.8989 2 1 1 0x0 4.0000 4.0000 4.00 4.00 1.0230 1.0648 0.0005 0.0003 3.2342 0.6169 0.578772 2.956334 12.23 
3.9029 2 1 1 0x0 4.0000 4.0000 4.00 4.00 0.7696 0.9454 0.0005 0.0006 3.2373 0.6189 0.578772 2.956315 12.23 
3.9069 2 1 1 0x0 4.0000 4.0000 4.00 4.00 1.0170 0.7901 0.0006 0.0004 3.2405 0.6210 0.581476 2.956300 12.23 
3.9109 2 1 1 0x0 4.0000 4.0000 4.00 4.00 1.0649 1.1301 0.0002 0.0005 3.2437 0.6231 0.578772 2.956323 12.23 
3.9149 2 1 1 0x0 4.0000 4.0000 4.00 4.00 0.8345 1.1054 0.0003 0.0004 3.2469 0.6252 0.581476 2.956340 12.23 
3.9189 2 1 1 0x0 4.0000 4.0000 4.00 4.00 1.0543 0.8421 0.0003 0.0006 3.2500 0.6273 0.581476 2.956331 12.23 
3.9229 2 1 1 0x0 4.0000 4.0000 4.00 4.00 0.9137 0.9291 0.0004 0.0004 3.2532 0.6294 0.584181 2.956310 12.23 
3.9269 2 1 1 0x0 4.0000 4.0000 4.00 4.00 1.0365 1.1802 0.0005 0.0006 3.2562 0.6314 0.584181 2.956319 12.23 
3.9309 2 1 1 0x0 4.0000 4.0000 4.00 4.00 0.8060 1.0723 0.0005 0.0004 3.2595 0.6335 0.586885 2.956329 12.23 
3.9349 2 1 1 0x0 4.0000 4.0000 4.00 4.00 1.0282 1.1300 0.0006 0.0002 3.2627 0.6357 0.589590 2.956355 12.24 
3.9389 2 1 1 0x0 4.0000 4.0000 4.00 4.00 0.8307 0.8297 0.0006 0.0004 3.2659 0.6378 0.586885 2.956368 12.23 
3.9429 2 1 1 0x0 4.0000 4.0000 4.00 4.00 1.0127 1.0571 0.0007 0.0006 3.2691 0.6399 0.589590 2.956352 12.23 
3.9469 2 1 1 0x0 4.0000 4.0000 4.00 4.00 0.9943 1.1118 0.0003 0.0004 3.2721 0.6420 0.589590 2.956351 12.23 
3.9509 2 1 1 0x0 4.0000 4.0000 4.00 4.00 0.8531 1.0887 0.0004 0.0002 3.2753 0.6441 0.592294 2.956350 12.23 
3.9549 2 1 1 0x0 4.0000 4.0000 4.00 4.00 1.0545 0.9270 0.0004 0.0004 3.2783 0.6461 0.592294 2.956343 12.23 
3.9589 2 1 1 0x0 4.0000 4.0000 4.00 4.00 0.7930 0.8209 0.0004 0.0003 3.2815 0.6483 0.594999 2.956339 12.23 
3.9629 2 1 1 0x0 4.0000 4.0000 4.00 4.00 0.9780 1.0714 0.0005 0.0004 3.2846 0.6503 0.594999 2.956298 12.22 
3.9669 2 1 1 0x0 4.0000 4.0000 4.00 4.00 0.8675 1.1259 0.0006 0.0003 3.2878 0.6525 0.597703 2.956308 12.23 
3.9709 2 1 1 0x0 4.0000 4.0000 4.00 4.00 1.0320 0.8316 0.0006 0.0005 3.2908 0.6546 0.597703 2.956339 12.23 
3.9749 2 1 1 0x0 4.0000 4.0000 4.00 4.00 1.0098 0.9175 0.0002 0.0003 3.2941 0.6568 0.597703 2.956340 12.23 
3.9789 2 1 1 0x0 4.0000 4.0000 4.00 4.00 0.9504 1.0326 0.0003 0.0005 3.2971 0.6589 0.597703 2.956302 12.23 
3.9829 2 1 1 0x0 4.0000 4.0000 4.00 4.00 1.0665 1.0132 0.0004 0.0002 3.3003 0.6611 0.600408 2.956317 12.24 
3.9869 2 1 1 0x0 4.0000 4.0000 4.00 4.00 0.8345 0.8734 0.0004 0.0005 3.3033 0.6631 0.600408 2.956327 12.23 
3.9909 2 1 1 0x0 4.0000 4.0000 4.00 4.00 1.0485 0.8204 0.0005 0.0003 3.3065 0.6653 0.603112 2.956308 12.24 
3.9949 2 1 1 0x0 4.0000 4.0000 4.00 4.00 0.8663 1.0718 0.0006 0.0005 3.3095 0.6674 0.603112 2.956313 12.23 
3.9989 2 1 1 0x0 4.0000 4.0000 4.00 4.00 1.0294 1.1276 0.0007 0.0003 3.3127 0.6696 0.605817 2.956297 12.23 
4.0029 2 1 1 0x0 4.0000 4.0000 4.00 4.00 1.0094 0.7860 0.0003 0.0005 3.3159 0.6718 0.603112 2.956299 12.23 
4.0069 2 1 1 0x0 4.0000 4.0000 4.00 4.00 0.8977 0.9745 0.0004 0.0003 3.3190 0.6740 0.605817 2.956307 12.23 
4.0109 2 1 1 0x0 4.0000 4.0000 4.00 4.00 1.0617 1.1123 0.0004 0.0006 3.3220 0.6760 0.605817 2.956285 12.23 
4.0149 2 1 1 0x0 4.0000 4.0000 4.00 4.00 0.8373 1.0897 0.0005 0.0003 3.3252 0.6782 0.608521 2.956271 12.24 
4.0189 2 1 1 0x0 4.0000 4.0000 4.00 4.00 1.0522 0.9256 0.0005 0.0005 3.3282 0.6803 0.608521 2.956275 12.24 
4.0229 2 1 1 0x0 4.0000 4.0000 4.00 4.00 1.0191 0.7757 0.0002 0.0003 3.3315 0.6826 0.608521 2.956298 12.24 
4.0269 2 1 1 0x0 4.0000 4.0000 4.00 4.00 1.0303 1.0759 0.0007 0.0005 3.3344 0.6846 0.611226 2.956322 12.23 
4.0309 2 1 1 0x0 4.0000 4.0000 4.00 4.00 1.0140 1.1335 0.0003 0.0003 3.3377 0.6869 0.611226 2.956311 12.23 
4.0349 2 1 1 0x0 4.0000 4.0000 4.00 4.00 0.8391 0.7833 0.0003 0.0005 3.3407 0.6890 0.611226 2.956313 12.23 
4.0389 2 1 1 0x0 4.0000 4.0000 4.00 4.00 1.0041 0.9111 0.0004 0.0003 3.3438 0.6913 0.613930 2.956322 12.23 
4.0429 2 1 1 0x0 4.0000 4.0000 4.00 4.00 0.7824 1.1168 0.0004 0.0005 3.3468 0.6934 0.613930 2.956342 12.24 
4.0469 2 1 1 0x0 4.0000 4.0000 4.00 4.00 1.0684 1.0950 0.0004 0.0003 3.3499 0.6956 0.616635 2.956346 12.23 
4.0509 2 1 1 0x0 4.0000 4.0000 4.00 4.00 0.8540 0.9230 0.0005 0.0006 3.3529 0.6977 0.616635 2.956335 12.24 
4.0549 2 1 1 0x0 4.0000 4.0000 4.00 4.00 0.9832 0.7748 0.0005 0.0004 3.3561 0.6999 0.619339 2.956355 12.23 
4.0589 2 1 1 0x0 4.0000 4.0000 4.00 4.00 0.7975 1.0781 0.0006 0.0005 3.3590 0.7021 0.619339 2.956383 12.23 
4.0629 2 1 1 0x0 4.0000 4.0000 4.00 4.00 1.0417 1.0535 0.0006 0.0004 3.3622 0.7043 0.622044 2.956402 12.23 
4.0669 2 1 1 0x0 4.0000 4.0000 4.00 4.00 1.0152 0.8275 0.0003 0.0006 3.3653 0.7065 0.619339 2.956401 12.23 
4.0709 2 1 1 0x0 4.0000 4.0000 4.00 4.00 0.7769 0.9123 0.0003 0.0004 3.3684 0.7088 0.622044 2.956382 12.23 
4.0749 2 1 1 0x0 4.0000 4.0000 4.00 4.00 1.0086 1.1167 0.0004 0.0006 3.3714 0.7109 0.622044 2.956383 12.23 
4.0789 2 1 1 0x0 4.0000 4.0000 4.00 4.00 0.8977 1.0940 0.0005 0.0004 3.3745 0.7132 0.624748 2.956412 12.24 
4.0829 2 1 1 0x0 4.0000 4.0000 4.00 4.00 0.9937 1.1530 0.0005 0.0002 3.3777 0.7154 0.627453 2.956399 12.23 
4.0869 2 1 1 0x0 4.0000 4.0000 4.00 4.00 0.7908 0.7749 0.0006 0.0004 3.3806 0.7176 0.627453 2.956382 12.24 
4.0909 2 1 1 0x0 4.0000 4.0000 4.00 4.00 1.0542 1.0786 0.0006 0.0006 3.3836 0.7197 0.627453 2.956382 12.23 
4.0949 2 1 1 0x0 4.0000 4.0000 4.00 4.00 1.0257 1.1369 0.0003 0.0004 3.3869 0.7221 0.627453 2.956361 12.23 
4.0989 2 1 1 0x0 4.0000 4.0000 4.00 4.00 0.8103 0.8252 0.0003 0.0006 3.3898 0.7242 0.627453 2.956373 12.23 
4.1029 2 1 1 0x0 4.0000 4.0000 4.00 4.00 1.0215 0.9073 0.0003 0.0004 3.3929 0.7265 0.630157 2.956391 12.23 
4.1069 2 1 1 0x0 4.0000 4.0000 4.00 4.00 0.8832 1.1257 0.0004 0.0006 3.3959 0.7287 0.630157 2.956343 12.24 
4.1109 2 1 1 0x0 4.0000 4.0000 4.00 4.00 1.0102 1.0280 0.0004 0.0003 3.3990 0.7309 0.632862 2.956336 12.23 
4.1149 2 1 1 0x0 4.0000 4.0000 4.00 4.00 0.7790 0.9168 0.0004 0.0006 3.4021 0.7332 0.635566 2.956348 12.22 
4.1189 2 1 1 0x0 4.0000 4.0000 4.00 4.00 1.0039 0.8106 0.0005 0.0004 3.4050 0.7354 0.635566 2.956337 12.23 
4.1229 2 1 1 0x0 4.0000 4.0000 4.00 4.00 0.8992 1.0882 0.0005 0.0006 3.4080 0.7376 0.635566 2.956329 12.24 
4.1269 2 1 1 0x0 4.0000 4.0000 4.00 4.00 0.9913 1.0655 0.0006 0.0004 3.4111 0.7398 0.638271 2.956316 12.23 
4.1309 2 1 1 0x0 4.0000 4.0000 4.00 4.00 1.0412 0.8196 0.0002 0.0006 3.4142 0.7421 0.635566 2.956332 12.23 
4.1349 2 1 1 0x0 4.0000 4.0000 4.00 4.00 0.8682 0.9024 0.0002 0.0004 3.4173 0.7444 0.638271 2.956348 12.24 
4.1389 2 1 1 0x0 4.0000 4.0000 4.00 4.00 1.1030 1.1314 0.0003 0.0006 3.4202 0.7466 0.638271 2.956354 12.23 
4.1429 2 1 1 0x0 4.0000 4.0000 4.00 4.00 0.8132 1.0308 0.0004 0.0004 3.4233 0.7489 0.640975 2.956345 12.23 
4.1469 2 1 1 0x0 4.0000 4.0000 4.00 4.00 1.0861 1.0829 0.0005 0.0002 3.4264 0.7512 0.643680 2.956321 12.23 
4.1509 2 1 1 0x0 4.0000 4.0000 4.00 4.00 0.8436 0.7686 0.0006 0.0004 3.4293 0.7534 0.643680 2.956323 12.23 
4.1549 2 1 1 0x0 4.0000 4.0000 4.00 4.00 1.0655 1.0895 0.0007 0.0006 3.4322 0.7556 0.643680 2.956321 12.23 
4.1589 2 1 1 0x0 4.0000 4.0000 4.00 4.00 1.0418 1.0656 0.0003 0.0004 3.4354 0.7580 0.643680 2.956336 12.23 
4.1629 2 1 1 0x0 4.0000 4.0000 4.00 4.00 0.8702 1.0440 0.0003 0.0002 3.4385 0.7604 0.646384 2.956319 12.24 
4.1669 2 1 1 0x0 4.0000 4.0000 4.00 4.00 1.0261 0.9619 0.0004 0.0004 3.4414 0.7626 0.646384 2.956294 12.24 
4.1709 2 1 1 0x0 4.0000 4.0000 4.00 4.00 0.8101 1.0478 0.0004 0.0006 3.4444 0.7648 0.646384 2.956296 12.24 
4.1749 2 1 1 0x0 4.0000 4.0000 4.00 4.00 1.0188 1.1042 0.0005 0.0004 3.4474 0.7671 0.649089 2.956319 12.23 
4.1789 2 1 1 0x0 4.0000 4.0000 4.00 4.00 0.8863 1.0786 0.0006 0.0002 3.4505 0.7694 0.651793 2.956330 12.23 
4.1829 2 1 1 0x0 4.0000 4.0000 4.00 4.00 1.0818 0.8122 0.0007 0.0004 3.4534 0.7716 0.651793 2.956304 12.24 
4.1869 2 1 1 0x0 4.0000 4.0000 4.00 4.00 0.9890 1.0851 0.0003 0.0006 3.4566 0.7741 0.651793 2.956316 12.23 
4.1909 2 1 1 0x0 4.0000 4.0000 4.00 4.00 0.9683 1.0617 0.0003 0.0004 3.4595 0.7763 0.651793 2.956309 12.23 
4.1949 2 1 1 0x0 4.0000 4.0000 4.00 4.00 1.0461 1.1189 0.0004 0.0002 3.4626 0.7786 0.654498 2.956327 12.22 
4.1989 2 1 1 0x0 4.0000 4.0000 4.00 4.00 0.7995 0.9650 0.0004 0.0005 3.4655 0.7809 0.654498 2.956316 12.24 
4.2029 2 1 1 0x0 4.0000 4.0000 4.00 4.00 1.0401 0.8042 0.0005 0.0003 3.4685 0.7832 0.657202 2.956320 12.23 
4.2069 2 1 1 0x0 4.0000 4.0000 4.00 4.00 0.8679 1.1010 0.0005 0.0004 3.4714 0.7854 0.657202 2.956324 12.23 
4.2109 2 1 1 0x0 4.0000 4.0000 4.00 4.00 1.0291 1.1609 0.0006 0.0003 3.4745 0.7878 0.659907 2.956338 12.23 
4.2149 2 1 1 0x0 4.0000 4.0000 4.00 4.00 0.8078 0.8602 0.0006 0.0005 3.4774 0.7900 0.659907 2.956353 12.24 
4.2189 2 1 1 0x0 4.0000 4.0000 4.00 4.00 0.8906 0.9521 0.0002 0.0003 3.4806 0.7925 0.659907 2.956349 12.23 
4.2229 2 1 1 0x0 4.0000 4.0000 4.00 4.00 0.9991 1.1422 0.0003 0.0005 3.4835 0.7948 0.659907 2.956359 12.23 
4.2269 2 1 1 0x0 4.0000 4.0000 4.00 4.00 0.8299 1.0406 0.0004 0.0003 3.4865 0.7971 0.662611 2.956379 12.23 
4.2309 2 1 1 0x0 4.0000 4.0000 4.00 4.00 1.0684 0.9063 0.0004 0.0005 3.4894 0.7994 0.662611 2.956364 12.23 
4.2349 2 1 1 0x0 4.0000 4.0000 4.00 4.00 0.9056 0.8036 0.0004 0.0003 3.4924 0.8017 0.665316 2.956354 12.23 
4.2389 2 1 1 0x0 4.0000 4.0000 4.00 4.00 1.0523 1.1019 0.0005 0.0005 3.4953 0.8040 0.665316 2.956349 12.23 
4.2429 2 1 1 0x0 4.0000 4.0000 4.00 4.00 0.7957 1.0778 0.0006 0.0003 3.4983 0.8064 0.668020 2.956359 12.23 
4.2469 2 1 1 0x0 4.0000 4.0000 4.00 4.00 1.0423 0.8122 0.0006 0.0005 3.5012 0.8086 0.668020 2.956364 12.24 
4.2509 2 1 1 0x0 4.0000 4.0000 4.00 4.00 1.0175 0.8931 0.0003 0.0003 3.5044 0.8112 0.668020 2.956376 12.23 
4.2549 2 1 1 0x0 4.0000 4.0000 4.00 4.00 0.8176 1.1462 0.0003 0.0006 3.5072 0.8134 0.668020 2.956353 12.23 
4.2589 2 1 1 0x0 4.0000 4.0000 4.00 4.00 1.0817 1.1223 0.0004 0.0003 3.5103 0.8158 0.670725 2.956347 12.23 
4.2629 2 1 1 0x0 4.0000 4.0000 4.00 4.00 0.8433 0.9630 0.0004 0.0006 3.5131 0.8181 0.670725 2.956334 12.23 
4.2669 2 1 1 0x0 4.0000 4.0000 4.00 4.00 0.9983 0.8022 0.0005 0.0003 3.5161 0.8205 0.673429 2.956347 12.24 
4.2709 2 1 1 0x0 4.0000 4.0000 4.00 4.00 0.8302 1.0282 0.0005 0.0006 3.5190 0.8228 0.673429 2.956346 12.23 
4.2749 2 1 1 0x0 4.0000 4.0000 4.00 4.00 1.0600 1.1646 0.0006 0.0004 3.5220 0.8252 0.676134 2.956352 12.23 
4.2789 2 1 1 0x0 4.0000 4.0000 4.00 4.00 1.0348 0.8116 0.0002 0.0006 3.5250 0.8276 0.673429 2.956362 12.23 
4.2829 2 1 1 0x0 4.0000 4.0000 4.00 4.00 0.8082 0.9510 0.0003 0.0004 3.5280 0.8300 0.676134 2.956377 12.23 
4.2869 2 1 1 0x0 4.0000 4.0000 4.00 4.00 1.1037 1.0616 0.0003 0.0006 3.5309 0.8323 0.676134 2.956380 12.23 
4.2909 2 1 1 0x0 4.0000 4.0000 4.00 4.00 0.8843 1.1166 0.0004 0.0004 3.5339 0.8347 0.678838 2.956383 12.23 
4.2949 2 1 1 0x0 4.0000 4.0000 4.00 4.00 1.0109 1.1780 0.0005 0.0002 3.5369 0.8371 0.681543 2.956368 12.23 
4.2989 2 1 1 0x0 4.0000 4.0000 4.00 4.00 0.8240 0.8048 0.0005 0.0004 3.5397 0.8394 0.681543 2.956384 12.23 
4.3029 2 1 1 0x0 4.0000 4.0000 4.00 4.00 1.0717 1.0995 0.0006 0.0006 3.5425 0.8417 0.681543 2.956381 12.23 
4.3069 2 1 1 0x0 4.0000 4.0000 4.00 4.00 1.0442 1.0751 0.0002 0.0004 3.5457 0.8443 0.681543 2.956375 12.23 
4.3109 2 1 1 0x0 4.0000 4.0000 4.00 4.00 0.8009 0.8147 0.0003 0.0006 3.5485 0.8466 0.681543 2.956368 12.24 
4.3149 2 1 1 0x0 4.0000 4.0000 4.00 4.00 1.0338 0.9542 0.0004 0.0004 3.5515 0.8490 0.684247 2.956356 12.23 
4.3189 2 1 1 0x0 4.0000 4.0000 4.00 4.00 0.8280 1.0576 0.0004 0.0006 3.5543 0.8513 0.684247 2.956357 12.23 
4.3229 2 1 1 0x0 4.0000 4.0000 4.00 4.00 1.0187 1.1133 0.0005 0.0004 3.5573 0.8538 0.686952 2.956378 12.23 
4.3269 2 1 1 0x0 4.0000 4.0000 4.00 4.00 0.7748 1.0888 0.0006 0.0002 3.5603 0.8562 0.689656 2.956370 12.24 
4.3309 2 1 1 0x0 4.0000 4.0000 4.00 4.00 1.0806 0.8067 0.0006 0.0004 3.5633 0.8586 0.686952 2.956351 12.23 
4.3349 2 1 1 0x0 4.0000 4.0000 4.00 4.00 1.0516 1.0971 0.0003 0.0006 3.5661 0.8610 0.686952 2.956348 12.23 
4.3389 2 1 1 0x0 4.0000 4.0000 4.00 4.00 0.8427 1.0745 0.0004 0.0004 3.5691 0.8634 0.689656 2.956353 12.23 
4.3429 2 1 1 0x0 4.0000 4.0000 4.00 4.00 1.0423 1.0521 0.0004 0.0002 3.5720 0.8659 0.692361 2.956363 12.22 
4.3469 2 1 1 0x0 4.0000 4.0000 4.00 4.00 0.9221 0.9572 0.0005 0.0005 3.5748 0.8682 0.692361 2.956358 12.23 
4.3509 2 1 1 0x0 4.0000 4.0000 4.00 4.00 1.0303 1.1351 0.0005 0.0007 3.5776 0.8705 0.692361 2.956350 12.23 
4.3549 2 1 1 0x0 4.0000 4.0000 4.00 4.00 0.7672 1.1118 0.0006 0.0004 3.5806 0.8730 0.695065 2.956376 12.23 
4.3589 2 1 1 0x0 4.0000 4.0000 4.00 4.00 1.0213 1.0868 0.0006 0.0003 3.5836 0.8755 0.697770 2.956391 12.23 
4.3629 2 1 1 0x0 4.0000 4.0000 4.00 4.00 1.0723 0.8542 0.0003 0.0005 3.5865 0.8779 0.695065 2.956410 12.23 
4.3669 2 1 1 0x0 4.0000 4.0000 4.00 4.00 0.8300 0.9457 0.0003 0.0003 3.5895 0.8804 0.697770 2.956396 12.23 
4.3709 2 1 1 0x0 4.0000 4.0000 4.00 4.00 1.0617 1.1523 0.0004 0.0005 3.5923 0.8828 0.697770 2.956376 12.23 
4.3749 2 1 1 0x0 4.0000 4.0000 4.00 4.00 0.8565 1.0498 0.0004 0.0003 3.5952 0.8852 0.700475 2.956389 12.23 
4.3789 2 1 1 0x0 4.0000 4.0000 4.00 4.00 1.0466 0.9572 0.0005 0.0005 3.5980 0.8876 0.700475 2.956382 12.22 
4.3829 2 1 1 0x0 4.0000 4.0000 4.00 4.00 0.7981 0.7984 0.0006 0.0003 3.6010 0.8901 0.703179 2.956367 12.23 
4.3869 2 1 1 0x0 4.0000 4.0000 4.00 4.00 1.0388 1.0366 0.0006 0.0005 3.6038 0.8924 0.703179 2.956365 12.24 
4.3909 2 1 1 0x0 4.0000 4.0000 4.00 4.00 1.0878 1.0905 0.0003 0.0003 3.6068 0.8951 0.703179 2.956368 12.24 
4.3949 2 1 1 0x0 4.0000 4.0000 4.00 4.00 0.8206 0.8050 0.0003 0.0005 3.6096 0.8974 0.703179 2.956392 12.23 
4.3989 2 1 1 0x0 4.0000 4.0000 4.00 4.00 1.0023 0.8850 0.0004 0.0003 3.6126 0.8999 0.705884 2.956389 12.23 
4.4029 2 1 1 0x0 4.0000 4.0000 4.00 4.00 0.9593 1.0747 0.0005 0.0005 3.6153 0.9023 0.705884 2.956359 12.23 
4.4069 2 1 1 0x0 4.0000 4.0000 4.00 4.00 1.0565 1.0547 0.0006 0.0003 3.6183 0.9048 0.708588 2.956355 12.23 
4.4109 2 1 1 0x0 4.0000 4.0000 4.00 4.00 0.7938 0.9535 0.0006 0.0005 3.6211 0.9072 0.708588 2.956364 12.24 
4.4149 2 1 1 0x0 4.0000 4.0000 4.00 4.00 1.0453 0.8403 0.0007 0.0003 3.6240 0.9097 0.711293 2.956385 12.24 
4.4189 2 1 1 0x0 4.0000 4.0000 4.00 4.00 1.0209 1.1170 0.0003 0.0005 3.6269 0.9122 0.708588 2.956405 12.24 
4.4229 2 1 1 0x0 4.0000 4.0000 4.00 4.00 0.7712 1.0929 0.0003 0.0003 3.6298 0.9147 0.711293 2.956369 12.23 
4.4269 2 1 1 0x0 4.0000 4.0000 4.00 4.00 1.0156 0.8049 0.0004 0.0005 3.6326 0.9171 0.711293 2.956374 12.24 
4.4309 2 1 1 0x0 4.0000 4.0000 4.00 4.00 0.8908 0.8840 0.0005 0.0003 3.6355 0.9196 0.713997 2.956393 12.23 
4.4349 2 1 1 0x0 4.0000 4.0000 4.00 4.00 1.0722 1.0779 0.0006 0.0005 3.6383 0.9220 0.713997 2.956382 12.22 
4.4389 2 1 1 0x0 4.0000 4.0000 4.00 4.00 0.7873 1.0559 0.0006 0.0003 3.6412 0.9245 0.716702 2.956376 12.23 
4.4429 2 1 1 0x0 4.0000 4.0000 4.00 4.00 0.9212 0.9526 0.0003 0.0005 3.6441 0.9270 0.713997 2.956366 12.23 
4.4469 2 1 1 0x0 4.0000 4.0000 4.00 4.00 1.0284 0.7952 0.0004 0.0003 3.6470 0.9296 0.716702 2.956367 12.23 
4.4509 2 1 1 0x0 4.0000 4.0000 4.00 4.00 0.8119 1.0401 0.0004 0.0005 3.6497 0.9320 0.716702 2.956361 12.23 
4.4549 2 1 1 0x0 4.0000 4.0000 4.00 4.00 1.0162 1.0927 0.0005 0.0003 3.6527 0.9345 0.719406 2.956351 12.23 
4.4589 2 1 1 0x0 4.0000 4.0000 4.00 4.00 0.8394 0.8044 0.0006 0.0005 3.6554 0.9369 0.719406 2.956339 12.23 
4.4629 2 1 1 0x0 4.0000 4.0000 4.00 4.00 1.0724 0.9376 0.0007 0.0003 3.6583 0.9395 0.722111 2.956322 12.23 
4.4669 2 1 1 0x0 4.0000 4.0000 4.00 4.00 1.0495 1.1660 0.0003 0.0005 3.6612 0.9420 0.719406 2.956327 12.23 
4.4709 2 1 1 0x0 4.0000 4.0000 4.00 4.00 0.9196 1.0619 0.0004 0.0003 3.6641 0.9445 0.722111 2.956324 12.23 
4.4749 2 1 1 0x0 4.0000 4.0000 4.00 4.00 1.0340 0.9466 0.0004 0.0005 3.6668 0.9470 0.722111 2.956302 12.23 
4.4789 2 1 1 0x0 4.0000 4.0000 4.00 4.00 0.7645 0.7899 0.0005 0.0003 3.6697 0.9495 0.724815 2.956296 12.23 
4.4829 2 1 1 0x0 4.0000 4.0000 4.00 4.00 1.0239 1.0509 0.0005 0.0005 3.6724 0.9519 0.724815 2.956317 12.23 
4.4869 2 1 1 0x0 4.0000 4.0000 4.00 4.00 1.0702 1.1079 0.0002 0.0003 3.6755 0.9546 0.724815 2.956281 12.22 
4.4909 2 1 1 0x0 4.0000 4.0000 4.00 4.00 0.8310 0.8412 0.0003 0.0005 3.6782 0.9570 0.724815 2.956325 12.23 
4.4949 2 1 1 0x0 4.0000 4.0000 4.00 4.00 0.9874 0.9277 0.0003 0.0003 3.6811 0.9596 0.727520 2.956324 12.23 
4.4989 2 1 1 0x0 4.0000 4.0000 4.00 4.00 0.9740 1.0948 0.0004 0.0005 3.6838 0.9620 0.727520 2.956299 12.23 
4.5029 2 1 1 0x0 4.0000 4.0000 4.00 4.00 1.0390 1.0760 0.0005 0.0002 3.6867 0.9646 0.730224 2.956316 12.22 
4.5069 2 1 1 0x0 4.0000 4.0000 4.00 4.00 0.8054 0.9985 0.0006 0.0005 3.6894 0.9670 0.730224 2.956321 12.23 
4.5109 2 1 1 0x0 4.0000 4.0000 4.00 4.00 1.0273 0.8268 0.0006 0.0003 3.6923 0.9696 0.732929 2.956304 12.23 
4.5149 2 1 1 0x0 4.0000 4.0000 4.00 4.00 1.0003 1.0624 0.0003 0.0005 3.6952 0.9722 0.730224 2.956300 12.23 
4.5189 2 1 1 0x0 4.0000 4.0000 4.00 4.00 0.7456 1.1211 0.0003 0.0003 3.6980 0.9748 0.732929 2.956283 12.23 
4.5229 2 1 1 0x0 4.0000 4.0000 4.00 4.00 1.0614 0.7894 0.0004 0.0005 3.7007 0.9772 0.732929 2.956272 12.23 
4.5269 2 1 1 0x0 4.0000 4.0000 4.00 4.00 0.9146 0.9177 0.0005 0.0003 3.7036 0.9798 0.735633 2.956296 12.24 
4.5309 2 1 1 0x0 4.0000 4.0000 4.00 4.00 1.0354 1.1082 0.0006 0.0005 3.7063 0.9822 0.735633 2.956304 12.23 
4.5349 2 1 1 0x0 4.0000 4.0000 4.00 4.00 1.0129 1.0875 0.0002 0.0003 3.7093 0.9850 0.735633 2.956303 12.23 
4.5389 2 1 1 0x0 4.0000 4.0000 4.00 4.00 0.9500 0.9278 0.0003 0.0005 3.7120 0.9874 0.735633 2.956327 12.23 
4.5429 2 1 1 0x0 4.0000 4.0000 4.00 4.00 0.9940 0.8205 0.0004 0.0003 3.7149 0.9900 0.738338 2.956344 12.23 
4.5469 2 1 1 0x0 4.0000 4.0000 4.00 4.00 0.7897 1.0722 0.0004 0.0005 3.7176 0.9924 0.738338 2.956352 12.23 
4.5509 2 1 1 0x0 4.0000 4.0000 4.00 4.00 1.0523 1.0502 0.0005 0.0003 3.7204 0.9950 0.741042 2.956335 12.23 
4.5549 2 1 1 0x0 4.0000 4.0000 4.00 4.00 0.8159 0.7857 0.0006 0.0005 3.7231 0.9975 0.741042 2.956333 12.23 
4.5589 2 1 1 0x0 4.0000 4.0000 4.00 4.00 1.0359 0.9734 0.0007 0.0003 3.7260 1.0001 0.743747 2.956331 12.23 
4.5629 2 1 1 0x0 4.0000 4.0000 4.00 4.00 1.0905 1.0364 0.0003 0.0005 3.7288 1.0027 0.741042 2.956323 12.23 
4.5669 2 1 1 0x0 4.0000 4.0000 4.00 4.00 0.8912 1.0894 0.0003 0.0003 3.7316 1.0053 0.743747 2.956335 12.23 
4.5709 2 1 1 0x0 4.0000 4.0000 4.00 4.00 1.0705 0.8722 0.0004 0.0005 3.7343 1.0078 0.743747 2.956321 12.23 
4.5749 2 1 1 0x0 4.0000 4.0000 4.00 4.00 0.7841 0.8193 0.0004 0.0003 3.7372 1.0104 0.746451 2.956320 12.23 
4.5789 2 1 1 0x0 4.0000 4.0000 4.00 4.00 0.9901 1.0028 0.0005 0.0005 3.7398 1.0129 0.746451 2.956335 12.24 
4.5829 2 1 1 0x0 4.0000 4.0000 4.00 4.00 0.9099 1.0519 0.0006 0.0003 3.7427 1.0155 0.749156 2.956319 12.23 
4.5869 2 1 1 0x0 4.0000 4.0000 4.00 4.00 1.0454 0.8282 0.0007 0.0005 3.7453 1.0180 0.749156 2.956319 12.23 
4.5908 2 1 1 0x0 4.0000 4.0000 4.00 4.00 1.0267 0.9720 0.0002 0.0003 3.7483 1.0207 0.749156 2.956324 12.23 
4.5948 2 1 1 0x0 4.0000 4.0000 4.00 4.00 0.9374 1.1146 0.0003 0.0005 3.7510 1.0232 0.749156 2.956319 12.23 
4.5988 2 1 1 0x0 4.0000 4.0000 4.00 4.00 1.0123 1.0940 0.0004 0.0003 3.7538 1.0259 0.751860 2.956326 12.23 
4.6028 2 1 1 0x0 4.0000 4.0000 4.00 4.00 0.8208 0.8693 0.0004 0.0005 3.7565 1.0284 0.751860 2.956364 12.23 
4.6068 2 1 1 0x0 4.0000 4.0000 4.00 4.00 1.0724 0.8162 0.0005 0.0003 3.7593 1.0310 0.754565 2.956379 12.23 
4.6108 2 1 1 0x0 4.0000 4.0000 4.00 4.00 0.9040 1.0795 0.0006 0.0005 3.7619 1.0335 0.754565 2.956372 12.23 
4.6148 2 1 1 0x0 4.0000 4.0000 4.00 4.00 1.0549 1.1362 0.0007 0.0003 3.7648 1.0361 0.757269 2.956337 12.23 
4.6188 2 1 1 0x0 4.0000 4.0000 4.00 4.00 1.0353 0.8262 0.0003 0.0005 3.7676 1.0388 0.754565 2.956406 12.23 
4.6228 2 1 1 0x0 4.0000 4.0000 4.00 4.00 0.8769 0.9104 0.0004 0.0003 3.7704 1.0414 0.757269 2.956397 12.23 
4.6268 2 1 1 0x0 4.0000 4.0000 4.00 4.00 1.0896 1.0405 0.0005 0.0005 3.7730 1.0439 0.757269 2.956351 12.23 
4.6308 2 1 1 0x0 4.0000 4.0000 4.00 4.00 0.8201 1.0959 0.0005 0.0003 3.7758 1.0466 0.759974 2.956380 12.23 
4.6348 2 1 1 0x0 4.0000 4.0000 4.00 4.00 1.0779 0.9211 0.0006 0.0005 3.7785 1.0491 0.759974 2.956393 12.23 
4.6388 2 1 1 0x0 4.0000 4.0000 4.00 4.00 1.0449 0.8618 0.0003 0.0003 3.7814 1.0519 0.759974 2.956403 12.23 
4.6428 2 1 1 0x0 4.0000 4.0000 4.00 4.00 0.8028 1.0107 0.0003 0.0005 3.7840 1.0544 0.759974 2.956398 12.23 
4.6468 2 1 1 0x0 4.0000 4.0000 4.00 4.00 1.0293 1.0615 0.0004 0.0003 3.7868 1.0571 0.762678 2.956381 12.23 
4.6508 2 1 1 0x0 4.0000 4.0000 4.00 4.00 0.8311 0.7790 0.0005 0.0005 3.7895 1.0596 0.762678 2.956396 12.23 
4.6548 2 1 1 0x0 4.0000 4.0000 4.00 4.00 1.0852 0.9051 0.0006 0.0003 3.7923 1.0623 0.765383 2.956443 12.23 
4.6588 2 1 1 0x0 4.0000 4.0000 4.00 4.00 0.8227 1.1273 0.0006 0.0005 3.7949 1.0648 0.765383 2.956445 12.23 
4.6628 2 1 1 0x0 4.0000 4.0000 4.00 4.00 0.8576 1.1053 0.0002 0.0003 3.7978 1.0676 0.765383 2.956433 12.23 
4.6668 2 1 1 0x0 4.0000 4.0000 4.00 4.00 1.0471 0.9737 0.0003 0.0005 3.8005 1.0701 0.765383 2.956470 12.23 
4.6708 2 1 1 0x0 4.0000 4.0000 4.00 4.00 0.7993 0.7679 0.0003 0.0003 3.8032 1.0728 0.768087 2.956479 12.23 
4.6748 2 1 1 0x0 4.0000 4.0000 4.00 4.00 1.0360 1.0923 0.0004 0.0005 3.8059 1.0753 0.768087 2.956464 12.23 
4.6788 2 1 1 0x0 4.0000 4.0000 4.00 4.00 0.8772 1.0700 0.0005 0.0003 3.8086 1.0780 0.770792 2.956445 12.23 
4.6828 2 1 1 0x0 4.0000 4.0000 4.00 4.00 1.0163 0.8166 0.0006 0.0005 3.8112 1.0806 0.770792 2.956438 12.23 
4.6868 2 1 1 0x0 4.0000 4.0000 4.00 4.00 0.9927 0.8981 0.0002 0.0003 3.8142 1.0834 0.770792 2.956426 12.23 
4.6908 2 1 1 0x0 4.0000 4.0000 4.00 4.00 0.9703 1.1393 0.0003 0.0005 3.8168 1.0859 0.770792 2.956419 12.23 
4.6948 2 1 1 0x0 4.0000 4.0000 4.00 4.00 1.0442 1.0375 0.0004 0.0003 3.8195 1.0886 0.773496 2.956406 12.23 
4.6988 2 1 1 0x0 4.0000 4.0000 4.00 4.00 0.8037 0.9077 0.0005 0.0005 3.8221 1.0912 0.773496 2.956383 12.23 
4.7028 2 1 1 0x0 4.0000 4.0000 4.00 4.00 1.0278 0.7623 0.0005 0.0003 3.8249 1.0939 0.776201 2.956384 12.24 
4.7068 2 1 1 0x0 4.0000 4.0000 4.00 4.00 0.9373 1.0304 0.0006 0.0005 3.8275 1.0964 0.776201 2.956392 12.23 
4.7108 2 1 1 0x0 4.0000 4.0000 4.00 4.00 1.0836 1.0841 0.0007 0.0004 3.8302 1.0991 0.778905 2.956406 12.23 
4.7148 2 1 1 0x0 4.0000 4.0000 4.00 4.00 1.0633 0.8549 0.0003 0.0006 3.8330 1.1018 0.776201 2.956413 12.23 
4.7188 2 1 1 0x0 4.0000 4.0000 4.00 4.00 0.8583 0.9454 0.0004 0.0004 3.8357 1.1045 0.778905 2.956338 12.24 
4.7228 2 1 1 0x0 4.0000 4.0000 4.00 4.00 1.0419 1.1535 0.0005 0.0006 3.8383 1.1071 0.778905 2.956458 12.23 
4.7268 2 1 1 0x0 4.0000 4.0000 4.00 4.00 0.8490 1.0504 0.0005 0.0003 3.8411 1.1098 0.781610 2.956405 12.24 
4.7308 2 1 1 0x0 4.0000 4.0000 4.00 4.00 1.0359 0.8994 0.0005 0.0006 3.8437 1.1124 0.781610 2.956414 12.23 
4.7348 2 1 1 0x0 4.0000 4.0000 4.00 4.00 1.0811 0.7981 0.0002 0.0004 3.8465 1.1152 0.781610 2.956445 12.23 
4.7388 2 1 1 0x0 4.0000 4.0000 4.00 4.00 0.8242 1.1135 0.0003 0.0005 3.8491 1.1178 0.781610 2.956436 12.23 
4.7428 2 1 1 0x0 4.0000 4.0000 4.00 4.00 1.0722 1.0889 0.0003 0.0004 3.8519 1.1205 0.784314 2.956447 12.23 
4.7468 2 1 1 0x0 4.0000 4.0000 4.00 4.00 0.8498 0.8058 0.0004 0.0006 3.8544 1.1231 0.784314 2.956452 12.23 
4.7508 2 1 1 0x0 4.0000 4.0000 4.00 4.00 1.0536 0.9428 0.0005 0.0004 3.8572 1.1258 0.787019 2.956496 12.23 
4.7548 2 1 1 0x0 4.0000 4.0000 4.00 4.00 0.7980 1.1564 0.0005 0.0006 3.8597 1.1284 0.787019 2.956472 12.23 
4.7588 2 1 1 0x0 4.0000 4.0000 4.00 4.00 1.0358 1.0540 0.0006 0.0004 3.8625 1.1312 0.789723 2.956489 12.23 
4.7628 2 1 1 0x0 4.0000 4.0000 4.00 4.00 1.0806 1.1083 0.0003 0.0002 3.8653 1.1340 0.789723 2.956477 12.24 
4.7668 2 1 1 0x0 4.0000 4.0000 4.00 4.00 0.7825 0.7962 0.0003 0.0004 3.8679 1.1366 0.789723 2.956474 12.23 
4.7708 2 1 1 0x0 4.0000 4.0000 4.00 4.00 1.0633 1.0390 0.0004 0.0006 3.8705 1.1392 0.789723 2.956475 12.23 
4.7748 2 1 1 0x0 4.0000 4.0000 4.00 4.00 0.9114 1.0948 0.0004 0.0004 3.8732 1.1420 0.792428 2.956472 12.23 
4.7788 2 1 1 0x0 4.0000 4.0000 4.00 4.00 1.0419 0.8488 0.0005 0.0006 3.8759 1.1447 0.795132 2.956504 12.23 
4.7828 2 1 1 0x0 4.0000 4.0000 4.00 4.00 0.8042 0.9377 0.0006 0.0004 3.8784 1.1473 0.795132 2.956519 12.23 
4.7868 2 1 1 0x0 4.0000 4.0000 4.00 4.00 1.0285 1.0803 0.0006 0.0006 3.8810 1.1499 0.795132 2.956516 12.23 
4.7908 2 1 1 0x0 4.0000 4.0000 4.00 4.00 0.9991 1.0591 0.0003 0.0004 3.8838 1.1528 0.795132 2.956505 12.23 
4.7948 2 1 1 0x0 4.0000 4.0000 4.00 4.00 0.8311 1.1154 0.0003 0.0002 3.8865 1.1556 0.797837 2.956495 12.23 
4.7988 2 1 1 0x0 4.0000 4.0000 4.00 4.00 1.0575 0.7919 0.0004 0.0004 3.8891 1.1582 0.797837 2.956470 12.24 
4.8028 2 1 1 0x0 4.0000 4.0000 4.00 4.00 0.8616 1.1251 0.0004 0.0006 3.8916 1.1608 0.797837 2.956528 12.23 
4.8068 2 1 1 0x0 4.0000 4.0000 4.00 4.00 1.0372 1.1004 0.0005 0.0004 3.8943 1.1636 0.800541 2.956537 12.23 
4.8108 2 1 1 0x0 4.0000 4.0000 4.00 4.00 0.8057 1.0785 0.0005 0.0002 3.8970 1.1663 0.803246 2.956555 12.23 
4.8148 2 1 1 0x0 4.0000 4.0000 4.00 4.00 1.0256 0.9964 0.0006 0.0004 3.8995 1.1690 0.803246 2.956534 12.23 
4.8188 2 1 1 0x0 4.0000 4.0000 4.00 4.00 1.0721 1.1683 0.0002 0.0006 3.9022 1.1717 0.800541 2.956526 12.23 
4.8228 2 1 1 0x0 4.0000 4.0000 4.00 4.00 1.0112 1.0621 0.0007 0.0004 3.9047 1.1744 0.805950 2.956509 12.23 
4.8268 2 1 1 0x0 4.0000 4.0000 4.00 4.00 1.0650 1.1165 0.0003 0.0002 3.9076 1.1773 0.805950 2.956477 12.23 
4.8308 2 1 1 0x0 4.0000 4.0000 4.00 4.00 0.9093 0.7920 0.0003 0.0004 3.9101 1.1799 0.805950 2.956444 12.23 
4.8348 2 1 1 0x0 4.0000 4.0000 4.00 4.00 0.9748 1.1231 0.0004 0.0006 3.9126 1.1826 0.805950 2.956437 12.23 
4.8388 2 1 1 0x0 4.0000 4.0000 4.00 4.00 0.8031 1.0989 0.0005 0.0004 3.9153 1.1854 0.808655 2.956455 12.23 
4.8428 2 1 1 0x0 4.0000 4.0000 4.00 4.00 1.0320 1.0769 0.0005 0.0002 3.9179 1.1881 0.811359 2.956446 12.23 
4.8468 2 1 1 0x0 4.0000 4.0000 4.00 4.00 0.9317 0.9353 0.0006 0.0004 3.9204 1.1908 0.811359 2.956441 12.23 
4.8508 2 1 1 0x0 4.0000 4.0000 4.00 4.00 1.0900 1.0825 0.0007 0.0007 3.9230 1.1934 0.811359 2.956439 12.23 
4.8548 2 1 1 0x0 4.0000 4.0000 4.00 4.00 0.9950 1.0619 0.0003 0.0004 3.9257 1.1964 0.811359 2.956457 12.23 
4.8588 2 1 1 0x0 4.0000 4.0000 4.00 4.00 0.8558 1.1168 0.0003 0.0002 3.9284 1.1992 0.814064 2.956460 12.24 
4.8628 2 1 1 0x0 4.0000 4.0000 4.00 4.00 1.0482 0.8363 0.0004 0.0004 3.9309 1.2018 0.814064 2.956447 12.23 
4.8668 2 1 1 0x0 4.0000 4.0000 4.00 4.00 0.8014 1.0457 0.0005 0.0006 3.9334 1.2045 0.814064 2.956456 12.24 
4.8708 2 1 1 0x0 4.0000 4.0000 4.00 4.00 1.0338 1.1005 0.0005 0.0004 3.9360 1.2073 0.816768 2.956461 12.23 
4.8748 2 1 1 0x0 4.0000 4.0000 4.00 4.00 0.8295 0.8462 0.0006 0.0006 3.9385 1.2100 0.816768 2.956453 12.24 
4.8788 2 1 1 0x0 4.0000 4.0000 4.00 4.00 1.0125 0.8809 0.0007 0.0004 3.9412 1.2128 0.819473 2.956479 12.24 
4.8828 2 1 1 0x0 4.0000 4.0000 4.00 4.00 1.0646 1.0810 0.0002 0.0007 3.9438 1.2156 0.816768 2.956467 12.24 
4.8868 2 1 1 0x0 4.0000 4.0000 4.00 4.00 0.8593 1.1396 0.0003 0.0004 3.9464 1.2184 0.819473 2.956457 12.23 
4.8908 2 1 1 0x0 4.0000 4.0000 4.00 4.00 1.0430 1.0368 0.0004 0.0002 3.9491 1.2212 0.822177 2.956463 12.23 
4.8948 2 1 1 0x0 4.0000 4.0000 4.00 4.00 0.8503 0.8385 0.0005 0.0004 3.9516 1.2239 0.822177 2.956487 12.24 
4.8988 2 1 1 0x0 4.0000 4.0000 4.00 4.00 1.0270 1.1197 0.0005 0.0006 3.9540 1.2266 0.822177 2.956485 12.23 
4.9028 2 1 1 0x0 4.0000 4.0000 4.00 4.00 0.9371 1.0936 0.0006 0.0005 3.9567 1.2294 0.824882 2.956445 12.23 
4.9068 2 1 1 0x0 4.0000 4.0000 4.00 4.00 1.0814 0.7633 0.0006 0.0006 3.9591 1.2321 0.824882 2.956447 12.23 
4.9108 2 1 1 0x0 4.0000 4.0000 4.00 4.00 1.0547 0.9407 0.0003 0.0004 3.9619 1.2351 0.824882 2.956456 12.23 
4.9148 2 1 1 0x0 4.0000 4.0000 4.00 4.00 0.8645 1.0748 0.0004 0.0007 3.9644 1.2377 0.824882 2.956455 12.23 
4.9188 2 1 1 0x0 4.0000 4.0000 4.00 4.00 1.0276 1.0534 0.0005 0.0004 3.9670 1.2406 0.827586 2.956459 12.23 
4.9228 2 1 1 0x0 4.0000 4.0000 4.00 4.00 0.7716 1.1094 0.0005 0.0002 3.9696 1.2434 0.830291 2.956454 12.23 
4.9268 2 1 1 0x0 4.0000 4.0000 4.00 4.00 1.0083 0.8403 0.0006 0.0004 3.9721 1.2461 0.830291 2.956439 12.23 
4.9308 2 1 1 0x0 4.0000 4.0000 4.00 4.00 1.0456 1.0407 0.0003 0.0006 3.9747 1.2489 0.827586 2.956468 12.24 
4.9348 2 1 1 0x0 4.0000 4.0000 4.00 4.00 0.8025 1.0938 0.0004 0.0004 3.9773 1.2518 0.830291 2.956467 12.23 
4.9388 2 1 1 0x0 4.0000 4.0000 4.00 4.00 1.0304 1.0716 0.0004 0.0002 3.9799 1.2546 0.832995 2.956461 12.23 
4.9428 2 1 1 0x0 4.0000 4.0000 4.00 4.00 0.8793 1.0023 0.0005 0.0004 3.9823 1.2573 0.832995 2.956487 12.23 
4.9468 2 1 1 0x0 4.0000 4.0000 4.00 4.00 1.0835 1.0780 0.0006 0.0006 3.9848 1.2600 0.832995 2.956498 12.23 
4.9508 2 1 1 0x0 4.0000 4.0000 4.00 4.00 0.8250 1.0562 0.0006 0.0004 3.9874 1.2629 0.835700 2.956505 12.23 
4.9548 2 1 1 0x0 4.0000 4.0000 4.00 4.00 0.8609 1.1098 0.0003 0.0002 3.9901 1.2659 0.835700 2.956509 12.23 
4.9588 2 1 1 0x0 4.0000 4.0000 4.00 4.00 1.0351 0.8417 0.0003 0.0004 3.9925 1.2686 0.835700 2.956489 12.23 
4.9628 2 1 1 0x0 4.0000 4.0000 4.00 4.00 0.8072 1.0380 0.0004 0.0006 3.9950 1.2713 0.835700 2.956493 12.23 
4.9668 2 1 1 0x0 4.0000 4.0000 4.00 4.00 1.0985 1.1750 0.0004 0.0004 3.9976 1.2742 0.838404 2.956487 12.23 
4.9708 2 1 1 0x0 4.0000 4.0000 4.00 4.00 0.8874 1.0668 0.0005 0.0002 4.0001 1.2770 0.841109 2.956496 12.24 
4.9748 2 1 1 0x0 4.0000 4.0000 4.00 4.00 1.0048 0.9450 0.0006 0.0004 4.0026 1.2798 0.841109 2.956519 12.24 
4.9788 2 1 1 0x0 4.0000 4.0000 4.00 4.00 0.7817 1.0701 0.0006 0.0007 4.0050 1.2825 0.841109 2.956525 12.23 
4.9828 2 1 1 0x0 4.0000 4.0000 4.00 4.00 0.8635 1.0497 0.0003 0.0004 4.0077 1.2855 0.841109 2.956523 12.23 
4.9868 2 1 1 0x0 4.0000 4.0000 4.00 4.00 1.0348 1.1035 0.0003 0.0002 4.0103 1.2884 0.843813 2.956532 12.23 
4.9908 2 1 1 0x0 4.0000 4.0000 4.00 4.00 0.8094 0.7998 0.0004 0.0004 4.0127 1.2911 0.843813 2.956560 12.23 
4.9948 2 1 1 0x0 4.0000 4.0000 4.00 4.00 1.0205 1.0325 0.0004 0.0006 4.0151 1.2938 0.843813 2.956560 12.23 
4.9988 2 1 1 0x0 4.0000 4.0000 4.00 4.00 0.9449 1.0833 0.0005 0.0004 4.0177 1.2967 0.846518 2.956544 12.23 
5.0028 2 1 1 0x0 4.0000 4.0000 4.00 4.00 1.0010 0.7689 0.0006 0.0006 4.0201 1.2995 0.846518 2.956549 12.23 
5.0068 2 1 1 0x0 4.0000 4.0000 4.00 4.00 0.7860 0.9505 0.0006 0.0004 4.0227 1.3024 0.849222 2.956544 12.23 
5.0108 2 1 1 0x0 4.0000 4.0000 4.00 4.00 0.8678 1.0620 0.0003 0.0006 4.0252 1.3052 0.846518 2.956552 12.24 
5.0148 2 1 1 0x0 4.0000 4.0000 4.00 4.00 1.0302 1.0404 0.0003 0.0004 4.0277 1.3081 0.849222 2.956534 12.23 
5.0188 2 1 1 0x0 4.0000 4.0000 4.00 4.00 0.7689 1.0923 0.0004 0.0002 4.0303 1.3110 0.851927 2.956500 12.23 
5.0228 2 1 1 0x0 4.0000 4.0000 4.00 4.00 1.0938 0.8062 0.0004 0.0004 4.0327 1.3138 0.851927 2.956493 12.23 
5.0268 2 1 1 0x0 4.0000 4.0000 4.00 4.00 0.8893 1.0208 0.0005 0.0006 4.0351 1.3165 0.851927 2.956478 12.23 
5.0308 2 1 1 0x0 4.0000 4.0000 4.00 4.00 0.9988 1.1531 0.0006 0.0004 4.0376 1.3194 0.854631 2.956459 12.23 
5.0348 2 1 1 0x0 4.0000 4.0000 4.00 4.00 0.9766 1.1274 0.0002 0.0002 4.0403 1.3225 0.854631 2.956428 12.23 
5.0388 2 1 1 0x0 4.0000 4.0000 4.00 4.00 0.9223 0.9603 0.0003 0.0004 4.0427 1.3252 0.854631 2.956423 12.23 
5.0428 2 1 1 0x0 4.0000 4.0000 4.00 4.00 1.1036 1.1309 0.0004 0.0006 4.0451 1.3280 0.854631 2.956415 12.23 
5.0468 2 1 1 0x0 4.0000 4.0000 4.00 4.00 0.8126 1.1066 0.0004 0.0004 4.0476 1.3309 0.857336 2.956424 12.24 
5.0508 2 1 1 0x0 4.0000 4.0000 4.00 4.00 1.0158 1.0816 0.0005 0.0003 4.0501 1.3338 0.860040 2.956395 12.23 
5.0548 2 1 1 0x0 4.0000 4.0000 4.00 4.00 0.8899 0.7692 0.0005 0.0004 4.0525 1.3366 0.860040 2.956392 12.23 
5.0588 2 1 1 0x0 4.0000 4.0000 4.00 4.00 1.0710 1.0118 0.0006 0.0002 4.0550 1.3395 0.862745 2.956397 12.23 
5.0628 2 1 1 0x0 4.0000 4.0000 4.00 4.00 0.8319 1.1480 0.0006 0.0004 4.0574 1.3423 0.862745 2.956409 12.23 
5.0668 2 1 1 0x0 4.0000 4.0000 4.00 4.00 0.8687 1.1238 0.0003 0.0002 4.0600 1.3454 0.862745 2.956414 12.24 
5.0708 2 1 1 0x0 4.0000 4.0000 4.00 4.00 1.0286 0.9028 0.0003 0.0004 4.0624 1.3481 0.862745 2.956413 12.23 
5.0748 2 1 1 0x0 4.0000 4.0000 4.00 4.00 0.7683 1.1297 0.0004 0.0006 4.0648 1.3509 0.862745 2.956412 12.23 
5.0788 2 1 1 0x0 4.0000 4.0000 4.00 4.00 1.0916 1.0302 0.0004 0.0004 4.0673 1.3539 0.865449 2.956443 12.24 
5.0828 2 1 1 0x0 4.0000 4.0000 4.00 4.00 0.8393 1.0823 0.0005 0.0002 4.0698 1.3568 0.868154 2.956435 12.23 
5.0868 2 1 1 0x0 4.0000 4.0000 4.00 4.00 1.0696 0.8098 0.0006 0.0004 4.0722 1.3596 0.868154 2.956433 12.24 
5.0908 2 1 1 0x0 4.0000 4.0000 4.00 4.00 0.7873 0.9476 0.0006 0.0002 4.0746 1.3625 0.870858 2.956445 12.23 
5.0948 2 1 1 0x0 4.0000 4.0000 4.00 4.00 0.9820 1.1493 0.0002 0.0004 4.0771 1.3655 0.868154 2.956456 12.23 
5.0988 2 1 1 0x0 4.0000 4.0000 4.00 4.00 1.1075 1.0466 0.0003 0.0002 4.0796 1.3684 0.870858 2.956496 12.24 
5.1028 2 1 1 0x0 4.0000 4.0000 4.00 4.00 0.8117 0.9013 0.0004 0.0004 4.0820 1.3712 0.870858 2.956509 12.23 
5.1068 2 1 1 0x0 4.0000 4.0000 4.00 4.00 1.0170 0.8456 0.0004 0.0003 4.0844 1.3741 0.873563 2.956500 12.23 
5.1108 2 1 1 0x0 4.0000 4.0000 4.00 4.00 0.8895 1.1089 0.0005 0.0004 4.0868 1.3769 0.873563 2.956522 12.23 
5.1148 2 1 1 0x0 4.0000 4.0000 4.00 4.00 0.9968 1.0846 0.0006 0.0003 4.0893 1.3799 0.876267 2.956536 12.23 
5.1188 2 1 1 0x0 4.0000 4.0000 4.00 4.00 0.7832 0.8080 0.0006 0.0004 4.0916 1.3827 0.876267 2.956535 12.23 
5.1228 2 1 1 0x0 4.0000 4.0000 4.00 4.00 1.0667 0.8909 0.0006 0.0003 4.0941 1.3857 0.878972 2.956527 12.24 
5.1268 2 1 1 0x0 4.0000 4.0000 4.00 4.00 1.0392 1.1491 0.0002 0.0005 4.0965 1.3886 0.876267 2.956502 12.23 
5.1308 2 1 1 0x0 4.0000 4.0000 4.00 4.00 0.8041 1.0470 0.0003 0.0002 4.0990 1.3916 0.878972 2.956498 12.24 
5.1348 2 1 1 0x0 4.0000 4.0000 4.00 4.00 1.0337 0.9017 0.0003 0.0005 4.1013 1.3944 0.878972 2.956468 12.24 
5.1388 2 1 1 0x0 4.0000 4.0000 4.00 4.00 0.8802 0.8457 0.0004 0.0003 4.1038 1.3974 0.881676 2.956448 12.23 
5.1428 2 1 1 0x0 4.0000 4.0000 4.00 4.00 1.0084 1.0305 0.0005 0.0005 4.1061 1.4002 0.881676 2.956434 12.23 
5.1468 2 1 1 0x0 4.0000 4.0000 4.00 4.00 0.8246 1.0816 0.0005 0.0003 4.1086 1.4032 0.884381 2.956418 12.23 
5.1508 2 1 1 0x0 4.0000 4.0000 4.00 4.00 1.0675 0.7688 0.0006 0.0005 4.1109 1.4060 0.884381 2.956417 12.23 
5.1548 2 1 1 0x0 4.0000 4.0000 4.00 4.00 0.9052 0.9478 0.0006 0.0003 4.1134 1.4091 0.884381 2.956432 12.24 
5.1588 2 1 1 0x0 4.0000 4.0000 4.00 4.00 0.8061 1.0668 0.0003 0.0005 4.1157 1.4120 0.884381 2.956425 12.23 
5.1628 2 1 1 0x0 4.0000 4.0000 4.00 4.00 1.0242 1.0456 0.0003 0.0003 4.1182 1.4149 0.887085 2.956406 12.23 
5.1668 2 1 1 0x0 4.0000 4.0000 4.00 4.00 0.8870 0.9597 0.0004 0.0005 4.1205 1.4178 0.887085 2.956388 12.23 
5.1708 2 1 1 0x0 4.0000 4.0000 4.00 4.00 1.0039 0.8463 0.0005 0.0003 4.1229 1.4208 0.889790 2.956394 12.23 
5.1748 2 1 1 0x0 4.0000 4.0000 4.00 4.00 0.8299 1.1077 0.0005 0.0005 4.1252 1.4236 0.889790 2.956411 12.24 
5.1788 2 1 1 0x0 4.0000 4.0000 4.00 4.00 1.0591 1.0816 0.0006 0.0003 4.1277 1.4266 0.892494 2.956418 12.23 
5.1828 2 1 1 0x0 4.0000 4.0000 4.00 4.00 1.0274 0.8110 0.0002 0.0005 4.1301 1.4296 0.889790 2.956401 12.23 
5.1868 2 1 1 0x0 4.0000 4.0000 4.00 4.00 0.8141 0.8928 0.0003 0.0003 4.1325 1.4326 0.892494 2.956395 12.23 
5.1908 2 1 1 0x0 4.0000 4.0000 4.00 4.00 1.0161 1.0643 0.0003 0.0005 4.1348 1.4354 0.892494 2.956403 12.23 
5.1948 2 1 1 0x0 4.0000 4.0000 4.00 4.00 0.8923 1.1208 0.0004 0.0003 4.1372 1.4384 0.895199 2.956416 12.23 
5.1988 2 1 1 0x0 4.0000 4.0000 4.00 4.00 1.0722 0.9640 0.0005 0.0005 4.1395 1.4413 0.895199 2.956407 12.23 
5.2028 2 1 1 0x0 4.0000 4.0000 4.00 4.00 0.7859 0.8035 0.0005 0.0003 4.1419 1.4443 0.897903 2.956425 12.23 
5.2068 2 1 1 0x0 4.0000 4.0000 4.00 4.00 0.9927 1.1032 0.0005 0.0005 4.1442 1.4471 0.897903 2.956476 12.23 
5.2108 2 1 1 0x0 4.0000 4.0000 4.00 4.00 0.9646 1.0785 0.0006 0.0003 4.1466 1.4502 0.900608 2.956491 12.23 
5.2148 2 1 1 0x0 4.0000 4.0000 4.00 4.00 1.0506 0.8119 0.0007 0.0005 4.1488 1.4530 0.900608 2.956491 12.24 
5.2188 2 1 1 0x0 4.0000 4.0000 4.00 4.00 1.0320 0.8944 0.0003 0.0003 4.1514 1.4562 0.900608 2.956467 12.23 
5.2228 2 1 1 0x0 4.0000 4.0000 4.00 4.00 0.8769 1.1419 0.0003 0.0005 4.1536 1.4591 0.900608 2.956472 12.23 
5.2268 2 1 1 0x0 4.0000 4.0000 4.00 4.00 1.0932 1.0398 0.0004 0.0003 4.1560 1.4621 0.903312 2.956502 12.23 
5.2308 2 1 1 0x0 4.0000 4.0000 4.00 4.00 0.7356 0.9077 0.0004 0.0005 4.1583 1.4650 0.903312 2.956527 12.23 
5.2348 2 1 1 0x0 4.0000 4.0000 4.00 4.00 1.0101 0.8054 0.0005 0.0003 4.1607 1.4680 0.906017 2.956537 12.23 
5.2388 2 1 1 0x0 4.0000 4.0000 4.00 4.00 0.8967 1.0981 0.0006 0.0005 4.1629 1.4709 0.906017 2.956530 12.23 
5.2428 2 1 1 0x0 4.0000 4.0000 4.00 4.00 1.0634 1.0752 0.0006 0.0003 4.1653 1.4739 0.908721 2.956526 12.23 
5.2468 2 1 1 0x0 4.0000 4.0000 4.00 4.00 1.0390 0.8142 0.0003 0.0005 4.1677 1.4769 0.906017 2.956541 12.23 
5.2508 2 1 1 0x0 4.0000 4.0000 4.00 4.00 0.9248 0.9533 0.0003 0.0003 4.1700 1.4800 0.908721 2.956534 12.23 
5.2548 2 1 1 0x0 4.0000 4.0000 4.00 4.00 1.0271 1.1383 0.0004 0.0006 4.1723 1.4828 0.908721 2.956525 12.23 
5.2588 2 1 1 0x0 4.0000 4.0000 4.00 4.00 0.8111 1.0380 0.0004 0.0003 4.1746 1.4859 0.911426 2.956514 12.23 
5.2628 2 1 1 0x0 4.0000 4.0000 4.00 4.00 1.0188 0.9688 0.0005 0.0005 4.1769 1.4888 0.911426 2.956475 12.23 
5.2668 2 1 1 0x0 4.0000 4.0000 4.00 4.00 0.8363 0.8069 0.0005 0.0003 4.1792 1.4918 0.914130 2.956451 12.23 
5.2708 2 1 1 0x0 4.0000 4.0000 4.00 4.00 1.0091 1.0930 0.0006 0.0006 4.1815 1.4947 0.914130 2.956454 12.23 
5.2748 2 1 1 0x0 4.0000 4.0000 4.00 4.00 0.8227 1.0688 0.0006 0.0004 4.1838 1.4978 0.916835 2.956419 12.22 
5.2788 2 1 1 0x0 4.0000 4.0000 4.00 4.00 1.0785 0.8182 0.0006 0.0006 4.1860 1.5007 0.916835 2.956435 12.23 
5.2828 2 1 1 0x0 4.0000 4.0000 4.00 4.00 0.9845 0.9022 0.0003 0.0003 4.1885 1.5039 0.916835 2.956452 12.23 
5.2868 2 1 1 0x0 4.0000 4.0000 4.00 4.00 0.7918 1.0511 0.0003 0.0005 4.1907 1.5068 0.916835 2.956459 12.23 
5.2908 2 1 1 0x0 4.0000 4.0000 4.00 4.00 1.0532 1.1065 0.0003 0.0003 4.1931 1.5098 0.919539 2.956442 12.23 
5.2948 2 1 1 0x0 4.0000 4.0000 4.00 4.00 0.8624 0.9743 0.0004 0.0005 4.1953 1.5128 0.919539 2.956397 12.23 
5.2988 2 1 1 0x0 4.0000 4.0000 4.00 4.00 1.0400 0.8100 0.0004 0.0003 4.1976 1.5158 0.922244 2.956378 12.23 
5.3028 2 1 1 0x0 4.0000 4.0000 4.00 4.00 0.8009 1.0163 0.0005 0.0005 4.1998 1.5187 0.922244 2.956391 12.23 
5.3068 2 1 1 0x0 4.0000 4.0000 4.00 4.00 1.0401 1.1492 0.0005 0.0003 4.2021 1.5218 0.924948 2.956390 12.23 
5.3108 2 1 1 0x0 4.0000 4.0000 4.00 4.00 0.8735 0.8194 0.0006 0.0006 4.2043 1.5247 0.924948 2.956403 12.23 
5.3148 2 1 1 0x0 4.0000 4.0000 4.00 4.00 1.0279 0.9596 0.0006 0.0003 4.2066 1.5278 0.927653 2.956440 12.23 
5.3188 2 1 1 0x0 4.0000 4.0000 4.00 4.00 1.0803 1.1314 0.0002 0.0006 4.2090 1.5309 0.924948 2.956468 12.23 
5.3228 2 1 1 0x0 4.0000 4.0000 4.00 4.00 0.8946 1.0328 0.0002 0.0003 4.2113 1.5340 0.927653 2.956482 12.23 
5.3268 2 1 1 0x0 4.0000 4.0000 4.00 4.00 0.9971 0.9119 0.0003 0.0006 4.2134 1.5369 0.927653 2.956466 12.23 
5.3308 2 1 1 0x0 4.0000 4.0000 4.00 4.00 0.7839 0.8077 0.0003 0.0004 4.2158 1.5400 0.930357 2.956439 12.23 
5.3348 2 1 1 0x0 4.0000 4.0000 4.00 4.00 1.0667 1.0943 0.0003 0.0006 4.2179 1.5429 0.930357 2.956441 12.23 
5.3388 2 1 1 0x0 4.0000 4.0000 4.00 4.00 0.8518 1.0728 0.0004 0.0004 4.2202 1.5460 0.933062 2.956444 12.23 
5.3428 2 1 1 0x0 4.0000 4.0000 4.00 4.00 0.9886 0.8162 0.0004 0.0006 4.2224 1.5489 0.933062 2.956457 12.23 
5.3468 2 1 1 0x0 4.0000 4.0000 4.00 4.00 0.7509 0.8991 0.0004 0.0004 4.2247 1.5520 0.935766 2.956481 12.23 
5.3508 2 1 1 0x0 4.0000 4.0000 4.00 4.00 0.9873 1.0548 0.0005 0.0006 4.2269 1.5550 0.935766 2.956478 12.23 
5.3548 2 1 1 0x0 4.0000 4.0000 4.00 4.00 0.8590 1.0355 0.0005 0.0003 4.2291 1.5581 0.938471 2.956470 12.23 
5.3588 2 1 1 0x0 4.0000 4.0000 4.00 4.00 1.0488 0.9693 0.0005 0.0006 4.2313 1.5610 0.938471 2.956453 12.23 
5.3628 2 1 1 0x0 4.0000 4.0000 4.00 4.00 0.7961 0.8542 0.0006 0.0004 4.2336 1.5641 0.941175 2.956445 12.24 
5.3668 2 1 1 0x0 4.0000 4.0000 4.00 4.00 0.9812 1.0939 0.0006 0.0006 4.2357 1.5671 0.941175 2.956412 12.23 
5.3708 2 1 1 0x0 4.0000 4.0000 4.00 4.00 0.8628 1.1539 0.0006 0.0004 4.2380 1.5702 0.943880 2.956395 12.23 
5.3748 2 1 1 0x0 4.0000 4.0000 4.00 4.00 0.9720 0.7749 0.0007 0.0006 4.2401 1.5732 0.943880 2.956411 12.23 
5.3788 2 1 1 0x0 4.0000 4.0000 4.00 4.00 1.0230 0.9011 0.0002 0.0003 4.2425 1.5764 0.943880 2.956402 12.24 
5.3828 2 1 1 0x0 4.0000 4.0000 4.00 4.00 0.8303 1.0518 0.0003 0.0006 4.2447 1.5794 0.943880 2.956406 12.23 
5.3868 2 1 1 0x0 4.0000 4.0000 4.00 4.00 1.0184 1.1081 0.0003 0.0003 4.2469 1.5825 0.946584 2.956398 12.23 
5.3908 2 1 1 0x0 4.0000 4.0000 4.00 4.00 0.7750 0.9737 0.0004 0.0005 4.2490 1.5855 0.946584 2.956389 12.23 
5.3948 2 1 1 0x0 4.0000 4.0000 4.00 4.00 1.0837 0.8096 0.0004 0.0003 4.2513 1.5886 0.949289 2.956411 12.23 
5.3988 2 1 1 0x0 4.0000 4.0000 4.00 4.00 0.8953 1.0913 0.0005 0.0005 4.2534 1.5916 0.949289 2.956413 12.23 
5.4028 2 1 1 0x0 4.0000 4.0000 4.00 4.00 0.9955 1.0679 0.0005 0.0004 4.2556 1.5947 0.951993 2.956376 12.24 
5.4068 2 1 1 0x0 4.0000 4.0000 4.00 4.00 0.8320 0.7757 0.0006 0.0006 4.2578 1.5977 0.951993 2.956366 12.24 
5.4108 2 1 1 0x0 4.0000 4.0000 4.00 4.00 0.9887 0.9582 0.0006 0.0003 4.2600 1.6009 0.954698 2.956350 12.23 
5.4148 2 1 1 0x0 4.0000 4.0000 4.00 4.00 0.9663 1.0535 0.0002 0.0006 4.2622 1.6040 0.951993 2.956373 12.23 
5.4188 2 1 1 0x0 4.0000 4.0000 4.00 4.00 0.8062 1.0327 0.0003 0.0004 4.2645 1.6071 0.954698 2.956390 12.24 
5.4228 2 1 1 0x0 4.0000 4.0000 4.00 4.00 1.0315 0.9129 0.0003 0.0006 4.2666 1.6101 0.954698 2.956390 12.23 
5.4268 2 1 1 0x0 4.0000 4.0000 4.00 4.00 0.8774 0.8096 0.0004 0.0003 4.2688 1.6133 0.957402 2.956424 12.23 
5.4308 2 1 1 0x0 4.0000 4.0000 4.00 4.00 1.0194 1.0168 0.0004 0.0005 4.2709 1.6163 0.957402 2.956448 12.23 
5.4348 2 1 1 0x0 4.0000 4.0000 4.00 4.00 0.8156 1.1511 0.0005 0.0003 4.2731 1.6194 0.960107 2.956484 12.23 
5.4388 2 1 1 0x0 4.0000 4.0000 4.00 4.00 1.0169 0.7755 0.0005 0.0006 4.2752 1.6224 0.960107 2.956473 12.23 
5.4428 2 1 1 0x0 4.0000 4.0000 4.00 4.00 0.8854 0.9573 0.0005 0.0003 4.2774 1.6256 0.962811 2.956446 12.23 
5.4468 2 1 1 0x0 4.0000 4.0000 4.00 4.00 1.0083 1.1359 0.0006 0.0005 4.2795 1.6286 0.962811 2.956448 12.23 
5.4508 2 1 1 0x0 4.0000 4.0000 4.00 4.00 0.8208 1.1144 0.0006 0.0003 4.2817 1.6317 0.965516 2.956456 12.23 
5.4548 2 1 1 0x0 4.0000 4.0000 4.00 4.00 1.0055 0.9092 0.0006 0.0005 4.2838 1.6347 0.965516 2.956460 12.23 
5.4588 2 1 1 0x0 4.0000 4.0000 4.00 4.00 1.0550 0.8504 0.0002 0.0003 4.2861 1.6381 0.965516 2.956457 12.23 
5.4628 2 1 1 0x0 4.0000 4.0000 4.00 4.00 0.7926 1.1025 0.0003 0.0005 4.2882 1.6411 0.965516 2.956469 12.23 
5.4668 2 1 1 0x0 4.0000 4.0000 4.00 4.00 0.9829 1.0794 0.0003 0.0003 4.2903 1.6442 0.968220 2.956484 12.23 
5.4708 2 1 1 0x0 4.0000 4.0000 4.00 4.00 0.9159 0.8114 0.0004 0.0005 4.2924 1.6472 0.968220 2.956489 12.23 
5.4748 2 1 1 0x0 4.0000 4.0000 4.00 4.00 1.0420 0.9491 0.0004 0.0003 4.2946 1.6504 0.970925 2.956478 12.23 
5.4788 2 1 1 0x0 4.0000 4.0000 4.00 4.00 0.8002 1.0656 0.0004 0.0005 4.2966 1.6534 0.970925 2.956449 12.23 
5.4828 2 1 1 0x0 4.0000 4.0000 4.00 4.00 1.0421 1.1238 0.0004 0.0003 4.2988 1.6566 0.973629 2.956424 12.23 
5.4868 2 1 1 0x0 4.0000 4.0000 4.00 4.00 0.9232 0.9033 0.0005 0.0005 4.3009 1.6596 0.973629 2.956442 12.23 
5.4908 2 1 1 0x0 4.0000 4.0000 4.00 4.00 1.0319 0.8459 0.0005 0.0003 4.3030 1.6628 0.976334 2.956457 12.23 
5.4948 2 1 1 0x0 4.0000 4.0000 4.00 4.00 0.8053 1.0326 0.0005 0.0005 4.3051 1.6659 0.976334 2.956435 12.23 
5.4988 2 1 1 0x0 4.0000 4.0000 4.00 4.00 1.0290 1.0859 0.0006 0.0003 4.3072 1.6691 0.979038 2.956433 12.23 
5.5028 2 1 1 0x0 4.0000 4.0000 4.00 4.00 0.9306 0.7668 0.0006 0.0005 4.3093 1.6721 0.979038 2.956425 12.23 
5.5068 2 1 1 0x0 4.0000 4.0000 4.00 4.00 1.0239 0.9447 0.0006 0.0003 4.3114 1.6753 0.981743 2.956426 12.23 
5.5108 2 1 1 0x0 4.0000 4.0000 4.00 4.00 1.0091 1.0705 0.0002 0.0005 4.3136 1.6785 0.979038 2.956420 12.23 
5.5148 2 1 1 0x0 4.0000 4.0000 4.00 4.00 0.8417 1.0501 0.0003 0.0003 4.3157 1.6817 0.981743 2.956391 12.23 
5.5188 2 1 1 0x0 4.0000 4.0000 4.00 4.00 1.0767 0.9554 0.0003 0.0005 4.3177 1.6847 0.981743 2.956388 12.23 
5.5228 2 1 1 0x0 4.0000 4.0000 4.00 4.00 0.8246 0.7971 0.0003 0.0003 4.3199 1.6879 0.984447 2.956407 12.23 
5.5268 2 1 1 0x0 4.0000 4.0000 4.00 4.00 1.0757 1.0377 0.0003 0.0005 4.3219 1.6910 0.984447 2.956398 12.23 
5.5308 2 1 1 0x0 4.0000 4.0000 4.00 4.00 0.8969 1.0912 0.0004 0.0003 4.3240 1.6942 0.987152 2.956403 12.23 
5.5348 2 1 1 0x0 4.0000 4.0000 4.00 4.00 1.0684 0.8047 0.0004 0.0005 4.3260 1.6972 0.987152 2.956413 12.23 
5.5388 2 1 1 0x0 4.0000 4.0000 4.00 4.00 0.7847 0.8844 0.0005 0.0003 4.3281 1.7005 0.989856 2.956436 12.23 
5.5428 2 1 1 0x0 4.0000 4.0000 4.00 4.00 1.0667 1.1610 0.0005 0.0005 4.3302 1.7035 0.989856 2.956488 12.23 
5.5468 2 1 1 0x0 4.0000 4.0000 4.00 4.00 0.8501 1.0556 0.0005 0.0003 4.3323 1.7067 0.992561 2.956515 12.23 
5.5508 2 1 1 0x0 4.0000 4.0000 4.00 4.00 1.0599 0.9521 0.0006 0.0005 4.3343 1.7098 0.992561 2.956537 12.22 
5.5548 2 1 1 0x0 4.0000 4.0000 4.00 4.00 0.7921 0.7946 0.0006 0.0003 4.3364 1.7130 0.995265 2.956544 12.22 
5.5588 2 1 1 0x0 4.0000 4.0000 4.00 4.00 0.9248 1.0425 0.0002 0.0005 4.3385 1.7162 0.992561 2.956563 12.23 
5.5628 2 1 1 0x0 4.0000 4.0000 4.00 4.00 1.0280 1.0955 0.0003 0.0003 4.3406 1.7195 0.995265 2.956563 12.23 
5.5668 2 1 1 0x0 4.0000 4.0000 4.00 4.00 0.8088 0.8485 0.0003 0.0005 4.3426 1.7225 0.995265 2.956564 12.23 
5.5708 2 1 1 0x0 4.0000 4.0000 4.00 4.00 1.0258 0.9376 0.0004 0.0003 4.3446 1.7258 0.997970 2.956542 12.23 
5.5748 2 1 1 0x0 4.0000 4.0000 4.00 4.00 0.8816 1.0791 0.0004 0.0005 4.3466 1.7288 0.997970 2.956551 12.23 
5.5788 2 1 1 0x0 4.0000 4.0000 4.00 4.00 1.0146 1.0576 0.0005 0.0003 4.3487 1.7321 1.000674 2.956559 12.23 
5.5828 2 1 1 0x0 4.0000 4.0000 4.00 4.00 0.7747 0.8936 0.0005 0.0005 4.3507 1.7352 1.000674 2.956558 12.23 
5.5868 2 1 1 0x0 4.0000 4.0000 4.00 4.00 1.0092 0.7932 0.0006 0.0003 4.3528 1.7384 1.003379 2.956538 12.24 
5.5908 2 1 1 0x0 4.0000 4.0000 4.00 4.00 0.9864 1.0440 0.0002 0.0005 4.3548 1.7417 1.000674 2.956504 12.23 
5.5948 2 1 1 0x0 4.0000 4.0000 4.00 4.00 1.0716 1.0967 0.0007 0.0003 4.3568 1.7447 1.006083 2.956488 12.23 
5.5988 2 1 1 0x0 4.0000 4.0000 4.00 4.00 1.0557 0.8036 0.0003 0.0005 4.3589 1.7480 1.003379 2.956480 12.23 
5.6028 2 1 1 0x0 4.0000 4.0000 4.00 4.00 0.9123 0.9388 0.0003 0.0003 4.3609 1.7512 1.006083 2.956500 12.23 
5.6068 2 1 1 0x0 4.0000 4.0000 4.00 4.00 1.0422 1.0778 0.0004 0.0005 4.3629 1.7543 1.006083 2.956507 12.23 
5.6108 2 1 1 0x0 4.0000 4.0000 4.00 4.00 0.8002 1.0582 0.0004 0.0002 4.3649 1.7576 1.008788 2.956501 12.23 
5.6148 2 1 1 0x0 4.0000 4.0000 4.00 4.00 1.0375 0.9503 0.0004 0.0005 4.3669 1.7607 1.008788 2.956506 12.22 
5.6188 2 1 1 0x0 4.0000 4.0000 4.00 4.00 0.9236 0.8389 0.0005 0.0003 4.3689 1.7639 1.011493 2.956493 12.23 
5.6228 2 1 1 0x0 4.0000 4.0000 4.00 4.00 1.0269 1.0415 0.0005 0.0005 4.3709 1.7670 1.011493 2.956486 12.24 
5.6268 2 1 1 0x0 4.0000 4.0000 4.00 4.00 0.8100 1.0958 0.0005 0.0003 4.3729 1.7703 1.014197 2.956441 12.23 
5.6308 2 1 1 0x0 4.0000 4.0000 4.00 4.00 1.0209 0.8029 0.0006 0.0005 4.3749 1.7734 1.014197 2.956416 12.23 
5.6348 2 1 1 0x0 4.0000 4.0000 4.00 4.00 0.8345 0.9385 0.0006 0.0002 4.3769 1.7767 1.016902 2.956395 12.23 
5.6388 2 1 1 0x0 4.0000 4.0000 4.00 4.00 1.0110 1.0775 0.0007 0.0005 4.3788 1.7798 1.016902 2.956359 12.23 
5.6428 2 1 1 0x0 4.0000 4.0000 4.00 4.00 1.0666 1.0558 0.0003 0.0003 4.3810 1.7832 1.016902 2.956342 12.23 
5.6468 2 1 1 0x0 4.0000 4.0000 4.00 4.00 0.9044 1.0169 0.0003 0.0005 4.3829 1.7863 1.016902 2.956342 12.23 
5.6508 2 1 1 0x0 4.0000 4.0000 4.00 4.00 1.0567 1.0620 0.0004 0.0007 4.3848 1.7894 1.016902 2.956369 12.23 
5.6548 2 1 1 0x0 4.0000 4.0000 4.00 4.00 0.7916 1.1196 0.0004 0.0004 4.3868 1.7927 1.019606 2.956402 12.23 
5.6588 2 1 1 0x0 4.0000 4.0000 4.00 4.00 1.0530 1.0955 0.0004 0.0002 4.3888 1.7960 1.022311 2.956420 12.23 
5.6628 2 1 1 0x0 4.0000 4.0000 4.00 4.00 0.8598 0.8492 0.0004 0.0004 4.3907 1.7991 1.022311 2.956436 12.23 
5.6668 2 1 1 0x0 4.0000 4.0000 4.00 4.00 1.0480 1.0010 0.0005 0.0002 4.3927 1.8024 1.025016 2.956427 12.23 
5.6708 2 1 1 0x0 4.0000 4.0000 4.00 4.00 0.7958 1.0788 0.0005 0.0004 4.3946 1.8055 1.025016 2.956471 12.23 
5.6748 2 1 1 0x0 4.0000 4.0000 4.00 4.00 1.0469 1.0568 0.0005 0.0002 4.3966 1.8088 1.027720 2.956495 12.24 
5.6788 2 1 1 0x0 4.0000 4.0000 4.00 4.00 0.8659 0.8951 0.0006 0.0004 4.3985 1.8119 1.027720 2.956524 12.23 
5.6828 2 1 1 0x0 4.0000 4.0000 4.00 4.00 1.0388 1.1432 0.0006 0.0006 4.4004 1.8151 1.027720 2.956523 12.23 
5.6868 2 1 1 0x0 4.0000 4.0000 4.00 4.00 0.8036 1.0419 0.0006 0.0004 4.4025 1.8185 1.027720 2.956530 12.23 
5.6908 2 1 1 0x0 4.0000 4.0000 4.00 4.00 0.8832 1.0987 0.0002 0.0002 4.4045 1.8218 1.030425 2.956558 12.23 
5.6948 2 1 1 0x0 4.0000 4.0000 4.00 4.00 1.0146 0.8480 0.0003 0.0004 4.4064 1.8250 1.030425 2.956541 12.23 
5.6988 2 1 1 0x0 4.0000 4.0000 4.00 4.00 0.7763 1.0288 0.0003 0.0006 4.4082 1.8281 1.030425 2.956506 12.23 
5.7028 2 1 1 0x0 4.0000 4.0000 4.00 4.00 1.0079 1.0818 0.0003 0.0004 4.4102 1.8314 1.033130 2.956482 12.23 
5.7068 2 1 1 0x0 4.0000 4.0000 4.00 4.00 0.8431 0.7680 0.0004 0.0006 4.4121 1.8346 1.033130 2.956474 12.23 
5.7108 2 1 1 0x0 4.0000 4.0000 4.00 4.00 1.0678 0.9466 0.0004 0.0004 4.4141 1.8379 1.035834 2.956491 12.23 
5.7148 2 1 1 0x0 4.0000 4.0000 4.00 4.00 0.7476 1.0691 0.0005 0.0006 4.4159 1.8410 1.035834 2.956482 12.23 
5.7188 2 1 1 0x0 4.0000 4.0000 4.00 4.00 0.9905 1.0496 0.0005 0.0004 4.4179 1.8443 1.038539 2.956469 12.23 
5.7228 2 1 1 0x0 4.0000 4.0000 4.00 4.00 0.9099 1.1058 0.0005 0.0002 4.4198 1.8477 1.041243 2.956456 12.24 
5.7268 2 1 1 0x0 4.0000 4.0000 4.00 4.00 1.0444 0.7975 0.0006 0.0004 4.4217 1.8508 1.041243 2.956448 12.23 
5.7308 2 1 1 0x0 4.0000 4.0000 4.00 4.00 0.7989 1.0379 0.0006 0.0006 4.4235 1.8539 1.041243 2.956433 12.23 
5.7348 2 1 1 0x0 4.0000 4.0000 4.00 4.00 0.9349 1.0920 0.0002 0.0004 4.4256 1.8575 1.041243 2.956414 12.23 
5.7388 2 1 1 0x0 4.0000 4.0000 4.00 4.00 1.0132 0.7626 0.0003 0.0006 4.4274 1.8606 1.041243 2.956385 12.23 
5.7428 2 1 1 0x0 4.0000 4.0000 4.00 4.00 0.8191 0.9383 0.0003 0.0004 4.4293 1.8639 1.043948 2.956373 12.23 
5.7468 2 1 1 0x0 4.0000 4.0000 4.00 4.00 1.0813 1.0803 0.0003 0.0006 4.4312 1.8671 1.043948 2.956370 12.23 
5.7508 2 1 1 0x0 4.0000 4.0000 4.00 4.00 0.8429 1.0594 0.0004 0.0004 4.4331 1.8704 1.046653 2.956369 12.23 
5.7548 2 1 1 0x0 4.0000 4.0000 4.00 4.00 0.9946 1.1146 0.0005 0.0002 4.4350 1.8738 1.049357 2.956370 12.23 
5.7588 2 1 1 0x0 4.0000 4.0000 4.00 4.00 0.7896 0.7528 0.0005 0.0004 4.4369 1.8769 1.049357 2.956374 12.23 
5.7628 2 1 1 0x0 4.0000 4.0000 4.00 4.00 1.0552 1.0446 0.0006 0.0005 4.4387 1.8801 1.049357 2.956384 12.23 
5.7668 2 1 1 0x0 4.0000 4.0000 4.00 4.00 0.8622 1.0984 0.0006 0.0004 4.4406 1.8834 1.052062 2.956407 12.23 
5.7708 2 1 1 0x0 4.0000 4.0000 4.00 4.00 1.0432 0.8023 0.0007 0.0006 4.4424 1.8866 1.052062 2.956438 12.23 
5.7748 2 1 1 0x0 4.0000 4.0000 4.00 4.00 1.0224 0.9376 0.0002 0.0004 4.4444 1.8901 1.052062 2.956456 12.23 
5.7788 2 1 1 0x0 4.0000 4.0000 4.00 4.00 0.8858 1.0797 0.0003 0.0006 4.4462 1.8933 1.052062 2.956481 12.23 
5.7828 2 1 1 0x0 4.0000 4.0000 4.00 4.00 1.0038 1.0576 0.0004 0.0003 4.4481 1.8967 1.054767 2.956514 12.23 
5.7868 2 1 1 0x0 4.0000 4.0000 4.00 4.00 0.7828 0.9514 0.0004 0.0006 4.4499 1.8998 1.054767 2.956524 12.23 
5.7908 2 1 1 0x0 4.0000 4.0000 4.00 4.00 0.9968 0.8392 0.0005 0.0004 4.4518 1.9032 1.057471 2.956512 12.23 
5.7948 2 1 1 0x0 4.0000 4.0000 4.00 4.00 0.8539 1.1206 0.0005 0.0005 4.4536 1.9064 1.057471 2.956502 12.23 
5.7988 2 1 1 0x0 4.0000 4.0000 4.00 4.00 1.0523 1.0953 0.0006 0.0004 4.4555 1.9097 1.060176 2.956503 12.23 
5.8028 2 1 1 0x0 4.0000 4.0000 4.00 4.00 0.7970 0.8489 0.0006 0.0005 4.4573 1.9129 1.060176 2.956517 12.23 
5.8068 2 1 1 0x0 4.0000 4.0000 4.00 4.00 0.8780 0.9384 0.0002 0.0003 4.4593 1.9164 1.060176 2.956532 12.23 
5.8108 2 1 1 0x0 4.0000 4.0000 4.00 4.00 1.0139 1.0788 0.0003 0.0006 4.4611 1.9196 1.060176 2.956505 12.23 
5.8148 2 1 1 0x0 4.0000 4.0000 4.00 4.00 0.7760 1.0605 0.0004 0.0003 4.4629 1.9230 1.062880 2.956498 12.23 
5.8188 2 1 1 0x0 4.0000 4.0000 4.00 4.00 1.0094 0.9490 0.0004 0.0005 4.4647 1.9262 1.062880 2.956500 12.23 
5.8228 2 1 1 0x0 4.0000 4.0000 4.00 4.00 0.8427 0.7926 0.0004 0.0003 4.4666 1.9296 1.065585 2.956481 12.23 
5.8268 2 1 1 0x0 4.0000 4.0000 4.00 4.00 1.0680 1.0447 0.0005 0.0005 4.4684 1.9328 1.065585 2.956507 12.23 
5.8308 2 1 1 0x0 4.0000 4.0000 4.00 4.00 0.7861 1.0998 0.0005 0.0003 4.4702 1.9361 1.068290 2.956491 12.23 
5.8348 2 1 1 0x0 4.0000 4.0000 4.00 4.00 0.9932 0.8461 0.0005 0.0005 4.4720 1.9393 1.068290 2.956475 12.23 
5.8388 2 1 1 0x0 4.0000 4.0000 4.00 4.00 0.9073 0.9340 0.0006 0.0003 4.4738 1.9427 1.070994 2.956475 12.23 
5.8428 2 1 1 0x0 4.0000 4.0000 4.00 4.00 1.0527 1.0835 0.0007 0.0005 4.4756 1.9459 1.070994 2.956470 12.23 
5.8468 2 1 1 0x0 4.0000 4.0000 4.00 4.00 1.0340 1.0620 0.0002 0.0003 4.4775 1.9495 1.070994 2.956458 12.23 
5.8508 2 1 1 0x0 4.0000 4.0000 4.00 4.00 0.8731 0.9474 0.0003 0.0005 4.4793 1.9527 1.070994 2.956441 12.23 
5.8548 2 1 1 0x0 4.0000 4.0000 4.00 4.00 1.0230 1.0682 0.0003 0.0007 4.4810 1.9559 1.070994 2.956436 12.23 
5.8588 2 1 1 0x0 4.0000 4.0000 4.00 4.00 0.8149 1.1269 0.0004 0.0005 4.4829 1.9593 1.073699 2.956430 12.23 
5.8628 2 1 1 0x0 4.0000 4.0000 4.00 4.00 1.0132 1.0266 0.0004 0.0003 4.4847 1.9627 1.076403 2.956429 12.23 
5.8668 2 1 1 0x0 4.0000 4.0000 4.00 4.00 0.8402 0.7989 0.0005 0.0005 4.4864 1.9659 1.076403 2.956402 12.23 
5.8708 2 1 1 0x0 4.0000 4.0000 4.00 4.00 1.0728 0.9939 0.0005 0.0002 4.4883 1.9693 1.079108 2.956389 12.23 
5.8748 2 1 1 0x0 4.0000 4.0000 4.00 4.00 0.7852 1.1720 0.0006 0.0005 4.4900 1.9725 1.079108 2.956376 12.23 
5.8788 2 1 1 0x0 4.0000 4.0000 4.00 4.00 0.9934 1.0637 0.0006 0.0002 4.4918 1.9759 1.081813 2.956416 12.23 
5.8828 2 1 1 0x0 4.0000 4.0000 4.00 4.00 1.0400 0.8899 0.0002 0.0005 4.4936 1.9793 1.079108 2.956412 12.23 
5.8868 2 1 1 0x0 4.0000 4.0000 4.00 4.00 0.9837 1.1503 0.0007 0.0007 4.4952 1.9823 1.081813 2.956408 12.23 
5.8908 2 1 1 0x0 4.0000 4.0000 4.00 4.00 1.0368 1.1259 0.0003 0.0004 4.4971 1.9859 1.081813 2.956420 12.23 
5.8948 2 1 1 0x0 4.0000 4.0000 4.00 4.00 0.8740 1.1011 0.0003 0.0002 4.4989 1.9893 1.084517 2.956443 12.23 
5.8988 2 1 1 0x0 4.0000 4.0000 4.00 4.00 1.0235 0.8010 0.0004 0.0004 4.5007 1.9925 1.084517 2.956452 12.23 
5.9028 2 1 1 0x0 4.0000 4.0000 4.00 4.00 0.8113 1.0312 0.0004 0.0006 4.5024 1.9958 1.084517 2.956456 12.24 
5.9068 2 1 1 0x0 4.0000 4.0000 4.00 4.00 1.0232 1.0837 0.0004 0.0004 4.5042 1.9992 1.087222 2.956460 12.23 
5.9108 2 1 1 0x0 4.0000 4.0000 4.00 4.00 0.8849 0.8090 0.0005 0.0006 4.5059 2.0024 1.087222 2.956482 12.23 
5.9148 2 1 1 0x0 4.0000 4.0000 4.00 4.00 1.0847 0.9473 0.0005 0.0004 4.5076 2.0058 1.089927 2.956494 12.23 
5.9188 2 1 1 0x0 4.0000 4.0000 4.00 4.00 0.7787 1.1493 0.0006 0.0006 4.5093 2.0091 1.089927 2.956516 12.23 
5.9228 2 1 1 0x0 4.0000 4.0000 4.00 4.00 1.0050 1.1255 0.0006 0.0004 4.5111 2.0125 1.092631 2.956519 12.23 
5.9268 2 1 1 0x0 4.0000 4.0000 4.00 4.00 1.0507 1.1006 0.0003 0.0002 4.5130 2.0161 1.092631 2.956524 12.23 
5.9308 2 1 1 0x0 4.0000 4.0000 4.00 4.00 0.7971 0.8009 0.0003 0.0004 4.5147 2.0193 1.092631 2.956538 12.23 
5.9348 2 1 1 0x0 4.0000 4.0000 4.00 4.00 1.0432 1.1067 0.0003 0.0006 4.5163 2.0226 1.092631 2.956548 12.24 
5.9388 2 1 1 0x0 4.0000 4.0000 4.00 4.00 0.8713 1.0823 0.0004 0.0004 4.5181 2.0260 1.095336 2.956541 12.23 
5.9428 2 1 1 0x0 4.0000 4.0000 4.00 4.00 1.0266 0.7684 0.0005 0.0006 4.5198 2.0292 1.095336 2.956521 12.23 
5.9468 2 1 1 0x0 4.0000 4.0000 4.00 4.00 0.7708 0.8912 0.0006 0.0004 4.5215 2.0327 1.098040 2.956508 12.23 
5.9508 2 1 1 0x0 4.0000 4.0000 4.00 4.00 1.0896 1.0670 0.0006 0.0006 4.5232 2.0359 1.098040 2.956525 12.23 
5.9548 2 1 1 0x0 4.0000 4.0000 4.00 4.00 1.0590 1.0462 0.0003 0.0004 4.5250 2.0395 1.098040 2.956511 12.23 
5.9588 2 1 1 0x0 4.0000 4.0000 4.00 4.00 0.7932 1.1004 0.0003 0.0002 4.5268 2.0430 1.100745 2.956470 12.23 
5.9628 2 1 1 0x0 4.0000 4.0000 4.00 4.00 0.9780 0.7592 0.0004 0.0004 4.5284 2.0462 1.100745 2.956451 12.23 
5.9668 2 1 1 0x0 4.0000 4.0000 4.00 4.00 0.8645 1.1111 0.0004 0.0005 4.5301 2.0495 1.100745 2.956431 12.23 
5.9707 2 1 1 0x0 4.0000 4.0000 4.00 4.00 1.0333 1.0875 0.0005 0.0004 4.5318 2.0529 1.103450 2.956429 12.22 
5.9747 2 1 1 0x0 4.0000 4.0000 4.00 4.00 0.8085 0.8070 0.0005 0.0006 4.5335 2.0562 1.103450 2.956443 12.23 
5.9787 2 1 1 0x0 4.0000 4.0000 4.00 4.00 1.0209 0.8867 0.0006 0.0003 4.5352 2.0596 1.106154 2.956447 12.23 
5.9827 2 1 1 0x0 4.0000 4.0000 4.00 4.00 1.0711 1.1581 0.0002 0.0006 4.5369 2.0631 1.103450 2.956451 12.22 
5.9867 2 1 1 0x0 4.0000 4.0000 4.00 4.00 0.8307 1.0536 0.0003 0.0003 4.5387 2.0665 1.106154 2.956468 12.24 
5.9907 2 1 1 0x0 4.0000 4.0000 4.00 4.00 0.9903 0.8959 0.0003 0.0005 4.5403 2.0698 1.106154 2.956496 12.23 
5.9947 2 1 1 0x0 4.0000 4.0000 4.00 4.00 0.9098 0.7965 0.0004 0.0003 4.5420 2.0732 1.108859 2.956479 12.24 
5.9987 2 1 1 0x0 4.0000 4.0000 4.00 4.00 1.0461 1.0400 0.0004 0.0005 4.5437 2.0765 1.108859 2.956480 12.23 
6.0027 2 1 1 0x0 4.0000 4.0000 4.00 4.00 0.7967 1.0925 0.0005 0.0003 4.5454 2.0799 1.111564 2.956493 12.24 
6.0067 2 1 1 0x0 4.0000 4.0000 4.00 4.00 1.0440 0.8505 0.0005 0.0005 4.5470 2.0832 1.111564 2.956505 12.22 
6.0107 2 1 1 0x0 4.0000 4.0000 4.00 4.00 0.8680 0.9408 0.0006 0.0003 4.5487 2.0867 1.114268 2.956511 12.23 
6.0147 2 1 1 0x0 4.0000 4.0000 4.00 4.00 1.0279 1.0747 0.0007 0.0005 4.5503 2.0899 1.114268 2.956500 12.23 
6.0187 2 1 1 0x0 4.0000 4.0000 4.00 4.00 1.0848 1.1346 0.0002 0.0002 4.5521 2.0936 1.114268 2.956506 12.23 
6.0227 2 1 1 0x0 4.0000 4.0000 4.00 4.00 0.9483 0.9538 0.0003 0.0005 4.5537 2.0969 1.114268 2.956528 12.23 
6.0267 2 1 1 0x0 4.0000 4.0000 4.00 4.00 0.9981 0.7967 0.0003 0.0003 4.5554 2.1003 1.116973 2.956554 12.23 
6.0307 2 1 1 0x0 4.0000 4.0000 4.00 4.00 0.7849 1.0360 0.0004 0.0005 4.5570 2.1036 1.116973 2.956559 12.23 
6.0347 2 1 1 0x0 4.0000 4.0000 4.00 4.00 0.9910 1.0877 0.0004 0.0003 4.5587 2.1071 1.119677 2.956564 12.23 
6.0387 2 1 1 0x0 4.0000 4.0000 4.00 4.00 0.9073 0.8076 0.0005 0.0004 4.5603 2.1104 1.119677 2.956560 12.23 
6.0427 2 1 1 0x0 4.0000 4.0000 4.00 4.00 1.0495 0.9440 0.0005 0.0002 4.5620 2.1138 1.122382 2.956565 12.23 
6.0467 2 1 1 0x0 4.0000 4.0000 4.00 4.00 0.7959 1.0689 0.0006 0.0005 4.5635 2.1171 1.122382 2.956554 12.23 
6.0507 2 1 1 0x0 4.0000 4.0000 4.00 4.00 0.9775 1.0462 0.0006 0.0002 4.5652 2.1206 1.125087 2.956562 12.23 
6.0547 2 1 1 0x0 4.0000 4.0000 4.00 4.00 1.0213 0.9612 0.0002 0.0005 4.5669 2.1241 1.122382 2.956541 12.23 
6.0587 2 1 1 0x0 4.0000 4.0000 4.00 4.00 1.0368 1.0491 0.0007 0.0007 4.5684 2.1272 1.125087 2.956537 12.23 
6.0627 2 1 1 0x0 4.0000 4.0000 4.00 4.00 1.0254 1.0294 0.0002 0.0004 4.5701 2.1308 1.125087 2.956523 12.23 
6.0667 2 1 1 0x0 4.0000 4.0000 4.00 4.00 0.9389 1.0815 0.0003 0.0002 4.5718 2.1343 1.127791 2.956534 12.23 
6.0707 2 1 1 0x0 4.0000 4.0000 4.00 4.00 1.0137 0.8110 0.0003 0.0004 4.5733 2.1376 1.127791 2.956502 12.23 
6.0747 2 1 1 0x0 4.0000 4.0000 4.00 4.00 0.7758 1.0880 0.0004 0.0006 4.5749 2.1409 1.127791 2.956478 12.23 
6.0787 2 1 1 0x0 4.0000 4.0000 4.00 4.00 1.0099 1.0641 0.0004 0.0004 4.5765 2.1444 1.130496 2.956475 12.23 
6.0827 2 1 1 0x0 4.0000 4.0000 4.00 4.00 0.9481 1.1220 0.0004 0.0002 4.5782 2.1479 1.133201 2.956481 12.23 
6.0867 2 1 1 0x0 4.0000 4.0000 4.00 4.00 0.9993 0.9050 0.0005 0.0004 4.5797 2.1512 1.133201 2.956462 12.23 
6.0907 2 1 1 0x0 4.0000 4.0000 4.00 4.00 0.7846 1.1263 0.0005 0.0006 4.5813 2.1545 1.133201 2.956443 12.23 
6.0947 2 1 1 0x0 4.0000 4.0000 4.00 4.00 0.9955 1.0285 0.0005 0.0004 4.5829 2.1580 1.135905 2.956445 12.23 
6.0987 2 1 1 0x0 4.0000 4.0000 4.00 4.00 0.8522 1.0789 0.0006 0.0002 4.5845 2.1615 1.138610 2.956456 12.23 
6.1027 2 1 1 0x0 4.0000 4.0000 4.00 4.00 1.0547 0.8127 0.0006 0.0004 4.5861 2.1648 1.138610 2.956461 12.23 
6.1067 2 1 1 0x0 4.0000 4.0000 4.00 4.00 1.0364 1.0836 0.0002 0.0006 4.5877 2.1683 1.135905 2.956457 12.23 
6.1107 2 1 1 0x0 4.0000 4.0000 4.00 4.00 0.8752 1.0601 0.0003 0.0004 4.5893 2.1718 1.138610 2.956440 12.22 
6.1147 2 1 1 0x0 4.0000 4.0000 4.00 4.00 1.0182 0.7801 0.0004 0.0006 4.5908 2.1751 1.138610 2.956450 12.23 
6.1187 2 1 1 0x0 4.0000 4.0000 4.00 4.00 0.7737 0.9078 0.0004 0.0004 4.5924 2.1786 1.141314 2.956463 12.23 
6.1227 2 1 1 0x0 4.0000 4.0000 4.00 4.00 1.0066 1.1213 0.0005 0.0006 4.5939 2.1819 1.141314 2.956465 12.23 
6.1267 2 1 1 0x0 4.0000 4.0000 4.00 4.00 0.8972 1.0981 0.0006 0.0004 4.5955 2.1855 1.144019 2.956463 12.23 
6.1307 2 1 1 0x0 4.0000 4.0000 4.00 4.00 1.0624 1.1561 0.0006 0.0002 4.5971 2.1890 1.146724 2.956461 12.23 
6.1347 2 1 1 0x0 4.0000 4.0000 4.00 4.00 1.0406 0.8166 0.0002 0.0004 4.5987 2.1925 1.144019 2.956459 12.23 
6.1387 2 1 1 0x0 4.0000 4.0000 4.00 4.00 0.9259 1.0785 0.0003 0.0006 4.6002 2.1958 1.144019 2.956461 12.23 
6.1427 2 1 1 0x0 4.0000 4.0000 4.00 4.00 1.0281 1.0537 0.0003 0.0004 4.6018 2.1993 1.146724 2.956470 12.23 
6.1467 2 1 1 0x0 4.0000 4.0000 4.00 4.00 0.8121 0.7840 0.0004 0.0006 4.6033 2.2026 1.146724 2.956458 12.23 
6.1507 2 1 1 0x0 4.0000 4.0000 4.00 4.00 1.0175 0.9715 0.0004 0.0004 4.6049 2.2062 1.149428 2.956458 12.23 
6.1547 2 1 1 0x0 4.0000 4.0000 4.00 4.00 0.8861 1.1174 0.0004 0.0006 4.6064 2.2095 1.149428 2.956473 12.23 
6.1587 2 1 1 0x0 4.0000 4.0000 4.00 4.00 1.0824 1.0177 0.0005 0.0004 4.6080 2.2130 1.152133 2.956481 12.23 
6.1627 2 1 1 0x0 4.0000 4.0000 4.00 4.00 0.7784 1.0682 0.0005 0.0002 4.6095 2.2165 1.154837 2.956471 12.23 
6.1667 2 1 1 0x0 4.0000 4.0000 4.00 4.00 1.0045 0.7763 0.0005 0.0004 4.6110 2.2199 1.154837 2.956485 12.23 
6.1707 2 1 1 0x0 4.0000 4.0000 4.00 4.00 0.8989 1.0749 0.0006 0.0005 4.6125 2.2232 1.154837 2.956482 12.23 
6.1747 2 1 1 0x0 4.0000 4.0000 4.00 4.00 0.9909 1.1298 0.0007 0.0004 4.6140 2.2267 1.157542 2.956481 12.23 
6.1787 2 1 1 0x0 4.0000 4.0000 4.00 4.00 1.0463 0.8293 0.0002 0.0006 4.6156 2.2303 1.154837 2.956473 12.23 
6.1827 2 1 1 0x0 4.0000 4.0000 4.00 4.00 0.9232 0.9145 0.0003 0.0004 4.6171 2.2338 1.157542 2.956430 12.23 
6.1867 2 1 1 0x0 4.0000 4.0000 4.00 4.00 1.0276 1.1109 0.0004 0.0006 4.6186 2.2371 1.157542 2.956410 12.23 
6.1907 2 1 1 0x0 4.0000 4.0000 4.00 4.00 0.8149 1.0886 0.0004 0.0003 4.6201 2.2407 1.160247 2.956392 12.23 
6.1947 2 1 1 0x0 4.0000 4.0000 4.00 4.00 1.0141 0.9268 0.0005 0.0006 4.6216 2.2440 1.160247 2.956386 12.23 
6.1987 2 1 1 0x0 4.0000 4.0000 4.00 4.00 0.9471 0.7772 0.0005 0.0003 4.6231 2.2475 1.162951 2.956381 12.24 
6.2027 2 1 1 0x0 4.0000 4.0000 4.00 4.00 1.0696 1.0745 0.0006 0.0005 4.6246 2.2509 1.162951 2.956357 12.23 
6.2067 2 1 1 0x0 4.0000 4.0000 4.00 4.00 1.0475 1.1315 0.0002 0.0003 4.6262 2.2546 1.162951 2.956355 12.24 
6.2107 2 1 1 0x0 4.0000 4.0000 4.00 4.00 0.8643 0.8279 0.0002 0.0005 4.6276 2.2580 1.162951 2.956369 12.23 
6.2147 2 1 1 0x0 4.0000 4.0000 4.00 4.00 1.0392 0.9128 0.0003 0.0003 4.6292 2.2615 1.165656 2.956381 12.23 
6.2187 2 1 1 0x0 4.0000 4.0000 4.00 4.00 0.8045 1.1146 0.0003 0.0005 4.6306 2.2649 1.165656 2.956383 12.23 
6.2227 2 1 1 0x0 4.0000 4.0000 4.00 4.00 1.0302 1.0178 0.0004 0.0003 4.6321 2.2684 1.168361 2.956372 12.23 
6.2267 2 1 1 0x0 4.0000 4.0000 4.00 4.00 0.8789 0.9855 0.0004 0.0005 4.6335 2.2718 1.168361 2.956376 12.23 
6.2307 2 1 1 0x0 4.0000 4.0000 4.00 4.00 1.0887 0.8184 0.0005 0.0003 4.6350 2.2753 1.171065 2.956386 12.23 
6.2347 2 1 1 0x0 4.0000 4.0000 4.00 4.00 0.8197 1.0756 0.0005 0.0005 4.6365 2.2787 1.171065 2.956388 12.23 
6.2387 2 1 1 0x0 4.0000 4.0000 4.00 4.00 1.0024 1.1329 0.0006 0.0003 4.6380 2.2822 1.173770 2.956389 12.23 
6.2427 2 1 1 0x0 4.0000 4.0000 4.00 4.00 1.0453 0.8275 0.0002 0.0005 4.6395 2.2858 1.171065 2.956389 12.23 
6.2467 2 1 1 0x0 4.0000 4.0000 4.00 4.00 0.8014 0.9099 0.0003 0.0003 4.6410 2.2893 1.173770 2.956412 12.24 
6.2507 2 1 1 0x0 4.0000 4.0000 4.00 4.00 1.0308 1.1178 0.0003 0.0005 4.6424 2.2927 1.173770 2.956422 12.23 
6.2547 2 1 1 0x0 4.0000 4.0000 4.00 4.00 0.9315 1.0950 0.0004 0.0003 4.6438 2.2963 1.176474 2.956423 12.23 
6.2587 2 1 1 0x0 4.0000 4.0000 4.00 4.00 1.0193 0.9819 0.0005 0.0005 4.6453 2.2996 1.176474 2.956419 12.23 
6.2627 2 1 1 0x0 4.0000 4.0000 4.00 4.00 0.8169 0.7727 0.0005 0.0003 4.6467 2.3032 1.179179 2.956409 12.23 
6.2667 2 1 1 0x0 4.0000 4.0000 4.00 4.00 1.0087 1.0827 0.0006 0.0004 4.6481 2.3066 1.179179 2.956429 12.24 
6.2707 2 1 1 0x0 4.0000 4.0000 4.00 4.00 0.9857 1.1398 0.0002 0.0003 4.6497 2.3103 1.179179 2.956423 12.23 
6.2747 2 1 1 0x0 4.0000 4.0000 4.00 4.00 1.0663 0.8241 0.0007 0.0005 4.6510 2.3135 1.181884 2.956409 12.23 
6.2787 2 1 1 0x0 4.0000 4.0000 4.00 4.00 1.0458 1.0674 0.0003 0.0006 4.6525 2.3173 1.181884 2.956404 12.23 
6.2827 2 1 1 0x0 4.0000 4.0000 4.00 4.00 0.8674 1.0449 0.0004 0.0004 4.6539 2.3206 1.181884 2.956422 12.23 
6.2867 2 1 1 0x0 4.0000 4.0000 4.00 4.00 1.0326 1.1004 0.0004 0.0002 4.6554 2.3242 1.184588 2.956413 12.23 
6.2907 2 1 1 0x0 4.0000 4.0000 4.00 4.00 0.8083 0.9195 0.0005 0.0004 4.6567 2.3276 1.184588 2.956407 12.23 
6.2947 2 1 1 0x0 4.0000 4.0000 4.00 4.00 1.0310 1.1051 0.0005 0.0007 4.6581 2.3310 1.184588 2.956397 12.23 
6.2987 2 1 1 0x0 4.0000 4.0000 4.00 4.00 0.8812 1.0826 0.0006 0.0004 4.6596 2.3345 1.187293 2.956408 12.23 
6.3027 2 1 1 0x0 4.0000 4.0000 4.00 4.00 1.0841 1.1406 0.0006 0.0002 4.6610 2.3381 1.189998 2.956414 12.23 
6.3067 2 1 1 0x0 4.0000 4.0000 4.00 4.00 0.9898 0.8240 0.0002 0.0004 4.6625 2.3417 1.187293 2.956419 12.24 
6.3107 2 1 1 0x0 4.0000 4.0000 4.00 4.00 0.8569 1.1477 0.0003 0.0006 4.6639 2.3453 1.189998 2.956412 12.23 
6.3147 2 1 1 0x0 4.0000 4.0000 4.00 4.00 1.0437 1.0431 0.0004 0.0004 4.6652 2.3487 1.189998 2.956400 12.23 
6.3187 2 1 1 0x0 4.0000 4.0000 4.00 4.00 0.8018 0.7892 0.0004 0.0006 4.6666 2.3520 1.189998 2.956389 12.23 
6.3227 2 1 1 0x0 4.0000 4.0000 4.00 4.00 1.0299 0.9799 0.0005 0.0004 4.6680 2.3556 1.192702 2.956403 12.23 
6.3267 2 1 1 0x0 4.0000 4.0000 4.00 4.00 0.8806 1.1038 0.0006 0.0006 4.6694 2.3590 1.192702 2.956401 12.23 
6.3307 2 1 1 0x0 4.0000 4.0000 4.00 4.00 1.0085 1.0825 0.0007 0.0004 4.6708 2.3626 1.195407 2.956405 12.24 
6.3347 2 1 1 0x0 4.0000 4.0000 4.00 4.00 1.0557 1.0608 0.0003 0.0002 4.6723 2.3664 1.195407 2.956392 12.23 
6.3387 2 1 1 0x0 4.0000 4.0000 4.00 4.00 0.9177 0.8225 0.0004 0.0004 4.6736 2.3698 1.195407 2.956381 12.23 
6.3427 2 1 1 0x0 4.0000 4.0000 4.00 4.00 1.0325 1.0689 0.0005 0.0006 4.6750 2.3732 1.195407 2.956416 12.23 
6.3467 2 1 1 0x0 4.0000 4.0000 4.00 4.00 0.8082 1.0461 0.0005 0.0004 4.6764 2.3768 1.198111 2.956416 12.23 
6.3507 2 1 1 0x0 4.0000 4.0000 4.00 4.00 1.0246 0.7872 0.0006 0.0005 4.6777 2.3802 1.198111 2.956414 12.23 
6.3547 2 1 1 0x0 4.0000 4.0000 4.00 4.00 1.0669 0.9168 0.0002 0.0003 4.6792 2.3839 1.198111 2.956432 12.23 
6.3587 2 1 1 0x0 4.0000 4.0000 4.00 4.00 0.8338 1.1093 0.0003 0.0005 4.6805 2.3873 1.198111 2.956455 12.23 
6.3627 2 1 1 0x0 4.0000 4.0000 4.00 4.00 1.0509 1.0856 0.0004 0.0003 4.6819 2.3909 1.200816 2.956455 12.23 
6.3667 2 1 1 0x0 4.0000 4.0000 4.00 4.00 0.8646 0.9296 0.0004 0.0005 4.6832 2.3943 1.200816 2.956452 12.23 
6.3707 2 1 1 0x0 4.0000 4.0000 4.00 4.00 1.0361 0.7785 0.0005 0.0003 4.6846 2.3979 1.203521 2.956440 12.23 
6.3747 2 1 1 0x0 4.0000 4.0000 4.00 4.00 0.8059 1.0724 0.0005 0.0005 4.6859 2.4013 1.203521 2.956464 12.23 
6.3787 2 1 1 0x0 4.0000 4.0000 4.00 4.00 1.0281 1.1292 0.0006 0.0003 4.6873 2.4049 1.206225 2.956483 12.23 
6.3827 2 1 1 0x0 4.0000 4.0000 4.00 4.00 1.0007 0.8284 0.0002 0.0005 4.6887 2.4085 1.203521 2.956473 12.23 
6.3867 2 1 1 0x0 4.0000 4.0000 4.00 4.00 0.7854 0.9125 0.0003 0.0003 4.6901 2.4121 1.206225 2.956469 12.23 
6.3907 2 1 1 0x0 4.0000 4.0000 4.00 4.00 1.0685 1.1172 0.0003 0.0005 4.6914 2.4155 1.206225 2.956476 12.23 
6.3947 2 1 1 0x0 4.0000 4.0000 4.00 4.00 0.9665 1.0204 0.0004 0.0003 4.6927 2.4191 1.208930 2.956494 12.23 
6.3987 2 1 1 0x0 4.0000 4.0000 4.00 4.00 1.0492 0.8683 0.0005 0.0005 4.6940 2.4226 1.208930 2.956493 12.23 
6.4027 2 1 1 0x0 4.0000 4.0000 4.00 4.00 0.7984 0.8155 0.0005 0.0003 4.6954 2.4262 1.211635 2.956487 12.23 
6.4067 2 1 1 0x0 4.0000 4.0000 4.00 4.00 1.0375 1.0832 0.0006 0.0004 4.6967 2.4296 1.211635 2.956449 12.23 
6.4107 2 1 1 0x0 4.0000 4.0000 4.00 4.00 1.0132 1.0614 0.0002 0.0003 4.6981 2.4334 1.211635 2.956429 12.23 
6.4147 2 1 1 0x0 4.0000 4.0000 4.00 4.00 0.7788 0.8217 0.0003 0.0004 4.6994 2.4368 1.211635 2.956446 12.24 
6.4187 2 1 1 0x0 4.0000 4.0000 4.00 4.00 1.0752 1.0705 0.0003 0.0006 4.7007 2.4402 1.211635 2.956442 12.23 
6.4227 2 1 1 0x0 4.0000 4.0000 4.00 4.00 0.9026 1.0477 0.0004 0.0004 4.7020 2.4438 1.214339 2.956405 12.22 
6.4267 2 1 1 0x0 4.0000 4.0000 4.00 4.00 1.0591 0.7866 0.0004 0.0006 4.7033 2.4473 1.214339 2.956407 12.24 
6.4307 2 1 1 0x0 4.0000 4.0000 4.00 4.00 0.8387 0.9742 0.0005 0.0004 4.7046 2.4509 1.217044 2.956409 12.24 
6.4347 2 1 1 0x0 4.0000 4.0000 4.00 4.00 1.0464 1.1120 0.0006 0.0006 4.7059 2.4543 1.217044 2.956410 12.23 
6.4387 2 1 1 0x0 4.0000 4.0000 4.00 4.00 1.0956 1.0901 0.0002 0.0004 4.7073 2.4581 1.217044 2.956409 12.23 
6.4427 2 1 1 0x0 4.0000 4.0000 4.00 4.00 1.0291 1.1498 0.0007 0.0002 4.7085 2.4615 1.222453 2.956397 12.23 
6.4467 2 1 1 0x0 4.0000 4.0000 4.00 4.00 1.0132 0.8191 0.0003 0.0004 4.7099 2.4651 1.219748 2.956383 12.23 
6.4507 2 1 1 0x0 4.0000 4.0000 4.00 4.00 0.8947 1.0742 0.0004 0.0006 4.7111 2.4686 1.219748 2.956400 12.23 
6.4547 2 1 1 0x0 4.0000 4.0000 4.00 4.00 1.0649 1.1294 0.0004 0.0004 4.7124 2.4722 1.222453 2.956423 12.23 
6.4587 2 1 1 0x0 4.0000 4.0000 4.00 4.00 0.7890 0.7862 0.0005 0.0006 4.7137 2.4756 1.222453 2.956394 12.23 
6.4627 2 1 1 0x0 4.0000 4.0000 4.00 4.00 1.0547 0.9744 0.0005 0.0004 4.7150 2.4792 1.225158 2.956404 12.23 
6.4667 2 1 1 0x0 4.0000 4.0000 4.00 4.00 0.9139 1.1123 0.0006 0.0006 4.7162 2.4827 1.225158 2.956408 12.23 
6.4707 2 1 1 0x0 4.0000 4.0000 4.00 4.00 1.0408 1.0890 0.0006 0.0003 4.7175 2.4863 1.227862 2.956421 12.23 
6.4747 2 1 1 0x0 4.0000 4.0000 4.00 4.00 1.0209 0.9279 0.0002 0.0006 4.7188 2.4899 1.225158 2.956433 12.24 
6.4787 2 1 1 0x0 4.0000 4.0000 4.00 4.00 0.8889 0.8209 0.0003 0.0004 4.7201 2.4936 1.227862 2.956403 12.24 
6.4827 2 1 1 0x0 4.0000 4.0000 4.00 4.00 1.0029 1.0722 0.0004 0.0005 4.7214 2.4970 1.227862 2.956388 12.23 
6.4867 2 1 1 0x0 4.0000 4.0000 4.00 4.00 0.7451 1.1292 0.0004 0.0003 4.7226 2.5006 1.230567 2.956404 12.23 
6.4907 2 1 1 0x0 4.0000 4.0000 4.00 4.00 1.0664 0.8290 0.0005 0.0005 4.7239 2.5041 1.230567 2.956428 12.23 
6.4947 2 1 1 0x0 4.0000 4.0000 4.00 4.00 0.8568 0.9135 0.0005 0.0003 4.7251 2.5077 1.233271 2.956432 12.23 
6.4987 2 1 1 0x0 4.0000 4.0000 4.00 4.00 1.0430 1.1152 0.0006 0.0005 4.7264 2.5112 1.233271 2.956419 12.23 
6.5027 2 1 1 0x0 4.0000 4.0000 4.00 4.00 1.0206 1.0935 0.0003 0.0003 4.7277 2.5150 1.233271 2.956423 12.23 
6.5067 2 1 1 0x0 4.0000 4.0000 4.00 4.00 0.9411 0.9220 0.0003 0.0005 4.7289 2.5184 1.233271 2.956437 12.23 
6.5107 2 1 1 0x0 4.0000 4.0000 4.00 4.00 1.0782 0.8159 0.0004 0.0003 4.7302 2.5221 1.235976 2.956453 12.23 
6.5147 2 1 1 0x0 4.0000 4.0000 4.00 4.00 0.8270 1.0788 0.0004 0.0005 4.7314 2.5255 1.235976 2.956444 12.23 
6.5187 2 1 1 0x0 4.0000 4.0000 4.00 4.00 0.9954 1.0557 0.0005 0.0003 4.7326 2.5292 1.238681 2.956445 12.23 
6.5227 2 1 1 0x0 4.0000 4.0000 4.00 4.00 0.8520 0.7827 0.0005 0.0005 4.7338 2.5326 1.238681 2.956436 12.23 
6.5267 2 1 1 0x0 4.0000 4.0000 4.00 4.00 1.0538 0.9702 0.0006 0.0003 4.7351 2.5363 1.241385 2.956448 12.24 
6.5307 2 1 1 0x0 4.0000 4.0000 4.00 4.00 0.7950 1.0393 0.0006 0.0005 4.7363 2.5397 1.241385 2.956451 12.23 
6.5347 2 1 1 0x0 4.0000 4.0000 4.00 4.00 0.8774 1.0211 0.0003 0.0003 4.7376 2.5435 1.241385 2.956446 12.23 
6.5387 2 1 1 0x0 4.0000 4.0000 4.00 4.00 1.0926 0.9817 0.0004 0.0005 4.7388 2.5470 1.241385 2.956437 12.23 
6.5427 2 1 1 0x0 4.0000 4.0000 4.00 4.00 0.7754 0.8153 0.0004 0.0003 4.7400 2.5507 1.244090 2.956439 12.23 
6.5467 2 1 1 0x0 4.0000 4.0000 4.00 4.00 1.0771 1.0814 0.0005 0.0004 4.7412 2.5541 1.244090 2.956458 12.23 
6.5507 2 1 1 0x0 4.0000 4.0000 4.00 4.00 0.9006 1.0586 0.0005 0.0003 4.7424 2.5578 1.246795 2.956447 12.23 
6.5547 2 1 1 0x0 4.0000 4.0000 4.00 4.00 1.0544 0.7805 0.0006 0.0004 4.7436 2.5612 1.246795 2.956444 12.23 
6.5587 2 1 1 0x0 4.0000 4.0000 4.00 4.00 1.0297 1.0666 0.0003 0.0006 4.7449 2.5651 1.246795 2.956441 12.24 
6.5627 2 1 1 0x0 4.0000 4.0000 4.00 4.00 0.9356 1.1235 0.0003 0.0004 4.7460 2.5685 1.246795 2.956432 12.23 
6.5667 2 1 1 0x0 4.0000 4.0000 4.00 4.00 1.0810 1.1004 0.0005 0.0002 4.7473 2.5722 1.249499 2.956434 12.23 
6.5707 2 1 1 0x0 4.0000 4.0000 4.00 4.00 0.8258 0.9186 0.0005 0.0004 4.7484 2.5756 1.249499 2.956422 12.23 
6.5747 2 1 1 0x0 4.0000 4.0000 4.00 4.00 0.9908 1.1058 0.0006 0.0006 4.7496 2.5791 1.249499 2.956401 12.23 
6.5787 2 1 1 0x0 4.0000 4.0000 4.00 4.00 1.0333 1.0108 0.0003 0.0004 4.7508 2.5830 1.249499 2.956407 12.23 
6.5827 2 1 1 0x0 4.0000 4.0000 4.00 4.00 0.7672 0.9302 0.0003 0.0006 4.7521 2.5866 1.252204 2.956421 12.23 
6.5867 2 1 1 0x0 4.0000 4.0000 4.00 4.00 1.0936 0.8223 0.0004 0.0004 4.7532 2.5901 1.252204 2.956439 12.23 
6.5907 2 1 1 0x0 4.0000 4.0000 4.00 4.00 0.8915 1.0702 0.0005 0.0006 4.7543 2.5936 1.252204 2.956428 12.23 
6.5947 2 1 1 0x0 4.0000 4.0000 4.00 4.00 0.9962 1.1271 0.0006 0.0004 4.7555 2.5972 1.254908 2.956429 12.23 
6.5987 2 1 1 0x0 4.0000 4.0000 4.00 4.00 0.8325 0.7866 0.0006 0.0006 4.7567 2.6007 1.254908 2.956431 12.23 
6.6027 2 1 1 0x0 4.0000 4.0000 4.00 4.00 0.9198 0.9157 0.0002 0.0003 4.7579 2.6045 1.254908 2.956446 12.23 
6.6067 2 1 1 0x0 4.0000 4.0000 4.00 4.00 1.0286 1.1105 0.0004 0.0006 4.7591 2.6080 1.254908 2.956442 12.23 
6.6107 2 1 1 0x0 4.0000 4.0000 4.00 4.00 0.8108 1.0883 0.0004 0.0003 4.7603 2.6117 1.257613 2.956435 12.23 
6.6147 2 1 1 0x0 4.0000 4.0000 4.00 4.00 1.0166 0.9282 0.0005 0.0005 4.7614 2.6152 1.257613 2.956432 12.23 
6.6187 2 1 1 0x0 4.0000 4.0000 4.00 4.00 0.8396 0.8206 0.0005 0.0003 4.7626 2.6188 1.260318 2.956449 12.23 
6.6227 2 1 1 0x0 4.0000 4.0000 4.00 4.00 0.9969 1.0698 0.0006 0.0005 4.7637 2.6223 1.260318 2.956448 12.22 
6.6267 2 1 1 0x0 4.0000 4.0000 4.00 4.00 1.0429 1.0466 0.0003 0.0003 4.7649 2.6262 1.260318 2.956437 12.23 
6.6307 2 1 1 0x0 4.0000 4.0000 4.00 4.00 0.9279 0.7876 0.0004 0.0005 4.7660 2.6296 1.260318 2.956427 12.23 
6.6347 2 1 1 0x0 4.0000 4.0000 4.00 4.00 1.0191 0.9783 0.0005 0.0003 4.7672 2.6333 1.263022 2.956428 12.23 
6.6387 2 1 1 0x0 4.0000 4.0000 4.00 4.00 0.7746 1.0296 0.0005 0.0005 4.7683 2.6368 1.263022 2.956434 12.23 
6.6427 2 1 1 0x0 4.0000 4.0000 4.00 4.00 1.0768 1.0829 0.0006 0.0003 4.7695 2.6405 1.265727 2.956424 12.23 
6.6467 2 1 1 0x0 4.0000 4.0000 4.00 4.00 1.0468 0.8761 0.0003 0.0005 4.7707 2.6441 1.263022 2.956408 12.22 
6.6507 2 1 1 0x0 4.0000 4.0000 4.00 4.00 0.8486 0.8229 0.0004 0.0003 4.7718 2.6478 1.265727 2.956389 12.23 
6.6547 2 1 1 0x0 4.0000 4.0000 4.00 4.00 1.0322 1.0672 0.0004 0.0004 4.7729 2.6513 1.265727 2.956385 12.23 
6.6587 2 1 1 0x0 4.0000 4.0000 4.00 4.00 0.9344 1.1228 0.0005 0.0002 4.7741 2.6550 1.268432 2.956380 12.23 
6.6627 2 1 1 0x0 4.0000 4.0000 4.00 4.00 1.0882 0.8334 0.0006 0.0004 4.7752 2.6584 1.268432 2.956398 12.22 
6.6667 2 1 1 0x0 4.0000 4.0000 4.00 4.00 0.8203 0.9795 0.0007 0.0002 4.7763 2.6621 1.271136 2.956376 12.23 
6.6707 2 1 1 0x0 4.0000 4.0000 4.00 4.00 0.8550 1.0302 0.0003 0.0004 4.7775 2.6658 1.268432 2.956384 12.23 
6.6747 2 1 1 0x0 4.0000 4.0000 4.00 4.00 1.0495 0.8431 0.0003 0.0006 4.7785 2.6693 1.268432 2.956393 12.23 
6.6787 2 1 1 0x0 4.0000 4.0000 4.00 4.00 0.7582 0.8765 0.0004 0.0004 4.7797 2.6730 1.271136 2.956394 12.23 
6.6827 2 1 1 0x0 4.0000 4.0000 4.00 4.00 1.0405 1.0871 0.0004 0.0006 4.7808 2.6765 1.271136 2.956387 12.23 
6.6867 2 1 1 0x0 4.0000 4.0000 4.00 4.00 0.8758 1.0653 0.0005 0.0003 4.7819 2.6801 1.273841 2.956376 12.23 
6.6907 2 1 1 0x0 4.0000 4.0000 4.00 4.00 1.0182 1.0096 0.0006 0.0006 4.7830 2.6836 1.273841 2.956377 12.23 
6.6947 2 1 1 0x0 4.0000 4.0000 4.00 4.00 0.9980 0.7915 0.0002 0.0004 4.7841 2.6875 1.273841 2.956390 12.23 
6.6987 2 1 1 0x0 4.0000 4.0000 4.00 4.00 0.9607 1.1242 0.0003 0.0006 4.7852 2.6910 1.273841 2.956376 12.23 
6.7027 2 1 1 0x0 4.0000 4.0000 4.00 4.00 0.9820 1.0962 0.0004 0.0004 4.7863 2.6947 1.276545 2.956357 12.23 
6.7067 2 1 1 0x0 4.0000 4.0000 4.00 4.00 0.7975 0.8042 0.0004 0.0006 4.7874 2.6982 1.276545 2.956378 12.23 
6.7107 2 1 1 0x0 4.0000 4.0000 4.00 4.00 1.0383 0.8851 0.0005 0.0003 4.7885 2.7019 1.279250 2.956374 12.23 
6.7147 2 1 1 0x0 4.0000 4.0000 4.00 4.00 0.8752 1.0733 0.0006 0.0005 4.7895 2.7054 1.279250 2.956412 12.23 
6.7187 2 1 1 0x0 4.0000 4.0000 4.00 4.00 1.0183 1.0499 0.0007 0.0003 4.7907 2.7091 1.281955 2.956388 12.23 
6.7227 2 1 1 0x0 4.0000 4.0000 4.00 4.00 0.9964 1.0240 0.0003 0.0005 4.7918 2.7128 1.279250 2.956362 12.23 
6.7267 2 1 1 0x0 4.0000 4.0000 4.00 4.00 0.9075 0.7992 0.0004 0.0003 4.7929 2.7165 1.281955 2.956383 12.23 
6.7307 2 1 1 0x0 4.0000 4.0000 4.00 4.00 0.9782 1.1077 0.0005 0.0004 4.7939 2.7200 1.281955 2.956395 12.23 
6.7347 2 1 1 0x0 4.0000 4.0000 4.00 4.00 0.7580 1.1658 0.0005 0.0003 4.7950 2.7237 1.284659 2.956395 12.23 
6.7387 2 1 1 0x0 4.0000 4.0000 4.00 4.00 1.0348 0.8123 0.0006 0.0005 4.7960 2.7272 1.284659 2.956400 12.23 
6.7427 2 1 1 0x0 4.0000 4.0000 4.00 4.00 1.0789 0.9521 0.0003 0.0002 4.7972 2.7310 1.284659 2.956404 12.23 
6.7467 2 1 1 0x0 4.0000 4.0000 4.00 4.00 0.8289 1.1414 0.0004 0.0005 4.7982 2.7345 1.284659 2.956398 12.23 
6.7507 2 1 1 0x0 4.0000 4.0000 4.00 4.00 0.9890 1.0381 0.0004 0.0002 4.7993 2.7382 1.287364 2.956423 12.23 
6.7547 2 1 1 0x0 4.0000 4.0000 4.00 4.00 0.9740 0.9092 0.0005 0.0005 4.8003 2.7418 1.287364 2.956426 12.23 
6.7587 2 1 1 0x0 4.0000 4.0000 4.00 4.00 1.0350 1.0423 0.0006 0.0007 4.8013 2.7453 1.287364 2.956423 12.23 
6.7627 2 1 1 0x0 4.0000 4.0000 4.00 4.00 1.0121 1.0981 0.0002 0.0004 4.8025 2.7492 1.287364 2.956438 12.23 
6.7667 2 1 1 0x0 4.0000 4.0000 4.00 4.00 0.8451 1.0758 0.0003 0.0003 4.8035 2.7529 1.290069 2.956448 12.24 
6.7707 2 1 1 0x0 4.0000 4.0000 4.00 4.00 0.9893 0.8152 0.0004 0.0005 4.8046 2.7564 1.290069 2.956452 12.23 
6.7747 2 1 1 0x0 4.0000 4.0000 4.00 4.00 0.7534 0.9561 0.0005 0.0003 4.8056 2.7601 1.292773 2.956435 12.23 
6.7787 2 1 1 0x0 4.0000 4.0000 4.00 4.00 1.0428 1.1360 0.0006 0.0005 4.8066 2.7636 1.292773 2.956425 12.23 
6.7827 2 1 1 0x0 4.0000 4.0000 4.00 4.00 1.0109 1.0366 0.0003 0.0002 4.8077 2.7675 1.292773 2.956425 12.24 
6.7867 2 1 1 0x0 4.0000 4.0000 4.00 4.00 0.8242 0.9688 0.0003 0.0004 4.8087 2.7710 1.292773 2.956423 12.23 
6.7907 2 1 1 0x0 4.0000 4.0000 4.00 4.00 0.9962 1.0406 0.0004 0.0006 4.8097 2.7745 1.292773 2.956433 12.24 
6.7947 2 1 1 0x0 4.0000 4.0000 4.00 4.00 0.9055 1.0212 0.0005 0.0004 4.8108 2.7782 1.295478 2.956408 12.23 
6.7987 2 1 1 0x0 4.0000 4.0000 4.00 4.00 1.0473 0.9213 0.0006 0.0006 4.8118 2.7817 1.295478 2.956407 12.23 
6.8027 2 1 1 0x0 4.0000 4.0000 4.00 4.00 1.1004 0.7736 0.0002 0.0003 4.8129 2.7856 1.295478 2.956436 12.23 
6.8067 2 1 1 0x0 4.0000 4.0000 4.00 4.00 0.8842 1.0797 0.0003 0.0005 4.8139 2.7891 1.295478 2.956448 12.23 
6.8107 2 1 1 0x0 4.0000 4.0000 4.00 4.00 1.0093 1.0564 0.0003 0.0003 4.8149 2.7929 1.298182 2.956452 12.23 
6.8147 2 1 1 0x0 4.0000 4.0000 4.00 4.00 0.8249 0.7827 0.0004 0.0005 4.8159 2.7964 1.298182 2.956432 12.23 
6.8187 2 1 1 0x0 4.0000 4.0000 4.00 4.00 0.9958 0.9704 0.0005 0.0003 4.8169 2.8001 1.300887 2.956446 12.23 
6.8227 2 1 1 0x0 4.0000 4.0000 4.00 4.00 0.8541 1.1181 0.0005 0.0005 4.8179 2.8036 1.300887 2.956467 12.23 
6.8267 2 1 1 0x0 4.0000 4.0000 4.00 4.00 1.0467 1.0937 0.0006 0.0003 4.8189 2.8073 1.303592 2.956467 12.23 
6.8307 2 1 1 0x0 4.0000 4.0000 4.00 4.00 1.0272 0.9236 0.0002 0.0005 4.8200 2.8110 1.300887 2.956461 12.24 
6.8347 2 1 1 0x0 4.0000 4.0000 4.00 4.00 0.8838 0.7747 0.0003 0.0003 4.8210 2.8147 1.303592 2.956444 12.22 
6.8387 2 1 1 0x0 4.0000 4.0000 4.00 4.00 1.0066 1.0771 0.0004 0.0005 4.8219 2.8183 1.303592 2.956446 12.23 
6.8427 2 1 1 0x0 4.0000 4.0000 4.00 4.00 0.7823 1.0527 0.0005 0.0003 4.8230 2.8220 1.306296 2.956453 12.23 
6.8467 2 1 1 0x0 4.0000 4.0000 4.00 4.00 0.9958 0.8286 0.0005 0.0005 4.8239 2.8255 1.306296 2.956438 12.23 
6.8507 2 1 1 0x0 4.0000 4.0000 4.00 4.00 0.9654 1.0575 0.0006 0.0007 4.8249 2.8290 1.306296 2.956426 12.23 
6.8547 2 1 1 0x0 4.0000 4.0000 4.00 4.00 1.0485 1.1128 0.0007 0.0004 4.8259 2.8328 1.309001 2.956409 12.23 
6.8587 2 1 1 0x0 4.0000 4.0000 4.00 4.00 1.0262 0.7946 0.0003 0.0006 4.8269 2.8365 1.306296 2.956391 12.23 
6.8627 2 1 1 0x0 4.0000 4.0000 4.00 4.00 0.8836 0.9273 0.0004 0.0004 4.8279 2.8402 1.309001 2.956383 12.23 
6.8667 2 1 1 0x0 4.0000 4.0000 4.00 4.00 1.0789 1.0186 0.0005 0.0006 4.8288 2.8437 1.309001 2.956372 12.23 
6.8707 2 1 1 0x0 4.0000 4.0000 4.00 4.00 0.7433 1.0711 0.0005 0.0003 4.8298 2.8474 1.311705 2.956342 12.23 
6.8747 2 1 1 0x0 4.0000 4.0000 4.00 4.00 1.0664 0.9398 0.0006 0.0006 4.8307 2.8510 1.311705 2.956358 12.23 
6.8787 2 1 1 0x0 4.0000 4.0000 4.00 4.00 1.0338 0.7865 0.0003 0.0003 4.8318 2.8549 1.311705 2.956367 12.23 
6.8827 2 1 1 0x0 4.0000 4.0000 4.00 4.00 0.8089 1.0552 0.0004 0.0005 4.8327 2.8584 1.311705 2.956375 12.23 
6.8867 2 1 1 0x0 4.0000 4.0000 4.00 4.00 1.0195 1.1079 0.0004 0.0003 4.8337 2.8622 1.314410 2.956364 12.23 
6.8907 2 1 1 0x0 4.0000 4.0000 4.00 4.00 0.9420 0.7567 0.0005 0.0005 4.8346 2.8657 1.314410 2.956355 12.23 
6.8947 2 1 1 0x0 4.0000 4.0000 4.00 4.00 1.0726 0.9922 0.0006 0.0003 4.8356 2.8694 1.317115 2.956354 12.23 
6.8987 2 1 1 0x0 4.0000 4.0000 4.00 4.00 0.8301 1.0885 0.0006 0.0005 4.8365 2.8729 1.317115 2.956384 12.23 
6.9027 2 1 1 0x0 4.0000 4.0000 4.00 4.00 0.8656 1.0654 0.0003 0.0003 4.8375 2.8769 1.317115 2.956383 12.23 
6.9067 2 1 1 0x0 4.0000 4.0000 4.00 4.00 1.0333 0.8884 0.0003 0.0005 4.8384 2.8804 1.317115 2.956378 12.23 
6.9107 2 1 1 0x0 4.0000 4.0000 4.00 4.00 0.8095 0.8342 0.0004 0.0003 4.8394 2.8841 1.319819 2.956360 12.24 
6.9147 2 1 1 0x0 4.0000 4.0000 4.00 4.00 1.0190 1.0497 0.0005 0.0005 4.8403 2.8877 1.319819 2.956372 12.23 
6.9187 2 1 1 0x0 4.0000 4.0000 4.00 4.00 0.8872 1.1020 0.0005 0.0003 4.8413 2.8914 1.322524 2.956392 12.23 
6.9227 8 1 1 0x1 0.0000 0.0000 0.00 0.00 1.0032 0.8003 0.0006 0.0005 4.8422 2.8949 1.322524 2.956367 12.23 
6.9267 8 1 1 0x0 0.0000 0.0000 0.00 0.00 0.7788 1.0346 0.0006 0.0006 4.8431 2.8985 1.322524 2.956354 12.24 
6.9307 8 1 1 0x0 0.0000 0.0000 0.00 0.00 1.0137 1.0914 0.0005 0.0003 4.8440 2.9022 1.325229 2.956348 12.25 
6.9347 8 1 1 0x0 0.0000 0.0000 0.00 0.00 0.8262 1.0472 0.0004 0.0007 4.8449 2.9056 1.322524 2.956359 12.24 
6.9387 8 1 1 0x0 0.0000 0.0000 0.00 0.00 0.9800 1.0335 0.0002 0.0002 4.8458 2.9093 1.325229 2.956358 12.24 
6.9427 8 1 1 0x0 0.0000 0.0000 0.00 0.00 0.9489 1.0673 0.0005 0.0006 4.8466 2.9125 1.325229 2.956358 12.24 
6.9467 8 1 1 0x0 0.0000 0.0000 0.00 0.00 0.9893 0.8815 0.0007 0.0005 4.8474 2.9158 1.327933 2.956403 12.25 
6.9507 8 1 1 0x0 0.0000 0.0000 0.00 0.00 0.7667 1.0167 0.0004 0.0004 4.8483 2.9193 1.327933 2.956277 12.25 
6.9547 8 1 1 0x0 0.0000 0.0000 0.00 0.00 0.7029 0.9834 0.0006 0.0006 4.8491 2.9225 1.327933 2.956353 12.25 
6.9587 8 1 1 0x0 0.0000 0.0000 0.00 0.00 0.7426 0.7397 0.0007 0.0004 4.8499 2.9258 1.330638 2.956392 12.24 
6.9627 8 1 1 0x0 0.0000 0.0000 0.00 0.00 0.7443 0.7208 0.0007 0.0006 4.8507 2.9290 1.330638 2.956363 12.24 
6.9667 8 1 1 0x0 0.0000 0.0000 0.00 0.00 0.7079 0.6702 0.0007 0.0007 4.8514 2.9321 1.330638 2.956369 12.24 
