%% logfile from REGBOT:
%  1    time 9.2751 sec, from Jasmin (81)
%  2  3  4  5   (mission 0), state 8, entered (thread 1, line 1), events 0x0 (bit-flags)
%  6  7 Motor velocity ref left, right: -1.5146 1.5146
%  8  9 Motor voltage [V] left, right: -1.51 1.51
% 10 13 Wheel velocity [m/s] left, right: -0.0392 0.0070 delay 0.0052 0.0814 (sec)
% 14 15 16 17 Pose x,y,h,tilt [m,m,rad,rad]: 5.40321 -1.2289 -1.51456 -0.788708
% 18    Battery voltage [V]
0.0030 2 1 0 0x0 3.0000 3.0000 3.00 3.00 0.0000 0.0000 0.1000 0.1000 0.0000 0.0000 0.000000 -0.724769 11.63 
0.0070 2 1 0 0x0 3.0027 2.9973 3.00 3.00 0.0004 0.1115 0.1000 0.0019 0.0006 0.0000 0.002705 -0.724872 11.60 
0.0110 2 1 0 0x0 3.0027 2.9973 3.00 3.00 0.2442 0.2661 0.0018 0.0011 0.0014 0.0000 0.002705 -0.724900 11.60 
0.0150 2 1 0 0x0 3.0027 2.9973 3.00 3.00 0.2752 0.2419 0.0025 0.0016 0.0022 0.0000 0.002705 -0.725284 11.60 
0.0190 2 1 0 0x0 3.0000 3.0000 3.00 3.00 0.2150 0.2477 0.0013 0.0020 0.0032 0.0000 0.000000 -0.728546 11.60 
0.0230 2 1 0 0x0 2.9973 3.0027 3.00 3.00 0.3107 0.2498 0.0007 0.0023 0.0043 0.0000 -0.002705 -0.733240 11.59 
0.0270 2 1 0 0x0 2.9973 3.0027 3.00 3.00 0.3379 0.2395 0.0019 0.0028 0.0051 0.0000 -0.002705 -0.738065 11.59 
0.0310 2 1 0 0x0 2.9919 3.0081 2.99 3.01 0.3473 0.1877 0.0006 0.0024 0.0063 -0.0000 -0.008114 -0.741233 11.59 
0.0350 2 1 0 0x0 2.9892 3.0108 2.99 3.01 0.3344 0.1389 0.0021 0.0039 0.0069 -0.0000 -0.010818 -0.744326 11.59 
0.0390 2 1 0 0x0 2.9838 3.0162 2.98 3.02 0.2572 0.1318 0.0018 0.0049 0.0077 -0.0000 -0.016227 -0.747343 11.59 
0.0430 2 1 0 0x0 2.9838 3.0162 2.98 3.02 0.2068 0.1341 0.0026 0.0016 0.0085 -0.0000 -0.016227 -0.749840 11.59 
0.0470 2 1 0 0x0 2.9811 3.0189 2.98 3.02 0.1661 0.1289 0.0026 0.0025 0.0091 -0.0000 -0.018932 -0.751747 11.59 
0.0510 2 1 0 0x0 2.9784 3.0216 2.98 3.02 0.1355 0.1556 0.0016 0.0036 0.0097 -0.0001 -0.021636 -0.753103 11.57 
0.0550 2 1 0 0x0 2.9811 3.0189 2.98 3.02 0.1747 0.1722 0.0029 0.0020 0.0103 -0.0001 -0.018932 -0.753701 11.58 
0.0590 2 1 0 0x0 2.9811 3.0189 2.98 3.02 0.1963 0.1969 0.0022 0.0013 0.0112 -0.0001 -0.018932 -0.753743 11.58 
0.0630 2 1 0 0x0 2.9784 3.0216 2.98 3.02 0.1939 0.1547 0.0016 0.0029 0.0118 -0.0001 -0.021636 -0.753480 11.58 
0.0670 2 1 0 0x0 2.9784 3.0216 2.98 3.02 0.2098 0.1659 0.0011 0.0023 0.0126 -0.0001 -0.021636 -0.753570 11.58 
0.0710 2 1 0 0x0 2.9784 3.0216 2.98 3.02 0.2406 0.1795 0.0011 0.0019 0.0134 -0.0001 -0.021636 -0.754102 11.59 
0.0750 2 1 0 0x0 2.9784 3.0216 2.98 3.02 0.2579 0.2217 0.0015 0.0022 0.0142 -0.0001 -0.021636 -0.755199 11.58 
0.0790 2 1 0 0x0 2.9811 3.0189 2.98 3.02 0.2673 0.2680 0.0021 0.0010 0.0152 -0.0002 -0.018932 -0.756756 11.58 
0.0830 2 1 0 0x0 2.9784 3.0216 2.98 3.02 0.2401 0.2745 0.0013 0.0018 0.0162 -0.0002 -0.021636 -0.758650 11.59 
0.0870 2 1 0 0x0 2.9784 3.0216 2.98 3.02 0.3134 0.2504 0.0008 0.0011 0.0174 -0.0002 -0.021636 -0.760779 11.59 
0.0910 2 1 0 0x0 2.9784 3.0216 2.98 3.02 0.3134 0.2438 0.0020 0.0021 0.0183 -0.0002 -0.021636 -0.762878 11.58 
0.0950 2 1 0 0x0 2.9784 3.0216 2.98 3.02 0.2612 0.3081 0.0018 0.0016 0.0195 -0.0003 -0.021636 -0.764509 11.60 
0.0990 2 1 0 0x0 2.9784 3.0216 2.98 3.02 0.3375 0.2793 0.0017 0.0013 0.0207 -0.0003 -0.021636 -0.765819 11.59 
0.1030 2 1 0 0x0 2.9784 3.0216 2.98 3.02 0.2611 0.3243 0.0015 0.0012 0.0219 -0.0003 -0.021636 -0.766502 11.59 
0.1070 2 1 0 0x0 2.9784 3.0216 2.98 3.02 0.3279 0.2612 0.0013 0.0012 0.0231 -0.0003 -0.021636 -0.766860 11.59 
0.1110 2 1 0 0x0 2.9784 3.0216 2.98 3.02 0.2626 0.3487 0.0014 0.0013 0.0243 -0.0004 -0.021636 -0.767096 11.59 
0.1150 2 1 0 0x0 2.9784 3.0216 2.98 3.02 0.3728 0.2986 0.0016 0.0013 0.0256 -0.0004 -0.021636 -0.767265 11.59 
0.1190 2 1 0 0x0 2.9757 3.0243 2.98 3.02 0.3772 0.3587 0.0007 0.0015 0.0270 -0.0004 -0.024341 -0.767494 11.59 
0.1230 2 1 0 0x0 2.9784 3.0216 2.98 3.02 0.3263 0.3860 0.0011 0.0007 0.0284 -0.0005 -0.021636 -0.767989 11.60 
0.1270 2 1 0 0x0 2.9784 3.0216 2.98 3.02 0.4016 0.3230 0.0016 0.0014 0.0296 -0.0005 -0.021636 -0.768929 11.60 
0.1310 2 1 0 0x0 2.9784 3.0216 2.98 3.02 0.4096 0.3394 0.0012 0.0011 0.0312 -0.0005 -0.021636 -0.770194 11.60 
0.1350 2 1 0 0x0 2.9784 3.0216 2.98 3.02 0.4267 0.3339 0.0010 0.0009 0.0329 -0.0006 -0.021636 -0.771825 11.60 
0.1390 2 1 0 0x0 2.9784 3.0216 2.98 3.02 0.4190 0.3519 0.0007 0.0007 0.0345 -0.0006 -0.021636 -0.773857 11.60 
0.1430 2 1 0 0x0 2.9811 3.0189 2.98 3.02 0.3450 0.3634 0.0015 0.0006 0.0359 -0.0006 -0.018932 -0.775318 11.60 
0.1470 2 1 0 0x0 2.9784 3.0216 2.98 3.02 0.3425 0.4486 0.0013 0.0016 0.0373 -0.0006 -0.021636 -0.776105 11.60 
0.1510 2 1 0 0x0 2.9784 3.0216 2.98 3.02 0.3673 0.4437 0.0013 0.0015 0.0389 -0.0007 -0.021636 -0.776362 11.60 
0.1550 2 1 0 0x0 2.9784 3.0216 2.98 3.02 0.3499 0.4393 0.0013 0.0013 0.0406 -0.0007 -0.021636 -0.776854 11.60 
0.1590 2 1 0 0x0 2.9784 3.0216 2.98 3.02 0.3428 0.4753 0.0013 0.0015 0.0422 -0.0007 -0.021636 -0.778007 11.59 
0.1630 2 1 0 0x0 2.9784 3.0216 2.98 3.02 0.4924 0.4031 0.0005 0.0009 0.0442 -0.0008 -0.021636 -0.779786 11.60 
0.1670 2 1 0 0x0 2.9784 3.0216 2.98 3.02 0.5007 0.3880 0.0008 0.0013 0.0458 -0.0008 -0.021636 -0.782364 11.60 
0.1710 2 1 0 0x0 2.9811 3.0189 2.98 3.02 0.5199 0.4924 0.0013 0.0008 0.0477 -0.0009 -0.018932 -0.785296 11.61 
0.1750 2 1 0 0x0 2.9784 3.0216 2.98 3.02 0.4777 0.4693 0.0012 0.0011 0.0495 -0.0009 -0.021636 -0.786216 11.61 
0.1790 2 1 0 0x0 2.9757 3.0243 2.98 3.02 0.5632 0.4769 0.0011 0.0013 0.0513 -0.0009 -0.024341 -0.785924 11.60 
0.1830 2 1 0 0x0 2.9757 3.0243 2.98 3.02 0.4423 0.4428 0.0011 0.0008 0.0533 -0.0010 -0.024341 -0.785557 11.61 
0.1870 2 1 0 0x0 2.9757 3.0243 2.98 3.02 0.5136 0.5197 0.0009 0.0005 0.0554 -0.0010 -0.024341 -0.786110 11.61 
0.1910 2 1 0 0x0 2.9730 3.0270 2.97 3.03 0.4110 0.5094 0.0005 0.0010 0.0572 -0.0011 -0.027045 -0.787759 11.61 
0.1950 2 1 0 0x0 2.9757 3.0243 2.98 3.02 0.4922 0.4262 0.0010 0.0007 0.0590 -0.0011 -0.024341 -0.790381 11.61 
0.1990 2 1 0 0x0 2.9757 3.0243 2.98 3.02 0.5499 0.5352 0.0009 0.0005 0.0610 -0.0012 -0.024341 -0.792104 11.62 
0.2030 2 1 0 0x0 2.9730 3.0270 2.97 3.03 0.4090 0.5232 0.0006 0.0012 0.0629 -0.0012 -0.027045 -0.793069 11.61 
0.2070 2 1 0 0x0 2.9730 3.0270 2.97 3.03 0.5266 0.4754 0.0004 0.0010 0.0649 -0.0013 -0.027045 -0.793433 11.61 
0.2110 2 1 0 0x0 2.9757 3.0243 2.98 3.02 0.5829 0.5494 0.0011 0.0009 0.0667 -0.0013 -0.024341 -0.793552 11.61 
0.2150 2 1 0 0x0 2.9730 3.0270 2.97 3.03 0.5648 0.4379 0.0004 0.0008 0.0690 -0.0014 -0.027045 -0.793825 11.61 
0.2190 2 1 0 0x0 2.9730 3.0270 2.97 3.03 0.4572 0.5561 0.0004 0.0007 0.0710 -0.0014 -0.027045 -0.794121 11.61 
0.2230 2 1 0 0x0 2.9730 3.0270 2.97 3.03 0.5591 0.4825 0.0005 0.0008 0.0730 -0.0015 -0.027045 -0.794601 11.62 
0.2270 2 1 0 0x0 2.9730 3.0270 2.97 3.03 0.4858 0.5594 0.0007 0.0010 0.0750 -0.0015 -0.027045 -0.795403 11.62 
0.2310 2 1 0 0x0 2.9730 3.0270 2.97 3.03 0.5856 0.4317 0.0010 0.0009 0.0771 -0.0016 -0.027045 -0.796063 11.61 
0.2350 2 1 0 0x0 2.9703 3.0297 2.97 3.03 0.6059 0.5456 0.0005 0.0008 0.0793 -0.0017 -0.029750 -0.796267 11.62 
0.2390 2 1 0 0x0 2.9703 3.0297 2.97 3.03 0.5225 0.4593 0.0007 0.0008 0.0813 -0.0017 -0.029750 -0.795639 11.62 
0.2430 2 1 0 0x0 2.9703 3.0297 2.97 3.03 0.6066 0.5729 0.0010 0.0007 0.0833 -0.0018 -0.029750 -0.794753 11.62 
0.2470 2 1 0 0x0 2.9675 3.0325 2.97 3.03 0.6060 0.4640 0.0004 0.0008 0.0856 -0.0019 -0.032454 -0.794103 11.62 
0.2510 2 1 0 0x0 2.9675 3.0325 2.97 3.03 0.5061 0.5989 0.0007 0.0009 0.0876 -0.0019 -0.032454 -0.794182 11.62 
0.2550 2 1 0 0x0 2.9675 3.0325 2.97 3.03 0.5090 0.6194 0.0005 0.0005 0.0900 -0.0020 -0.032454 -0.795134 11.62 
0.2590 2 1 0 0x0 2.9675 3.0325 2.97 3.03 0.6571 0.4662 0.0010 0.0008 0.0921 -0.0021 -0.032454 -0.795912 11.62 
0.2630 2 1 0 0x0 2.9675 3.0325 2.97 3.03 0.6339 0.5248 0.0009 0.0004 0.0945 -0.0022 -0.032454 -0.796382 11.63 
0.2670 2 1 0 0x0 2.9648 3.0352 2.96 3.04 0.6217 0.6145 0.0006 0.0008 0.0967 -0.0022 -0.035159 -0.796662 11.63 
0.2710 2 1 0 0x0 2.9648 3.0352 2.96 3.04 0.5535 0.4690 0.0010 0.0011 0.0988 -0.0023 -0.035159 -0.796378 11.63 
0.2750 2 1 0 0x0 2.9648 3.0352 2.96 3.04 0.4988 0.5471 0.0006 0.0006 0.1012 -0.0024 -0.035159 -0.796914 11.64 
0.2790 2 1 0 0x0 2.9648 3.0352 2.96 3.04 0.6509 0.5872 0.0010 0.0008 0.1032 -0.0025 -0.035159 -0.796665 11.63 
0.2830 2 1 0 0x0 2.9648 3.0352 2.96 3.04 0.6103 0.6064 0.0008 0.0004 0.1056 -0.0025 -0.035159 -0.796619 11.61 
0.2870 2 1 0 0x0 2.9648 3.0352 2.96 3.04 0.4960 0.5127 0.0011 0.0006 0.1077 -0.0026 -0.035159 -0.796166 11.64 
0.2910 2 1 0 0x0 2.9621 3.0379 2.96 3.04 0.4920 0.6326 0.0007 0.0009 0.1099 -0.0027 -0.037864 -0.795212 11.63 
0.2950 2 1 0 0x0 2.9648 3.0352 2.96 3.04 0.6189 0.6268 0.0011 0.0005 0.1121 -0.0028 -0.035159 -0.794944 11.63 
0.2990 2 1 0 0x0 2.9621 3.0379 2.96 3.04 0.6110 0.5551 0.0007 0.0008 0.1144 -0.0029 -0.037864 -0.794500 11.63 
0.3030 2 1 0 0x0 2.9621 3.0379 2.96 3.04 0.6001 0.4971 0.0003 0.0005 0.1168 -0.0030 -0.037864 -0.794500 11.63 
0.3070 2 1 0 0x0 2.9621 3.0379 2.96 3.04 0.4859 0.6202 0.0006 0.0008 0.1188 -0.0030 -0.037864 -0.795170 11.64 
0.3110 2 1 0 0x0 2.9648 3.0352 2.96 3.04 0.6205 0.6143 0.0010 0.0004 0.1211 -0.0031 -0.035159 -0.794882 11.63 
0.3150 2 1 0 0x0 2.9621 3.0379 2.96 3.04 0.6083 0.4847 0.0007 0.0007 0.1233 -0.0032 -0.037864 -0.794165 11.63 
0.3190 2 1 0 0x0 2.9621 3.0379 2.96 3.04 0.6219 0.5307 0.0004 0.0004 0.1257 -0.0033 -0.037864 -0.794002 11.64 
0.3230 2 1 0 0x0 2.9621 3.0379 2.96 3.04 0.5173 0.6585 0.0009 0.0009 0.1277 -0.0034 -0.037864 -0.794428 11.63 
0.3270 2 1 0 0x0 2.9621 3.0379 2.96 3.04 0.4869 0.6233 0.0006 0.0007 0.1302 -0.0035 -0.037864 -0.795099 11.63 
0.3310 2 1 0 0x0 2.9621 3.0379 2.96 3.04 0.5412 0.6698 0.0004 0.0005 0.1326 -0.0036 -0.037864 -0.796465 11.63 
0.3350 2 1 0 0x0 2.9621 3.0379 2.96 3.04 0.6232 0.5018 0.0009 0.0010 0.1346 -0.0036 -0.037864 -0.796566 11.64 
0.3390 2 1 0 0x0 2.9621 3.0379 2.96 3.04 0.6120 0.5718 0.0006 0.0007 0.1371 -0.0037 -0.037864 -0.795909 11.63 
0.3430 2 1 0 0x0 2.9594 3.0406 2.96 3.04 0.6471 0.6581 0.0004 0.0011 0.1393 -0.0038 -0.040568 -0.795893 11.64 
0.3470 2 1 0 0x0 2.9621 3.0379 2.96 3.04 0.5312 0.6228 0.0009 0.0008 0.1415 -0.0039 -0.037864 -0.795889 11.63 
0.3510 2 1 0 0x0 2.9621 3.0379 2.96 3.04 0.5555 0.6413 0.0008 0.0007 0.1440 -0.0040 -0.037864 -0.795885 11.64 
0.3550 2 1 0 0x0 2.9621 3.0379 2.96 3.04 0.5061 0.6613 0.0006 0.0004 0.1464 -0.0041 -0.037864 -0.796675 11.64 
0.3590 2 1 0 0x0 2.9594 3.0406 2.96 3.04 0.5692 0.5321 0.0005 0.0010 0.1486 -0.0042 -0.040568 -0.796464 11.64 
0.3630 2 1 0 0x0 2.9594 3.0406 2.96 3.04 0.5170 0.4793 0.0004 0.0007 0.1510 -0.0043 -0.040568 -0.795950 11.64 
0.3670 2 1 0 0x0 2.9621 3.0379 2.96 3.04 0.6720 0.5438 0.0010 0.0005 0.1533 -0.0044 -0.037864 -0.796490 11.63 
0.3710 2 1 0 0x0 2.9594 3.0406 2.96 3.04 0.6449 0.6671 0.0009 0.0011 0.1555 -0.0044 -0.040568 -0.797738 11.64 
0.3750 2 1 0 0x0 2.9594 3.0406 2.96 3.04 0.6763 0.6577 0.0009 0.0010 0.1579 -0.0045 -0.040568 -0.799008 11.64 
0.3790 2 1 0 0x0 2.9594 3.0406 2.96 3.04 0.6783 0.6476 0.0008 0.0009 0.1604 -0.0046 -0.040568 -0.802075 11.64 
0.3830 2 1 0 0x0 2.9594 3.0406 2.96 3.04 0.6517 0.6382 0.0007 0.0008 0.1628 -0.0047 -0.040568 -0.806716 11.63 
0.3870 2 1 0 0x0 2.9594 3.0406 2.96 3.04 0.6536 0.6567 0.0007 0.0007 0.1652 -0.0048 -0.040568 -0.810651 11.64 
0.3910 2 1 0 0x0 2.9594 3.0406 2.96 3.04 0.6600 0.6475 0.0006 0.0006 0.1677 -0.0049 -0.040568 -0.813540 11.63 
0.3950 2 1 0 0x0 2.9621 3.0379 2.96 3.04 0.5478 0.6388 0.0010 0.0004 0.1699 -0.0050 -0.037864 -0.812771 11.64 
0.3990 2 1 0 0x0 2.9594 3.0406 2.96 3.04 0.4717 0.4559 0.0004 0.0007 0.1721 -0.0051 -0.040568 -0.809172 11.63 
0.4030 2 1 0 0x0 2.9594 3.0406 2.96 3.04 0.6221 0.5893 0.0007 0.0009 0.1742 -0.0052 -0.040568 -0.807524 11.63 
0.4070 2 1 0 0x0 2.9594 3.0406 2.96 3.04 0.6620 0.6330 0.0005 0.0006 0.1766 -0.0053 -0.040568 -0.809681 11.63 
0.4110 2 1 0 0x0 2.9594 3.0406 2.96 3.04 0.5225 0.5241 0.0010 0.0010 0.1786 -0.0054 -0.040568 -0.815271 11.64 
0.4150 2 1 0 0x0 2.9594 3.0406 2.96 3.04 0.5473 0.5567 0.0009 0.0008 0.1810 -0.0055 -0.040568 -0.824485 11.64 
0.4190 2 1 0 0x0 2.9594 3.0406 2.96 3.04 0.5211 0.5171 0.0010 0.0007 0.1835 -0.0056 -0.040568 -0.831345 11.64 
0.4230 2 1 0 0x0 2.9567 3.0433 2.96 3.04 0.6951 0.6189 0.0004 0.0007 0.1861 -0.0057 -0.043273 -0.835505 11.64 
0.4270 2 1 0 0x0 2.9567 3.0433 2.96 3.04 0.6896 0.5501 0.0005 0.0008 0.1885 -0.0058 -0.043273 -0.838861 11.65 
0.4310 2 1 0 0x0 2.9567 3.0433 2.96 3.04 0.6809 0.5656 0.0006 0.0008 0.1910 -0.0059 -0.043273 -0.837149 11.64 
0.4350 2 1 0 0x0 2.9540 3.0460 2.95 3.05 0.6543 0.5894 0.0005 0.0011 0.1932 -0.0060 -0.045977 -0.834508 11.64 
0.4390 2 1 0 0x0 2.9540 3.0460 2.95 3.05 0.6354 0.5860 0.0003 0.0005 0.1956 -0.0061 -0.045977 -0.834627 11.63 
0.4430 2 1 0 0x0 2.9540 3.0460 2.95 3.05 0.5212 0.5486 0.0009 0.0009 0.1977 -0.0062 -0.045977 -0.837546 11.64 
0.4470 2 1 0 0x0 2.9540 3.0460 2.95 3.05 0.5898 0.4925 0.0008 0.0006 0.2001 -0.0063 -0.045977 -0.846785 11.64 
0.4510 2 1 0 0x0 2.9540 3.0460 2.95 3.05 0.5395 0.5612 0.0009 0.0005 0.2025 -0.0064 -0.045977 -0.851598 11.64 
0.4550 2 1 0 0x0 2.9513 3.0487 2.95 3.05 0.6968 0.5041 0.0003 0.0005 0.2052 -0.0065 -0.048682 -0.852441 11.64 
0.4590 2 1 0 0x0 2.9540 3.0460 2.95 3.05 0.5224 0.6012 0.0009 0.0005 0.2074 -0.0066 -0.045977 -0.857517 11.64 
0.4630 2 1 0 0x0 2.9540 3.0460 2.95 3.05 0.5435 0.5366 0.0007 0.0006 0.2098 -0.0068 -0.045977 -0.855661 11.64 
0.4670 2 1 0 0x0 2.9540 3.0460 2.95 3.05 0.5080 0.5725 0.0005 0.0005 0.2123 -0.0069 -0.045977 -0.851946 11.64 
0.4710 2 1 0 0x0 2.9540 3.0460 2.95 3.05 0.6345 0.6572 0.0009 0.0010 0.2143 -0.0070 -0.045977 -0.851131 11.64 
0.4750 2 1 0 0x0 2.9540 3.0460 2.95 3.05 0.6694 0.6497 0.0008 0.0008 0.2167 -0.0071 -0.045977 -0.851388 11.64 
0.4790 2 1 0 0x0 2.9540 3.0460 2.95 3.05 0.6746 0.6684 0.0006 0.0007 0.2191 -0.0072 -0.045977 -0.852172 11.64 
0.4830 2 1 0 0x0 2.9540 3.0460 2.95 3.05 0.7015 0.6589 0.0007 0.0005 0.2216 -0.0073 -0.045977 -0.854155 11.64 
0.4870 2 1 0 0x0 2.9540 3.0460 2.95 3.05 0.6994 0.6770 0.0007 0.0005 0.2240 -0.0074 -0.045977 -0.855783 11.64 
0.4910 2 1 0 0x0 2.9540 3.0460 2.95 3.05 0.6910 0.6383 0.0009 0.0004 0.2264 -0.0075 -0.045977 -0.859395 11.64 
0.4950 2 1 0 0x0 2.9486 3.0514 2.95 3.05 0.5755 0.5487 0.0004 0.0010 0.2289 -0.0076 -0.051386 -0.862992 11.64 
0.4990 2 1 0 0x0 2.9486 3.0514 2.95 3.05 0.5517 0.4928 0.0005 0.0007 0.2313 -0.0078 -0.051386 -0.861961 11.64 
0.5030 2 1 1 0x0 3.9486 4.0514 3.95 4.05 0.5658 0.5604 0.0007 0.0005 0.2337 -0.0079 -0.051386 -0.860034 11.62 
0.5070 2 1 1 0x0 3.9486 4.0514 3.95 4.05 0.5446 0.5407 0.0009 0.0006 0.2362 -0.0080 -0.051386 -0.858731 11.60 
0.5110 2 1 1 0x0 3.9459 4.0541 3.95 4.05 0.7399 0.6030 0.0006 0.0008 0.2388 -0.0082 -0.054091 -0.859621 11.59 
0.5150 2 1 1 0x0 3.9459 4.0541 3.95 4.05 0.6271 0.7211 0.0004 0.0004 0.2416 -0.0083 -0.054091 -0.862059 11.59 
0.5190 2 1 1 0x0 3.9432 4.0568 3.94 4.06 0.8373 0.7377 0.0003 0.0007 0.2443 -0.0085 -0.056795 -0.866126 11.59 
0.5230 2 1 1 0x0 3.9432 4.0568 3.94 4.06 0.6874 0.6582 0.0006 0.0005 0.2471 -0.0086 -0.056795 -0.874134 11.60 
0.5270 2 1 1 0x0 3.9405 4.0595 3.94 4.06 0.6771 0.7498 0.0004 0.0004 0.2501 -0.0088 -0.059500 -0.876825 11.59 
0.5310 2 1 1 0x0 3.9405 4.0595 3.94 4.06 0.7128 0.6400 0.0003 0.0004 0.2530 -0.0090 -0.059500 -0.878540 11.59 
0.5350 2 1 1 0x0 3.9432 4.0568 3.94 4.06 0.7027 0.7973 0.0005 0.0004 0.2556 -0.0091 -0.056795 -0.878665 11.58 
0.5390 2 1 1 0x0 3.9459 4.0541 3.95 4.05 0.7499 0.7828 0.0009 0.0006 0.2582 -0.0093 -0.054091 -0.880897 11.59 
0.5430 2 1 1 0x0 3.9459 4.0541 3.95 4.05 0.6820 0.8003 0.0007 0.0008 0.2611 -0.0094 -0.054091 -0.880823 11.59 
0.5470 2 1 1 0x0 3.9459 4.0541 3.95 4.05 0.7924 0.5617 0.0008 0.0008 0.2639 -0.0096 -0.054091 -0.878463 11.59 
0.5510 2 1 1 0x0 3.9405 4.0595 3.94 4.06 0.8614 0.6033 0.0005 0.0009 0.2667 -0.0097 -0.059500 -0.877237 11.59 
0.5550 2 1 1 0x0 3.9378 4.0622 3.94 4.06 0.9178 0.7572 0.0004 0.0004 0.2698 -0.0099 -0.062204 -0.876855 11.59 
0.5590 2 1 1 0x0 3.9351 4.0649 3.94 4.06 0.8124 0.6092 0.0005 0.0005 0.2728 -0.0101 -0.064909 -0.874805 11.58 
0.5630 2 1 1 0x0 3.9351 4.0649 3.94 4.06 0.5818 0.7655 0.0005 0.0004 0.2756 -0.0103 -0.064909 -0.875036 11.58 
0.5670 2 1 1 0x0 3.9351 4.0649 3.94 4.06 0.8167 0.7345 0.0004 0.0005 0.2785 -0.0105 -0.064909 -0.877258 11.59 
0.5710 2 1 1 0x0 3.9378 4.0622 3.94 4.06 0.7126 0.7849 0.0006 0.0003 0.2815 -0.0107 -0.062204 -0.885036 11.60 
0.5750 2 1 1 0x0 3.9351 4.0649 3.94 4.06 0.7819 0.8889 0.0005 0.0007 0.2846 -0.0109 -0.064909 -0.888596 11.60 
0.5790 2 1 1 0x0 3.9351 4.0649 3.94 4.06 0.8313 0.9220 0.0005 0.0007 0.2878 -0.0111 -0.064909 -0.893563 11.60 
0.5830 2 1 1 0x0 3.9324 4.0676 3.93 4.07 0.9834 0.8063 0.0003 0.0005 0.2912 -0.0113 -0.067613 -0.894746 11.60 
0.5870 2 1 1 0x0 3.9297 4.0703 3.93 4.07 0.9581 0.5808 0.0005 0.0005 0.2943 -0.0115 -0.070318 -0.893981 11.59 
0.5910 2 1 1 0x0 3.9270 4.0730 3.93 4.07 0.8960 0.7727 0.0005 0.0005 0.2973 -0.0117 -0.073023 -0.892893 11.60 
0.5950 2 1 1 0x0 3.9270 4.0730 3.93 4.07 0.6860 0.7662 0.0006 0.0006 0.3001 -0.0119 -0.073023 -0.891711 11.59 
0.5990 2 1 1 0x0 3.9297 4.0703 3.93 4.07 0.8309 0.7798 0.0006 0.0004 0.3032 -0.0122 -0.070318 -0.889992 11.59 
0.6030 2 1 1 0x0 3.9297 4.0703 3.93 4.07 0.9036 0.7546 0.0004 0.0003 0.3064 -0.0124 -0.070318 -0.889645 11.60 
0.6070 2 1 1 0x0 3.9270 4.0730 3.93 4.07 0.9049 0.8287 0.0003 0.0007 0.3094 -0.0126 -0.073023 -0.889615 11.59 
0.6110 2 1 1 0x0 3.9270 4.0730 3.93 4.07 0.9530 0.8612 0.0004 0.0004 0.3127 -0.0128 -0.073023 -0.888859 11.58 
0.6150 2 1 1 0x0 3.9270 4.0730 3.93 4.07 0.8854 0.8436 0.0005 0.0003 0.3159 -0.0131 -0.073023 -0.889096 11.60 
0.6190 2 1 1 0x0 3.9270 4.0730 3.93 4.07 0.8401 0.8743 0.0004 0.0002 0.3192 -0.0133 -0.073023 -0.888576 11.59 
0.6230 2 1 1 0x0 3.9270 4.0730 3.93 4.07 0.8990 0.9068 0.0003 0.0002 0.3224 -0.0136 -0.073023 -0.888703 11.59 
0.6270 2 1 1 0x0 3.9270 4.0730 3.93 4.07 0.9466 0.9381 0.0004 0.0003 0.3256 -0.0138 -0.073023 -0.889844 11.59 
0.6310 2 1 1 0x0 3.9270 4.0730 3.93 4.07 0.9328 0.9129 0.0005 0.0004 0.3289 -0.0140 -0.073023 -0.891854 11.60 
0.6350 2 1 1 0x0 3.9243 4.0757 3.92 4.08 0.8293 0.9459 0.0003 0.0005 0.3323 -0.0143 -0.075727 -0.895039 11.62 
0.6390 2 1 1 0x0 3.9243 4.0757 3.92 4.08 0.8020 0.9786 0.0005 0.0006 0.3355 -0.0145 -0.075727 -0.898165 11.60 
0.6430 2 1 1 0x0 3.9270 4.0730 3.93 4.07 0.7319 0.8437 0.0006 0.0004 0.3390 -0.0148 -0.073023 -0.901219 11.62 
0.6470 2 1 1 0x0 3.9270 4.0730 3.93 4.07 0.7608 0.7773 0.0005 0.0006 0.3422 -0.0150 -0.073023 -0.899667 11.62 
0.6510 2 1 1 0x0 3.9270 4.0730 3.93 4.07 0.7943 0.7936 0.0004 0.0005 0.3455 -0.0153 -0.073023 -0.897320 11.61 
0.6550 2 1 1 0x0 3.9270 4.0730 3.93 4.07 0.8441 0.8575 0.0004 0.0005 0.3487 -0.0155 -0.073023 -0.896792 11.60 
0.6590 2 1 1 0x0 3.9270 4.0730 3.93 4.07 0.8177 0.8320 0.0007 0.0006 0.3519 -0.0157 -0.073023 -0.896666 11.62 
0.6630 2 1 1 0x0 3.9243 4.0757 3.92 4.08 0.9341 0.7269 0.0005 0.0006 0.3554 -0.0160 -0.075727 -0.895910 11.61 
0.6670 2 1 1 0x0 3.9243 4.0757 3.92 4.08 0.9757 0.7794 0.0006 0.0005 0.3586 -0.0162 -0.075727 -0.896917 11.61 
0.6710 2 1 1 0x0 3.9243 4.0757 3.92 4.08 0.9046 0.7970 0.0008 0.0006 0.3618 -0.0165 -0.075727 -0.895261 11.61 
0.6750 2 1 1 0x0 3.9243 4.0757 3.92 4.08 0.7408 0.9453 0.0004 0.0002 0.3655 -0.0168 -0.075727 -0.893089 11.61 
0.6790 2 1 1 0x0 3.9243 4.0757 3.92 4.08 0.7514 0.9175 0.0005 0.0004 0.3687 -0.0170 -0.075727 -0.892983 11.62 
0.6830 2 1 1 0x0 3.9216 4.0784 3.92 4.08 0.9536 0.9486 0.0003 0.0006 0.3721 -0.0173 -0.078432 -0.895240 11.62 
0.6870 2 1 1 0x0 3.9243 4.0757 3.92 4.08 0.9896 0.7615 0.0005 0.0003 0.3756 -0.0175 -0.075727 -0.898963 11.62 
0.6910 2 1 1 0x0 3.9216 4.0784 3.92 4.08 0.8456 0.7425 0.0004 0.0005 0.3790 -0.0178 -0.078432 -0.901824 11.63 
0.6950 2 1 1 0x0 3.9216 4.0784 3.92 4.08 1.0174 0.9439 0.0003 0.0002 0.3827 -0.0181 -0.078432 -0.905041 11.62 
0.6990 2 1 1 0x0 3.9216 4.0784 3.92 4.08 1.0475 0.9196 0.0006 0.0003 0.3859 -0.0183 -0.078432 -0.905410 11.62 
0.7030 2 1 1 0x0 3.9189 4.0811 3.92 4.08 0.7878 0.8973 0.0004 0.0004 0.3893 -0.0186 -0.081136 -0.903295 11.62 
0.7070 2 1 1 0x0 3.9189 4.0811 3.92 4.08 0.7272 0.8756 0.0007 0.0004 0.3926 -0.0189 -0.081136 -0.901872 11.62 
0.7110 2 1 1 0x0 3.9162 4.0838 3.92 4.08 0.9965 0.9054 0.0004 0.0005 0.3960 -0.0192 -0.083841 -0.901448 11.63 
0.7150 2 1 1 0x0 3.9189 4.0811 3.92 4.08 0.9165 0.8541 0.0006 0.0003 0.3994 -0.0195 -0.081136 -0.900581 11.63 
0.7190 2 1 1 0x0 3.9162 4.0838 3.92 4.08 0.7939 0.8790 0.0003 0.0005 0.4029 -0.0197 -0.083841 -0.906643 11.63 
0.7230 2 1 1 0x0 3.9189 4.0811 3.92 4.08 0.8105 0.9004 0.0005 0.0003 0.4063 -0.0200 -0.081136 -0.908978 11.63 
0.7270 2 1 1 0x0 3.9162 4.0838 3.92 4.08 0.9485 0.9312 0.0002 0.0004 0.4098 -0.0203 -0.083841 -0.906684 11.63 
0.7310 2 1 1 0x0 3.9162 4.0838 3.92 4.08 0.9778 0.9651 0.0005 0.0005 0.4130 -0.0206 -0.083841 -0.906293 11.63 
0.7350 2 1 1 0x0 3.9135 4.0865 3.91 4.09 0.7892 0.8827 0.0004 0.0006 0.4164 -0.0209 -0.086545 -0.906360 11.63 
0.7390 2 1 1 0x0 3.9108 4.0892 3.91 4.09 0.9445 0.9714 0.0002 0.0008 0.4199 -0.0212 -0.089250 -0.905186 11.61 
0.7430 2 1 1 0x0 3.9135 4.0865 3.91 4.09 1.0394 0.7475 0.0006 0.0005 0.4233 -0.0215 -0.086545 -0.906875 11.63 
0.7470 2 1 1 0x0 3.9135 4.0865 3.91 4.09 0.8131 0.9955 0.0004 0.0004 0.4269 -0.0218 -0.086545 -0.916536 11.62 
0.7510 2 1 1 0x0 3.9135 4.0865 3.91 4.09 1.0596 0.8845 0.0004 0.0003 0.4306 -0.0221 -0.086545 -0.920981 11.64 
0.7550 2 1 1 0x0 3.9135 4.0865 3.91 4.09 0.7845 0.9494 0.0003 0.0002 0.4342 -0.0224 -0.086545 -0.921384 11.64 
0.7590 2 1 1 0x0 3.9108 4.0892 3.91 4.09 1.0086 0.9830 0.0002 0.0004 0.4376 -0.0227 -0.089250 -0.922148 11.61 
0.7630 2 1 1 0x0 3.9108 4.0892 3.91 4.09 0.9761 0.8977 0.0005 0.0005 0.4409 -0.0230 -0.089250 -0.919561 11.63 
0.7670 2 1 1 0x0 3.9108 4.0892 3.91 4.09 0.9526 0.9296 0.0007 0.0006 0.4441 -0.0233 -0.089250 -0.918632 11.62 
0.7710 2 1 1 0x0 3.9108 4.0892 3.91 4.09 0.8603 0.7734 0.0004 0.0003 0.4477 -0.0236 -0.089250 -0.919066 11.63 
0.7750 2 1 1 0x0 3.9080 4.0920 3.91 4.09 0.9380 0.7542 0.0003 0.0006 0.4512 -0.0239 -0.091954 -0.923740 11.63 
0.7790 2 1 1 0x0 3.9108 4.0892 3.91 4.09 0.9726 0.9833 0.0005 0.0004 0.4546 -0.0242 -0.089250 -0.929693 11.62 
0.7830 2 1 1 0x0 3.9108 4.0892 3.91 4.09 0.7467 0.8938 0.0003 0.0003 0.4582 -0.0246 -0.089250 -0.928541 11.63 
0.7870 2 1 1 0x0 3.9135 4.0865 3.91 4.09 0.7663 0.9993 0.0006 0.0003 0.4617 -0.0249 -0.086545 -0.931047 11.63 
0.7910 2 1 1 0x0 3.9108 4.0892 3.91 4.09 0.9941 0.9650 0.0003 0.0006 0.4651 -0.0252 -0.089250 -0.928816 11.62 
0.7950 2 1 1 0x0 3.9135 4.0865 3.91 4.09 0.9700 0.7514 0.0005 0.0004 0.4686 -0.0255 -0.086545 -0.926607 11.62 
0.7990 2 1 1 0x0 3.9162 4.0838 3.92 4.08 0.9462 0.9858 0.0007 0.0003 0.4720 -0.0258 -0.083841 -0.925205 11.62 
0.8030 2 1 1 0x0 3.9135 4.0865 3.91 4.09 0.8223 1.0166 0.0005 0.0006 0.4754 -0.0261 -0.086545 -0.926597 11.63 
0.8070 2 1 1 0x0 3.9135 4.0865 3.91 4.09 0.9827 0.9218 0.0004 0.0006 0.4791 -0.0264 -0.086545 -0.927740 11.63 
0.8110 2 1 1 0x0 3.9162 4.0838 3.92 4.08 1.0029 0.9663 0.0008 0.0006 0.4825 -0.0267 -0.083841 -0.928848 11.62 
0.8150 2 1 1 0x0 3.9162 4.0838 3.92 4.08 0.7380 0.7932 0.0007 0.0005 0.4861 -0.0270 -0.083841 -0.935110 11.63 
0.8190 2 1 1 0x0 3.9162 4.0838 3.92 4.08 1.0175 0.9834 0.0006 0.0004 0.4898 -0.0273 -0.083841 -0.935323 11.62 
0.8230 2 1 1 0x0 3.9135 4.0865 3.91 4.09 0.8323 0.8959 0.0006 0.0007 0.4932 -0.0276 -0.086545 -0.934216 11.63 
0.8270 2 1 1 0x0 3.9135 4.0865 3.91 4.09 0.9550 0.8624 0.0005 0.0004 0.4968 -0.0279 -0.086545 -0.935072 11.63 
0.8310 2 1 1 0x0 3.9108 4.0892 3.91 4.09 0.7719 0.8370 0.0005 0.0006 0.5003 -0.0282 -0.089250 -0.941143 11.63 
0.8350 2 1 1 0x0 3.9108 4.0892 3.91 4.09 1.0173 1.0125 0.0005 0.0005 0.5039 -0.0285 -0.089250 -0.945142 11.63 
0.8390 2 1 1 0x0 3.9108 4.0892 3.91 4.09 0.8362 0.7254 0.0005 0.0003 0.5076 -0.0289 -0.089250 -0.943226 11.63 
0.8430 2 1 1 0x0 3.9080 4.0920 3.91 4.09 0.9651 0.7088 0.0004 0.0006 0.5110 -0.0292 -0.091954 -0.940528 11.63 
0.8470 2 1 1 0x0 3.9108 4.0892 3.91 4.09 0.9353 1.0030 0.0006 0.0004 0.5144 -0.0295 -0.089250 -0.938380 11.62 
0.8510 2 1 1 0x0 3.9108 4.0892 3.91 4.09 0.7342 0.9316 0.0004 0.0003 0.5181 -0.0298 -0.089250 -0.939884 11.64 
0.8550 2 1 1 0x0 3.9108 4.0892 3.91 4.09 0.9666 0.9554 0.0003 0.0003 0.5217 -0.0301 -0.089250 -0.942094 11.62 
0.8590 2 1 1 0x0 3.9108 4.0892 3.91 4.09 0.8678 0.8021 0.0003 0.0003 0.5253 -0.0305 -0.089250 -0.945653 11.63 
0.8630 2 1 1 0x0 3.9108 4.0892 3.91 4.09 0.9735 0.9680 0.0002 0.0003 0.5290 -0.0308 -0.089250 -0.948809 11.63 
0.8670 2 1 1 0x0 3.9135 4.0865 3.91 4.09 0.9877 0.9085 0.0007 0.0003 0.5324 -0.0311 -0.086545 -0.947534 11.63 
0.8710 2 1 1 0x0 3.9108 4.0892 3.91 4.09 0.7520 0.8336 0.0007 0.0006 0.5358 -0.0314 -0.089250 -0.946266 11.63 
0.8750 2 1 1 0x0 3.9108 4.0892 3.91 4.09 1.0563 0.9538 0.0007 0.0004 0.5395 -0.0317 -0.089250 -0.944410 11.63 
0.8790 2 1 1 0x0 3.9080 4.0920 3.91 4.09 0.8566 0.9848 0.0006 0.0007 0.5429 -0.0320 -0.091954 -0.941557 11.62 
0.8830 2 1 1 0x0 3.9080 4.0920 3.91 4.09 0.9314 0.7404 0.0006 0.0005 0.5465 -0.0324 -0.091954 -0.939716 11.63 
0.8870 2 1 1 0x0 3.9080 4.0920 3.91 4.09 0.7788 0.9460 0.0005 0.0003 0.5502 -0.0327 -0.091954 -0.937454 11.63 
0.8910 2 1 1 0x0 3.9053 4.0947 3.91 4.09 1.0284 0.9774 0.0003 0.0006 0.5536 -0.0330 -0.094659 -0.935923 11.62 
0.8950 2 1 1 0x0 3.9080 4.0920 3.91 4.09 0.9866 0.8462 0.0006 0.0005 0.5570 -0.0334 -0.091954 -0.935360 11.63 
0.8990 2 1 1 0x0 3.9080 4.0920 3.91 4.09 0.8499 0.9981 0.0005 0.0005 0.5607 -0.0337 -0.091954 -0.936651 11.62 
0.9030 2 1 1 0x0 3.9080 4.0920 3.91 4.09 1.0015 0.7340 0.0005 0.0005 0.5643 -0.0340 -0.091954 -0.937990 11.64 
0.9070 2 1 1 0x0 3.9080 4.0920 3.91 4.09 0.7804 1.0170 0.0004 0.0005 0.5680 -0.0344 -0.091954 -0.944580 11.62 
0.9110 2 1 1 0x0 3.9080 4.0920 3.91 4.09 1.0094 0.9225 0.0004 0.0005 0.5716 -0.0347 -0.091954 -0.946942 11.63 
0.9150 2 1 1 0x0 3.9080 4.0920 3.91 4.09 0.8933 0.9688 0.0004 0.0004 0.5752 -0.0350 -0.091954 -0.944629 11.63 
0.9190 2 1 1 0x0 3.9053 4.0947 3.91 4.09 1.0024 0.9393 0.0004 0.0006 0.5787 -0.0353 -0.094659 -0.942982 11.62 
0.9230 2 1 1 0x0 3.9053 4.0947 3.91 4.09 0.7785 0.7284 0.0003 0.0003 0.5823 -0.0357 -0.094659 -0.941723 11.63 
0.9270 2 1 1 0x0 3.9026 4.0974 3.90 4.10 0.9531 0.7102 0.0002 0.0005 0.5857 -0.0360 -0.097363 -0.939619 11.62 
0.9310 2 1 1 0x0 3.9053 4.0947 3.91 4.09 1.0465 1.0002 0.0006 0.0003 0.5892 -0.0363 -0.094659 -0.942103 11.62 
0.9350 2 1 1 0x0 3.9053 4.0947 3.91 4.09 0.8614 0.8794 0.0005 0.0003 0.5928 -0.0367 -0.094659 -0.951728 11.63 
0.9390 2 1 1 0x0 3.9053 4.0947 3.91 4.09 0.9832 1.0188 0.0005 0.0003 0.5964 -0.0371 -0.094659 -0.951901 11.63 
0.9430 2 1 1 0x0 3.9026 4.0974 3.90 4.10 0.7921 0.9813 0.0005 0.0007 0.5999 -0.0374 -0.097363 -0.951321 11.64 
0.9470 2 1 1 0x0 3.9026 4.0974 3.90 4.10 1.0606 0.7432 0.0004 0.0006 0.6035 -0.0377 -0.097363 -0.953130 11.63 
0.9510 2 1 1 0x0 3.9026 4.0974 3.90 4.10 0.9026 0.9397 0.0004 0.0006 0.6071 -0.0381 -0.097363 -0.950482 11.64 
0.9550 2 1 1 0x0 3.9026 4.0974 3.90 4.10 1.0019 0.8778 0.0003 0.0005 0.6108 -0.0384 -0.097363 -0.951572 11.64 
0.9590 2 1 1 0x0 3.9053 4.0947 3.91 4.09 0.9591 1.0213 0.0007 0.0005 0.6142 -0.0388 -0.094659 -0.955278 11.63 
0.9630 2 1 1 0x0 3.9053 4.0947 3.91 4.09 0.7655 0.7595 0.0006 0.0005 0.6178 -0.0391 -0.094659 -0.963800 11.63 
0.9670 2 1 1 0x0 3.9053 4.0947 3.91 4.09 1.0369 1.0383 0.0005 0.0005 0.6215 -0.0395 -0.094659 -0.967714 11.63 
0.9710 2 1 1 0x0 3.9080 4.0920 3.91 4.09 0.9177 1.0205 0.0005 0.0002 0.6253 -0.0398 -0.091954 -0.971160 11.64 
0.9750 2 1 1 0x0 3.9053 4.0947 3.91 4.09 0.9934 1.0523 0.0003 0.0007 0.6287 -0.0401 -0.094659 -0.968926 11.63 
0.9790 2 1 1 0x0 3.9080 4.0920 3.91 4.09 0.9112 0.7420 0.0005 0.0006 0.6322 -0.0405 -0.091954 -0.965385 11.63 
0.9830 2 1 1 0x0 3.9108 4.0892 3.91 4.09 0.9526 1.0088 0.0007 0.0003 0.6356 -0.0408 -0.089250 -0.961315 11.63 
0.9870 2 1 1 0x0 3.9080 4.0920 3.91 4.09 0.7568 0.9762 0.0004 0.0006 0.6390 -0.0411 -0.091954 -0.959207 11.63 
0.9910 2 1 1 0x0 3.9108 4.0892 3.91 4.09 0.7019 0.8991 0.0007 0.0005 0.6425 -0.0414 -0.089250 -0.959867 11.64 
0.9950 2 1 1 0x0 3.9108 4.0892 3.91 4.09 0.9672 0.9944 0.0005 0.0004 0.6461 -0.0417 -0.089250 -0.960337 11.63 
0.9990 2 1 1 0x0 3.9108 4.0892 3.91 4.09 0.8644 0.7758 0.0004 0.0004 0.6497 -0.0420 -0.089250 -0.964604 11.63 
1.0030 2 1 1 0x0 3.9108 4.0892 3.91 4.09 1.0537 1.0105 0.0003 0.0004 0.6534 -0.0424 -0.089250 -0.970606 11.64 
1.0070 2 1 1 0x0 3.9108 4.0892 3.91 4.09 0.8353 0.9291 0.0003 0.0004 0.6570 -0.0427 -0.089250 -0.970616 11.63 
1.0110 2 1 1 0x0 3.9108 4.0892 3.91 4.09 1.0664 1.0205 0.0002 0.0006 0.6607 -0.0430 -0.089250 -0.970215 11.64 
1.0150 2 1 1 0x0 3.9135 4.0865 3.91 4.09 0.9080 1.0753 0.0003 0.0002 0.6645 -0.0433 -0.086545 -0.973237 11.64 
1.0190 2 1 1 0x0 3.9135 4.0865 3.91 4.09 0.9838 0.8799 0.0003 0.0003 0.6681 -0.0437 -0.086545 -0.975970 11.63 
1.0230 2 1 1 0x0 3.9162 4.0838 3.92 4.08 0.9396 1.0170 0.0007 0.0003 0.6716 -0.0440 -0.083841 -0.972454 11.63 
1.0270 2 1 1 0x0 3.9135 4.0865 3.91 4.09 0.7717 0.9838 0.0006 0.0005 0.6750 -0.0443 -0.086545 -0.969389 11.63 
1.0310 2 1 1 0x0 3.9135 4.0865 3.91 4.09 0.9770 0.7412 0.0004 0.0004 0.6786 -0.0446 -0.086545 -0.966936 11.64 
1.0350 2 1 1 0x0 3.9135 4.0865 3.91 4.09 0.8547 1.0045 0.0003 0.0003 0.6823 -0.0449 -0.086545 -0.967487 11.63 
1.0390 2 1 1 0x0 3.9162 4.0838 3.92 4.08 0.8868 0.8284 0.0006 0.0003 0.6857 -0.0452 -0.083841 -0.968256 11.63 
1.0430 2 1 1 0x0 3.9162 4.0838 3.92 4.08 1.0192 1.0223 0.0006 0.0003 0.6894 -0.0455 -0.083841 -0.970046 11.63 
1.0470 2 1 1 0x0 3.9162 4.0838 3.92 4.08 0.8105 0.7999 0.0005 0.0003 0.6930 -0.0458 -0.083841 -0.972702 11.64 
1.0510 2 1 1 0x0 3.9162 4.0838 3.92 4.08 1.0312 1.0389 0.0005 0.0004 0.6966 -0.0461 -0.083841 -0.972548 11.64 
1.0550 2 1 1 0x0 3.9162 4.0838 3.92 4.08 0.9323 0.9069 0.0005 0.0005 0.7003 -0.0464 -0.083841 -0.973336 11.64 
1.0590 2 1 1 0x0 3.9162 4.0838 3.92 4.08 1.0238 1.0486 0.0005 0.0006 0.7039 -0.0467 -0.083841 -0.973657 11.63 
1.0630 2 1 1 0x0 3.9189 4.0811 3.92 4.08 0.8156 1.0312 0.0006 0.0002 0.7077 -0.0470 -0.081136 -0.974770 11.64 
1.0670 2 1 1 0x0 3.9189 4.0811 3.92 4.08 1.0169 0.8582 0.0006 0.0003 0.7114 -0.0473 -0.081136 -0.973460 11.63 
1.0710 2 1 1 0x0 3.9135 4.0865 3.91 4.09 0.8863 0.8338 0.0006 0.0005 0.7150 -0.0477 -0.086545 -0.970547 11.63 
1.0750 2 1 1 0x0 3.9162 4.0838 3.92 4.08 0.9467 1.0186 0.0006 0.0003 0.7185 -0.0479 -0.083841 -0.966938 11.63 
1.0790 2 1 1 0x0 3.9135 4.0865 3.91 4.09 0.8140 0.9848 0.0006 0.0006 0.7219 -0.0482 -0.086545 -0.965390 11.62 
1.0830 2 1 1 0x0 3.9135 4.0865 3.91 4.09 1.0292 0.7802 0.0005 0.0005 0.7255 -0.0486 -0.086545 -0.965105 11.63 
1.0870 2 1 1 0x0 3.9135 4.0865 3.91 4.09 0.8244 1.0032 0.0005 0.0005 0.7292 -0.0489 -0.086545 -0.965676 11.63 
1.0910 2 1 1 0x0 3.9135 4.0865 3.91 4.09 1.0315 0.9357 0.0004 0.0005 0.7328 -0.0492 -0.086545 -0.972119 11.63 
1.0950 2 1 1 0x0 3.9135 4.0865 3.91 4.09 0.8082 1.0127 0.0005 0.0006 0.7364 -0.0495 -0.086545 -0.977361 11.62 
1.0990 2 1 1 0x0 3.9162 4.0838 3.92 4.08 1.0290 1.0679 0.0005 0.0003 0.7403 -0.0498 -0.083841 -0.976021 11.63 
1.1030 2 1 1 0x0 3.9162 4.0838 3.92 4.08 0.8309 0.8866 0.0005 0.0004 0.7439 -0.0501 -0.083841 -0.975425 11.63 
1.1070 2 1 1 0x0 3.9162 4.0838 3.92 4.08 1.0919 1.0081 0.0005 0.0004 0.7476 -0.0504 -0.083841 -0.976027 11.62 
1.1110 2 1 1 0x0 3.9162 4.0838 3.92 4.08 0.8175 0.7647 0.0006 0.0003 0.7512 -0.0508 -0.083841 -0.974319 11.62 
1.1150 2 1 1 0x0 3.9135 4.0865 3.91 4.09 0.9587 0.7856 0.0005 0.0006 0.7546 -0.0511 -0.086545 -0.973694 11.63 
1.1190 2 1 1 0x0 3.9135 4.0865 3.91 4.09 0.8671 0.9363 0.0003 0.0004 0.7583 -0.0514 -0.086545 -0.981511 11.63 
1.1230 2 1 1 0x0 3.9162 4.0838 3.92 4.08 0.7997 0.8319 0.0006 0.0004 0.7617 -0.0517 -0.083841 -0.983398 11.63 
1.1270 2 1 1 0x0 3.9162 4.0838 3.92 4.08 1.0173 1.0161 0.0005 0.0003 0.7653 -0.0520 -0.083841 -0.980590 11.63 
1.1310 2 1 1 0x0 3.9162 4.0838 3.92 4.08 0.7655 0.8022 0.0004 0.0003 0.7690 -0.0523 -0.083841 -0.976708 11.63 
1.1350 2 1 1 0x0 3.9162 4.0838 3.92 4.08 0.9819 0.7830 0.0003 0.0007 0.7726 -0.0526 -0.083841 -0.975319 11.64 
1.1390 2 1 1 0x0 3.9162 4.0838 3.92 4.08 1.0074 1.0007 0.0006 0.0006 0.7759 -0.0529 -0.083841 -0.977615 11.63 
1.1430 2 1 1 0x0 3.9189 4.0811 3.92 4.08 0.8369 0.9864 0.0006 0.0002 0.7797 -0.0532 -0.081136 -0.980448 11.62 
1.1470 2 1 1 0x0 3.9189 4.0811 3.92 4.08 1.0209 0.8233 0.0005 0.0003 0.7833 -0.0535 -0.081136 -0.990166 11.62 
1.1510 2 1 1 0x0 3.9189 4.0811 3.92 4.08 0.8138 1.0721 0.0005 0.0004 0.7870 -0.0538 -0.081136 -0.996484 11.63 
1.1550 2 1 1 0x0 3.9189 4.0811 3.92 4.08 1.0217 0.8820 0.0005 0.0005 0.7906 -0.0541 -0.081136 -1.001170 11.63 
1.1590 2 1 1 0x0 3.9189 4.0811 3.92 4.08 0.8348 1.0107 0.0005 0.0006 0.7943 -0.0544 -0.081136 -1.003066 11.63 
1.1630 2 1 1 0x0 3.9189 4.0811 3.92 4.08 1.0132 0.6931 0.0005 0.0005 0.7979 -0.0547 -0.081136 -0.999785 11.62 
1.1670 2 1 1 0x0 3.9162 4.0838 3.92 4.08 0.7343 0.7434 0.0005 0.0007 0.8013 -0.0549 -0.083841 -0.995097 11.63 
1.1710 2 1 1 0x0 3.9162 4.0838 3.92 4.08 0.9637 0.9425 0.0004 0.0005 0.8050 -0.0552 -0.083841 -0.993093 11.62 
1.1750 2 1 1 0x0 3.9162 4.0838 3.92 4.08 0.8664 0.8737 0.0003 0.0003 0.8086 -0.0556 -0.083841 -0.992434 11.63 
1.1790 2 1 1 0x0 3.9162 4.0838 3.92 4.08 1.0481 1.0283 0.0002 0.0003 0.8122 -0.0559 -0.083841 -0.990889 11.62 
1.1830 2 1 1 0x0 3.9162 4.0838 3.92 4.08 0.9949 1.0605 0.0006 0.0007 0.8155 -0.0561 -0.083841 -0.991451 11.63 
1.1870 2 1 1 0x0 3.9189 4.0811 3.92 4.08 0.7839 0.9790 0.0006 0.0002 0.8193 -0.0565 -0.081136 -0.995614 11.63 
1.1910 2 1 1 0x0 3.9189 4.0811 3.92 4.08 1.0737 0.8991 0.0006 0.0003 0.8230 -0.0568 -0.081136 -0.995698 11.64 
1.1950 2 1 1 0x0 3.9189 4.0811 3.92 4.08 0.8479 1.0622 0.0006 0.0004 0.8266 -0.0571 -0.081136 -0.997020 11.64 
1.1990 2 1 1 0x0 3.9189 4.0811 3.92 4.08 0.9943 0.7787 0.0006 0.0005 0.8302 -0.0574 -0.081136 -1.002791 11.63 
1.2030 2 1 1 0x0 3.9189 4.0811 3.92 4.08 0.7880 1.0038 0.0006 0.0006 0.8339 -0.0577 -0.081136 -1.003508 11.64 
1.2070 2 1 1 0x0 3.9216 4.0784 3.92 4.08 0.9925 1.0557 0.0006 0.0004 0.8377 -0.0580 -0.078432 -1.000920 11.63 
1.2110 2 1 1 0x0 3.9216 4.0784 3.92 4.08 0.8024 0.8252 0.0005 0.0005 0.8414 -0.0583 -0.078432 -0.997480 11.64 
1.2150 2 1 1 0x0 3.9216 4.0784 3.92 4.08 0.9561 0.9978 0.0003 0.0005 0.8450 -0.0585 -0.078432 -0.995049 11.63 
1.2190 2 1 1 0x0 3.9243 4.0757 3.92 4.08 0.9863 0.9373 0.0007 0.0005 0.8484 -0.0588 -0.075727 -0.994094 11.64 
1.2230 2 1 1 0x0 3.9243 4.0757 3.92 4.08 0.7827 1.0147 0.0005 0.0005 0.8521 -0.0591 -0.075727 -0.994027 11.63 
1.2270 2 1 1 0x0 3.9243 4.0757 3.92 4.08 1.0184 0.8052 0.0004 0.0005 0.8557 -0.0594 -0.075727 -0.995540 11.63 
1.2310 2 1 1 0x0 3.9243 4.0757 3.92 4.08 0.8342 1.0304 0.0004 0.0005 0.8594 -0.0596 -0.075727 -0.994784 11.63 
1.2350 2 1 1 0x0 3.9243 4.0757 3.92 4.08 1.0176 0.8615 0.0004 0.0005 0.8630 -0.0599 -0.075727 -0.994354 11.63 
1.2390 2 1 1 0x0 3.9243 4.0757 3.92 4.08 0.7732 1.0425 0.0004 0.0006 0.8666 -0.0602 -0.075727 -0.994971 11.64 
1.2430 2 1 1 0x0 3.9243 4.0757 3.92 4.08 1.0166 0.7895 0.0004 0.0007 0.8703 -0.0605 -0.075727 -0.993823 11.64 
1.2470 2 1 1 0x0 3.9270 4.0730 3.93 4.07 0.9452 0.9171 0.0004 0.0003 0.8741 -0.0607 -0.073023 -0.996753 11.64 
1.2510 2 1 1 0x0 3.9270 4.0730 3.93 4.07 1.0026 1.0366 0.0005 0.0004 0.8778 -0.0610 -0.073023 -0.997524 11.64 
1.2550 2 1 1 0x0 3.9270 4.0730 3.93 4.07 0.7850 0.7903 0.0005 0.0003 0.8814 -0.0613 -0.073023 -0.995714 11.64 
1.2590 2 1 1 0x0 3.9270 4.0730 3.93 4.07 1.0607 0.9866 0.0006 0.0003 0.8850 -0.0616 -0.073023 -0.993482 11.64 
1.2630 2 1 1 0x0 3.9216 4.0784 3.92 4.08 1.0309 0.9526 0.0002 0.0007 0.8887 -0.0618 -0.078432 -0.993213 11.64 
1.2670 2 1 1 0x0 3.9216 4.0784 3.92 4.08 0.7704 0.8661 0.0003 0.0006 0.8923 -0.0621 -0.078432 -0.991554 11.65 
1.2710 2 1 1 0x0 3.9216 4.0784 3.92 4.08 1.0193 1.0387 0.0003 0.0006 0.8960 -0.0624 -0.078432 -0.990461 11.64 
1.2750 2 1 1 0x0 3.9216 4.0784 3.92 4.08 0.8332 0.7487 0.0003 0.0005 0.8996 -0.0627 -0.078432 -0.997194 11.64 
1.2790 2 1 1 0x0 3.9216 4.0784 3.92 4.08 1.0275 0.9897 0.0003 0.0005 0.9032 -0.0629 -0.078432 -0.997237 11.63 
1.2830 2 1 1 0x0 3.9243 4.0757 3.92 4.08 1.0475 0.8394 0.0007 0.0006 0.9067 -0.0632 -0.075727 -0.995315 11.63 
1.2870 2 1 1 0x0 3.9243 4.0757 3.92 4.08 0.7183 1.0070 0.0006 0.0005 0.9103 -0.0635 -0.075727 -0.997589 11.63 
1.2910 2 1 1 0x0 3.9243 4.0757 3.92 4.08 0.9836 0.7662 0.0006 0.0004 0.9140 -0.0638 -0.075727 -0.997221 11.63 
1.2950 2 1 1 0x0 3.9216 4.0784 3.92 4.08 1.0299 0.9636 0.0002 0.0003 0.9178 -0.0641 -0.078432 -0.997785 11.63 
1.2990 2 1 1 0x0 3.9243 4.0757 3.92 4.08 1.0465 0.9111 0.0006 0.0003 0.9212 -0.0643 -0.075727 -1.005170 11.64 
1.3030 2 1 1 0x0 3.9243 4.0757 3.92 4.08 0.7995 1.0474 0.0006 0.0003 0.9249 -0.0646 -0.075727 -1.012039 11.64 
1.3070 2 1 1 0x0 3.9243 4.0757 3.92 4.08 1.0474 0.7854 0.0006 0.0003 0.9285 -0.0649 -0.075727 -1.010916 11.63 
1.3110 2 1 1 0x0 3.9216 4.0784 3.92 4.08 1.0244 0.9963 0.0002 0.0003 0.9324 -0.0652 -0.078432 -1.007741 11.63 
1.3150 2 1 1 0x0 3.9216 4.0784 3.92 4.08 0.9750 0.9636 0.0007 0.0006 0.9356 -0.0655 -0.078432 -1.004279 11.63 
1.3190 2 1 1 0x0 3.9216 4.0784 3.92 4.08 0.7895 0.8567 0.0005 0.0005 0.9392 -0.0657 -0.078432 -1.003996 11.63 
1.3230 2 1 1 0x0 3.9216 4.0784 3.92 4.08 1.0043 1.0524 0.0004 0.0005 0.9429 -0.0660 -0.078432 -1.004273 11.63 
1.3270 2 1 1 0x0 3.9216 4.0784 3.92 4.08 0.8881 0.8246 0.0004 0.0004 0.9465 -0.0663 -0.078432 -1.009142 11.63 
1.3310 2 1 1 0x0 3.9216 4.0784 3.92 4.08 1.0169 1.0000 0.0003 0.0004 0.9502 -0.0666 -0.078432 -1.017790 11.63 
1.3350 2 1 1 0x0 3.9216 4.0784 3.92 4.08 0.8138 0.9376 0.0003 0.0005 0.9538 -0.0669 -0.078432 -1.019326 11.63 
1.3390 2 1 1 0x0 3.9216 4.0784 3.92 4.08 1.0237 1.0134 0.0003 0.0005 0.9574 -0.0672 -0.078432 -1.023318 11.64 
1.3430 2 1 1 0x0 3.9216 4.0784 3.92 4.08 0.8297 0.8050 0.0003 0.0006 0.9611 -0.0674 -0.078432 -1.022938 11.63 
1.3470 2 1 1 0x0 3.9216 4.0784 3.92 4.08 1.0249 1.0307 0.0003 0.0006 0.9647 -0.0677 -0.078432 -1.019987 11.62 
1.3510 2 1 1 0x0 3.9270 4.0730 3.93 4.07 0.9780 1.0143 0.0007 0.0002 0.9684 -0.0680 -0.073023 -1.017215 11.63 
1.3550 2 1 1 0x0 3.9270 4.0730 3.93 4.07 0.7919 0.7648 0.0006 0.0003 0.9720 -0.0683 -0.073023 -1.018474 11.64 
1.3590 2 1 1 0x0 3.9270 4.0730 3.93 4.07 0.9945 1.0281 0.0006 0.0003 0.9756 -0.0685 -0.073023 -1.018549 11.63 
1.3630 2 1 1 0x0 3.9270 4.0730 3.93 4.07 0.8034 0.9151 0.0005 0.0005 0.9793 -0.0688 -0.073023 -1.018261 11.64 
1.3670 2 1 1 0x0 3.9270 4.0730 3.93 4.07 1.0724 1.0403 0.0005 0.0006 0.9829 -0.0691 -0.073023 -1.020473 11.63 
1.3710 2 1 1 0x0 3.9270 4.0730 3.93 4.07 0.7778 0.7888 0.0004 0.0006 0.9866 -0.0693 -0.073023 -1.019983 11.63 
1.3750 2 1 1 0x0 3.9270 4.0730 3.93 4.07 0.9556 0.9905 0.0003 0.0005 0.9902 -0.0696 -0.073023 -1.019747 11.63 
1.3790 2 1 1 0x0 3.9270 4.0730 3.93 4.07 0.8291 0.8887 0.0003 0.0005 0.9939 -0.0699 -0.073023 -1.020939 11.62 
1.3830 2 1 1 0x0 3.9270 4.0730 3.93 4.07 1.0267 1.0061 0.0003 0.0005 0.9975 -0.0701 -0.073023 -1.027479 11.63 
1.3870 2 1 1 0x0 3.9270 4.0730 3.93 4.07 0.8102 0.8102 0.0003 0.0005 1.0011 -0.0704 -0.073023 -1.024892 11.63 
1.3910 2 1 1 0x0 3.9270 4.0730 3.93 4.07 1.0255 1.0232 0.0003 0.0004 1.0048 -0.0706 -0.073023 -1.022522 11.64 
1.3950 2 1 1 0x0 3.9270 4.0730 3.93 4.07 0.8776 0.8618 0.0003 0.0004 1.0084 -0.0709 -0.073023 -1.019853 11.64 
1.3990 2 1 1 0x0 3.9270 4.0730 3.93 4.07 0.9612 0.9753 0.0003 0.0003 1.0121 -0.0712 -0.073023 -1.018981 11.63 
1.4030 2 1 1 0x0 3.9297 4.0703 3.93 4.07 1.0470 0.7879 0.0007 0.0003 1.0155 -0.0714 -0.070318 -1.018206 11.64 
1.4070 2 1 1 0x0 3.9270 4.0730 3.93 4.07 1.0296 1.0594 0.0003 0.0004 1.0193 -0.0717 -0.073023 -1.018320 11.63 
1.4110 2 1 1 0x0 3.9270 4.0730 3.93 4.07 0.8759 0.8913 0.0003 0.0004 1.0230 -0.0720 -0.073023 -1.018621 11.63 
1.4150 2 1 1 0x0 3.9270 4.0730 3.93 4.07 1.0253 1.0709 0.0003 0.0005 1.0266 -0.0722 -0.073023 -1.017016 11.63 
1.4190 2 1 1 0x0 3.9270 4.0730 3.93 4.07 0.8082 0.8168 0.0003 0.0006 1.0303 -0.0725 -0.073023 -1.017256 11.63 
1.4230 2 1 1 0x0 3.9297 4.0703 3.93 4.07 0.9692 0.8979 0.0002 0.0003 1.0341 -0.0728 -0.070318 -1.017515 11.63 
1.4270 2 1 1 0x0 3.9324 4.0676 3.93 4.07 0.9841 0.9906 0.0007 0.0004 1.0376 -0.0730 -0.067613 -1.015235 11.63 
1.4310 2 1 1 0x0 3.9324 4.0676 3.93 4.07 0.8088 0.7788 0.0006 0.0004 1.0412 -0.0732 -0.067613 -1.019575 11.63 
1.4350 2 1 1 0x0 3.9324 4.0676 3.93 4.07 1.0675 1.0759 0.0006 0.0005 1.0448 -0.0735 -0.067613 -1.018740 11.64 
1.4390 2 1 1 0x0 3.9324 4.0676 3.93 4.07 0.7803 0.8792 0.0005 0.0005 1.0485 -0.0737 -0.067613 -1.016591 11.63 
1.4430 2 1 1 0x0 3.9324 4.0676 3.93 4.07 1.0153 1.0909 0.0004 0.0006 1.0521 -0.0740 -0.067613 -1.017320 11.63 
1.4470 2 1 1 0x0 3.9324 4.0676 3.93 4.07 0.8881 0.8035 0.0004 0.0006 1.0558 -0.0742 -0.067613 -1.018917 11.62 
1.4510 2 1 1 0x0 3.9351 4.0649 3.94 4.06 1.0107 0.9349 0.0004 0.0002 1.0596 -0.0745 -0.064909 -1.019330 11.63 
1.4550 2 1 1 0x0 3.9351 4.0649 3.94 4.06 0.8235 1.0885 0.0004 0.0004 1.0633 -0.0747 -0.064909 -1.024665 11.63 
1.4590 2 1 1 0x0 3.9351 4.0649 3.94 4.06 1.0092 0.8044 0.0004 0.0004 1.0669 -0.0750 -0.064909 -1.027169 11.63 
1.4630 2 1 1 0x0 3.9351 4.0649 3.94 4.06 0.9511 0.9106 0.0005 0.0002 1.0705 -0.0752 -0.064909 -1.023749 11.63 
1.4670 2 1 1 0x0 3.9324 4.0676 3.93 4.07 1.0033 0.9424 0.0005 0.0004 1.0740 -0.0754 -0.067613 -1.021794 11.62 
1.4710 2 1 1 0x0 3.9324 4.0676 3.93 4.07 0.8269 0.9248 0.0005 0.0002 1.0776 -0.0757 -0.067613 -1.021233 11.63 
1.4750 2 1 1 0x0 3.9297 4.0703 3.93 4.07 1.0740 0.8449 0.0005 0.0005 1.0811 -0.0759 -0.070318 -1.018688 11.63 
1.4790 2 1 1 0x0 3.9297 4.0703 3.93 4.07 0.8955 1.0028 0.0005 0.0004 1.0847 -0.0762 -0.070318 -1.017050 11.62 
1.4830 2 1 1 0x0 3.9297 4.0703 3.93 4.07 1.0053 0.8106 0.0004 0.0004 1.0884 -0.0764 -0.070318 -1.020550 11.63 
1.4870 2 1 1 0x0 3.9297 4.0703 3.93 4.07 0.7386 0.9575 0.0004 0.0004 1.0920 -0.0767 -0.070318 -1.024061 11.62 
1.4910 2 1 1 0x0 3.9297 4.0703 3.93 4.07 1.0129 0.9172 0.0004 0.0004 1.0956 -0.0770 -0.070318 -1.022406 11.63 
1.4950 2 1 1 0x0 3.9297 4.0703 3.93 4.07 0.8888 0.9704 0.0004 0.0005 1.0993 -0.0772 -0.070318 -1.018280 11.63 
1.4990 2 1 1 0x0 3.9297 4.0703 3.93 4.07 1.0122 0.8352 0.0004 0.0005 1.1029 -0.0775 -0.070318 -1.017589 11.64 
1.5030 2 1 1 0x0 3.9297 4.0703 3.93 4.07 0.7352 0.9844 0.0004 0.0006 1.1066 -0.0777 -0.070318 -1.018734 11.64 
1.5070 2 1 1 0x0 3.9324 4.0676 3.93 4.07 1.0189 1.0362 0.0004 0.0002 1.1104 -0.0780 -0.067613 -1.021062 11.64 
1.5110 2 1 1 0x0 3.9297 4.0703 3.93 4.07 0.8865 1.0688 0.0004 0.0007 1.1138 -0.0782 -0.070318 -1.029450 11.64 
1.5150 2 1 1 0x0 3.9324 4.0676 3.93 4.07 1.0153 0.9850 0.0004 0.0003 1.1177 -0.0785 -0.067613 -1.030981 11.64 
1.5190 2 1 1 0x0 3.9324 4.0676 3.93 4.07 0.8118 0.8932 0.0004 0.0004 1.1213 -0.0787 -0.067613 -1.027406 11.63 
1.5230 2 1 1 0x0 3.9351 4.0649 3.94 4.06 0.7164 1.0701 0.0007 0.0004 1.1248 -0.0790 -0.064909 -1.025714 11.64 
1.5270 2 1 1 0x0 3.9351 4.0649 3.94 4.06 1.0081 0.7724 0.0005 0.0004 1.1284 -0.0792 -0.064909 -1.022795 11.63 
1.5310 2 1 1 0x0 3.9351 4.0649 3.94 4.06 0.8275 0.9529 0.0003 0.0003 1.1321 -0.0794 -0.064909 -1.019943 11.63 
1.5350 2 1 1 0x0 3.9378 4.0622 3.94 4.06 0.8054 0.9207 0.0006 0.0004 1.1355 -0.0797 -0.062204 -1.020954 11.63 
1.5390 2 1 1 0x0 3.9378 4.0622 3.94 4.06 1.0053 1.0327 0.0005 0.0004 1.1391 -0.0799 -0.062204 -1.021286 11.63 
1.5430 2 1 1 0x0 3.9378 4.0622 3.94 4.06 0.7353 0.8400 0.0005 0.0005 1.1428 -0.0801 -0.062204 -1.022180 11.64 
1.5470 2 1 1 0x0 3.9378 4.0622 3.94 4.06 1.0236 1.0438 0.0004 0.0006 1.1464 -0.0803 -0.062204 -1.025526 11.64 
1.5510 2 1 1 0x0 3.9405 4.0595 3.94 4.06 0.8799 1.1022 0.0004 0.0003 1.1503 -0.0806 -0.059500 -1.026559 11.63 
1.5550 2 1 1 0x0 3.9405 4.0595 3.94 4.06 1.0228 0.7987 0.0004 0.0004 1.1539 -0.0808 -0.059500 -1.025789 11.63 
1.5590 2 1 1 0x0 3.9405 4.0595 3.94 4.06 0.8163 0.9722 0.0005 0.0004 1.1576 -0.0810 -0.059500 -1.027395 11.63 
1.5630 2 1 1 0x0 3.9405 4.0595 3.94 4.06 1.0923 0.9046 0.0005 0.0005 1.1612 -0.0812 -0.059500 -1.031278 11.63 
1.5670 2 1 1 0x0 3.9405 4.0595 3.94 4.06 0.8899 0.9873 0.0005 0.0004 1.1649 -0.0814 -0.059500 -1.027225 11.63 
1.5710 2 1 1 0x0 3.9378 4.0622 3.94 4.06 1.0121 0.9549 0.0005 0.0007 1.1683 -0.0816 -0.062204 -1.023186 11.63 
1.5750 2 1 1 0x0 3.9378 4.0622 3.94 4.06 0.7642 0.7213 0.0003 0.0005 1.1719 -0.0819 -0.062204 -1.020097 11.64 
1.5790 2 1 1 0x0 3.9405 4.0595 3.94 4.06 0.7466 0.9783 0.0006 0.0004 1.1754 -0.0821 -0.059500 -1.019488 11.62 
1.5830 2 1 1 0x0 3.9405 4.0595 3.94 4.06 1.0178 0.8461 0.0005 0.0003 1.1790 -0.0823 -0.059500 -1.019569 11.63 
1.5870 2 1 1 0x0 3.9405 4.0595 3.94 4.06 0.8783 1.0676 0.0004 0.0003 1.1827 -0.0825 -0.059500 -1.020175 11.64 
1.5910 2 1 1 0x0 3.9405 4.0595 3.94 4.06 0.9613 0.7743 0.0004 0.0003 1.1863 -0.0827 -0.059500 -1.021036 11.63 
1.5950 2 1 1 0x0 3.9405 4.0595 3.94 4.06 0.8070 1.0138 0.0003 0.0003 1.1900 -0.0830 -0.059500 -1.020697 11.63 
1.5990 2 1 1 0x0 3.9405 4.0595 3.94 4.06 1.0336 0.9248 0.0003 0.0003 1.1936 -0.0832 -0.059500 -1.021457 11.63 
1.6030 2 1 1 0x0 3.9405 4.0595 3.94 4.06 0.8747 1.0276 0.0003 0.0004 1.1973 -0.0834 -0.059500 -1.021858 11.63 
1.6070 2 1 1 0x0 3.9405 4.0595 3.94 4.06 1.0223 0.7572 0.0004 0.0005 1.2009 -0.0836 -0.059500 -1.019460 11.63 
1.6110 2 1 1 0x0 3.9405 4.0595 3.94 4.06 0.8151 1.0410 0.0004 0.0006 1.2045 -0.0838 -0.059500 -1.019467 11.64 
1.6150 2 1 1 0x0 3.9432 4.0568 3.94 4.06 1.0136 1.0988 0.0004 0.0003 1.2084 -0.0840 -0.056795 -1.016387 11.63 
1.6190 2 1 1 0x0 3.9432 4.0568 3.94 4.06 0.8406 0.8461 0.0005 0.0004 1.2120 -0.0842 -0.056795 -1.012834 11.63 
1.6230 2 1 1 0x0 3.9432 4.0568 3.94 4.06 1.0774 1.0362 0.0005 0.0005 1.2157 -0.0845 -0.056795 -1.012051 11.64 
1.6270 2 1 1 0x0 3.9432 4.0568 3.94 4.06 0.7831 0.9662 0.0005 0.0005 1.2193 -0.0847 -0.056795 -1.012972 11.63 
1.6310 2 1 1 0x0 3.9432 4.0568 3.94 4.06 1.0717 1.0500 0.0005 0.0006 1.2230 -0.0849 -0.056795 -1.013278 11.63 
1.6350 2 1 1 0x0 3.9432 4.0568 3.94 4.06 0.9040 0.8288 0.0006 0.0006 1.2266 -0.0851 -0.056795 -1.016615 11.63 
1.6390 2 1 1 0x0 3.9459 4.0541 3.95 4.05 1.0547 0.9121 0.0007 0.0003 1.2305 -0.0853 -0.054091 -1.022726 11.64 
1.6430 2 1 1 0x0 3.9432 4.0568 3.94 4.06 1.0302 1.0430 0.0003 0.0005 1.2343 -0.0855 -0.056795 -1.022148 11.63 
1.6470 2 1 1 0x0 3.9432 4.0568 3.94 4.06 0.8837 0.7483 0.0004 0.0004 1.2380 -0.0857 -0.056795 -1.021590 11.63 
1.6510 2 1 1 0x0 3.9432 4.0568 3.94 4.06 1.0099 0.9968 0.0004 0.0002 1.2416 -0.0859 -0.056795 -1.023854 11.63 
1.6550 2 1 1 0x0 3.9405 4.0595 3.94 4.06 0.7785 0.9659 0.0004 0.0005 1.2450 -0.0861 -0.059500 -1.022063 11.63 
1.6590 2 1 1 0x0 3.9405 4.0595 3.94 4.06 1.0208 0.8542 0.0003 0.0003 1.2487 -0.0863 -0.059500 -1.020133 11.62 
1.6630 2 1 1 0x0 3.9405 4.0595 3.94 4.06 0.8257 0.9880 0.0003 0.0002 1.2523 -0.0866 -0.059500 -1.027418 11.62 
1.6670 2 1 1 0x0 3.9405 4.0595 3.94 4.06 0.8552 0.9536 0.0006 0.0006 1.2556 -0.0867 -0.059500 -1.028731 11.64 
1.6710 2 1 1 0x0 3.9405 4.0595 3.94 4.06 0.9991 0.7230 0.0005 0.0005 1.2592 -0.0870 -0.059500 -1.024848 11.63 
1.6750 2 1 1 0x0 3.9405 4.0595 3.94 4.06 0.7391 0.9745 0.0004 0.0005 1.2629 -0.0872 -0.059500 -1.018983 11.64 
1.6790 2 1 1 0x0 3.9405 4.0595 3.94 4.06 1.0227 0.8487 0.0003 0.0004 1.2665 -0.0874 -0.059500 -1.017181 11.63 
1.6830 2 1 1 0x0 3.9405 4.0595 3.94 4.06 0.8788 1.0663 0.0003 0.0003 1.2702 -0.0876 -0.059500 -1.017633 11.63 
1.6870 2 1 1 0x0 3.9405 4.0595 3.94 4.06 1.0278 0.7361 0.0003 0.0003 1.2738 -0.0878 -0.059500 -1.019301 11.63 
1.6910 2 1 1 0x0 3.9405 4.0595 3.94 4.06 0.8062 1.0137 0.0003 0.0003 1.2774 -0.0880 -0.059500 -1.029119 11.63 
1.6950 2 1 1 0x0 3.9405 4.0595 3.94 4.06 1.0345 0.9261 0.0002 0.0004 1.2811 -0.0883 -0.059500 -1.036617 11.63 
1.6990 2 1 1 0x0 3.9405 4.0595 3.94 4.06 0.9260 1.1004 0.0002 0.0005 1.2847 -0.0885 -0.059500 -1.038648 11.64 
1.7030 2 1 1 0x0 3.9405 4.0595 3.94 4.06 0.9635 0.7990 0.0003 0.0006 1.2884 -0.0887 -0.059500 -1.038637 11.63 
1.7070 2 1 1 0x0 3.9459 4.0541 3.95 4.05 0.9856 0.9279 0.0007 0.0002 1.2920 -0.0889 -0.054091 -1.035262 11.63 
1.7110 2 1 1 0x0 3.9432 4.0568 3.94 4.06 0.7797 0.9003 0.0005 0.0006 1.2955 -0.0891 -0.056795 -1.031258 11.63 
1.7150 2 1 1 0x0 3.9432 4.0568 3.94 4.06 0.9685 0.9935 0.0002 0.0005 1.2991 -0.0893 -0.056795 -1.029545 11.63 
1.7190 2 1 1 0x0 3.9459 4.0541 3.95 4.05 1.0038 0.7726 0.0005 0.0004 1.3026 -0.0895 -0.054091 -1.031878 11.63 
1.7230 2 1 1 0x0 3.9459 4.0541 3.95 4.05 0.8864 1.0180 0.0004 0.0003 1.3062 -0.0897 -0.054091 -1.039820 11.62 
1.7270 2 1 1 0x0 3.9459 4.0541 3.95 4.05 1.0239 0.9194 0.0004 0.0003 1.3098 -0.0899 -0.054091 -1.039388 11.62 
1.7310 2 1 1 0x0 3.9459 4.0541 3.95 4.05 0.8072 1.0351 0.0003 0.0004 1.3135 -0.0901 -0.054091 -1.040011 11.63 
1.7350 2 1 1 0x0 3.9459 4.0541 3.95 4.05 1.0380 0.8366 0.0003 0.0004 1.3171 -0.0903 -0.054091 -1.039389 11.64 
1.7390 2 1 1 0x0 3.9459 4.0541 3.95 4.05 0.9878 0.9820 0.0003 0.0005 1.3208 -0.0905 -0.054091 -1.041062 11.63 
1.7430 2 1 1 0x0 3.9459 4.0541 3.95 4.05 1.0300 0.8974 0.0003 0.0006 1.3244 -0.0907 -0.054091 -1.046973 11.64 
1.7470 2 1 1 0x0 3.9486 4.0514 3.95 4.05 0.8100 0.7939 0.0003 0.0003 1.3283 -0.0909 -0.051386 -1.046691 11.63 
1.7510 2 1 1 0x0 3.9486 4.0514 3.95 4.05 0.9612 1.0483 0.0004 0.0004 1.3319 -0.0910 -0.051386 -1.042733 11.63 
1.7550 2 1 1 0x0 3.9513 4.0487 3.95 4.05 0.9916 0.8463 0.0007 0.0004 1.3354 -0.0912 -0.048682 -1.039312 11.63 
1.7590 2 1 1 0x0 3.9513 4.0487 3.95 4.05 0.8915 0.9960 0.0005 0.0004 1.3390 -0.0914 -0.048682 -1.038906 11.63 
1.7630 2 1 1 0x0 3.9513 4.0487 3.95 4.05 0.9565 0.7731 0.0004 0.0003 1.3427 -0.0916 -0.048682 -1.039963 11.62 
1.7670 2 1 1 0x0 3.9513 4.0487 3.95 4.05 0.8074 1.0134 0.0003 0.0003 1.3463 -0.0918 -0.048682 -1.039730 11.65 
1.7710 2 1 1 0x0 3.9513 4.0487 3.95 4.05 0.9675 0.8716 0.0003 0.0004 1.3500 -0.0919 -0.048682 -1.043927 11.64 
1.7750 2 1 1 0x0 3.9513 4.0487 3.95 4.05 0.9278 1.0275 0.0003 0.0005 1.3536 -0.0921 -0.048682 -1.042484 11.63 
1.7790 2 1 1 0x0 3.9513 4.0487 3.95 4.05 1.0276 0.7982 0.0003 0.0005 1.3572 -0.0923 -0.048682 -1.040641 11.64 
1.7830 2 1 1 0x0 3.9513 4.0487 3.95 4.05 0.7680 1.0403 0.0004 0.0006 1.3609 -0.0925 -0.048682 -1.040550 11.63 
1.7870 2 1 1 0x0 3.9540 4.0460 3.95 4.05 1.0246 1.0224 0.0004 0.0002 1.3647 -0.0926 -0.045977 -1.039689 11.63 
1.7910 2 1 1 0x0 3.9540 4.0460 3.95 4.05 0.8858 0.8012 0.0005 0.0003 1.3684 -0.0928 -0.045977 -1.040793 11.63 
1.7950 2 1 1 0x0 3.9540 4.0460 3.95 4.05 1.0059 1.0356 0.0005 0.0003 1.3720 -0.0930 -0.045977 -1.041757 11.63 
1.7990 2 1 1 0x0 3.9540 4.0460 3.95 4.05 0.7462 0.9078 0.0006 0.0003 1.3757 -0.0932 -0.045977 -1.040086 11.64 
1.8030 2 1 1 0x0 3.9513 4.0487 3.95 4.05 0.9216 1.0507 0.0003 0.0004 1.3795 -0.0933 -0.048682 -1.038598 11.63 
1.8070 2 1 1 0x0 3.9513 4.0487 3.95 4.05 1.0281 0.7437 0.0004 0.0003 1.3832 -0.0935 -0.048682 -1.037820 11.64 
1.8110 2 1 1 0x0 3.9486 4.0514 3.95 4.05 0.8162 0.7641 0.0004 0.0006 1.3866 -0.0937 -0.051386 -1.036253 11.63 
1.8150 2 1 1 0x0 3.9486 4.0514 3.95 4.05 1.0089 0.9657 0.0005 0.0005 1.3903 -0.0939 -0.051386 -1.036922 11.63 
1.8190 2 1 1 0x0 3.9486 4.0514 3.95 4.05 0.8927 0.9083 0.0005 0.0005 1.3939 -0.0941 -0.051386 -1.034861 11.64 
1.8230 2 1 1 0x0 3.9486 4.0514 3.95 4.05 1.0025 0.9824 0.0006 0.0005 1.3976 -0.0942 -0.051386 -1.033272 11.63 
1.8270 2 1 1 0x0 3.9486 4.0514 3.95 4.05 0.8247 0.7828 0.0006 0.0004 1.4012 -0.0944 -0.051386 -1.033651 11.64 
1.8310 2 1 1 0x0 3.9486 4.0514 3.95 4.05 1.0023 0.9979 0.0006 0.0004 1.4049 -0.0946 -0.051386 -1.036203 11.63 
1.8350 2 1 1 0x0 3.9486 4.0514 3.95 4.05 0.8500 0.8839 0.0006 0.0006 1.4085 -0.0948 -0.051386 -1.036398 11.64 
1.8390 2 1 1 0x0 3.9459 4.0541 3.95 4.05 0.8030 1.0834 0.0003 0.0007 1.4124 -0.0950 -0.054091 -1.042390 11.63 
1.8430 2 1 1 0x0 3.9486 4.0514 3.95 4.05 1.0334 1.0667 0.0003 0.0003 1.4162 -0.0952 -0.051386 -1.045681 11.63 
1.8470 2 1 1 0x0 3.9486 4.0514 3.95 4.05 0.8687 0.9427 0.0003 0.0004 1.4198 -0.0954 -0.051386 -1.044690 11.63 
1.8510 2 1 1 0x0 3.9513 4.0487 3.95 4.05 0.8476 1.0787 0.0006 0.0005 1.4233 -0.0956 -0.048682 -1.048823 11.63 
1.8550 2 1 1 0x0 3.9513 4.0487 3.95 4.05 1.0119 0.7696 0.0005 0.0006 1.4269 -0.0958 -0.048682 -1.045230 11.62 
1.8590 2 1 1 0x0 3.9513 4.0487 3.95 4.05 0.7679 0.9609 0.0004 0.0004 1.4306 -0.0959 -0.048682 -1.039582 11.63 
1.8630 2 1 1 0x0 3.9486 4.0514 3.95 4.05 1.0449 0.9320 0.0002 0.0006 1.4340 -0.0961 -0.051386 -1.039096 11.63 
1.8670 2 1 1 0x0 3.9513 4.0487 3.95 4.05 0.9985 0.8822 0.0006 0.0004 1.4375 -0.0963 -0.048682 -1.041019 11.62 
1.8710 2 1 1 0x0 3.9513 4.0487 3.95 4.05 0.8961 1.0177 0.0005 0.0004 1.4411 -0.0965 -0.048682 -1.046213 11.62 
1.8750 2 1 1 0x0 3.9513 4.0487 3.95 4.05 1.0017 0.8018 0.0006 0.0003 1.4448 -0.0966 -0.048682 -1.053265 11.64 
1.8790 2 1 1 0x0 3.9513 4.0487 3.95 4.05 0.7855 0.9699 0.0006 0.0003 1.4484 -0.0968 -0.048682 -1.058046 11.63 
1.8830 2 1 1 0x0 3.9513 4.0487 3.95 4.05 1.0631 0.9047 0.0006 0.0003 1.4521 -0.0970 -0.048682 -1.062811 11.63 
1.8870 2 1 1 0x0 3.9486 4.0514 3.95 4.05 1.0318 1.0526 0.0003 0.0003 1.4559 -0.0972 -0.051386 -1.063325 11.64 
1.8910 2 1 1 0x0 3.9486 4.0514 3.95 4.05 0.8112 0.7826 0.0003 0.0004 1.4596 -0.0974 -0.051386 -1.059125 11.63 
1.8950 2 1 1 0x0 3.9486 4.0514 3.95 4.05 0.9642 0.9967 0.0003 0.0005 1.4632 -0.0976 -0.051386 -1.054496 11.63 
1.8990 2 1 1 0x0 3.9486 4.0514 3.95 4.05 0.8719 0.8849 0.0003 0.0005 1.4668 -0.0978 -0.051386 -1.054612 11.62 
1.9030 2 1 1 0x0 3.9486 4.0514 3.95 4.05 1.0369 1.0816 0.0002 0.0006 1.4705 -0.0979 -0.051386 -1.062104 11.63 
1.9070 2 1 1 0x0 3.9513 4.0487 3.95 4.05 0.8058 0.9923 0.0003 0.0003 1.4743 -0.0981 -0.048682 -1.064040 11.63 
1.9110 2 1 1 0x0 3.9513 4.0487 3.95 4.05 1.0333 0.8899 0.0003 0.0004 1.4780 -0.0983 -0.048682 -1.063941 11.63 
1.9150 2 1 1 0x0 3.9513 4.0487 3.95 4.05 0.9333 1.0713 0.0003 0.0006 1.4816 -0.0985 -0.048682 -1.064815 11.64 
1.9190 2 1 1 0x0 3.9513 4.0487 3.95 4.05 1.0190 0.8162 0.0004 0.0006 1.4853 -0.0987 -0.048682 -1.065106 11.64 
1.9230 2 1 1 0x0 3.9540 4.0460 3.95 4.05 0.8192 0.8967 0.0004 0.0003 1.4891 -0.0988 -0.045977 -1.069609 11.63 
1.9270 2 1 1 0x0 3.9540 4.0460 3.95 4.05 1.0073 0.9934 0.0005 0.0003 1.4928 -0.0990 -0.045977 -1.073536 11.64 
1.9310 2 1 1 0x0 3.9540 4.0460 3.95 4.05 0.8470 0.7756 0.0005 0.0003 1.4964 -0.0992 -0.045977 -1.071934 11.63 
1.9350 2 1 1 0x0 3.9540 4.0460 3.95 4.05 0.9408 1.0126 0.0005 0.0002 1.5001 -0.0993 -0.045977 -1.069620 11.64 
1.9390 2 1 1 0x0 3.9513 4.0487 3.95 4.05 0.7355 0.9773 0.0004 0.0006 1.5035 -0.0995 -0.048682 -1.068287 11.63 
1.9430 2 1 1 0x0 3.9513 4.0487 3.95 4.05 0.9563 0.9002 0.0003 0.0006 1.5072 -0.0997 -0.048682 -1.067989 11.63 
1.9470 2 1 1 0x0 3.9513 4.0487 3.95 4.05 0.8333 1.0614 0.0003 0.0006 1.5108 -0.0999 -0.048682 -1.067456 11.64 
1.9510 2 1 1 0x0 3.9513 4.0487 3.95 4.05 1.0128 0.7772 0.0004 0.0006 1.5145 -0.1000 -0.048682 -1.064759 11.62 
1.9550 2 1 1 0x0 3.9513 4.0487 3.95 4.05 0.7371 0.9463 0.0004 0.0005 1.5181 -0.1002 -0.048682 -1.061903 11.63 
1.9590 2 1 1 0x0 3.9513 4.0487 3.95 4.05 1.0124 0.9252 0.0004 0.0003 1.5218 -0.1004 -0.048682 -1.059182 11.63 
1.9630 2 1 1 0x0 3.9513 4.0487 3.95 4.05 0.8919 1.0301 0.0004 0.0003 1.5254 -0.1006 -0.048682 -1.058021 11.63 
1.9670 2 1 1 0x0 3.9513 4.0487 3.95 4.05 1.0040 0.7940 0.0005 0.0003 1.5290 -0.1007 -0.048682 -1.056130 11.63 
1.9710 2 1 1 0x0 3.9513 4.0487 3.95 4.05 0.8260 0.9802 0.0005 0.0003 1.5327 -0.1009 -0.048682 -1.056144 11.63 
1.9750 2 1 1 0x0 3.9513 4.0487 3.95 4.05 1.0754 0.8984 0.0005 0.0004 1.5363 -0.1011 -0.048682 -1.059272 11.64 
1.9790 2 1 1 0x0 3.9513 4.0487 3.95 4.05 0.9045 1.0618 0.0006 0.0005 1.5400 -0.1013 -0.048682 -1.058935 11.63 
1.9830 2 1 1 0x0 3.9513 4.0487 3.95 4.05 1.0533 0.7775 0.0007 0.0005 1.5436 -0.1015 -0.048682 -1.057342 11.64 
1.9870 2 1 1 0x0 3.9486 4.0514 3.95 4.05 1.0278 1.0744 0.0003 0.0006 1.5475 -0.1017 -0.051386 -1.058248 11.64 
1.9910 2 1 1 0x0 3.9513 4.0487 3.95 4.05 0.8373 1.0541 0.0004 0.0003 1.5513 -0.1018 -0.048682 -1.058676 11.63 
1.9950 2 1 1 0x0 3.9513 4.0487 3.95 4.05 1.0763 0.8255 0.0005 0.0004 1.5550 -0.1020 -0.048682 -1.058747 11.64 
1.9990 2 1 1 0x0 3.9513 4.0487 3.95 4.05 0.7393 1.0008 0.0004 0.0003 1.5586 -0.1022 -0.048682 -1.056379 11.63 
2.0030 2 1 1 0x0 3.9513 4.0487 3.95 4.05 0.9589 0.9346 0.0003 0.0003 1.5623 -0.1024 -0.048682 -1.053830 11.63 
2.0070 2 1 1 0x0 3.9540 4.0460 3.95 4.05 0.9823 1.0195 0.0007 0.0002 1.5657 -0.1026 -0.045977 -1.050762 11.63 
2.0110 2 1 1 0x0 3.9513 4.0487 3.95 4.05 0.8551 0.9815 0.0006 0.0006 1.5692 -0.1027 -0.048682 -1.051188 11.63 
2.0150 2 1 1 0x0 3.9513 4.0487 3.95 4.05 0.9892 0.7808 0.0006 0.0005 1.5728 -0.1029 -0.048682 -1.050004 11.63 
2.0190 2 1 1 0x0 3.9513 4.0487 3.95 4.05 0.7908 1.0052 0.0006 0.0003 1.5765 -0.1031 -0.048682 -1.050172 11.63 
2.0230 2 1 1 0x0 3.9513 4.0487 3.95 4.05 1.0589 0.8749 0.0006 0.0003 1.5801 -0.1033 -0.048682 -1.049889 11.63 
2.0270 2 1 1 0x0 3.9486 4.0514 3.95 4.05 1.0291 0.9582 0.0002 0.0003 1.5839 -0.1035 -0.051386 -1.053221 11.64 
2.0310 2 1 1 0x0 3.9486 4.0514 3.95 4.05 0.8129 0.8450 0.0003 0.0003 1.5876 -0.1036 -0.051386 -1.059188 11.63 
2.0350 2 1 1 0x0 3.9486 4.0514 3.95 4.05 1.0102 1.0389 0.0004 0.0003 1.5912 -0.1038 -0.051386 -1.058799 11.63 
2.0390 2 1 1 0x0 3.9486 4.0514 3.95 4.05 0.8997 0.8517 0.0005 0.0003 1.5949 -0.1040 -0.051386 -1.053745 11.64 
2.0430 2 1 1 0x0 3.9459 4.0541 3.95 4.05 1.0590 0.8776 0.0006 0.0005 1.5983 -0.1042 -0.054091 -1.052284 11.63 
2.0470 2 1 1 0x0 3.9459 4.0541 3.95 4.05 0.7950 1.0245 0.0006 0.0004 1.6020 -0.1044 -0.054091 -1.052697 11.63 
2.0510 2 1 1 0x0 3.9432 4.0568 3.94 4.06 0.9305 0.7964 0.0002 0.0003 1.6058 -0.1046 -0.056795 -1.051759 11.64 
2.0550 2 1 1 0x0 3.9432 4.0568 3.94 4.06 1.0211 0.9789 0.0003 0.0002 1.6095 -0.1048 -0.056795 -1.059558 11.64 
2.0590 2 1 1 0x0 3.9405 4.0595 3.94 4.06 0.8093 1.0090 0.0003 0.0006 1.6129 -0.1050 -0.059500 -1.063106 11.63 
2.0630 2 1 1 0x0 3.9432 4.0568 3.94 4.06 1.0303 0.9945 0.0002 0.0002 1.6168 -0.1053 -0.056795 -1.059453 11.63 
2.0670 2 1 1 0x0 3.9459 4.0541 3.95 4.05 0.9831 0.7758 0.0006 0.0003 1.6202 -0.1054 -0.054091 -1.052374 11.63 
2.0710 2 1 1 0x0 3.9459 4.0541 3.95 4.05 0.9033 1.0088 0.0005 0.0003 1.6238 -0.1057 -0.054091 -1.049727 11.63 
2.0750 2 1 1 0x0 3.9459 4.0541 3.95 4.05 1.0054 0.8734 0.0004 0.0002 1.6275 -0.1059 -0.054091 -1.046807 11.63 
2.0790 2 1 1 0x0 3.9459 4.0541 3.95 4.05 0.7732 1.0264 0.0003 0.0002 1.6311 -0.1061 -0.054091 -1.047381 11.63 
2.0830 2 1 1 0x0 3.9459 4.0541 3.95 4.05 1.0299 0.7985 0.0003 0.0003 1.6348 -0.1063 -0.054091 -1.049235 11.64 
2.0870 2 1 1 0x0 3.9459 4.0541 3.95 4.05 0.8744 0.9710 0.0002 0.0003 1.6384 -0.1064 -0.054091 -1.051422 11.63 
2.0910 2 1 1 0x0 3.9459 4.0541 3.95 4.05 1.0279 0.9079 0.0003 0.0004 1.6421 -0.1066 -0.054091 -1.051217 11.65 
2.0950 2 1 1 0x0 3.9459 4.0541 3.95 4.05 0.7673 1.0488 0.0003 0.0005 1.6457 -0.1068 -0.054091 -1.050774 11.63 
2.0990 2 1 1 0x0 3.9459 4.0541 3.95 4.05 1.0995 0.8291 0.0003 0.0005 1.6494 -0.1070 -0.054091 -1.049611 11.63 
2.1030 2 1 1 0x0 3.9459 4.0541 3.95 4.05 0.8887 0.9945 0.0004 0.0004 1.6530 -0.1072 -0.054091 -1.050326 11.64 
2.1070 2 1 1 0x0 3.9459 4.0541 3.95 4.05 1.0758 0.8360 0.0005 0.0004 1.6567 -0.1074 -0.054091 -1.055002 11.63 
2.1110 2 1 1 0x0 3.9459 4.0541 3.95 4.05 0.7467 1.0117 0.0006 0.0004 1.6603 -0.1076 -0.054091 -1.054663 11.63 
2.1150 2 1 1 0x0 3.9432 4.0568 3.94 4.06 0.9945 0.9755 0.0006 0.0007 1.6637 -0.1078 -0.056795 -1.052513 11.63 
2.1190 2 1 1 0x0 3.9432 4.0568 3.94 4.06 0.8503 0.7859 0.0006 0.0006 1.6674 -0.1080 -0.056795 -1.049667 11.63 
2.1230 2 1 1 0x0 3.9432 4.0568 3.94 4.06 1.0001 0.9941 0.0005 0.0005 1.6710 -0.1082 -0.056795 -1.049146 11.63 
2.1270 2 1 1 0x0 3.9432 4.0568 3.94 4.06 0.7817 0.8869 0.0005 0.0006 1.6747 -0.1084 -0.056795 -1.049614 11.63 
2.1310 2 1 1 0x0 3.9432 4.0568 3.94 4.06 1.0071 1.0057 0.0005 0.0006 1.6783 -0.1086 -0.056795 -1.050544 11.64 
2.1350 2 1 1 0x0 3.9432 4.0568 3.94 4.06 0.8991 0.7694 0.0006 0.0006 1.6820 -0.1088 -0.056795 -1.052298 11.63 
2.1390 2 1 1 0x0 3.9459 4.0541 3.95 4.05 1.0662 0.8913 0.0006 0.0003 1.6858 -0.1091 -0.054091 -1.051571 11.65 
2.1430 2 1 1 0x0 3.9432 4.0568 3.94 4.06 1.0458 1.0705 0.0002 0.0004 1.6897 -0.1093 -0.056795 -1.050620 11.63 
2.1470 2 1 1 0x0 3.9432 4.0568 3.94 4.06 0.8210 0.8165 0.0003 0.0004 1.6933 -0.1095 -0.056795 -1.049025 11.63 
2.1510 2 1 1 0x0 3.9432 4.0568 3.94 4.06 1.0301 1.0125 0.0003 0.0004 1.6970 -0.1097 -0.056795 -1.045575 11.64 
2.1550 2 1 1 0x0 3.9432 4.0568 3.94 4.06 0.7679 0.8716 0.0004 0.0004 1.7006 -0.1099 -0.056795 -1.044573 11.63 
2.1590 2 1 1 0x0 3.9432 4.0568 3.94 4.06 1.0280 0.9638 0.0004 0.0003 1.7043 -0.1101 -0.056795 -1.042230 11.63 
2.1630 2 1 1 0x0 3.9405 4.0595 3.94 4.06 0.8754 0.9948 0.0004 0.0007 1.7077 -0.1103 -0.059500 -1.039548 11.63 
2.1670 2 1 1 0x0 3.9405 4.0595 3.94 4.06 1.0289 0.7746 0.0004 0.0006 1.7113 -0.1105 -0.059500 -1.038738 11.63 
2.1710 2 1 1 0x0 3.9405 4.0595 3.94 4.06 0.8117 1.0126 0.0004 0.0006 1.7150 -0.1107 -0.059500 -1.040115 11.63 
2.1750 2 1 1 0x0 3.9405 4.0595 3.94 4.06 1.0198 0.9264 0.0005 0.0006 1.7186 -0.1109 -0.059500 -1.040177 11.63 
2.1790 2 1 1 0x0 3.9405 4.0595 3.94 4.06 0.8891 1.0249 0.0005 0.0006 1.7223 -0.1112 -0.059500 -1.039784 11.63 
2.1830 2 1 1 0x0 3.9432 4.0568 3.94 4.06 1.0004 1.0086 0.0006 0.0002 1.7261 -0.1114 -0.056795 -1.042838 11.63 
2.1870 2 1 1 0x0 3.9405 4.0595 3.94 4.06 1.0498 0.8759 0.0002 0.0003 1.7300 -0.1116 -0.059500 -1.042491 11.63 
2.1910 2 1 1 0x0 3.9405 4.0595 3.94 4.06 0.8710 0.9579 0.0003 0.0002 1.7336 -0.1118 -0.059500 -1.041232 11.63 
2.1950 2 1 1 0x0 3.9378 4.0622 3.94 4.06 1.0257 0.9899 0.0004 0.0005 1.7371 -0.1120 -0.062204 -1.043380 11.63 
2.1990 2 1 1 0x0 3.9378 4.0622 3.94 4.06 0.8129 0.7359 0.0005 0.0003 1.7407 -0.1123 -0.062204 -1.043899 11.62 
2.2030 2 1 1 0x0 3.9351 4.0649 3.94 4.06 1.0228 0.7546 0.0005 0.0006 1.7441 -0.1125 -0.064909 -1.043001 11.63 
2.2070 2 1 1 0x0 3.9351 4.0649 3.94 4.06 0.9363 0.9818 0.0005 0.0005 1.7478 -0.1127 -0.064909 -1.048917 11.63 
2.2110 2 1 1 0x0 3.9351 4.0649 3.94 4.06 1.0223 0.8958 0.0005 0.0005 1.7514 -0.1130 -0.064909 -1.055202 11.63 
2.2150 2 1 1 0x0 3.9351 4.0649 3.94 4.06 0.8113 0.9964 0.0005 0.0005 1.7551 -0.1132 -0.064909 -1.054099 11.63 
2.2190 2 1 1 0x0 3.9351 4.0649 3.94 4.06 1.0299 0.7748 0.0005 0.0005 1.7587 -0.1134 -0.064909 -1.048696 11.63 
2.2230 2 1 1 0x0 3.9351 4.0649 3.94 4.06 0.8752 0.9478 0.0005 0.0004 1.7624 -0.1137 -0.064909 -1.046584 11.63 
2.2270 2 1 1 0x0 3.9351 4.0649 3.94 4.06 1.0264 0.9252 0.0006 0.0004 1.7660 -0.1139 -0.064909 -1.048123 11.63 
2.2310 2 1 1 0x0 3.9351 4.0649 3.94 4.06 0.7655 1.0270 0.0005 0.0004 1.7696 -0.1141 -0.064909 -1.049435 11.64 
2.2350 2 1 1 0x0 3.9351 4.0649 3.94 4.06 1.0333 0.7578 0.0005 0.0005 1.7733 -0.1144 -0.064909 -1.054586 11.63 
2.2390 2 1 1 0x0 3.9351 4.0649 3.94 4.06 0.8283 1.0403 0.0006 0.0005 1.7769 -0.1146 -0.064909 -1.061491 11.63 
2.2430 2 1 1 0x0 3.9378 4.0622 3.94 4.06 1.0242 1.0210 0.0006 0.0002 1.7808 -0.1149 -0.062204 -1.061983 11.63 
2.2470 2 1 1 0x0 3.9378 4.0622 3.94 4.06 0.7289 0.8014 0.0006 0.0003 1.7844 -0.1151 -0.062204 -1.061253 11.63 
2.2510 2 1 1 0x0 3.9351 4.0649 3.94 4.06 0.9781 0.7821 0.0005 0.0007 1.7879 -0.1153 -0.064909 -1.057204 11.61 
2.2550 2 1 1 0x0 3.9351 4.0649 3.94 4.06 0.8017 0.9418 0.0003 0.0005 1.7915 -0.1156 -0.064909 -1.053155 11.62 
2.2590 2 1 1 0x0 3.9378 4.0622 3.94 4.06 0.8239 0.9292 0.0006 0.0003 1.7949 -0.1158 -0.062204 -1.051216 11.63 
2.2630 2 1 1 0x0 3.9378 4.0622 3.94 4.06 0.9813 1.0243 0.0004 0.0003 1.7986 -0.1160 -0.062204 -1.051216 11.63 
2.2670 2 1 1 0x0 3.9378 4.0622 3.94 4.06 0.7461 0.8439 0.0003 0.0003 1.8022 -0.1162 -0.062204 -1.053609 11.63 
2.2710 2 1 1 0x0 3.9378 4.0622 3.94 4.06 1.0814 0.9726 0.0002 0.0003 1.8059 -0.1165 -0.062204 -1.053677 11.63 
2.2750 2 1 1 0x0 3.9378 4.0622 3.94 4.06 0.8908 0.9052 0.0002 0.0003 1.8095 -0.1167 -0.062204 -1.055177 11.63 
2.2790 2 1 1 0x0 3.9378 4.0622 3.94 4.06 1.0067 1.0525 0.0003 0.0004 1.8132 -0.1169 -0.062204 -1.055088 11.63 
2.2830 2 1 1 0x0 3.9378 4.0622 3.94 4.06 0.8227 0.7842 0.0003 0.0005 1.8168 -0.1171 -0.062204 -1.054968 11.63 
2.2870 2 1 1 0x0 3.9378 4.0622 3.94 4.06 1.0063 0.9935 0.0003 0.0006 1.8205 -0.1174 -0.062204 -1.058742 11.63 
2.2910 2 1 1 0x0 3.9405 4.0595 3.94 4.06 0.9007 1.0467 0.0004 0.0003 1.8243 -0.1176 -0.059500 -1.062070 11.63 
2.2950 2 1 1 0x0 3.9378 4.0622 3.94 4.06 1.0563 1.0089 0.0005 0.0007 1.8277 -0.1178 -0.062204 -1.058828 11.63 
2.2990 2 1 1 0x0 3.9378 4.0622 3.94 4.06 0.7902 0.7277 0.0005 0.0005 1.8314 -0.1180 -0.062204 -1.055453 11.63 
2.3030 2 1 1 0x0 3.9378 4.0622 3.94 4.06 0.9978 1.0332 0.0004 0.0003 1.8350 -0.1183 -0.062204 -1.052925 11.63 
2.3070 2 1 1 0x0 3.9378 4.0622 3.94 4.06 0.8918 0.8545 0.0003 0.0003 1.8387 -0.1185 -0.062204 -1.052321 11.64 
2.3110 2 1 1 0x0 3.9378 4.0622 3.94 4.06 1.0115 0.9849 0.0002 0.0002 1.8423 -0.1187 -0.062204 -1.052245 11.64 
2.3150 2 1 1 0x0 3.9378 4.0622 3.94 4.06 0.9642 1.0147 0.0006 0.0007 1.8456 -0.1189 -0.062204 -1.052677 11.63 
2.3190 2 1 1 0x0 3.9405 4.0595 3.94 4.06 0.8049 1.0009 0.0006 0.0002 1.8494 -0.1192 -0.059500 -1.053261 11.64 
2.3230 2 1 1 0x0 3.9405 4.0595 3.94 4.06 0.9661 0.8813 0.0006 0.0003 1.8531 -0.1194 -0.059500 -1.053049 11.64 
2.3270 2 1 1 0x0 3.9405 4.0595 3.94 4.06 0.9303 1.0141 0.0006 0.0004 1.8567 -0.1196 -0.059500 -1.053985 11.63 
2.3310 2 1 1 0x0 3.9405 4.0595 3.94 4.06 1.0204 0.7647 0.0006 0.0005 1.8603 -0.1198 -0.059500 -1.052712 11.64 
2.3350 2 1 1 0x0 3.9378 4.0622 3.94 4.06 1.0038 1.0244 0.0002 0.0006 1.8642 -0.1201 -0.062204 -1.053227 11.63 
2.3390 2 1 1 0x0 3.9405 4.0595 3.94 4.06 0.8478 1.0058 0.0003 0.0002 1.8680 -0.1203 -0.059500 -1.051310 11.64 
2.3430 2 1 1 0x0 3.9378 4.0622 3.94 4.06 1.0625 0.9706 0.0003 0.0005 1.8715 -0.1205 -0.062204 -1.047852 11.63 
2.3470 2 1 1 0x0 3.9378 4.0622 3.94 4.06 0.7923 0.7491 0.0004 0.0004 1.8751 -0.1207 -0.062204 -1.044650 11.63 
2.3510 2 1 1 0x0 3.9378 4.0622 3.94 4.06 0.9808 0.9911 0.0004 0.0003 1.8788 -0.1210 -0.062204 -1.044292 11.64 
2.3550 2 1 1 0x0 3.9378 4.0622 3.94 4.06 0.9213 0.8872 0.0005 0.0003 1.8824 -0.1212 -0.062204 -1.042778 11.63 
2.3590 2 1 1 0x0 3.9378 4.0622 3.94 4.06 1.0309 1.0070 0.0006 0.0003 1.8861 -0.1214 -0.062204 -1.041839 11.64 
2.3630 2 1 1 0x0 3.9351 4.0649 3.94 4.06 1.0822 0.8116 0.0002 0.0004 1.8899 -0.1217 -0.064909 -1.045083 11.63 
2.3670 2 1 1 0x0 3.9351 4.0649 3.94 4.06 0.8488 1.0183 0.0003 0.0004 1.8935 -0.1219 -0.064909 -1.048486 11.63 
2.3710 2 1 1 0x0 3.9351 4.0649 3.94 4.06 1.0600 0.9240 0.0003 0.0005 1.8972 -0.1221 -0.064909 -1.046423 11.64 
2.3750 2 1 1 0x0 3.9351 4.0649 3.94 4.06 0.7942 0.9624 0.0004 0.0006 1.9008 -0.1224 -0.064909 -1.047151 11.63 
2.3790 2 1 1 0x0 3.9351 4.0649 3.94 4.06 1.0484 0.7540 0.0004 0.0005 1.9045 -0.1226 -0.064909 -1.049596 11.62 
2.3830 2 1 1 0x0 3.9351 4.0649 3.94 4.06 0.9248 0.9850 0.0005 0.0003 1.9081 -0.1228 -0.064909 -1.047900 11.63 
2.3870 2 1 1 0x0 3.9324 4.0676 3.93 4.07 1.0357 1.0165 0.0005 0.0006 1.9116 -0.1231 -0.067613 -1.051730 11.63 
2.3910 2 1 1 0x0 3.9324 4.0676 3.93 4.07 0.7983 0.9206 0.0004 0.0006 1.9152 -0.1233 -0.067613 -1.059323 11.62 
2.3950 2 1 1 0x0 3.9324 4.0676 3.93 4.07 0.9885 0.9682 0.0003 0.0005 1.9188 -0.1236 -0.067613 -1.057895 11.63 
2.3990 2 1 1 0x0 3.9324 4.0676 3.93 4.07 0.8515 0.7905 0.0003 0.0004 1.9225 -0.1238 -0.067613 -1.052934 11.63 
2.4030 2 1 1 0x0 3.9324 4.0676 3.93 4.07 0.9960 0.9886 0.0002 0.0003 1.9261 -0.1240 -0.067613 -1.048952 11.63 
2.4070 2 1 1 0x0 3.9351 4.0649 3.94 4.06 0.9536 0.8879 0.0006 0.0002 1.9296 -0.1243 -0.064909 -1.048748 11.63 
2.4110 2 1 1 0x0 3.9351 4.0649 3.94 4.06 0.7684 0.9168 0.0005 0.0006 1.9332 -0.1245 -0.064909 -1.050443 11.63 
2.4150 2 1 1 0x0 3.9324 4.0676 3.93 4.07 1.0307 1.0377 0.0005 0.0006 1.9367 -0.1247 -0.067613 -1.053737 11.63 
2.4190 2 1 1 0x0 3.9351 4.0649 3.94 4.06 0.8731 1.0216 0.0005 0.0002 1.9405 -0.1250 -0.064909 -1.063714 11.64 
2.4230 2 1 1 0x0 3.9351 4.0649 3.94 4.06 1.0293 0.9207 0.0005 0.0003 1.9441 -0.1252 -0.064909 -1.067527 11.63 
2.4270 2 1 1 0x0 3.9351 4.0649 3.94 4.06 0.7663 1.0296 0.0005 0.0005 1.9478 -0.1255 -0.064909 -1.072025 11.63 
2.4310 2 1 1 0x0 3.9351 4.0649 3.94 4.06 1.0290 0.7978 0.0006 0.0006 1.9514 -0.1257 -0.064909 -1.071449 11.63 
2.4350 2 1 1 0x0 3.9351 4.0649 3.94 4.06 0.8803 0.9760 0.0006 0.0005 1.9551 -0.1260 -0.064909 -1.066466 11.62 
2.4390 2 1 1 0x0 3.9351 4.0649 3.94 4.06 0.9595 0.8956 0.0006 0.0003 1.9587 -0.1262 -0.064909 -1.061548 11.63 
2.4430 2 1 1 0x0 3.9324 4.0676 3.93 4.07 0.7218 0.8689 0.0005 0.0005 1.9622 -0.1264 -0.067613 -1.060585 11.62 
2.4470 2 1 1 0x0 3.9324 4.0676 3.93 4.07 0.9888 0.9684 0.0004 0.0004 1.9658 -0.1267 -0.067613 -1.067437 11.63 
2.4510 2 1 1 0x0 3.9324 4.0676 3.93 4.07 0.8508 0.7147 0.0004 0.0003 1.9694 -0.1269 -0.067613 -1.066507 11.62 
2.4550 2 1 1 0x0 3.9324 4.0676 3.93 4.07 1.0005 0.9871 0.0003 0.0003 1.9731 -0.1272 -0.067613 -1.067383 11.63 
2.4590 2 1 1 0x0 3.9324 4.0676 3.93 4.07 0.8266 0.8928 0.0003 0.0003 1.9767 -0.1274 -0.067613 -1.068520 11.63 
2.4630 2 1 1 0x0 3.9324 4.0676 3.93 4.07 1.0075 1.0694 0.0003 0.0005 1.9804 -0.1277 -0.067613 -1.068442 11.64 
2.4670 2 1 1 0x0 3.9324 4.0676 3.93 4.07 0.8943 0.7754 0.0003 0.0005 1.9840 -0.1279 -0.067613 -1.072134 11.63 
2.4710 2 1 1 0x0 3.9324 4.0676 3.93 4.07 1.0725 1.0081 0.0004 0.0006 1.9877 -0.1282 -0.067613 -1.076520 11.63 
2.4750 2 1 1 0x0 3.9351 4.0649 3.94 4.06 0.7837 1.0597 0.0004 0.0004 1.9915 -0.1284 -0.064909 -1.073948 11.63 
2.4790 2 1 1 0x0 3.9351 4.0649 3.94 4.06 1.0014 0.8228 0.0004 0.0005 1.9951 -0.1286 -0.064909 -1.070646 11.64 
2.4830 2 1 1 0x0 3.9351 4.0649 3.94 4.06 0.8328 1.0006 0.0002 0.0006 1.9988 -0.1289 -0.064909 -1.066276 11.63 
2.4870 2 1 1 0x0 3.9405 4.0595 3.94 4.06 0.8556 1.0574 0.0005 0.0002 2.0024 -0.1291 -0.059500 -1.063893 11.63 
2.4910 2 1 1 0x0 3.9378 4.0622 3.94 4.06 0.9411 1.0189 0.0004 0.0006 2.0059 -0.1293 -0.062204 -1.062134 11.63 
2.4950 2 1 1 0x0 3.9378 4.0622 3.94 4.06 0.8122 0.7610 0.0003 0.0006 2.0095 -0.1295 -0.062204 -1.061648 11.63 
2.4990 2 1 1 0x0 3.9405 4.0595 3.94 4.06 0.7550 1.0355 0.0006 0.0007 2.0130 -0.1297 -0.059500 -1.061358 11.63 
2.5030 2 1 1 0x0 3.9432 4.0568 3.94 4.06 1.0635 1.0189 0.0006 0.0003 2.0168 -0.1300 -0.056795 -1.060837 11.63 
2.5070 2 1 1 0x0 3.9432 4.0568 3.94 4.06 0.9027 0.7618 0.0006 0.0004 2.0205 -0.1302 -0.056795 -1.062249 11.63 
2.5110 2 1 1 0x0 3.9432 4.0568 3.94 4.06 0.9916 1.0326 0.0006 0.0005 2.0241 -0.1304 -0.056795 -1.062938 11.64 
2.5150 2 1 1 0x0 3.9432 4.0568 3.94 4.06 0.7882 0.9111 0.0006 0.0006 2.0277 -0.1306 -0.056795 -1.062310 11.63 
2.5190 2 1 1 0x0 3.9432 4.0568 3.94 4.06 0.9889 1.0444 0.0006 0.0007 2.0314 -0.1308 -0.056795 -1.067521 11.64 
2.5230 2 1 1 0x0 3.9432 4.0568 3.94 4.06 1.0358 0.9642 0.0003 0.0002 2.0354 -0.1310 -0.056795 -1.066970 11.63 
2.5270 2 1 1 0x0 3.9432 4.0568 3.94 4.06 0.8102 0.9100 0.0003 0.0003 2.0391 -0.1312 -0.056795 -1.063930 11.63 
2.5310 2 1 1 0x0 3.9432 4.0568 3.94 4.06 1.0963 1.0489 0.0004 0.0003 2.0427 -0.1315 -0.056795 -1.062064 11.62 
2.5350 2 1 1 0x0 3.9405 4.0595 3.94 4.06 0.8401 1.0125 0.0005 0.0007 2.0462 -0.1317 -0.059500 -1.061800 11.63 
2.5390 2 1 1 0x0 3.9405 4.0595 3.94 4.06 1.0712 0.7632 0.0006 0.0006 2.0498 -0.1319 -0.059500 -1.059397 11.62 
2.5430 2 1 1 0x0 3.9378 4.0622 3.94 4.06 1.0408 0.9686 0.0002 0.0005 2.0537 -0.1321 -0.062204 -1.058242 11.63 
2.5470 2 1 1 0x0 3.9378 4.0622 3.94 4.06 0.8765 0.9058 0.0003 0.0005 2.0573 -0.1323 -0.062204 -1.062528 11.64 
2.5510 2 1 1 0x0 3.9378 4.0622 3.94 4.06 1.0196 1.0537 0.0004 0.0006 2.0610 -0.1325 -0.062204 -1.059808 11.63 
2.5550 2 1 1 0x0 3.9378 4.0622 3.94 4.06 0.8167 0.7812 0.0004 0.0006 2.0646 -0.1328 -0.062204 -1.059093 11.63 
2.5590 2 1 1 0x0 3.9378 4.0622 3.94 4.06 1.0880 1.0023 0.0004 0.0005 2.0682 -0.1330 -0.062204 -1.063732 11.63 
2.5630 2 1 1 0x0 3.9378 4.0622 3.94 4.06 0.8954 0.8773 0.0005 0.0005 2.0719 -0.1332 -0.062204 -1.062925 11.63 
2.5670 2 1 1 0x0 3.9378 4.0622 3.94 4.06 1.0648 1.0214 0.0006 0.0005 2.0755 -0.1334 -0.062204 -1.065370 11.63 
2.5710 2 1 1 0x0 3.9351 4.0649 3.94 4.06 1.0415 0.7589 0.0002 0.0005 2.0794 -0.1337 -0.064909 -1.075671 11.63 
2.5750 2 1 1 0x0 3.9351 4.0649 3.94 4.06 0.8713 1.0395 0.0002 0.0005 2.0830 -0.1339 -0.064909 -1.077609 11.64 
2.5790 2 1 1 0x0 3.9351 4.0649 3.94 4.06 1.0291 0.8519 0.0003 0.0005 2.0867 -0.1342 -0.064909 -1.074523 11.63 
2.5830 2 1 1 0x0 3.9351 4.0649 3.94 4.06 0.7668 0.9893 0.0003 0.0004 2.0903 -0.1344 -0.064909 -1.070103 11.61 
2.5870 2 1 1 0x0 3.9351 4.0649 3.94 4.06 1.0281 0.7036 0.0003 0.0003 2.0940 -0.1346 -0.064909 -1.069108 11.64 
2.5910 2 1 1 0x0 3.9351 4.0649 3.94 4.06 0.8741 1.0108 0.0003 0.0002 2.0976 -0.1349 -0.064909 -1.068697 11.64 
2.5950 2 1 1 0x0 3.9351 4.0649 3.94 4.06 0.9653 0.9269 0.0003 0.0002 2.1012 -0.1351 -0.064909 -1.070074 11.63 
2.5990 2 1 1 0x0 3.9351 4.0649 3.94 4.06 0.7646 1.0260 0.0003 0.0003 2.1049 -0.1353 -0.064909 -1.079564 11.63 
2.6030 2 1 1 0x0 3.9351 4.0649 3.94 4.06 0.9679 0.7988 0.0003 0.0003 2.1085 -0.1356 -0.064909 -1.083266 11.64 
2.6070 2 1 1 0x0 3.9351 4.0649 3.94 4.06 0.8730 1.0383 0.0003 0.0004 2.1122 -0.1358 -0.064909 -1.078253 11.63 
2.6110 2 1 1 0x0 3.9351 4.0649 3.94 4.06 1.0294 0.9653 0.0003 0.0005 2.1158 -0.1360 -0.064909 -1.074325 11.63 
2.6150 2 1 1 0x0 3.9351 4.0649 3.94 4.06 0.8042 0.9831 0.0003 0.0006 2.1195 -0.1363 -0.064909 -1.072113 11.64 
2.6190 2 1 1 0x0 3.9378 4.0622 3.94 4.06 0.7104 0.8248 0.0006 0.0005 2.1229 -0.1365 -0.062204 -1.069399 11.63 
2.6230 2 1 1 0x0 3.9378 4.0622 3.94 4.06 1.0177 1.0010 0.0004 0.0006 2.1265 -0.1367 -0.062204 -1.069718 11.64 
2.6270 2 1 1 0x0 3.9378 4.0622 3.94 4.06 0.8749 0.9365 0.0003 0.0006 2.1302 -0.1369 -0.062204 -1.074167 11.64 
2.6310 2 1 1 0x0 3.9378 4.0622 3.94 4.06 0.9709 1.0130 0.0003 0.0007 2.1338 -0.1372 -0.062204 -1.075138 11.63 
2.6350 2 1 1 0x0 3.9432 4.0568 3.94 4.06 0.9898 0.9975 0.0007 0.0003 2.1375 -0.1374 -0.056795 -1.073302 11.64 
2.6390 2 1 1 0x0 3.9432 4.0568 3.94 4.06 0.7454 0.8844 0.0006 0.0004 2.1411 -0.1376 -0.056795 -1.070867 11.64 
2.6430 2 1 1 0x0 3.9432 4.0568 3.94 4.06 1.0099 1.0105 0.0005 0.0004 2.1448 -0.1378 -0.056795 -1.069038 11.63 
2.6470 2 1 1 0x0 3.9432 4.0568 3.94 4.06 0.8880 0.7663 0.0005 0.0003 2.1484 -0.1380 -0.056795 -1.068878 11.63 
2.6510 2 1 1 0x0 3.9432 4.0568 3.94 4.06 1.0154 1.0263 0.0005 0.0003 2.1521 -0.1382 -0.056795 -1.074283 11.63 
2.6550 2 1 1 0x0 3.9432 4.0568 3.94 4.06 0.7733 0.8618 0.0005 0.0003 2.1557 -0.1384 -0.056795 -1.075960 11.63 
2.6590 2 1 1 0x0 3.9432 4.0568 3.94 4.06 1.0260 1.0414 0.0004 0.0003 2.1594 -0.1386 -0.056795 -1.074507 11.64 
2.6630 2 1 1 0x0 3.9405 4.0595 3.94 4.06 0.9334 1.0029 0.0004 0.0007 2.1628 -0.1388 -0.059500 -1.071758 11.63 
2.6670 2 1 1 0x0 3.9432 4.0568 3.94 4.06 0.9627 1.0629 0.0004 0.0003 2.1666 -0.1391 -0.056795 -1.070752 11.64 
2.6710 2 1 1 0x0 3.9432 4.0568 3.94 4.06 0.8065 0.8886 0.0004 0.0003 2.1703 -0.1393 -0.056795 -1.070928 11.64 
2.6750 2 1 1 0x0 3.9432 4.0568 3.94 4.06 1.0323 1.0038 0.0004 0.0003 2.1739 -0.1395 -0.056795 -1.070800 11.63 
2.6790 2 1 1 0x0 3.9432 4.0568 3.94 4.06 0.9308 0.8127 0.0004 0.0004 2.1776 -0.1397 -0.056795 -1.070532 11.63 
2.6830 2 1 1 0x0 3.9432 4.0568 3.94 4.06 1.0211 1.0177 0.0005 0.0004 2.1812 -0.1399 -0.056795 -1.068840 11.63 
2.6870 2 1 1 0x0 3.9432 4.0568 3.94 4.06 0.8144 0.9234 0.0005 0.0005 2.1849 -0.1401 -0.056795 -1.067311 11.63 
2.6910 2 1 1 0x0 3.9432 4.0568 3.94 4.06 1.0149 1.0314 0.0006 0.0006 2.1885 -0.1403 -0.056795 -1.065797 11.63 
2.6950 2 1 1 0x0 3.9405 4.0595 3.94 4.06 0.9906 0.7951 0.0002 0.0006 2.1924 -0.1405 -0.059500 -1.063178 11.62 
2.6990 2 1 1 0x0 3.9432 4.0568 3.94 4.06 1.0751 1.0477 0.0007 0.0006 2.1958 -0.1407 -0.056795 -1.062628 11.63 
2.7030 2 1 1 0x0 3.9405 4.0595 3.94 4.06 0.9889 0.8989 0.0002 0.0006 2.1997 -0.1410 -0.059500 -1.061787 11.63 
2.7070 2 1 1 0x0 3.9405 4.0595 3.94 4.06 0.8572 1.0618 0.0003 0.0007 2.2033 -0.1412 -0.059500 -1.060060 11.64 
2.7110 2 1 1 0x0 3.9432 4.0568 3.94 4.06 1.0494 0.9773 0.0003 0.0003 2.2071 -0.1414 -0.056795 -1.059686 11.63 
2.7150 2 1 1 0x0 3.9432 4.0568 3.94 4.06 0.7548 0.9005 0.0003 0.0003 2.2108 -0.1416 -0.056795 -1.061298 11.64 
2.7190 2 1 1 0x0 3.9432 4.0568 3.94 4.06 1.0456 0.9900 0.0004 0.0004 2.2144 -0.1418 -0.056795 -1.062786 11.63 
2.7230 2 1 1 0x0 3.9432 4.0568 3.94 4.06 0.8677 0.7775 0.0005 0.0004 2.2181 -0.1420 -0.056795 -1.062135 11.63 
2.7270 2 1 1 0x0 3.9432 4.0568 3.94 4.06 0.9673 1.0081 0.0005 0.0003 2.2217 -0.1422 -0.056795 -1.063357 11.62 
2.7310 2 1 1 0x0 3.9432 4.0568 3.94 4.06 0.7595 0.8749 0.0005 0.0003 2.2254 -0.1424 -0.056795 -1.060896 11.63 
2.7350 2 1 1 0x0 3.9432 4.0568 3.94 4.06 0.9821 1.0262 0.0004 0.0002 2.2290 -0.1426 -0.056795 -1.058518 11.63 
2.7390 2 1 1 0x0 3.9405 4.0595 3.94 4.06 0.8603 0.9922 0.0004 0.0005 2.2325 -0.1428 -0.059500 -1.061464 11.62 
2.7430 2 1 1 0x0 3.9405 4.0595 3.94 4.06 1.0534 0.7008 0.0004 0.0003 2.2361 -0.1431 -0.059500 -1.061319 11.63 
2.7470 2 1 1 0x0 3.9378 4.0622 3.94 4.06 0.7946 0.7542 0.0005 0.0007 2.2395 -0.1433 -0.062204 -1.059994 11.63 
2.7510 2 1 1 0x0 3.9378 4.0622 3.94 4.06 1.0525 0.9824 0.0005 0.0005 2.2432 -0.1435 -0.062204 -1.059955 11.63 
2.7550 2 1 1 0x0 3.9378 4.0622 3.94 4.06 0.9169 0.8958 0.0005 0.0006 2.2468 -0.1437 -0.062204 -1.066309 11.63 
2.7590 2 1 1 0x0 3.9378 4.0622 3.94 4.06 1.0410 0.9956 0.0006 0.0006 2.2505 -0.1440 -0.062204 -1.065629 11.63 
2.7630 2 1 1 0x0 3.9378 4.0622 3.94 4.06 0.8029 0.7367 0.0006 0.0006 2.2541 -0.1442 -0.062204 -1.061234 11.63 
2.7670 2 1 1 0x0 3.9378 4.0622 3.94 4.06 1.0375 1.0099 0.0006 0.0006 2.2578 -0.1444 -0.062204 -1.058591 11.64 
2.7710 2 1 1 0x0 3.9378 4.0622 3.94 4.06 0.8671 0.9294 0.0006 0.0006 2.2614 -0.1446 -0.062204 -1.059368 11.63 
2.7750 2 1 1 0x0 3.9378 4.0622 3.94 4.06 1.0368 1.0217 0.0006 0.0006 2.2651 -0.1449 -0.062204 -1.059720 11.64 
2.7790 2 1 1 0x0 3.9405 4.0595 3.94 4.06 0.7607 1.0064 0.0006 0.0002 2.2689 -0.1451 -0.059500 -1.065495 11.63 
2.7830 2 1 1 0x0 3.9405 4.0595 3.94 4.06 0.9702 0.8777 0.0006 0.0003 2.2725 -0.1453 -0.059500 -1.072294 11.63 
2.7870 2 1 1 0x0 3.9378 4.0622 3.94 4.06 1.0175 1.0912 0.0002 0.0004 2.2764 -0.1456 -0.062204 -1.071858 11.64 
2.7910 2 1 1 0x0 3.9405 4.0595 3.94 4.06 1.0346 0.8042 0.0007 0.0004 2.2798 -0.1458 -0.059500 -1.072946 11.64 
2.7950 2 1 1 0x0 3.9405 4.0595 3.94 4.06 0.7200 0.9659 0.0006 0.0004 2.2835 -0.1460 -0.059500 -1.070570 11.63 
2.7990 2 1 1 0x0 3.9405 4.0595 3.94 4.06 0.9366 0.8555 0.0004 0.0003 2.2871 -0.1462 -0.059500 -1.067297 11.63 
2.8030 2 1 1 0x0 3.9405 4.0595 3.94 4.06 0.8339 0.9838 0.0003 0.0002 2.2908 -0.1464 -0.059500 -1.065732 11.64 
2.8070 2 1 1 0x0 3.9405 4.0595 3.94 4.06 0.8143 1.0119 0.0006 0.0007 2.2940 -0.1466 -0.059500 -1.067171 11.63 
2.8110 2 1 1 0x0 3.9432 4.0568 3.94 4.06 0.9926 0.9969 0.0005 0.0002 2.2979 -0.1469 -0.056795 -1.067137 11.63 
2.8150 2 1 1 0x0 3.9432 4.0568 3.94 4.06 0.7441 0.8853 0.0004 0.0003 2.3015 -0.1471 -0.056795 -1.068190 11.63 
2.8190 2 1 1 0x0 3.9432 4.0568 3.94 4.06 1.0059 1.0072 0.0004 0.0004 2.3051 -0.1473 -0.056795 -1.071097 11.63 
2.8230 2 1 1 0x0 3.9432 4.0568 3.94 4.06 0.8939 0.7698 0.0004 0.0004 2.3088 -0.1475 -0.056795 -1.070290 11.63 
2.8270 2 1 1 0x0 3.9432 4.0568 3.94 4.06 1.0721 1.0168 0.0004 0.0005 2.3124 -0.1477 -0.056795 -1.069222 11.64 
2.8310 2 1 1 0x0 3.9459 4.0541 3.95 4.05 0.8303 0.9980 0.0005 0.0002 2.3163 -0.1479 -0.054091 -1.071533 11.63 
2.8350 2 1 1 0x0 3.9459 4.0541 3.95 4.05 0.9949 0.7742 0.0005 0.0003 2.3199 -0.1481 -0.054091 -1.072060 11.63 
2.8390 2 1 1 0x0 3.9432 4.0568 3.94 4.06 0.9057 0.7559 0.0005 0.0007 2.3234 -0.1483 -0.056795 -1.067433 11.64 
2.8430 2 1 1 0x0 3.9432 4.0568 3.94 4.06 0.9993 0.9196 0.0005 0.0005 2.3270 -0.1485 -0.056795 -1.064042 11.64 
2.8470 2 1 1 0x0 3.9432 4.0568 3.94 4.06 0.7728 0.8451 0.0003 0.0004 2.3307 -0.1487 -0.056795 -1.061821 11.63 
2.8510 2 1 1 0x0 3.9459 4.0541 3.95 4.05 0.7580 0.9965 0.0007 0.0004 2.3341 -0.1489 -0.054091 -1.061704 11.63 
2.8550 2 1 1 0x0 3.9459 4.0541 3.95 4.05 0.9915 0.7746 0.0005 0.0004 2.3378 -0.1491 -0.054091 -1.062055 11.64 
2.8590 2 1 1 0x0 3.9459 4.0541 3.95 4.05 0.9037 1.0110 0.0005 0.0003 2.3414 -0.1493 -0.054091 -1.062820 11.63 
2.8630 2 1 1 0x0 3.9459 4.0541 3.95 4.05 0.9969 0.8743 0.0005 0.0004 2.3450 -0.1495 -0.054091 -1.062736 11.64 
2.8670 2 1 1 0x0 3.9459 4.0541 3.95 4.05 0.7840 1.0229 0.0005 0.0005 2.3487 -0.1497 -0.054091 -1.062489 11.65 
2.8710 2 1 1 0x0 3.9459 4.0541 3.95 4.05 0.9999 0.8000 0.0005 0.0005 2.3523 -0.1499 -0.054091 -1.063381 11.64 
2.8750 2 1 1 0x0 3.9459 4.0541 3.95 4.05 0.8989 1.0366 0.0005 0.0006 2.3560 -0.1501 -0.054091 -1.061698 11.64 
2.8790 2 1 1 0x0 3.9486 4.0514 3.95 4.05 1.0624 1.0925 0.0005 0.0003 2.3598 -0.1503 -0.051386 -1.060156 11.63 
2.8830 2 1 1 0x0 3.9486 4.0514 3.95 4.05 0.7904 0.8042 0.0006 0.0004 2.3635 -0.1505 -0.051386 -1.059154 11.64 
2.8870 2 1 1 0x0 3.9486 4.0514 3.95 4.05 1.0550 1.0310 0.0006 0.0004 2.3671 -0.1507 -0.051386 -1.055812 11.63 
2.8910 2 1 1 0x0 3.9459 4.0541 3.95 4.05 1.0333 0.9111 0.0002 0.0004 2.3710 -0.1509 -0.054091 -1.053432 11.63 
2.8950 2 1 1 0x0 3.9459 4.0541 3.95 4.05 0.8117 0.9790 0.0003 0.0004 2.3746 -0.1511 -0.054091 -1.054211 11.64 
2.8990 2 1 1 0x0 3.9459 4.0541 3.95 4.05 1.0203 0.7465 0.0003 0.0004 2.3783 -0.1513 -0.054091 -1.054181 11.63 
2.9030 2 1 1 0x0 3.9459 4.0541 3.95 4.05 0.8905 0.9932 0.0004 0.0004 2.3819 -0.1515 -0.054091 -1.054072 11.63 
2.9070 2 1 1 0x0 3.9459 4.0541 3.95 4.05 1.0712 0.9450 0.0005 0.0005 2.3856 -0.1517 -0.054091 -1.056404 11.63 
2.9110 2 1 1 0x0 3.9459 4.0541 3.95 4.05 0.7880 1.0734 0.0006 0.0006 2.3892 -0.1519 -0.054091 -1.059172 11.63 
2.9150 2 1 1 0x0 3.9459 4.0541 3.95 4.05 0.8726 1.0531 0.0003 0.0003 2.3933 -0.1521 -0.054091 -1.057643 11.63 
2.9190 2 1 1 0x0 3.9459 4.0541 3.95 4.05 1.0223 0.8942 0.0003 0.0003 2.3969 -0.1523 -0.054091 -1.057834 11.64 
2.9230 2 1 1 0x0 3.9432 4.0568 3.94 4.06 0.8190 0.8683 0.0004 0.0006 2.4003 -0.1525 -0.056795 -1.059335 11.64 
2.9270 2 1 1 0x0 3.9432 4.0568 3.94 4.06 1.0122 0.9718 0.0004 0.0004 2.4040 -0.1527 -0.056795 -1.057249 11.63 
2.9310 2 1 1 0x0 3.9405 4.0595 3.94 4.06 0.9389 1.0040 0.0004 0.0007 2.4074 -0.1529 -0.059500 -1.054201 11.63 
2.9350 2 1 1 0x0 3.9405 4.0595 3.94 4.06 0.9655 0.7679 0.0003 0.0006 2.4111 -0.1531 -0.059500 -1.061387 11.63 
2.9390 2 1 1 0x0 3.9432 4.0568 3.94 4.06 0.9929 0.9600 0.0006 0.0005 2.4145 -0.1533 -0.056795 -1.059816 11.62 
2.9430 2 1 1 0x0 3.9432 4.0568 3.94 4.06 0.7782 0.9126 0.0005 0.0004 2.4182 -0.1535 -0.056795 -1.054052 11.62 
2.9470 2 1 1 0x0 3.9432 4.0568 3.94 4.06 1.0237 0.9779 0.0004 0.0004 2.4218 -0.1537 -0.056795 -1.049325 11.63 
2.9510 2 1 1 0x0 3.9405 4.0595 3.94 4.06 0.9259 1.0094 0.0003 0.0007 2.4253 -0.1539 -0.059500 -1.049271 11.63 
2.9550 2 1 1 0x0 3.9405 4.0595 3.94 4.06 1.0411 0.7664 0.0003 0.0007 2.4289 -0.1541 -0.059500 -1.050777 11.63 
2.9590 2 1 1 0x0 3.9432 4.0568 3.94 4.06 0.9936 1.0259 0.0006 0.0006 2.4323 -0.1543 -0.056795 -1.053773 11.64 
2.9630 2 1 1 0x0 3.9459 4.0541 3.95 4.05 0.7851 1.0094 0.0006 0.0002 2.4362 -0.1545 -0.054091 -1.063000 11.63 
2.9670 2 1 1 0x0 3.9459 4.0541 3.95 4.05 1.0029 0.7680 0.0006 0.0003 2.4398 -0.1547 -0.054091 -1.067557 11.63 
2.9710 2 1 1 0x0 3.9432 4.0568 3.94 4.06 1.0560 1.0197 0.0002 0.0004 2.4437 -0.1549 -0.056795 -1.069155 11.63 
2.9750 2 1 1 0x0 3.9459 4.0541 3.95 4.05 1.0728 0.9211 0.0007 0.0005 2.4471 -0.1551 -0.054091 -1.066234 11.64 
2.9790 2 1 1 0x0 3.9432 4.0568 3.94 4.06 0.9866 0.9691 0.0002 0.0004 2.4510 -0.1553 -0.056795 -1.062311 11.63 
2.9830 2 1 1 0x0 3.9432 4.0568 3.94 4.06 1.0057 1.0007 0.0006 0.0007 2.4542 -0.1555 -0.056795 -1.059165 11.62 
2.9870 2 1 1 0x0 3.9432 4.0568 3.94 4.06 0.8326 0.7692 0.0005 0.0006 2.4579 -0.1557 -0.056795 -1.059464 11.62 
2.9910 2 1 1 0x0 3.9432 4.0568 3.94 4.06 1.0286 1.0233 0.0005 0.0005 2.4615 -0.1559 -0.056795 -1.066322 11.63 
2.9950 2 1 1 0x0 3.9432 4.0568 3.94 4.06 0.7616 0.8629 0.0004 0.0005 2.4651 -0.1561 -0.056795 -1.067936 11.63 
2.9990 2 1 1 0x0 3.9432 4.0568 3.94 4.06 1.0465 0.9717 0.0003 0.0005 2.4688 -0.1564 -0.056795 -1.068077 11.64 
3.0030 2 1 1 0x0 3.9432 4.0568 3.94 4.06 0.8639 0.7509 0.0003 0.0005 2.4724 -0.1566 -0.056795 -1.068053 11.62 
3.0070 2 1 1 0x0 3.9432 4.0568 3.94 4.06 1.0425 1.0542 0.0004 0.0005 2.4761 -0.1568 -0.056795 -1.068440 11.62 
3.0110 2 1 1 0x0 3.9459 4.0541 3.95 4.05 0.7618 1.1128 0.0004 0.0002 2.4799 -0.1570 -0.054091 -1.072179 11.63 
3.0150 2 1 1 0x0 3.9459 4.0541 3.95 4.05 1.0359 0.7529 0.0004 0.0003 2.4836 -0.1572 -0.054091 -1.075759 11.63 
3.0190 2 1 1 0x0 3.9459 4.0541 3.95 4.05 0.8765 0.9793 0.0005 0.0004 2.4872 -0.1574 -0.054091 -1.074305 11.64 
3.0230 2 1 1 0x0 3.9459 4.0541 3.95 4.05 0.9747 0.8991 0.0004 0.0005 2.4909 -0.1576 -0.054091 -1.069980 11.63 
3.0270 2 1 1 0x0 3.9486 4.0514 3.95 4.05 0.9493 0.9905 0.0006 0.0006 2.4943 -0.1577 -0.051386 -1.066229 11.63 
3.0310 2 1 1 0x0 3.9486 4.0514 3.95 4.05 0.7230 0.7779 0.0004 0.0006 2.4980 -0.1579 -0.051386 -1.065442 11.63 
3.0350 2 1 1 0x0 3.9486 4.0514 3.95 4.05 0.9321 1.0052 0.0002 0.0006 2.5016 -0.1581 -0.051386 -1.064723 11.64 
3.0390 2 1 1 0x0 3.9540 4.0460 3.95 4.05 0.9554 1.0590 0.0006 0.0003 2.5053 -0.1583 -0.045977 -1.064122 11.63 
3.0430 2 1 1 0x0 3.9540 4.0460 3.95 4.05 0.8263 0.8220 0.0005 0.0003 2.5089 -0.1585 -0.045977 -1.064115 11.63 
3.0470 2 1 1 0x0 3.9540 4.0460 3.95 4.05 1.0354 1.0750 0.0005 0.0003 2.5125 -0.1586 -0.045977 -1.063405 11.63 
3.0510 2 1 1 0x0 3.9540 4.0460 3.95 4.05 0.7607 0.8798 0.0005 0.0004 2.5162 -0.1588 -0.045977 -1.064092 11.64 
3.0550 2 1 1 0x0 3.9540 4.0460 3.95 4.05 1.0372 1.0151 0.0005 0.0005 2.5198 -0.1590 -0.045977 -1.064357 11.63 
3.0590 2 1 1 0x0 3.9540 4.0460 3.95 4.05 0.8754 0.7632 0.0006 0.0005 2.5235 -0.1591 -0.045977 -1.063936 11.63 
3.0630 2 1 1 0x0 3.9540 4.0460 3.95 4.05 1.0973 1.0306 0.0006 0.0005 2.5271 -0.1593 -0.045977 -1.066042 11.64 
3.0670 2 1 1 0x0 3.9513 4.0487 3.95 4.05 1.0724 0.9105 0.0003 0.0005 2.5310 -0.1595 -0.048682 -1.064206 11.63 
3.0710 2 1 1 0x0 3.9513 4.0487 3.95 4.05 0.9626 0.9802 0.0003 0.0005 2.5346 -0.1597 -0.048682 -1.060602 11.63 
3.0750 2 1 1 0x0 3.9513 4.0487 3.95 4.05 1.0501 0.7431 0.0004 0.0004 2.5383 -0.1598 -0.048682 -1.058892 11.63 
3.0790 2 1 1 0x0 3.9513 4.0487 3.95 4.05 0.8004 1.0025 0.0005 0.0003 2.5419 -0.1600 -0.048682 -1.057403 11.64 
3.0830 2 1 1 0x0 3.9513 4.0487 3.95 4.05 1.1064 0.9321 0.0006 0.0002 2.5456 -0.1602 -0.048682 -1.055471 11.63 
3.0870 2 1 1 0x0 3.9486 4.0514 3.95 4.05 1.0694 1.0206 0.0003 0.0002 2.5494 -0.1604 -0.051386 -1.054168 11.63 
3.0910 2 1 1 0x0 3.9486 4.0514 3.95 4.05 0.8399 0.8011 0.0004 0.0003 2.5531 -0.1606 -0.051386 -1.053381 11.65 
3.0950 2 1 1 0x0 3.9486 4.0514 3.95 4.05 1.0456 0.9684 0.0005 0.0003 2.5567 -0.1608 -0.051386 -1.051532 11.64 
3.0990 2 1 1 0x0 3.9486 4.0514 3.95 4.05 0.8691 0.9689 0.0006 0.0004 2.5604 -0.1610 -0.051386 -1.052743 11.64 
3.1030 2 1 1 0x0 3.9486 4.0514 3.95 4.05 1.1076 1.0446 0.0006 0.0006 2.5640 -0.1612 -0.051386 -1.056968 11.63 
3.1070 2 1 1 0x0 3.9459 4.0541 3.95 4.05 1.0094 0.7873 0.0003 0.0006 2.5679 -0.1614 -0.054091 -1.058958 11.64 
3.1110 2 1 1 0x0 3.9486 4.0514 3.95 4.05 0.8485 0.9899 0.0004 0.0006 2.5717 -0.1616 -0.051386 -1.059583 11.63 
3.1150 2 1 1 0x0 3.9486 4.0514 3.95 4.05 1.0035 1.0440 0.0003 0.0003 2.5754 -0.1618 -0.051386 -1.059723 11.63 
3.1190 2 1 1 0x0 3.9513 4.0487 3.95 4.05 0.9629 0.7875 0.0007 0.0003 2.5788 -0.1619 -0.048682 -1.063553 11.63 
3.1230 2 1 1 0x0 3.9513 4.0487 3.95 4.05 0.7964 0.9900 0.0005 0.0003 2.5824 -0.1621 -0.048682 -1.062496 11.63 
3.1270 2 1 1 0x0 3.9513 4.0487 3.95 4.05 0.9971 0.8370 0.0004 0.0003 2.5861 -0.1623 -0.048682 -1.056005 11.63 
3.1310 2 1 1 0x0 3.9486 4.0514 3.95 4.05 0.8439 0.8123 0.0004 0.0005 2.5895 -0.1625 -0.051386 -1.053505 11.63 
3.1350 2 1 1 0x0 3.9486 4.0514 3.95 4.05 1.0148 0.9818 0.0003 0.0003 2.5932 -0.1627 -0.051386 -1.054852 11.63 
3.1390 2 1 1 0x0 3.9486 4.0514 3.95 4.05 1.0340 0.9504 0.0007 0.0007 2.5964 -0.1628 -0.051386 -1.054789 11.63 
3.1430 2 1 1 0x0 3.9486 4.0514 3.95 4.05 0.8035 0.7620 0.0006 0.0006 2.6001 -0.1630 -0.051386 -1.062694 11.62 
3.1470 2 1 1 0x0 3.9486 4.0514 3.95 4.05 1.0434 1.0355 0.0006 0.0006 2.6037 -0.1632 -0.051386 -1.070075 11.63 
3.1510 2 1 1 0x0 3.9459 4.0541 3.95 4.05 1.0179 0.8548 0.0002 0.0006 2.6076 -0.1634 -0.054091 -1.072433 11.62 
3.1550 2 1 1 0x0 3.9459 4.0541 3.95 4.05 0.8174 1.0519 0.0003 0.0007 2.6112 -0.1636 -0.054091 -1.075292 11.63 
3.1590 2 1 1 0x0 3.9486 4.0514 3.95 4.05 1.0103 1.0362 0.0003 0.0003 2.6151 -0.1638 -0.051386 -1.071793 11.63 
3.1630 2 1 1 0x0 3.9486 4.0514 3.95 4.05 0.8916 0.8565 0.0003 0.0004 2.6187 -0.1640 -0.051386 -1.066676 11.63 
3.1670 2 1 1 0x0 3.9486 4.0514 3.95 4.05 1.0135 1.0496 0.0003 0.0004 2.6224 -0.1642 -0.051386 -1.065372 11.63 
3.1710 2 1 1 0x0 3.9513 4.0487 3.95 4.05 1.0371 0.7454 0.0006 0.0004 2.6258 -0.1643 -0.048682 -1.069827 11.63 
3.1750 2 1 1 0x0 3.9513 4.0487 3.95 4.05 0.7995 1.0648 0.0006 0.0005 2.6294 -0.1645 -0.048682 -1.073905 11.65 
3.1790 2 1 1 0x0 3.9513 4.0487 3.95 4.05 1.0481 0.8864 0.0006 0.0006 2.6331 -0.1647 -0.048682 -1.072850 11.64 
3.1830 2 1 1 0x0 3.9513 4.0487 3.95 4.05 0.8632 1.0068 0.0006 0.0006 2.6367 -0.1649 -0.048682 -1.072768 11.64 
3.1870 2 1 1 0x0 3.9540 4.0460 3.95 4.05 1.0432 1.0622 0.0006 0.0002 2.6406 -0.1651 -0.045977 -1.072785 11.64 
3.1910 2 1 1 0x0 3.9540 4.0460 3.95 4.05 0.7576 0.9448 0.0006 0.0003 2.6442 -0.1652 -0.045977 -1.075323 11.63 
3.1950 2 1 1 0x0 3.9513 4.0487 3.95 4.05 1.0443 1.0039 0.0007 0.0004 2.6481 -0.1654 -0.048682 -1.080383 11.63 
3.1990 2 1 1 0x0 3.9513 4.0487 3.95 4.05 1.0233 0.7694 0.0003 0.0004 2.6517 -0.1656 -0.048682 -1.079581 11.63 
3.2030 2 1 1 0x0 3.9513 4.0487 3.95 4.05 0.8108 0.9566 0.0003 0.0003 2.6554 -0.1658 -0.048682 -1.077474 11.63 
3.2069 2 1 1 0x0 3.9540 4.0460 3.95 4.05 0.7204 0.9166 0.0007 0.0003 2.6588 -0.1659 -0.045977 -1.074916 11.63 
3.2109 2 1 1 0x0 3.9540 4.0460 3.95 4.05 1.0542 0.9747 0.0006 0.0002 2.6625 -0.1661 -0.045977 -1.074257 11.64 
3.2149 2 1 1 0x0 3.9486 4.0514 3.95 4.05 1.0337 1.0058 0.0002 0.0006 2.6661 -0.1663 -0.051386 -1.074214 11.64 
3.2189 2 1 1 0x0 3.9513 4.0487 3.95 4.05 1.0486 0.8094 0.0007 0.0006 2.6696 -0.1665 -0.048682 -1.071839 11.63 
3.2229 2 1 1 0x0 3.9486 4.0514 3.95 4.05 1.0317 1.0265 0.0002 0.0006 2.6734 -0.1666 -0.051386 -1.069068 11.63 
3.2269 2 1 1 0x0 3.9486 4.0514 3.95 4.05 0.9282 0.8582 0.0002 0.0005 2.6771 -0.1668 -0.051386 -1.066046 11.63 
3.2309 2 1 1 0x0 3.9486 4.0514 3.95 4.05 1.0297 1.0511 0.0003 0.0004 2.6807 -0.1670 -0.051386 -1.064526 11.63 
3.2349 2 1 1 0x0 3.9486 4.0514 3.95 4.05 0.8067 0.7814 0.0003 0.0004 2.6844 -0.1672 -0.051386 -1.063145 11.63 
3.2389 2 1 1 0x0 3.9486 4.0514 3.95 4.05 1.0327 0.9999 0.0003 0.0003 2.6880 -0.1674 -0.051386 -1.062610 11.64 
3.2429 2 1 1 0x0 3.9486 4.0514 3.95 4.05 0.8268 0.8824 0.0003 0.0004 2.6916 -0.1676 -0.051386 -1.067465 11.63 
3.2469 2 1 1 0x0 3.9486 4.0514 3.95 4.05 1.0228 1.0857 0.0003 0.0005 2.6953 -0.1677 -0.051386 -1.067773 11.62 
3.2509 2 1 1 0x0 3.9486 4.0514 3.95 4.05 0.7742 0.7665 0.0004 0.0006 2.6989 -0.1679 -0.051386 -1.066071 11.63 
3.2549 2 1 1 0x0 3.9513 4.0487 3.95 4.05 1.0107 0.9420 0.0005 0.0003 2.7028 -0.1681 -0.048682 -1.065572 11.64 
3.2589 2 1 1 0x0 3.9513 4.0487 3.95 4.05 0.8479 1.0780 0.0006 0.0004 2.7064 -0.1683 -0.048682 -1.066194 11.64 
3.2629 2 1 1 0x0 3.9513 4.0487 3.95 4.05 1.0586 0.8114 0.0007 0.0005 2.7101 -0.1685 -0.048682 -1.066306 11.64 
3.2669 2 1 1 0x0 3.9486 4.0514 3.95 4.05 1.0390 1.0196 0.0003 0.0005 2.7139 -0.1687 -0.051386 -1.067908 11.63 
3.2709 2 1 1 0x0 3.9513 4.0487 3.95 4.05 0.9947 0.9185 0.0006 0.0004 2.7174 -0.1689 -0.048682 -1.064542 11.63 
3.2749 2 1 1 0x0 3.9513 4.0487 3.95 4.05 0.8385 1.0392 0.0005 0.0004 2.7210 -0.1690 -0.048682 -1.060824 11.63 
3.2789 2 1 1 0x0 3.9513 4.0487 3.95 4.05 1.0244 0.7899 0.0004 0.0004 2.7247 -0.1692 -0.048682 -1.058410 11.64 
3.2829 2 1 1 0x0 3.9513 4.0487 3.95 4.05 0.7611 0.9270 0.0003 0.0003 2.7283 -0.1694 -0.048682 -1.059077 11.63 
3.2869 2 1 1 0x0 3.9486 4.0514 3.95 4.05 0.9757 0.9551 0.0003 0.0007 2.7318 -0.1696 -0.051386 -1.058563 11.62 
3.2909 2 1 1 0x0 3.9486 4.0514 3.95 4.05 0.8661 0.8635 0.0003 0.0006 2.7354 -0.1697 -0.051386 -1.062933 11.63 
3.2949 2 1 1 0x0 3.9486 4.0514 3.95 4.05 1.1151 1.0429 0.0004 0.0005 2.7391 -0.1699 -0.051386 -1.061809 11.62 
3.2989 2 1 1 0x0 3.9486 4.0514 3.95 4.05 0.8073 0.7866 0.0005 0.0005 2.7427 -0.1701 -0.051386 -1.066897 11.63 
3.3029 2 1 1 0x0 3.9486 4.0514 3.95 4.05 1.0251 0.9920 0.0005 0.0005 2.7463 -0.1703 -0.051386 -1.070879 11.64 
3.3069 2 1 1 0x0 3.9459 4.0541 3.95 4.05 1.0606 0.8384 0.0003 0.0006 2.7502 -0.1705 -0.054091 -1.068997 11.63 
3.3109 2 1 1 0x0 3.9459 4.0541 3.95 4.05 0.7973 1.0070 0.0004 0.0006 2.7538 -0.1707 -0.054091 -1.062900 11.63 
3.3149 2 1 1 0x0 3.9459 4.0541 3.95 4.05 1.0372 0.7273 0.0005 0.0004 2.7575 -0.1709 -0.054091 -1.061769 11.63 
3.3189 2 1 1 0x0 3.9459 4.0541 3.95 4.05 0.9345 0.9679 0.0006 0.0003 2.7611 -0.1711 -0.054091 -1.061306 11.63 
3.3229 2 1 1 0x0 3.9432 4.0568 3.94 4.06 1.0096 0.9995 0.0007 0.0006 2.7646 -0.1713 -0.056795 -1.063412 11.63 
3.3269 2 1 1 0x0 3.9405 4.0595 3.94 4.06 0.9893 0.8803 0.0003 0.0006 2.7684 -0.1715 -0.059500 -1.072190 11.63 
3.3309 2 1 1 0x0 3.9405 4.0595 3.94 4.06 0.8583 1.0163 0.0004 0.0006 2.7721 -0.1717 -0.059500 -1.073573 11.64 
3.3349 2 1 1 0x0 3.9405 4.0595 3.94 4.06 0.9839 0.8038 0.0004 0.0006 2.7757 -0.1719 -0.059500 -1.069196 11.64 
3.3389 2 1 1 0x0 3.9405 4.0595 3.94 4.06 0.7471 1.0333 0.0003 0.0006 2.7794 -0.1721 -0.059500 -1.068831 11.63 
3.3429 2 1 1 0x0 3.9459 4.0541 3.95 4.05 0.7294 1.0193 0.0006 0.0002 2.7830 -0.1723 -0.054091 -1.065586 11.63 
3.3469 2 1 1 0x0 3.9432 4.0568 3.94 4.06 0.9802 1.0524 0.0004 0.0007 2.7864 -0.1725 -0.056795 -1.062638 11.63 
3.3509 2 1 1 0x0 3.9459 4.0541 3.95 4.05 0.8510 0.9718 0.0003 0.0002 2.7903 -0.1728 -0.054091 -1.063481 11.63 
3.3549 2 1 1 0x0 3.9459 4.0541 3.95 4.05 1.0010 0.9044 0.0003 0.0003 2.7939 -0.1729 -0.054091 -1.063473 11.63 
3.3589 2 1 1 0x0 3.9486 4.0514 3.95 4.05 1.0214 0.9855 0.0007 0.0004 2.7974 -0.1731 -0.051386 -1.063175 11.63 
3.3629 2 1 1 0x0 3.9486 4.0514 3.95 4.05 0.7295 0.7823 0.0006 0.0004 2.8010 -0.1733 -0.051386 -1.064122 11.64 
3.3669 2 1 1 0x0 3.9486 4.0514 3.95 4.05 1.0314 1.0711 0.0006 0.0004 2.8047 -0.1735 -0.051386 -1.063683 11.64 
3.3709 2 1 1 0x0 3.9459 4.0541 3.95 4.05 1.0059 0.8810 0.0003 0.0004 2.8085 -0.1737 -0.054091 -1.063249 11.62 
3.3749 2 1 1 0x0 3.9459 4.0541 3.95 4.05 0.8239 1.0184 0.0003 0.0004 2.8122 -0.1739 -0.054091 -1.066373 11.62 
3.3789 2 1 1 0x0 3.9459 4.0541 3.95 4.05 1.0728 0.8014 0.0004 0.0003 2.8158 -0.1741 -0.054091 -1.069090 11.62 
3.3829 2 1 1 0x0 3.9459 4.0541 3.95 4.05 0.9588 0.9719 0.0004 0.0003 2.8195 -0.1743 -0.054091 -1.065884 11.64 
3.3869 2 1 1 0x0 3.9459 4.0541 3.95 4.05 0.9902 0.9028 0.0005 0.0003 2.8231 -0.1745 -0.054091 -1.063431 11.64 
3.3909 2 1 1 0x0 3.9459 4.0541 3.95 4.05 0.7882 0.9916 0.0005 0.0003 2.8268 -0.1747 -0.054091 -1.062236 11.64 
3.3949 2 1 1 0x0 3.9459 4.0541 3.95 4.05 0.9927 0.8190 0.0005 0.0002 2.8304 -0.1749 -0.054091 -1.062148 11.63 
3.3989 2 1 1 0x0 3.9459 4.0541 3.95 4.05 0.8555 1.0081 0.0006 0.0003 2.8340 -0.1751 -0.054091 -1.062454 11.63 
3.4029 2 1 1 0x0 3.9459 4.0541 3.95 4.05 1.0514 0.9305 0.0006 0.0004 2.8377 -0.1753 -0.054091 -1.063125 11.64 
3.4069 2 1 1 0x0 3.9432 4.0568 3.94 4.06 1.0317 1.0206 0.0002 0.0005 2.8415 -0.1755 -0.056795 -1.061616 11.64 
3.4109 2 1 1 0x0 3.9432 4.0568 3.94 4.06 0.8791 0.7607 0.0003 0.0005 2.8452 -0.1757 -0.056795 -1.059930 11.63 
3.4149 2 1 1 0x0 3.9432 4.0568 3.94 4.06 1.0154 1.0331 0.0004 0.0006 2.8488 -0.1759 -0.056795 -1.060150 11.64 
3.4189 2 1 1 0x0 3.9432 4.0568 3.94 4.06 0.7692 0.8549 0.0003 0.0006 2.8525 -0.1761 -0.056795 -1.057230 11.63 
3.4229 2 1 1 0x0 3.9432 4.0568 3.94 4.06 0.9671 1.0538 0.0003 0.0006 2.8561 -0.1763 -0.056795 -1.056306 11.63 
3.4269 2 1 1 0x0 3.9459 4.0541 3.95 4.05 0.9928 0.7415 0.0006 0.0006 2.8596 -0.1765 -0.054091 -1.061671 11.63 
3.4309 2 1 1 0x0 3.9459 4.0541 3.95 4.05 0.8437 1.0033 0.0005 0.0006 2.8632 -0.1767 -0.054091 -1.059348 11.64 
3.4349 2 1 1 0x0 3.9459 4.0541 3.95 4.05 1.0106 0.9323 0.0005 0.0006 2.8669 -0.1769 -0.054091 -1.056734 11.64 
3.4389 2 1 1 0x0 3.9459 4.0541 3.95 4.05 0.7728 1.0216 0.0004 0.0006 2.8705 -0.1771 -0.054091 -1.057539 11.63 
3.4429 2 1 1 0x0 3.9459 4.0541 3.95 4.05 1.0199 0.7585 0.0004 0.0006 2.8741 -0.1773 -0.054091 -1.058238 11.63 
3.4469 2 1 1 0x0 3.9459 4.0541 3.95 4.05 0.8875 1.0421 0.0005 0.0006 2.8778 -0.1775 -0.054091 -1.058335 11.63 
3.4509 2 1 1 0x0 3.9459 4.0541 3.95 4.05 1.0792 0.9595 0.0006 0.0006 2.8814 -0.1777 -0.054091 -1.058351 11.63 
3.4549 2 1 1 0x0 3.9432 4.0568 3.94 4.06 1.0548 1.0598 0.0002 0.0006 2.8853 -0.1779 -0.056795 -1.062517 11.63 
3.4589 2 1 1 0x0 3.9459 4.0541 3.95 4.05 0.9176 1.0462 0.0003 0.0002 2.8891 -0.1781 -0.054091 -1.060356 11.63 
3.4629 2 1 1 0x0 3.9432 4.0568 3.94 4.06 1.0313 1.0090 0.0004 0.0006 2.8926 -0.1783 -0.056795 -1.059568 11.63 
3.4669 2 1 1 0x0 3.9432 4.0568 3.94 4.06 0.8118 0.8693 0.0005 0.0004 2.8962 -0.1785 -0.056795 -1.061110 11.63 
3.4709 2 1 1 0x0 3.9432 4.0568 3.94 4.06 1.0149 0.9693 0.0006 0.0003 2.8999 -0.1787 -0.056795 -1.059864 11.63 
3.4749 2 1 1 0x0 3.9378 4.0622 3.94 4.06 0.9923 1.0035 0.0002 0.0005 2.9035 -0.1789 -0.062204 -1.057093 11.63 
3.4789 2 1 1 0x0 3.9405 4.0595 3.94 4.06 1.0766 0.8099 0.0007 0.0005 2.9070 -0.1791 -0.059500 -1.057168 11.64 
3.4829 2 1 1 0x0 3.9378 4.0622 3.94 4.06 0.9945 0.9588 0.0002 0.0004 2.9108 -0.1794 -0.062204 -1.061015 11.63 
3.4869 2 1 1 0x0 3.9378 4.0622 3.94 4.06 0.9012 0.9142 0.0003 0.0004 2.9144 -0.1796 -0.062204 -1.058415 11.64 
3.4909 2 1 1 0x0 3.9378 4.0622 3.94 4.06 1.0670 1.0431 0.0003 0.0004 2.9181 -0.1798 -0.062204 -1.054032 11.64 
3.4949 2 1 1 0x0 3.9378 4.0622 3.94 4.06 0.8286 0.7865 0.0003 0.0004 2.9217 -0.1801 -0.062204 -1.054156 11.63 
3.4989 2 1 1 0x0 3.9378 4.0622 3.94 4.06 1.0062 1.0591 0.0002 0.0005 2.9254 -0.1803 -0.062204 -1.056034 11.63 
3.5029 2 1 1 0x0 3.9378 4.0622 3.94 4.06 0.8950 0.8908 0.0003 0.0006 2.9290 -0.1805 -0.062204 -1.057580 11.63 
3.5069 2 1 1 0x0 3.9378 4.0622 3.94 4.06 1.0018 1.0729 0.0003 0.0007 2.9327 -0.1807 -0.062204 -1.065165 11.63 
3.5109 2 1 1 0x0 3.9405 4.0595 3.94 4.06 0.8262 0.9864 0.0003 0.0003 2.9365 -0.1810 -0.059500 -1.067505 11.63 
3.5149 2 1 1 0x0 3.9405 4.0595 3.94 4.06 1.0012 0.8932 0.0003 0.0004 2.9402 -0.1812 -0.059500 -1.065489 11.63 
3.5189 2 1 1 0x0 3.9405 4.0595 3.94 4.06 0.8944 0.9972 0.0003 0.0005 2.9438 -0.1814 -0.059500 -1.064192 11.63 
3.5229 2 1 1 0x0 3.9405 4.0595 3.94 4.06 0.9517 0.7333 0.0002 0.0004 2.9475 -0.1816 -0.059500 -1.059904 11.63 
3.5269 2 1 1 0x0 3.9405 4.0595 3.94 4.06 0.9817 0.7513 0.0005 0.0007 2.9507 -0.1818 -0.059500 -1.056273 11.63 
3.5309 2 1 1 0x0 3.9405 4.0595 3.94 4.06 0.7841 0.9275 0.0004 0.0005 2.9543 -0.1820 -0.059500 -1.056391 11.62 
3.5349 2 1 1 0x0 3.9405 4.0595 3.94 4.06 1.0141 0.8383 0.0003 0.0005 2.9580 -0.1822 -0.059500 -1.055302 11.63 
3.5389 2 1 1 0x0 3.9432 4.0568 3.94 4.06 0.9708 1.0069 0.0007 0.0005 2.9614 -0.1824 -0.056795 -1.055406 11.63 
3.5429 2 1 1 0x0 3.9405 4.0595 3.94 4.06 1.0238 0.7681 0.0002 0.0004 2.9653 -0.1826 -0.059500 -1.056854 11.62 
3.5469 2 1 1 0x0 3.9432 4.0568 3.94 4.06 1.0394 0.9584 0.0007 0.0005 2.9687 -0.1828 -0.056795 -1.058343 11.63 
3.5509 2 1 1 0x0 3.9405 4.0595 3.94 4.06 1.0246 0.9166 0.0003 0.0006 2.9726 -0.1831 -0.059500 -1.058409 11.63 
3.5549 2 1 1 0x0 3.9405 4.0595 3.94 4.06 0.8840 1.0364 0.0003 0.0007 2.9762 -0.1833 -0.059500 -1.062034 11.62 
3.5589 2 1 1 0x0 3.9432 4.0568 3.94 4.06 1.0091 1.0196 0.0004 0.0004 2.9801 -0.1835 -0.056795 -1.066019 11.65 
3.5629 2 1 1 0x0 3.9432 4.0568 3.94 4.06 0.8263 0.9793 0.0005 0.0004 2.9837 -0.1837 -0.056795 -1.062262 11.63 
3.5669 2 1 1 0x0 3.9432 4.0568 3.94 4.06 0.9992 0.9728 0.0005 0.0003 2.9873 -0.1839 -0.056795 -1.058335 11.63 
3.5709 2 1 1 0x0 3.9405 4.0595 3.94 4.06 0.8428 0.9444 0.0005 0.0006 2.9908 -0.1841 -0.059500 -1.055977 11.63 
3.5749 2 1 1 0x0 3.9405 4.0595 3.94 4.06 1.0076 0.8057 0.0005 0.0005 2.9944 -0.1843 -0.059500 -1.055525 11.63 
3.5789 2 1 1 0x0 3.9405 4.0595 3.94 4.06 0.8178 0.9680 0.0005 0.0004 2.9981 -0.1845 -0.059500 -1.055780 11.63 
3.5829 2 1 1 0x0 3.9405 4.0595 3.94 4.06 1.0174 0.9054 0.0004 0.0003 3.0017 -0.1848 -0.059500 -1.056129 11.64 
3.5869 2 1 1 0x0 3.9405 4.0595 3.94 4.06 0.8873 1.0556 0.0005 0.0003 3.0054 -0.1850 -0.059500 -1.056480 11.63 
3.5909 2 1 1 0x0 3.9405 4.0595 3.94 4.06 1.0103 0.8232 0.0005 0.0003 3.0090 -0.1852 -0.059500 -1.056323 11.63 
3.5949 2 1 1 0x0 3.9405 4.0595 3.94 4.06 0.7770 1.0007 0.0005 0.0004 3.0127 -0.1854 -0.059500 -1.057451 11.63 
3.5989 2 1 1 0x0 3.9405 4.0595 3.94 4.06 1.0781 0.9368 0.0006 0.0005 3.0163 -0.1857 -0.059500 -1.058502 11.63 
3.6029 2 1 1 0x0 3.9378 4.0622 3.94 4.06 1.0510 1.0129 0.0002 0.0006 3.0201 -0.1859 -0.062204 -1.056965 11.63 
3.6069 2 1 1 0x0 3.9405 4.0595 3.94 4.06 0.8453 1.0698 0.0003 0.0002 3.0240 -0.1861 -0.059500 -1.059244 11.63 
3.6109 2 1 1 0x0 3.9405 4.0595 3.94 4.06 1.0385 0.8832 0.0003 0.0003 3.0276 -0.1863 -0.059500 -1.055415 11.64 
3.6149 2 1 1 0x0 3.9378 4.0622 3.94 4.06 0.9885 0.8579 0.0004 0.0006 3.0311 -0.1865 -0.062204 -1.051512 11.64 
3.6189 2 1 1 0x0 3.9378 4.0622 3.94 4.06 1.0277 0.9831 0.0005 0.0005 3.0347 -0.1868 -0.062204 -1.050178 11.64 
3.6229 2 1 1 0x0 3.9378 4.0622 3.94 4.06 0.8109 0.7418 0.0005 0.0004 3.0384 -0.1870 -0.062204 -1.049641 11.63 
3.6269 2 1 1 0x0 3.9378 4.0622 3.94 4.06 1.0193 1.0026 0.0005 0.0003 3.0420 -0.1872 -0.062204 -1.048601 11.63 
3.6309 2 1 1 0x0 3.9351 4.0649 3.94 4.06 0.9925 0.9359 0.0002 0.0003 3.0459 -0.1875 -0.064909 -1.048776 11.63 
3.6349 2 1 1 0x0 3.9351 4.0649 3.94 4.06 0.7923 1.0136 0.0003 0.0004 3.0495 -0.1877 -0.064909 -1.054499 11.63 
3.6389 2 1 1 0x0 3.9351 4.0649 3.94 4.06 1.0492 0.8065 0.0003 0.0005 3.0531 -0.1879 -0.064909 -1.053915 11.63 
3.6429 2 1 1 0x0 3.9351 4.0649 3.94 4.06 0.9239 1.0259 0.0004 0.0006 3.0568 -0.1882 -0.064909 -1.053625 11.64 
3.6469 2 1 1 0x0 3.9378 4.0622 3.94 4.06 1.0271 1.0085 0.0005 0.0003 3.0606 -0.1884 -0.062204 -1.056770 11.62 
3.6509 2 1 1 0x0 3.9351 4.0649 3.94 4.06 0.7717 0.9740 0.0006 0.0006 3.0641 -0.1886 -0.064909 -1.055897 11.63 
3.6549 2 1 1 0x0 3.9351 4.0649 3.94 4.06 0.9605 0.7867 0.0006 0.0005 3.0677 -0.1889 -0.064909 -1.054843 11.63 
3.6589 2 1 1 0x0 3.9351 4.0649 3.94 4.06 0.8707 0.9918 0.0005 0.0005 3.0714 -0.1891 -0.064909 -1.063241 11.63 
3.6629 2 1 1 0x0 3.9351 4.0649 3.94 4.06 1.0479 0.9424 0.0004 0.0004 3.0750 -0.1894 -0.064909 -1.066478 11.63 
3.6669 2 1 1 0x0 3.9351 4.0649 3.94 4.06 0.7891 1.0079 0.0003 0.0004 3.0787 -0.1896 -0.064909 -1.063721 11.63 
3.6709 2 1 1 0x0 3.9351 4.0649 3.94 4.06 1.0702 0.7663 0.0003 0.0003 3.0823 -0.1898 -0.064909 -1.058658 11.64 
3.6749 2 1 1 0x0 3.9351 4.0649 3.94 4.06 0.8945 1.0261 0.0003 0.0002 3.0859 -0.1901 -0.064909 -1.057060 11.63 
3.6789 2 1 1 0x0 3.9324 4.0676 3.93 4.07 1.0065 0.9896 0.0003 0.0006 3.0894 -0.1903 -0.067613 -1.058879 11.63 
3.6829 2 1 1 0x0 3.9351 4.0649 3.94 4.06 0.7761 1.0444 0.0003 0.0002 3.0932 -0.1905 -0.064909 -1.060292 11.63 
3.6869 2 1 1 0x0 3.9324 4.0676 3.93 4.07 1.0120 1.0763 0.0003 0.0007 3.0967 -0.1908 -0.067613 -1.068332 11.63 
3.6909 2 1 1 0x0 3.9351 4.0649 3.94 4.06 0.8392 0.9880 0.0003 0.0003 3.1005 -0.1910 -0.064909 -1.075182 11.63 
3.6949 2 1 1 0x0 3.9351 4.0649 3.94 4.06 1.0030 0.8941 0.0004 0.0005 3.1042 -0.1913 -0.064909 -1.077787 11.64 
3.6989 2 1 1 0x0 3.9351 4.0649 3.94 4.06 0.7872 1.0678 0.0005 0.0006 3.1078 -0.1915 -0.064909 -1.080162 11.63 
3.7029 2 1 1 0x0 3.9351 4.0649 3.94 4.06 1.0621 0.7352 0.0005 0.0005 3.1114 -0.1917 -0.064909 -1.076562 11.63 
3.7069 2 1 1 0x0 3.9324 4.0676 3.93 4.07 0.8512 0.7163 0.0005 0.0007 3.1149 -0.1920 -0.067613 -1.071640 11.62 
3.7109 2 1 1 0x0 3.9324 4.0676 3.93 4.07 0.9482 0.9898 0.0004 0.0005 3.1185 -0.1922 -0.067613 -1.069485 11.62 
3.7149 2 1 1 0x0 3.9351 4.0649 3.94 4.06 1.0434 0.8363 0.0007 0.0003 3.1220 -0.1924 -0.064909 -1.067492 11.63 
3.7189 2 1 1 0x0 3.9351 4.0649 3.94 4.06 0.7513 0.9484 0.0006 0.0003 3.1256 -0.1927 -0.064909 -1.064056 11.62 
3.7229 2 1 1 0x0 3.9324 4.0676 3.93 4.07 0.9978 1.0453 0.0005 0.0007 3.1291 -0.1929 -0.067613 -1.064422 11.63 
3.7269 2 1 1 0x0 3.9351 4.0649 3.94 4.06 0.8455 1.0325 0.0005 0.0002 3.1329 -0.1932 -0.064909 -1.066516 11.63 
3.7309 2 1 1 0x0 3.9351 4.0649 3.94 4.06 1.0754 0.9108 0.0005 0.0003 3.1365 -0.1934 -0.064909 -1.066759 11.63 
3.7349 2 1 1 0x0 3.9351 4.0649 3.94 4.06 0.7826 1.0449 0.0005 0.0004 3.1402 -0.1936 -0.064909 -1.068977 11.64 
3.7389 2 1 1 0x0 3.9351 4.0649 3.94 4.06 0.9996 0.7877 0.0006 0.0005 3.1438 -0.1939 -0.064909 -1.074536 11.64 
3.7429 2 1 1 0x0 3.9351 4.0649 3.94 4.06 0.8511 1.0551 0.0006 0.0006 3.1475 -0.1941 -0.064909 -1.074634 11.64 
3.7469 2 1 1 0x0 3.9378 4.0622 3.94 4.06 0.9895 1.0357 0.0007 0.0003 3.1513 -0.1944 -0.062204 -1.071055 11.64 
3.7509 2 1 1 0x0 3.9378 4.0622 3.94 4.06 0.7847 0.8392 0.0006 0.0004 3.1550 -0.1946 -0.062204 -1.067068 11.63 
3.7549 2 1 1 0x0 3.9378 4.0622 3.94 4.06 1.0050 1.0454 0.0005 0.0005 3.1586 -0.1948 -0.062204 -1.064684 11.64 
3.7589 2 1 1 0x0 3.9378 4.0622 3.94 4.06 0.8411 0.9578 0.0005 0.0005 3.1622 -0.1951 -0.062204 -1.063459 11.62 
3.7629 2 1 1 0x0 3.9378 4.0622 3.94 4.06 1.0098 0.9914 0.0005 0.0005 3.1659 -0.1953 -0.062204 -1.063111 11.62 
3.7669 2 1 1 0x0 3.9378 4.0622 3.94 4.06 0.7760 0.7768 0.0005 0.0005 3.1695 -0.1955 -0.062204 -1.063438 11.63 
3.7709 2 1 1 0x0 3.9378 4.0622 3.94 4.06 1.0150 1.0059 0.0004 0.0005 3.1732 -0.1957 -0.062204 -1.062818 11.63 
3.7749 2 1 1 0x0 3.9405 4.0595 3.94 4.06 0.8917 1.0602 0.0005 0.0002 3.1770 -0.1960 -0.059500 -1.062812 11.63 
3.7789 2 1 1 0x0 3.9405 4.0595 3.94 4.06 1.0767 0.7788 0.0006 0.0003 3.1807 -0.1962 -0.059500 -1.064793 11.63 
3.7829 2 1 1 0x0 3.9405 4.0595 3.94 4.06 0.7843 1.0044 0.0006 0.0003 3.1843 -0.1964 -0.059500 -1.063461 11.64 
3.7869 2 1 1 0x0 3.9405 4.0595 3.94 4.06 1.0670 0.9340 0.0007 0.0004 3.1880 -0.1966 -0.059500 -1.066666 11.63 
3.7909 2 1 1 0x0 3.9378 4.0622 3.94 4.06 1.0366 1.0178 0.0003 0.0005 3.1918 -0.1969 -0.062204 -1.068621 11.63 
3.7949 2 1 1 0x0 3.9378 4.0622 3.94 4.06 0.7665 0.7602 0.0004 0.0004 3.1955 -0.1971 -0.062204 -1.066106 11.63 
3.7989 2 1 1 0x0 3.9378 4.0622 3.94 4.06 1.0221 0.9723 0.0005 0.0004 3.1991 -0.1973 -0.062204 -1.062901 11.64 
3.8029 2 1 1 0x0 3.9378 4.0622 3.94 4.06 0.8889 0.9003 0.0006 0.0003 3.2027 -0.1976 -0.062204 -1.062394 11.64 
3.8069 2 1 1 0x0 3.9378 4.0622 3.94 4.06 1.0059 0.9938 0.0006 0.0002 3.2064 -0.1978 -0.062204 -1.060074 11.62 
3.8109 2 1 1 0x0 3.9351 4.0649 3.94 4.06 0.7395 0.9607 0.0006 0.0006 3.2098 -0.1980 -0.064909 -1.058534 11.63 
3.8149 2 1 1 0x0 3.9351 4.0649 3.94 4.06 0.9523 0.7958 0.0006 0.0005 3.2135 -0.1983 -0.064909 -1.060971 11.62 
3.8189 2 1 1 0x0 3.9351 4.0649 3.94 4.06 0.8298 1.0467 0.0005 0.0005 3.2171 -0.1985 -0.064909 -1.062285 11.63 
3.8229 2 1 1 0x0 3.9351 4.0649 3.94 4.06 1.0310 0.9579 0.0005 0.0006 3.2208 -0.1987 -0.064909 -1.060693 11.64 
3.8269 2 1 1 0x0 3.9351 4.0649 3.94 4.06 0.8052 0.9917 0.0005 0.0006 3.2244 -0.1990 -0.064909 -1.061328 11.63 
3.8309 2 1 1 0x0 3.9351 4.0649 3.94 4.06 0.9725 0.7759 0.0004 0.0005 3.2280 -0.1992 -0.064909 -1.061254 11.64 
3.8349 2 1 1 0x0 3.9351 4.0649 3.94 4.06 0.8711 1.0125 0.0005 0.0004 3.2317 -0.1994 -0.064909 -1.061421 11.63 
3.8389 2 1 1 0x0 3.9351 4.0649 3.94 4.06 1.0301 0.8699 0.0006 0.0004 3.2353 -0.1997 -0.064909 -1.064473 11.64 
3.8429 2 1 1 0x0 3.9351 4.0649 3.94 4.06 0.8101 1.0299 0.0006 0.0004 3.2390 -0.1999 -0.064909 -1.071033 11.63 
3.8469 2 1 1 0x0 3.9324 4.0676 3.93 4.07 1.0246 0.7550 0.0007 0.0004 3.2428 -0.2002 -0.067613 -1.069946 11.63 
3.8509 2 1 1 0x0 3.9324 4.0676 3.93 4.07 1.0717 0.9806 0.0003 0.0003 3.2465 -0.2004 -0.067613 -1.064985 11.63 
3.8549 2 1 1 0x0 3.9297 4.0703 3.93 4.07 0.7857 0.9478 0.0003 0.0006 3.2499 -0.2007 -0.070318 -1.061112 11.63 
3.8589 2 1 1 0x0 3.9297 4.0703 3.93 4.07 1.0041 0.9238 0.0003 0.0005 3.2535 -0.2009 -0.070318 -1.060681 11.63 
3.8629 2 1 1 0x0 3.9297 4.0703 3.93 4.07 0.8434 1.0322 0.0003 0.0005 3.2572 -0.2012 -0.070318 -1.060597 11.63 
3.8669 2 1 1 0x0 3.9297 4.0703 3.93 4.07 1.0075 0.7943 0.0003 0.0005 3.2608 -0.2014 -0.070318 -1.064108 11.63 
3.8709 2 1 1 0x0 3.9297 4.0703 3.93 4.07 0.7801 0.9784 0.0003 0.0005 3.2645 -0.2017 -0.070318 -1.073712 11.63 
3.8749 2 1 1 0x0 3.9297 4.0703 3.93 4.07 1.0043 0.8491 0.0003 0.0006 3.2681 -0.2019 -0.070318 -1.076146 11.63 
3.8789 2 1 1 0x0 3.9324 4.0676 3.93 4.07 0.8471 1.0587 0.0004 0.0007 3.2720 -0.2022 -0.067613 -1.079435 11.65 
3.8829 2 1 1 0x0 3.9324 4.0676 3.93 4.07 1.0684 0.9741 0.0004 0.0003 3.2756 -0.2024 -0.067613 -1.078782 11.63 
3.8869 2 1 1 0x0 3.9324 4.0676 3.93 4.07 0.7795 0.8497 0.0003 0.0003 3.2792 -0.2027 -0.067613 -1.076188 11.63 
3.8909 2 1 1 0x0 3.9324 4.0676 3.93 4.07 0.9576 1.0611 0.0002 0.0003 3.2829 -0.2029 -0.067613 -1.073265 11.63 
3.8949 2 1 1 0x0 3.9351 4.0649 3.94 4.06 0.9864 0.7380 0.0006 0.0003 3.2863 -0.2032 -0.064909 -1.073265 11.63 
3.8989 2 1 1 0x0 3.9351 4.0649 3.94 4.06 0.8464 1.0075 0.0004 0.0003 3.2900 -0.2034 -0.064909 -1.072404 11.64 
3.9029 2 1 1 0x0 3.9351 4.0649 3.94 4.06 1.0055 0.8751 0.0004 0.0003 3.2936 -0.2036 -0.064909 -1.070725 11.63 
3.9069 2 1 1 0x0 3.9351 4.0649 3.94 4.06 0.7733 1.0216 0.0003 0.0004 3.2973 -0.2039 -0.064909 -1.070428 11.63 
3.9109 2 1 1 0x0 3.9351 4.0649 3.94 4.06 1.0235 0.7999 0.0003 0.0004 3.3009 -0.2041 -0.064909 -1.069285 11.62 
3.9149 2 1 1 0x0 3.9351 4.0649 3.94 4.06 0.8294 1.0398 0.0003 0.0004 3.3045 -0.2043 -0.064909 -1.068202 11.63 
3.9189 2 1 1 0x0 3.9351 4.0649 3.94 4.06 1.0250 0.9038 0.0003 0.0004 3.3082 -0.2046 -0.064909 -1.070444 11.63 
3.9229 2 1 1 0x0 3.9351 4.0649 3.94 4.06 0.8086 0.9866 0.0003 0.0004 3.3118 -0.2048 -0.064909 -1.076833 11.63 
3.9269 2 1 1 0x0 3.9351 4.0649 3.94 4.06 0.9635 0.8230 0.0003 0.0004 3.3155 -0.2051 -0.064909 -1.075250 11.63 
3.9309 2 1 1 0x0 3.9351 4.0649 3.94 4.06 0.8773 1.0041 0.0004 0.0003 3.3191 -0.2053 -0.064909 -1.073176 11.63 
3.9349 2 1 1 0x0 3.9351 4.0649 3.94 4.06 1.0286 0.9314 0.0004 0.0003 3.3228 -0.2055 -0.064909 -1.070211 11.63 
3.9389 2 1 1 0x0 3.9351 4.0649 3.94 4.06 0.8043 1.0215 0.0004 0.0003 3.3264 -0.2058 -0.064909 -1.069455 11.63 
3.9429 2 1 1 0x0 3.9351 4.0649 3.94 4.06 0.9742 0.7998 0.0003 0.0003 3.3300 -0.2060 -0.064909 -1.068928 11.63 
3.9469 2 1 1 0x0 3.9351 4.0649 3.94 4.06 0.9819 0.9705 0.0003 0.0003 3.3337 -0.2062 -0.064909 -1.068543 11.63 
3.9509 2 1 1 0x0 3.9351 4.0649 3.94 4.06 1.0361 0.9064 0.0004 0.0004 3.3373 -0.2065 -0.064909 -1.069773 11.64 
3.9549 2 1 1 0x0 3.9351 4.0649 3.94 4.06 0.8047 1.0514 0.0004 0.0005 3.3410 -0.2067 -0.064909 -1.067456 11.63 
3.9589 2 1 1 0x0 3.9351 4.0649 3.94 4.06 0.9675 0.7444 0.0005 0.0005 3.3446 -0.2069 -0.064909 -1.066446 11.64 
3.9629 2 1 1 0x0 3.9351 4.0649 3.94 4.06 0.8696 0.9991 0.0005 0.0005 3.3483 -0.2072 -0.064909 -1.065347 11.63 
3.9669 2 1 1 0x0 3.9351 4.0649 3.94 4.06 0.9696 0.8806 0.0005 0.0005 3.3519 -0.2074 -0.064909 -1.063401 11.64 
3.9709 2 1 1 0x0 3.9351 4.0649 3.94 4.06 0.7978 1.0920 0.0004 0.0005 3.3556 -0.2077 -0.064909 -1.065885 11.64 
3.9749 2 1 1 0x0 3.9351 4.0649 3.94 4.06 1.0556 0.7616 0.0004 0.0005 3.3592 -0.2079 -0.064909 -1.064955 11.63 
3.9789 2 1 1 0x0 3.9351 4.0649 3.94 4.06 0.8543 1.0352 0.0004 0.0005 3.3628 -0.2081 -0.064909 -1.062612 11.63 
3.9829 2 1 1 0x0 3.9351 4.0649 3.94 4.06 1.0621 0.9069 0.0004 0.0005 3.3665 -0.2084 -0.064909 -1.063109 11.63 
3.9869 2 1 1 0x0 3.9351 4.0649 3.94 4.06 0.7490 0.9852 0.0004 0.0006 3.3701 -0.2086 -0.064909 -1.063831 11.63 
3.9909 2 1 1 0x0 3.9351 4.0649 3.94 4.06 1.0656 0.7813 0.0004 0.0006 3.3738 -0.2088 -0.064909 -1.063337 11.63 
3.9949 2 1 1 0x0 3.9351 4.0649 3.94 4.06 0.9065 1.0029 0.0004 0.0006 3.3774 -0.2090 -0.064909 -1.067602 11.63 
3.9989 2 1 1 0x0 3.9351 4.0649 3.94 4.06 0.9842 0.8768 0.0005 0.0006 3.3811 -0.2093 -0.064909 -1.067392 11.63 
4.0029 2 1 1 0x0 3.9351 4.0649 3.94 4.06 0.7952 1.0258 0.0005 0.0005 3.3847 -0.2095 -0.064909 -1.063560 11.63 
4.0069 2 1 1 0x0 3.9324 4.0676 3.93 4.07 0.9840 0.9314 0.0005 0.0007 3.3881 -0.2098 -0.067613 -1.062899 11.63 
4.0109 2 1 1 0x0 3.9324 4.0676 3.93 4.07 0.8616 0.7719 0.0006 0.0005 3.3918 -0.2100 -0.067613 -1.061586 11.63 
4.0149 2 1 1 0x0 3.9324 4.0676 3.93 4.07 1.0477 0.9564 0.0006 0.0003 3.3954 -0.2102 -0.067613 -1.059947 11.63 
4.0189 2 1 1 0x0 3.9324 4.0676 3.93 4.07 0.7964 0.9157 0.0006 0.0002 3.3991 -0.2105 -0.067613 -1.062657 11.63 
4.0229 2 1 1 0x0 3.9324 4.0676 3.93 4.07 1.0504 1.0410 0.0006 0.0002 3.4027 -0.2108 -0.067613 -1.070468 11.64 
4.0269 2 1 1 0x0 3.9297 4.0703 3.93 4.07 1.0299 0.8325 0.0002 0.0003 3.4066 -0.2110 -0.070318 -1.070105 11.64 
4.0309 2 1 1 0x0 3.9297 4.0703 3.93 4.07 0.8083 0.9887 0.0003 0.0003 3.4102 -0.2113 -0.070318 -1.067203 11.63 
4.0349 2 1 1 0x0 3.9297 4.0703 3.93 4.07 1.0302 0.9470 0.0003 0.0004 3.4138 -0.2115 -0.070318 -1.064020 11.63 
4.0389 2 1 1 0x0 3.9297 4.0703 3.93 4.07 0.8740 1.0735 0.0003 0.0005 3.4175 -0.2118 -0.070318 -1.062707 11.64 
4.0429 2 1 1 0x0 3.9297 4.0703 3.93 4.07 1.0362 0.8140 0.0003 0.0005 3.4211 -0.2120 -0.070318 -1.062479 11.63 
4.0469 2 1 1 0x0 3.9297 4.0703 3.93 4.07 0.7609 1.0159 0.0003 0.0005 3.4248 -0.2123 -0.070318 -1.064271 11.64 
4.0509 2 1 1 0x0 3.9297 4.0703 3.93 4.07 1.0457 0.8704 0.0003 0.0006 3.4284 -0.2125 -0.070318 -1.072773 11.64 
4.0549 2 1 1 0x0 3.9324 4.0676 3.93 4.07 0.9984 1.0307 0.0007 0.0007 3.4319 -0.2128 -0.067613 -1.073708 11.63 
4.0589 2 1 1 0x0 3.9351 4.0649 3.94 4.06 0.8445 1.0154 0.0006 0.0003 3.4357 -0.2130 -0.064909 -1.067906 11.63 
4.0629 2 1 1 0x0 3.9351 4.0649 3.94 4.06 1.0160 0.9251 0.0005 0.0004 3.4393 -0.2133 -0.064909 -1.064714 11.63 
4.0669 2 1 1 0x0 3.9351 4.0649 3.94 4.06 0.7639 1.0280 0.0004 0.0004 3.4430 -0.2135 -0.064909 -1.062087 11.63 
4.0709 2 1 1 0x0 3.9351 4.0649 3.94 4.06 0.9828 0.7561 0.0003 0.0004 3.4466 -0.2138 -0.064909 -1.059384 11.63 
4.0749 2 1 1 0x0 3.9378 4.0622 3.94 4.06 0.9445 1.0443 0.0006 0.0004 3.4501 -0.2140 -0.062204 -1.060326 11.63 
4.0789 2 1 1 0x0 3.9378 4.0622 3.94 4.06 0.8331 0.8506 0.0006 0.0004 3.4537 -0.2142 -0.062204 -1.060172 11.62 
4.0829 2 1 1 0x0 3.9378 4.0622 3.94 4.06 1.0271 1.0556 0.0005 0.0006 3.4574 -0.2144 -0.062204 -1.060896 11.63 
4.0869 2 1 1 0x0 3.9405 4.0595 3.94 4.06 0.8081 1.0356 0.0005 0.0002 3.4612 -0.2147 -0.059500 -1.064292 11.64 
4.0909 2 1 1 0x0 3.9405 4.0595 3.94 4.06 1.0293 0.9675 0.0006 0.0003 3.4648 -0.2149 -0.059500 -1.064191 11.63 
4.0949 2 1 1 0x0 3.9405 4.0595 3.94 4.06 0.8784 1.0465 0.0006 0.0004 3.4685 -0.2151 -0.059500 -1.062704 11.64 
4.0989 2 1 1 0x0 3.9405 4.0595 3.94 4.06 1.0223 0.7449 0.0006 0.0004 3.4721 -0.2153 -0.059500 -1.064368 11.64 
4.1029 2 1 1 0x0 3.9405 4.0595 3.94 4.06 0.7695 0.9978 0.0006 0.0003 3.4758 -0.2156 -0.059500 -1.068439 11.63 
4.1069 2 1 1 0x0 3.9351 4.0649 3.94 4.06 0.8938 0.9629 0.0002 0.0007 3.4794 -0.2158 -0.064909 -1.063946 11.63 
4.1109 2 1 1 0x0 3.9351 4.0649 3.94 4.06 1.0055 0.9103 0.0002 0.0006 3.4831 -0.2160 -0.064909 -1.060476 11.63 
4.1149 2 1 1 0x0 3.9378 4.0622 3.94 4.06 0.9614 0.9814 0.0006 0.0006 3.4865 -0.2162 -0.062204 -1.056948 11.63 
4.1189 2 1 1 0x0 3.9378 4.0622 3.94 4.06 0.7553 0.7828 0.0005 0.0005 3.4902 -0.2165 -0.062204 -1.055840 11.63 
4.1229 2 1 1 0x0 3.9378 4.0622 3.94 4.06 0.9974 0.9978 0.0004 0.0005 3.4938 -0.2167 -0.062204 -1.055809 11.63 
4.1269 2 1 1 0x0 3.9378 4.0622 3.94 4.06 0.8442 0.9392 0.0003 0.0005 3.4974 -0.2169 -0.062204 -1.056871 11.64 
4.1309 2 1 1 0x0 3.9378 4.0622 3.94 4.06 0.9462 1.0102 0.0003 0.0006 3.5011 -0.2171 -0.062204 -1.058332 11.63 
4.1349 2 1 1 0x0 3.9378 4.0622 3.94 4.06 0.8173 0.7664 0.0003 0.0006 3.5047 -0.2173 -0.062204 -1.058177 11.63 
4.1389 2 1 1 0x0 3.9405 4.0595 3.94 4.06 1.0192 0.9399 0.0003 0.0003 3.5086 -0.2176 -0.059500 -1.059620 11.63 
4.1429 2 1 1 0x0 3.9405 4.0595 3.94 4.06 0.8827 1.0100 0.0003 0.0004 3.5122 -0.2178 -0.059500 -1.061040 11.63 
4.1469 2 1 1 0x0 3.9405 4.0595 3.94 4.06 1.0169 0.8094 0.0003 0.0005 3.5159 -0.2180 -0.059500 -1.057802 11.62 
4.1509 2 1 1 0x0 3.9405 4.0595 3.94 4.06 0.7733 1.0234 0.0003 0.0005 3.5195 -0.2182 -0.059500 -1.057677 11.63 
4.1549 2 1 1 0x0 3.9405 4.0595 3.94 4.06 1.0159 0.8608 0.0003 0.0004 3.5232 -0.2184 -0.059500 -1.055339 11.63 
4.1589 2 1 1 0x0 3.9405 4.0595 3.94 4.06 0.8872 0.9794 0.0004 0.0003 3.5268 -0.2187 -0.059500 -1.052676 11.63 
4.1629 2 1 1 0x0 3.9378 4.0622 3.94 4.06 1.0080 1.0108 0.0004 0.0007 3.5302 -0.2189 -0.062204 -1.052836 11.63 
4.1669 2 1 1 0x0 3.9378 4.0622 3.94 4.06 0.7787 0.7639 0.0004 0.0006 3.5339 -0.2191 -0.062204 -1.054245 11.62 
4.1709 2 1 1 0x0 3.9378 4.0622 3.94 4.06 1.0038 1.0327 0.0005 0.0006 3.5375 -0.2193 -0.062204 -1.054378 11.63 
4.1749 2 1 1 0x0 3.9405 4.0595 3.94 4.06 0.8499 1.0180 0.0006 0.0002 3.5414 -0.2195 -0.059500 -1.057471 11.63 
4.1789 2 1 1 0x0 3.9405 4.0595 3.94 4.06 1.0573 0.8024 0.0007 0.0003 3.5450 -0.2198 -0.059500 -1.062429 11.62 
4.1829 2 1 1 0x0 3.9378 4.0622 3.94 4.06 1.0380 1.0319 0.0003 0.0005 3.5489 -0.2200 -0.062204 -1.060654 11.63 
4.1869 2 1 1 0x0 3.9378 4.0622 3.94 4.06 0.8769 0.9109 0.0003 0.0006 3.5525 -0.2202 -0.062204 -1.059646 11.63 
4.1909 2 1 1 0x0 3.9378 4.0622 3.94 4.06 1.0189 1.0473 0.0004 0.0007 3.5562 -0.2204 -0.062204 -1.060237 11.63 
4.1949 2 1 1 0x0 3.9378 4.0622 3.94 4.06 0.7679 0.7421 0.0004 0.0005 3.5598 -0.2207 -0.062204 -1.057640 11.63 
4.1989 2 1 1 0x0 3.9378 4.0622 3.94 4.06 0.9765 0.9430 0.0003 0.0004 3.5635 -0.2209 -0.062204 -1.054937 11.63 
4.2029 2 1 1 0x0 3.9405 4.0595 3.94 4.06 0.9431 0.8730 0.0006 0.0003 3.5669 -0.2211 -0.059500 -1.062327 11.63 
4.2069 2 1 1 0x0 3.9405 4.0595 3.94 4.06 0.8858 0.9632 0.0005 0.0003 3.5705 -0.2213 -0.059500 -1.064853 11.63 
4.2109 2 1 1 0x0 3.9378 4.0622 3.94 4.06 1.0256 1.0639 0.0005 0.0007 3.5740 -0.2215 -0.062204 -1.061985 11.63 
4.2149 2 1 1 0x0 3.9378 4.0622 3.94 4.06 0.7634 0.7748 0.0004 0.0006 3.5776 -0.2218 -0.062204 -1.056700 11.63 
4.2189 2 1 1 0x0 3.9378 4.0622 3.94 4.06 1.0436 1.0136 0.0003 0.0006 3.5813 -0.2220 -0.062204 -1.055509 11.63 
4.2229 2 1 1 0x0 3.9378 4.0622 3.94 4.06 0.9144 0.8711 0.0003 0.0006 3.5849 -0.2222 -0.062204 -1.056805 11.63 
4.2269 2 1 1 0x0 3.9378 4.0622 3.94 4.06 0.9805 1.0298 0.0003 0.0006 3.5886 -0.2224 -0.062204 -1.057843 11.63 
4.2309 2 1 1 0x0 3.9378 4.0622 3.94 4.06 0.9971 0.7951 0.0007 0.0006 3.5922 -0.2226 -0.062204 -1.065887 11.64 
4.2349 2 1 1 0x0 3.9405 4.0595 3.94 4.06 1.0539 0.8697 0.0003 0.0002 3.5961 -0.2229 -0.059500 -1.071390 11.62 
4.2389 2 1 1 0x0 3.9405 4.0595 3.94 4.06 0.8129 1.0290 0.0003 0.0003 3.5997 -0.2231 -0.059500 -1.071938 11.63 
4.2429 2 1 1 0x0 3.9405 4.0595 3.94 4.06 0.9778 0.7559 0.0003 0.0004 3.6033 -0.2233 -0.059500 -1.071116 11.63 
4.2469 2 1 1 0x0 3.9405 4.0595 3.94 4.06 0.7919 0.9811 0.0003 0.0002 3.6070 -0.2235 -0.059500 -1.067478 11.63 
4.2509 2 1 1 0x0 3.9405 4.0595 3.94 4.06 0.7743 0.9491 0.0006 0.0006 3.6102 -0.2237 -0.059500 -1.063464 11.63 
4.2549 2 1 1 0x0 3.9405 4.0595 3.94 4.06 0.9734 0.8678 0.0004 0.0005 3.6139 -0.2239 -0.059500 -1.062835 11.62 
4.2589 2 1 1 0x0 3.9405 4.0595 3.94 4.06 0.8048 0.9683 0.0003 0.0005 3.6175 -0.2242 -0.059500 -1.062780 11.63 
4.2629 2 1 1 0x0 3.9405 4.0595 3.94 4.06 1.0043 0.7920 0.0002 0.0005 3.6212 -0.2244 -0.059500 -1.062970 11.64 
4.2669 2 1 1 0x0 3.9432 4.0568 3.94 4.06 0.9604 0.9833 0.0006 0.0005 3.6246 -0.2246 -0.056795 -1.063892 11.63 
4.2709 2 1 1 0x0 3.9432 4.0568 3.94 4.06 0.8052 0.8958 0.0006 0.0006 3.6282 -0.2248 -0.056795 -1.065346 11.63 
4.2749 2 1 1 0x0 3.9432 4.0568 3.94 4.06 1.0374 1.0659 0.0005 0.0007 3.6319 -0.2250 -0.056795 -1.065404 11.64 
4.2789 2 1 1 0x0 3.9459 4.0541 3.95 4.05 0.8703 1.0481 0.0006 0.0003 3.6357 -0.2252 -0.054091 -1.067168 11.63 
4.2829 2 1 1 0x0 3.9459 4.0541 3.95 4.05 1.0328 0.8992 0.0006 0.0004 3.6394 -0.2254 -0.054091 -1.071308 11.63 
4.2869 2 1 1 0x0 3.9459 4.0541 3.95 4.05 0.7663 1.0606 0.0006 0.0006 3.6430 -0.2256 -0.054091 -1.070275 11.63 
4.2909 2 1 1 0x0 3.9459 4.0541 3.95 4.05 0.9668 0.7376 0.0006 0.0005 3.6467 -0.2258 -0.054091 -1.065894 11.63 
4.2949 2 1 1 0x0 3.9432 4.0568 3.94 4.06 0.8078 0.7177 0.0004 0.0006 3.6501 -0.2260 -0.056795 -1.062395 11.63 
4.2989 2 1 1 0x0 3.9459 4.0541 3.95 4.05 0.8275 0.9273 0.0007 0.0003 3.6536 -0.2262 -0.054091 -1.060629 11.63 
4.3029 2 1 1 0x0 3.9432 4.0568 3.94 4.06 0.9793 0.9581 0.0005 0.0006 3.6570 -0.2264 -0.056795 -1.060790 11.64 
4.3069 2 1 1 0x0 3.9432 4.0568 3.94 4.06 0.7858 0.9127 0.0004 0.0005 3.6607 -0.2266 -0.056795 -1.060300 11.63 
4.3109 2 1 1 0x0 3.9432 4.0568 3.94 4.06 1.0100 1.0475 0.0003 0.0004 3.6643 -0.2268 -0.056795 -1.060299 11.63 
4.3149 2 1 1 0x0 3.9459 4.0541 3.95 4.05 1.0340 0.7840 0.0006 0.0003 3.6677 -0.2270 -0.054091 -1.059237 11.63 
4.3189 2 1 1 0x0 3.9459 4.0541 3.95 4.05 0.8214 0.9947 0.0006 0.0004 3.6714 -0.2272 -0.054091 -1.058807 11.63 
4.3229 2 1 1 0x0 3.9459 4.0541 3.95 4.05 1.0383 0.8848 0.0006 0.0004 3.6750 -0.2274 -0.054091 -1.058778 11.64 
4.3269 2 1 1 0x0 3.9459 4.0541 3.95 4.05 0.7610 1.0078 0.0006 0.0005 3.6787 -0.2276 -0.054091 -1.056690 11.64 
4.3309 2 1 1 0x0 3.9459 4.0541 3.95 4.05 1.0414 0.7677 0.0006 0.0005 3.6823 -0.2278 -0.054091 -1.058751 11.64 
4.3349 2 1 1 0x0 3.9432 4.0568 3.94 4.06 1.0198 1.0939 0.0002 0.0006 3.6862 -0.2280 -0.056795 -1.057600 11.64 
4.3389 2 1 1 0x0 3.9486 4.0514 3.95 4.05 1.0337 1.0724 0.0007 0.0003 3.6898 -0.2282 -0.051386 -1.053853 11.63 
4.3429 2 1 1 0x0 3.9459 4.0541 3.95 4.05 1.0134 0.7735 0.0003 0.0005 3.6937 -0.2284 -0.054091 -1.051342 11.64 
4.3469 2 1 1 0x0 3.9459 4.0541 3.95 4.05 0.8946 1.0118 0.0004 0.0005 3.6973 -0.2286 -0.054091 -1.051320 11.63 
4.3509 2 1 1 0x0 3.9459 4.0541 3.95 4.05 1.0635 0.9274 0.0005 0.0006 3.7010 -0.2288 -0.054091 -1.050717 11.63 
4.3549 2 1 1 0x0 3.9459 4.0541 3.95 4.05 0.8393 1.0241 0.0006 0.0006 3.7046 -0.2290 -0.054091 -1.050771 11.64 
4.3589 2 1 1 0x0 3.9459 4.0541 3.95 4.05 0.9354 1.0094 0.0002 0.0002 3.7087 -0.2292 -0.054091 -1.051963 11.63 
4.3629 2 1 1 0x0 3.9459 4.0541 3.95 4.05 1.0112 0.8754 0.0003 0.0004 3.7123 -0.2294 -0.054091 -1.055071 11.63 
4.3669 2 1 1 0x0 3.9459 4.0541 3.95 4.05 0.7802 1.0214 0.0004 0.0005 3.7159 -0.2296 -0.054091 -1.053860 11.64 
4.3709 2 1 1 0x0 3.9459 4.0541 3.95 4.05 1.0729 0.7206 0.0005 0.0003 3.7196 -0.2298 -0.054091 -1.055297 11.63 
4.3749 2 1 1 0x0 3.9432 4.0568 3.94 4.06 0.9027 0.7370 0.0006 0.0006 3.7230 -0.2300 -0.056795 -1.057973 11.63 
4.3789 2 1 1 0x0 3.9432 4.0568 3.94 4.06 0.9818 0.9520 0.0007 0.0004 3.7267 -0.2302 -0.056795 -1.057817 11.63 
4.3829 2 1 1 0x0 3.9432 4.0568 3.94 4.06 0.7518 0.8651 0.0006 0.0003 3.7303 -0.2304 -0.056795 -1.056591 11.62 
4.3869 2 1 1 0x0 3.9432 4.0568 3.94 4.06 0.9408 0.9733 0.0005 0.0002 3.7340 -0.2306 -0.056795 -1.062239 11.63 
4.3909 2 1 1 0x0 3.9405 4.0595 3.94 4.06 0.8309 0.9421 0.0004 0.0006 3.7374 -0.2308 -0.059500 -1.062099 11.63 
4.3949 2 1 1 0x0 3.9405 4.0595 3.94 4.06 0.9691 0.7668 0.0003 0.0005 3.7411 -0.2310 -0.059500 -1.056892 11.63 
4.3989 2 1 1 0x0 3.9432 4.0568 3.94 4.06 0.9923 0.9641 0.0007 0.0003 3.7445 -0.2312 -0.056795 -1.051725 11.62 
4.4029 2 1 1 0x0 3.9405 4.0595 3.94 4.06 0.7396 0.9969 0.0005 0.0006 3.7479 -0.2314 -0.059500 -1.052060 11.63 
4.4069 2 1 1 0x0 3.9405 4.0595 3.94 4.06 1.0194 0.8797 0.0005 0.0004 3.7516 -0.2316 -0.059500 -1.052524 11.63 
4.4109 2 1 1 0x0 3.9405 4.0595 3.94 4.06 0.8289 1.0198 0.0005 0.0004 3.7552 -0.2319 -0.059500 -1.056507 11.61 
4.4149 2 1 1 0x0 3.9405 4.0595 3.94 4.06 0.9605 0.8022 0.0005 0.0004 3.7589 -0.2321 -0.059500 -1.066381 11.62 
4.4189 2 1 1 0x0 3.9405 4.0595 3.94 4.06 0.7655 1.0364 0.0005 0.0004 3.7625 -0.2323 -0.059500 -1.070028 11.64 
4.4229 2 1 1 0x0 3.9405 4.0595 3.94 4.06 1.0309 0.8544 0.0005 0.0005 3.7662 -0.2325 -0.059500 -1.073575 11.63 
4.4269 2 1 1 0x0 3.9405 4.0595 3.94 4.06 0.8786 1.0523 0.0005 0.0006 3.7698 -0.2327 -0.059500 -1.071068 11.63 
4.4309 2 1 1 0x0 3.9405 4.0595 3.94 4.06 1.0255 0.7825 0.0006 0.0006 3.7735 -0.2330 -0.059500 -1.067108 11.63 
4.4349 2 1 1 0x0 3.9405 4.0595 3.94 4.06 0.7561 1.0005 0.0004 0.0005 3.7771 -0.2332 -0.059500 -1.063482 11.63 
4.4389 2 1 1 0x0 3.9432 4.0568 3.94 4.06 0.6993 0.8794 0.0007 0.0005 3.7805 -0.2334 -0.056795 -1.063714 11.63 
4.4429 2 1 1 0x0 3.9432 4.0568 3.94 4.06 0.9759 1.0193 0.0005 0.0005 3.7842 -0.2336 -0.056795 -1.067684 11.62 
4.4469 2 1 1 0x0 3.9432 4.0568 3.94 4.06 0.8553 0.8009 0.0004 0.0005 3.7878 -0.2338 -0.056795 -1.068089 11.63 
4.4509 2 1 1 0x0 3.9432 4.0568 3.94 4.06 0.9968 1.0376 0.0003 0.0005 3.7915 -0.2340 -0.056795 -1.067105 11.63 
4.4549 2 1 1 0x0 3.9432 4.0568 3.94 4.06 0.8247 0.9066 0.0003 0.0006 3.7951 -0.2342 -0.056795 -1.066792 11.63 
4.4589 2 1 1 0x0 3.9432 4.0568 3.94 4.06 1.0116 1.0502 0.0003 0.0007 3.7988 -0.2344 -0.056795 -1.066946 11.63 
4.4629 2 1 1 0x0 3.9459 4.0541 3.95 4.05 0.8898 1.0345 0.0003 0.0003 3.8026 -0.2346 -0.054091 -1.070261 11.63 
4.4669 2 1 1 0x0 3.9459 4.0541 3.95 4.05 1.0800 0.9088 0.0003 0.0004 3.8063 -0.2348 -0.054091 -1.074932 11.63 
4.4709 2 1 1 0x0 3.9459 4.0541 3.95 4.05 0.8243 0.9827 0.0004 0.0004 3.8099 -0.2350 -0.054091 -1.074073 11.63 
4.4749 2 1 1 0x0 3.9459 4.0541 3.95 4.05 1.0076 0.7803 0.0004 0.0003 3.8136 -0.2352 -0.054091 -1.072198 11.63 
4.4789 2 1 1 0x0 3.9432 4.0568 3.94 4.06 0.8861 0.7232 0.0003 0.0006 3.8170 -0.2354 -0.056795 -1.069465 11.63 
4.4829 2 1 1 0x0 3.9432 4.0568 3.94 4.06 1.0208 0.9763 0.0003 0.0005 3.8206 -0.2356 -0.056795 -1.068216 11.63 
4.4869 2 1 1 0x0 3.9432 4.0568 3.94 4.06 0.8074 0.8462 0.0003 0.0004 3.8243 -0.2358 -0.056795 -1.066984 11.63 
4.4909 2 1 1 0x0 3.9432 4.0568 3.94 4.06 1.0386 0.9978 0.0002 0.0004 3.8279 -0.2360 -0.056795 -1.064501 11.63 
4.4949 2 1 1 0x0 3.9459 4.0541 3.95 4.05 0.9891 0.7714 0.0006 0.0004 3.8314 -0.2362 -0.054091 -1.061772 11.62 
4.4989 2 1 1 0x0 3.9459 4.0541 3.95 4.05 0.9010 1.0188 0.0006 0.0003 3.8350 -0.2364 -0.054091 -1.059026 11.63 
4.5029 2 1 1 0x0 3.9459 4.0541 3.95 4.05 0.9978 0.9189 0.0006 0.0003 3.8387 -0.2366 -0.054091 -1.058229 11.62 
4.5069 2 1 1 0x0 3.9459 4.0541 3.95 4.05 0.7833 1.0362 0.0006 0.0003 3.8423 -0.2368 -0.054091 -1.057616 11.63 
4.5109 2 1 1 0x0 3.9459 4.0541 3.95 4.05 1.0019 0.8360 0.0006 0.0004 3.8460 -0.2370 -0.054091 -1.057088 11.63 
4.5149 2 1 1 0x0 3.9459 4.0541 3.95 4.05 0.8463 1.0511 0.0006 0.0004 3.8496 -0.2372 -0.054091 -1.060001 11.63 
4.5189 2 1 1 0x0 3.9459 4.0541 3.95 4.05 0.9963 0.9555 0.0007 0.0005 3.8532 -0.2374 -0.054091 -1.060484 11.64 
4.5229 2 1 1 0x0 3.9432 4.0568 3.94 4.06 1.0501 0.9906 0.0003 0.0007 3.8571 -0.2376 -0.056795 -1.058417 11.63 
4.5269 2 1 1 0x0 3.9432 4.0568 3.94 4.06 0.8658 0.7776 0.0003 0.0007 3.8607 -0.2378 -0.056795 -1.057720 11.63 
4.5309 2 1 1 0x0 3.9432 4.0568 3.94 4.06 1.0323 1.0116 0.0004 0.0005 3.8644 -0.2380 -0.056795 -1.058167 11.63 
4.5349 2 1 1 0x0 3.9432 4.0568 3.94 4.06 0.8088 0.8681 0.0005 0.0004 3.8680 -0.2382 -0.056795 -1.057545 11.63 
4.5389 2 1 1 0x0 3.9432 4.0568 3.94 4.06 0.9631 0.9704 0.0005 0.0003 3.8717 -0.2384 -0.056795 -1.055406 11.61 
4.5429 2 1 1 0x0 3.9405 4.0595 3.94 4.06 0.8699 1.0011 0.0004 0.0007 3.8751 -0.2386 -0.059500 -1.052580 11.63 
4.5469 2 1 1 0x0 3.9405 4.0595 3.94 4.06 0.9734 0.7696 0.0004 0.0006 3.8788 -0.2388 -0.059500 -1.049202 11.63 
4.5509 2 1 1 0x0 3.9405 4.0595 3.94 4.06 0.7970 0.9566 0.0003 0.0006 3.8824 -0.2390 -0.059500 -1.048906 11.63 
4.5549 2 1 1 0x0 3.9405 4.0595 3.94 4.06 0.9829 0.8625 0.0003 0.0005 3.8861 -0.2393 -0.059500 -1.051885 11.63 
4.5589 2 1 1 0x0 3.9405 4.0595 3.94 4.06 0.8631 1.0440 0.0003 0.0004 3.8897 -0.2395 -0.059500 -1.053023 11.63 
4.5629 2 1 1 0x0 3.9405 4.0595 3.94 4.06 1.0439 0.7457 0.0004 0.0003 3.8933 -0.2397 -0.059500 -1.053560 11.64 
4.5669 2 1 1 0x0 3.9405 4.0595 3.94 4.06 0.8022 0.9967 0.0004 0.0002 3.8970 -0.2399 -0.059500 -1.058156 11.63 
4.5709 2 1 1 0x0 3.9405 4.0595 3.94 4.06 1.0362 0.9394 0.0005 0.0003 3.9006 -0.2401 -0.059500 -1.064184 11.63 
4.5749 2 1 1 0x0 3.9405 4.0595 3.94 4.06 0.9336 1.0833 0.0006 0.0004 3.9043 -0.2404 -0.059500 -1.064987 11.63 
4.5789 2 1 1 0x0 3.9405 4.0595 3.94 4.06 1.0181 0.8084 0.0006 0.0004 3.9079 -0.2406 -0.059500 -1.064431 11.64 
4.5829 2 1 1 0x0 3.9405 4.0595 3.94 4.06 0.8146 0.9603 0.0006 0.0004 3.9116 -0.2408 -0.059500 -1.060096 11.65 
4.5869 2 1 1 0x0 3.9405 4.0595 3.94 4.06 0.9647 0.9107 0.0006 0.0003 3.9152 -0.2410 -0.059500 -1.060022 11.64 
4.5908 2 1 1 0x0 3.9378 4.0622 3.94 4.06 0.8643 0.8827 0.0005 0.0006 3.9187 -0.2412 -0.062204 -1.059617 11.63 
4.5948 2 1 1 0x0 3.9378 4.0622 3.94 4.06 0.9791 0.9519 0.0005 0.0005 3.9223 -0.2415 -0.062204 -1.065165 11.64 
4.5988 2 1 1 0x0 3.9378 4.0622 3.94 4.06 0.7508 0.8022 0.0004 0.0004 3.9259 -0.2417 -0.062204 -1.073231 11.62 
4.6028 2 1 1 0x0 3.9378 4.0622 3.94 4.06 0.9945 1.0382 0.0004 0.0004 3.9296 -0.2419 -0.062204 -1.074144 11.63 
4.6068 2 1 1 0x0 3.9378 4.0622 3.94 4.06 0.8485 0.9057 0.0004 0.0004 3.9332 -0.2421 -0.062204 -1.074616 11.63 
4.6108 2 1 1 0x0 3.9378 4.0622 3.94 4.06 1.0141 1.0528 0.0003 0.0005 3.9369 -0.2424 -0.062204 -1.073056 11.63 
4.6148 2 1 1 0x0 3.9405 4.0595 3.94 4.06 0.9778 0.8236 0.0006 0.0005 3.9403 -0.2426 -0.059500 -1.069723 11.63 
4.6188 2 1 1 0x0 3.9405 4.0595 3.94 4.06 0.7429 1.0020 0.0004 0.0005 3.9440 -0.2428 -0.059500 -1.066733 11.63 
4.6228 2 1 1 0x0 3.9405 4.0595 3.94 4.06 1.0185 0.9354 0.0002 0.0005 3.9476 -0.2430 -0.059500 -1.067769 11.64 
4.6268 2 1 1 0x0 3.9432 4.0568 3.94 4.06 0.9762 1.0146 0.0006 0.0006 3.9511 -0.2432 -0.056795 -1.069675 11.63 
4.6308 2 1 1 0x0 3.9432 4.0568 3.94 4.06 0.8583 0.7639 0.0006 0.0006 3.9547 -0.2434 -0.056795 -1.069033 11.63 
4.6348 2 1 1 0x0 3.9432 4.0568 3.94 4.06 0.9855 1.0286 0.0006 0.0006 3.9583 -0.2436 -0.056795 -1.070446 11.64 
4.6388 2 1 1 0x0 3.9459 4.0541 3.95 4.05 0.7894 1.0141 0.0005 0.0002 3.9622 -0.2438 -0.054091 -1.070353 11.64 
4.6428 2 1 1 0x0 3.9432 4.0568 3.94 4.06 0.9929 1.0453 0.0005 0.0007 3.9656 -0.2440 -0.056795 -1.069384 11.63 
4.6468 2 1 1 0x0 3.9432 4.0568 3.94 4.06 0.9078 0.7854 0.0006 0.0006 3.9693 -0.2442 -0.056795 -1.071217 11.64 
4.6508 2 1 1 0x0 3.9432 4.0568 3.94 4.06 1.0531 0.9953 0.0006 0.0006 3.9729 -0.2444 -0.056795 -1.072851 11.63 
4.6548 2 1 1 0x0 3.9432 4.0568 3.94 4.06 0.7530 0.8833 0.0006 0.0006 3.9766 -0.2446 -0.056795 -1.070217 11.64 
4.6588 2 1 1 0x0 3.9432 4.0568 3.94 4.06 0.9882 1.0147 0.0006 0.0006 3.9802 -0.2448 -0.056795 -1.068448 11.63 
4.6628 2 1 1 0x0 3.9432 4.0568 3.94 4.06 0.9074 0.8038 0.0006 0.0005 3.9839 -0.2451 -0.056795 -1.066921 11.63 
4.6668 2 1 1 0x0 3.9432 4.0568 3.94 4.06 1.0620 1.0320 0.0006 0.0005 3.9875 -0.2453 -0.056795 -1.066681 11.63 
4.6708 2 1 1 0x0 3.9432 4.0568 3.94 4.06 0.7873 0.9102 0.0006 0.0006 3.9912 -0.2455 -0.056795 -1.066528 11.63 
4.6748 2 1 1 0x0 3.9459 4.0541 3.95 4.05 1.0682 0.8055 0.0006 0.0003 3.9950 -0.2457 -0.054091 -1.066092 11.63 
4.6788 2 1 1 0x0 3.9432 4.0568 3.94 4.06 0.9749 1.0290 0.0002 0.0003 3.9988 -0.2459 -0.056795 -1.064534 11.63 
4.6828 2 1 1 0x0 3.9459 4.0541 3.95 4.05 0.9915 0.9144 0.0007 0.0004 4.0023 -0.2461 -0.054091 -1.062854 11.63 
4.6868 2 1 1 0x0 3.9459 4.0541 3.95 4.05 0.7844 1.0443 0.0006 0.0004 4.0059 -0.2463 -0.054091 -1.062602 11.63 
4.6908 2 1 1 0x0 3.9459 4.0541 3.95 4.05 1.0141 0.7853 0.0005 0.0003 4.0096 -0.2465 -0.054091 -1.060813 11.63 
4.6948 2 1 1 0x0 3.9459 4.0541 3.95 4.05 0.8736 0.9951 0.0004 0.0003 4.0132 -0.2467 -0.054091 -1.058676 11.63 
4.6988 2 1 1 0x0 3.9459 4.0541 3.95 4.05 0.9784 0.9392 0.0003 0.0003 4.0169 -0.2469 -0.054091 -1.064051 11.62 
4.7028 2 1 1 0x0 3.9486 4.0514 3.95 4.05 1.0047 0.9479 0.0006 0.0003 4.0203 -0.2471 -0.051386 -1.061841 11.64 
4.7068 2 1 1 0x0 3.9459 4.0541 3.95 4.05 0.7748 1.0452 0.0005 0.0007 4.0238 -0.2473 -0.054091 -1.058745 11.62 
4.7108 2 1 1 0x0 3.9486 4.0514 3.95 4.05 1.0237 1.0323 0.0005 0.0003 4.0276 -0.2475 -0.051386 -1.059371 11.63 
4.7148 2 1 1 0x0 3.9486 4.0514 3.95 4.05 0.9334 0.9079 0.0005 0.0003 4.0313 -0.2477 -0.051386 -1.059597 11.63 
4.7188 2 1 1 0x0 3.9486 4.0514 3.95 4.05 1.0211 0.9822 0.0005 0.0003 4.0349 -0.2479 -0.051386 -1.059530 11.63 
4.7228 2 1 1 0x0 3.9486 4.0514 3.95 4.05 0.7732 0.7817 0.0006 0.0003 4.0385 -0.2481 -0.051386 -1.058829 11.63 
4.7268 2 1 1 0x0 3.9486 4.0514 3.95 4.05 1.0133 1.0002 0.0006 0.0003 4.0422 -0.2482 -0.051386 -1.060248 11.63 
4.7308 2 1 1 0x0 3.9459 4.0541 3.95 4.05 1.0634 0.8805 0.0002 0.0004 4.0460 -0.2485 -0.054091 -1.057938 11.64 
4.7348 2 1 1 0x0 3.9459 4.0541 3.95 4.05 0.7905 0.9544 0.0003 0.0003 4.0497 -0.2487 -0.054091 -1.057589 11.63 
4.7388 2 1 1 0x0 3.9432 4.0568 3.94 4.06 1.0556 0.9866 0.0003 0.0006 4.0531 -0.2488 -0.056795 -1.062017 11.63 
4.7428 2 1 1 0x0 3.9432 4.0568 3.94 4.06 0.8622 0.7392 0.0004 0.0004 4.0568 -0.2490 -0.056795 -1.060985 11.63 
4.7468 2 1 1 0x0 3.9432 4.0568 3.94 4.06 1.0400 1.0087 0.0005 0.0004 4.0604 -0.2493 -0.056795 -1.059115 11.63 
4.7508 2 1 1 0x0 3.9432 4.0568 3.94 4.06 0.7575 0.8737 0.0004 0.0003 4.0641 -0.2495 -0.056795 -1.056308 11.63 
4.7548 2 1 1 0x0 3.9432 4.0568 3.94 4.06 0.9836 1.0258 0.0004 0.0004 4.0677 -0.2497 -0.056795 -1.062092 11.63 
4.7588 2 1 1 0x0 3.9432 4.0568 3.94 4.06 0.8553 0.7563 0.0003 0.0004 4.0714 -0.2499 -0.056795 -1.060872 11.62 
4.7628 2 1 1 0x0 3.9432 4.0568 3.94 4.06 0.9896 0.9762 0.0003 0.0004 4.0750 -0.2501 -0.056795 -1.056218 11.63 
4.7668 2 1 1 0x0 3.9432 4.0568 3.94 4.06 0.7861 0.9597 0.0003 0.0005 4.0786 -0.2503 -0.056795 -1.056351 11.63 
4.7708 2 1 1 0x0 3.9432 4.0568 3.94 4.06 1.0030 1.0570 0.0002 0.0006 4.0823 -0.2505 -0.056795 -1.058072 11.63 
4.7748 2 1 1 0x0 3.9459 4.0541 3.95 4.05 0.8462 1.0397 0.0003 0.0002 4.0861 -0.2507 -0.054091 -1.058546 11.63 
4.7788 2 1 1 0x0 3.9459 4.0541 3.95 4.05 0.9974 0.9638 0.0003 0.0003 4.0898 -0.2509 -0.054091 -1.065099 11.63 
4.7828 2 1 1 0x0 3.9459 4.0541 3.95 4.05 0.7848 1.0530 0.0003 0.0004 4.0934 -0.2511 -0.054091 -1.068356 11.62 
4.7868 2 1 1 0x0 3.9459 4.0541 3.95 4.05 1.0728 0.8262 0.0003 0.0005 4.0971 -0.2513 -0.054091 -1.065165 11.63 
4.7908 2 1 1 0x0 3.9459 4.0541 3.95 4.05 0.8937 0.9979 0.0002 0.0005 4.1007 -0.2515 -0.054091 -1.061583 11.63 
4.7948 2 1 1 0x0 3.9486 4.0514 3.95 4.05 0.8206 0.8291 0.0006 0.0004 4.1042 -0.2517 -0.051386 -1.057984 11.62 
4.7988 2 1 1 0x0 3.9486 4.0514 3.95 4.05 0.9884 0.9576 0.0004 0.0002 4.1078 -0.2519 -0.051386 -1.054685 11.62 
4.8028 2 1 1 0x0 3.9459 4.0541 3.95 4.05 0.7812 0.9891 0.0003 0.0006 4.1113 -0.2520 -0.054091 -1.055146 11.64 
4.8068 2 1 1 0x0 3.9486 4.0514 3.95 4.05 0.7652 0.7759 0.0006 0.0005 4.1147 -0.2522 -0.051386 -1.059235 11.63 
4.8108 2 1 1 0x0 3.9486 4.0514 3.95 4.05 0.9765 1.0109 0.0005 0.0005 4.1183 -0.2524 -0.051386 -1.060515 11.64 
4.8148 2 1 1 0x0 3.9486 4.0514 3.95 4.05 0.8643 0.8724 0.0005 0.0006 4.1220 -0.2526 -0.051386 -1.060990 11.64 
4.8188 2 1 1 0x0 3.9486 4.0514 3.95 4.05 1.0424 1.1030 0.0006 0.0006 4.1256 -0.2528 -0.051386 -1.061420 11.64 
4.8228 2 1 1 0x0 3.9486 4.0514 3.95 4.05 0.8013 0.7980 0.0006 0.0006 4.1293 -0.2530 -0.051386 -1.061468 11.63 
4.8268 2 1 1 0x0 3.9513 4.0487 3.95 4.05 1.0356 0.8729 0.0006 0.0003 4.1331 -0.2532 -0.048682 -1.066353 11.64 
4.8308 2 1 1 0x0 3.9486 4.0514 3.95 4.05 1.0816 1.0244 0.0003 0.0004 4.1370 -0.2534 -0.051386 -1.068849 11.64 
4.8348 2 1 1 0x0 3.9486 4.0514 3.95 4.05 0.7800 0.7981 0.0003 0.0005 4.1406 -0.2535 -0.051386 -1.064548 11.63 
4.8388 2 1 1 0x0 3.9486 4.0514 3.95 4.05 1.0113 0.9751 0.0003 0.0005 4.1443 -0.2537 -0.051386 -1.060266 11.64 
4.8428 2 1 1 0x0 3.9513 4.0487 3.95 4.05 0.9759 0.8451 0.0006 0.0004 4.1477 -0.2539 -0.048682 -1.057964 11.64 
4.8468 2 1 1 0x0 3.9513 4.0487 3.95 4.05 0.8518 0.9998 0.0005 0.0003 4.1514 -0.2541 -0.048682 -1.057915 11.63 
4.8508 2 1 1 0x0 3.9486 4.0514 3.95 4.05 1.0046 0.9672 0.0004 0.0007 4.1548 -0.2542 -0.051386 -1.058956 11.63 
4.8548 2 1 1 0x0 3.9513 4.0487 3.95 4.05 1.0320 0.7908 0.0007 0.0006 4.1583 -0.2544 -0.048682 -1.059748 11.63 
4.8588 2 1 1 0x0 3.9486 4.0514 3.95 4.05 1.0271 0.9862 0.0002 0.0006 4.1621 -0.2546 -0.051386 -1.059991 11.63 
4.8628 2 1 1 0x0 3.9513 4.0487 3.95 4.05 0.9751 0.8413 0.0007 0.0006 4.1655 -0.2548 -0.048682 -1.060152 11.63 
4.8668 2 1 1 0x0 3.9486 4.0514 3.95 4.05 1.0232 1.0015 0.0003 0.0007 4.1694 -0.2550 -0.051386 -1.061285 11.63 
4.8708 2 1 1 0x0 3.9540 4.0460 3.95 4.05 1.0387 0.9872 0.0007 0.0003 4.1730 -0.2551 -0.045977 -1.060151 11.64 
4.8748 2 1 1 0x0 3.9513 4.0487 3.95 4.05 1.0221 0.9496 0.0003 0.0004 4.1769 -0.2553 -0.048682 -1.057709 11.63 
4.8788 2 1 1 0x0 3.9513 4.0487 3.95 4.05 0.8889 1.0686 0.0004 0.0005 4.1805 -0.2555 -0.048682 -1.057128 11.64 
4.8828 2 1 1 0x0 3.9513 4.0487 3.95 4.05 1.0758 0.7734 0.0005 0.0005 4.1842 -0.2557 -0.048682 -1.052822 11.63 
4.8868 2 1 1 0x0 3.9513 4.0487 3.95 4.05 0.8324 0.9525 0.0005 0.0005 4.1878 -0.2559 -0.048682 -1.049587 11.63 
4.8908 2 1 1 0x0 3.9513 4.0487 3.95 4.05 1.0618 0.8653 0.0006 0.0004 4.1915 -0.2560 -0.048682 -1.049416 11.63 
4.8948 2 1 1 0x0 3.9486 4.0514 3.95 4.05 1.0284 0.9729 0.0003 0.0003 4.1953 -0.2562 -0.051386 -1.048534 11.63 
4.8988 2 1 1 0x0 3.9459 4.0541 3.95 4.05 0.8165 1.0034 0.0004 0.0007 4.1988 -0.2564 -0.054091 -1.048625 11.64 
4.9028 2 1 1 0x0 3.9486 4.0514 3.95 4.05 1.0798 0.9903 0.0005 0.0003 4.2026 -0.2566 -0.051386 -1.048484 11.63 
4.9068 2 1 1 0x0 3.9486 4.0514 3.95 4.05 0.8500 0.8891 0.0005 0.0004 4.2063 -0.2568 -0.051386 -1.050142 11.63 
4.9108 2 1 1 0x0 3.9486 4.0514 3.95 4.05 0.9883 1.0027 0.0006 0.0005 4.2099 -0.2570 -0.051386 -1.047990 11.63 
4.9148 2 1 1 0x0 3.9486 4.0514 3.95 4.05 0.7520 0.7708 0.0006 0.0006 4.2136 -0.2572 -0.051386 -1.047941 11.63 
4.9188 2 1 1 0x0 3.9486 4.0514 3.95 4.05 0.9865 0.9548 0.0006 0.0006 4.2172 -0.2574 -0.051386 -1.049220 11.63 
4.9228 2 1 1 0x0 3.9459 4.0541 3.95 4.05 1.0359 0.8620 0.0002 0.0004 4.2211 -0.2576 -0.054091 -1.048394 11.63 
4.9268 2 1 1 0x0 3.9486 4.0514 3.95 4.05 1.0577 0.9782 0.0006 0.0002 4.2245 -0.2578 -0.051386 -1.048941 11.62 
4.9308 2 1 1 0x0 3.9459 4.0541 3.95 4.05 0.7863 1.0100 0.0006 0.0006 4.2279 -0.2579 -0.054091 -1.057781 11.63 
4.9348 2 1 1 0x0 3.9459 4.0541 3.95 4.05 1.0028 0.7265 0.0005 0.0005 4.2316 -0.2581 -0.054091 -1.059072 11.62 
4.9388 2 1 1 0x0 3.9459 4.0541 3.95 4.05 0.8413 1.0350 0.0005 0.0004 4.2352 -0.2583 -0.054091 -1.054455 11.63 
4.9428 2 1 1 0x0 3.9459 4.0541 3.95 4.05 1.0087 0.9070 0.0005 0.0004 4.2389 -0.2585 -0.054091 -1.047192 11.62 
4.9468 2 1 1 0x0 3.9459 4.0541 3.95 4.05 0.7367 1.0526 0.0004 0.0005 4.2425 -0.2587 -0.054091 -1.045343 11.63 
4.9508 2 1 1 0x0 3.9459 4.0541 3.95 4.05 1.0123 0.7818 0.0005 0.0005 4.2462 -0.2589 -0.054091 -1.046323 11.63 
4.9548 2 1 1 0x0 3.9459 4.0541 3.95 4.05 0.8403 1.0017 0.0005 0.0005 4.2498 -0.2591 -0.054091 -1.047689 11.63 
4.9588 2 1 1 0x0 3.9459 4.0541 3.95 4.05 1.0022 0.9356 0.0005 0.0006 4.2535 -0.2593 -0.054091 -1.057541 11.63 
4.9628 2 1 1 0x0 3.9486 4.0514 3.95 4.05 0.8292 0.8246 0.0006 0.0003 4.2573 -0.2595 -0.051386 -1.064599 11.62 
4.9668 2 1 1 0x0 3.9459 4.0541 3.95 4.05 0.9807 1.0687 0.0002 0.0004 4.2612 -0.2597 -0.054091 -1.067478 11.63 
4.9708 2 1 1 0x0 3.9459 4.0541 3.95 4.05 1.0300 0.8837 0.0003 0.0005 4.2648 -0.2599 -0.054091 -1.067766 11.63 
4.9748 2 1 1 0x0 3.9459 4.0541 3.95 4.05 0.8138 1.0143 0.0004 0.0004 4.2685 -0.2601 -0.054091 -1.064119 11.63 
4.9788 2 1 1 0x0 3.9432 4.0568 3.94 4.06 1.0262 0.9825 0.0004 0.0007 4.2719 -0.2603 -0.056795 -1.059905 11.63 
4.9828 2 1 1 0x0 3.9459 4.0541 3.95 4.05 0.9290 0.7792 0.0007 0.0005 4.2753 -0.2605 -0.054091 -1.058163 11.63 
4.9868 2 1 1 0x0 3.9459 4.0541 3.95 4.05 0.9498 0.9439 0.0005 0.0004 4.2790 -0.2607 -0.054091 -1.061154 11.62 
4.9908 2 1 1 0x0 3.9459 4.0541 3.95 4.05 1.0160 0.8733 0.0005 0.0003 4.2826 -0.2609 -0.054091 -1.062582 11.62 
4.9948 2 1 1 0x0 3.9459 4.0541 3.95 4.05 0.8114 1.0253 0.0004 0.0003 4.2863 -0.2611 -0.054091 -1.061697 11.64 
4.9988 2 1 1 0x0 3.9459 4.0541 3.95 4.05 1.0224 0.7976 0.0004 0.0003 4.2899 -0.2613 -0.054091 -1.060990 11.63 
5.0028 2 1 1 0x0 3.9459 4.0541 3.95 4.05 0.8822 0.9751 0.0004 0.0003 4.2936 -0.2615 -0.054091 -1.060822 11.63 
5.0068 2 1 1 0x0 3.9459 4.0541 3.95 4.05 1.0118 0.9015 0.0005 0.0004 4.2972 -0.2617 -0.054091 -1.064849 11.63 
5.0108 2 1 1 0x0 3.9459 4.0541 3.95 4.05 0.7801 0.9894 0.0005 0.0005 4.3009 -0.2619 -0.054091 -1.070198 11.63 
5.0148 2 1 1 0x0 3.9459 4.0541 3.95 4.05 0.9988 0.7799 0.0006 0.0006 4.3045 -0.2621 -0.054091 -1.072294 11.63 
5.0188 2 1 1 0x0 3.9459 4.0541 3.95 4.05 1.0463 1.0004 0.0002 0.0006 4.3086 -0.2623 -0.054091 -1.069776 11.63 
5.0228 2 1 1 0x0 3.9459 4.0541 3.95 4.05 1.0677 0.8301 0.0006 0.0006 4.3118 -0.2625 -0.054091 -1.065726 11.63 
5.0268 2 1 1 0x0 3.9459 4.0541 3.95 4.05 0.7419 0.9550 0.0005 0.0005 4.3154 -0.2627 -0.054091 -1.063991 11.64 
5.0308 2 1 1 0x0 3.9459 4.0541 3.95 4.05 1.0082 0.7585 0.0005 0.0004 4.3191 -0.2629 -0.054091 -1.063135 11.63 
5.0348 2 1 1 0x0 3.9459 4.0541 3.95 4.05 0.8929 0.9735 0.0005 0.0004 4.3227 -0.2631 -0.054091 -1.062461 11.63 
5.0388 2 1 1 0x0 3.9459 4.0541 3.95 4.05 1.0730 0.9011 0.0006 0.0004 4.3264 -0.2633 -0.054091 -1.061711 11.63 
5.0428 2 1 1 0x0 3.9459 4.0541 3.95 4.05 0.8301 0.9892 0.0006 0.0004 4.3300 -0.2635 -0.054091 -1.060518 11.63 
5.0468 2 1 1 0x0 3.9432 4.0568 3.94 4.06 1.0633 0.8213 0.0006 0.0004 4.3339 -0.2637 -0.056795 -1.060675 11.64 
5.0508 2 1 1 0x0 3.9432 4.0568 3.94 4.06 1.0311 1.0049 0.0003 0.0005 4.3375 -0.2639 -0.056795 -1.060579 11.63 
5.0548 2 1 1 0x0 3.9432 4.0568 3.94 4.06 0.8137 0.9326 0.0004 0.0006 4.3412 -0.2641 -0.056795 -1.059649 11.64 
5.0588 2 1 1 0x0 3.9432 4.0568 3.94 4.06 1.0842 1.0925 0.0005 0.0007 4.3448 -0.2643 -0.056795 -1.061047 11.64 
5.0628 2 1 1 0x0 3.9459 4.0541 3.95 4.05 0.8479 1.0006 0.0005 0.0004 4.3487 -0.2645 -0.054091 -1.060693 11.63 
5.0668 2 1 1 0x0 3.9459 4.0541 3.95 4.05 1.0514 0.9365 0.0007 0.0005 4.3523 -0.2647 -0.054091 -1.058108 11.64 
5.0708 2 1 1 0x0 3.9432 4.0568 3.94 4.06 1.0233 1.0158 0.0003 0.0005 4.3562 -0.2650 -0.056795 -1.056659 11.63 
5.0748 2 1 1 0x0 3.9432 4.0568 3.94 4.06 0.8915 0.7234 0.0005 0.0004 4.3598 -0.2652 -0.056795 -1.056081 11.63 
5.0788 2 1 1 0x0 3.9432 4.0568 3.94 4.06 0.9973 0.9735 0.0006 0.0002 4.3634 -0.2654 -0.056795 -1.054294 11.63 
5.0828 2 1 1 0x0 3.9405 4.0595 3.94 4.06 0.7852 1.0043 0.0005 0.0006 4.3669 -0.2656 -0.059500 -1.052367 11.63 
5.0868 2 1 1 0x0 3.9405 4.0595 3.94 4.06 0.9961 0.8753 0.0005 0.0005 4.3705 -0.2658 -0.059500 -1.051117 11.63 
5.0908 2 1 1 0x0 3.9405 4.0595 3.94 4.06 0.9002 1.0226 0.0005 0.0006 4.3742 -0.2660 -0.059500 -1.049360 11.63 
5.0948 2 1 1 0x0 3.9405 4.0595 3.94 4.06 0.9959 0.7591 0.0005 0.0006 4.3778 -0.2662 -0.059500 -1.047978 11.64 
5.0988 2 1 1 0x0 3.9405 4.0595 3.94 4.06 0.7869 0.9726 0.0005 0.0005 4.3815 -0.2664 -0.059500 -1.049463 11.64 
5.1028 2 1 1 0x0 3.9405 4.0595 3.94 4.06 1.0659 0.8491 0.0005 0.0005 4.3851 -0.2667 -0.059500 -1.048426 11.63 
5.1068 2 1 1 0x0 3.9378 4.0622 3.94 4.06 1.0348 0.9937 0.0002 0.0004 4.3890 -0.2669 -0.062204 -1.048486 11.64 
5.1108 2 1 1 0x0 3.9378 4.0622 3.94 4.06 0.7678 0.7354 0.0003 0.0003 4.3926 -0.2671 -0.062204 -1.054842 11.63 
5.1148 2 1 1 0x0 3.9378 4.0622 3.94 4.06 1.0163 1.0159 0.0004 0.0002 4.3963 -0.2674 -0.062204 -1.058952 11.63 
5.1188 2 1 1 0x0 3.9351 4.0649 3.94 4.06 0.8905 0.9801 0.0004 0.0007 4.3997 -0.2676 -0.064909 -1.056796 11.63 
5.1228 2 1 1 0x0 3.9351 4.0649 3.94 4.06 0.9976 0.8932 0.0005 0.0006 4.4033 -0.2678 -0.064909 -1.051701 11.64 
5.1268 2 1 1 0x0 3.9351 4.0649 3.94 4.06 0.7864 1.0051 0.0005 0.0005 4.4070 -0.2680 -0.064909 -1.049082 11.64 
5.1308 2 1 1 0x0 3.9351 4.0649 3.94 4.06 0.9960 0.7282 0.0005 0.0003 4.4106 -0.2683 -0.064909 -1.049075 11.64 
5.1348 2 1 1 0x0 3.9351 4.0649 3.94 4.06 0.8524 0.9654 0.0005 0.0002 4.4143 -0.2685 -0.064909 -1.049461 11.63 
5.1388 2 1 1 0x0 3.9351 4.0649 3.94 4.06 0.9872 0.9084 0.0006 0.0003 4.4179 -0.2688 -0.064909 -1.057081 11.64 
5.1428 2 1 1 0x0 3.9351 4.0649 3.94 4.06 0.7531 1.0496 0.0006 0.0004 4.4216 -0.2690 -0.064909 -1.065119 11.63 
5.1468 2 1 1 0x0 3.9324 4.0676 3.93 4.07 0.9293 0.7837 0.0002 0.0004 4.4254 -0.2693 -0.067613 -1.066982 11.63 
5.1508 2 1 1 0x0 3.9324 4.0676 3.93 4.07 1.0958 0.9966 0.0003 0.0005 4.4290 -0.2695 -0.067613 -1.066844 11.64 
5.1548 2 1 1 0x0 3.9351 4.0649 3.94 4.06 0.8135 1.0506 0.0003 0.0002 4.4329 -0.2698 -0.064909 -1.064767 11.64 
5.1588 2 1 1 0x0 3.9351 4.0649 3.94 4.06 0.9612 0.8277 0.0003 0.0003 4.4365 -0.2700 -0.064909 -1.061431 11.63 
5.1628 2 1 1 0x0 3.9378 4.0622 3.94 4.06 0.9278 0.9960 0.0006 0.0003 4.4400 -0.2702 -0.062204 -1.060084 11.62 
5.1668 2 1 1 0x0 3.9378 4.0622 3.94 4.06 0.8473 0.8334 0.0005 0.0003 4.4436 -0.2704 -0.062204 -1.061799 11.62 
5.1708 2 1 1 0x0 3.9378 4.0622 3.94 4.06 1.0006 1.0870 0.0005 0.0003 4.4473 -0.2707 -0.062204 -1.063892 11.64 
5.1748 2 1 1 0x0 3.9378 4.0622 3.94 4.06 0.7801 0.7630 0.0004 0.0003 4.4509 -0.2709 -0.062204 -1.061853 11.64 
5.1788 2 1 1 0x0 3.9378 4.0622 3.94 4.06 1.0082 1.0343 0.0004 0.0003 4.4545 -0.2711 -0.062204 -1.059430 11.63 
5.1828 2 1 1 0x0 3.9378 4.0622 3.94 4.06 0.8943 0.9065 0.0004 0.0003 4.4582 -0.2714 -0.062204 -1.058484 11.63 
5.1868 2 1 1 0x0 3.9378 4.0622 3.94 4.06 0.9973 1.0548 0.0005 0.0003 4.4618 -0.2716 -0.062204 -1.058571 11.62 
5.1908 2 1 1 0x0 3.9378 4.0622 3.94 4.06 0.7882 0.7806 0.0005 0.0003 4.4655 -0.2718 -0.062204 -1.062631 11.63 
5.1948 2 1 1 0x0 3.9378 4.0622 3.94 4.06 1.0585 0.9390 0.0006 0.0003 4.4691 -0.2721 -0.062204 -1.067282 11.62 
5.1988 2 1 1 0x0 3.9378 4.0622 3.94 4.06 0.8138 0.8297 0.0006 0.0003 4.4728 -0.2723 -0.062204 -1.066221 11.63 
5.2028 2 1 1 0x0 3.9378 4.0622 3.94 4.06 0.9739 0.9562 0.0007 0.0003 4.4764 -0.2725 -0.062204 -1.063810 11.64 
5.2068 2 1 1 0x0 3.9324 4.0676 3.93 4.07 1.0278 0.9868 0.0002 0.0007 4.4801 -0.2728 -0.067613 -1.061703 11.63 
5.2108 2 1 1 0x0 3.9351 4.0649 3.94 4.06 0.8782 1.0449 0.0002 0.0002 4.4839 -0.2730 -0.064909 -1.061585 11.63 
5.2148 2 1 1 0x0 3.9324 4.0676 3.93 4.07 1.0212 1.0079 0.0003 0.0006 4.4873 -0.2732 -0.067613 -1.061123 11.63 
5.2188 2 1 1 0x0 3.9351 4.0649 3.94 4.06 0.8154 0.9941 0.0003 0.0003 4.4912 -0.2735 -0.064909 -1.060191 11.64 
5.2228 2 1 1 0x0 3.9351 4.0649 3.94 4.06 1.0854 0.7753 0.0003 0.0003 4.4948 -0.2737 -0.064909 -1.058452 11.63 
5.2268 2 1 1 0x0 3.9351 4.0649 3.94 4.06 0.8949 1.0841 0.0004 0.0004 4.4985 -0.2740 -0.064909 -1.056162 11.63 
5.2308 2 1 1 0x0 3.9351 4.0649 3.94 4.06 1.0652 0.9264 0.0005 0.0004 4.5021 -0.2742 -0.064909 -1.055228 11.63 
5.2348 2 1 1 0x0 3.9351 4.0649 3.94 4.06 0.7904 1.0296 0.0005 0.0004 4.5058 -0.2744 -0.064909 -1.053426 11.63 
5.2388 2 1 1 0x0 3.9351 4.0649 3.94 4.06 1.0589 0.8381 0.0005 0.0004 4.5094 -0.2747 -0.064909 -1.053270 11.62 
5.2428 2 1 1 0x0 3.9351 4.0649 3.94 4.06 0.9163 0.9821 0.0006 0.0004 4.5130 -0.2749 -0.064909 -1.053693 11.63 
5.2468 2 1 1 0x0 3.9351 4.0649 3.94 4.06 1.0403 0.9508 0.0006 0.0004 4.5167 -0.2752 -0.064909 -1.052833 11.63 
5.2508 2 1 1 0x0 3.9324 4.0676 3.93 4.07 1.0191 0.9984 0.0002 0.0005 4.5205 -0.2754 -0.067613 -1.051366 11.64 
5.2548 2 1 1 0x0 3.9324 4.0676 3.93 4.07 0.8900 0.8148 0.0003 0.0005 4.5242 -0.2757 -0.067613 -1.051592 11.63 
5.2588 2 1 1 0x0 3.9324 4.0676 3.93 4.07 1.0697 1.0154 0.0004 0.0005 4.5278 -0.2759 -0.067613 -1.051529 11.63 
5.2628 2 1 1 0x0 3.9324 4.0676 3.93 4.07 0.7889 0.8667 0.0005 0.0004 4.5315 -0.2762 -0.067613 -1.050572 11.63 
5.2668 2 1 1 0x0 3.9324 4.0676 3.93 4.07 0.9825 0.9703 0.0005 0.0004 4.5351 -0.2764 -0.067613 -1.052726 11.63 
5.2708 2 1 1 0x0 3.9324 4.0676 3.93 4.07 0.8668 0.7484 0.0006 0.0003 4.5387 -0.2767 -0.067613 -1.051624 11.62 
5.2748 2 1 1 0x0 3.9297 4.0703 3.93 4.07 1.0332 0.7683 0.0007 0.0006 4.5422 -0.2769 -0.070318 -1.049316 11.63 
5.2788 2 1 1 0x0 3.9270 4.0730 3.93 4.07 1.0890 0.9605 0.0003 0.0005 4.5460 -0.2772 -0.073023 -1.048633 11.63 
5.2828 2 1 1 0x0 3.9270 4.0730 3.93 4.07 0.8946 0.8575 0.0003 0.0004 4.5497 -0.2774 -0.073023 -1.048204 11.63 
5.2868 2 1 1 0x0 3.9270 4.0730 3.93 4.07 0.9937 1.0524 0.0004 0.0003 4.5533 -0.2777 -0.073023 -1.047644 11.63 
5.2908 2 1 1 0x0 3.9243 4.0757 3.92 4.08 0.7915 0.9516 0.0005 0.0007 4.5568 -0.2780 -0.075727 -1.046094 11.62 
5.2948 2 1 1 0x0 3.9243 4.0757 3.92 4.08 1.0523 0.8017 0.0005 0.0006 4.5604 -0.2782 -0.075727 -1.055497 11.63 
5.2988 2 1 1 0x0 3.9243 4.0757 3.92 4.08 1.0214 0.8771 0.0002 0.0003 4.5644 -0.2785 -0.075727 -1.056715 11.63 
5.3028 2 1 1 0x0 3.9270 4.0730 3.93 4.07 1.0309 1.0210 0.0007 0.0003 4.5679 -0.2788 -0.073023 -1.055576 11.64 
5.3068 2 1 1 0x0 3.9243 4.0757 3.92 4.08 0.9528 0.7228 0.0002 0.0004 4.5717 -0.2791 -0.075727 -1.051710 11.64 
5.3108 2 1 1 0x0 3.9270 4.0730 3.93 4.07 1.0478 1.0399 0.0006 0.0003 4.5752 -0.2793 -0.073023 -1.050993 11.63 
5.3148 2 1 1 0x0 3.9270 4.0730 3.93 4.07 0.8059 0.9021 0.0005 0.0003 4.5788 -0.2796 -0.073023 -1.052582 11.63 
5.3188 2 1 1 0x0 3.9270 4.0730 3.93 4.07 1.0025 0.9904 0.0004 0.0003 4.5824 -0.2799 -0.073023 -1.055270 11.63 
5.3228 2 1 1 0x0 3.9270 4.0730 3.93 4.07 0.7779 0.7765 0.0003 0.0003 4.5861 -0.2801 -0.073023 -1.064064 11.63 
5.3268 2 1 1 0x0 3.9270 4.0730 3.93 4.07 1.0179 1.0100 0.0003 0.0003 4.5897 -0.2804 -0.073023 -1.066838 11.63 
5.3308 2 1 1 0x0 3.9270 4.0730 3.93 4.07 0.8846 0.9261 0.0003 0.0004 4.5934 -0.2807 -0.073023 -1.069210 11.64 
5.3348 2 1 1 0x0 3.9270 4.0730 3.93 4.07 1.0161 1.0272 0.0003 0.0005 4.5970 -0.2809 -0.073023 -1.070132 11.63 
5.3388 2 1 1 0x0 3.9270 4.0730 3.93 4.07 0.8149 0.7961 0.0003 0.0004 4.6007 -0.2812 -0.073023 -1.066767 11.63 
5.3428 2 1 1 0x0 3.9270 4.0730 3.93 4.07 1.0240 0.9806 0.0002 0.0003 4.6043 -0.2815 -0.073023 -1.063488 11.63 
5.3468 2 1 1 0x0 3.9270 4.0730 3.93 4.07 1.0464 0.9502 0.0007 0.0003 4.6079 -0.2817 -0.073023 -1.064653 11.63 
5.3508 2 1 1 0x0 3.9270 4.0730 3.93 4.07 1.0300 1.0724 0.0002 0.0003 4.6116 -0.2820 -0.073023 -1.066233 11.62 
5.3548 2 1 1 0x0 3.9297 4.0703 3.93 4.07 1.0471 0.7718 0.0006 0.0004 4.6150 -0.2822 -0.070318 -1.067731 11.63 
5.3588 2 1 1 0x0 3.9270 4.0730 3.93 4.07 1.0310 1.0148 0.0002 0.0005 4.6189 -0.2825 -0.073023 -1.073112 11.64 
5.3628 2 1 1 0x0 3.9270 4.0730 3.93 4.07 0.8782 0.9245 0.0003 0.0006 4.6225 -0.2828 -0.073023 -1.074765 11.63 
5.3668 2 1 1 0x0 3.9297 4.0703 3.93 4.07 1.0183 0.8161 0.0003 0.0003 4.6263 -0.2831 -0.070318 -1.073214 11.63 
5.3708 2 1 1 0x0 3.9297 4.0703 3.93 4.07 0.7746 1.0114 0.0003 0.0003 4.6300 -0.2833 -0.070318 -1.072696 11.63 
5.3748 2 1 1 0x0 3.9297 4.0703 3.93 4.07 1.0153 0.8706 0.0004 0.0003 4.6336 -0.2836 -0.070318 -1.074467 11.62 
5.3788 2 1 1 0x0 3.9297 4.0703 3.93 4.07 0.8912 0.9661 0.0004 0.0002 4.6373 -0.2838 -0.070318 -1.069881 11.63 
5.3828 2 1 1 0x0 3.9270 4.0730 3.93 4.07 1.0052 0.9992 0.0004 0.0005 4.6407 -0.2841 -0.073023 -1.066634 11.63 
5.3868 2 1 1 0x0 3.9270 4.0730 3.93 4.07 0.7704 0.7699 0.0003 0.0004 4.6443 -0.2843 -0.073023 -1.063381 11.63 
5.3908 2 1 1 0x0 3.9297 4.0703 3.93 4.07 0.7910 1.0202 0.0006 0.0004 4.6478 -0.2846 -0.070318 -1.061962 11.63 
5.3948 2 1 1 0x0 3.9297 4.0703 3.93 4.07 1.0067 0.9184 0.0004 0.0004 4.6514 -0.2849 -0.070318 -1.061868 11.63 
5.3988 2 1 1 0x0 3.9297 4.0703 3.93 4.07 0.8360 1.0381 0.0003 0.0004 4.6551 -0.2851 -0.070318 -1.062464 11.63 
5.4028 2 1 1 0x0 3.9297 4.0703 3.93 4.07 1.0226 0.7503 0.0003 0.0005 4.6587 -0.2854 -0.070318 -1.063721 11.63 
5.4068 2 1 1 0x0 3.9324 4.0676 3.93 4.07 1.0424 0.9852 0.0007 0.0005 4.6622 -0.2856 -0.067613 -1.063402 11.64 
5.4108 2 1 1 0x0 3.9297 4.0703 3.93 4.07 0.7584 0.8945 0.0007 0.0006 4.6660 -0.2859 -0.070318 -1.064159 11.63 
5.4148 2 1 1 0x0 3.9324 4.0676 3.93 4.07 0.9319 0.8370 0.0002 0.0003 4.6698 -0.2861 -0.067613 -1.066535 11.63 
5.4188 2 1 1 0x0 3.9324 4.0676 3.93 4.07 1.0256 0.9827 0.0002 0.0003 4.6735 -0.2864 -0.067613 -1.063698 11.63 
5.4228 2 1 1 0x0 3.9324 4.0676 3.93 4.07 0.8126 0.8953 0.0003 0.0004 4.6771 -0.2866 -0.067613 -1.066058 11.64 
5.4268 2 1 1 0x0 3.9324 4.0676 3.93 4.07 1.0186 0.9373 0.0003 0.0003 4.6808 -0.2869 -0.067613 -1.063825 11.64 
5.4308 2 1 1 0x0 3.9297 4.0703 3.93 4.07 0.8828 0.9696 0.0003 0.0006 4.6842 -0.2871 -0.070318 -1.060420 11.63 
5.4348 2 1 1 0x0 3.9297 4.0703 3.93 4.07 1.0189 0.7882 0.0003 0.0005 4.6879 -0.2873 -0.070318 -1.059475 11.63 
5.4388 2 1 1 0x0 3.9324 4.0676 3.93 4.07 1.0408 0.9931 0.0007 0.0005 4.6913 -0.2876 -0.067613 -1.060692 11.64 
5.4428 2 1 1 0x0 3.9297 4.0703 3.93 4.07 0.9629 0.9389 0.0002 0.0004 4.6951 -0.2878 -0.070318 -1.060911 11.63 
5.4468 2 1 1 0x0 3.9297 4.0703 3.93 4.07 0.8283 1.0857 0.0003 0.0005 4.6988 -0.2881 -0.070318 -1.066248 11.63 
5.4508 2 1 1 0x0 3.9297 4.0703 3.93 4.07 1.0211 0.8058 0.0003 0.0005 4.7024 -0.2884 -0.070318 -1.071507 11.62 
5.4548 2 1 1 0x0 3.9324 4.0676 3.93 4.07 0.7711 1.1026 0.0003 0.0006 4.7063 -0.2886 -0.067613 -1.069146 11.63 
5.4588 2 1 1 0x0 3.9324 4.0676 3.93 4.07 1.0221 1.0097 0.0003 0.0004 4.7099 -0.2889 -0.067613 -1.066233 11.64 
5.4628 2 1 1 0x0 3.9297 4.0703 3.93 4.07 0.8812 0.9757 0.0003 0.0007 4.7134 -0.2891 -0.070318 -1.065127 11.63 
5.4668 2 1 1 0x0 3.9297 4.0703 3.93 4.07 0.9556 0.7434 0.0003 0.0005 4.7170 -0.2893 -0.070318 -1.063162 11.63 
5.4708 2 1 1 0x0 3.9297 4.0703 3.93 4.07 0.8072 1.0062 0.0003 0.0003 4.7206 -0.2896 -0.070318 -1.062308 11.63 
5.4748 2 1 1 0x0 3.9297 4.0703 3.93 4.07 0.7517 1.0390 0.0006 0.0006 4.7239 -0.2898 -0.070318 -1.070760 11.62 
5.4788 2 1 1 0x0 3.9297 4.0703 3.93 4.07 1.0686 0.8505 0.0005 0.0006 4.7275 -0.2901 -0.070318 -1.074743 11.63 
5.4828 2 1 1 0x0 3.9297 4.0703 3.93 4.07 0.8477 1.0611 0.0005 0.0005 4.7312 -0.2903 -0.070318 -1.072356 11.64 
5.4868 2 1 1 0x0 3.9297 4.0703 3.93 4.07 1.0026 0.7753 0.0005 0.0005 4.7348 -0.2906 -0.070318 -1.068652 11.63 
5.4908 2 1 1 0x0 3.9297 4.0703 3.93 4.07 0.7804 1.0125 0.0005 0.0004 4.7384 -0.2909 -0.070318 -1.066861 11.63 
5.4948 2 1 1 0x0 3.9297 4.0703 3.93 4.07 1.0154 0.8706 0.0004 0.0004 4.7421 -0.2911 -0.070318 -1.067692 11.63 
5.4988 2 1 1 0x0 3.9297 4.0703 3.93 4.07 0.9447 1.0316 0.0004 0.0004 4.7457 -0.2914 -0.070318 -1.068059 11.63 
5.5028 2 1 1 0x0 3.9297 4.0703 3.93 4.07 1.0109 0.7532 0.0004 0.0004 4.7494 -0.2916 -0.070318 -1.074725 11.63 
5.5068 2 1 1 0x0 3.9297 4.0703 3.93 4.07 0.8187 1.0518 0.0004 0.0004 4.7530 -0.2919 -0.070318 -1.079956 11.63 
5.5108 2 1 1 0x0 3.9297 4.0703 3.93 4.07 0.9542 0.9535 0.0004 0.0005 4.7566 -0.2921 -0.070318 -1.078642 11.63 
5.5148 2 1 1 0x0 3.9297 4.0703 3.93 4.07 0.8747 1.0652 0.0003 0.0006 4.7603 -0.2924 -0.070318 -1.073565 11.63 
5.5188 2 1 1 0x0 3.9324 4.0676 3.93 4.07 0.8478 0.7753 0.0005 0.0007 4.7637 -0.2926 -0.067613 -1.070791 11.63 
5.5228 2 1 1 0x0 3.9324 4.0676 3.93 4.07 0.9598 1.0145 0.0003 0.0005 4.7674 -0.2929 -0.067613 -1.067351 11.62 
5.5268 2 1 1 0x0 3.9351 4.0649 3.94 4.06 0.9340 0.9199 0.0006 0.0005 4.7708 -0.2931 -0.064909 -1.066204 11.63 
5.5308 2 1 1 0x0 3.9351 4.0649 3.94 4.06 0.7722 0.9702 0.0004 0.0005 4.7745 -0.2933 -0.064909 -1.068193 11.64 
5.5348 2 1 1 0x0 3.9378 4.0622 3.94 4.06 0.7145 0.8336 0.0007 0.0005 4.7779 -0.2935 -0.062204 -1.070400 11.63 
5.5388 2 1 1 0x0 3.9405 4.0595 3.94 4.06 0.6277 0.9895 0.0007 0.0004 4.7813 -0.2938 -0.059500 -1.075502 11.63 
5.5428 2 1 1 0x0 3.9432 4.0568 3.94 4.06 0.7041 0.8871 0.0005 0.0004 4.7848 -0.2940 -0.056795 -1.081358 11.62 
5.5468 2 1 1 0x0 3.9405 4.0595 3.94 4.06 0.7443 0.7139 0.0006 0.0007 4.7878 -0.2941 -0.059500 -1.070372 11.62 
5.5508 2 1 1 0x0 3.9324 4.0676 3.93 4.07 0.9101 0.6684 0.0003 0.0008 4.7909 -0.2943 -0.067613 -1.064191 11.62 
5.5548 2 1 1 0x0 3.9270 4.0730 3.93 4.07 0.9028 0.6888 0.0003 0.0007 4.7937 -0.2945 -0.073023 -1.060541 11.61 
5.5588 2 1 1 0x0 3.9216 4.0784 3.92 4.08 1.0024 0.7414 0.0005 0.0009 4.7965 -0.2947 -0.078432 -1.060360 11.60 
5.5628 2 1 1 0x0 3.9189 4.0811 3.92 4.08 0.8293 0.8179 0.0003 0.0003 4.8000 -0.2950 -0.081136 -1.056642 11.61 
5.5668 2 1 1 0x0 3.9108 4.0892 3.91 4.09 0.9693 0.7154 0.0002 0.0009 4.8030 -0.2953 -0.089250 -1.056952 11.61 
5.5708 2 1 1 0x0 3.8972 4.1028 3.90 4.10 0.9931 0.2456 0.0006 0.0023 4.8052 -0.2955 -0.102773 -1.051894 11.59 
5.5748 2 1 1 0x0 3.8702 4.1298 3.87 4.13 0.7814 -0.1278 0.0005 0.0039 4.8068 -0.2957 -0.129818 -1.045067 11.56 
5.5788 2 1 1 0x0 3.8431 4.1569 3.84 4.16 1.0066 -0.1016 0.0005 0.0043 4.8084 -0.2959 -0.156863 -1.045335 11.56 
5.5828 2 1 1 0x0 3.8188 4.1812 3.82 4.18 0.8412 -0.0646 0.0004 0.0083 4.8102 -0.2962 -0.181204 -1.047647 11.57 
5.5868 2 1 1 0x0 3.7945 4.2055 3.79 4.21 1.0114 -0.0395 0.0004 0.0123 4.8120 -0.2966 -0.205545 -1.049753 11.57 
5.5908 2 1 1 0x0 3.7701 4.2299 3.77 4.23 0.7731 -0.0284 0.0003 0.0163 4.8138 -0.2969 -0.229886 -1.050591 11.56 
5.5948 2 1 1 0x0 3.7485 4.2515 3.75 4.25 0.9584 0.0223 0.0003 0.0092 4.8158 -0.2974 -0.251522 -1.049592 11.57 
5.5988 2 1 1 0x0 3.7241 4.2759 3.72 4.28 0.8794 0.0223 0.0003 0.0132 4.8175 -0.2979 -0.275863 -1.050311 11.57 
5.6028 2 1 1 0x0 3.7079 4.2921 3.71 4.29 1.0273 0.2412 0.0002 0.0013 4.8199 -0.2986 -0.292090 -1.060957 11.57 
5.6068 2 1 1 0x0 3.6944 4.3056 3.69 4.31 0.9809 0.3682 0.0006 0.0010 4.8220 -0.2992 -0.305613 -1.065504 11.59 
5.6108 2 1 1 0x0 3.6809 4.3191 3.68 4.32 0.7506 0.4182 0.0006 0.0005 4.8245 -0.3001 -0.319136 -1.060792 11.58 
5.6148 2 1 1 0x0 3.6646 4.3354 3.66 4.34 1.0030 0.2973 0.0004 0.0013 4.8268 -0.3008 -0.335363 -1.055462 11.57 
5.6188 2 1 1 0x0 3.6484 4.3516 3.65 4.35 0.8402 0.3567 0.0004 0.0016 4.8291 -0.3017 -0.351590 -1.048887 11.58 
5.6228 2 1 1 0x0 3.6349 4.3651 3.63 4.37 0.9616 0.3653 0.0002 0.0008 4.8316 -0.3026 -0.365113 -1.046112 11.57 
5.6268 2 1 1 0x0 3.6187 4.3813 3.62 4.38 0.9912 0.3062 0.0005 0.0021 4.8335 -0.3033 -0.381340 -1.046242 11.56 
5.6308 2 1 1 0x0 3.6024 4.3976 3.60 4.40 0.7371 0.2344 0.0003 0.0014 4.8357 -0.3043 -0.397568 -1.046740 11.57 
5.6348 2 1 1 0x0 3.5889 4.4111 3.59 4.41 0.7169 0.3809 0.0006 0.0013 4.8378 -0.3051 -0.411090 -1.049245 11.58 
5.6388 2 1 1 0x0 3.5754 4.4246 3.58 4.42 0.9468 0.4896 0.0003 0.0011 4.8402 -0.3062 -0.424613 -1.053816 11.58 
5.6428 2 1 1 0x0 3.5673 4.4327 3.57 4.43 0.9229 0.4408 0.0006 0.0009 4.8426 -0.3073 -0.432727 -1.056689 11.58 
5.6468 2 1 1 0x0 3.5565 4.4435 3.56 4.44 0.8384 0.4974 0.0003 0.0006 4.8452 -0.3085 -0.443545 -1.059772 11.58 
5.6508 2 1 1 0x0 3.5429 4.4571 3.54 4.46 0.8104 0.2942 0.0006 0.0018 4.8472 -0.3095 -0.457068 -1.054852 11.57 
5.6548 2 1 1 0x0 3.5240 4.4760 3.52 4.48 0.9553 0.2117 0.0003 0.0028 4.8492 -0.3105 -0.476000 -1.054029 11.57 
5.6588 2 1 1 0x0 3.5051 4.4949 3.51 4.49 0.9389 0.1683 0.0004 0.0047 4.8508 -0.3113 -0.494931 -1.054128 11.56 
5.6628 2 1 1 0x0 3.4834 4.5166 3.48 4.52 0.9228 0.0544 0.0006 0.0087 4.8522 -0.3121 -0.516568 -1.055769 11.57 
5.6668 2 1 1 0x0 3.4618 4.5382 3.46 4.54 0.9100 0.0354 0.0007 0.0127 4.8536 -0.3129 -0.538204 -1.057443 11.55 
5.6708 2 1 1 0x0 3.4429 4.5571 3.44 4.56 0.9600 0.0301 0.0008 0.0087 4.8552 -0.3139 -0.557136 -1.057966 11.55 
5.6748 2 1 1 0x0 3.4212 4.5788 3.42 4.58 0.6405 0.0301 0.0006 0.0127 4.8565 -0.3147 -0.578773 -1.055922 11.55 
5.6788 2 1 1 0x0 3.4131 4.5869 3.41 4.59 0.3205 0.0301 0.0017 0.0167 4.8570 -0.3151 -0.586886 -1.055120 11.52 
5.6828 2 1 1 0x0 3.4077 4.5923 3.41 4.59 0.2394 0.0308 0.0010 0.0074 4.8577 -0.3155 -0.592295 -1.056840 11.51 
5.6868 2 1 1 0x0 3.4050 4.5950 3.41 4.59 0.2654 0.1048 0.0015 0.0028 4.8582 -0.3159 -0.595000 -1.065006 11.51 
5.6908 2 1 1 0x0 3.4023 4.5977 3.40 4.60 0.3257 0.1818 0.0010 0.0016 4.8590 -0.3164 -0.597704 -1.069752 11.52 
5.6948 2 1 1 0x0 3.3996 4.6004 3.40 4.60 0.3778 0.3083 0.0006 0.0008 4.8602 -0.3172 -0.600409 -1.069104 11.53 
5.6988 2 1 1 0x0 3.3942 4.6058 3.39 4.61 0.4233 0.3034 0.0007 0.0018 4.8612 -0.3179 -0.605818 -1.068512 11.53 
5.7028 2 1 1 0x0 3.3888 4.6112 3.39 4.61 0.4192 0.2718 0.0011 0.0027 4.8622 -0.3186 -0.611227 -1.067801 11.53 
5.7068 2 1 1 0x0 3.3834 4.6166 3.38 4.62 0.4923 0.2355 0.0006 0.0015 4.8636 -0.3196 -0.616636 -1.067117 11.54 
5.7108 2 1 1 0x0 3.3807 4.6193 3.38 4.62 0.3988 0.3728 0.0006 0.0012 4.8647 -0.3204 -0.619340 -1.068615 11.53 
5.7148 2 1 1 0x0 3.3861 4.6139 3.39 4.61 0.3172 0.4767 0.0021 0.0010 4.8657 -0.3211 -0.613931 -1.069318 11.53 
5.7188 2 1 1 0x0 3.3942 4.6058 3.39 4.61 0.2284 0.4875 0.0027 0.0009 4.8669 -0.3219 -0.605818 -1.070168 11.53 
5.7228 2 1 1 0x0 3.4050 4.5950 3.41 4.59 0.1878 0.5003 0.0022 0.0004 4.8682 -0.3228 -0.594999 -1.071565 11.53 
5.7268 2 1 1 0x0 3.4131 4.5869 3.41 4.59 0.2569 0.6147 0.0020 0.0008 4.8694 -0.3236 -0.586886 -1.071843 11.54 
5.7308 2 1 1 0x0 3.4185 4.5815 3.42 4.58 0.2753 0.4737 0.0014 0.0010 4.8707 -0.3245 -0.581477 -1.071275 11.54 
5.7348 2 1 1 0x0 3.4239 4.5761 3.42 4.58 0.3552 0.4679 0.0015 0.0006 4.8721 -0.3254 -0.576068 -1.071132 11.53 
5.7388 2 1 1 0x0 3.4239 4.5761 3.42 4.58 0.2760 0.3675 0.0017 0.0014 4.8731 -0.3261 -0.576068 -1.071181 11.53 
5.7428 2 1 1 0x0 3.4266 4.5734 3.43 4.57 0.3266 0.3696 0.0018 0.0011 4.8743 -0.3268 -0.573363 -1.071228 11.53 
5.7468 2 1 1 0x0 3.4293 4.5707 3.43 4.57 0.2656 0.4260 0.0014 0.0012 4.8755 -0.3276 -0.570659 -1.070961 11.53 
5.7508 2 1 1 0x0 3.4320 4.5680 3.43 4.57 0.2878 0.3865 0.0007 0.0014 4.8767 -0.3284 -0.567954 -1.071003 11.52 
5.7548 2 1 1 0x0 3.4375 4.5625 3.44 4.56 0.2846 0.3447 0.0016 0.0013 4.8777 -0.3290 -0.562545 -1.070181 11.52 
5.7588 2 1 1 0x0 3.4375 4.5625 3.44 4.56 0.2725 0.3516 0.0010 0.0018 4.8787 -0.3297 -0.562545 -1.068704 11.52 
5.7628 2 1 1 0x0 3.4402 4.5598 3.44 4.56 0.3186 0.3367 0.0007 0.0006 4.8800 -0.3304 -0.559841 -1.067020 11.53 
5.7668 2 1 1 0x0 3.4402 4.5598 3.44 4.56 0.3248 0.2916 0.0019 0.0018 4.8806 -0.3309 -0.559841 -1.062947 11.51 
5.7708 2 1 1 0x0 3.4375 4.5625 3.44 4.56 0.2855 0.2084 0.0019 0.0021 4.8815 -0.3314 -0.562545 -1.058817 11.51 
5.7748 2 1 1 0x0 3.4320 4.5680 3.43 4.57 0.3105 0.2136 0.0008 0.0018 4.8825 -0.3320 -0.567954 -1.054300 11.51 
5.7788 2 1 1 0x0 3.4293 4.5707 3.43 4.57 0.4042 0.2478 0.0014 0.0017 4.8834 -0.3326 -0.570659 -1.049281 11.52 
5.7828 2 1 1 0x0 3.4266 4.5734 3.43 4.57 0.4452 0.2324 0.0012 0.0009 4.8846 -0.3334 -0.573363 -1.045009 11.52 
5.7868 2 1 1 0x0 3.4239 4.5761 3.42 4.58 0.4581 0.3854 0.0012 0.0010 4.8858 -0.3341 -0.576068 -1.040512 11.53 
5.7908 2 1 1 0x0 3.4239 4.5761 3.42 4.58 0.4425 0.5134 0.0013 0.0009 4.8871 -0.3350 -0.576068 -1.038821 11.53 
5.7948 2 1 1 0x0 3.4266 4.5734 3.43 4.57 0.4554 0.4638 0.0013 0.0008 4.8887 -0.3360 -0.573363 -1.039206 11.54 
5.7988 2 1 1 0x0 3.4293 4.5707 3.43 4.57 0.4304 0.5762 0.0012 0.0011 4.8902 -0.3370 -0.570659 -1.039147 11.55 
5.8028 2 1 1 0x0 3.4320 4.5680 3.43 4.57 0.3764 0.3550 0.0006 0.0008 4.8917 -0.3380 -0.567954 -1.039272 11.53 
5.8068 2 1 1 0x0 3.4320 4.5680 3.43 4.57 0.3427 0.2842 0.0013 0.0008 4.8928 -0.3386 -0.567954 -1.042771 11.53 
5.8108 2 1 1 0x0 3.4239 4.5761 3.42 4.58 0.5212 0.2523 0.0007 0.0016 4.8939 -0.3394 -0.576068 -1.046772 11.52 
5.8148 2 1 1 0x0 3.4185 4.5815 3.42 4.58 0.5254 0.2543 0.0011 0.0019 4.8950 -0.3401 -0.581477 -1.048319 11.52 
5.8188 2 1 1 0x0 3.4158 4.5842 3.42 4.58 0.4765 0.4323 0.0011 0.0005 4.8965 -0.3411 -0.584181 -1.051899 11.53 
5.8228 2 1 1 0x0 3.4104 4.5896 3.41 4.59 0.5044 0.5325 0.0006 0.0008 4.8982 -0.3422 -0.589590 -1.060280 11.54 
5.8268 2 1 1 0x0 3.4104 4.5896 3.41 4.59 0.5882 0.6434 0.0005 0.0004 4.9002 -0.3436 -0.589590 -1.055054 11.55 
5.8308 2 1 1 0x0 3.4104 4.5896 3.41 4.59 0.5632 0.6930 0.0006 0.0004 4.9022 -0.3449 -0.589590 -1.050711 11.55 
5.8348 2 1 1 0x0 3.4077 4.5923 3.41 4.59 0.7728 0.6796 0.0005 0.0005 4.9044 -0.3464 -0.592295 -1.043411 11.56 
5.8388 2 1 1 0x0 3.4050 4.5950 3.41 4.59 0.7033 0.6158 0.0005 0.0004 4.9066 -0.3479 -0.594999 -1.042959 11.56 
5.8428 2 1 1 0x0 3.3996 4.6004 3.40 4.60 0.7980 0.5341 0.0007 0.0013 4.9086 -0.3492 -0.600408 -1.043536 11.56 
5.8468 2 1 1 0x0 3.3888 4.6112 3.39 4.61 0.8669 0.4383 0.0005 0.0009 4.9106 -0.3506 -0.611226 -1.044520 11.56 
5.8508 2 1 1 0x0 3.3834 4.6166 3.38 4.62 0.6703 0.5448 0.0008 0.0007 4.9126 -0.3520 -0.616635 -1.045253 11.56 
5.8548 2 1 1 0x0 3.3753 4.6247 3.38 4.62 0.6296 0.4543 0.0005 0.0007 4.9147 -0.3536 -0.624749 -1.044138 11.56 
5.8588 2 1 1 0x0 3.3671 4.6329 3.37 4.63 0.8806 0.5936 0.0009 0.0008 4.9169 -0.3551 -0.632862 -1.041753 11.57 
5.8628 2 1 1 0x0 3.3617 4.6383 3.36 4.64 0.7732 0.5039 0.0005 0.0010 4.9188 -0.3565 -0.638271 -1.039006 11.57 
5.8668 2 1 1 0x0 3.3590 4.6410 3.36 4.64 0.5853 0.5530 0.0005 0.0011 4.9206 -0.3579 -0.640976 -1.037310 11.55 
5.8708 2 1 1 0x0 3.3644 4.6356 3.36 4.64 0.3200 0.3891 0.0018 0.0008 4.9219 -0.3588 -0.635567 -1.038560 11.54 
5.8748 2 1 1 0x0 3.3644 4.6356 3.36 4.64 0.3314 0.3928 0.0019 0.0019 4.9229 -0.3596 -0.635567 -1.039481 11.54 
5.8788 2 1 1 0x0 3.3617 4.6383 3.36 4.64 0.4024 0.2581 0.0008 0.0019 4.9241 -0.3604 -0.638271 -1.043104 11.52 
5.8828 2 1 1 0x0 3.3563 4.6437 3.36 4.64 0.4827 0.1925 0.0007 0.0026 4.9250 -0.3611 -0.643680 -1.042409 11.52 
5.8868 2 1 1 0x0 3.3509 4.6491 3.35 4.65 0.5370 0.1194 0.0013 0.0018 4.9260 -0.3619 -0.649089 -1.036620 11.51 
5.8908 2 1 1 0x0 3.3347 4.6653 3.33 4.67 0.5886 0.1194 0.0004 0.0058 4.9270 -0.3626 -0.665317 -1.031953 11.51 
5.8948 2 1 1 0x0 3.3239 4.6761 3.32 4.68 0.5595 0.0701 0.0008 0.0052 4.9279 -0.3634 -0.676135 -1.025674 11.51 
5.8988 2 1 1 0x0 3.3076 4.6924 3.31 4.69 0.5287 0.0701 0.0007 0.0092 4.9289 -0.3641 -0.692362 -1.022439 11.52 
5.9028 2 1 1 0x0 3.2941 4.7059 3.29 4.71 0.6060 0.0555 0.0008 0.0066 4.9299 -0.3650 -0.705885 -1.021056 11.52 
5.9068 2 1 1 0x0 3.2806 4.7194 3.28 4.72 0.7629 0.1343 0.0005 0.0020 4.9313 -0.3662 -0.719407 -1.018882 11.53 
5.9108 2 1 1 0x0 3.2644 4.7356 3.26 4.74 0.5570 0.1870 0.0004 0.0034 4.9325 -0.3673 -0.735635 -1.017170 11.52 
5.9148 2 1 1 0x0 3.2535 4.7465 3.25 4.75 0.5275 0.2131 0.0004 0.0030 4.9337 -0.3684 -0.746453 -1.015817 11.53 
5.9188 2 1 1 0x0 3.2454 4.7546 3.25 4.75 0.5740 0.2010 0.0007 0.0027 4.9348 -0.3694 -0.754566 -1.015863 11.52 
5.9228 2 1 1 0x0 3.2400 4.7600 3.24 4.76 0.5100 0.2007 0.0014 0.0021 4.9357 -0.3702 -0.759975 -1.017712 11.53 
5.9268 2 1 1 0x0 3.2346 4.7654 3.23 4.77 0.4586 0.2143 0.0016 0.0019 4.9365 -0.3711 -0.765384 -1.019649 11.51 
5.9308 2 1 1 0x0 3.2292 4.7708 3.23 4.77 0.4226 0.1848 0.0014 0.0013 4.9374 -0.3719 -0.770794 -1.021736 11.52 
5.9348 2 1 1 0x0 3.2238 4.7762 3.22 4.78 0.4179 0.2527 0.0011 0.0011 4.9383 -0.3728 -0.776203 -1.023726 11.51 
5.9388 2 1 1 0x0 3.2211 4.7789 3.22 4.78 0.4470 0.3658 0.0009 0.0009 4.9393 -0.3738 -0.778907 -1.026569 11.52 
5.9428 2 1 1 0x0 3.2211 4.7789 3.22 4.78 0.5018 0.4759 0.0011 0.0011 4.9405 -0.3749 -0.778907 -1.023752 11.54 
5.9468 2 1 1 0x0 3.2238 4.7762 3.22 4.78 0.4252 0.5043 0.0007 0.0006 4.9420 -0.3765 -0.776203 -1.018317 11.54 
5.9508 2 1 1 0x0 3.2265 4.7735 3.23 4.77 0.5739 0.6554 0.0007 0.0008 4.9436 -0.3780 -0.773498 -1.013099 11.56 
5.9548 2 1 1 0x0 3.2319 4.7681 3.23 4.77 0.5058 0.7203 0.0008 0.0005 4.9454 -0.3797 -0.768089 -1.010297 11.55 
5.9588 2 1 1 0x0 3.2346 4.7654 3.23 4.77 0.5658 0.5965 0.0008 0.0004 4.9470 -0.3813 -0.765385 -1.010142 11.54 
5.9628 2 1 1 0x0 3.2319 4.7681 3.23 4.77 0.3700 0.5205 0.0006 0.0011 4.9483 -0.3825 -0.768089 -1.012700 11.54 
5.9668 2 1 1 0x0 3.2346 4.7654 3.23 4.77 0.3559 0.4174 0.0008 0.0006 4.9496 -0.3838 -0.765385 -1.015424 11.53 
5.9707 2 1 1 0x0 3.2400 4.7600 3.24 4.76 0.4045 0.5930 0.0016 0.0005 4.9508 -0.3849 -0.759975 -1.017488 11.53 
5.9747 2 1 1 0x0 3.2454 4.7546 3.25 4.75 0.4229 0.6946 0.0013 0.0003 4.9523 -0.3863 -0.754566 -1.016738 11.54 
5.9787 2 1 1 0x0 3.2508 4.7492 3.25 4.75 0.4519 0.7141 0.0011 0.0004 4.9537 -0.3877 -0.749157 -1.015881 11.54 
5.9827 2 1 1 0x0 3.2563 4.7437 3.26 4.74 0.4908 0.7317 0.0014 0.0008 4.9552 -0.3891 -0.743748 -1.012016 11.55 
5.9867 2 1 1 0x0 3.2590 4.7410 3.26 4.74 0.4627 0.6557 0.0011 0.0008 4.9569 -0.3906 -0.741044 -1.009881 11.54 
5.9907 2 1 1 0x0 3.2590 4.7410 3.26 4.74 0.5188 0.6481 0.0005 0.0006 4.9587 -0.3922 -0.741044 -1.008226 11.56 
5.9947 2 1 1 0x0 3.2590 4.7410 3.26 4.74 0.6822 0.4798 0.0011 0.0010 4.9602 -0.3936 -0.741044 -1.007879 11.55 
5.9987 2 1 1 0x0 3.2563 4.7437 3.26 4.74 0.6223 0.5053 0.0004 0.0005 4.9621 -0.3954 -0.743748 -1.007324 11.54 
6.0027 2 1 1 0x0 3.2563 4.7437 3.26 4.74 0.5858 0.6426 0.0008 0.0010 4.9636 -0.3968 -0.743748 -1.007206 11.54 
6.0067 2 1 1 0x0 3.2617 4.7383 3.26 4.74 0.4877 0.6101 0.0014 0.0007 4.9651 -0.3981 -0.738339 -1.007691 11.55 
6.0107 2 1 1 0x0 3.2644 4.7356 3.26 4.74 0.4176 0.5098 0.0015 0.0009 4.9665 -0.3994 -0.735635 -1.008600 11.54 
6.0147 2 1 1 0x0 3.2671 4.7329 3.27 4.73 0.3844 0.4638 0.0010 0.0006 4.9678 -0.4006 -0.732930 -1.009237 11.54 
6.0187 2 1 1 0x0 3.2698 4.7302 3.27 4.73 0.3217 0.4089 0.0014 0.0005 4.9689 -0.4015 -0.730226 -1.009898 11.53 
6.0227 2 1 1 0x0 3.2671 4.7329 3.27 4.73 0.3445 0.2862 0.0009 0.0009 4.9699 -0.4025 -0.732930 -1.007848 11.52 
6.0267 2 1 1 0x0 3.2617 4.7383 3.26 4.74 0.3997 0.2237 0.0008 0.0019 4.9708 -0.4033 -0.738339 -1.004928 11.52 
6.0307 2 1 1 0x0 3.2535 4.7465 3.25 4.75 0.5379 0.2051 0.0004 0.0024 4.9719 -0.4043 -0.746453 -1.000351 11.52 
6.0347 2 1 1 0x0 3.2454 4.7546 3.25 4.75 0.4766 0.1826 0.0005 0.0026 4.9729 -0.4052 -0.754566 -0.996439 11.51 
6.0387 2 1 1 0x0 3.2373 4.7627 3.24 4.76 0.6656 0.1940 0.0008 0.0026 4.9739 -0.4062 -0.762680 -0.993400 11.51 
6.0427 2 1 1 0x0 3.2292 4.7708 3.23 4.77 0.6919 0.2983 0.0009 0.0014 4.9753 -0.4075 -0.770794 -0.990460 11.52 
6.0467 2 1 1 0x0 3.2184 4.7816 3.22 4.78 0.6560 0.2918 0.0005 0.0014 4.9767 -0.4089 -0.781612 -0.987808 11.53 
6.0507 2 1 1 0x0 3.2130 4.7870 3.21 4.79 0.5363 0.3317 0.0007 0.0008 4.9781 -0.4103 -0.787021 -0.985550 11.54 
6.0547 2 1 1 0x0 3.2103 4.7897 3.21 4.79 0.4879 0.3588 0.0008 0.0009 4.9794 -0.4116 -0.789725 -0.984160 11.53 
6.0587 2 1 1 0x0 3.2130 4.7870 3.21 4.79 0.2976 0.4024 0.0018 0.0012 4.9804 -0.4126 -0.787021 -0.984147 11.53 
6.0627 2 1 1 0x0 3.2184 4.7816 3.22 4.78 0.2422 0.5573 0.0013 0.0010 4.9816 -0.4138 -0.781612 -0.985421 11.51 
6.0667 2 1 1 0x0 3.2265 4.7735 3.23 4.77 0.2146 0.4651 0.0012 0.0009 4.9826 -0.4148 -0.773498 -0.986688 11.52 
6.0707 2 1 1 0x0 3.2373 4.7627 3.24 4.76 0.1681 0.4770 0.0030 0.0005 4.9835 -0.4156 -0.762680 -0.985940 11.52 
6.0747 2 1 1 0x0 3.2427 4.7573 3.24 4.76 0.1552 0.4852 0.0025 0.0007 4.9843 -0.4164 -0.757271 -0.987949 11.52 
6.0787 2 1 1 0x0 3.2535 4.7465 3.25 4.75 0.1665 0.4585 0.0040 0.0005 4.9852 -0.4173 -0.746453 -0.991170 11.51 
6.0827 2 1 1 0x0 3.2617 4.7383 3.26 4.74 0.1257 0.6614 0.0016 0.0008 4.9863 -0.4182 -0.738339 -0.991684 11.52 
6.0867 2 1 1 0x0 3.2779 4.7221 3.28 4.72 0.1065 0.5770 0.0021 0.0004 4.9875 -0.4193 -0.722112 -0.988517 11.52 
6.0907 2 1 1 0x0 3.2941 4.7059 3.29 4.71 0.1543 0.8700 0.0029 0.0005 4.9887 -0.4204 -0.705884 -0.984464 11.53 
6.0947 2 1 1 0x0 3.3076 4.6924 3.31 4.69 0.1999 0.7598 0.0018 0.0007 4.9901 -0.4216 -0.692362 -0.980252 11.53 
6.0987 2 1 1 0x0 3.3212 4.6788 3.32 4.68 0.2328 0.7128 0.0016 0.0006 4.9915 -0.4227 -0.678839 -0.978640 11.53 
6.1027 2 1 1 0x0 3.3320 4.6680 3.33 4.67 0.2617 0.5483 0.0021 0.0004 4.9928 -0.4237 -0.668021 -0.978433 11.52 
6.1067 2 1 1 0x0 3.3347 4.6653 3.33 4.67 0.2674 0.5008 0.0012 0.0009 4.9939 -0.4246 -0.665316 -0.979730 11.52 
6.1107 2 1 1 0x0 3.3374 4.6626 3.34 4.66 0.3325 0.4624 0.0010 0.0011 4.9950 -0.4255 -0.662612 -0.981446 11.52 
6.1147 2 1 1 0x0 3.3401 4.6599 3.34 4.66 0.2742 0.4439 0.0011 0.0011 4.9962 -0.4263 -0.659907 -0.980807 11.51 
6.1187 2 1 1 0x0 3.3428 4.6572 3.34 4.66 0.3769 0.4160 0.0014 0.0008 4.9973 -0.4272 -0.657203 -0.978314 11.52 
6.1227 2 1 1 0x0 3.3401 4.6599 3.34 4.66 0.4202 0.3669 0.0008 0.0015 4.9984 -0.4281 -0.659907 -0.976007 11.52 
6.1267 2 1 1 0x0 3.3401 4.6599 3.34 4.66 0.4361 0.3347 0.0006 0.0009 4.9997 -0.4291 -0.659907 -0.973497 11.52 
6.1307 2 1 1 0x0 3.3374 4.6626 3.34 4.66 0.4762 0.3719 0.0007 0.0013 5.0008 -0.4299 -0.662612 -0.971310 11.52 
6.1347 2 1 1 0x0 3.3347 4.6653 3.33 4.67 0.4839 0.2932 0.0010 0.0017 5.0019 -0.4308 -0.665316 -0.968971 11.52 
6.1387 2 1 1 0x0 3.3347 4.6653 3.33 4.67 0.5061 0.2935 0.0013 0.0010 5.0032 -0.4318 -0.665316 -0.967243 11.53 
6.1427 2 1 1 0x0 3.3293 4.6707 3.33 4.67 0.4210 0.3622 0.0009 0.0013 5.0045 -0.4328 -0.670725 -0.965834 11.53 
6.1467 2 1 1 0x0 3.3239 4.6761 3.32 4.68 0.5491 0.3015 0.0006 0.0015 5.0057 -0.4338 -0.676134 -0.965484 11.53 
6.1507 2 1 1 0x0 3.3185 4.6815 3.32 4.68 0.4695 0.3111 0.0005 0.0014 5.0070 -0.4349 -0.681543 -0.965951 11.51 
6.1547 2 1 1 0x0 3.3158 4.6842 3.32 4.68 0.4576 0.2319 0.0011 0.0010 5.0081 -0.4358 -0.684248 -0.966490 11.52 
6.1587 2 1 1 0x0 3.3076 4.6924 3.31 4.69 0.5360 0.2219 0.0010 0.0017 5.0092 -0.4367 -0.692361 -0.967035 11.51 
6.1627 2 1 1 0x0 3.2995 4.7005 3.30 4.70 0.4150 0.1732 0.0006 0.0020 5.0103 -0.4376 -0.700475 -0.967167 11.50 
6.1667 2 1 1 0x0 3.2914 4.7086 3.29 4.71 0.3798 0.1857 0.0010 0.0037 5.0111 -0.4382 -0.708589 -0.965781 11.50 
6.1707 2 1 1 0x0 3.2860 4.7140 3.29 4.71 0.3362 0.1477 0.0010 0.0022 5.0120 -0.4390 -0.713998 -0.965408 11.50 
6.1747 2 1 1 0x0 3.2806 4.7194 3.28 4.72 0.4018 0.1118 0.0016 0.0030 5.0126 -0.4395 -0.719407 -0.965095 11.51 
6.1787 2 1 1 0x0 3.2725 4.7275 3.27 4.73 0.3938 0.1485 0.0009 0.0038 5.0134 -0.4402 -0.727520 -0.964862 11.50 
6.1827 2 1 1 0x0 3.2698 4.7302 3.27 4.73 0.3461 0.1448 0.0014 0.0019 5.0141 -0.4409 -0.730225 -0.964706 11.50 
6.1867 2 1 1 0x0 3.2617 4.7383 3.26 4.74 0.3488 0.1117 0.0011 0.0027 5.0149 -0.4416 -0.738338 -0.963850 11.49 
6.1907 2 1 1 0x0 3.2535 4.7465 3.25 4.75 0.4028 0.1283 0.0009 0.0033 5.0156 -0.4423 -0.746452 -0.962483 11.49 
6.1947 2 1 1 0x0 3.2454 4.7546 3.25 4.75 0.4021 0.1140 0.0008 0.0039 5.0164 -0.4430 -0.754565 -0.961592 11.50 
6.1987 2 1 1 0x0 3.2400 4.7600 3.24 4.76 0.4054 0.1245 0.0010 0.0018 5.0172 -0.4438 -0.759974 -0.960907 11.50 
6.2027 2 1 1 0x0 3.2292 4.7708 3.23 4.77 0.5287 0.1550 0.0006 0.0029 5.0181 -0.4446 -0.770792 -0.960233 11.50 
6.2067 2 1 1 0x0 3.2211 4.7789 3.22 4.78 0.5659 0.1288 0.0012 0.0040 5.0188 -0.4453 -0.778906 -0.959285 11.50 
6.2107 2 1 1 0x0 3.2076 4.7924 3.21 4.79 0.5927 0.1257 0.0006 0.0048 5.0198 -0.4463 -0.792428 -0.958412 11.49 
6.2147 2 1 1 0x0 3.1968 4.8032 3.20 4.80 0.5142 0.0717 0.0008 0.0044 5.0207 -0.4472 -0.803246 -0.957613 11.52 
6.2187 2 1 1 0x0 3.1832 4.8168 3.18 4.82 0.4964 0.0906 0.0005 0.0033 5.0217 -0.4482 -0.816769 -0.956776 11.51 
6.2227 2 1 1 0x0 3.1724 4.8276 3.17 4.83 0.6280 0.0958 0.0009 0.0029 5.0225 -0.4491 -0.827587 -0.955967 11.50 
6.2267 2 1 1 0x0 3.1616 4.8384 3.16 4.84 0.5187 0.1314 0.0010 0.0033 5.0233 -0.4500 -0.838405 -0.955417 11.50 
6.2307 2 1 1 0x0 3.1508 4.8492 3.15 4.85 0.5223 0.1156 0.0008 0.0040 5.0241 -0.4509 -0.849223 -0.955222 11.50 
6.2347 2 1 1 0x0 3.1454 4.8546 3.15 4.85 0.5239 0.1367 0.0013 0.0020 5.0249 -0.4519 -0.854632 -0.955367 11.50 
6.2387 2 1 1 0x0 3.1345 4.8655 3.13 4.87 0.4243 0.1646 0.0010 0.0033 5.0257 -0.4528 -0.865451 -0.954652 11.49 
6.2427 2 1 1 0x0 3.1264 4.8736 3.13 4.87 0.5954 0.1925 0.0011 0.0020 5.0266 -0.4539 -0.873564 -0.953257 11.50 
6.2467 2 1 1 0x0 3.1156 4.8844 3.12 4.88 0.6611 0.2450 0.0008 0.0020 5.0277 -0.4551 -0.884382 -0.951503 11.51 
6.2507 2 1 1 0x0 3.1048 4.8952 3.10 4.90 0.6935 0.2556 0.0008 0.0024 5.0287 -0.4564 -0.895200 -0.949661 11.51 
6.2547 2 1 1 0x0 3.0967 4.9033 3.10 4.90 0.7162 0.2095 0.0010 0.0012 5.0298 -0.4578 -0.903314 -0.947874 11.52 
6.2587 2 1 1 0x0 3.0832 4.9168 3.08 4.92 0.6325 0.2322 0.0005 0.0018 5.0310 -0.4593 -0.916837 -0.946227 11.53 
6.2627 2 1 1 0x0 3.0750 4.9250 3.08 4.92 0.6440 0.2100 0.0011 0.0025 5.0318 -0.4604 -0.924950 -0.945274 11.52 
6.2667 2 1 1 0x0 3.0669 4.9331 3.07 4.93 0.4152 0.1959 0.0012 0.0028 5.0327 -0.4615 -0.933064 -0.945131 11.51 
6.2707 2 1 1 0x0 3.0588 4.9412 3.06 4.94 0.4605 0.1617 0.0007 0.0026 5.0335 -0.4627 -0.941177 -0.945569 11.49 
6.2747 2 1 1 0x0 3.0534 4.9466 3.05 4.95 0.4456 0.1740 0.0007 0.0021 5.0342 -0.4636 -0.946586 -0.946329 11.50 
6.2787 2 1 1 0x0 3.0480 4.9520 3.05 4.95 0.4235 0.1845 0.0006 0.0019 5.0349 -0.4646 -0.951995 -0.946484 11.50 
6.2827 2 1 1 0x0 3.0453 4.9547 3.05 4.95 0.3334 0.2161 0.0014 0.0022 5.0355 -0.4655 -0.954700 -0.945876 11.50 
6.2867 2 1 1 0x0 3.0426 4.9574 3.04 4.96 0.3200 0.3375 0.0009 0.0017 5.0363 -0.4666 -0.957404 -0.945117 11.50 
6.2907 2 1 1 0x0 3.0453 4.9547 3.05 4.95 0.3865 0.4000 0.0014 0.0010 5.0372 -0.4678 -0.954700 -0.944422 11.51 
6.2947 2 1 1 0x0 3.0453 4.9547 3.05 4.95 0.3125 0.3133 0.0017 0.0017 5.0379 -0.4688 -0.954700 -0.944645 11.51 
6.2987 2 1 1 0x0 3.0480 4.9520 3.05 4.95 0.3496 0.2687 0.0020 0.0010 5.0387 -0.4699 -0.951995 -0.945447 11.50 
6.3027 2 1 1 0x0 3.0453 4.9547 3.05 4.95 0.3503 0.3154 0.0008 0.0009 5.0395 -0.4711 -0.954700 -0.945780 11.50 
6.3067 2 1 1 0x0 3.0426 4.9574 3.04 4.96 0.2587 0.2924 0.0009 0.0019 5.0401 -0.4719 -0.957404 -0.946339 11.50 
6.3107 2 1 1 0x0 3.0426 4.9574 3.04 4.96 0.3473 0.2320 0.0010 0.0014 5.0408 -0.4729 -0.957404 -0.945545 11.50 
6.3147 2 1 1 0x0 3.0426 4.9574 3.04 4.96 0.2993 0.3024 0.0011 0.0009 5.0415 -0.4739 -0.957404 -0.943455 11.50 
6.3187 2 1 1 0x0 3.0399 4.9601 3.04 4.96 0.3524 0.2922 0.0012 0.0018 5.0421 -0.4747 -0.960109 -0.942118 11.49 
6.3227 2 1 1 0x0 3.0399 4.9601 3.04 4.96 0.2896 0.2283 0.0016 0.0011 5.0428 -0.4757 -0.960109 -0.941145 11.50 
6.3267 2 1 1 0x0 3.0345 4.9655 3.03 4.97 0.3196 0.2321 0.0009 0.0019 5.0435 -0.4767 -0.965518 -0.940062 11.50 
6.3307 2 1 1 0x0 3.0291 4.9709 3.03 4.97 0.3648 0.1886 0.0007 0.0023 5.0442 -0.4777 -0.970927 -0.939032 11.49 
6.3347 2 1 1 0x0 3.0237 4.9763 3.02 4.98 0.4097 0.1790 0.0010 0.0023 5.0448 -0.4787 -0.976336 -0.937730 11.50 
6.3387 2 1 1 0x0 3.0156 4.9844 3.02 4.98 0.5643 0.1831 0.0008 0.0021 5.0456 -0.4799 -0.984449 -0.936414 11.50 
6.3427 2 1 1 0x0 3.0074 4.9926 3.01 4.99 0.5148 0.2173 0.0009 0.0024 5.0464 -0.4811 -0.992563 -0.935315 11.50 
6.3467 2 1 1 0x0 2.9993 5.0007 3.00 5.00 0.4976 0.2794 0.0006 0.0015 5.0474 -0.4826 -1.000677 -0.934145 11.50 
6.3507 2 1 1 0x0 2.9885 5.0115 2.99 5.01 0.5779 0.2918 0.0005 0.0024 5.0483 -0.4840 -1.011495 -0.933049 11.52 
6.3547 2 1 1 0x0 2.9831 5.0169 2.98 5.02 0.6551 0.2722 0.0010 0.0019 5.0491 -0.4854 -1.016904 -0.932101 11.51 
6.3587 2 1 1 0x0 2.9750 5.0250 2.97 5.03 0.4263 0.3013 0.0012 0.0016 5.0501 -0.4869 -1.025018 -0.931611 11.51 
6.3627 2 1 1 0x0 2.9723 5.0277 2.97 5.03 0.4905 0.2454 0.0008 0.0011 5.0508 -0.4882 -1.027722 -0.931281 11.50 
6.3667 2 1 1 0x0 2.9696 5.0304 2.97 5.03 0.4447 0.3629 0.0008 0.0012 5.0516 -0.4894 -1.030427 -0.931881 11.51 
6.3707 2 1 1 0x0 2.9669 5.0331 2.97 5.03 0.4733 0.3346 0.0008 0.0014 5.0523 -0.4906 -1.033131 -0.931946 11.50 
6.3747 2 1 1 0x0 2.9669 5.0331 2.97 5.03 0.4857 0.3353 0.0009 0.0007 5.0531 -0.4920 -1.033131 -0.931880 11.50 
6.3787 2 1 1 0x0 2.9642 5.0358 2.96 5.04 0.5107 0.3806 0.0012 0.0011 5.0538 -0.4932 -1.035836 -0.931879 11.51 
6.3827 2 1 1 0x0 2.9615 5.0385 2.96 5.04 0.4363 0.3996 0.0008 0.0006 5.0548 -0.4948 -1.038541 -0.931127 11.50 
6.3867 2 1 1 0x0 2.9560 5.0440 2.96 5.04 0.5464 0.3427 0.0007 0.0014 5.0556 -0.4962 -1.043950 -0.929569 11.52 
6.3907 2 1 1 0x0 2.9533 5.0467 2.95 5.05 0.4553 0.3711 0.0007 0.0013 5.0565 -0.4978 -1.046655 -0.928411 11.51 
6.3947 2 1 1 0x0 2.9533 5.0467 2.95 5.05 0.5818 0.4749 0.0009 0.0006 5.0575 -0.4995 -1.046655 -0.927296 11.52 
6.3987 2 1 1 0x0 2.9506 5.0494 2.95 5.05 0.4523 0.4279 0.0010 0.0008 5.0584 -0.5011 -1.049359 -0.926464 11.51 
6.4027 2 1 1 0x0 2.9452 5.0548 2.95 5.05 0.4783 0.2925 0.0006 0.0015 5.0592 -0.5025 -1.054768 -0.926717 11.51 
6.4067 2 1 1 0x0 2.9425 5.0575 2.94 5.06 0.4589 0.3247 0.0008 0.0017 5.0599 -0.5037 -1.057473 -0.927375 11.50 
6.4107 2 1 1 0x0 2.9398 5.0602 2.94 5.06 0.4323 0.2488 0.0008 0.0013 5.0606 -0.5050 -1.060178 -0.927856 11.50 
6.4147 2 1 1 0x0 2.9344 5.0656 2.93 5.07 0.4350 0.2273 0.0007 0.0022 5.0612 -0.5060 -1.065587 -0.927464 11.50 
6.4187 2 1 1 0x0 2.9317 5.0683 2.93 5.07 0.4495 0.2985 0.0006 0.0016 5.0619 -0.5073 -1.068292 -0.925859 11.50 
6.4227 2 1 1 0x0 2.9290 5.0710 2.93 5.07 0.4908 0.2713 0.0008 0.0010 5.0626 -0.5085 -1.070996 -0.923410 11.51 
6.4267 2 1 1 0x0 2.9263 5.0737 2.93 5.07 0.5105 0.3357 0.0013 0.0009 5.0633 -0.5098 -1.073701 -0.921488 11.50 
6.4307 2 1 1 0x0 2.9209 5.0791 2.92 5.08 0.4493 0.3010 0.0011 0.0012 5.0640 -0.5112 -1.079110 -0.919714 11.50 
6.4347 2 1 1 0x0 2.9155 5.0845 2.92 5.08 0.5384 0.3704 0.0006 0.0010 5.0650 -0.5130 -1.084519 -0.917779 11.52 
6.4387 2 1 1 0x0 2.9155 5.0845 2.92 5.08 0.6268 0.5249 0.0010 0.0004 5.0659 -0.5148 -1.084519 -0.915891 11.53 
6.4427 2 1 1 0x0 2.9101 5.0899 2.91 5.09 0.5500 0.5713 0.0006 0.0012 5.0669 -0.5166 -1.089928 -0.914395 11.52 
6.4467 2 1 1 0x0 2.9155 5.0845 2.92 5.08 0.3532 0.5488 0.0006 0.0005 5.0678 -0.5184 -1.084519 -0.914017 11.52 
6.4507 2 1 1 0x0 2.9209 5.0791 2.92 5.08 0.2369 0.5010 0.0015 0.0010 5.0684 -0.5195 -1.079110 -0.916173 11.51 
6.4547 2 1 1 0x0 2.9263 5.0737 2.93 5.07 0.1931 0.4930 0.0011 0.0013 5.0690 -0.5205 -1.073701 -0.919116 11.50 
6.4587 2 1 1 0x0 2.9344 5.0656 2.93 5.07 0.2414 0.3906 0.0009 0.0007 5.0697 -0.5218 -1.065587 -0.920312 11.51 
6.4627 2 1 1 0x0 2.9425 5.0575 2.94 5.06 0.2787 0.6032 0.0014 0.0006 5.0704 -0.5230 -1.057473 -0.925220 11.51 
6.4667 2 1 1 0x0 2.9506 5.0494 2.95 5.05 0.2535 0.7069 0.0009 0.0007 5.0713 -0.5246 -1.049359 -0.925289 11.51 
6.4707 2 1 1 0x0 2.9615 5.0385 2.96 5.04 0.3514 0.6844 0.0008 0.0006 5.0723 -0.5264 -1.038541 -0.920416 11.53 
6.4747 2 1 1 0x0 2.9723 5.0277 2.97 5.03 0.3461 0.7911 0.0010 0.0007 5.0733 -0.5281 -1.027722 -0.916078 11.52 
6.4787 2 1 1 0x0 2.9831 5.0169 2.98 5.02 0.4084 0.5873 0.0014 0.0007 5.0744 -0.5298 -1.016904 -0.914043 11.53 
6.4827 2 1 1 0x0 2.9912 5.0088 2.99 5.01 0.4376 0.6971 0.0012 0.0003 5.0756 -0.5317 -1.008790 -0.914104 11.53 
6.4867 2 1 1 0x0 2.9966 5.0034 3.00 5.00 0.4637 0.6851 0.0013 0.0004 5.0766 -0.5334 -1.003381 -0.915294 11.53 
6.4907 2 1 1 0x0 2.9993 5.0007 3.00 5.00 0.4055 0.7042 0.0006 0.0005 5.0778 -0.5353 -1.000677 -0.915672 11.54 
6.4947 2 1 1 0x0 3.0047 4.9953 3.00 5.00 0.3775 0.6356 0.0008 0.0004 5.0789 -0.5370 -0.995268 -0.915991 11.52 
6.4987 2 1 1 0x0 3.0101 4.9899 3.01 4.99 0.3767 0.5112 0.0015 0.0008 5.0798 -0.5384 -0.989859 -0.916156 11.52 
6.5027 2 1 1 0x0 3.0156 4.9844 3.02 4.98 0.2330 0.5082 0.0014 0.0008 5.0807 -0.5397 -0.984450 -0.916369 11.52 
6.5067 2 1 1 0x0 3.0210 4.9790 3.02 4.98 0.1968 0.3761 0.0019 0.0007 5.0814 -0.5407 -0.979041 -0.916717 11.50 
6.5107 2 1 1 0x0 3.0237 4.9763 3.02 4.98 0.1866 0.2762 0.0021 0.0008 5.0820 -0.5416 -0.976336 -0.917076 11.50 
6.5147 2 1 1 0x0 3.0210 4.9790 3.02 4.98 0.2789 0.2464 0.0008 0.0020 5.0825 -0.5424 -0.979041 -0.916320 11.50 
6.5187 2 1 1 0x0 3.0237 4.9763 3.02 4.98 0.3171 0.2980 0.0017 0.0014 5.0831 -0.5433 -0.976336 -0.914772 11.50 
6.5227 2 1 1 0x0 3.0210 4.9790 3.02 4.98 0.3827 0.2997 0.0006 0.0012 5.0839 -0.5444 -0.979041 -0.912148 11.50 
6.5267 2 1 1 0x0 3.0210 4.9790 3.02 4.98 0.3218 0.3840 0.0012 0.0015 5.0846 -0.5455 -0.979041 -0.909589 11.52 
6.5307 2 1 1 0x0 3.0237 4.9763 3.02 4.98 0.3266 0.4753 0.0010 0.0004 5.0856 -0.5470 -0.976336 -0.907577 11.50 
6.5347 2 1 1 0x0 3.0264 4.9736 3.03 4.97 0.3674 0.6429 0.0010 0.0005 5.0866 -0.5485 -0.973632 -0.906160 11.53 
6.5387 2 1 1 0x0 3.0318 4.9682 3.03 4.97 0.3791 0.7258 0.0012 0.0004 5.0878 -0.5502 -0.968223 -0.906826 11.53 
6.5427 2 1 1 0x0 3.0372 4.9628 3.04 4.96 0.4572 0.6296 0.0005 0.0004 5.0891 -0.5522 -0.962814 -0.906818 11.53 
6.5467 2 1 1 0x0 3.0453 4.9547 3.05 4.95 0.3241 0.5795 0.0014 0.0008 5.0902 -0.5537 -0.954700 -0.905429 11.53 
6.5507 2 1 1 0x0 3.0534 4.9466 3.05 4.95 0.3376 0.5736 0.0019 0.0012 5.0913 -0.5551 -0.946586 -0.905608 11.52 
6.5547 2 1 1 0x0 3.0588 4.9412 3.06 4.94 0.2418 0.4117 0.0027 0.0011 5.0920 -0.5561 -0.941177 -0.908554 11.52 
6.5587 2 1 1 0x0 3.0669 4.9331 3.07 4.93 0.1662 0.5402 0.0020 0.0009 5.0928 -0.5573 -0.933064 -0.916958 11.51 
6.5627 2 1 1 0x0 3.0750 4.9250 3.08 4.92 0.2072 0.5487 0.0011 0.0010 5.0937 -0.5584 -0.924950 -0.917894 11.50 
6.5667 2 1 1 0x0 3.0859 4.9141 3.09 4.91 0.2562 0.5471 0.0013 0.0008 5.0946 -0.5597 -0.914132 -0.914569 11.51 
6.5707 2 1 1 0x0 3.0994 4.9006 3.10 4.90 0.3074 0.8016 0.0021 0.0006 5.0958 -0.5611 -0.900609 -0.906343 11.52 
6.5747 2 1 1 0x0 3.1075 4.8925 3.11 4.89 0.3792 0.7382 0.0009 0.0007 5.0972 -0.5629 -0.892496 -0.903998 11.53 
6.5787 2 1 1 0x0 3.1156 4.8844 3.12 4.88 0.4430 0.7318 0.0006 0.0007 5.0986 -0.5646 -0.884382 -0.903243 11.53 
6.5827 2 1 1 0x0 3.1237 4.8763 3.12 4.88 0.3314 0.6016 0.0015 0.0008 5.0997 -0.5660 -0.876269 -0.902440 11.53 
6.5867 2 1 1 0x0 3.1237 4.8763 3.12 4.88 0.2663 0.4898 0.0010 0.0015 5.1008 -0.5673 -0.876269 -0.903916 11.52 
6.5907 2 1 1 0x0 3.1264 4.8736 3.13 4.87 0.3026 0.3205 0.0009 0.0009 5.1017 -0.5683 -0.873564 -0.906559 11.50 
6.5947 2 1 1 0x0 3.1264 4.8736 3.13 4.87 0.2982 0.2522 0.0019 0.0016 5.1022 -0.5690 -0.873564 -0.908321 11.49 
6.5987 2 1 1 0x0 3.1237 4.8763 3.12 4.88 0.2572 0.1949 0.0016 0.0018 5.1029 -0.5698 -0.876269 -0.907737 11.49 
6.6027 2 1 1 0x0 3.1183 4.8817 3.12 4.88 0.3583 0.1131 0.0017 0.0029 5.1034 -0.5704 -0.881678 -0.907142 11.49 
6.6067 2 1 1 0x0 3.1102 4.8898 3.11 4.89 0.3904 0.1123 0.0009 0.0033 5.1040 -0.5712 -0.889791 -0.905878 11.49 
6.6107 2 1 1 0x0 3.1048 4.8952 3.10 4.90 0.4535 0.2087 0.0008 0.0014 5.1048 -0.5721 -0.895200 -0.903423 11.49 
6.6147 2 1 1 0x0 3.0994 4.9006 3.10 4.90 0.5085 0.2922 0.0010 0.0017 5.1055 -0.5731 -0.900609 -0.899619 11.51 
6.6187 2 1 1 0x0 3.0967 4.9033 3.10 4.90 0.4646 0.4262 0.0009 0.0006 5.1067 -0.5745 -0.903314 -0.896193 11.51 
6.6227 2 1 1 0x0 3.0913 4.9087 3.09 4.91 0.5232 0.5425 0.0004 0.0009 5.1079 -0.5761 -0.908723 -0.894236 11.52 
6.6267 2 1 1 0x0 3.0940 4.9060 3.09 4.91 0.6466 0.6867 0.0009 0.0006 5.1093 -0.5778 -0.906018 -0.894819 11.54 
6.6307 2 1 1 0x0 3.0940 4.9060 3.09 4.91 0.6790 0.7046 0.0009 0.0008 5.1108 -0.5798 -0.906018 -0.894783 11.54 
6.6347 2 1 1 0x0 3.0913 4.9087 3.09 4.91 0.4885 0.4450 0.0006 0.0012 5.1122 -0.5815 -0.908723 -0.893217 11.54 
6.6387 2 1 1 0x0 3.0967 4.9033 3.10 4.90 0.3414 0.2967 0.0023 0.0008 5.1129 -0.5825 -0.903314 -0.896832 11.50 
6.6427 2 1 1 0x0 3.0994 4.9006 3.10 4.90 0.1216 0.3456 0.0020 0.0008 5.1135 -0.5833 -0.900609 -0.900957 11.49 
6.6467 2 1 1 0x0 3.1075 4.8925 3.11 4.89 0.1216 0.3489 0.0060 0.0014 5.1139 -0.5838 -0.892496 -0.905773 11.49 
6.6507 2 1 1 0x0 3.1156 4.8844 3.12 4.88 0.1520 0.5730 0.0018 0.0011 5.1148 -0.5849 -0.884382 -0.910991 11.50 
6.6547 2 1 1 0x0 3.1264 4.8736 3.13 4.87 0.2617 0.6987 0.0014 0.0009 5.1159 -0.5861 -0.873564 -0.910722 11.51 
6.6587 2 1 1 0x0 3.1373 4.8627 3.14 4.86 0.3134 0.6297 0.0011 0.0005 5.1172 -0.5876 -0.862746 -0.903328 11.52 
6.6627 2 1 1 0x0 3.1427 4.8573 3.14 4.86 0.3802 0.5622 0.0007 0.0008 5.1185 -0.5892 -0.857337 -0.900683 11.53 
6.6667 2 1 1 0x0 3.1508 4.8492 3.15 4.85 0.4301 0.7005 0.0010 0.0005 5.1200 -0.5909 -0.849223 -0.898876 11.53 
6.6707 2 1 1 0x0 3.1535 4.8465 3.15 4.85 0.5964 0.6321 0.0009 0.0004 5.1214 -0.5925 -0.846519 -0.898291 11.54 
6.6747 2 1 1 0x0 3.1508 4.8492 3.15 4.85 0.6401 0.4641 0.0005 0.0006 5.1229 -0.5942 -0.849223 -0.898328 11.54 
6.6787 2 1 1 0x0 3.1454 4.8546 3.15 4.85 0.6682 0.3963 0.0005 0.0009 5.1243 -0.5957 -0.854632 -0.897344 11.53 
6.6827 2 1 1 0x0 3.1373 4.8627 3.14 4.86 0.7279 0.3108 0.0006 0.0013 5.1254 -0.5971 -0.862746 -0.895709 11.53 
6.6867 2 1 1 0x0 3.1264 4.8736 3.13 4.87 0.6342 0.1831 0.0007 0.0017 5.1265 -0.5984 -0.873564 -0.894557 11.52 
6.6907 2 1 1 0x0 3.1129 4.8871 3.11 4.89 0.4320 0.0883 0.0007 0.0057 5.1271 -0.5991 -0.887087 -0.892837 11.50 
6.6947 2 1 1 0x0 3.0994 4.9006 3.10 4.90 0.5123 0.0472 0.0004 0.0097 5.1278 -0.5999 -0.900609 -0.894918 11.48 
6.6987 2 1 1 0x0 3.0913 4.9087 3.09 4.91 0.5493 0.0324 0.0010 0.0063 5.1284 -0.6007 -0.908723 -0.896273 11.49 
6.7027 2 1 1 0x0 3.0778 4.9222 3.08 4.92 0.4871 0.0324 0.0010 0.0103 5.1290 -0.6015 -0.922245 -0.895554 11.49 
6.7067 2 1 1 0x0 3.0669 4.9331 3.07 4.93 0.5674 0.0821 0.0011 0.0056 5.1297 -0.6025 -0.933064 -0.894531 11.50 
6.7107 2 1 1 0x0 3.0588 4.9412 3.06 4.94 0.4280 0.1755 0.0011 0.0026 5.1306 -0.6037 -0.941177 -0.893667 11.49 
6.7147 2 1 1 0x0 3.0507 4.9493 3.05 4.95 0.4975 0.2255 0.0009 0.0020 5.1314 -0.6048 -0.949291 -0.893673 11.50 
6.7187 2 1 1 0x0 3.0453 4.9547 3.05 4.95 0.4578 0.2382 0.0013 0.0023 5.1321 -0.6058 -0.954700 -0.895058 11.49 
6.7227 2 1 1 0x0 3.0399 4.9601 3.04 4.96 0.4110 0.1916 0.0011 0.0021 5.1328 -0.6068 -0.960109 -0.897250 11.49 
6.7267 2 1 1 0x0 3.0345 4.9655 3.03 4.97 0.3891 0.1537 0.0005 0.0037 5.1335 -0.6078 -0.965518 -0.897985 11.50 
6.7307 2 1 1 0x0 3.0291 4.9709 3.03 4.97 0.3099 0.1499 0.0010 0.0026 5.1340 -0.6085 -0.970927 -0.897724 11.50 
6.7347 2 1 1 0x0 3.0264 4.9736 3.03 4.97 0.3996 0.1938 0.0017 0.0022 5.1346 -0.6093 -0.973631 -0.897427 11.49 
6.7387 2 1 1 0x0 3.0210 4.9790 3.02 4.98 0.4186 0.2018 0.0013 0.0024 5.1352 -0.6103 -0.979040 -0.895762 11.49 
6.7427 2 1 1 0x0 3.0183 4.9817 3.02 4.98 0.4366 0.3012 0.0010 0.0016 5.1360 -0.6115 -0.981745 -0.895237 11.49 
6.7467 2 1 1 0x0 3.0156 4.9844 3.02 4.98 0.4779 0.2797 0.0011 0.0014 5.1368 -0.6127 -0.984449 -0.894631 11.50 
6.7507 2 1 1 0x0 3.0101 4.9899 3.01 4.99 0.4284 0.3167 0.0006 0.0013 5.1377 -0.6140 -0.989858 -0.893926 11.50 
6.7547 2 1 1 0x0 3.0020 4.9980 3.00 5.00 0.5947 0.2875 0.0005 0.0023 5.1385 -0.6152 -0.997972 -0.893111 11.50 
6.7587 2 1 1 0x0 2.9939 5.0061 2.99 5.01 0.5465 0.2509 0.0007 0.0029 5.1393 -0.6164 -1.006085 -0.892450 11.50 
6.7627 2 1 1 0x0 2.9858 5.0142 2.99 5.01 0.6218 0.1968 0.0010 0.0029 5.1400 -0.6176 -1.014199 -0.891648 11.49 
6.7667 2 1 1 0x0 2.9723 5.0277 2.97 5.03 0.6162 0.1337 0.0005 0.0043 5.1408 -0.6188 -1.027722 -0.891039 11.49 
6.7707 2 1 1 0x0 2.9642 5.0358 2.96 5.04 0.5138 0.1217 0.0008 0.0023 5.1415 -0.6200 -1.035835 -0.890247 11.50 
6.7747 2 1 1 0x0 2.9533 5.0467 2.95 5.05 0.5730 0.1675 0.0010 0.0034 5.1421 -0.6211 -1.046654 -0.890192 11.50 
6.7787 2 1 1 0x0 2.9452 5.0548 2.95 5.05 0.4524 0.1912 0.0010 0.0024 5.1428 -0.6223 -1.054768 -0.889820 11.50 
6.7827 2 1 1 0x0 2.9371 5.0629 2.94 5.06 0.5518 0.1957 0.0009 0.0020 5.1435 -0.6236 -1.062881 -0.889994 11.49 
6.7867 2 1 1 0x0 2.9290 5.0710 2.93 5.07 0.4382 0.1907 0.0007 0.0011 5.1442 -0.6248 -1.070995 -0.889958 11.50 
6.7907 2 1 1 0x0 2.9182 5.0818 2.92 5.08 0.5444 0.1805 0.0005 0.0029 5.1448 -0.6259 -1.081813 -0.890026 11.50 
6.7947 2 1 1 0x0 2.9128 5.0872 2.91 5.09 0.5633 0.1761 0.0012 0.0028 5.1453 -0.6269 -1.087222 -0.889466 11.50 
6.7987 2 1 1 0x0 2.9047 5.0953 2.90 5.10 0.4285 0.1938 0.0011 0.0028 5.1460 -0.6282 -1.095336 -0.889172 11.49 
6.8027 2 1 1 0x0 2.8938 5.1062 2.89 5.11 0.5067 0.1775 0.0005 0.0027 5.1467 -0.6296 -1.106154 -0.888444 11.50 
6.8067 2 1 1 0x0 2.8884 5.1116 2.89 5.11 0.6251 0.2967 0.0008 0.0015 5.1474 -0.6311 -1.111563 -0.887608 11.50 
6.8107 2 1 1 0x0 2.8830 5.1170 2.88 5.12 0.4532 0.2586 0.0010 0.0010 5.1482 -0.6326 -1.116972 -0.886645 11.50 
6.8147 2 1 1 0x0 2.8749 5.1251 2.87 5.13 0.4716 0.2434 0.0006 0.0020 5.1488 -0.6338 -1.125086 -0.886709 11.50 
6.8187 2 1 1 0x0 2.8722 5.1278 2.87 5.13 0.4426 0.3212 0.0006 0.0017 5.1494 -0.6351 -1.127791 -0.887113 11.49 
6.8227 2 1 1 0x0 2.8722 5.1278 2.87 5.13 0.3473 0.2849 0.0015 0.0016 5.1499 -0.6362 -1.127791 -0.887492 11.50 
6.8267 2 1 1 0x0 2.8695 5.1305 2.87 5.13 0.3200 0.3458 0.0011 0.0016 5.1505 -0.6375 -1.130496 -0.887234 11.49 
6.8307 2 1 1 0x0 2.8695 5.1305 2.87 5.13 0.3025 0.4223 0.0007 0.0011 5.1512 -0.6390 -1.130496 -0.886869 11.49 
6.8347 2 1 1 0x0 2.8722 5.1278 2.87 5.13 0.4330 0.4853 0.0015 0.0012 5.1518 -0.6403 -1.127791 -0.885859 11.51 
6.8387 2 1 1 0x0 2.8749 5.1251 2.87 5.13 0.4606 0.4491 0.0015 0.0009 5.1526 -0.6419 -1.125086 -0.884797 11.50 
6.8427 2 1 1 0x0 2.8749 5.1251 2.87 5.13 0.3922 0.4947 0.0008 0.0005 5.1535 -0.6437 -1.125086 -0.883572 11.50 
6.8467 2 1 1 0x0 2.8695 5.1305 2.87 5.13 0.5583 0.3799 0.0005 0.0014 5.1542 -0.6452 -1.130496 -0.883138 11.51 
6.8507 2 1 1 0x0 2.8668 5.1332 2.87 5.13 0.5004 0.2916 0.0006 0.0008 5.1549 -0.6468 -1.133200 -0.882711 11.50 
6.8547 2 1 1 0x0 2.8587 5.1413 2.86 5.14 0.6099 0.2237 0.0009 0.0020 5.1555 -0.6481 -1.141314 -0.882553 11.50 
6.8587 2 1 1 0x0 2.8506 5.1494 2.85 5.15 0.4214 0.1847 0.0011 0.0023 5.1561 -0.6494 -1.149428 -0.882394 11.50 
6.8627 2 1 1 0x0 2.8398 5.1602 2.84 5.16 0.4684 0.1618 0.0005 0.0040 5.1566 -0.6505 -1.160246 -0.881554 11.48 
6.8667 2 1 1 0x0 2.8343 5.1657 2.83 5.17 0.3409 0.0822 0.0014 0.0043 5.1569 -0.6513 -1.165655 -0.881648 11.48 
6.8707 2 1 1 0x0 2.8262 5.1738 2.83 5.17 0.3412 0.0971 0.0015 0.0037 5.1573 -0.6522 -1.173769 -0.881548 11.48 
6.8747 2 1 1 0x0 2.8154 5.1846 2.82 5.18 0.4660 0.1125 0.0005 0.0038 5.1578 -0.6533 -1.184587 -0.880560 11.48 
6.8787 2 1 1 0x0 2.8100 5.1900 2.81 5.19 0.4641 0.1813 0.0006 0.0026 5.1583 -0.6545 -1.189996 -0.879049 11.48 
6.8827 2 1 1 0x0 2.8073 5.1927 2.81 5.19 0.4599 0.3448 0.0008 0.0019 5.1588 -0.6558 -1.192701 -0.877643 11.49 
6.8867 2 1 1 0x0 2.8073 5.1927 2.81 5.19 0.4827 0.4462 0.0010 0.0014 5.1594 -0.6573 -1.192701 -0.876666 11.50 
6.8907 2 1 1 0x0 2.8073 5.1927 2.81 5.19 0.4450 0.4262 0.0006 0.0008 5.1601 -0.6592 -1.192701 -0.876696 11.50 
6.8947 2 1 1 0x0 2.8100 5.1900 2.81 5.19 0.4326 0.5552 0.0012 0.0006 5.1608 -0.6609 -1.189996 -0.877096 11.51 
6.8987 2 1 1 0x0 2.8073 5.1927 2.81 5.19 0.4337 0.4899 0.0007 0.0012 5.1615 -0.6626 -1.192701 -0.878092 11.51 
6.9027 2 1 1 0x0 2.8100 5.1900 2.81 5.19 0.2625 0.4162 0.0011 0.0013 5.1620 -0.6639 -1.189996 -0.878800 11.49 
6.9067 2 1 1 0x0 2.8154 5.1846 2.82 5.18 0.2078 0.3732 0.0020 0.0007 5.1625 -0.6650 -1.184587 -0.878559 11.49 
6.9107 2 1 1 0x0 2.8181 5.1819 2.82 5.18 0.1968 0.3045 0.0023 0.0012 5.1629 -0.6660 -1.181882 -0.884002 11.50 
6.9147 2 1 1 0x0 2.8208 5.1792 2.82 5.18 0.2953 0.3328 0.0012 0.0007 5.1634 -0.6673 -1.179178 -0.884922 11.49 
6.9187 2 1 1 0x0 2.8235 5.1765 2.82 5.18 0.2565 0.3879 0.0011 0.0008 5.1639 -0.6686 -1.176473 -0.880779 11.50 
6.9227 2 1 1 0x0 2.8289 5.1711 2.83 5.17 0.3835 0.5867 0.0014 0.0007 5.1646 -0.6701 -1.171064 -0.879238 11.52 
6.9267 2 1 1 0x0 2.8343 5.1657 2.83 5.17 0.4028 0.6575 0.0009 0.0004 5.1654 -0.6720 -1.165655 -0.878438 11.51 
6.9307 2 1 1 0x0 2.8425 5.1575 2.84 5.16 0.3496 0.6475 0.0016 0.0003 5.1661 -0.6736 -1.157541 -0.876736 11.52 
6.9347 2 1 1 0x0 2.8452 5.1548 2.85 5.15 0.2991 0.5410 0.0009 0.0009 5.1668 -0.6753 -1.154836 -0.875302 11.51 
6.9387 2 1 1 0x0 2.8506 5.1494 2.85 5.15 0.3093 0.5522 0.0009 0.0010 5.1675 -0.6768 -1.149427 -0.875588 11.50 
6.9427 2 1 1 0x0 2.8560 5.1440 2.86 5.14 0.2868 0.5048 0.0019 0.0014 5.1680 -0.6779 -1.144018 -0.876888 11.50 
6.9467 2 1 1 0x0 2.8614 5.1386 2.86 5.14 0.2569 0.4155 0.0025 0.0014 5.1685 -0.6790 -1.138609 -0.877762 11.50 
6.9507 2 1 1 0x0 2.8614 5.1386 2.86 5.14 0.2136 0.2885 0.0012 0.0018 5.1690 -0.6801 -1.138609 -0.877667 11.49 
6.9547 2 1 1 0x0 2.8641 5.1359 2.86 5.14 0.2361 0.2353 0.0019 0.0010 5.1694 -0.6810 -1.135904 -0.877208 11.49 
6.9587 2 1 1 0x0 2.8587 5.1413 2.86 5.14 0.3109 0.1788 0.0013 0.0030 5.1698 -0.6818 -1.141313 -0.876776 11.48 
6.9627 2 1 1 0x0 2.8560 5.1440 2.86 5.14 0.2786 0.1360 0.0013 0.0022 5.1702 -0.6827 -1.144018 -0.876152 11.48 
6.9667 2 1 1 0x0 2.8506 5.1494 2.85 5.15 0.3869 0.1631 0.0017 0.0035 5.1705 -0.6834 -1.149427 -0.874713 11.48 
6.9707 2 1 1 0x0 2.8452 5.1548 2.85 5.15 0.4193 0.1928 0.0011 0.0024 5.1710 -0.6845 -1.154836 -0.873400 11.49 
6.9747 2 1 1 0x0 2.8425 5.1575 2.84 5.16 0.4471 0.2668 0.0010 0.0009 5.1716 -0.6858 -1.157541 -0.871888 11.50 
6.9787 2 1 1 0x0 2.8398 5.1602 2.84 5.16 0.4736 0.4182 0.0011 0.0011 5.1722 -0.6871 -1.160246 -0.870511 11.49 
6.9827 2 1 1 0x0 2.8425 5.1575 2.84 5.16 0.4306 0.4749 0.0011 0.0005 5.1729 -0.6888 -1.157541 -0.869456 11.49 
6.9867 2 1 1 0x0 2.8479 5.1521 2.85 5.15 0.2622 0.6691 0.0014 0.0009 5.1735 -0.6903 -1.152132 -0.868358 11.52 
6.9907 2 1 1 0x0 2.8614 5.1386 2.86 5.14 0.2426 0.6305 0.0038 0.0010 5.1741 -0.6916 -1.138609 -0.868018 11.50 
6.9947 2 1 1 0x0 2.8749 5.1251 2.87 5.13 0.1349 0.5772 0.0054 0.0006 5.1747 -0.6929 -1.125086 -0.868912 11.49 
6.9987 2 1 1 0x0 2.8857 5.1143 2.89 5.11 0.0865 0.4606 0.0056 0.0005 5.1753 -0.6940 -1.114268 -0.870378 11.50 
7.0027 2 1 1 0x0 2.8993 5.1007 2.90 5.10 0.0562 0.6312 0.0096 0.0007 5.1757 -0.6949 -1.100745 -0.876358 11.50 
7.0067 2 1 1 0x0 2.9155 5.0845 2.92 5.08 0.0361 0.6792 0.0136 0.0007 5.1763 -0.6960 -1.084518 -0.880327 11.51 
7.0107 2 1 1 0x0 2.9344 5.0656 2.93 5.07 0.0267 0.6779 0.0176 0.0004 5.1769 -0.6972 -1.065586 -0.880017 11.51 
7.0147 2 1 1 0x0 2.9506 5.0494 2.95 5.05 0.0260 0.8946 0.0114 0.0007 5.1777 -0.6986 -1.049359 -0.875176 11.52 
7.0187 2 1 1 0x0 2.9723 5.0277 2.97 5.03 0.0774 0.8136 0.0050 0.0003 5.1788 -0.7004 -1.027723 -0.869446 11.52 
7.0227 2 1 1 0x0 2.9939 5.0061 2.99 5.01 0.1010 1.0451 0.0044 0.0004 5.1798 -0.7021 -1.006087 -0.864593 11.53 
7.0267 2 1 1 0x0 3.0128 4.9872 3.01 4.99 0.1486 0.7878 0.0023 0.0005 5.1810 -0.7040 -0.987155 -0.862410 11.53 
7.0307 2 1 1 0x0 3.0318 4.9682 3.03 4.97 0.1552 0.9299 0.0016 0.0004 5.1823 -0.7058 -0.968223 -0.860085 11.52 
7.0347 2 1 1 0x0 3.0507 4.9493 3.05 4.95 0.1918 0.8578 0.0032 0.0004 5.1833 -0.7073 -0.949291 -0.860186 11.52 
7.0387 2 1 1 0x0 3.0642 4.9358 3.06 4.94 0.1810 0.6273 0.0024 0.0006 5.1844 -0.7088 -0.935768 -0.861310 11.52 
7.0427 2 1 1 0x0 3.0778 4.9222 3.08 4.92 0.1746 0.7419 0.0012 0.0005 5.1855 -0.7103 -0.922246 -0.863448 11.51 
7.0467 2 1 1 0x0 3.0913 4.9087 3.09 4.91 0.1409 0.5872 0.0026 0.0004 5.1864 -0.7114 -0.908723 -0.864970 11.52 
7.0507 2 1 1 0x0 3.0967 4.9033 3.10 4.90 0.1607 0.5133 0.0017 0.0011 5.1871 -0.7123 -0.903314 -0.865641 11.50 
7.0547 2 1 1 0x0 3.1021 4.8979 3.10 4.90 0.2002 0.4327 0.0015 0.0014 5.1879 -0.7133 -0.897905 -0.865340 11.50 
7.0587 2 1 1 0x0 3.1075 4.8925 3.11 4.89 0.2231 0.3860 0.0021 0.0010 5.1886 -0.7142 -0.892496 -0.863521 11.50 
7.0627 2 1 1 0x0 3.1075 4.8925 3.11 4.89 0.3383 0.2967 0.0017 0.0015 5.1894 -0.7152 -0.892496 -0.860941 11.50 
7.0667 2 1 1 0x0 3.1048 4.8952 3.10 4.90 0.4182 0.3754 0.0009 0.0019 5.1903 -0.7163 -0.895200 -0.858239 11.50 
7.0707 2 1 1 0x0 3.1048 4.8952 3.10 4.90 0.4715 0.4056 0.0009 0.0011 5.1913 -0.7176 -0.895200 -0.855737 11.51 
7.0747 2 1 1 0x0 3.1048 4.8952 3.10 4.90 0.5124 0.4511 0.0012 0.0009 5.1923 -0.7188 -0.895200 -0.853557 11.52 
7.0787 2 1 1 0x0 3.1021 4.8979 3.10 4.90 0.4070 0.5222 0.0008 0.0012 5.1935 -0.7203 -0.897905 -0.851449 11.52 
7.0827 2 1 1 0x0 3.1021 4.8979 3.10 4.90 0.4665 0.4057 0.0005 0.0008 5.1947 -0.7218 -0.897905 -0.850257 11.51 
7.0867 2 1 1 0x0 3.1048 4.8952 3.10 4.90 0.2607 0.3448 0.0011 0.0012 5.1956 -0.7229 -0.895200 -0.851310 11.51 
7.0907 2 1 1 0x0 3.1129 4.8871 3.11 4.89 0.2462 0.3172 0.0035 0.0008 5.1963 -0.7237 -0.887087 -0.855800 11.50 
7.0947 2 1 1 0x0 3.1183 4.8817 3.12 4.88 0.1188 0.4016 0.0050 0.0015 5.1968 -0.7244 -0.881678 -0.858672 11.48 
7.0987 2 1 1 0x0 3.1264 4.8736 3.13 4.87 0.0690 0.4597 0.0043 0.0013 5.1974 -0.7251 -0.873564 -0.861517 11.49 
7.1027 2 1 1 0x0 3.1373 4.8627 3.14 4.86 0.0825 0.4270 0.0029 0.0009 5.1982 -0.7261 -0.862746 -0.866037 11.50 
7.1067 2 1 1 0x0 3.1481 4.8519 3.15 4.85 0.1597 0.5730 0.0032 0.0009 5.1990 -0.7270 -0.851928 -0.865225 11.50 
7.1107 2 1 1 0x0 3.1562 4.8438 3.16 4.84 0.2326 0.6418 0.0011 0.0005 5.2002 -0.7284 -0.843815 -0.860824 11.51 
7.1147 2 1 1 0x0 3.1616 4.8384 3.16 4.84 0.3548 0.4843 0.0009 0.0009 5.2013 -0.7296 -0.838406 -0.859304 11.52 
7.1187 2 1 1 0x0 3.1670 4.8330 3.17 4.83 0.3376 0.5679 0.0013 0.0012 5.2024 -0.7308 -0.832996 -0.859558 11.51 
7.1227 2 1 1 0x0 3.1697 4.8303 3.17 4.83 0.3874 0.4438 0.0011 0.0010 5.2036 -0.7321 -0.830292 -0.859937 11.52 
7.1267 2 1 1 0x0 3.1697 4.8303 3.17 4.83 0.3901 0.3709 0.0012 0.0010 5.2047 -0.7333 -0.830292 -0.860043 11.51 
7.1307 2 1 1 0x0 3.1643 4.8357 3.16 4.84 0.5325 0.3433 0.0009 0.0015 5.2058 -0.7345 -0.835701 -0.859891 11.51 
7.1347 2 1 1 0x0 3.1589 4.8411 3.16 4.84 0.4632 0.2022 0.0008 0.0010 5.2069 -0.7357 -0.841110 -0.858904 11.50 
7.1387 2 1 1 0x0 3.1481 4.8519 3.15 4.85 0.6130 0.2266 0.0010 0.0031 5.2077 -0.7366 -0.851928 -0.857709 11.50 
7.1427 2 1 1 0x0 3.1373 4.8627 3.14 4.86 0.6252 0.1479 0.0007 0.0024 5.2088 -0.7379 -0.862746 -0.856360 11.50 
7.1467 2 1 1 0x0 3.1237 4.8763 3.12 4.88 0.6155 0.0879 0.0004 0.0027 5.2097 -0.7389 -0.876269 -0.855398 11.49 
7.1507 2 1 1 0x0 3.1129 4.8871 3.11 4.89 0.4960 0.1069 0.0006 0.0025 5.2104 -0.7399 -0.887087 -0.854874 11.50 
7.1547 2 1 1 0x0 3.1021 4.8979 3.10 4.90 0.5594 0.1017 0.0006 0.0026 5.2112 -0.7408 -0.897905 -0.854712 11.49 
7.1587 2 1 1 0x0 3.0913 4.9087 3.09 4.91 0.4431 0.1386 0.0005 0.0031 5.2120 -0.7418 -0.908723 -0.854633 11.49 
7.1627 2 1 1 0x0 3.0859 4.9141 3.09 4.91 0.4206 0.1834 0.0011 0.0016 5.2127 -0.7427 -0.914132 -0.854539 11.50 
7.1667 2 1 1 0x0 3.0751 4.9250 3.08 4.92 0.4930 0.1684 0.0009 0.0032 5.2134 -0.7437 -0.924950 -0.854990 11.50 
7.1707 2 1 1 0x0 3.0696 4.9304 3.07 4.93 0.3985 0.1223 0.0009 0.0022 5.2142 -0.7447 -0.930359 -0.856090 11.49 
7.1747 2 1 1 0x0 3.0642 4.9358 3.06 4.94 0.2753 0.1068 0.0013 0.0026 5.2147 -0.7453 -0.935768 -0.856859 11.47 
7.1787 2 1 1 0x0 3.0561 4.9439 3.06 4.94 0.3429 0.1068 0.0015 0.0066 5.2150 -0.7458 -0.943881 -0.857424 11.47 
7.1827 2 1 1 0x0 3.0507 4.9493 3.05 4.95 0.3031 0.0655 0.0016 0.0056 5.2155 -0.7465 -0.949290 -0.857379 11.48 
7.1867 2 1 1 0x0 3.0426 4.9574 3.04 4.96 0.3534 0.1011 0.0010 0.0045 5.2161 -0.7473 -0.957404 -0.856225 11.48 
7.1907 2 1 1 0x0 3.0345 4.9655 3.03 4.97 0.3674 0.1057 0.0008 0.0046 5.2167 -0.7481 -0.965517 -0.854814 11.49 
7.1947 2 1 1 0x0 3.0291 4.9709 3.03 4.97 0.3758 0.1405 0.0007 0.0025 5.2173 -0.7492 -0.970926 -0.854423 11.49 
7.1987 2 1 1 0x0 3.0210 4.9790 3.02 4.98 0.3871 0.1722 0.0008 0.0039 5.2179 -0.7500 -0.979040 -0.854289 11.49 
7.2027 2 1 1 0x0 3.0156 4.9844 3.02 4.98 0.4014 0.1548 0.0010 0.0024 5.2186 -0.7510 -0.984449 -0.854025 11.47 
7.2067 2 1 1 0x0 3.0074 4.9926 3.01 4.99 0.3858 0.1226 0.0013 0.0034 5.2192 -0.7518 -0.992562 -0.853835 11.48 
7.2107 2 1 1 0x0 2.9966 5.0034 3.00 5.00 0.5092 0.1538 0.0008 0.0045 5.2198 -0.7529 -1.003381 -0.853823 11.48 
7.2147 2 1 1 0x0 2.9885 5.0115 2.99 5.01 0.4338 0.1627 0.0005 0.0027 5.2206 -0.7541 -1.011494 -0.853768 11.49 
7.2187 2 1 1 0x0 2.9777 5.0223 2.98 5.02 0.6034 0.1316 0.0005 0.0039 5.2212 -0.7551 -1.022313 -0.853411 11.48 
7.2227 2 1 1 0x0 2.9669 5.0331 2.97 5.03 0.5041 0.1403 0.0007 0.0049 5.2218 -0.7561 -1.033131 -0.852855 11.47 
7.2267 2 1 1 0x0 2.9561 5.0439 2.96 5.04 0.6255 0.1006 0.0011 0.0055 5.2225 -0.7572 -1.043949 -0.852292 11.49 
7.2307 2 1 1 0x0 2.9425 5.0575 2.94 5.06 0.6650 0.1095 0.0008 0.0056 5.2232 -0.7584 -1.057472 -0.851559 11.49 
7.2347 2 1 1 0x0 2.9317 5.0683 2.93 5.07 0.6414 0.1416 0.0007 0.0022 5.2240 -0.7598 -1.068290 -0.851111 11.50 
7.2387 2 1 1 0x0 2.9182 5.0818 2.92 5.08 0.6451 0.1201 0.0006 0.0031 5.2246 -0.7611 -1.081813 -0.850417 11.49 
7.2427 2 1 1 0x0 2.9047 5.0953 2.90 5.10 0.6263 0.1556 0.0004 0.0041 5.2253 -0.7623 -1.095336 -0.849983 11.50 
7.2467 2 1 1 0x0 2.8966 5.1034 2.90 5.10 0.4678 0.1182 0.0006 0.0018 5.2259 -0.7636 -1.103449 -0.849517 11.49 
7.2507 2 1 1 0x0 2.8830 5.1170 2.88 5.12 0.5659 0.1182 0.0007 0.0058 5.2264 -0.7645 -1.116972 -0.849433 11.48 
7.2547 2 1 1 0x0 2.8722 5.1278 2.87 5.13 0.4606 0.0711 0.0007 0.0053 5.2269 -0.7656 -1.127790 -0.849346 11.48 
7.2587 2 1 1 0x0 2.8614 5.1386 2.86 5.14 0.5864 0.0815 0.0007 0.0039 5.2274 -0.7667 -1.138609 -0.849195 11.48 
7.2627 2 1 1 0x0 2.8479 5.1521 2.85 5.15 0.4914 0.0815 0.0009 0.0079 5.2279 -0.7676 -1.152132 -0.848990 11.48 
7.2667 2 1 1 0x0 2.8343 5.1657 2.83 5.17 0.5206 0.0708 0.0005 0.0066 5.2284 -0.7689 -1.165655 -0.848610 11.48 
7.2707 2 1 1 0x0 2.8235 5.1765 2.82 5.18 0.5813 0.0889 0.0009 0.0054 5.2289 -0.7701 -1.176473 -0.848312 11.49 
7.2747 2 1 1 0x0 2.8127 5.1873 2.81 5.19 0.4057 0.0761 0.0007 0.0045 5.2294 -0.7712 -1.187291 -0.848194 11.49 
7.2787 2 1 1 0x0 2.8046 5.1954 2.80 5.20 0.3449 0.0969 0.0010 0.0037 5.2297 -0.7721 -1.195405 -0.847958 11.48 
7.2827 2 1 1 0x0 2.7965 5.2035 2.80 5.20 0.3542 0.0840 0.0011 0.0032 5.2301 -0.7731 -1.203519 -0.848069 11.46 
7.2867 2 1 1 0x0 2.7884 5.2116 2.79 5.21 0.3280 0.0955 0.0010 0.0027 5.2305 -0.7740 -1.211633 -0.848303 11.45 
7.2907 2 1 1 0x0 2.7803 5.2197 2.78 5.22 0.4009 0.0955 0.0018 0.0067 5.2307 -0.7746 -1.219747 -0.848547 11.46 
7.2947 2 1 1 0x0 2.7748 5.2252 2.77 5.23 0.4317 0.1396 0.0014 0.0023 5.2311 -0.7757 -1.225156 -0.848484 11.48 
7.2987 2 1 1 0x0 2.7694 5.2306 2.77 5.23 0.4597 0.1941 0.0014 0.0011 5.2315 -0.7769 -1.230565 -0.847968 11.48 
7.3027 2 1 1 0x0 2.7586 5.2414 2.76 5.24 0.4025 0.1650 0.0006 0.0029 5.2319 -0.7780 -1.241384 -0.847518 11.48 
7.3067 2 1 1 0x0 2.7559 5.2441 2.76 5.24 0.4242 0.2464 0.0012 0.0009 5.2323 -0.7794 -1.244088 -0.846854 11.48 
7.3107 2 1 1 0x0 2.7478 5.2522 2.75 5.25 0.6000 0.2806 0.0011 0.0015 5.2328 -0.7807 -1.252202 -0.845827 11.49 
7.3147 2 1 1 0x0 2.7397 5.2603 2.74 5.26 0.6230 0.2663 0.0006 0.0012 5.2334 -0.7825 -1.260316 -0.844433 11.48 
7.3187 2 1 1 0x0 2.7343 5.2657 2.73 5.27 0.4030 0.3734 0.0007 0.0014 5.2339 -0.7840 -1.265725 -0.843054 11.50 
7.3227 2 1 1 0x0 2.7343 5.2657 2.73 5.27 0.2979 0.4245 0.0007 0.0010 5.2343 -0.7856 -1.265725 -0.842216 11.50 
7.3267 2 1 1 0x0 2.7397 5.2603 2.74 5.26 0.2509 0.4454 0.0020 0.0009 5.2347 -0.7867 -1.260316 -0.843239 11.49 
7.3307 2 1 1 0x0 2.7451 5.2549 2.75 5.25 0.1914 0.4826 0.0026 0.0009 5.2351 -0.7879 -1.254906 -0.845319 11.48 
7.3347 2 1 1 0x0 2.7478 5.2522 2.75 5.25 0.2481 0.5250 0.0011 0.0013 5.2355 -0.7892 -1.252202 -0.846698 11.49 
7.3387 2 1 1 0x0 2.7586 5.2414 2.76 5.24 0.2587 0.5861 0.0015 0.0004 5.2360 -0.7908 -1.241384 -0.847136 11.50 
7.3427 2 1 1 0x0 2.7667 5.2333 2.77 5.23 0.2684 0.5293 0.0020 0.0008 5.2365 -0.7921 -1.233270 -0.846054 11.50 
7.3467 2 1 1 0x0 2.7721 5.2279 2.77 5.23 0.2398 0.5632 0.0011 0.0011 5.2371 -0.7936 -1.227861 -0.844854 11.51 
7.3506 2 1 1 0x0 2.7803 5.2197 2.78 5.22 0.2253 0.3943 0.0019 0.0007 5.2375 -0.7950 -1.219747 -0.844577 11.50 
7.3546 2 1 1 0x0 2.7830 5.2170 2.78 5.22 0.2870 0.3605 0.0011 0.0010 5.2380 -0.7963 -1.217042 -0.844639 11.50 
7.3586 2 1 1 0x0 2.7884 5.2116 2.79 5.21 0.3013 0.3311 0.0020 0.0008 5.2385 -0.7974 -1.211633 -0.845002 11.49 
7.3626 2 1 1 0x0 2.7884 5.2116 2.79 5.21 0.2639 0.3636 0.0017 0.0013 5.2389 -0.7986 -1.211633 -0.845043 11.49 
7.3666 2 1 1 0x0 2.7884 5.2116 2.79 5.21 0.3635 0.2338 0.0018 0.0010 5.2393 -0.7997 -1.211633 -0.844430 11.49 
7.3706 2 1 1 0x0 2.7830 5.2170 2.78 5.22 0.4060 0.1947 0.0011 0.0016 5.2397 -0.8009 -1.217042 -0.843099 11.50 
7.3746 2 1 1 0x0 2.7775 5.2225 2.78 5.22 0.4145 0.2080 0.0007 0.0019 5.2401 -0.8020 -1.222451 -0.841665 11.48 
7.3786 2 1 1 0x0 2.7721 5.2279 2.77 5.23 0.4175 0.1922 0.0005 0.0022 5.2406 -0.8032 -1.227860 -0.840089 11.48 
7.3826 2 1 1 0x0 2.7721 5.2279 2.77 5.23 0.3855 0.2834 0.0014 0.0009 5.2410 -0.8043 -1.227860 -0.838656 11.49 
7.3866 2 1 1 0x0 2.7667 5.2333 2.77 5.23 0.3644 0.3284 0.0012 0.0019 5.2414 -0.8054 -1.233270 -0.837456 11.49 
7.3906 2 1 1 0x0 2.7667 5.2333 2.77 5.23 0.3603 0.4093 0.0010 0.0010 5.2419 -0.8070 -1.233270 -0.836538 11.49 
7.3946 2 1 1 0x0 2.7694 5.2306 2.77 5.23 0.3771 0.5346 0.0016 0.0012 5.2424 -0.8083 -1.230565 -0.836198 11.50 
7.3986 2 1 1 0x0 2.7775 5.2225 2.78 5.22 0.2596 0.5742 0.0018 0.0004 5.2430 -0.8100 -1.222451 -0.836415 11.51 
7.4026 2 1 1 0x0 2.7830 5.2170 2.78 5.22 0.2176 0.5033 0.0027 0.0012 5.2434 -0.8112 -1.217042 -0.837787 11.50 
7.4066 2 1 1 0x0 2.7911 5.2089 2.79 5.21 0.1310 0.3848 0.0024 0.0007 5.2439 -0.8125 -1.208929 -0.839012 11.49 
7.4106 2 1 1 0x0 2.7992 5.2008 2.80 5.20 0.1068 0.4357 0.0029 0.0011 5.2443 -0.8135 -1.200815 -0.840616 11.48 
7.4146 2 1 1 0x0 2.8127 5.1873 2.81 5.19 0.0821 0.5574 0.0026 0.0005 5.2448 -0.8148 -1.187292 -0.847537 11.50 
7.4186 2 1 1 0x0 2.8262 5.1738 2.83 5.17 0.1323 0.5796 0.0026 0.0007 5.2453 -0.8161 -1.173769 -0.846252 11.50 
7.4226 2 1 1 0x0 2.8398 5.1602 2.84 5.16 0.1994 0.8169 0.0010 0.0008 5.2461 -0.8178 -1.160246 -0.842385 11.50 
7.4266 2 1 1 0x0 2.8560 5.1440 2.86 5.14 0.2463 0.8509 0.0010 0.0006 5.2469 -0.8196 -1.144019 -0.840478 11.50 
7.4306 2 1 1 0x0 2.8722 5.1278 2.87 5.13 0.2695 0.8372 0.0015 0.0004 5.2477 -0.8215 -1.127792 -0.838891 11.53 
7.4346 2 1 1 0x0 2.8830 5.1170 2.88 5.12 0.2570 0.7119 0.0010 0.0006 5.2486 -0.8233 -1.116974 -0.837726 11.51 
7.4386 2 1 1 0x0 2.8938 5.1062 2.89 5.11 0.3439 0.7991 0.0009 0.0007 5.2495 -0.8251 -1.106155 -0.837898 11.51 
7.4426 2 1 1 0x0 2.9047 5.0953 2.90 5.10 0.2678 0.5600 0.0009 0.0006 5.2505 -0.8269 -1.095337 -0.839036 11.51 
7.4466 2 1 1 0x0 2.9155 5.0845 2.92 5.08 0.2443 0.6262 0.0021 0.0008 5.2512 -0.8283 -1.084519 -0.840206 11.51 
7.4506 2 1 1 0x0 2.9236 5.0764 2.92 5.08 0.2829 0.4397 0.0017 0.0005 5.2521 -0.8300 -1.076405 -0.841080 11.52 
7.4546 2 1 1 0x0 2.9290 5.0710 2.93 5.07 0.2725 0.3361 0.0023 0.0009 5.2526 -0.8310 -1.070996 -0.841782 11.49 
7.4586 2 1 1 0x0 2.9290 5.0710 2.93 5.07 0.2249 0.3409 0.0014 0.0015 5.2532 -0.8321 -1.070996 -0.841220 11.49 
7.4626 2 1 1 0x0 2.9263 5.0737 2.93 5.07 0.3281 0.2735 0.0010 0.0026 5.2537 -0.8330 -1.073700 -0.840092 11.47 
7.4666 2 1 1 0x0 2.9236 5.0764 2.92 5.08 0.3220 0.2045 0.0011 0.0028 5.2542 -0.8339 -1.076405 -0.838558 11.48 
7.4706 2 1 1 0x0 2.9182 5.0818 2.92 5.08 0.3531 0.1697 0.0006 0.0019 5.2548 -0.8350 -1.081814 -0.836802 11.48 
7.4746 2 1 1 0x0 2.9128 5.0872 2.91 5.09 0.4009 0.1964 0.0006 0.0011 5.2553 -0.8360 -1.087223 -0.835749 11.49 
7.4786 2 1 1 0x0 2.9047 5.0953 2.90 5.10 0.4064 0.1708 0.0009 0.0028 5.2558 -0.8369 -1.095337 -0.834341 11.48 
7.4826 2 1 1 0x0 2.9020 5.0980 2.90 5.10 0.3799 0.2629 0.0011 0.0011 5.2565 -0.8382 -1.098042 -0.833356 11.49 
7.4866 2 1 1 0x0 2.8965 5.1035 2.90 5.10 0.3427 0.3016 0.0010 0.0019 5.2570 -0.8393 -1.103451 -0.833067 11.49 
7.4906 2 1 1 0x0 2.8993 5.1007 2.90 5.10 0.3540 0.3984 0.0014 0.0009 5.2576 -0.8405 -1.100746 -0.834033 11.49 
7.4946 2 1 1 0x0 2.9020 5.0980 2.90 5.10 0.2513 0.4694 0.0014 0.0009 5.2583 -0.8418 -1.098042 -0.836122 11.49 
7.4986 2 1 1 0x0 2.9074 5.0926 2.91 5.09 0.2711 0.4953 0.0008 0.0007 5.2590 -0.8432 -1.092632 -0.838190 11.50 
7.5026 2 1 1 0x0 2.9182 5.0818 2.92 5.08 0.2452 0.5283 0.0012 0.0005 5.2598 -0.8447 -1.081814 -0.838604 11.50 
7.5066 2 1 1 0x0 2.9317 5.0683 2.93 5.07 0.2090 0.7984 0.0015 0.0004 5.2607 -0.8463 -1.068291 -0.838439 11.50 
7.5106 2 1 1 0x0 2.9452 5.0548 2.95 5.05 0.1382 0.7373 0.0030 0.0008 5.2613 -0.8475 -1.054768 -0.837209 11.51 
7.5146 2 1 1 0x0 2.9615 5.0385 2.96 5.04 0.1444 0.5723 0.0042 0.0006 5.2622 -0.8489 -1.038541 -0.836008 11.50 
7.5186 2 1 1 0x0 2.9777 5.0223 2.98 5.02 0.0880 0.7908 0.0045 0.0005 5.2630 -0.8503 -1.022314 -0.835868 11.51 
7.5226 2 1 1 0x0 2.9939 5.0061 2.99 5.01 0.1018 0.7103 0.0042 0.0005 5.2639 -0.8517 -1.006087 -0.833926 11.51 
7.5266 2 1 1 0x0 3.0101 4.9899 3.01 4.99 0.1027 0.8019 0.0042 0.0006 5.2647 -0.8531 -0.989860 -0.832680 11.50 
7.5306 2 1 1 0x0 3.0237 4.9763 3.02 4.98 0.1613 0.6331 0.0024 0.0007 5.2657 -0.8546 -0.976337 -0.832281 11.51 
7.5346 2 1 1 0x0 3.0372 4.9628 3.04 4.96 0.1910 0.7310 0.0023 0.0007 5.2668 -0.8561 -0.962814 -0.832013 11.52 
7.5386 2 1 1 0x0 3.0453 4.9547 3.05 4.95 0.2992 0.6027 0.0013 0.0007 5.2678 -0.8576 -0.954701 -0.832474 11.51 
7.5426 2 1 1 0x0 3.0480 4.9520 3.05 4.95 0.2716 0.4904 0.0009 0.0014 5.2686 -0.8587 -0.951996 -0.833734 11.50 
7.5466 2 1 1 0x0 3.0507 4.9493 3.05 4.95 0.3623 0.3583 0.0010 0.0011 5.2695 -0.8599 -0.949292 -0.835048 11.49 
7.5506 2 1 1 0x0 3.0507 4.9493 3.05 4.95 0.2949 0.2348 0.0014 0.0010 5.2702 -0.8609 -0.949292 -0.834525 11.49 
7.5546 2 1 1 0x0 3.0480 4.9520 3.05 4.95 0.3874 0.1875 0.0018 0.0015 5.2708 -0.8617 -0.951996 -0.832700 11.49 
7.5586 2 1 1 0x0 3.0399 4.9601 3.04 4.96 0.3630 0.1875 0.0010 0.0034 5.2713 -0.8625 -0.960110 -0.831136 11.49 
7.5626 2 1 1 0x0 3.0372 4.9628 3.04 4.96 0.2722 0.1652 0.0011 0.0019 5.2719 -0.8634 -0.962814 -0.830587 11.48 
7.5666 2 1 1 0x0 3.0372 4.9628 3.04 4.96 0.2473 0.2119 0.0022 0.0012 5.2724 -0.8640 -0.962814 -0.830067 11.48 
7.5706 2 1 1 0x0 3.0345 4.9655 3.03 4.97 0.3022 0.2536 0.0017 0.0013 5.2730 -0.8649 -0.965519 -0.829509 11.48 
7.5746 2 1 1 0x0 3.0345 4.9655 3.03 4.97 0.2545 0.2740 0.0012 0.0008 5.2737 -0.8659 -0.965519 -0.829008 11.49 
7.5786 2 1 1 0x0 3.0345 4.9655 3.03 4.97 0.3451 0.4557 0.0011 0.0016 5.2744 -0.8669 -0.965519 -0.828216 11.50 
7.5826 2 1 1 0x0 3.0426 4.9574 3.04 4.96 0.2726 0.5817 0.0014 0.0004 5.2754 -0.8684 -0.957405 -0.827645 11.51 
7.5866 2 1 1 0x0 3.0453 4.9547 3.05 4.95 0.3783 0.5459 0.0018 0.0012 5.2762 -0.8695 -0.954701 -0.826982 11.51 
7.5906 2 1 1 0x0 3.0480 4.9520 3.05 4.95 0.3634 0.3859 0.0010 0.0007 5.2773 -0.8710 -0.951996 -0.827248 11.51 
7.5946 2 1 1 0x0 3.0507 4.9493 3.05 4.95 0.3006 0.3899 0.0012 0.0008 5.2781 -0.8722 -0.949292 -0.828900 11.50 
7.5986 2 1 1 0x0 3.0534 4.9466 3.05 4.95 0.3227 0.3837 0.0011 0.0009 5.2789 -0.8733 -0.946587 -0.834839 11.49 
7.6026 2 1 1 0x0 3.0561 4.9439 3.06 4.94 0.2743 0.3775 0.0010 0.0009 5.2798 -0.8745 -0.943883 -0.834839 11.50 
7.6066 2 1 1 0x0 3.0561 4.9439 3.06 4.94 0.3860 0.3796 0.0014 0.0016 5.2805 -0.8755 -0.943883 -0.835186 11.50 
7.6106 2 1 1 0x0 3.0534 4.9466 3.05 4.95 0.4507 0.2726 0.0011 0.0019 5.2813 -0.8766 -0.946587 -0.835205 11.50 
7.6146 2 1 1 0x0 3.0507 4.9493 3.05 4.95 0.5065 0.3165 0.0013 0.0019 5.2821 -0.8778 -0.949292 -0.835775 11.49 
7.6186 2 1 1 0x0 3.0426 4.9574 3.04 4.96 0.4221 0.2416 0.0010 0.0026 5.2830 -0.8789 -0.957405 -0.835688 11.50 
7.6226 2 1 1 0x0 3.0345 4.9655 3.03 4.97 0.5429 0.2098 0.0008 0.0026 5.2838 -0.8801 -0.965519 -0.835160 11.49 
7.6266 2 1 1 0x0 3.0264 4.9736 3.03 4.97 0.4694 0.1860 0.0005 0.0019 5.2846 -0.8813 -0.973632 -0.834087 11.50 
7.6306 2 1 1 0x0 3.0183 4.9817 3.02 4.98 0.4694 0.1542 0.0011 0.0035 5.2851 -0.8821 -0.981746 -0.833220 11.49 
7.6346 2 1 1 0x0 3.0101 4.9899 3.01 4.99 0.5385 0.1190 0.0010 0.0020 5.2859 -0.8833 -0.989859 -0.832282 11.49 
7.6386 2 1 1 0x0 2.9993 5.0007 3.00 5.00 0.4162 0.1575 0.0008 0.0030 5.2866 -0.8843 -1.000677 -0.831625 11.49 
7.6426 2 1 1 0x0 2.9939 5.0061 2.99 5.01 0.3802 0.1996 0.0011 0.0021 5.2872 -0.8853 -1.006087 -0.831403 11.49 
7.6466 2 1 1 0x0 2.9885 5.0115 2.99 5.01 0.3292 0.2194 0.0011 0.0018 5.2879 -0.8864 -1.011496 -0.831907 11.48 
7.6506 2 1 1 0x0 2.9858 5.0142 2.99 5.01 0.3650 0.2182 0.0016 0.0018 5.2884 -0.8872 -1.014200 -0.833215 11.47 
7.6546 2 1 1 0x0 2.9831 5.0169 2.98 5.02 0.2759 0.2175 0.0017 0.0015 5.2890 -0.8881 -1.016905 -0.835528 11.48 
7.6586 2 1 1 0x0 2.9804 5.0196 2.98 5.02 0.3194 0.2568 0.0015 0.0018 5.2895 -0.8890 -1.019610 -0.835899 11.49 
7.6626 2 1 1 0x0 2.9804 5.0196 2.98 5.02 0.2567 0.2620 0.0013 0.0009 5.2901 -0.8900 -1.019610 -0.836500 11.48 
7.6666 2 1 1 0x0 2.9804 5.0196 2.98 5.02 0.3377 0.3433 0.0012 0.0008 5.2908 -0.8910 -1.019610 -0.835236 11.49 
7.6706 2 1 1 0x0 2.9804 5.0196 2.98 5.02 0.2810 0.3072 0.0011 0.0012 5.2914 -0.8921 -1.019610 -0.834850 11.50 
7.6746 2 1 1 0x0 2.9804 5.0196 2.98 5.02 0.3647 0.3971 0.0011 0.0018 5.2920 -0.8931 -1.019610 -0.834481 11.50 
7.6786 2 1 1 0x0 2.9831 5.0169 2.98 5.02 0.2821 0.4059 0.0015 0.0013 5.2928 -0.8943 -1.016905 -0.834105 11.50 
7.6826 2 1 1 0x0 2.9831 5.0169 2.98 5.02 0.3098 0.3483 0.0008 0.0006 5.2936 -0.8957 -1.016905 -0.833695 11.50 
7.6866 2 1 1 0x0 2.9804 5.0196 2.98 5.02 0.4019 0.3064 0.0013 0.0018 5.2942 -0.8966 -1.019610 -0.833813 11.49 
7.6906 2 1 1 0x0 2.9750 5.0250 2.97 5.03 0.4333 0.2555 0.0009 0.0027 5.2948 -0.8976 -1.025019 -0.834082 11.47 
7.6946 2 1 1 0x0 2.9696 5.0304 2.97 5.03 0.4764 0.1666 0.0009 0.0023 5.2954 -0.8986 -1.030428 -0.833968 11.48 
7.6986 2 1 1 0x0 2.9615 5.0385 2.96 5.04 0.5174 0.1084 0.0012 0.0032 5.2960 -0.8995 -1.038542 -0.833414 11.48 
7.7026 2 1 1 0x0 2.9506 5.0494 2.95 5.05 0.4414 0.1032 0.0009 0.0034 5.2966 -0.9006 -1.049360 -0.832541 11.48 
7.7066 2 1 1 0x0 2.9371 5.0629 2.94 5.06 0.5880 0.1032 0.0010 0.0074 5.2971 -0.9014 -1.062883 -0.831849 11.48 
7.7106 2 1 1 0x0 2.9236 5.0764 2.92 5.08 0.6066 0.0573 0.0005 0.0059 5.2978 -0.9027 -1.076406 -0.831252 11.48 
7.7146 2 1 1 0x0 2.9101 5.0899 2.91 5.09 0.4989 0.0573 0.0009 0.0099 5.2982 -0.9036 -1.089929 -0.830662 11.48 
7.7186 2 1 1 0x0 2.8965 5.1035 2.90 5.10 0.5775 0.0474 0.0007 0.0060 5.2989 -0.9048 -1.103451 -0.830370 11.48 
7.7226 2 1 1 0x0 2.8803 5.1197 2.88 5.12 0.4695 0.0474 0.0004 0.0100 5.2994 -0.9059 -1.119679 -0.830353 11.49 
7.7266 2 1 1 0x0 2.8668 5.1332 2.87 5.13 0.5825 0.0474 0.0006 0.0140 5.2999 -0.9068 -1.133202 -0.830507 11.48 
7.7306 2 1 1 0x0 2.8533 5.1467 2.85 5.15 0.4768 0.0295 0.0005 0.0180 5.3003 -0.9078 -1.146724 -0.830239 11.49 
7.7346 2 1 1 0x0 2.8425 5.1575 2.84 5.16 0.4351 0.0228 0.0011 0.0220 5.3006 -0.9085 -1.157543 -0.830010 11.48 
7.7386 2 1 1 0x0 2.8289 5.1711 2.83 5.17 0.5507 0.0186 0.0009 0.0260 5.3010 -0.9094 -1.171066 -0.829842 11.47 
7.7426 2 1 1 0x0 2.8181 5.1819 2.82 5.18 0.4495 0.0160 0.0008 0.0131 5.3015 -0.9106 -1.181884 -0.829542 11.47 
7.7466 2 1 1 0x0 2.8046 5.1954 2.80 5.20 0.6175 0.0160 0.0010 0.0171 5.3018 -0.9115 -1.195407 -0.829229 11.47 
7.7506 2 1 1 0x0 2.7884 5.2116 2.79 5.21 0.6362 0.0160 0.0006 0.0211 5.3023 -0.9126 -1.211634 -0.828913 11.46 
7.7546 2 1 1 0x0 2.7748 5.2252 2.77 5.23 0.4632 0.0160 0.0008 0.0251 5.3026 -0.9136 -1.225157 -0.828760 11.47 
7.7586 2 1 1 0x0 2.7613 5.2387 2.76 5.24 0.5205 0.0160 0.0007 0.0291 5.3030 -0.9146 -1.238680 -0.828711 11.48 
7.7626 2 1 1 0x0 2.7505 5.2495 2.75 5.25 0.4644 0.0160 0.0009 0.0331 5.3032 -0.9153 -1.249498 -0.828812 11.47 
7.7666 2 1 1 0x0 2.7424 5.2576 2.74 5.26 0.4374 0.0197 0.0009 0.0141 5.3036 -0.9163 -1.257612 -0.828807 11.44 
7.7706 2 1 1 0x0 2.7316 5.2684 2.73 5.27 0.4173 0.0197 0.0007 0.0181 5.3038 -0.9171 -1.268431 -0.828928 11.43 
7.7746 2 1 1 0x0 2.7235 5.2765 2.72 5.28 0.3371 0.0197 0.0014 0.0221 5.3040 -0.9176 -1.276545 -0.829103 11.45 
7.7786 2 1 1 0x0 2.7126 5.2874 2.71 5.29 0.3494 0.0197 0.0012 0.0261 5.3042 -0.9184 -1.287363 -0.828960 11.46 
7.7826 2 1 1 0x0 2.7045 5.2955 2.70 5.30 0.3664 0.0230 0.0012 0.0110 5.3045 -0.9194 -1.295477 -0.828396 11.46 
7.7866 2 1 1 0x0 2.6910 5.3090 2.69 5.31 0.4930 0.0230 0.0005 0.0150 5.3048 -0.9204 -1.309000 -0.827972 11.47 
7.7906 2 1 1 0x0 2.6829 5.3171 2.68 5.32 0.5318 0.0583 0.0009 0.0067 5.3050 -0.9213 -1.317114 -0.827324 11.47 
7.7946 2 1 1 0x0 2.6721 5.3279 2.67 5.33 0.5020 0.0862 0.0009 0.0048 5.3053 -0.9225 -1.327932 -0.826524 11.48 
7.7986 2 1 1 0x0 2.6612 5.3387 2.66 5.34 0.5929 0.1297 0.0010 0.0049 5.3056 -0.9237 -1.338750 -0.825610 11.48 
7.8026 2 1 1 0x0 2.6531 5.3469 2.65 5.35 0.4007 0.1365 0.0009 0.0023 5.3059 -0.9251 -1.346864 -0.825102 11.47 
7.8066 2 1 1 0x0 2.6450 5.3550 2.65 5.35 0.3074 0.0975 0.0008 0.0027 5.3061 -0.9261 -1.354978 -0.824795 11.46 
7.8106 2 1 1 0x0 2.6396 5.3604 2.64 5.36 0.3367 0.0932 0.0010 0.0025 5.3063 -0.9269 -1.360387 -0.825348 11.44 
7.8146 2 1 1 0x0 2.6315 5.3685 2.63 5.37 0.2712 0.0932 0.0009 0.0065 5.3064 -0.9275 -1.368501 -0.826085 11.45 
7.8186 2 1 1 0x0 2.6261 5.3739 2.63 5.37 0.3471 0.0777 0.0009 0.0057 5.3066 -0.9283 -1.373910 -0.826976 11.46 
7.8226 2 1 1 0x0 2.6234 5.3766 2.62 5.38 0.2916 0.1359 0.0011 0.0023 5.3068 -0.9293 -1.376615 -0.827070 11.46 
7.8266 2 1 1 0x0 2.6180 5.3820 2.62 5.38 0.3586 0.1817 0.0013 0.0037 5.3070 -0.9301 -1.382024 -0.826788 11.46 
7.8306 2 1 1 0x0 2.6153 5.3847 2.62 5.38 0.2969 0.1984 0.0014 0.0030 5.3071 -0.9311 -1.384729 -0.826672 11.46 
7.8346 2 1 1 0x0 2.6126 5.3874 2.61 5.39 0.3400 0.2033 0.0014 0.0026 5.3073 -0.9321 -1.387433 -0.826583 11.47 
7.8386 2 1 1 0x0 2.6099 5.3901 2.61 5.39 0.2736 0.2342 0.0015 0.0024 5.3075 -0.9331 -1.390138 -0.826399 11.47 
7.8426 2 1 1 0x0 2.6099 5.3901 2.61 5.39 0.3690 0.2303 0.0018 0.0015 5.3077 -0.9342 -1.390138 -0.826353 11.47 
7.8466 2 1 1 0x0 2.6072 5.3928 2.61 5.39 0.3926 0.3055 0.0010 0.0010 5.3080 -0.9356 -1.392843 -0.826350 11.47 
7.8506 2 1 1 0x0 2.6072 5.3928 2.61 5.39 0.3313 0.2983 0.0015 0.0008 5.3082 -0.9368 -1.392843 -0.826087 11.47 
7.8546 2 1 1 0x0 2.6045 5.3955 2.60 5.40 0.3386 0.3676 0.0009 0.0010 5.3085 -0.9382 -1.395547 -0.825673 11.47 
7.8586 2 1 1 0x0 2.6045 5.3955 2.60 5.40 0.3755 0.3149 0.0014 0.0015 5.3087 -0.9394 -1.395547 -0.825325 11.48 
7.8626 2 1 1 0x0 2.6072 5.3928 2.61 5.39 0.3703 0.4950 0.0006 0.0006 5.3090 -0.9412 -1.392843 -0.824562 11.49 
7.8666 2 1 1 0x0 2.6126 5.3874 2.61 5.39 0.2836 0.5378 0.0009 0.0012 5.3093 -0.9428 -1.387433 -0.823707 11.48 
7.8706 2 1 1 0x0 2.6180 5.3820 2.62 5.38 0.3255 0.6249 0.0009 0.0006 5.3096 -0.9444 -1.382024 -0.823262 11.51 
7.8746 2 1 1 0x0 2.6261 5.3739 2.63 5.37 0.2999 0.4778 0.0020 0.0009 5.3098 -0.9458 -1.373910 -0.823740 11.49 
7.8786 2 1 1 0x0 2.6369 5.3631 2.64 5.36 0.2653 0.5622 0.0029 0.0008 5.3102 -0.9474 -1.363092 -0.824489 11.50 
7.8826 2 1 1 0x0 2.6477 5.3523 2.65 5.35 0.2084 0.5046 0.0030 0.0007 5.3105 -0.9490 -1.352274 -0.824335 11.50 
7.8866 2 1 1 0x0 2.6558 5.3442 2.66 5.34 0.1653 0.5623 0.0022 0.0010 5.3108 -0.9504 -1.344160 -0.824247 11.50 
7.8906 2 1 1 0x0 2.6667 5.3333 2.67 5.33 0.1212 0.4618 0.0033 0.0010 5.3111 -0.9516 -1.333342 -0.824705 11.50 
7.8946 2 1 1 0x0 2.6775 5.3225 2.68 5.32 0.1464 0.5297 0.0042 0.0008 5.3114 -0.9527 -1.322523 -0.825185 11.48 
7.8986 2 1 1 0x0 2.6829 5.3171 2.68 5.32 0.1738 0.5027 0.0025 0.0012 5.3117 -0.9539 -1.317114 -0.825019 11.49 
7.9026 2 1 1 0x0 2.6883 5.3117 2.69 5.31 0.2091 0.4253 0.0018 0.0013 5.3120 -0.9551 -1.311705 -0.824327 11.47 
7.9066 2 1 1 0x0 2.6937 5.3063 2.69 5.31 0.2435 0.3905 0.0018 0.0007 5.3123 -0.9563 -1.306296 -0.823376 11.49 
7.9106 2 1 1 0x0 2.6964 5.3036 2.70 5.30 0.2666 0.3148 0.0022 0.0011 5.3126 -0.9573 -1.303591 -0.822131 11.48 
7.9146 2 1 1 0x0 2.6964 5.3036 2.70 5.30 0.2304 0.3618 0.0016 0.0013 5.3129 -0.9584 -1.303591 -0.821017 11.48 
7.9186 2 1 1 0x0 2.6991 5.3009 2.70 5.30 0.3430 0.4100 0.0014 0.0007 5.3133 -0.9598 -1.300886 -0.819529 11.49 
7.9226 2 1 1 0x0 2.7018 5.2982 2.70 5.30 0.3029 0.4567 0.0016 0.0005 5.3137 -0.9612 -1.298182 -0.817833 11.49 
7.9266 2 1 1 0x0 2.7018 5.2982 2.70 5.30 0.3258 0.5291 0.0007 0.0009 5.3141 -0.9627 -1.298182 -0.815927 11.48 
7.9306 2 1 1 0x0 2.7072 5.2928 2.71 5.29 0.3750 0.4707 0.0011 0.0007 5.3145 -0.9643 -1.292773 -0.814595 11.50 
7.9346 2 1 1 0x0 2.7099 5.2901 2.71 5.29 0.2809 0.4256 0.0014 0.0013 5.3149 -0.9657 -1.290068 -0.814769 11.50 
7.9386 2 1 1 0x0 2.7126 5.2874 2.71 5.29 0.3222 0.3765 0.0014 0.0014 5.3153 -0.9670 -1.287363 -0.816823 11.49 
7.9426 2 1 1 0x0 2.7180 5.2820 2.72 5.28 0.2538 0.3359 0.0022 0.0010 5.3157 -0.9682 -1.281954 -0.818688 11.49 
7.9466 2 1 1 0x0 2.7235 5.2765 2.72 5.28 0.2187 0.4011 0.0024 0.0006 5.3160 -0.9694 -1.276545 -0.819288 11.49 
7.9506 2 1 1 0x0 2.7289 5.2711 2.73 5.27 0.2262 0.4416 0.0023 0.0008 5.3164 -0.9705 -1.271136 -0.824456 11.49 
7.9546 2 1 1 0x0 2.7370 5.2630 2.74 5.26 0.2520 0.5800 0.0025 0.0006 5.3168 -0.9719 -1.263022 -0.822653 11.49 
7.9586 2 1 1 0x0 2.7424 5.2576 2.74 5.26 0.2290 0.4912 0.0013 0.0009 5.3173 -0.9734 -1.257613 -0.819978 11.50 
7.9626 2 1 1 0x0 2.7532 5.2468 2.75 5.25 0.2184 0.6050 0.0020 0.0008 5.3178 -0.9750 -1.246795 -0.819175 11.50 
7.9666 2 1 1 0x0 2.7640 5.2360 2.76 5.24 0.2132 0.5394 0.0025 0.0009 5.3183 -0.9765 -1.235976 -0.818997 11.50 
7.9706 2 1 1 0x0 2.7775 5.2225 2.78 5.22 0.1687 0.7069 0.0026 0.0003 5.3189 -0.9782 -1.222453 -0.819215 11.50 
7.9746 2 1 1 0x0 2.7911 5.2089 2.79 5.21 0.1809 0.6928 0.0043 0.0005 5.3194 -0.9796 -1.208931 -0.819782 11.50 
7.9786 2 1 1 0x0 2.8019 5.1981 2.80 5.20 0.1167 0.7103 0.0020 0.0007 5.3200 -0.9811 -1.198112 -0.820198 11.50 
7.9826 2 1 1 0x0 2.8208 5.1792 2.82 5.18 0.1167 0.6491 0.0060 0.0003 5.3205 -0.9824 -1.179181 -0.820215 11.50 
7.9866 2 1 1 0x0 2.8343 5.1657 2.83 5.17 0.0634 0.5349 0.0051 0.0006 5.3211 -0.9837 -1.165658 -0.819880 11.51 
7.9906 2 1 1 0x0 2.8506 5.1494 2.85 5.15 0.0634 0.5498 0.0091 0.0005 5.3216 -0.9848 -1.149431 -0.819786 11.50 
7.9946 2 1 1 0x0 2.8614 5.1386 2.86 5.14 0.0439 0.5622 0.0053 0.0008 5.3221 -0.9859 -1.138613 -0.820302 11.49 
7.9986 2 1 1 0x0 2.8749 5.1251 2.87 5.13 0.0439 0.4301 0.0093 0.0007 5.3225 -0.9868 -1.125090 -0.820939 11.48 
8.0026 2 1 1 0x0 2.8830 5.1170 2.88 5.12 0.0554 0.3915 0.0050 0.0012 5.3230 -0.9877 -1.116976 -0.821119 11.49 
8.0066 2 1 1 0x0 2.8911 5.1089 2.89 5.11 0.1086 0.3764 0.0035 0.0014 5.3234 -0.9887 -1.108862 -0.821022 11.49 
8.0106 2 1 1 0x0 2.9020 5.0980 2.90 5.10 0.0979 0.4532 0.0035 0.0005 5.3240 -0.9897 -1.098044 -0.820145 11.49 
8.0146 2 1 1 0x0 2.9101 5.0899 2.91 5.09 0.1462 0.4907 0.0041 0.0008 5.3244 -0.9906 -1.089930 -0.819243 11.49 
8.0186 2 1 1 0x0 2.9182 5.0818 2.92 5.08 0.1657 0.4733 0.0024 0.0005 5.3251 -0.9919 -1.081817 -0.818373 11.49 
8.0226 2 1 1 0x0 2.9263 5.0737 2.93 5.07 0.1845 0.6194 0.0012 0.0006 5.3258 -0.9931 -1.073703 -0.817756 11.50 
8.0266 2 1 1 0x0 2.9398 5.0602 2.94 5.06 0.1588 0.6961 0.0028 0.0004 5.3264 -0.9944 -1.060180 -0.817132 11.50 
8.0306 2 1 1 0x0 2.9506 5.0494 2.95 5.05 0.1465 0.7115 0.0020 0.0008 5.3272 -0.9958 -1.049362 -0.816427 11.50 
8.0346 2 1 1 0x0 2.9669 5.0331 2.97 5.03 0.1801 0.5958 0.0035 0.0003 5.3281 -0.9972 -1.033135 -0.815430 11.51 
8.0386 2 1 1 0x0 2.9777 5.0223 2.98 5.02 0.0636 0.6548 0.0075 0.0010 5.3287 -0.9982 -1.022317 -0.815714 11.49 
8.0426 2 1 1 0x0 2.9912 5.0088 2.99 5.01 0.0391 0.6471 0.0115 0.0007 5.3294 -0.9995 -1.008794 -0.816838 11.49 
8.0466 2 1 1 0x0 3.0074 4.9926 3.01 4.99 0.0282 0.6661 0.0155 0.0006 5.3301 -1.0005 -0.992567 -0.817555 11.50 
8.0506 2 1 1 0x0 3.0210 4.9790 3.02 4.98 0.0000 0.6569 0.0109 0.0004 5.3309 -1.0017 -0.979044 -0.817551 11.50 
8.0546 2 1 1 0x0 3.0345 4.9655 3.03 4.97 0.0692 0.6754 0.0045 0.0004 5.3317 -1.0028 -0.965521 -0.816821 11.50 
8.0586 2 1 1 0x0 3.0453 4.9547 3.05 4.95 0.0905 0.4992 0.0034 0.0010 5.3324 -1.0038 -0.954703 -0.816136 11.50 
8.0626 2 1 1 0x0 3.0561 4.9439 3.06 4.94 0.1637 0.4618 0.0014 0.0005 5.3333 -1.0052 -0.943885 -0.815870 11.50 
8.0666 2 1 1 0x0 3.0615 4.9385 3.06 4.94 0.2325 0.3658 0.0016 0.0009 5.3340 -1.0061 -0.938476 -0.815669 11.50 
8.0706 2 1 1 0x0 3.0615 4.9385 3.06 4.94 0.3372 0.2880 0.0012 0.0011 5.3348 -1.0071 -0.938476 -0.815945 11.49 
8.0746 2 1 1 0x0 3.0588 4.9412 3.06 4.94 0.3132 0.1982 0.0015 0.0014 5.3354 -1.0079 -0.941180 -0.816657 11.48 
8.0786 2 1 1 0x0 3.0507 4.9493 3.05 4.95 0.3525 0.1146 0.0011 0.0026 5.3359 -1.0088 -0.949294 -0.816541 11.48 
8.0826 2 1 1 0x0 3.0399 4.9601 3.04 4.96 0.3696 0.1146 0.0011 0.0066 5.3364 -1.0094 -0.960112 -0.815515 11.48 
8.0866 2 1 1 0x0 3.0318 4.9682 3.03 4.97 0.3817 0.0828 0.0013 0.0064 5.3370 -1.0103 -0.968225 -0.814639 11.47 
8.0906 2 1 1 0x0 3.0237 4.9763 3.02 4.98 0.3553 0.0600 0.0014 0.0046 5.3376 -1.0111 -0.976339 -0.814281 11.47 
8.0946 2 1 1 0x0 3.0155 4.9845 3.02 4.98 0.2836 0.1010 0.0011 0.0032 5.3381 -1.0119 -0.984452 -0.814630 11.47 
8.0986 2 1 1 0x0 3.0101 4.9899 3.01 4.99 0.3365 0.1058 0.0014 0.0032 5.3386 -1.0126 -0.989861 -0.815149 11.47 
8.1026 2 1 1 0x0 3.0074 4.9926 3.01 4.99 0.2768 0.1657 0.0013 0.0015 5.3391 -1.0135 -0.992566 -0.816152 11.48 
8.1066 2 1 1 0x0 3.0047 4.9953 3.00 5.00 0.3325 0.1711 0.0011 0.0012 5.3397 -1.0143 -0.995270 -0.816346 11.47 
8.1106 2 1 1 0x0 3.0020 4.9980 3.00 5.00 0.2741 0.2392 0.0012 0.0015 5.3402 -1.0152 -0.997975 -0.815913 11.48 
8.1146 2 1 1 0x0 3.0020 4.9980 3.00 5.00 0.3783 0.3117 0.0015 0.0010 5.3409 -1.0162 -0.997975 -0.815161 11.49 
8.1187 2 1 1 0x0 2.9993 5.0007 3.00 5.00 0.4314 0.2698 0.0011 0.0010 5.3417 -1.0174 -1.000679 -0.814538 11.49 
8.1227 2 1 1 0x0 2.9966 5.0034 3.00 5.00 0.4874 0.3756 0.0011 0.0013 5.3424 -1.0186 -1.003384 -0.813743 11.49 
8.1267 2 1 1 0x0 2.9912 5.0088 2.99 5.01 0.4357 0.3181 0.0007 0.0016 5.3433 -1.0200 -1.008793 -0.812882 11.50 
8.1307 2 1 1 0x0 2.9858 5.0142 2.99 5.01 0.5758 0.3415 0.0008 0.0018 5.3442 -1.0213 -1.014202 -0.812304 11.50 
8.1347 2 1 1 0x0 2.9804 5.0196 2.98 5.02 0.4727 0.2390 0.0009 0.0018 5.3450 -1.0227 -1.019611 -0.812122 11.50 
8.1387 2 1 1 0x0 2.9723 5.0277 2.97 5.03 0.5295 0.2090 0.0009 0.0025 5.3458 -1.0239 -1.027725 -0.812930 11.49 
8.1427 2 1 1 0x0 2.9669 5.0331 2.97 5.03 0.4970 0.1633 0.0014 0.0024 5.3464 -1.0250 -1.033134 -0.812605 11.50 
8.1467 2 1 1 0x0 2.9588 5.0412 2.96 5.04 0.3691 0.1422 0.0007 0.0015 5.3471 -1.0262 -1.041248 -0.813575 11.48 
8.1507 2 1 1 0x0 2.9506 5.0494 2.95 5.05 0.3831 0.1624 0.0010 0.0029 5.3476 -1.0271 -1.049362 -0.813194 11.48 
8.1547 2 1 1 0x0 2.9398 5.0602 2.94 5.06 0.5278 0.1302 0.0004 0.0041 5.3482 -1.0281 -1.060180 -0.812814 11.48 
8.1587 2 1 1 0x0 2.9344 5.0656 2.93 5.07 0.5113 0.1291 0.0009 0.0023 5.3488 -1.0292 -1.065589 -0.812519 11.49 
8.1627 2 1 1 0x0 2.9263 5.0737 2.93 5.07 0.4978 0.1729 0.0014 0.0035 5.3493 -1.0301 -1.073703 -0.812948 11.48 
8.1667 2 1 1 0x0 2.9209 5.0791 2.92 5.08 0.4139 0.2008 0.0014 0.0027 5.3499 -1.0311 -1.079112 -0.813533 11.48 
8.1707 2 1 1 0x0 2.9182 5.0818 2.92 5.08 0.2736 0.2029 0.0019 0.0023 5.3503 -1.0320 -1.081817 -0.814330 11.46 
8.1747 2 1 1 0x0 2.9155 5.0845 2.92 5.08 0.2795 0.1631 0.0015 0.0014 5.3508 -1.0329 -1.084522 -0.814794 11.48 
8.1787 2 1 1 0x0 2.9128 5.0872 2.91 5.09 0.2688 0.1413 0.0022 0.0027 5.3511 -1.0335 -1.087226 -0.815013 11.47 
8.1827 2 1 1 0x0 2.9101 5.0899 2.91 5.09 0.2347 0.1604 0.0013 0.0019 5.3516 -1.0344 -1.089931 -0.814707 11.47 
8.1867 2 1 1 0x0 2.9074 5.0926 2.91 5.09 0.3473 0.2008 0.0013 0.0018 5.3520 -1.0353 -1.092636 -0.813657 11.48 
8.1907 2 1 1 0x0 2.9020 5.0980 2.90 5.10 0.4082 0.1634 0.0006 0.0017 5.3526 -1.0364 -1.098045 -0.813214 11.49 
8.1947 2 1 1 0x0 2.8993 5.1007 2.90 5.10 0.3633 0.1872 0.0013 0.0014 5.3531 -1.0373 -1.100749 -0.813095 11.48 
8.1987 2 1 1 0x0 2.8938 5.1062 2.89 5.11 0.4001 0.1720 0.0012 0.0013 5.3536 -1.0383 -1.106159 -0.813129 11.48 
8.2027 2 1 1 0x0 2.8857 5.1143 2.89 5.11 0.3895 0.2050 0.0012 0.0032 5.3541 -1.0393 -1.114272 -0.813270 11.48 
8.2067 2 1 1 0x0 2.8803 5.1197 2.88 5.12 0.4015 0.1453 0.0012 0.0021 5.3546 -1.0403 -1.119682 -0.813462 11.46 
8.2107 2 1 1 0x0 2.8695 5.1305 2.87 5.13 0.3928 0.1453 0.0014 0.0061 5.3549 -1.0411 -1.130500 -0.813320 11.46 
8.2147 2 1 1 0x0 2.8587 5.1413 2.86 5.14 0.5019 0.0843 0.0007 0.0063 5.3555 -1.0422 -1.141318 -0.813112 11.47 
8.2187 2 1 1 0x0 2.8506 5.1494 2.85 5.15 0.5393 0.0838 0.0013 0.0055 5.3559 -1.0431 -1.149432 -0.812905 11.48 
8.2227 2 1 1 0x0 2.8370 5.1630 2.84 5.16 0.5929 0.0718 0.0004 0.0042 5.3564 -1.0444 -1.162955 -0.812327 11.48 
8.2267 2 1 1 0x0 2.8262 5.1738 2.83 5.17 0.5722 0.0900 0.0007 0.0032 5.3569 -1.0455 -1.173773 -0.811942 11.48 
8.2307 2 1 1 0x0 2.8127 5.1873 2.81 5.19 0.6401 0.0900 0.0011 0.0072 5.3573 -1.0465 -1.187296 -0.811646 11.49 
8.2347 2 1 1 0x0 2.7992 5.2008 2.80 5.20 0.6305 0.0637 0.0007 0.0057 5.3578 -1.0478 -1.200819 -0.811465 11.48 
8.2387 2 1 1 0x0 2.7830 5.2170 2.78 5.22 0.6218 0.0637 0.0004 0.0097 5.3583 -1.0489 -1.217046 -0.811222 11.48 
8.2427 2 1 1 0x0 2.7721 5.2279 2.77 5.23 0.4725 0.0549 0.0007 0.0068 5.3587 -1.0501 -1.227864 -0.810903 11.47 
8.2467 2 1 1 0x0 2.7586 5.2414 2.76 5.24 0.5773 0.0549 0.0009 0.0108 5.3590 -1.0510 -1.241387 -0.810723 11.46 
8.2507 2 1 1 0x0 2.7451 5.2549 2.75 5.25 0.4681 0.0364 0.0009 0.0148 5.3593 -1.0520 -1.254910 -0.810770 11.46 
8.2547 2 1 1 0x0 2.7316 5.2684 2.73 5.27 0.5389 0.0268 0.0008 0.0188 5.3596 -1.0529 -1.268433 -0.810679 11.45 
8.2587 2 1 1 0x0 2.7180 5.2820 2.72 5.28 0.4291 0.0212 0.0007 0.0228 5.3599 -1.0539 -1.281956 -0.810506 11.44 
8.2627 2 1 1 0x0 2.7045 5.2955 2.70 5.30 0.5632 0.0175 0.0008 0.0268 5.3602 -1.0549 -1.295478 -0.810404 11.44 
8.2667 2 1 1 0x0 2.6910 5.3090 2.69 5.31 0.4987 0.0149 0.0010 0.0308 5.3605 -1.0559 -1.309001 -0.810397 11.46 
8.2707 2 1 1 0x0 2.6775 5.3225 2.68 5.32 0.5705 0.0130 0.0012 0.0348 5.3607 -1.0569 -1.322524 -0.810145 11.46 
8.2747 2 1 1 0x0 2.6640 5.3360 2.66 5.34 0.4385 0.0115 0.0012 0.0388 5.3610 -1.0578 -1.336047 -0.810015 11.45 
8.2787 2 1 1 0x0 2.6531 5.3469 2.65 5.35 0.5040 0.0104 0.0008 0.0197 5.3613 -1.0590 -1.346865 -0.810046 11.44 
8.2827 2 1 1 0x0 2.6423 5.3577 2.64 5.36 0.4665 0.0104 0.0010 0.0237 5.3614 -1.0598 -1.357684 -0.810005 11.46 
8.2867 2 1 1 0x0 2.6315 5.3685 2.63 5.37 0.4392 0.0104 0.0010 0.0277 5.3616 -1.0606 -1.368502 -0.810016 11.45 
8.2907 2 1 1 0x0 2.6207 5.3793 2.62 5.38 0.4201 0.0104 0.0008 0.0317 5.3618 -1.0614 -1.379321 -0.809926 11.46 
8.2947 2 1 1 0x0 2.6126 5.3874 2.61 5.39 0.3356 0.0104 0.0015 0.0357 5.3619 -1.0620 -1.387435 -0.809846 11.45 
8.2987 2 1 1 0x0 2.6017 5.3983 2.60 5.40 0.3395 0.0104 0.0013 0.0397 5.3620 -1.0628 -1.398253 -0.809266 11.46 
8.3027 2 1 1 0x0 2.5909 5.4091 2.59 5.41 0.3473 0.0104 0.0013 0.0437 5.3622 -1.0636 -1.409072 -0.809173 11.45 
8.3067 2 1 1 0x0 2.5774 5.4226 2.58 5.42 0.4957 0.0104 0.0006 0.0477 5.3623 -1.0646 -1.422594 -0.808896 11.45 
8.3107 2 1 1 0x0 2.5666 5.4334 2.57 5.43 0.5342 0.0104 0.0011 0.0517 5.3624 -1.0654 -1.433413 -0.808725 11.46 
8.3147 2 1 1 0x0 2.5558 5.4442 2.56 5.44 0.4513 0.0126 0.0010 0.0201 5.3626 -1.0666 -1.444231 -0.808242 11.46 
8.3187 2 1 1 0x0 2.5422 5.4578 2.54 5.46 0.5604 0.0126 0.0009 0.0241 5.3627 -1.0676 -1.457754 -0.807791 11.47 
8.3227 2 1 1 0x0 2.5287 5.4713 2.53 5.47 0.3913 0.0126 0.0006 0.0281 5.3628 -1.0686 -1.471277 -0.807559 11.46 
8.3267 2 1 1 0x0 2.5206 5.4794 2.52 5.48 0.3845 0.0126 0.0016 0.0321 5.3629 -1.0692 -1.479391 -0.808071 11.46 
8.3307 2 1 1 0x0 2.5125 5.4875 2.51 5.49 0.2717 0.0126 0.0017 0.0361 5.3629 -1.0698 -1.487505 -0.808683 11.45 
8.3347 2 1 1 0x0 2.5071 5.4929 2.51 5.49 0.3131 0.0180 0.0015 0.0127 5.3630 -1.0706 -1.492914 -0.809450 11.45 
8.3387 2 1 1 0x0 2.4990 5.5010 2.50 5.50 0.2767 0.0180 0.0014 0.0167 5.3630 -1.0713 -1.501028 -0.808817 11.44 
8.3427 2 1 1 0x0 2.4909 5.5091 2.49 5.51 0.3498 0.0180 0.0015 0.0207 5.3631 -1.0719 -1.509142 -0.808687 11.45 
8.3467 2 1 1 0x0 2.4854 5.5146 2.49 5.51 0.3175 0.0361 0.0017 0.0079 5.3631 -1.0727 -1.514551 -0.808434 11.46 
8.3507 2 1 1 0x0 2.4773 5.5227 2.48 5.52 0.3454 0.0361 0.0018 0.0119 5.3632 -1.0733 -1.522665 -0.808601 11.44 
8.3547 2 1 1 0x0 2.4692 5.5308 2.47 5.53 0.3453 0.0571 0.0006 0.0067 5.3632 -1.0743 -1.530779 -0.808625 11.45 
8.3587 2 1 1 0x0 2.4611 5.5389 2.46 5.54 0.2710 0.0571 0.0008 0.0107 5.3632 -1.0749 -1.538893 -0.808781 11.45 
8.3627 2 1 1 0x0 2.4557 5.5443 2.46 5.54 0.3656 0.0449 0.0010 0.0066 5.3632 -1.0757 -1.544302 -0.808317 11.46 
8.3668 2 1 1 0x0 2.4476 5.5524 2.45 5.55 0.3133 0.0449 0.0013 0.0106 5.3633 -1.0763 -1.552416 -0.808475 11.44 
8.3708 2 1 1 0x0 2.4368 5.5632 2.44 5.56 0.3334 0.0449 0.0007 0.0146 5.3633 -1.0771 -1.563234 -0.808292 11.45 
8.3748 2 1 1 0x0 2.4287 5.5713 2.43 5.57 0.4016 0.0288 0.0012 0.0186 5.3633 -1.0777 -1.571348 -0.808221 11.44 
8.3788 2 1 1 0x0 2.4178 5.5822 2.42 5.58 0.3998 0.0224 0.0008 0.0226 5.3633 -1.0786 -1.582167 -0.808245 11.45 
8.3828 2 1 1 0x0 2.4124 5.5876 2.41 5.59 0.3178 0.0204 0.0014 0.0122 5.3633 -1.0794 -1.587576 -0.808174 11.43 
8.3868 2 1 1 0x0 2.4016 5.5984 2.40 5.60 0.3115 0.0204 0.0009 0.0162 5.3632 -1.0802 -1.598394 -0.808180 11.43 
8.3908 2 1 1 0x0 2.3935 5.6065 2.39 5.61 0.3882 0.0204 0.0014 0.0202 5.3632 -1.0808 -1.606508 -0.808002 11.43 
8.3948 2 1 1 0x0 2.3827 5.6173 2.38 5.62 0.3731 0.0204 0.0006 0.0242 5.3632 -1.0816 -1.617327 -0.807794 11.42 
8.3988 2 1 1 0x0 2.3746 5.6254 2.37 5.63 0.3205 0.0204 0.0008 0.0282 5.3632 -1.0822 -1.625440 -0.807565 11.42 
8.4028 2 1 1 0x0 2.3692 5.6308 2.37 5.63 0.3224 0.0211 0.0008 0.0126 5.3631 -1.0830 -1.630850 -0.807342 11.43 
8.4068 2 1 1 0x0 2.3637 5.6363 2.36 5.64 0.3079 0.0211 0.0020 0.0166 5.3631 -1.0834 -1.636259 -0.807194 11.43 
8.4108 2 1 1 0x0 2.3556 5.6444 2.36 5.64 0.2419 0.0211 0.0014 0.0206 5.3630 -1.0840 -1.644373 -0.807054 11.42 
8.4148 2 1 1 0x0 2.3502 5.6498 2.35 5.65 0.2205 0.0211 0.0023 0.0246 5.3630 -1.0844 -1.649782 -0.806907 11.42 
8.4188 2 1 1 0x0 2.3421 5.6579 2.34 5.66 0.2834 0.0211 0.0015 0.0286 5.3630 -1.0850 -1.657896 -0.806796 11.43 
8.4228 2 1 1 0x0 2.3340 5.6660 2.33 5.67 0.2502 0.0176 0.0009 0.0326 5.3629 -1.0856 -1.666010 -0.806644 11.43 
8.4268 2 1 1 0x0 2.3286 5.6714 2.33 5.67 0.2522 0.0150 0.0020 0.0366 5.3629 -1.0860 -1.671419 -0.806534 11.44 
8.4308 2 1 1 0x0 2.3232 5.6768 2.32 5.68 0.3300 0.0140 0.0019 0.0165 5.3628 -1.0869 -1.676828 -0.806430 11.44 
8.4348 2 1 1 0x0 2.3124 5.6876 2.31 5.69 0.3623 0.0140 0.0008 0.0205 5.3627 -1.0877 -1.687647 -0.806316 11.44 
8.4388 2 1 1 0x0 2.3042 5.6958 2.30 5.70 0.3161 0.0140 0.0011 0.0245 5.3626 -1.0883 -1.695761 -0.806194 11.44 
8.4428 2 1 1 0x0 2.2988 5.7012 2.30 5.70 0.3872 0.0405 0.0016 0.0090 5.3625 -1.0891 -1.701170 -0.806025 11.44 
8.4468 2 1 1 0x0 2.2907 5.7093 2.29 5.71 0.4083 0.0511 0.0010 0.0040 5.3624 -1.0901 -1.709284 -0.805865 11.46 
8.4508 2 1 1 0x0 2.2799 5.7201 2.28 5.72 0.4153 0.0511 0.0007 0.0080 5.3623 -1.0909 -1.720102 -0.805720 11.45 
8.4548 2 1 1 0x0 2.2745 5.7255 2.27 5.73 0.3311 0.0766 0.0015 0.0054 5.3621 -1.0917 -1.725511 -0.805618 11.44 
8.4588 2 1 1 0x0 2.2664 5.7336 2.27 5.73 0.3219 0.0691 0.0013 0.0038 5.3620 -1.0927 -1.733625 -0.805576 11.44 
8.4628 2 1 1 0x0 2.2583 5.7417 2.26 5.74 0.2845 0.0870 0.0008 0.0025 5.3618 -1.0937 -1.741739 -0.805589 11.45 
8.4668 2 1 1 0x0 2.2529 5.7471 2.25 5.75 0.2361 0.0870 0.0019 0.0065 5.3617 -1.0941 -1.747148 -0.805731 11.44 
8.4708 2 1 1 0x0 2.2501 5.7499 2.25 5.75 0.1578 0.0667 0.0020 0.0051 5.3616 -1.0947 -1.749853 -0.806035 11.44 
8.4748 2 1 1 0x0 2.2501 5.7499 2.25 5.75 0.1570 0.0782 0.0035 0.0035 5.3616 -1.0951 -1.749853 -0.806010 11.43 
8.4788 2 1 1 0x0 2.2501 5.7499 2.25 5.75 0.0995 0.0844 0.0041 0.0025 5.3615 -1.0955 -1.749853 -0.805630 11.43 
8.4828 2 1 1 0x0 2.2501 5.7499 2.25 5.75 0.0729 0.1455 0.0033 0.0027 5.3614 -1.0959 -1.749853 -0.805144 11.43 
8.4868 2 1 1 0x0 2.2556 5.7444 2.26 5.74 0.0729 0.2060 0.0073 0.0014 5.3613 -1.0963 -1.744444 -0.804876 11.44 
8.4908 2 1 1 0x0 2.2610 5.7390 2.26 5.74 0.0476 0.2338 0.0113 0.0015 5.3613 -1.0967 -1.739035 -0.804735 11.42 
8.4948 2 1 1 0x0 2.2664 5.7336 2.27 5.73 0.0324 0.2360 0.0153 0.0016 5.3612 -1.0971 -1.733625 -0.804852 11.44 
8.4988 2 1 1 0x0 2.2718 5.7282 2.27 5.73 0.0246 0.2458 0.0193 0.0019 5.3611 -1.0975 -1.728216 -0.804844 11.43 
8.5028 2 1 1 0x0 2.2772 5.7228 2.28 5.72 0.0198 0.2401 0.0233 0.0021 5.3611 -1.0979 -1.722807 -0.804664 11.44 
8.5068 2 1 1 0x0 2.2826 5.7174 2.28 5.72 0.0165 0.2272 0.0273 0.0025 5.3610 -1.0983 -1.717398 -0.804643 11.43 
8.5108 2 1 1 0x0 2.2880 5.7120 2.29 5.71 0.0142 0.1942 0.0313 0.0021 5.3610 -1.0987 -1.711988 -0.804673 11.44 
8.5148 2 1 1 0x0 2.2934 5.7066 2.29 5.71 0.0125 0.1756 0.0353 0.0014 5.3609 -1.0991 -1.706579 -0.804776 11.43 
8.5188 2 1 1 0x0 2.2934 5.7066 2.29 5.71 0.0118 0.1161 0.0193 0.0025 5.3609 -1.0995 -1.706579 -0.804850 11.43 
8.5228 2 1 1 0x0 2.2961 5.7039 2.30 5.70 0.0118 0.0968 0.0233 0.0027 5.3608 -1.0997 -1.703874 -0.804848 11.43 
8.5268 2 1 1 0x0 2.2961 5.7039 2.30 5.70 0.0118 0.0968 0.0273 0.0067 5.3608 -1.0997 -1.703874 -0.804756 11.43 
8.5308 2 1 1 0x0 2.2961 5.7039 2.30 5.70 0.0118 0.0473 0.0313 0.0107 5.3608 -1.0997 -1.703874 -0.804565 11.42 
8.5348 2 1 1 0x0 2.2961 5.7039 2.30 5.70 0.0118 0.0323 0.0353 0.0147 5.3608 -1.0997 -1.703874 -0.804375 11.42 
8.5388 2 1 1 0x0 2.2961 5.7039 2.30 5.70 0.0118 0.0245 0.0393 0.0187 5.3608 -1.0997 -1.703874 -0.804146 11.43 
8.5428 2 1 1 0x0 2.2961 5.7039 2.30 5.70 0.0118 0.0197 0.0433 0.0227 5.3608 -1.0997 -1.703874 -0.804017 11.42 
8.5468 2 1 1 0x0 2.2988 5.7012 2.30 5.70 0.0118 0.0166 0.0473 0.0124 5.3608 -1.0999 -1.701170 -0.803887 11.41 
8.5508 2 1 1 0x0 2.2988 5.7012 2.30 5.70 0.0118 0.0166 0.0513 0.0164 5.3608 -1.0999 -1.701170 -0.803780 11.39 
8.5548 2 1 1 0x0 2.2988 5.7012 2.30 5.70 0.0107 0.0166 0.0553 0.0204 5.3608 -1.0999 -1.701170 -0.803660 11.40 
8.5588 2 1 1 0x0 2.2988 5.7012 2.30 5.70 0.0096 0.0166 0.0593 0.0244 5.3608 -1.0999 -1.701170 -0.803587 11.40 
8.5628 2 1 1 0x0 2.2988 5.7012 2.30 5.70 0.0088 0.0166 0.0633 0.0284 5.3608 -1.0999 -1.701170 -0.803485 11.40 
8.5668 2 1 1 0x0 2.2988 5.7012 2.30 5.70 0.0081 0.0166 0.0673 0.0324 5.3608 -1.0999 -1.701170 -0.803423 11.40 
8.5708 2 1 1 0x0 2.2988 5.7012 2.30 5.70 0.0075 0.0166 0.0713 0.0364 5.3608 -1.0999 -1.701170 -0.803340 11.40 
8.5748 2 1 1 0x0 2.2988 5.7012 2.30 5.70 0.0070 0.0144 0.0753 0.0404 5.3608 -1.0999 -1.701170 -0.803245 11.41 
8.5788 2 1 1 0x0 2.3015 5.6985 2.30 5.70 0.0065 0.0134 0.0793 0.0171 5.3608 -1.1001 -1.698465 -0.803123 11.40 
8.5828 2 1 1 0x0 2.3015 5.6985 2.30 5.70 0.0061 0.0134 0.0833 0.0211 5.3608 -1.1001 -1.698465 -0.803073 11.40 
8.5868 2 1 1 0x0 2.3015 5.6985 2.30 5.70 0.0058 0.0134 0.0873 0.0251 5.3608 -1.1001 -1.698465 -0.802934 11.39 
8.5908 2 1 1 0x0 2.3015 5.6985 2.30 5.70 0.0055 0.0134 0.0913 0.0291 5.3608 -1.1001 -1.698465 -0.802852 11.40 
8.5948 2 1 1 0x0 2.3015 5.6985 2.30 5.70 0.0052 0.0134 0.0953 0.0331 5.3608 -1.1001 -1.698465 -0.802800 11.40 
8.5988 2 1 1 0x0 2.3015 5.6985 2.30 5.70 0.0049 0.0134 0.0993 0.0371 5.3608 -1.1001 -1.698465 -0.802717 11.39 
8.6028 2 1 1 0x0 2.3015 5.6985 2.30 5.70 0.0047 0.0134 0.1000 0.0411 5.3608 -1.1001 -1.698465 -0.802649 11.40 
8.6068 2 1 1 0x0 2.3015 5.6985 2.30 5.70 0.0045 0.0134 0.1000 0.0451 5.3608 -1.1001 -1.698465 -0.802554 11.40 
8.6108 2 1 1 0x0 2.3015 5.6985 2.30 5.70 0.0043 0.0119 0.1000 0.0491 5.3608 -1.1001 -1.698465 -0.802475 11.41 
8.6149 2 1 1 0x0 2.3015 5.6985 2.30 5.70 0.0041 0.0107 0.1000 0.0531 5.3608 -1.1001 -1.698465 -0.802365 11.42 
8.6189 2 1 1 0x0 2.3042 5.6958 2.30 5.70 0.0040 0.0103 0.1000 0.0222 5.3607 -1.1003 -1.695761 -0.802254 11.42 
8.6229 2 1 1 0x0 2.3042 5.6958 2.30 5.70 0.0038 0.0103 0.1000 0.0262 5.3607 -1.1003 -1.695761 -0.802149 11.42 
8.6269 2 1 1 0x0 2.3042 5.6958 2.30 5.70 0.0037 0.0103 0.1000 0.0302 5.3607 -1.1003 -1.695761 -0.802058 11.42 
8.6309 2 1 1 0x0 2.3069 5.6931 2.31 5.69 0.0036 0.0354 0.1000 0.0087 5.3607 -1.1005 -1.693056 -0.801988 11.42 
8.6349 2 1 1 0x0 2.3069 5.6931 2.31 5.69 0.0034 0.0354 0.1000 0.0127 5.3607 -1.1005 -1.693056 -0.801913 11.42 
8.6389 2 1 1 0x0 2.3096 5.6904 2.31 5.69 0.0033 0.0457 0.1000 0.0065 5.3607 -1.1007 -1.690351 -0.801878 11.42 
8.6429 2 1 1 0x0 2.3124 5.6876 2.31 5.69 0.0032 0.0709 0.1000 0.0032 5.3607 -1.1009 -1.687647 -0.801890 11.42 
8.6469 2 1 1 0x0 2.3124 5.6876 2.31 5.69 0.0031 0.0709 0.1000 0.0072 5.3607 -1.1009 -1.687647 -0.801953 11.42 
8.6509 2 1 1 0x0 2.3151 5.6849 2.32 5.68 0.0030 0.0588 0.1000 0.0049 5.3606 -1.1011 -1.684942 -0.801877 11.43 
8.6549 2 1 1 0x0 2.3178 5.6822 2.32 5.68 0.0029 0.0791 0.1000 0.0029 5.3606 -1.1013 -1.682238 -0.801846 11.42 
8.6589 2 1 1 0x0 2.3178 5.6822 2.32 5.68 0.0029 0.0791 0.1000 0.0069 5.3606 -1.1013 -1.682238 -0.801725 11.41 
8.6629 2 1 1 0x0 2.3205 5.6795 2.32 5.68 0.0028 0.0728 0.1000 0.0055 5.3606 -1.1015 -1.679533 -0.801670 11.42 
8.6669 2 1 1 0x0 2.3232 5.6768 2.32 5.68 0.0027 0.0984 0.1000 0.0047 5.3606 -1.1017 -1.676828 -0.801529 11.43 
8.6709 2 1 1 0x0 2.3259 5.6741 2.33 5.67 0.0026 0.1000 0.1000 0.0046 5.3606 -1.1019 -1.674124 -0.801474 11.43 
8.6749 2 1 1 0x0 2.3313 5.6687 2.33 5.67 0.0026 0.1376 0.1000 0.0023 5.3605 -1.1023 -1.668714 -0.801358 11.43 
8.6789 2 1 1 0x0 2.3340 5.6660 2.33 5.67 0.0025 0.1565 0.1000 0.0035 5.3605 -1.1025 -1.666010 -0.801291 11.43 
8.6829 2 1 1 0x0 2.3367 5.6633 2.34 5.66 0.0024 0.1164 0.1000 0.0045 5.3605 -1.1027 -1.663305 -0.801238 11.41 
8.6869 2 1 1 0x0 2.3394 5.6606 2.34 5.66 0.0024 0.1216 0.1000 0.0050 5.3605 -1.1029 -1.660601 -0.801241 11.42 
8.6909 2 1 1 0x0 2.3421 5.6579 2.34 5.66 0.0023 0.0714 0.1000 0.0045 5.3604 -1.1031 -1.657896 -0.801172 11.42 
8.6949 2 1 1 0x0 2.3421 5.6579 2.34 5.66 0.0023 0.0714 0.1000 0.0085 5.3604 -1.1031 -1.657896 -0.801023 11.43 
8.6989 2 1 1 0x0 2.3448 5.6552 2.34 5.66 0.0022 0.0686 0.1000 0.0067 5.3604 -1.1033 -1.655191 -0.800812 11.42 
8.7029 2 1 1 0x0 2.3475 5.6525 2.35 5.65 0.0022 0.0675 0.1000 0.0048 5.3604 -1.1035 -1.652487 -0.800638 11.43 
8.7069 2 1 1 0x0 2.3502 5.6498 2.35 5.65 0.0021 0.0933 0.1000 0.0036 5.3604 -1.1037 -1.649782 -0.800472 11.43 
8.7109 2 1 1 0x0 2.3529 5.6471 2.35 5.65 0.0021 0.0817 0.1000 0.0030 5.3604 -1.1039 -1.647077 -0.800349 11.43 
8.7149 2 1 1 0x0 2.3556 5.6444 2.36 5.64 0.0020 0.0937 0.1000 0.0023 5.3604 -1.1041 -1.644373 -0.800245 11.43 
8.7189 2 1 1 0x0 2.3556 5.6444 2.36 5.64 0.0000 0.0937 0.1000 0.0063 5.3604 -1.1041 -1.644373 -0.800128 11.43 
8.7229 2 1 1 0x0 2.3556 5.6444 2.36 5.64 0.0020 0.0725 0.1000 0.0053 5.3603 -1.1045 -1.644373 -0.800050 11.43 
8.7269 2 1 1 0x0 2.3583 5.6417 2.36 5.64 0.0020 0.0750 0.1000 0.0038 5.3603 -1.1047 -1.641668 -0.799970 11.42 
8.7309 2 1 1 0x0 2.3583 5.6417 2.36 5.64 0.0020 0.0750 0.1000 0.0078 5.3603 -1.1047 -1.641668 -0.799889 11.42 
8.7349 2 1 1 0x0 2.3610 5.6390 2.36 5.64 0.0020 0.0685 0.1000 0.0062 5.3603 -1.1049 -1.638964 -0.799769 11.43 
8.7389 2 1 1 0x0 2.3664 5.6336 2.37 5.63 0.0020 0.1177 0.1000 0.0022 5.3603 -1.1053 -1.633554 -0.799662 11.43 
8.7429 2 1 1 0x0 2.3692 5.6308 2.37 5.63 0.0020 0.1689 0.1000 0.0033 5.3603 -1.1055 -1.630850 -0.799502 11.43 
8.7469 2 1 1 0x0 2.3746 5.6254 2.37 5.63 0.0020 0.1812 0.1000 0.0023 5.3602 -1.1059 -1.625440 -0.799367 11.42 
8.7509 2 1 1 0x0 2.3773 5.6227 2.38 5.62 0.0020 0.1434 0.1000 0.0037 5.3602 -1.1061 -1.622736 -0.799249 11.44 
8.7549 2 1 1 0x0 2.3827 5.6173 2.38 5.62 0.0020 0.1526 0.1000 0.0026 5.3602 -1.1065 -1.617327 -0.799068 11.44 
8.7589 2 1 1 0x0 2.3881 5.6119 2.39 5.61 0.0020 0.1777 0.1000 0.0022 5.3602 -1.1070 -1.611917 -0.798849 11.44 
8.7629 2 1 1 0x0 2.3962 5.6038 2.40 5.60 0.0020 0.2849 0.1000 0.0010 5.3602 -1.1076 -1.603804 -0.798560 11.44 
8.7669 2 1 1 0x0 2.4016 5.5984 2.40 5.60 0.0020 0.2982 0.1000 0.0018 5.3602 -1.1080 -1.598394 -0.798313 11.44 
8.7709 2 1 1 0x0 2.4124 5.5876 2.41 5.59 0.0020 0.4036 0.1000 0.0006 5.3601 -1.1088 -1.587576 -0.798162 11.45 
8.7749 2 1 1 0x0 2.4205 5.5795 2.42 5.58 0.0020 0.3399 0.1000 0.0014 5.3601 -1.1094 -1.579462 -0.798099 11.45 
8.7789 2 1 1 0x0 2.4341 5.5659 2.43 5.57 0.0020 0.5018 0.1000 0.0007 5.3601 -1.1104 -1.565939 -0.798398 11.46 
8.7829 2 1 1 0x0 2.4476 5.5524 2.45 5.55 0.0020 0.4942 0.1000 0.0005 5.3601 -1.1114 -1.552416 -0.798376 11.47 
8.7869 2 1 1 0x0 2.4611 5.5389 2.46 5.54 0.0020 0.6358 0.1000 0.0007 5.3602 -1.1124 -1.538894 -0.798362 11.46 
8.7909 2 1 1 0x0 2.4773 5.5227 2.48 5.52 0.0020 0.7165 0.1000 0.0007 5.3602 -1.1136 -1.522666 -0.798125 11.47 
8.7949 2 1 1 0x0 2.4936 5.5064 2.49 5.51 0.0020 0.7344 0.1000 0.0010 5.3603 -1.1149 -1.506439 -0.797997 11.47 
8.7989 2 1 1 0x0 2.5125 5.4875 2.51 5.49 0.0020 0.6291 0.1000 0.0005 5.3604 -1.1163 -1.487507 -0.797965 11.47 
8.8029 2 1 1 0x0 2.5287 5.4713 2.53 5.47 0.0020 0.5021 0.1000 0.0005 5.3605 -1.1175 -1.471280 -0.798393 11.48 
8.8069 2 1 1 0x0 2.5422 5.4578 2.54 5.46 0.0020 0.6106 0.1000 0.0009 5.3606 -1.1185 -1.457757 -0.798870 11.47 
8.8109 2 1 1 0x0 2.5531 5.4469 2.55 5.45 0.0046 0.5097 0.0479 0.0011 5.3608 -1.1197 -1.446939 -0.799336 11.47 
8.8149 2 1 1 0x0 2.5666 5.4334 2.57 5.43 0.0046 0.5665 0.0519 0.0012 5.3609 -1.1207 -1.433416 -0.798954 11.47 
8.8189 2 1 1 0x0 2.5828 5.4172 2.58 5.42 0.0046 0.6102 0.0559 0.0005 5.3611 -1.1219 -1.417189 -0.798082 11.48 
8.8229 2 1 1 0x0 2.5936 5.4064 2.59 5.41 0.0307 0.5477 0.0094 0.0009 5.3613 -1.1231 -1.406371 -0.797380 11.48 
8.8269 2 1 1 0x0 2.6099 5.3901 2.61 5.39 0.0307 0.5270 0.0134 0.0008 5.3615 -1.1243 -1.390143 -0.796869 11.46 
8.8309 2 1 1 0x0 2.6261 5.3739 2.63 5.37 0.0307 0.6336 0.0174 0.0008 5.3617 -1.1255 -1.373916 -0.796339 11.47 
8.8349 2 1 1 0x0 2.6423 5.3577 2.64 5.36 0.0316 0.7155 0.0083 0.0003 5.3620 -1.1271 -1.357689 -0.796006 11.48 
8.8389 2 1 1 0x0 2.6558 5.3442 2.66 5.34 0.0690 0.8112 0.0030 0.0008 5.3623 -1.1285 -1.344166 -0.795667 11.49 
8.8429 2 1 1 0x0 2.6775 5.3225 2.68 5.32 0.0690 0.8483 0.0070 0.0003 5.3627 -1.1301 -1.322530 -0.795039 11.49 
8.8469 2 1 1 0x0 2.6937 5.3063 2.69 5.31 0.0730 0.7410 0.0053 0.0007 5.3631 -1.1316 -1.306303 -0.794046 11.49 
8.8509 2 1 1 0x0 2.7126 5.2874 2.71 5.29 0.0869 0.7932 0.0042 0.0005 5.3636 -1.1334 -1.287371 -0.793152 11.49 
8.8549 2 1 1 0x0 2.7343 5.2657 2.73 5.27 0.0869 0.8074 0.0082 0.0004 5.3641 -1.1349 -1.265735 -0.792509 11.49 
8.8589 2 1 1 0x0 2.7532 5.2468 2.75 5.25 0.0684 0.7801 0.0069 0.0003 5.3647 -1.1367 -1.246804 -0.792319 11.50 
8.8630 2 1 1 0x0 2.7721 5.2279 2.77 5.23 0.0948 0.7547 0.0058 0.0003 5.3652 -1.1384 -1.227872 -0.792264 11.50 
8.8670 2 1 1 0x0 2.7857 5.2143 2.79 5.21 0.1454 0.8760 0.0021 0.0007 5.3659 -1.1401 -1.214349 -0.792271 11.49 
8.8710 2 1 1 0x0 2.8046 5.1954 2.80 5.20 0.1372 0.8133 0.0032 0.0006 5.3665 -1.1418 -1.195418 -0.792424 11.49 
8.8750 2 1 1 0x0 2.8181 5.1819 2.82 5.18 0.1644 0.5758 0.0023 0.0005 5.3672 -1.1435 -1.181895 -0.793175 11.49 
8.8790 2 1 1 0x0 2.8289 5.1711 2.83 5.17 0.1830 0.6195 0.0021 0.0006 5.3678 -1.1450 -1.171076 -0.794551 11.49 
8.8830 2 1 1 0x0 2.8397 5.1603 2.84 5.16 0.2113 0.4793 0.0023 0.0005 5.3685 -1.1465 -1.160258 -0.795098 11.49 
8.8870 2 1 1 0x0 2.8452 5.1548 2.85 5.15 0.2778 0.5545 0.0012 0.0006 5.3691 -1.1480 -1.154849 -0.795034 11.50 
8.8910 2 1 1 0x0 2.8506 5.1494 2.85 5.15 0.2974 0.5221 0.0021 0.0013 5.3696 -1.1491 -1.149440 -0.794646 11.48 
8.8950 2 1 1 0x0 2.8560 5.1440 2.86 5.14 0.2480 0.4338 0.0014 0.0008 5.3703 -1.1506 -1.144031 -0.793998 11.48 
8.8990 2 1 1 0x0 2.8587 5.1413 2.86 5.14 0.3230 0.4409 0.0010 0.0012 5.3709 -1.1519 -1.141326 -0.793068 11.48 
8.9030 2 1 1 0x0 2.8641 5.1359 2.86 5.14 0.2556 0.5809 0.0010 0.0010 5.3715 -1.1534 -1.135917 -0.791724 11.49 
8.9070 2 1 1 0x0 2.8722 5.1278 2.87 5.13 0.3526 0.6519 0.0011 0.0005 5.3723 -1.1550 -1.127803 -0.790023 11.50 
8.9110 2 1 1 0x0 2.8803 5.1197 2.88 5.12 0.2896 0.7356 0.0012 0.0005 5.3731 -1.1566 -1.119690 -0.788155 11.50 
8.9150 2 1 1 0x0 2.8911 5.1089 2.89 5.11 0.2294 0.7206 0.0024 0.0006 5.3738 -1.1581 -1.108872 -0.787403 11.51 
8.9190 2 1 1 0x0 2.9019 5.0981 2.90 5.10 0.1650 0.6746 0.0026 0.0007 5.3746 -1.1596 -1.098053 -0.787884 11.49 
8.9230 2 1 1 0x0 2.9155 5.0845 2.92 5.08 0.0874 0.6366 0.0031 0.0005 5.3752 -1.1608 -1.084530 -0.789934 11.49 
8.9270 2 1 1 0x0 2.9317 5.0683 2.93 5.07 0.0874 0.6837 0.0071 0.0005 5.3758 -1.1619 -1.068303 -0.791493 11.50 
8.9310 2 1 1 0x0 2.9479 5.0521 2.95 5.05 0.0465 0.7026 0.0111 0.0006 5.3764 -1.1629 -1.052076 -0.792036 11.49 
8.9350 2 1 1 0x0 2.9642 5.0358 2.96 5.04 0.0319 0.7188 0.0151 0.0009 5.3770 -1.1640 -1.035848 -0.791413 11.49 
8.9390 2 1 1 0x0 2.9831 5.0169 2.98 5.02 0.0242 0.6168 0.0191 0.0006 5.3777 -1.1652 -1.016917 -0.789640 11.49 
8.9430 2 1 1 0x0 2.9966 5.0034 3.00 5.00 0.0240 0.4496 0.0123 0.0006 5.3785 -1.1664 -1.003394 -0.789319 11.50 
8.9470 2 1 1 0x0 3.0020 4.9980 3.00 5.00 0.1219 0.3871 0.0023 0.0012 5.3791 -1.1674 -0.997985 -0.789351 11.49 
8.9510 2 1 1 0x0 3.0074 4.9926 3.01 4.99 0.1795 0.2970 0.0014 0.0010 5.3798 -1.1685 -0.992576 -0.789890 11.48 
8.9550 2 1 1 0x0 3.0101 4.9899 3.01 4.99 0.2297 0.3333 0.0017 0.0012 5.3804 -1.1693 -0.989872 -0.789962 11.48 
8.9590 2 1 1 0x0 3.0074 4.9926 3.01 4.99 0.3159 0.2788 0.0012 0.0022 5.3809 -1.1702 -0.992576 -0.789633 11.46 
8.9630 2 1 1 0x0 3.0047 4.9953 3.00 5.00 0.2742 0.2365 0.0011 0.0027 5.3815 -1.1710 -0.995281 -0.789143 11.47 
8.9670 2 1 1 0x0 3.0020 4.9980 3.00 5.00 0.3697 0.2006 0.0013 0.0025 5.3820 -1.1719 -0.997985 -0.788885 11.47 
8.9710 2 1 1 0x0 2.9966 5.0034 3.00 5.00 0.4229 0.1922 0.0007 0.0021 5.3827 -1.1729 -1.003394 -0.788529 11.48 
8.9750 2 1 1 0x0 2.9885 5.0115 2.99 5.01 0.4784 0.1438 0.0007 0.0037 5.3832 -1.1737 -1.011508 -0.787915 11.46 
8.9790 2 1 1 0x0 2.9831 5.0169 2.98 5.02 0.5184 0.1429 0.0010 0.0024 5.3839 -1.1748 -1.016917 -0.787295 11.47 
8.9830 2 1 1 0x0 2.9723 5.0277 2.97 5.03 0.4311 0.1726 0.0009 0.0038 5.3845 -1.1758 -1.027736 -0.786836 11.48 
8.9870 2 1 1 0x0 2.9642 5.0358 2.96 5.04 0.5805 0.1833 0.0010 0.0027 5.3852 -1.1770 -1.035849 -0.786691 11.48 
8.9910 2 1 1 0x0 2.9533 5.0467 2.95 5.05 0.4809 0.1414 0.0010 0.0042 5.3858 -1.1781 -1.046668 -0.787858 11.48 
8.9950 2 1 1 0x0 2.9425 5.0575 2.94 5.06 0.5107 0.1342 0.0007 0.0053 5.3864 -1.1791 -1.057486 -0.787883 11.47 
8.9990 2 1 1 0x0 2.9344 5.0656 2.93 5.07 0.4977 0.0698 0.0011 0.0048 5.3869 -1.1800 -1.065600 -0.790994 11.47 
9.0030 2 1 1 0x0 2.9236 5.0764 2.92 5.08 0.4742 0.0698 0.0014 0.0088 5.3873 -1.1807 -1.076418 -0.791084 11.47 
9.0070 2 1 1 0x0 2.9101 5.0899 2.91 5.09 0.4050 0.0408 0.0008 0.0128 5.3878 -1.1816 -1.089941 -0.790824 11.47 
9.0110 2 1 1 0x0 2.8992 5.1008 2.90 5.10 0.3906 0.0291 0.0011 0.0168 5.3882 -1.1824 -1.100760 -0.790605 11.45 
9.0150 2 1 1 0x0 2.8911 5.1089 2.89 5.11 0.3758 0.0271 0.0014 0.0104 5.3886 -1.1833 -1.108873 -0.790584 11.45 
9.0190 2 1 1 0x0 2.8803 5.1197 2.88 5.12 0.3164 0.0271 0.0012 0.0144 5.3890 -1.1840 -1.119692 -0.791134 11.45 
9.0230 2 1 1 0x0 2.8749 5.1251 2.87 5.13 0.3321 0.0392 0.0016 0.0058 5.3893 -1.1847 -1.125101 -0.791546 11.46 
9.0270 2 1 1 0x0 2.8668 5.1332 2.87 5.13 0.2354 0.0392 0.0009 0.0098 5.3896 -1.1853 -1.133215 -0.792059 11.46 
9.0310 2 1 1 0x0 2.8641 5.1359 2.86 5.14 0.2049 0.0829 0.0015 0.0062 5.3899 -1.1858 -1.135920 -0.792043 11.46 
9.0350 2 1 1 0x0 2.8641 5.1359 2.86 5.14 0.2211 0.1752 0.0020 0.0026 5.3902 -1.1866 -1.135920 -0.791946 11.46 
9.0390 2 1 1 0x0 2.8614 5.1386 2.86 5.14 0.2922 0.2386 0.0011 0.0024 5.3906 -1.1875 -1.138624 -0.791114 11.45 
9.0430 2 1 1 0x0 2.8614 5.1386 2.86 5.14 0.2575 0.2422 0.0008 0.0012 5.3911 -1.1886 -1.138624 -0.790648 11.47 
9.0470 2 1 1 0x0 2.8614 5.1386 2.86 5.14 0.3424 0.3655 0.0008 0.0011 5.3917 -1.1897 -1.138624 -0.790424 11.47 
9.0510 2 1 1 0x0 2.8614 5.1386 2.86 5.14 0.3113 0.2863 0.0011 0.0015 5.3922 -1.1908 -1.138624 -0.790260 11.47 
9.0550 2 1 1 0x0 2.8641 5.1359 2.86 5.14 0.3850 0.2923 0.0015 0.0008 5.3928 -1.1921 -1.135920 -0.790108 11.48 
9.0590 2 1 1 0x0 2.8614 5.1386 2.86 5.14 0.3775 0.2935 0.0008 0.0007 5.3934 -1.1934 -1.138624 -0.790658 11.46 
9.0630 2 1 1 0x0 2.8587 5.1413 2.86 5.14 0.3104 0.2284 0.0013 0.0011 5.3938 -1.1943 -1.141329 -0.791411 11.47 
9.0670 2 1 1 0x0 2.8533 5.1467 2.85 5.15 0.3832 0.1831 0.0016 0.0031 5.3941 -1.1950 -1.146738 -0.792016 11.47 
9.0710 2 1 1 0x0 2.8479 5.1521 2.85 5.15 0.3871 0.1398 0.0009 0.0024 5.3946 -1.1961 -1.152147 -0.792221 11.47 
9.0750 2 1 1 0x0 2.8424 5.1576 2.84 5.16 0.3362 0.1648 0.0015 0.0038 5.3949 -1.1969 -1.157557 -0.791951 11.45 
9.0790 2 1 1 0x0 2.8370 5.1630 2.84 5.16 0.4190 0.1393 0.0013 0.0019 5.3954 -1.1980 -1.162966 -0.791307 11.46 
9.0830 2 1 1 0x0 2.8262 5.1738 2.83 5.17 0.5127 0.1189 0.0007 0.0027 5.3959 -1.1991 -1.173784 -0.790717 11.47 
9.0870 2 1 1 0x0 2.8181 5.1819 2.82 5.18 0.5526 0.1560 0.0012 0.0037 5.3963 -1.2001 -1.181898 -0.790065 11.48 
9.0910 2 1 1 0x0 2.8100 5.1900 2.81 5.19 0.4356 0.1724 0.0012 0.0025 5.3968 -1.2014 -1.190012 -0.789710 11.48 
9.0950 2 1 1 0x0 2.7965 5.2035 2.80 5.20 0.5168 0.1358 0.0006 0.0038 5.3973 -1.2027 -1.203535 -0.789428 11.46 
9.0990 2 1 1 0x0 2.7856 5.2144 2.79 5.21 0.6125 0.1534 0.0009 0.0050 5.3978 -1.2038 -1.214353 -0.789241 11.47 
9.1030 2 1 1 0x0 2.7748 5.2252 2.77 5.23 0.5844 0.1041 0.0004 0.0020 5.3983 -1.2054 -1.225171 -0.789020 11.47 
9.1070 2 1 1 0x0 2.7640 5.2360 2.76 5.24 0.5162 0.1041 0.0012 0.0060 5.3986 -1.2061 -1.235990 -0.789210 11.47 
9.1111 2 1 1 0x0 2.7532 5.2468 2.75 5.25 0.3836 0.0708 0.0006 0.0052 5.3990 -1.2073 -1.246808 -0.789369 11.47 
9.1151 2 1 1 0x0 2.7424 5.2576 2.74 5.26 0.4182 0.0708 0.0007 0.0092 5.3993 -1.2080 -1.257626 -0.789940 11.46 
9.1191 2 1 1 0x0 2.7343 5.2657 2.73 5.27 0.4334 0.0620 0.0009 0.0071 5.3996 -1.2090 -1.265740 -0.790144 11.46 
9.1231 2 1 1 0x0 2.7234 5.2766 2.72 5.28 0.4274 0.0620 0.0012 0.0111 5.3998 -1.2098 -1.276559 -0.790013 11.46 
9.1271 2 1 1 0x0 2.7126 5.2874 2.71 5.29 0.5290 0.0391 0.0008 0.0066 5.4001 -1.2109 -1.287377 -0.790217 11.46 
9.1311 2 1 1 0x0 2.6991 5.3009 2.70 5.30 0.4335 0.0391 0.0005 0.0106 5.4004 -1.2119 -1.300900 -0.789866 11.46 
9.1351 2 1 1 0x0 2.6856 5.3144 2.69 5.31 0.5795 0.0391 0.0006 0.0146 5.4007 -1.2129 -1.314423 -0.789870 11.46 
9.1391 2 1 1 0x0 2.6721 5.3279 2.67 5.33 0.4701 0.0303 0.0007 0.0186 5.4009 -1.2139 -1.327946 -0.789644 11.46 
9.1431 2 1 1 0x0 2.6612 5.3388 2.66 5.34 0.4846 0.0284 0.0006 0.0103 5.4012 -1.2151 -1.338764 -0.789791 11.46 
9.1471 2 1 1 0x0 2.6504 5.3496 2.65 5.35 0.4367 0.0284 0.0008 0.0143 5.4014 -1.2159 -1.349582 -0.789765 11.46 
9.1511 2 1 1 0x0 2.6396 5.3604 2.64 5.36 0.4167 0.0284 0.0005 0.0183 5.4016 -1.2166 -1.360401 -0.790044 11.46 
9.1551 2 1 1 0x0 2.6315 5.3685 2.63 5.37 0.3654 0.0284 0.0012 0.0223 5.4017 -1.2172 -1.368515 -0.790283 11.46 
9.1591 2 1 1 0x0 2.6234 5.3766 2.62 5.38 0.3837 0.0212 0.0017 0.0263 5.4018 -1.2178 -1.376629 -0.790347 11.45 
9.1631 2 1 1 0x0 2.6126 5.3874 2.61 5.39 0.3767 0.0175 0.0010 0.0303 5.4020 -1.2186 -1.387447 -0.790712 11.45 
9.1671 2 1 1 0x0 2.6044 5.3956 2.60 5.40 0.2987 0.0150 0.0015 0.0343 5.4021 -1.2192 -1.395561 -0.790361 11.45 
9.1711 2 1 1 0x0 2.5963 5.4037 2.60 5.40 0.3255 0.0135 0.0009 0.0161 5.4023 -1.2202 -1.403675 -0.790446 11.46 
9.1751 2 1 1 0x0 2.5855 5.4145 2.59 5.41 0.3449 0.0135 0.0007 0.0201 5.4024 -1.2210 -1.414493 -0.790390 11.46 
9.1791 2 1 1 0x0 2.5747 5.4253 2.57 5.43 0.3722 0.0135 0.0008 0.0241 5.4025 -1.2218 -1.425312 -0.790129 11.45 
9.1831 2 1 1 0x0 2.5639 5.4361 2.56 5.44 0.4088 0.0135 0.0011 0.0281 5.4026 -1.2226 -1.436130 -0.789850 11.45 
9.1871 2 1 1 0x0 2.5503 5.4497 2.55 5.45 0.5481 0.0135 0.0009 0.0321 5.4028 -1.2236 -1.449653 -0.789478 11.46 
9.1911 2 1 1 0x0 2.5368 5.4632 2.54 5.46 0.4711 0.0135 0.0008 0.0361 5.4029 -1.2247 -1.463176 -0.789026 11.46 
9.1951 2 1 1 0x0 2.5260 5.4740 2.53 5.47 0.3946 0.0135 0.0013 0.0401 5.4030 -1.2255 -1.473994 -0.789276 11.46 
9.1991 2 1 1 0x0 2.5152 5.4848 2.52 5.48 0.3732 0.0135 0.0012 0.0441 5.4030 -1.2263 -1.484813 -0.789480 11.46 
9.2031 2 1 1 0x0 2.5071 5.4929 2.51 5.49 0.3675 0.0122 0.0016 0.0481 5.4031 -1.2269 -1.492927 -0.789913 11.44 
9.2071 2 1 1 0x0 2.4990 5.5010 2.50 5.50 0.2741 0.0109 0.0018 0.0521 5.4031 -1.2275 -1.501041 -0.790075 11.44 
9.2111 2 1 1 0x0 2.4908 5.5092 2.49 5.51 0.3249 0.0099 0.0017 0.0561 5.4032 -1.2281 -1.509154 -0.789919 11.44 
9.2151 2 1 1 0x0 2.4827 5.5173 2.48 5.52 0.2779 0.0090 0.0014 0.0601 5.4032 -1.2287 -1.517268 -0.789708 11.44 
9.2191 2 1 1 0x0 2.4773 5.5227 2.48 5.52 0.2787 0.0086 0.0009 0.0254 5.4032 -1.2295 -1.522678 -0.789783 11.43 
9.2231 2 1 1 0x0 2.4719 5.5281 2.47 5.53 0.2718 0.0086 0.0017 0.0294 5.4033 -1.2299 -1.528087 -0.789714 11.43 
9.2271 8 1 1 0x1 -1.5335 1.5335 -1.53 1.53 0.2668 0.0086 0.0023 0.0334 5.4033 -1.2303 -1.533496 -0.789647 11.44 
9.2311 8 1 1 0x0 -1.5389 1.5389 -1.54 1.54 0.2570 0.0086 0.0029 0.0374 5.4033 -1.2307 -1.538905 -0.789653 11.54 
9.2351 8 1 1 0x0 -1.5416 1.5416 -1.54 1.54 0.1514 0.0086 0.0048 0.0414 5.4033 -1.2309 -1.541610 -0.789583 11.55 
9.2391 8 1 1 0x0 -1.5416 1.5416 -1.54 1.54 0.0547 0.0086 0.0088 0.0454 5.4033 -1.2309 -1.541610 -0.789495 11.55 
9.2431 8 1 1 0x0 -1.5389 1.5389 -1.54 1.54 -0.0457 0.0086 0.0070 0.0494 5.4033 -1.2307 -1.538905 -0.789465 11.56 
9.2471 8 1 1 0x0 -1.5335 1.5335 -1.53 1.53 -0.1706 0.0086 0.0015 0.0534 5.4033 -1.2303 -1.533496 -0.789469 11.57 
9.2511 8 1 1 0x0 -1.5281 1.5281 -1.53 1.53 -0.2162 0.0086 0.0011 0.0574 5.4033 -1.2299 -1.528087 -0.789345 11.57 
9.2551 8 1 1 0x0 -1.5254 1.5254 -1.53 1.53 -0.1603 0.0086 0.0029 0.0614 5.4032 -1.2297 -1.525382 -0.789124 11.58 
9.2591 8 1 1 0x0 -1.5227 1.5227 -1.52 1.52 -0.1709 0.0086 0.0045 0.0654 5.4032 -1.2295 -1.522678 -0.789042 11.57 
9.2631 8 1 1 0x0 -1.5200 1.5200 -1.52 1.52 -0.1078 0.0086 0.0054 0.0694 5.4032 -1.2293 -1.519973 -0.788865 11.58 
9.2671 8 1 1 0x0 -1.5173 1.5173 -1.52 1.52 -0.0793 0.0082 0.0050 0.0734 5.4032 -1.2291 -1.517268 -0.788781 11.57 
9.2711 8 1 1 0x0 -1.5173 1.5173 -1.52 1.52 -0.0793 0.0075 0.0090 0.0774 5.4032 -1.2291 -1.517268 -0.788772 11.57 
