%% logfile from REGBOT:
%  1    time 18.0017 sec, from Jasmin (81)
%  2  3  4  5   (mission 0), state 8, entered (thread 1, line 1), events 0x0 (bit-flags)
%  6  7 Motor velocity ref left, right: -0.0433 0.0433
%  8  9 Motor voltage [V] left, right: -0.04 0.04
% 10 13 Wheel velocity [m/s] left, right: 0.1839 0.1634 delay 0.0039 0.0016 (sec)
% 14 15 16 17 Pose x,y,h,tilt [m,m,rad,rad]: 15.3093 0.0418961 -0.0432715 -0.780729
% 18    Battery voltage [V]
0.0000 2 1 0 0x0 3.0000 3.0000 3.00 3.00 -0.0000 0.0000 0.0000 0.0000 0.0000 0.0000 0.000000 -0.691406 12.16 
0.0040 2 1 0 0x0 3.0000 3.0000 3.00 3.00 0.0000 0.0000 0.0000 0.0000 0.0000 0.0000 0.000000 -0.691433 12.11 
0.0080 2 1 0 0x0 2.9973 3.0027 3.00 3.00 0.0000 0.0000 0.0000 0.0000 0.0002 -0.0000 -0.002705 -0.691453 12.10 
0.0120 2 1 0 0x0 3.0000 3.0000 3.00 3.00 0.1912 0.2553 0.0032 0.0008 0.0008 -0.0000 -0.000000 -0.691672 12.10 
0.0160 2 1 0 0x0 2.9973 3.0027 3.00 3.00 0.1348 0.1869 0.0017 0.0029 0.0014 -0.0000 -0.002705 -0.693382 12.10 
0.0200 2 1 0 0x0 3.0000 3.0000 3.00 3.00 0.1095 0.1884 0.0023 0.0028 0.0020 -0.0000 -0.000000 -0.698400 12.10 
0.0240 2 1 0 0x0 3.0027 2.9973 3.00 3.00 0.1602 0.1530 0.0032 0.0025 0.0026 -0.0000 0.002705 -0.704105 12.10 
0.0280 2 1 0 0x0 3.0027 2.9973 3.00 3.00 0.2209 0.1489 0.0025 0.0016 0.0034 0.0000 0.002705 -0.709757 12.11 
0.0320 2 1 0 0x0 3.0000 3.0000 3.00 3.00 0.2576 0.1505 0.0027 0.0029 0.0041 0.0000 -0.000000 -0.712670 12.10 
0.0360 2 1 0 0x0 2.9946 3.0054 2.99 3.01 0.1852 0.0820 0.0012 0.0031 0.0049 -0.0000 -0.005409 -0.713831 12.09 
0.0400 2 1 0 0x0 2.9946 3.0054 2.99 3.01 0.1849 0.0911 0.0030 0.0024 0.0053 -0.0000 -0.005409 -0.714309 12.09 
0.0440 2 1 0 0x0 2.9946 3.0054 2.99 3.01 0.1299 0.1196 0.0044 0.0025 0.0057 -0.0000 -0.005409 -0.713742 12.10 
0.0480 2 1 0 0x0 2.9919 3.0081 2.99 3.01 0.1060 0.1612 0.0020 0.0035 0.0063 -0.0000 -0.008114 -0.713059 12.09 
0.0520 2 1 0 0x0 2.9946 3.0054 2.99 3.01 0.1443 0.1712 0.0027 0.0020 0.0069 -0.0000 -0.005409 -0.713266 12.10 
0.0560 2 1 0 0x0 2.9919 3.0081 2.99 3.01 0.2000 0.1534 0.0013 0.0035 0.0075 -0.0000 -0.008114 -0.714240 12.10 
0.0600 2 1 0 0x0 2.9919 3.0081 2.99 3.01 0.2153 0.1511 0.0012 0.0026 0.0083 -0.0000 -0.008114 -0.715429 12.10 
0.0640 2 1 0 0x0 2.9919 3.0081 2.99 3.01 0.2301 0.1816 0.0010 0.0021 0.0091 -0.0000 -0.008114 -0.716718 12.11 
0.0680 2 1 0 0x0 2.9919 3.0081 2.99 3.01 0.2393 0.1813 0.0013 0.0020 0.0099 -0.0000 -0.008114 -0.718534 12.10 
0.0720 2 1 0 0x0 2.9919 3.0081 2.99 3.01 0.2420 0.2283 0.0015 0.0023 0.0108 -0.0000 -0.008114 -0.720029 12.10 
0.0760 2 1 0 0x0 2.9946 3.0054 2.99 3.01 0.2555 0.2593 0.0019 0.0013 0.0118 -0.0000 -0.005409 -0.721773 12.09 
0.0800 2 1 0 0x0 2.9946 3.0054 2.99 3.01 0.2611 0.2404 0.0024 0.0017 0.0126 -0.0001 -0.005409 -0.723326 12.10 
0.0840 2 1 0 0x0 2.9919 3.0081 2.99 3.01 0.2104 0.2594 0.0013 0.0021 0.0136 -0.0001 -0.008114 -0.724699 12.10 
0.0880 2 1 0 0x0 2.9946 3.0054 2.99 3.01 0.2212 0.2297 0.0019 0.0012 0.0146 -0.0001 -0.005409 -0.725506 12.10 
0.0920 2 1 0 0x0 2.9946 3.0054 2.99 3.01 0.2105 0.2411 0.0024 0.0020 0.0154 -0.0001 -0.005409 -0.725406 12.11 
0.0960 2 1 0 0x0 2.9946 3.0054 2.99 3.01 0.2794 0.3164 0.0014 0.0015 0.0166 -0.0001 -0.005409 -0.724826 12.10 
0.1000 2 1 0 0x0 2.9946 3.0054 2.99 3.01 0.2561 0.2882 0.0008 0.0016 0.0178 -0.0001 -0.005409 -0.724481 12.10 
0.1040 2 1 0 0x0 2.9946 3.0054 2.99 3.01 0.3397 0.3739 0.0007 0.0019 0.0191 -0.0001 -0.005409 -0.724289 12.11 
0.1080 2 1 0 0x0 2.9973 3.0027 3.00 3.00 0.2829 0.3744 0.0007 0.0010 0.0205 -0.0001 -0.002705 -0.724919 12.11 
0.1120 2 1 0 0x0 2.9973 3.0027 3.00 3.00 0.3880 0.3275 0.0010 0.0012 0.0217 -0.0001 -0.002705 -0.726436 12.12 
0.1160 2 1 0 0x0 3.0000 3.0000 3.00 3.00 0.3407 0.3428 0.0016 0.0006 0.0231 -0.0001 -0.000000 -0.728759 12.11 
0.1200 2 1 0 0x0 2.9973 3.0027 3.00 3.00 0.3263 0.4053 0.0010 0.0012 0.0245 -0.0001 -0.002705 -0.731936 12.10 
0.1240 2 1 0 0x0 2.9973 3.0027 3.00 3.00 0.3895 0.4394 0.0007 0.0009 0.0262 -0.0001 -0.002705 -0.736330 12.11 
0.1280 2 1 0 0x0 3.0000 3.0000 3.00 3.00 0.4251 0.4768 0.0014 0.0011 0.0276 -0.0001 -0.000000 -0.741288 12.12 
0.1320 2 1 0 0x0 2.9973 3.0027 3.00 3.00 0.4645 0.4708 0.0015 0.0013 0.0294 -0.0001 -0.002705 -0.744601 12.11 
0.1360 2 1 0 0x0 2.9973 3.0027 3.00 3.00 0.4235 0.3930 0.0007 0.0011 0.0310 -0.0001 -0.002705 -0.744547 12.11 
0.1400 2 1 0 0x0 2.9973 3.0027 3.00 3.00 0.3944 0.4033 0.0010 0.0005 0.0327 -0.0001 -0.002705 -0.744519 12.10 
0.1440 2 1 0 0x0 2.9973 3.0027 3.00 3.00 0.3666 0.4631 0.0011 0.0004 0.0343 -0.0001 -0.002705 -0.744149 12.11 
0.1480 2 1 0 0x0 3.0000 3.0000 3.00 3.00 0.3860 0.4725 0.0018 0.0007 0.0357 -0.0001 -0.000000 -0.745005 12.11 
0.1520 2 1 0 0x0 3.0000 3.0000 3.00 3.00 0.3976 0.4532 0.0011 0.0007 0.0373 -0.0001 -0.000000 -0.745823 12.11 
0.1560 2 1 0 0x0 3.0000 3.0000 3.00 3.00 0.4275 0.4627 0.0008 0.0008 0.0389 -0.0001 -0.000000 -0.749262 12.11 
0.1600 2 1 0 0x0 3.0000 3.0000 3.00 3.00 0.4431 0.4714 0.0007 0.0011 0.0406 -0.0001 -0.000000 -0.751144 12.11 
0.1640 2 1 0 0x0 3.0000 3.0000 3.00 3.00 0.4432 0.4666 0.0007 0.0012 0.0422 -0.0001 -0.000000 -0.749824 12.11 
0.1680 2 1 0 0x0 3.0000 3.0000 3.00 3.00 0.4851 0.4347 0.0007 0.0013 0.0438 -0.0001 -0.000000 -0.749274 12.11 
0.1720 2 1 0 0x0 3.0000 3.0000 3.00 3.00 0.5073 0.4317 0.0011 0.0012 0.0454 -0.0001 -0.000000 -0.749123 12.12 
0.1760 2 1 0 0x0 2.9973 3.0027 3.00 3.00 0.3977 0.4686 0.0006 0.0012 0.0473 -0.0001 -0.002705 -0.748505 12.11 
0.1800 2 1 0 0x0 3.0000 3.0000 3.00 3.00 0.3871 0.4418 0.0006 0.0008 0.0491 -0.0001 -0.000000 -0.747991 12.11 
0.1840 2 1 0 0x0 3.0027 2.9973 3.00 3.00 0.3878 0.5506 0.0007 0.0006 0.0509 -0.0001 0.002705 -0.748103 12.11 
0.1880 2 1 0 0x0 3.0027 2.9973 3.00 3.00 0.4419 0.5396 0.0010 0.0013 0.0525 -0.0001 0.002705 -0.749915 12.11 
0.1920 2 1 0 0x0 3.0027 2.9973 3.00 3.00 0.5547 0.4234 0.0009 0.0010 0.0546 -0.0001 0.002705 -0.752469 12.11 
0.1960 2 1 0 0x0 3.0027 2.9973 3.00 3.00 0.4307 0.5511 0.0008 0.0009 0.0566 -0.0001 0.002705 -0.754987 12.12 
0.2000 2 1 0 0x0 3.0054 2.9946 3.01 2.99 0.3835 0.4339 0.0012 0.0007 0.0584 -0.0001 0.005409 -0.756211 12.12 
0.2040 2 1 0 0x0 3.0027 2.9973 3.00 3.00 0.5051 0.4681 0.0006 0.0012 0.0602 -0.0001 0.002705 -0.757428 12.11 
0.2080 2 1 0 0x0 3.0054 2.9946 3.01 2.99 0.5445 0.5526 0.0011 0.0010 0.0621 -0.0001 0.005409 -0.757904 12.12 
0.2120 2 1 0 0x0 3.0027 2.9973 3.00 3.00 0.5731 0.4164 0.0004 0.0009 0.0643 -0.0001 0.002705 -0.757642 12.12 
0.2160 2 1 0 0x0 3.0054 2.9946 3.01 2.99 0.5617 0.5441 0.0012 0.0006 0.0661 -0.0001 0.005409 -0.758026 12.12 
0.2200 2 1 0 0x0 3.0027 2.9973 3.00 3.00 0.5722 0.4992 0.0004 0.0007 0.0684 -0.0001 0.002705 -0.758600 12.12 
0.2240 2 1 0 0x0 3.0027 2.9973 3.00 3.00 0.4842 0.5719 0.0004 0.0008 0.0704 -0.0001 0.002705 -0.758789 12.13 
0.2280 2 1 0 0x0 3.0027 2.9973 3.00 3.00 0.5888 0.4178 0.0006 0.0007 0.0724 -0.0000 0.002705 -0.759635 12.12 
0.2320 2 1 0 0x0 3.0027 2.9973 3.00 3.00 0.4528 0.5414 0.0006 0.0005 0.0744 -0.0000 0.002705 -0.759879 12.12 
0.2360 2 1 0 0x0 3.0054 2.9946 3.01 2.99 0.4151 0.4844 0.0012 0.0004 0.0763 -0.0000 0.005409 -0.759648 12.11 
0.2400 2 1 0 0x0 3.0054 2.9946 3.01 2.99 0.5337 0.5699 0.0009 0.0006 0.0783 -0.0000 0.005409 -0.761115 12.11 
0.2440 2 1 0 0x0 3.0054 2.9946 3.01 2.99 0.5114 0.4444 0.0008 0.0006 0.0803 -0.0000 0.005409 -0.760498 12.12 
0.2480 2 1 0 0x0 3.0054 2.9946 3.01 2.99 0.5761 0.5381 0.0009 0.0005 0.0824 -0.0000 0.005409 -0.758866 12.13 
0.2520 2 1 0 0x0 3.0054 2.9946 3.01 2.99 0.4478 0.5224 0.0010 0.0006 0.0844 -0.0000 0.005409 -0.757228 12.12 
0.2560 2 1 0 0x0 3.0054 2.9946 3.01 2.99 0.5906 0.6093 0.0011 0.0009 0.0864 0.0000 0.005409 -0.757128 12.12 
0.2600 2 1 0 0x0 3.0054 2.9946 3.01 2.99 0.6335 0.6068 0.0007 0.0005 0.0888 0.0000 0.005409 -0.758792 12.13 
0.2640 2 1 0 0x0 3.0027 2.9973 3.00 3.00 0.6470 0.5618 0.0005 0.0009 0.0911 0.0000 0.002705 -0.761529 12.13 
0.2680 2 1 0 0x0 3.0054 2.9946 3.01 2.99 0.5538 0.4843 0.0010 0.0006 0.0933 0.0000 0.005409 -0.766879 12.14 
0.2720 2 1 0 0x0 3.0027 2.9973 3.00 3.00 0.5404 0.6307 0.0008 0.0009 0.0955 0.0000 0.002705 -0.776527 12.14 
0.2760 2 1 0 0x0 3.0027 2.9973 3.00 3.00 0.5633 0.6258 0.0006 0.0007 0.0980 0.0001 0.002705 -0.784217 12.14 
0.2800 2 1 0 0x0 3.0054 2.9946 3.01 2.99 0.6430 0.6469 0.0011 0.0006 0.1002 0.0001 0.005409 -0.790293 12.14 
0.2840 2 1 0 0x0 3.0054 2.9946 3.01 2.99 0.5662 0.6685 0.0006 0.0005 0.1026 0.0001 0.005409 -0.794643 12.14 
0.2880 2 1 0 0x0 3.0081 2.9919 3.01 2.99 0.4278 0.6607 0.0005 0.0004 0.1049 0.0001 0.008114 -0.793216 12.13 
0.2920 2 1 0 0x0 3.0108 2.9892 3.01 2.99 0.4546 0.4432 0.0011 0.0007 0.1067 0.0001 0.010818 -0.788413 12.12 
0.2960 2 1 0 0x0 3.0081 2.9919 3.01 2.99 0.5947 0.4493 0.0011 0.0011 0.1085 0.0001 0.008114 -0.784508 12.12 
0.3000 2 1 0 0x0 3.0054 2.9946 3.01 2.99 0.6449 0.5610 0.0005 0.0008 0.1107 0.0001 0.005409 -0.786202 12.13 
0.3040 2 1 0 0x0 3.0027 2.9973 3.00 3.00 0.6528 0.4366 0.0004 0.0007 0.1130 0.0001 0.002705 -0.787131 12.13 
0.3080 2 1 0 0x0 3.0027 2.9973 3.00 3.00 0.5070 0.6153 0.0010 0.0009 0.1150 0.0002 0.002705 -0.799549 12.13 
0.3120 2 1 0 0x0 3.0027 2.9973 3.00 3.00 0.5952 0.6110 0.0009 0.0006 0.1174 0.0002 0.002705 -0.805255 12.14 
0.3160 2 1 0 0x0 3.0027 2.9973 3.00 3.00 0.5242 0.6329 0.0009 0.0003 0.1199 0.0002 0.002705 -0.809627 12.14 
0.3200 2 1 0 0x0 3.0000 3.0000 3.00 3.00 0.5509 0.5632 0.0009 0.0009 0.1221 0.0002 -0.000000 -0.807185 12.14 
0.3240 2 1 0 0x0 3.0000 3.0000 3.00 3.00 0.4983 0.5207 0.0007 0.0008 0.1245 0.0002 -0.000000 -0.811255 12.14 
0.3280 2 1 0 0x0 3.0027 2.9973 3.00 3.00 0.5998 0.5510 0.0010 0.0005 0.1268 0.0002 0.002705 -0.811785 12.14 
0.3320 2 1 0 0x0 3.0000 3.0000 3.00 3.00 0.6190 0.5763 0.0006 0.0007 0.1290 0.0002 -0.000000 -0.810232 12.13 
0.3360 2 1 0 0x0 3.0000 3.0000 3.00 3.00 0.4859 0.4412 0.0009 0.0008 0.1310 0.0002 -0.000000 -0.809286 12.13 
0.3400 2 1 0 0x0 2.9973 3.0027 3.00 3.00 0.5762 0.6060 0.0005 0.0010 0.1333 0.0002 -0.002705 -0.807983 12.14 
0.3440 2 1 0 0x0 3.0000 3.0000 3.00 3.00 0.6530 0.6273 0.0010 0.0007 0.1355 0.0002 -0.000000 -0.807648 12.14 
0.3480 2 1 0 0x0 3.0000 3.0000 3.00 3.00 0.6642 0.6233 0.0008 0.0003 0.1379 0.0002 -0.000000 -0.807819 12.14 
0.3520 2 1 0 0x0 2.9973 3.0027 3.00 3.00 0.6406 0.5712 0.0007 0.0009 0.1402 0.0002 -0.002705 -0.808896 12.14 
0.3560 2 1 0 0x0 2.9973 3.0027 3.00 3.00 0.6444 0.5275 0.0006 0.0007 0.1426 0.0001 -0.002705 -0.810888 12.13 
0.3600 2 1 0 0x0 2.9973 3.0027 3.00 3.00 0.6753 0.6063 0.0006 0.0006 0.1450 0.0001 -0.002705 -0.815168 12.14 
0.3640 2 1 0 0x0 2.9973 3.0027 3.00 3.00 0.6767 0.5378 0.0006 0.0006 0.1475 0.0001 -0.002705 -0.818953 12.14 
0.3680 2 1 0 0x0 2.9973 3.0027 3.00 3.00 0.6775 0.6202 0.0006 0.0006 0.1499 0.0001 -0.002705 -0.825336 12.15 
0.3720 2 1 0 0x0 2.9946 3.0054 2.99 3.01 0.6284 0.6199 0.0004 0.0012 0.1521 0.0001 -0.005409 -0.827589 12.15 
0.3760 2 1 0 0x0 2.9946 3.0054 2.99 3.01 0.4713 0.4181 0.0007 0.0011 0.1542 0.0001 -0.005409 -0.823357 12.13 
0.3800 2 1 0 0x0 2.9946 3.0054 2.99 3.01 0.5462 0.5609 0.0007 0.0010 0.1562 0.0001 -0.005409 -0.820740 12.13 
0.3840 2 1 0 0x0 2.9973 3.0027 3.00 3.00 0.4664 0.6301 0.0008 0.0005 0.1584 0.0001 -0.002705 -0.820751 12.13 
0.3880 2 1 0 0x0 2.9973 3.0027 3.00 3.00 0.6268 0.4993 0.0011 0.0008 0.1604 0.0001 -0.002705 -0.817121 12.14 
0.3920 2 1 0 0x0 2.9973 3.0027 3.00 3.00 0.6424 0.5899 0.0008 0.0006 0.1629 0.0001 -0.002705 -0.820726 12.14 
0.3960 2 1 0 0x0 2.9973 3.0027 3.00 3.00 0.6563 0.5243 0.0005 0.0004 0.1653 0.0001 -0.002705 -0.825264 12.14 
0.4000 2 1 0 0x0 2.9946 3.0054 2.99 3.01 0.6627 0.6473 0.0004 0.0009 0.1675 0.0001 -0.005409 -0.818058 12.14 
0.4040 2 1 0 0x0 2.9973 3.0027 3.00 3.00 0.5020 0.6687 0.0010 0.0009 0.1698 0.0001 -0.002705 -0.815129 12.14 
0.4080 2 1 0 0x0 2.9946 3.0054 2.99 3.01 0.6975 0.6610 0.0003 0.0008 0.1724 0.0000 -0.005409 -0.819487 12.14 
0.4120 2 1 0 0x0 2.9946 3.0054 2.99 3.01 0.6669 0.6273 0.0003 0.0006 0.1748 0.0000 -0.005409 -0.823372 12.14 
0.4160 2 1 0 0x0 2.9946 3.0054 2.99 3.01 0.5666 0.4845 0.0010 0.0010 0.1769 0.0000 -0.005409 -0.820628 12.13 
0.4200 2 1 0 0x0 2.9946 3.0054 2.99 3.01 0.4922 0.5284 0.0007 0.0006 0.1793 0.0000 -0.005409 -0.820947 12.14 
0.4240 2 1 0 0x0 2.9946 3.0054 2.99 3.01 0.6330 0.6523 0.0010 0.0011 0.1813 0.0000 -0.005409 -0.826127 12.14 
0.4280 2 1 0 0x0 2.9946 3.0054 2.99 3.01 0.6441 0.6462 0.0008 0.0009 0.1838 -0.0000 -0.005409 -0.826201 12.14 
0.4320 2 1 0 0x0 2.9946 3.0054 2.99 3.01 0.6829 0.6670 0.0006 0.0009 0.1862 -0.0000 -0.005409 -0.831763 12.14 
0.4360 2 1 0 0x0 2.9946 3.0054 2.99 3.01 0.6816 0.6890 0.0006 0.0008 0.1886 -0.0000 -0.005409 -0.838449 12.15 
0.4400 2 1 0 0x0 2.9946 3.0054 2.99 3.01 0.6835 0.6783 0.0006 0.0009 0.1911 -0.0000 -0.005409 -0.843887 12.14 
0.4440 2 1 0 0x0 2.9973 3.0027 3.00 3.00 0.7096 0.5844 0.0007 0.0004 0.1937 -0.0001 -0.002705 -0.845392 12.15 
0.4480 2 1 0 0x0 2.9946 3.0054 2.99 3.01 0.6256 0.6306 0.0006 0.0011 0.1959 -0.0001 -0.005409 -0.840597 12.14 
0.4520 2 1 0 0x0 2.9973 3.0027 3.00 3.00 0.4537 0.5796 0.0007 0.0005 0.1982 -0.0001 -0.002705 -0.836073 12.14 
0.4560 2 1 0 0x0 2.9973 3.0027 3.00 3.00 0.5943 0.5235 0.0008 0.0007 0.2002 -0.0001 -0.002705 -0.834951 12.12 
0.4600 2 1 0 0x0 2.9946 3.0054 2.99 3.01 0.6378 0.6087 0.0004 0.0009 0.2024 -0.0001 -0.005409 -0.835743 12.13 
0.4640 2 1 0 0x0 2.9946 3.0054 2.99 3.01 0.6702 0.6312 0.0003 0.0005 0.2049 -0.0001 -0.005409 -0.840845 12.14 
0.4680 2 1 0 0x0 2.9973 3.0027 3.00 3.00 0.5543 0.6534 0.0009 0.0003 0.2071 -0.0001 -0.002705 -0.841993 12.14 
0.4720 2 1 0 0x0 2.9919 3.0081 2.99 3.01 0.6698 0.5211 0.0003 0.0008 0.2095 -0.0001 -0.008114 -0.843252 12.14 
0.4760 2 1 0 0x0 2.9919 3.0081 2.99 3.01 0.6996 0.5530 0.0004 0.0007 0.2120 -0.0001 -0.008114 -0.842598 12.14 
0.4800 2 1 0 0x0 2.9919 3.0081 2.99 3.01 0.6923 0.5310 0.0005 0.0007 0.2144 -0.0001 -0.008114 -0.846287 12.14 
0.4840 2 1 0 0x0 2.9919 3.0081 2.99 3.01 0.6914 0.6120 0.0006 0.0007 0.2168 -0.0002 -0.008114 -0.847659 12.14 
0.4880 2 1 0 0x0 2.9919 3.0081 2.99 3.01 0.6874 0.5643 0.0006 0.0008 0.2193 -0.0002 -0.008114 -0.848779 12.14 
0.4920 2 1 0 0x0 2.9946 3.0054 2.99 3.01 0.6580 0.6906 0.0006 0.0003 0.2219 -0.0002 -0.005409 -0.848417 12.15 
0.4960 2 1 0 0x0 2.9919 3.0081 2.99 3.01 0.6577 0.4830 0.0006 0.0008 0.2241 -0.0002 -0.008114 -0.845776 12.14 
0.5000 2 1 0 0x0 2.9919 3.0081 2.99 3.01 0.4663 0.5441 0.0010 0.0008 0.2262 -0.0002 -0.008114 -0.844929 12.13 
0.5040 2 1 1 0x0 3.9892 4.0108 3.99 4.01 0.5244 0.5162 0.0005 0.0008 0.2284 -0.0003 -0.010818 -0.843662 12.10 
0.5080 2 1 1 0x0 3.9892 4.0108 3.99 4.01 0.5328 0.5321 0.0004 0.0007 0.2308 -0.0003 -0.010818 -0.841171 12.09 
0.5120 2 1 1 0x0 3.9892 4.0108 3.99 4.01 0.5868 0.6149 0.0005 0.0009 0.2333 -0.0003 -0.010818 -0.839014 12.09 
0.5160 2 1 1 0x0 3.9919 4.0081 3.99 4.01 0.5631 0.6966 0.0007 0.0004 0.2359 -0.0003 -0.008114 -0.839066 12.09 
0.5200 2 1 1 0x0 3.9892 4.0108 3.99 4.01 0.7720 0.7517 0.0005 0.0006 0.2385 -0.0004 -0.010818 -0.842175 12.10 
0.5240 2 1 1 0x0 3.9892 4.0108 3.99 4.01 0.7303 0.6639 0.0005 0.0005 0.2414 -0.0004 -0.010818 -0.851244 12.10 
0.5280 2 1 1 0x0 3.9892 4.0108 3.99 4.01 0.8516 0.8113 0.0006 0.0005 0.2442 -0.0004 -0.010818 -0.860549 12.10 
0.5320 2 1 1 0x0 3.9892 4.0108 3.99 4.01 0.6386 0.6736 0.0008 0.0008 0.2471 -0.0004 -0.010818 -0.863653 12.10 
0.5360 2 1 1 0x0 3.9919 4.0081 3.99 4.01 0.7889 0.6500 0.0009 0.0005 0.2501 -0.0005 -0.008114 -0.866070 12.10 
0.5400 2 1 1 0x0 3.9919 4.0081 3.99 4.01 0.5860 0.7010 0.0005 0.0004 0.2529 -0.0005 -0.008114 -0.865657 12.10 
0.5440 2 1 1 0x0 3.9919 4.0081 3.99 4.01 0.5569 0.6603 0.0006 0.0004 0.2554 -0.0005 -0.008114 -0.865672 12.10 
0.5480 2 1 1 0x0 3.9892 4.0108 3.99 4.01 0.7484 0.7478 0.0003 0.0005 0.2580 -0.0005 -0.010818 -0.865101 12.09 
0.5520 2 1 1 0x0 3.9919 4.0081 3.99 4.01 0.7562 0.6666 0.0008 0.0003 0.2606 -0.0006 -0.008114 -0.863726 12.10 
0.5560 2 1 1 0x0 3.9892 4.0108 3.99 4.01 0.6051 0.5896 0.0007 0.0008 0.2633 -0.0006 -0.010818 -0.863121 12.09 
0.5600 2 1 1 0x0 3.9892 4.0108 3.99 4.01 0.8062 0.7889 0.0007 0.0007 0.2661 -0.0006 -0.010818 -0.864329 12.10 
0.5640 2 1 1 0x0 3.9892 4.0108 3.99 4.01 0.6740 0.7001 0.0007 0.0007 0.2690 -0.0007 -0.010818 -0.870728 12.10 
0.5680 2 1 1 0x0 3.9892 4.0108 3.99 4.01 0.7622 0.7816 0.0005 0.0005 0.2722 -0.0007 -0.010818 -0.875867 12.11 
0.5720 2 1 1 0x0 3.9892 4.0108 3.99 4.01 0.8440 0.7952 0.0004 0.0005 0.2755 -0.0007 -0.010818 -0.878797 12.10 
0.5760 2 1 1 0x0 3.9892 4.0108 3.99 4.01 0.8092 0.8098 0.0006 0.0006 0.2787 -0.0008 -0.010818 -0.884134 12.12 
0.5800 2 1 1 0x0 3.9865 4.0135 3.99 4.01 1.0100 0.7055 0.0003 0.0006 0.2821 -0.0008 -0.013523 -0.887196 12.12 
0.5840 2 1 1 0x0 3.9811 4.0189 3.98 4.02 0.8715 0.5502 0.0005 0.0009 0.2850 -0.0009 -0.018932 -0.885337 12.11 
0.5880 2 1 1 0x0 3.9784 4.0216 3.98 4.02 0.8355 0.7449 0.0003 0.0006 0.2880 -0.0009 -0.021636 -0.885785 12.12 
0.5920 2 1 1 0x0 3.9784 4.0216 3.98 4.02 0.6909 0.7395 0.0005 0.0007 0.2909 -0.0010 -0.021636 -0.888771 12.11 
0.5960 2 1 1 0x0 3.9811 4.0189 3.98 4.02 0.8551 0.8322 0.0007 0.0005 0.2939 -0.0010 -0.018932 -0.891648 12.11 
0.6000 2 1 1 0x0 3.9811 4.0189 3.98 4.02 0.8811 0.7990 0.0004 0.0005 0.2972 -0.0011 -0.018932 -0.893869 12.12 
0.6040 2 1 1 0x0 3.9838 4.0162 3.98 4.02 0.6550 0.7679 0.0007 0.0004 0.3002 -0.0011 -0.016227 -0.901517 12.11 
0.6080 2 1 1 0x0 3.9838 4.0162 3.98 4.02 0.7114 0.7787 0.0006 0.0003 0.3034 -0.0012 -0.016227 -0.903866 12.12 
0.6120 2 1 1 0x0 3.9838 4.0162 3.98 4.02 0.7549 0.8356 0.0007 0.0003 0.3067 -0.0013 -0.016227 -0.909211 12.11 
0.6160 2 1 1 0x0 3.9784 4.0216 3.98 4.02 0.9429 0.7811 0.0004 0.0006 0.3099 -0.0013 -0.021636 -0.910555 12.14 
0.6200 2 1 1 0x0 3.9730 4.0270 3.97 4.03 0.8247 0.6081 0.0003 0.0007 0.3132 -0.0014 -0.027045 -0.910490 12.12 
0.6240 2 1 1 0x0 3.9703 4.0297 3.97 4.03 0.8541 0.8409 0.0006 0.0008 0.3162 -0.0015 -0.029750 -0.909210 12.12 
0.6280 2 1 1 0x0 3.9675 4.0325 3.97 4.03 0.9885 0.8791 0.0006 0.0006 0.3197 -0.0016 -0.032455 -0.907588 12.12 
0.6320 2 1 1 0x0 3.9648 4.0352 3.96 4.04 0.7834 0.9184 0.0005 0.0005 0.3231 -0.0017 -0.035159 -0.909704 12.11 
0.6360 2 1 1 0x0 3.9621 4.0379 3.96 4.04 0.8946 0.9563 0.0003 0.0006 0.3266 -0.0018 -0.037864 -0.907393 12.12 
0.6400 2 1 1 0x0 3.9675 4.0325 3.97 4.03 0.7549 0.9343 0.0009 0.0008 0.3294 -0.0019 -0.032455 -0.904240 12.12 
0.6440 2 1 1 0x0 3.9703 4.0297 3.97 4.03 0.6958 0.8636 0.0007 0.0007 0.3324 -0.0020 -0.029750 -0.901252 12.11 
0.6480 2 1 1 0x0 3.9730 4.0270 3.97 4.03 0.8072 0.9024 0.0008 0.0006 0.3355 -0.0021 -0.027045 -0.902153 12.11 
0.6520 2 1 1 0x0 3.9730 4.0270 3.97 4.03 0.8639 0.9409 0.0007 0.0007 0.3387 -0.0022 -0.027045 -0.907921 12.12 
0.6560 2 1 1 0x0 3.9730 4.0270 3.97 4.03 0.8285 0.7494 0.0004 0.0003 0.3424 -0.0023 -0.027045 -0.915083 12.12 
0.6600 2 1 1 0x0 3.9703 4.0297 3.97 4.03 1.0391 0.7653 0.0002 0.0006 0.3458 -0.0024 -0.029750 -0.918027 12.13 
0.6640 2 1 1 0x0 3.9730 4.0270 3.97 4.03 0.9434 0.9565 0.0005 0.0003 0.3493 -0.0025 -0.027045 -0.923521 12.13 
0.6680 2 1 1 0x0 3.9730 4.0270 3.97 4.03 0.9876 0.8778 0.0007 0.0005 0.3525 -0.0026 -0.027045 -0.921563 12.13 
0.6720 2 1 1 0x0 3.9703 4.0297 3.97 4.03 0.7696 0.7752 0.0004 0.0003 0.3560 -0.0027 -0.029750 -0.915925 12.11 
0.6760 2 1 1 0x0 3.9648 4.0352 3.96 4.04 0.9759 0.6373 0.0002 0.0003 0.3592 -0.0028 -0.035159 -0.910672 12.11 
0.6800 2 1 1 0x0 3.9621 4.0379 3.96 4.04 1.0140 0.8329 0.0005 0.0005 0.3622 -0.0029 -0.037864 -0.905453 12.12 
0.6840 2 1 1 0x0 3.9594 4.0406 3.96 4.04 0.8205 0.9218 0.0003 0.0005 0.3657 -0.0030 -0.040568 -0.901050 12.12 
0.6880 2 1 1 0x0 3.9621 4.0379 3.96 4.04 0.8661 0.9600 0.0008 0.0006 0.3687 -0.0032 -0.037864 -0.899869 12.12 
0.6920 2 1 1 0x0 3.9648 4.0352 3.96 4.04 0.8464 0.7381 0.0004 0.0003 0.3722 -0.0033 -0.035159 -0.899632 12.12 
0.6960 2 1 1 0x0 3.9648 4.0352 3.96 4.04 0.9104 0.7527 0.0003 0.0005 0.3754 -0.0034 -0.035159 -0.906707 12.11 
0.7000 2 1 1 0x0 3.9675 4.0325 3.97 4.03 0.9569 0.9755 0.0004 0.0003 0.3789 -0.0035 -0.032455 -0.912135 12.12 
0.7040 2 1 1 0x0 3.9675 4.0325 3.97 4.03 0.9366 0.9479 0.0006 0.0006 0.3821 -0.0036 -0.032455 -0.914304 12.13 
0.7080 2 1 1 0x0 3.9675 4.0325 3.97 4.03 0.8224 0.8540 0.0004 0.0005 0.3858 -0.0038 -0.032455 -0.917648 12.12 
0.7120 2 1 1 0x0 3.9703 4.0297 3.97 4.03 0.7917 1.0408 0.0006 0.0005 0.3892 -0.0039 -0.029750 -0.924833 12.12 
0.7160 2 1 1 0x0 3.9703 4.0297 3.97 4.03 0.9182 0.7348 0.0002 0.0004 0.3928 -0.0040 -0.029750 -0.927175 12.13 
0.7200 2 1 1 0x0 3.9730 4.0270 3.97 4.03 0.7571 0.6789 0.0007 0.0005 0.3959 -0.0041 -0.027045 -0.929498 12.12 
0.7240 2 1 1 0x0 3.9730 4.0270 3.97 4.03 0.7799 0.6880 0.0004 0.0005 0.3991 -0.0041 -0.027045 -0.931179 12.11 
0.7280 2 1 1 0x0 3.9757 4.0243 3.98 4.02 0.8731 0.6643 0.0007 0.0004 0.4022 -0.0042 -0.024341 -0.930361 12.10 
0.7320 2 1 1 0x0 3.9730 4.0270 3.97 4.03 0.8019 0.8327 0.0005 0.0007 0.4052 -0.0043 -0.027045 -0.926500 12.11 
0.7360 2 1 1 0x0 3.9757 4.0243 3.98 4.02 0.6432 0.8256 0.0007 0.0004 0.4083 -0.0044 -0.024341 -0.919244 12.10 
0.7400 2 1 1 0x0 3.9757 4.0243 3.98 4.02 0.8671 0.7850 0.0008 0.0007 0.4111 -0.0044 -0.024341 -0.912124 12.12 
0.7440 2 1 1 0x0 3.9784 4.0216 3.98 4.02 0.8871 0.9577 0.0006 0.0002 0.4145 -0.0045 -0.021636 -0.909276 12.11 
0.7480 2 1 1 0x0 3.9784 4.0216 3.98 4.02 0.9403 0.9360 0.0006 0.0004 0.4178 -0.0046 -0.021636 -0.910573 12.11 
0.7520 2 1 1 0x0 3.9757 4.0243 3.98 4.02 0.7567 0.9728 0.0004 0.0007 0.4212 -0.0047 -0.024341 -0.911927 12.12 
0.7560 2 1 1 0x0 3.9784 4.0216 3.98 4.02 0.7376 0.7714 0.0006 0.0005 0.4247 -0.0048 -0.021636 -0.925459 12.13 
0.7600 2 1 1 0x0 3.9784 4.0216 3.98 4.02 0.9576 1.0101 0.0005 0.0003 0.4283 -0.0048 -0.021636 -0.931282 12.13 
0.7640 2 1 1 0x0 3.9784 4.0216 3.98 4.02 0.8565 0.9057 0.0003 0.0003 0.4320 -0.0049 -0.021636 -0.934781 12.13 
0.7680 2 1 1 0x0 3.9811 4.0189 3.98 4.02 0.8807 0.9768 0.0006 0.0002 0.4354 -0.0050 -0.018932 -0.947803 12.13 
0.7720 2 1 1 0x0 3.9784 4.0216 3.98 4.02 0.9643 1.0134 0.0005 0.0006 0.4389 -0.0051 -0.021636 -0.959282 12.13 
0.7760 2 1 1 0x0 3.9784 4.0216 3.98 4.02 0.7887 0.7902 0.0003 0.0006 0.4425 -0.0051 -0.021636 -0.967454 12.13 
0.7800 2 1 1 0x0 3.9811 4.0189 3.98 4.02 0.7243 0.9753 0.0005 0.0006 0.4460 -0.0052 -0.018932 -0.971891 12.14 
0.7840 2 1 1 0x0 3.9838 4.0162 3.98 4.02 0.6551 0.8311 0.0004 0.0005 0.4494 -0.0053 -0.016227 -0.971344 12.13 
0.7880 2 1 1 0x0 3.9865 4.0135 3.99 4.01 0.8372 0.7199 0.0007 0.0003 0.4525 -0.0053 -0.013523 -0.966248 12.12 
0.7920 2 1 1 0x0 3.9838 4.0162 3.98 4.02 0.9050 0.8687 0.0005 0.0005 0.4555 -0.0054 -0.016227 -0.961029 12.10 
0.7960 2 1 1 0x0 3.9838 4.0162 3.98 4.02 0.9053 0.9081 0.0005 0.0005 0.4588 -0.0054 -0.016227 -0.954219 12.12 
0.8000 2 1 1 0x0 3.9838 4.0162 3.98 4.02 0.9594 0.8906 0.0005 0.0005 0.4620 -0.0055 -0.016227 -0.950072 12.12 
0.8040 2 1 1 0x0 3.9838 4.0162 3.98 4.02 0.9448 0.9262 0.0006 0.0007 0.4652 -0.0055 -0.016227 -0.948232 12.12 
0.8080 2 1 1 0x0 3.9838 4.0162 3.98 4.02 0.7529 0.8674 0.0004 0.0004 0.4689 -0.0056 -0.016227 -0.949244 12.12 
0.8120 2 1 1 0x0 3.9865 4.0135 3.99 4.01 0.6952 0.9614 0.0006 0.0003 0.4723 -0.0056 -0.013523 -0.951114 12.13 
0.8160 2 1 1 0x0 3.9838 4.0162 3.98 4.02 0.9751 0.9974 0.0004 0.0006 0.4758 -0.0057 -0.016227 -0.952237 12.13 
0.8200 2 1 1 0x0 3.9865 4.0135 3.99 4.01 0.9489 0.7976 0.0006 0.0005 0.4792 -0.0057 -0.013523 -0.960802 12.12 
0.8240 2 1 1 0x0 3.9865 4.0135 3.99 4.01 0.8174 0.9656 0.0005 0.0004 0.4829 -0.0058 -0.013523 -0.962695 12.13 
0.8280 2 1 1 0x0 3.9865 4.0135 3.99 4.01 0.9855 0.8909 0.0003 0.0004 0.4865 -0.0058 -0.013523 -0.960505 12.14 
0.8320 2 1 1 0x0 3.9892 4.0108 3.99 4.01 1.0126 1.0624 0.0007 0.0004 0.4900 -0.0059 -0.010818 -0.968226 12.13 
0.8360 2 1 1 0x0 3.9892 4.0108 3.99 4.01 0.7619 0.7641 0.0005 0.0004 0.4936 -0.0059 -0.010818 -0.973898 12.14 
0.8400 2 1 1 0x0 3.9892 4.0108 3.99 4.01 0.9220 0.9541 0.0004 0.0004 0.4973 -0.0060 -0.010818 -0.976119 12.14 
0.8440 2 1 1 0x0 3.9892 4.0108 3.99 4.01 0.9144 0.9298 0.0004 0.0006 0.5005 -0.0060 -0.010818 -0.973056 12.13 
0.8480 2 1 1 0x0 3.9919 4.0081 3.99 4.01 0.9117 0.8646 0.0005 0.0003 0.5040 -0.0060 -0.008114 -0.973535 12.13 
0.8520 2 1 1 0x0 3.9919 4.0081 3.99 4.01 0.9551 0.8863 0.0006 0.0006 0.5072 -0.0061 -0.008114 -0.977632 12.14 
0.8560 2 1 1 0x0 3.9919 4.0081 3.99 4.01 0.8595 0.9994 0.0004 0.0005 0.5109 -0.0061 -0.008114 -0.985742 12.13 
0.8600 2 1 1 0x0 3.9919 4.0081 3.99 4.01 0.9903 0.7974 0.0003 0.0004 0.5145 -0.0061 -0.008114 -0.985736 12.14 
0.8640 2 1 1 0x0 3.9946 4.0054 3.99 4.01 0.9106 0.9680 0.0005 0.0002 0.5180 -0.0061 -0.005409 -0.986303 12.13 
0.8680 2 1 1 0x0 3.9946 4.0054 3.99 4.01 0.9084 1.0022 0.0005 0.0006 0.5212 -0.0062 -0.005409 -0.981272 12.14 
0.8720 2 1 1 0x0 3.9973 4.0027 4.00 4.00 0.8669 0.8604 0.0004 0.0005 0.5247 -0.0062 -0.002705 -0.973823 12.13 
0.8760 2 1 1 0x0 3.9973 4.0027 4.00 4.00 0.8767 0.7858 0.0003 0.0006 0.5279 -0.0062 -0.002705 -0.965949 12.12 
0.8800 2 1 1 0x0 3.9973 4.0027 4.00 4.00 0.9281 0.7579 0.0003 0.0006 0.5312 -0.0062 -0.002705 -0.959190 12.12 
0.8840 2 1 1 0x0 3.9973 4.0027 4.00 4.00 0.9772 0.8140 0.0004 0.0006 0.5344 -0.0062 -0.002705 -0.956286 12.12 
0.8880 2 1 1 0x0 4.0000 4.0000 4.00 4.00 1.0108 0.9716 0.0007 0.0004 0.5379 -0.0062 -0.000000 -0.953375 12.14 
0.8920 2 1 1 0x0 3.9973 4.0027 4.00 4.00 0.7602 0.9476 0.0006 0.0006 0.5413 -0.0062 -0.002705 -0.951627 12.14 
0.8960 2 1 1 0x0 3.9973 4.0027 4.00 4.00 0.9901 0.7499 0.0003 0.0004 0.5450 -0.0062 -0.002705 -0.953857 12.14 
0.9000 2 1 1 0x0 3.9973 4.0027 4.00 4.00 0.8916 0.9777 0.0003 0.0002 0.5486 -0.0062 -0.002705 -0.958507 12.14 
0.9040 2 1 1 0x0 3.9973 4.0027 4.00 4.00 0.8229 1.0136 0.0006 0.0006 0.5519 -0.0062 -0.002705 -0.968775 12.14 
0.9080 2 1 1 0x0 3.9973 4.0027 4.00 4.00 1.0334 0.9064 0.0006 0.0005 0.5555 -0.0062 -0.002705 -0.982033 12.14 
0.9120 2 1 1 0x0 3.9973 4.0027 4.00 4.00 0.7999 1.0393 0.0005 0.0006 0.5592 -0.0063 -0.002705 -0.985748 12.13 
0.9160 2 1 1 0x0 4.0000 4.0000 4.00 4.00 1.0378 1.0246 0.0005 0.0003 0.5630 -0.0063 -0.000000 -0.990203 12.14 
0.9200 2 1 1 0x0 3.9973 4.0027 4.00 4.00 1.0771 0.9607 0.0002 0.0005 0.5669 -0.0063 -0.002705 -0.998190 12.13 
0.9240 2 1 1 0x0 3.9973 4.0027 4.00 4.00 0.8252 1.0401 0.0003 0.0007 0.5705 -0.0063 -0.002705 -1.002948 12.14 
0.9280 2 1 1 0x0 4.0000 4.0000 4.00 4.00 1.0546 1.0268 0.0004 0.0003 0.5744 -0.0063 -0.000000 -0.998645 12.14 
0.9320 2 1 1 0x0 4.0000 4.0000 4.00 4.00 0.8555 0.8458 0.0004 0.0003 0.5780 -0.0063 -0.000000 -0.993379 12.14 
0.9360 2 1 1 0x0 3.9973 4.0027 4.00 4.00 0.7863 0.8606 0.0007 0.0007 0.5811 -0.0063 -0.002705 -0.986752 12.12 
0.9400 2 1 1 0x0 3.9973 4.0027 4.00 4.00 0.7262 0.9012 0.0004 0.0005 0.5843 -0.0063 -0.002705 -0.982854 12.11 
0.9440 2 1 1 0x0 4.0000 4.0000 4.00 4.00 0.8896 0.9415 0.0007 0.0005 0.5873 -0.0063 -0.000000 -0.985146 12.13 
0.9480 2 1 1 0x0 3.9973 4.0027 4.00 4.00 0.8028 0.9797 0.0003 0.0006 0.5908 -0.0063 -0.002705 -0.996269 12.12 
0.9520 2 1 1 0x0 4.0000 4.0000 4.00 4.00 0.8671 0.8270 0.0005 0.0004 0.5942 -0.0063 -0.000000 -0.999013 12.13 
0.9560 2 1 1 0x0 4.0000 4.0000 4.00 4.00 0.9833 0.8013 0.0004 0.0007 0.5979 -0.0063 -0.000000 -0.995918 12.13 
0.9600 2 1 1 0x0 3.9973 4.0027 4.00 4.00 0.7814 0.9853 0.0003 0.0005 0.6013 -0.0063 -0.002705 -1.001401 12.13 
0.9640 2 1 1 0x0 3.9973 4.0027 4.00 4.00 0.7697 0.7654 0.0007 0.0004 0.6050 -0.0063 -0.002705 -1.003882 12.13 
0.9680 2 1 1 0x0 4.0000 4.0000 4.00 4.00 1.0166 1.0167 0.0007 0.0003 0.6084 -0.0063 -0.000000 -0.998754 12.13 
0.9720 2 1 1 0x0 4.0000 4.0000 4.00 4.00 0.8712 0.8519 0.0006 0.0003 0.6121 -0.0063 -0.000000 -0.994061 12.14 
0.9760 2 1 1 0x0 4.0000 4.0000 4.00 4.00 0.9693 0.9774 0.0005 0.0003 0.6157 -0.0063 -0.000000 -0.994409 12.13 
0.9800 2 1 1 0x0 4.0000 4.0000 4.00 4.00 0.7468 0.8163 0.0003 0.0003 0.6194 -0.0063 -0.000000 -0.994511 12.13 
0.9840 2 1 1 0x0 4.0027 3.9973 4.00 4.00 0.7689 1.0016 0.0007 0.0003 0.6228 -0.0063 0.002704 -0.994506 12.14 
0.9880 2 1 1 0x0 4.0027 3.9973 4.00 4.00 0.9605 0.9173 0.0006 0.0003 0.6265 -0.0063 0.002704 -0.992780 12.14 
0.9920 2 1 1 0x0 4.0027 3.9973 4.00 4.00 0.8598 1.0254 0.0005 0.0004 0.6301 -0.0063 0.002704 -0.993505 12.15 
0.9960 2 1 1 0x0 4.0027 3.9973 4.00 4.00 0.9869 0.8283 0.0004 0.0004 0.6338 -0.0063 0.002704 -0.996081 12.14 
1.0000 2 1 1 0x0 4.0054 3.9946 4.01 3.99 0.9562 1.0507 0.0006 0.0004 0.6372 -0.0063 0.005409 -0.997714 12.13 
1.0040 2 1 1 0x0 4.0054 3.9946 4.01 3.99 0.7493 0.8801 0.0004 0.0005 0.6409 -0.0063 0.005409 -1.003261 12.14 
1.0080 2 1 1 0x0 4.0081 3.9919 4.01 3.99 0.7661 1.0048 0.0006 0.0005 0.6443 -0.0063 0.008114 -1.000919 12.13 
1.0120 2 1 1 0x0 4.0081 3.9919 4.01 3.99 0.9318 0.7554 0.0003 0.0004 0.6480 -0.0062 0.008114 -0.994536 12.13 
1.0160 2 1 1 0x0 4.0108 3.9892 4.01 3.99 0.9239 0.9658 0.0004 0.0004 0.6514 -0.0062 0.010818 -0.989314 12.13 
1.0200 2 1 1 0x0 4.0135 3.9865 4.01 3.99 0.9085 0.8930 0.0005 0.0005 0.6549 -0.0062 0.013523 -0.988083 12.13 
1.0240 2 1 1 0x0 4.0135 3.9865 4.01 3.99 0.8432 0.9891 0.0003 0.0005 0.6585 -0.0061 0.013523 -0.984530 12.13 
1.0280 2 1 1 0x0 4.0162 3.9838 4.02 3.98 0.8199 0.7259 0.0006 0.0004 0.6620 -0.0060 0.016227 -0.982876 12.14 
1.0320 2 1 1 0x0 4.0162 3.9838 4.02 3.98 0.9736 1.0213 0.0005 0.0003 0.6656 -0.0060 0.016227 -0.986185 12.13 
1.0360 2 1 1 0x0 4.0162 3.9838 4.02 3.98 0.7476 0.9000 0.0004 0.0003 0.6693 -0.0059 0.016227 -0.996920 12.14 
1.0400 2 1 1 0x0 4.0162 3.9838 4.02 3.98 0.9867 0.9807 0.0004 0.0002 0.6729 -0.0059 0.016227 -1.011972 12.14 
1.0440 2 1 1 0x0 4.0135 3.9865 4.01 3.99 0.9076 1.0147 0.0004 0.0007 0.6764 -0.0058 0.013523 -1.016745 12.12 
1.0480 2 1 1 0x0 4.0162 3.9838 4.02 3.98 1.0414 1.0078 0.0005 0.0002 0.6802 -0.0058 0.016227 -1.018725 12.13 
1.0520 2 1 1 0x0 4.0162 3.9838 4.02 3.98 0.8036 0.9117 0.0006 0.0002 0.6839 -0.0057 0.016227 -1.024158 12.14 
1.0560 2 1 1 0x0 4.0135 3.9865 4.01 3.99 0.8870 1.0333 0.0003 0.0003 0.6878 -0.0057 0.013523 -1.021877 12.14 
1.0600 2 1 1 0x0 4.0135 3.9865 4.01 3.99 0.7250 0.9387 0.0004 0.0007 0.6910 -0.0056 0.013523 -1.015705 12.12 
1.0640 2 1 1 0x0 4.0135 3.9865 4.01 3.99 0.7522 0.9209 0.0003 0.0007 0.6942 -0.0056 0.013523 -1.008667 12.12 
1.0680 2 1 1 0x0 4.0135 3.9865 4.01 3.99 0.7944 0.9033 0.0003 0.0007 0.6975 -0.0055 0.013523 -1.008276 12.12 
1.0720 2 1 1 0x0 4.0162 3.9838 4.02 3.98 0.8084 0.7018 0.0005 0.0003 0.7009 -0.0055 0.016227 -1.001619 12.12 
1.0760 2 1 1 0x0 4.0135 3.9865 4.01 3.99 1.0035 0.7501 0.0003 0.0005 0.7044 -0.0054 0.013523 -0.998312 12.13 
1.0800 2 1 1 0x0 4.0162 3.9838 4.02 3.98 0.9629 0.9192 0.0006 0.0003 0.7078 -0.0054 0.016227 -1.001130 12.13 
1.0840 2 1 1 0x0 4.0135 3.9865 4.01 3.99 0.7961 1.0194 0.0006 0.0006 0.7113 -0.0053 0.013523 -1.005631 12.13 
1.0880 2 1 1 0x0 4.0135 3.9865 4.01 3.99 1.0493 0.8982 0.0005 0.0004 0.7149 -0.0053 0.013523 -1.003483 12.13 
1.0920 2 1 1 0x0 4.0135 3.9865 4.01 3.99 0.8553 0.9862 0.0005 0.0003 0.7186 -0.0052 0.013523 -1.007689 12.14 
1.0960 2 1 1 0x0 4.0108 3.9892 4.01 3.99 1.0483 0.9573 0.0005 0.0007 0.7220 -0.0052 0.010818 -1.012453 12.14 
1.1000 2 1 1 0x0 4.0108 3.9892 4.01 3.99 0.7945 0.7834 0.0006 0.0006 0.7257 -0.0052 0.010818 -1.012659 12.14 
1.1040 2 1 1 0x0 4.0108 3.9892 4.01 3.99 1.0368 0.9886 0.0006 0.0006 0.7293 -0.0051 0.010818 -1.010416 12.13 
1.1080 2 1 1 0x0 4.0081 3.9919 4.01 3.99 1.0131 0.9262 0.0002 0.0005 0.7332 -0.0051 0.008114 -1.008484 12.14 
1.1120 2 1 1 0x0 4.0108 3.9892 4.01 3.99 0.9686 1.0167 0.0006 0.0006 0.7366 -0.0050 0.010818 -1.007428 12.14 
1.1160 2 1 1 0x0 4.0108 3.9892 4.01 3.99 0.7451 0.7886 0.0004 0.0005 0.7403 -0.0050 0.010818 -1.004612 12.15 
1.1200 2 1 1 0x0 4.0108 3.9892 4.01 3.99 1.0072 0.9783 0.0003 0.0005 0.7439 -0.0050 0.010818 -1.005833 12.14 
1.1240 2 1 1 0x0 4.0135 3.9865 4.01 3.99 0.9692 0.8263 0.0006 0.0003 0.7474 -0.0049 0.013523 -1.003323 12.13 
1.1280 2 1 1 0x0 4.0108 3.9892 4.01 3.99 0.8038 0.8422 0.0005 0.0004 0.7508 -0.0049 0.010818 -1.000818 12.13 
1.1320 2 1 1 0x0 4.0081 3.9919 4.01 3.99 1.0048 0.8601 0.0003 0.0006 0.7543 -0.0049 0.008114 -1.000534 12.13 
1.1360 2 1 1 0x0 4.0108 3.9892 4.01 3.99 0.9628 0.9729 0.0007 0.0004 0.7577 -0.0048 0.010818 -1.004836 12.13 
1.1400 2 1 1 0x0 4.0081 3.9919 4.01 3.99 0.7983 1.0103 0.0006 0.0007 0.7612 -0.0048 0.008114 -1.002853 12.14 
1.1440 2 1 1 0x0 4.0081 3.9919 4.01 3.99 0.9734 0.7914 0.0006 0.0006 0.7648 -0.0048 0.008114 -1.004148 12.14 
1.1480 2 1 1 0x0 4.0081 3.9919 4.01 3.99 0.8598 0.9756 0.0005 0.0005 0.7685 -0.0047 0.008114 -1.003332 12.14 
1.1520 2 1 1 0x0 4.0081 3.9919 4.01 3.99 0.9876 0.8822 0.0004 0.0004 0.7721 -0.0047 0.008114 -1.001152 12.14 
1.1560 2 1 1 0x0 4.0108 3.9892 4.01 3.99 1.0217 1.0039 0.0007 0.0004 0.7756 -0.0047 0.010818 -0.998938 12.14 
1.1600 2 1 1 0x0 4.0108 3.9892 4.01 3.99 0.8007 0.7961 0.0006 0.0004 0.7792 -0.0046 0.010818 -0.997139 12.14 
1.1640 2 1 1 0x0 4.0108 3.9892 4.01 3.99 0.9706 1.0345 0.0006 0.0003 0.7829 -0.0046 0.010818 -0.996054 12.14 
1.1680 2 1 1 0x0 4.0081 3.9919 4.01 3.99 0.8641 0.9401 0.0006 0.0007 0.7863 -0.0046 0.008114 -0.998622 12.13 
1.1720 2 1 1 0x0 4.0081 3.9919 4.01 3.99 1.0316 0.8091 0.0006 0.0004 0.7900 -0.0045 0.008114 -1.003298 12.13 
1.1760 2 1 1 0x0 4.0054 3.9946 4.01 3.99 0.7580 0.8254 0.0006 0.0006 0.7934 -0.0045 0.005409 -0.999725 12.13 
1.1800 2 1 1 0x0 4.0054 3.9946 4.01 3.99 0.9881 0.9554 0.0004 0.0004 0.7971 -0.0045 0.005409 -1.002989 12.13 
1.1840 2 1 1 0x0 4.0054 3.9946 4.01 3.99 0.8375 0.7848 0.0003 0.0003 0.8007 -0.0045 0.005409 -1.009540 12.13 
1.1880 2 1 1 0x0 4.0054 3.9946 4.01 3.99 0.8204 0.7627 0.0006 0.0006 0.8040 -0.0045 0.005409 -1.006206 12.13 
1.1920 2 1 1 0x0 4.0054 3.9946 4.01 3.99 1.0380 0.9561 0.0006 0.0005 0.8076 -0.0044 0.005409 -1.004068 12.14 
1.1960 2 1 1 0x0 4.0054 3.9946 4.01 3.99 0.7940 0.8477 0.0005 0.0005 0.8113 -0.0044 0.005409 -1.004009 12.13 
1.2000 2 1 1 0x0 4.0054 3.9946 4.01 3.99 1.0466 0.9831 0.0005 0.0005 0.8149 -0.0044 0.005409 -1.001500 12.14 
1.2040 2 1 1 0x0 4.0054 3.9946 4.01 3.99 0.8601 0.7680 0.0006 0.0004 0.8186 -0.0044 0.005409 -1.002022 12.14 
1.2080 2 1 1 0x0 4.0054 3.9946 4.01 3.99 1.0400 0.9467 0.0006 0.0004 0.8222 -0.0044 0.005409 -0.999239 12.14 
1.2120 2 1 1 0x0 4.0054 3.9946 4.01 3.99 0.7938 0.8552 0.0005 0.0003 0.8259 -0.0044 0.005409 -0.997802 12.13 
1.2160 2 1 1 0x0 4.0054 3.9946 4.01 3.99 0.9842 0.9744 0.0005 0.0003 0.8295 -0.0043 0.005409 -0.999512 12.14 
1.2200 2 1 1 0x0 4.0027 3.9973 4.00 4.00 0.9102 1.0100 0.0005 0.0006 0.8330 -0.0043 0.002704 -1.001818 12.13 
1.2240 2 1 1 0x0 4.0027 3.9973 4.00 4.00 1.0383 0.7922 0.0006 0.0006 0.8366 -0.0043 0.002704 -1.007452 12.14 
1.2280 2 1 1 0x0 4.0000 4.0000 4.00 4.00 1.0848 0.9755 0.0002 0.0005 0.8405 -0.0043 -0.000000 -1.010720 12.14 
1.2320 2 1 1 0x0 4.0000 4.0000 4.00 4.00 0.8939 0.8330 0.0003 0.0004 0.8441 -0.0043 -0.000000 -1.017604 12.13 
1.2360 2 1 1 0x0 4.0000 4.0000 4.00 4.00 0.9920 1.0038 0.0004 0.0004 0.8478 -0.0043 -0.000000 -1.016465 12.13 
1.2400 2 1 1 0x0 4.0000 4.0000 4.00 4.00 0.9546 0.9160 0.0007 0.0007 0.8510 -0.0043 -0.000000 -1.012659 12.13 
1.2440 2 1 1 0x0 4.0000 4.0000 4.00 4.00 0.7516 0.7302 0.0005 0.0004 0.8547 -0.0043 -0.000000 -1.007316 12.14 
1.2480 2 1 1 0x0 3.9973 4.0027 4.00 4.00 1.0021 0.7087 0.0003 0.0006 0.8581 -0.0043 -0.002705 -1.003404 12.12 
1.2520 2 1 1 0x0 4.0000 4.0000 4.00 4.00 0.9676 0.9295 0.0006 0.0004 0.8616 -0.0043 -0.000000 -1.004007 12.13 
1.2560 2 1 1 0x0 3.9973 4.0027 4.00 4.00 0.9081 0.9644 0.0005 0.0007 0.8650 -0.0043 -0.002705 -1.007051 12.13 
1.2600 2 1 1 0x0 3.9973 4.0027 4.00 4.00 0.9842 0.8400 0.0005 0.0006 0.8687 -0.0043 -0.002705 -1.007027 12.13 
1.2640 2 1 1 0x0 3.9973 4.0027 4.00 4.00 0.7863 0.9947 0.0004 0.0005 0.8723 -0.0043 -0.002705 -1.015935 12.13 
1.2680 2 1 1 0x0 3.9973 4.0027 4.00 4.00 0.9843 0.8013 0.0005 0.0005 0.8760 -0.0043 -0.002705 -1.018892 12.12 
1.2720 2 1 1 0x0 3.9973 4.0027 4.00 4.00 0.8587 1.0242 0.0005 0.0005 0.8796 -0.0044 -0.002705 -1.022815 12.14 
1.2760 2 1 1 0x0 3.9973 4.0027 4.00 4.00 1.0320 0.8472 0.0006 0.0005 0.8833 -0.0044 -0.002705 -1.023786 12.13 
1.2800 2 1 1 0x0 3.9946 4.0054 3.99 4.01 1.0831 1.0510 0.0003 0.0006 0.8871 -0.0044 -0.005409 -1.019232 12.14 
1.2840 2 1 1 0x0 3.9946 4.0054 3.99 4.01 0.8956 0.7698 0.0004 0.0006 0.8908 -0.0044 -0.005409 -1.013151 12.14 
1.2880 2 1 1 0x0 3.9946 4.0054 3.99 4.01 0.9899 0.9490 0.0004 0.0004 0.8944 -0.0044 -0.005409 -1.009293 12.14 
1.2920 2 1 1 0x0 3.9919 4.0081 3.99 4.01 0.7799 0.9252 0.0004 0.0007 0.8979 -0.0044 -0.008114 -1.009351 12.13 
1.2960 2 1 1 0x0 3.9919 4.0081 3.99 4.01 1.0069 0.8229 0.0003 0.0005 0.9015 -0.0045 -0.008114 -1.008302 12.13 
1.3000 2 1 1 0x0 3.9919 4.0081 3.99 4.01 0.8888 1.0216 0.0003 0.0004 0.9052 -0.0045 -0.008114 -1.007194 12.13 
1.3040 2 1 1 0x0 3.9919 4.0081 3.99 4.01 1.0021 0.7845 0.0003 0.0003 0.9088 -0.0045 -0.008114 -1.007379 12.13 
1.3080 2 1 1 0x0 3.9892 4.0108 3.99 4.01 0.8237 0.7625 0.0004 0.0006 0.9123 -0.0046 -0.010818 -1.009403 12.13 
1.3120 2 1 1 0x0 3.9892 4.0108 3.99 4.01 0.9921 1.0213 0.0004 0.0006 0.9159 -0.0046 -0.010818 -1.011197 12.14 
1.3160 2 1 1 0x0 3.9892 4.0108 3.99 4.01 0.9645 0.8495 0.0005 0.0006 0.9196 -0.0046 -0.010818 -1.016122 12.14 
1.3200 2 1 1 0x0 3.9892 4.0108 3.99 4.01 1.0373 0.9776 0.0006 0.0006 0.9232 -0.0047 -0.010818 -1.023983 12.13 
1.3240 2 1 1 0x0 3.9865 4.0135 3.99 4.01 1.0866 0.7729 0.0003 0.0006 0.9271 -0.0047 -0.013523 -1.026233 12.13 
1.3280 2 1 1 0x0 3.9892 4.0108 3.99 4.01 0.8411 0.9476 0.0004 0.0002 0.9309 -0.0048 -0.010818 -1.032001 12.14 
1.3320 2 1 1 0x0 3.9892 4.0108 3.99 4.01 1.0705 1.0609 0.0004 0.0003 0.9346 -0.0048 -0.010818 -1.031846 12.13 
1.3360 2 1 1 0x0 3.9892 4.0108 3.99 4.01 0.7703 0.8065 0.0003 0.0003 0.9382 -0.0048 -0.010818 -1.035098 12.13 
1.3400 2 1 1 0x0 3.9919 4.0081 3.99 4.01 0.7488 1.0153 0.0005 0.0003 0.9417 -0.0049 -0.008114 -1.031768 12.13 
1.3440 2 1 1 0x0 3.9919 4.0081 3.99 4.01 0.9440 0.8534 0.0003 0.0003 0.9453 -0.0049 -0.008114 -1.027018 12.13 
1.3480 2 1 1 0x0 3.9919 4.0081 3.99 4.01 0.9725 0.8759 0.0007 0.0006 0.9486 -0.0049 -0.008114 -1.023149 12.13 
1.3520 2 1 1 0x0 3.9919 4.0081 3.99 4.01 0.8533 1.0138 0.0006 0.0004 0.9522 -0.0050 -0.008114 -1.027108 12.13 
1.3560 2 1 1 0x0 3.9919 4.0081 3.99 4.01 1.0581 0.7896 0.0005 0.0003 0.9559 -0.0050 -0.008114 -1.036874 12.14 
1.3600 2 1 1 0x0 3.9919 4.0081 3.99 4.01 0.7867 1.0445 0.0005 0.0003 0.9595 -0.0050 -0.008114 -1.042045 12.14 
1.3640 2 1 1 0x0 3.9919 4.0081 3.99 4.01 0.9865 0.8838 0.0005 0.0003 0.9632 -0.0051 -0.008114 -1.044562 12.14 
1.3680 2 1 1 0x0 3.9919 4.0081 3.99 4.01 0.8555 1.0000 0.0006 0.0003 0.9668 -0.0051 -0.008114 -1.046438 12.14 
1.3720 2 1 1 0x0 3.9892 4.0108 3.99 4.01 1.0404 0.9669 0.0007 0.0007 0.9703 -0.0051 -0.010818 -1.041387 12.14 
1.3760 2 1 1 0x0 3.9865 4.0135 3.99 4.01 1.0141 0.7375 0.0003 0.0005 0.9741 -0.0052 -0.013523 -1.037969 12.14 
1.3800 2 1 1 0x0 3.9865 4.0135 3.99 4.01 0.8907 1.0007 0.0004 0.0003 0.9778 -0.0052 -0.013523 -1.035015 12.14 
1.3840 2 1 1 0x0 3.9865 4.0135 3.99 4.01 1.0588 0.8630 0.0005 0.0003 0.9815 -0.0053 -0.013523 -1.032024 12.14 
1.3880 2 1 1 0x0 3.9838 4.0162 3.98 4.02 0.7888 0.8867 0.0006 0.0006 0.9849 -0.0053 -0.016227 -1.028600 12.14 
1.3920 2 1 1 0x0 3.9838 4.0162 3.98 4.02 0.9932 0.9984 0.0005 0.0005 0.9885 -0.0054 -0.016227 -1.026289 12.14 
1.3960 2 1 1 0x0 3.9838 4.0162 3.98 4.02 0.8989 0.7999 0.0005 0.0005 0.9922 -0.0055 -0.016227 -1.023491 12.14 
1.4000 2 1 1 0x0 3.9838 4.0162 3.98 4.02 1.0621 1.0279 0.0005 0.0005 0.9959 -0.0055 -0.016227 -1.022755 12.14 
1.4040 2 1 1 0x0 3.9838 4.0162 3.98 4.02 0.7862 0.8955 0.0006 0.0005 0.9995 -0.0056 -0.016227 -1.023427 12.14 
1.4080 2 1 1 0x0 3.9838 4.0162 3.98 4.02 1.0580 1.0563 0.0006 0.0005 1.0032 -0.0056 -0.016227 -1.021051 12.14 
1.4120 2 1 1 0x0 3.9811 4.0189 3.98 4.02 1.0316 0.7676 0.0003 0.0005 1.0070 -0.0057 -0.018932 -1.021274 12.14 
1.4160 2 1 1 0x0 3.9811 4.0189 3.98 4.02 0.8036 1.0086 0.0003 0.0005 1.0107 -0.0058 -0.018932 -1.023522 12.14 
1.4200 2 1 1 0x0 3.9838 4.0162 3.98 4.02 1.0971 1.0680 0.0004 0.0002 1.0145 -0.0058 -0.016227 -1.023448 12.15 
1.4240 2 1 1 0x0 3.9838 4.0162 3.98 4.02 0.8864 1.0282 0.0005 0.0007 1.0182 -0.0059 -0.016227 -1.024108 12.13 
1.4280 2 1 1 0x0 3.9838 4.0162 3.98 4.02 1.0656 1.0174 0.0006 0.0003 1.0218 -0.0060 -0.016227 -1.026053 12.14 
1.4320 2 1 1 0x0 3.9811 4.0189 3.98 4.02 1.0351 0.9676 0.0003 0.0004 1.0257 -0.0060 -0.018932 -1.021983 12.15 
1.4360 2 1 1 0x0 3.9811 4.0189 3.98 4.02 0.9329 1.0342 0.0004 0.0006 1.0293 -0.0061 -0.018932 -1.018625 12.14 
1.4400 2 1 1 0x0 3.9838 4.0162 3.98 4.02 1.0042 1.0225 0.0005 0.0002 1.0332 -0.0062 -0.016227 -1.015371 12.14 
1.4440 2 1 1 0x0 3.9838 4.0162 3.98 4.02 0.8212 0.9010 0.0006 0.0002 1.0368 -0.0062 -0.016227 -1.012545 12.13 
1.4480 2 1 1 0x0 3.9838 4.0162 3.98 4.02 1.0030 0.9785 0.0006 0.0003 1.0405 -0.0063 -0.016227 -1.011998 12.14 
1.4520 2 1 1 0x0 3.9838 4.0162 3.98 4.02 0.8922 0.8149 0.0006 0.0003 1.0441 -0.0064 -0.016227 -1.017801 12.14 
1.4560 2 1 1 0x0 3.9838 4.0162 3.98 4.02 0.9918 1.0013 0.0007 0.0003 1.0478 -0.0064 -0.016227 -1.019903 12.14 
1.4600 2 1 1 0x0 3.9811 4.0189 3.98 4.02 1.0434 0.9192 0.0003 0.0004 1.0516 -0.0065 -0.018932 -1.018080 12.13 
1.4640 2 1 1 0x0 3.9811 4.0189 3.98 4.02 0.8663 1.0228 0.0003 0.0004 1.0553 -0.0066 -0.018932 -1.012754 12.14 
1.4680 2 1 1 0x0 3.9811 4.0189 3.98 4.02 1.0225 0.7867 0.0004 0.0005 1.0589 -0.0066 -0.018932 -1.014295 12.14 
1.4720 2 1 1 0x0 3.9811 4.0189 3.98 4.02 0.8163 0.9767 0.0006 0.0005 1.0626 -0.0067 -0.018932 -1.014612 12.13 
1.4760 2 1 1 0x0 3.9784 4.0216 3.98 4.02 0.8562 0.8842 0.0003 0.0006 1.0664 -0.0068 -0.021636 -1.017218 12.14 
1.4800 2 1 1 0x0 3.9811 4.0189 3.98 4.02 1.0285 0.8239 0.0004 0.0003 1.0703 -0.0068 -0.018932 -1.025895 12.14 
1.4840 2 1 1 0x0 3.9811 4.0189 3.98 4.02 0.8110 1.0590 0.0005 0.0003 1.0739 -0.0069 -0.018932 -1.026284 12.14 
1.4880 2 1 1 0x0 3.9784 4.0216 3.98 4.02 0.9623 0.9314 0.0002 0.0004 1.0778 -0.0070 -0.021636 -1.033059 12.14 
1.4920 2 1 1 0x0 3.9784 4.0216 3.98 4.02 1.0351 1.0089 0.0004 0.0005 1.0814 -0.0071 -0.021636 -1.044148 12.14 
1.4960 2 1 1 0x0 3.9784 4.0216 3.98 4.02 0.8064 0.8400 0.0005 0.0005 1.0851 -0.0071 -0.021636 -1.046598 12.13 
1.5000 2 1 1 0x0 3.9784 4.0216 3.98 4.02 1.0898 0.9663 0.0005 0.0006 1.0887 -0.0072 -0.021636 -1.047260 12.14 
1.5040 2 1 1 0x0 3.9811 4.0189 3.98 4.02 0.8886 1.0213 0.0006 0.0003 1.0926 -0.0073 -0.018932 -1.059028 12.13 
1.5080 2 1 1 0x0 3.9784 4.0216 3.98 4.02 0.7918 0.7886 0.0003 0.0003 1.0964 -0.0074 -0.021636 -1.069569 12.14 
1.5120 2 1 1 0x0 3.9784 4.0216 3.98 4.02 1.0358 1.0418 0.0004 0.0004 1.1001 -0.0075 -0.021636 -1.063976 12.14 
1.5160 2 1 1 0x0 3.9784 4.0216 3.98 4.02 0.8776 0.8880 0.0005 0.0005 1.1037 -0.0075 -0.021636 -1.065454 12.13 
1.5200 2 1 1 0x0 3.9784 4.0216 3.98 4.02 1.0759 1.0645 0.0007 0.0006 1.1074 -0.0076 -0.021636 -1.072451 12.14 
1.5240 2 1 1 0x0 3.9757 4.0243 3.98 4.02 1.0429 0.7638 0.0004 0.0006 1.1112 -0.0077 -0.024341 -1.078848 12.15 
1.5280 2 1 1 0x0 3.9784 4.0216 3.98 4.02 0.9892 0.9342 0.0005 0.0002 1.1151 -0.0078 -0.021636 -1.079995 12.13 
1.5320 2 1 1 0x0 3.9784 4.0216 3.98 4.02 1.0039 1.0054 0.0007 0.0003 1.1187 -0.0079 -0.021636 -1.076468 12.15 
1.5360 2 1 1 0x0 3.9757 4.0243 3.98 4.02 1.0406 0.8418 0.0004 0.0003 1.1226 -0.0080 -0.024341 -1.074249 12.14 
1.5400 2 1 1 0x0 3.9730 4.0270 3.97 4.03 0.9334 0.7362 0.0006 0.0006 1.1260 -0.0081 -0.027045 -1.068456 12.14 
1.5440 2 1 1 0x0 3.9702 4.0297 3.97 4.03 1.0088 0.6494 0.0006 0.0006 1.1295 -0.0082 -0.029750 -1.058180 12.13 
1.5480 2 1 1 0x0 3.9648 4.0352 3.96 4.04 1.0549 0.6888 0.0003 0.0006 1.1331 -0.0083 -0.035159 -1.056228 12.13 
1.5520 2 1 1 0x0 3.9648 4.0352 3.96 4.04 0.9167 0.9701 0.0004 0.0002 1.1368 -0.0084 -0.035159 -1.056648 12.14 
1.5560 2 1 1 0x0 3.9621 4.0379 3.96 4.04 1.0990 0.8901 0.0005 0.0004 1.1402 -0.0085 -0.037864 -1.063570 12.13 
1.5600 2 1 1 0x0 3.9567 4.0433 3.96 4.04 1.0634 0.9846 0.0002 0.0006 1.1439 -0.0087 -0.043273 -1.070473 12.14 
1.5640 2 1 1 0x0 3.9567 4.0433 3.96 4.04 0.9746 0.9269 0.0004 0.0004 1.1475 -0.0088 -0.043273 -1.067851 12.14 
1.5680 2 1 1 0x0 3.9567 4.0433 3.96 4.04 1.0228 1.0181 0.0006 0.0004 1.1512 -0.0090 -0.043273 -1.063210 12.13 
1.5720 2 1 1 0x0 3.9513 4.0487 3.95 4.05 1.0660 0.9853 0.0002 0.0007 1.1548 -0.0092 -0.048682 -1.063684 12.14 
1.5760 2 1 1 0x0 3.9513 4.0487 3.95 4.05 0.8588 0.7668 0.0004 0.0007 1.1585 -0.0094 -0.048682 -1.071594 12.14 
1.5800 2 1 1 0x0 3.9513 4.0487 3.95 4.05 1.0390 1.0133 0.0004 0.0006 1.1621 -0.0095 -0.048682 -1.080248 12.15 
1.5840 2 1 1 0x0 3.9540 4.0460 3.95 4.05 0.7995 1.0050 0.0005 0.0002 1.1660 -0.0097 -0.045977 -1.080387 12.14 
1.5880 2 1 1 0x0 3.9513 4.0487 3.95 4.05 1.0297 0.9726 0.0005 0.0006 1.1694 -0.0099 -0.048682 -1.078565 12.13 
1.5920 2 1 1 0x0 3.9486 4.0514 3.95 4.05 1.0762 0.8180 0.0002 0.0006 1.1733 -0.0101 -0.051386 -1.084917 12.14 
1.5960 2 1 1 0x0 3.9486 4.0514 3.95 4.05 0.7810 0.9989 0.0003 0.0006 1.1769 -0.0102 -0.051386 -1.080625 12.14 
1.6000 2 1 1 0x0 3.9486 4.0514 3.95 4.05 1.0617 0.8660 0.0003 0.0006 1.1806 -0.0104 -0.051386 -1.074564 12.14 
1.6040 2 1 1 0x0 3.9486 4.0514 3.95 4.05 0.9061 1.0257 0.0004 0.0006 1.1842 -0.0106 -0.051386 -1.074914 12.14 
1.6080 2 1 1 0x0 3.9486 4.0514 3.95 4.05 1.0382 0.7842 0.0005 0.0006 1.1879 -0.0108 -0.051386 -1.086898 12.13 
1.6120 2 1 1 0x0 3.9486 4.0514 3.95 4.05 0.8044 0.9820 0.0006 0.0006 1.1915 -0.0110 -0.051386 -1.095246 12.14 
1.6160 2 1 1 0x0 3.9486 4.0514 3.95 4.05 0.8942 1.0390 0.0003 0.0003 1.1955 -0.0112 -0.051386 -1.091460 12.14 
1.6200 2 1 1 0x0 3.9486 4.0514 3.95 4.05 1.0502 0.8211 0.0004 0.0003 1.1992 -0.0114 -0.051386 -1.093659 12.15 
1.6240 2 1 1 0x0 3.9486 4.0514 3.95 4.05 0.7995 1.0635 0.0005 0.0004 1.2028 -0.0116 -0.051386 -1.087143 12.14 
1.6280 2 1 1 0x0 3.9486 4.0514 3.95 4.05 1.0288 0.8716 0.0006 0.0004 1.2065 -0.0118 -0.051386 -1.078971 12.14 
1.6320 2 1 1 0x0 3.9486 4.0514 3.95 4.05 0.7661 0.9552 0.0004 0.0003 1.2101 -0.0120 -0.051386 -1.076090 12.13 
1.6360 2 1 1 0x0 3.9513 4.0487 3.95 4.05 0.7686 0.9930 0.0005 0.0006 1.2132 -0.0121 -0.048682 -1.064764 12.12 
1.6400 2 1 1 0x0 3.9540 4.0460 3.95 4.05 0.6549 0.9097 0.0005 0.0007 1.2162 -0.0122 -0.045977 -1.055655 12.11 
1.6440 2 1 1 0x0 3.9594 4.0406 3.96 4.04 0.8842 0.7343 0.0008 0.0004 1.2195 -0.0124 -0.040568 -1.047805 12.12 
1.6480 2 1 1 0x0 3.9594 4.0406 3.96 4.04 0.9425 0.7498 0.0008 0.0007 1.2227 -0.0125 -0.040568 -1.047454 12.13 
1.6520 2 1 1 0x0 3.9594 4.0406 3.96 4.04 0.7572 0.9806 0.0005 0.0005 1.2263 -0.0127 -0.040568 -1.051226 12.14 
1.6560 2 1 1 0x0 3.9594 4.0406 3.96 4.04 1.0482 0.8778 0.0005 0.0004 1.2300 -0.0128 -0.040568 -1.049936 12.13 
1.6600 2 1 1 0x0 3.9594 4.0406 3.96 4.04 0.8539 1.0088 0.0004 0.0005 1.2336 -0.0130 -0.040568 -1.060049 12.13 
1.6640 2 1 1 0x0 3.9594 4.0406 3.96 4.04 1.0509 0.7538 0.0005 0.0004 1.2373 -0.0131 -0.040568 -1.064998 12.13 
1.6680 2 1 1 0x0 3.9594 4.0406 3.96 4.04 0.7887 1.0369 0.0004 0.0005 1.2409 -0.0133 -0.040568 -1.069768 12.14 
1.6720 2 1 1 0x0 3.9594 4.0406 3.96 4.04 1.0491 0.9474 0.0005 0.0005 1.2446 -0.0134 -0.040568 -1.083565 12.14 
1.6760 2 1 1 0x0 3.9594 4.0406 3.96 4.04 0.8637 1.0626 0.0006 0.0006 1.2482 -0.0136 -0.040568 -1.099881 12.15 
1.6800 2 1 1 0x0 3.9621 4.0379 3.96 4.04 1.0318 1.0528 0.0006 0.0002 1.2521 -0.0137 -0.037864 -1.104826 12.14 
1.6840 2 1 1 0x0 3.9594 4.0406 3.96 4.04 1.0131 0.9343 0.0002 0.0003 1.2559 -0.0139 -0.040568 -1.110744 12.14 
1.6880 2 1 1 0x0 3.9594 4.0406 3.96 4.04 0.9484 1.0772 0.0003 0.0003 1.2596 -0.0140 -0.040568 -1.123887 12.14 
1.6920 2 1 1 0x0 3.9594 4.0406 3.96 4.04 0.9906 0.7979 0.0004 0.0004 1.2632 -0.0142 -0.040568 -1.130553 12.14 
1.6960 2 1 1 0x0 3.9594 4.0406 3.96 4.04 0.7891 1.0292 0.0005 0.0004 1.2669 -0.0143 -0.040568 -1.132247 12.14 
1.7000 2 1 1 0x0 3.9594 4.0406 3.96 4.04 1.0482 0.8466 0.0005 0.0005 1.2705 -0.0145 -0.040568 -1.135685 12.14 
1.7040 2 1 1 0x0 3.9594 4.0406 3.96 4.04 0.8441 1.0503 0.0004 0.0006 1.2742 -0.0146 -0.040568 -1.134341 12.13 
1.7080 2 1 1 0x0 3.9648 4.0352 3.96 4.04 0.8153 0.9700 0.0006 0.0002 1.2778 -0.0147 -0.035159 -1.131553 12.13 
1.7120 2 1 1 0x0 3.9648 4.0352 3.96 4.04 0.9333 0.8909 0.0004 0.0003 1.2815 -0.0149 -0.035159 -1.133705 12.13 
1.7160 2 1 1 0x0 3.9675 4.0325 3.97 4.03 0.9649 0.9887 0.0007 0.0004 1.2849 -0.0150 -0.032455 -1.130555 12.14 
1.7200 2 1 1 0x0 3.9675 4.0325 3.97 4.03 0.7856 0.7651 0.0005 0.0004 1.2886 -0.0151 -0.032455 -1.123029 12.13 
1.7240 2 1 1 0x0 3.9675 4.0325 3.97 4.03 0.6878 0.7062 0.0007 0.0006 1.2918 -0.0152 -0.032455 -1.113564 12.13 
1.7280 2 1 1 0x0 3.9675 4.0325 3.97 4.03 0.9420 0.9365 0.0004 0.0003 1.2955 -0.0153 -0.032455 -1.113832 12.13 
1.7320 2 1 1 0x0 3.9675 4.0325 3.97 4.03 0.9795 0.9133 0.0006 0.0005 1.2987 -0.0155 -0.032455 -1.119137 12.13 
1.7360 2 1 1 0x0 3.9675 4.0325 3.97 4.03 0.8450 0.8810 0.0005 0.0003 1.3024 -0.0156 -0.032455 -1.122596 12.13 
1.7400 2 1 1 0x0 3.9675 4.0325 3.97 4.03 0.9899 1.0049 0.0005 0.0003 1.3060 -0.0157 -0.032455 -1.126889 12.14 
1.7440 2 1 1 0x0 3.9675 4.0325 3.97 4.03 0.7471 0.7982 0.0006 0.0004 1.3097 -0.0158 -0.032455 -1.131387 12.14 
1.7480 2 1 1 0x0 3.9675 4.0325 3.97 4.03 1.0488 1.0285 0.0006 0.0005 1.3133 -0.0159 -0.032455 -1.130569 12.15 
1.7520 2 1 1 0x0 3.9675 4.0325 3.97 4.03 1.0150 1.0924 0.0003 0.0002 1.3174 -0.0161 -0.032455 -1.124319 12.14 
1.7560 2 1 1 0x0 3.9675 4.0325 3.97 4.03 0.8192 0.7893 0.0004 0.0003 1.3210 -0.0162 -0.032455 -1.125697 12.14 
1.7600 2 1 1 0x0 3.9675 4.0325 3.97 4.03 0.9948 1.0425 0.0005 0.0003 1.3247 -0.0163 -0.032455 -1.124148 12.13 
1.7640 2 1 1 0x0 3.9675 4.0325 3.97 4.03 0.9650 0.9441 0.0006 0.0005 1.3283 -0.0164 -0.032455 -1.123566 12.14 
1.7680 2 1 1 0x0 3.9648 4.0352 3.96 4.04 0.8093 1.0648 0.0003 0.0006 1.3322 -0.0166 -0.035159 -1.126439 12.14 
1.7720 2 1 1 0x0 3.9675 4.0325 3.97 4.03 1.0831 1.0516 0.0004 0.0003 1.3360 -0.0167 -0.032455 -1.136985 12.14 
1.7760 2 1 1 0x0 3.9675 4.0325 3.97 4.03 0.8966 0.9362 0.0005 0.0004 1.3397 -0.0168 -0.032455 -1.140263 12.14 
1.7800 2 1 1 0x0 3.9675 4.0325 3.97 4.03 1.0532 1.0021 0.0006 0.0005 1.3433 -0.0169 -0.032455 -1.139813 12.14 
1.7840 2 1 1 0x0 3.9675 4.0325 3.97 4.03 1.0234 1.0658 0.0003 0.0002 1.3474 -0.0171 -0.032455 -1.145846 12.14 
1.7880 2 1 1 0x0 3.9675 4.0325 3.97 4.03 0.8807 0.9255 0.0003 0.0003 1.3510 -0.0172 -0.032455 -1.149368 12.14 
1.7920 2 1 1 0x0 3.9675 4.0325 3.97 4.03 1.0731 1.0169 0.0004 0.0004 1.3547 -0.0173 -0.032455 -1.143126 12.14 
1.7960 2 1 1 0x0 3.9675 4.0325 3.97 4.03 0.8296 0.7894 0.0006 0.0005 1.3583 -0.0174 -0.032455 -1.136734 12.13 
1.8000 2 1 1 0x0 3.9648 4.0352 3.96 4.04 0.9855 0.9788 0.0002 0.0005 1.3622 -0.0176 -0.035159 -1.130544 12.13 
1.8040 2 1 1 0x0 3.9648 4.0352 3.96 4.04 1.0149 0.9357 0.0004 0.0005 1.3658 -0.0177 -0.035159 -1.127434 12.13 
1.8080 2 1 1 0x0 3.9648 4.0352 3.96 4.04 0.8182 1.0075 0.0004 0.0005 1.3695 -0.0178 -0.035159 -1.127008 12.14 
1.8120 2 1 1 0x0 3.9648 4.0352 3.96 4.04 1.0643 0.7946 0.0006 0.0005 1.3731 -0.0179 -0.035159 -1.128834 12.13 
1.8160 2 1 1 0x0 3.9621 4.0379 3.96 4.04 1.0358 1.0368 0.0002 0.0005 1.3770 -0.0181 -0.037864 -1.129727 12.13 
1.8200 2 1 1 0x0 3.9648 4.0352 3.96 4.04 0.9338 0.8898 0.0005 0.0005 1.3804 -0.0182 -0.035159 -1.135060 12.14 
1.8240 2 1 1 0x0 3.9675 4.0325 3.97 4.03 0.9737 0.9914 0.0007 0.0006 1.3839 -0.0183 -0.032455 -1.139037 12.13 
1.8280 2 1 1 0x0 3.9702 4.0297 3.97 4.03 0.7350 0.9827 0.0004 0.0003 1.3877 -0.0184 -0.029750 -1.138164 12.14 
1.8320 2 1 1 0x0 3.9730 4.0270 3.97 4.03 0.7496 0.9365 0.0007 0.0004 1.3912 -0.0185 -0.027045 -1.138985 12.13 
1.8360 2 1 1 0x0 3.9730 4.0270 3.97 4.03 0.9545 1.0745 0.0003 0.0005 1.3948 -0.0186 -0.027045 -1.136283 12.13 
1.8400 2 1 1 0x0 3.9757 4.0243 3.98 4.02 0.9961 0.8461 0.0005 0.0006 1.3982 -0.0187 -0.024341 -1.131606 12.14 
1.8440 2 1 1 0x0 3.9784 4.0216 3.98 4.02 0.8333 0.8729 0.0004 0.0003 1.4021 -0.0188 -0.021636 -1.127825 12.13 
1.8480 2 1 1 0x0 3.9784 4.0216 3.98 4.02 1.0234 1.0130 0.0003 0.0004 1.4058 -0.0189 -0.021636 -1.122519 12.13 
1.8520 2 1 1 0x0 3.9811 4.0189 3.98 4.02 0.9842 0.7929 0.0006 0.0005 1.4092 -0.0190 -0.018932 -1.119707 12.13 
1.8560 2 1 1 0x0 3.9811 4.0189 3.98 4.02 0.7779 1.0379 0.0005 0.0005 1.4129 -0.0190 -0.018932 -1.120473 12.13 
1.8600 2 1 1 0x0 3.9838 4.0162 3.98 4.02 1.0169 1.0257 0.0004 0.0002 1.4167 -0.0191 -0.016227 -1.122401 12.13 
1.8640 2 1 1 0x0 3.9838 4.0162 3.98 4.02 0.8795 0.8288 0.0004 0.0003 1.4204 -0.0192 -0.016227 -1.126704 12.14 
1.8680 2 1 1 0x0 3.9838 4.0162 3.98 4.02 1.0160 1.0498 0.0004 0.0005 1.4240 -0.0192 -0.016227 -1.135329 12.13 
1.8720 2 1 1 0x0 3.9838 4.0162 3.98 4.02 0.8138 0.9382 0.0004 0.0006 1.4277 -0.0193 -0.016227 -1.144264 12.14 
1.8760 2 1 1 0x0 3.9865 4.0135 3.99 4.01 1.0069 0.7791 0.0005 0.0003 1.4315 -0.0193 -0.013523 -1.143720 12.13 
1.8800 2 1 1 0x0 3.9865 4.0135 3.99 4.01 0.9478 0.9884 0.0005 0.0004 1.4352 -0.0194 -0.013523 -1.141305 12.13 
1.8840 2 1 1 0x0 3.9865 4.0135 3.99 4.01 0.9900 0.9312 0.0006 0.0006 1.4388 -0.0194 -0.013523 -1.137788 12.14 
1.8880 2 1 1 0x0 3.9865 4.0135 3.99 4.01 1.0362 0.8170 0.0002 0.0003 1.4429 -0.0195 -0.013523 -1.132562 12.13 
1.8920 2 1 1 0x0 3.9865 4.0135 3.99 4.01 0.8768 1.0684 0.0004 0.0004 1.4465 -0.0195 -0.013523 -1.135052 12.13 
1.8960 2 1 1 0x0 3.9865 4.0135 3.99 4.01 1.0052 0.9239 0.0005 0.0005 1.4502 -0.0196 -0.013523 -1.141032 12.13 
1.9000 2 1 1 0x0 3.9865 4.0135 3.99 4.01 0.7007 1.0922 0.0005 0.0006 1.4538 -0.0196 -0.013523 -1.136267 12.13 
1.9040 2 1 1 0x0 3.9919 4.0081 3.99 4.01 0.6641 1.0074 0.0004 0.0002 1.4575 -0.0197 -0.008114 -1.129207 12.13 
1.9080 2 1 1 0x0 3.9973 4.0027 4.00 4.00 0.9181 0.9141 0.0007 0.0004 1.4607 -0.0197 -0.002705 -1.122445 12.12 
1.9120 2 1 1 0x0 3.9973 4.0027 4.00 4.00 0.7626 1.0296 0.0003 0.0005 1.4644 -0.0197 -0.002705 -1.126759 12.12 
1.9160 2 1 1 0x0 4.0000 4.0000 4.00 4.00 0.7783 0.8265 0.0005 0.0006 1.4678 -0.0197 -0.000000 -1.121915 12.13 
1.9200 2 1 1 0x0 4.0027 3.9973 4.00 4.00 0.9613 0.9045 0.0003 0.0003 1.4717 -0.0197 0.002704 -1.124722 12.13 
1.9240 2 1 1 0x0 4.0027 3.9973 4.00 4.00 0.9845 1.0424 0.0007 0.0004 1.4753 -0.0197 0.002704 -1.124355 12.13 
1.9280 2 1 1 0x0 4.0054 3.9946 4.01 3.99 0.8468 0.7750 0.0006 0.0004 1.4788 -0.0197 0.005409 -1.119193 12.14 
1.9320 2 1 1 0x0 4.0054 3.9946 4.01 3.99 1.0640 1.0007 0.0006 0.0004 1.4824 -0.0197 0.005409 -1.116967 12.14 
1.9360 2 1 1 0x0 4.0054 3.9946 4.01 3.99 0.7838 0.9185 0.0006 0.0004 1.4861 -0.0197 0.005409 -1.124582 12.14 
1.9400 2 1 1 0x0 4.0027 3.9973 4.00 4.00 0.9784 1.0265 0.0002 0.0005 1.4899 -0.0196 0.002704 -1.140479 12.14 
1.9440 2 1 1 0x0 4.0027 3.9973 4.00 4.00 1.1003 0.7844 0.0003 0.0005 1.4936 -0.0196 0.002704 -1.142592 12.14 
1.9480 2 1 1 0x0 4.0027 3.9973 4.00 4.00 0.8139 0.9837 0.0005 0.0005 1.4972 -0.0196 0.002704 -1.152528 12.14 
1.9520 2 1 1 0x0 4.0027 3.9973 4.00 4.00 0.9970 0.9329 0.0006 0.0006 1.5009 -0.0196 0.002704 -1.160807 12.14 
1.9560 2 1 1 0x0 4.0000 4.0000 4.00 4.00 1.1061 1.0088 0.0003 0.0006 1.5047 -0.0196 -0.000000 -1.164126 12.14 
1.9600 2 1 1 0x0 4.0027 3.9973 4.00 4.00 0.8159 1.0015 0.0005 0.0002 1.5086 -0.0196 0.002704 -1.173654 12.14 
1.9640 2 1 1 0x0 4.0000 4.0000 4.00 4.00 0.9791 0.8651 0.0003 0.0003 1.5124 -0.0196 -0.000000 -1.182589 12.15 
1.9680 2 1 1 0x0 4.0000 4.0000 4.00 4.00 1.0071 1.0229 0.0005 0.0004 1.5161 -0.0196 -0.000000 -1.182202 12.14 
1.9720 2 1 1 0x0 3.9973 4.0027 4.00 4.00 1.0340 0.7473 0.0003 0.0005 1.5199 -0.0196 -0.002705 -1.179078 12.14 
1.9760 2 1 1 0x0 3.9973 4.0027 4.00 4.00 0.8302 1.0467 0.0004 0.0006 1.5236 -0.0196 -0.002705 -1.178315 12.14 
1.9800 2 1 1 0x0 3.9973 4.0027 4.00 4.00 0.9983 0.8313 0.0006 0.0005 1.5272 -0.0196 -0.002705 -1.168114 12.14 
1.9840 2 1 1 0x0 3.9919 4.0081 3.99 4.01 1.0392 0.8011 0.0003 0.0006 1.5309 -0.0196 -0.008114 -1.157508 12.14 
1.9880 2 1 1 0x0 3.9892 4.0108 3.99 4.01 0.8773 0.8161 0.0004 0.0007 1.5343 -0.0197 -0.010818 -1.152848 12.14 
1.9920 2 1 1 0x0 3.9892 4.0108 3.99 4.01 1.0721 0.9102 0.0006 0.0004 1.5380 -0.0197 -0.010818 -1.156917 12.14 
1.9960 2 1 1 0x0 3.9838 4.0162 3.98 4.02 1.1155 1.0080 0.0003 0.0006 1.5416 -0.0197 -0.016227 -1.160760 12.12 
2.0000 2 1 1 0x0 3.9838 4.0162 3.98 4.02 0.9404 0.7903 0.0005 0.0004 1.5453 -0.0198 -0.016227 -1.158068 12.14 
2.0040 2 1 1 0x0 3.9838 4.0162 3.98 4.02 1.0672 0.7677 0.0006 0.0007 1.5490 -0.0199 -0.016227 -1.166227 12.13 
2.0080 2 1 1 0x0 3.9784 4.0216 3.98 4.02 1.0414 1.0151 0.0003 0.0006 1.5526 -0.0199 -0.021636 -1.173126 12.14 
2.0120 2 1 1 0x0 3.9784 4.0216 3.98 4.02 0.8698 0.9046 0.0004 0.0005 1.5563 -0.0200 -0.021636 -1.170750 12.14 
2.0160 2 1 1 0x0 3.9784 4.0216 3.98 4.02 1.0137 1.0448 0.0005 0.0005 1.5599 -0.0201 -0.021636 -1.174529 12.13 
2.0200 2 1 1 0x0 3.9784 4.0216 3.98 4.02 0.7772 0.7716 0.0006 0.0004 1.5636 -0.0202 -0.021636 -1.182814 12.13 
2.0240 2 1 1 0x0 3.9757 4.0243 3.98 4.02 0.9116 1.0042 0.0003 0.0004 1.5674 -0.0203 -0.024341 -1.191911 12.13 
2.0280 2 1 1 0x0 3.9757 4.0243 3.98 4.02 1.0287 0.9154 0.0004 0.0005 1.5711 -0.0203 -0.024341 -1.190160 12.14 
2.0320 2 1 1 0x0 3.9757 4.0243 3.98 4.02 0.8589 1.0299 0.0005 0.0005 1.5747 -0.0204 -0.024341 -1.185567 12.14 
2.0360 2 1 1 0x0 3.9757 4.0243 3.98 4.02 0.9520 0.7822 0.0005 0.0006 1.5784 -0.0205 -0.024341 -1.178273 12.14 
2.0400 2 1 1 0x0 3.9784 4.0216 3.98 4.02 0.8882 0.9868 0.0006 0.0006 1.5818 -0.0206 -0.021636 -1.170277 12.13 
2.0440 2 1 1 0x0 3.9811 4.0189 3.98 4.02 0.9107 0.8242 0.0004 0.0004 1.5853 -0.0207 -0.018932 -1.165086 12.11 
2.0480 2 1 1 0x0 3.9838 4.0162 3.98 4.02 0.9085 0.9545 0.0004 0.0003 1.5887 -0.0207 -0.016227 -1.163753 12.13 
2.0520 2 1 1 0x0 3.9838 4.0162 3.98 4.02 0.9495 0.9919 0.0006 0.0006 1.5919 -0.0208 -0.016227 -1.169152 12.13 
2.0560 2 1 1 0x0 3.9838 4.0162 3.98 4.02 0.9126 0.7615 0.0004 0.0004 1.5956 -0.0208 -0.016227 -1.169896 12.13 
2.0600 2 1 1 0x0 3.9838 4.0162 3.98 4.02 0.9885 0.9595 0.0003 0.0004 1.5992 -0.0209 -0.016227 -1.165536 12.13 
2.0640 2 1 1 0x0 3.9865 4.0135 3.99 4.01 1.0131 0.8454 0.0006 0.0003 1.6027 -0.0210 -0.013523 -1.166431 12.13 
2.0680 2 1 1 0x0 3.9865 4.0135 3.99 4.01 0.8092 1.0546 0.0006 0.0003 1.6063 -0.0210 -0.013523 -1.163890 12.14 
2.0720 2 1 1 0x0 3.9838 4.0162 3.98 4.02 1.0240 1.0201 0.0005 0.0007 1.6098 -0.0211 -0.016227 -1.162323 12.12 
2.0760 2 1 1 0x0 3.9865 4.0135 3.99 4.01 0.9304 1.0127 0.0006 0.0002 1.6136 -0.0211 -0.013523 -1.159385 12.14 
2.0800 2 1 1 0x0 3.9865 4.0135 3.99 4.01 1.0185 0.9676 0.0006 0.0003 1.6173 -0.0212 -0.013523 -1.157751 12.14 
2.0840 2 1 1 0x0 3.9865 4.0135 3.99 4.01 0.8096 1.0392 0.0006 0.0003 1.6209 -0.0212 -0.013523 -1.163609 12.14 
2.0880 2 1 1 0x0 3.9865 4.0135 3.99 4.01 1.0181 0.7776 0.0006 0.0004 1.6246 -0.0213 -0.013523 -1.162180 12.14 
2.0920 2 1 1 0x0 3.9865 4.0135 3.99 4.01 0.8664 0.9945 0.0005 0.0004 1.6282 -0.0213 -0.013523 -1.158758 12.14 
2.0960 2 1 1 0x0 3.9865 4.0135 3.99 4.01 1.0455 0.9898 0.0004 0.0005 1.6319 -0.0214 -0.013523 -1.156521 12.14 
2.1000 2 1 1 0x0 3.9892 4.0108 3.99 4.01 0.7478 0.8198 0.0004 0.0004 1.6358 -0.0214 -0.010818 -1.152304 12.14 
2.1040 2 1 1 0x0 3.9919 4.0081 3.99 4.01 0.9873 0.9632 0.0004 0.0004 1.6396 -0.0215 -0.008114 -1.151539 12.14 
2.1080 2 1 1 0x0 3.9919 4.0081 3.99 4.01 0.9045 1.1135 0.0004 0.0007 1.6433 -0.0215 -0.008114 -1.157210 12.13 
2.1120 2 1 1 0x0 3.9946 4.0054 3.99 4.01 1.0469 1.0932 0.0005 0.0005 1.6471 -0.0215 -0.005409 -1.167489 12.13 
2.1160 2 1 1 0x0 3.9973 4.0027 4.00 4.00 0.7576 1.0739 0.0005 0.0004 1.6510 -0.0215 -0.002705 -1.166949 12.14 
2.1200 2 1 1 0x0 3.9973 4.0027 4.00 4.00 1.0292 0.8497 0.0006 0.0006 1.6546 -0.0216 -0.002705 -1.170517 12.14 
2.1240 2 1 1 0x0 3.9973 4.0027 4.00 4.00 1.0624 1.0008 0.0003 0.0004 1.6587 -0.0216 -0.002705 -1.177437 12.14 
2.1280 2 1 1 0x0 3.9973 4.0027 4.00 4.00 0.8350 1.0683 0.0004 0.0006 1.6623 -0.0216 -0.002705 -1.174797 12.14 
2.1320 2 1 1 0x0 4.0000 4.0000 4.00 4.00 1.0445 1.0545 0.0005 0.0003 1.6662 -0.0216 -0.000000 -1.173122 12.12 
2.1360 2 1 1 0x0 4.0000 4.0000 4.00 4.00 0.9210 0.9367 0.0006 0.0005 1.6698 -0.0216 -0.000000 -1.169539 12.14 
2.1400 2 1 1 0x0 4.0000 4.0000 4.00 4.00 1.0224 0.8232 0.0007 0.0003 1.6739 -0.0216 -0.000000 -1.165731 12.14 
2.1440 2 1 1 0x0 4.0000 4.0000 4.00 4.00 1.0024 1.0576 0.0003 0.0004 1.6775 -0.0216 -0.000000 -1.164892 12.13 
2.1480 2 1 1 0x0 4.0000 4.0000 4.00 4.00 0.8996 0.9963 0.0004 0.0005 1.6812 -0.0216 -0.000000 -1.159584 12.14 
2.1520 2 1 1 0x0 4.0027 3.9973 4.00 4.00 1.0544 0.8215 0.0005 0.0003 1.6850 -0.0216 0.002704 -1.157538 12.14 
2.1560 2 1 1 0x0 4.0027 3.9973 4.00 4.00 0.8415 0.9903 0.0006 0.0004 1.6887 -0.0216 0.002704 -1.159295 12.14 
2.1600 2 1 1 0x0 4.0000 4.0000 4.00 4.00 0.9415 0.9312 0.0003 0.0005 1.6925 -0.0216 -0.000000 -1.154604 12.14 
2.1640 2 1 1 0x0 4.0000 4.0000 4.00 4.00 1.0575 1.0067 0.0005 0.0007 1.6962 -0.0215 -0.000000 -1.151989 12.14 
2.1680 2 1 1 0x0 4.0027 3.9973 4.00 4.00 0.8412 1.0669 0.0006 0.0003 1.7001 -0.0215 0.002704 -1.152848 12.14 
2.1720 2 1 1 0x0 4.0000 4.0000 4.00 4.00 0.9423 0.8709 0.0003 0.0004 1.7039 -0.0215 -0.000000 -1.149150 12.13 
2.1760 2 1 1 0x0 4.0000 4.0000 4.00 4.00 1.0616 1.0889 0.0005 0.0006 1.7076 -0.0215 -0.000000 -1.152394 12.14 
2.1800 2 1 1 0x0 4.0027 3.9973 4.00 4.00 0.8359 1.0027 0.0006 0.0003 1.7114 -0.0215 0.002704 -1.151116 12.15 
2.1840 2 1 1 0x0 4.0027 3.9973 4.00 4.00 1.0495 0.9794 0.0006 0.0004 1.7151 -0.0215 0.002704 -1.157825 12.14 
2.1880 2 1 1 0x0 4.0027 3.9973 4.00 4.00 0.8530 1.0223 0.0006 0.0006 1.7187 -0.0215 0.002704 -1.157641 12.15 
2.1920 2 1 1 0x0 4.0054 3.9946 4.01 3.99 1.0523 1.0109 0.0006 0.0002 1.7226 -0.0215 0.005409 -1.156157 12.14 
2.1960 2 1 1 0x0 4.0054 3.9946 4.01 3.99 0.7490 0.9123 0.0006 0.0003 1.7262 -0.0215 0.005409 -1.148797 12.13 
2.2000 2 1 1 0x0 4.0054 3.9946 4.01 3.99 0.9879 1.1061 0.0005 0.0005 1.7299 -0.0215 0.005409 -1.144942 12.14 
2.2040 2 1 1 0x0 4.0054 3.9946 4.01 3.99 0.8482 0.7837 0.0005 0.0006 1.7335 -0.0215 0.005409 -1.143759 12.16 
2.2080 2 1 1 0x0 4.0054 3.9946 4.01 3.99 1.0613 0.9830 0.0006 0.0006 1.7372 -0.0214 0.005409 -1.142051 12.14 
2.2120 2 1 1 0x0 4.0081 3.9919 4.01 3.99 0.7466 1.0403 0.0006 0.0003 1.7410 -0.0214 0.008114 -1.148964 12.14 
2.2160 2 1 1 0x0 4.0081 3.9919 4.01 3.99 1.0558 0.8206 0.0006 0.0005 1.7447 -0.0214 0.008114 -1.153634 12.14 
2.2200 2 1 1 0x0 4.0081 3.9919 4.01 3.99 1.0209 0.9585 0.0003 0.0003 1.7487 -0.0214 0.008114 -1.151919 12.14 
2.2240 2 1 1 0x0 4.0081 3.9919 4.01 3.99 0.8167 1.0434 0.0004 0.0005 1.7524 -0.0213 0.008114 -1.155457 12.14 
2.2280 2 1 1 0x0 4.0108 3.9892 4.01 3.99 1.0629 1.0287 0.0006 0.0003 1.7562 -0.0213 0.010818 -1.157621 12.15 
2.2320 2 1 1 0x0 4.0081 3.9919 4.01 3.99 1.0215 0.8995 0.0003 0.0005 1.7601 -0.0213 0.008114 -1.154199 12.14 
2.2360 2 1 1 0x0 4.0108 3.9892 4.01 3.99 0.8208 0.8389 0.0005 0.0003 1.7639 -0.0212 0.010818 -1.153898 12.14 
2.2400 2 1 1 0x0 4.0081 3.9919 4.01 3.99 0.9256 1.1071 0.0003 0.0005 1.7678 -0.0212 0.008114 -1.151614 12.13 
2.2440 2 1 1 0x0 4.0108 3.9892 4.01 3.99 1.0709 1.0860 0.0005 0.0004 1.7717 -0.0211 0.010818 -1.156912 12.15 
2.2480 2 1 1 0x0 4.0108 3.9892 4.01 3.99 1.1099 1.0688 0.0003 0.0002 1.7757 -0.0211 0.010818 -1.156657 12.14 
2.2520 2 1 1 0x0 4.0108 3.9892 4.01 3.99 0.8911 0.9888 0.0005 0.0005 1.7794 -0.0211 0.010818 -1.153947 12.15 
2.2560 2 1 1 0x0 4.0108 3.9892 4.01 3.99 0.8529 0.8639 0.0004 0.0003 1.7834 -0.0210 0.010818 -1.155196 12.15 
2.2600 2 1 1 0x0 4.0108 3.9892 4.01 3.99 1.0723 1.0684 0.0006 0.0005 1.7871 -0.0210 0.010818 -1.158061 12.15 
2.2640 2 1 1 0x0 4.0108 3.9892 4.01 3.99 1.0341 1.1301 0.0003 0.0003 1.7911 -0.0209 0.010818 -1.156308 12.15 
2.2680 2 1 1 0x0 4.0108 3.9892 4.01 3.99 0.7247 0.8646 0.0004 0.0006 1.7948 -0.0209 0.010818 -1.155608 12.14 
2.2720 2 1 1 0x0 4.0135 3.9865 4.01 3.99 1.0245 1.0246 0.0004 0.0005 1.7986 -0.0208 0.013523 -1.149947 12.13 
2.2760 2 1 1 0x0 4.0162 3.9838 4.02 3.98 0.8782 0.8446 0.0005 0.0005 1.8025 -0.0208 0.016227 -1.150316 12.15 
2.2800 2 1 1 0x0 4.0189 3.9811 4.02 3.98 1.0805 0.9984 0.0005 0.0005 1.8063 -0.0207 0.018932 -1.162206 12.14 
2.2840 2 1 1 0x0 4.0189 3.9811 4.02 3.98 1.0459 0.8754 0.0002 0.0005 1.8104 -0.0206 0.018932 -1.167196 12.14 
2.2880 2 1 1 0x0 4.0216 3.9784 4.02 3.98 0.9268 0.9720 0.0004 0.0005 1.8142 -0.0206 0.021636 -1.166655 12.13 
2.2920 2 1 1 0x0 4.0243 3.9757 4.02 3.98 1.0728 0.8071 0.0006 0.0004 1.8181 -0.0205 0.024341 -1.173313 12.14 
2.2960 2 1 1 0x0 4.0243 3.9757 4.02 3.98 1.1076 1.0059 0.0004 0.0002 1.8222 -0.0204 0.024341 -1.174661 12.14 
2.3000 2 1 1 0x0 4.0216 3.9784 4.02 3.98 1.1342 1.0614 0.0002 0.0005 1.8260 -0.0203 0.021636 -1.177999 12.15 
2.3040 2 1 1 0x0 4.0243 3.9757 4.02 3.98 0.8058 1.0434 0.0004 0.0003 1.8299 -0.0202 0.024341 -1.176163 12.14 
2.3080 2 1 1 0x0 4.0216 3.9784 4.02 3.98 0.9122 0.9473 0.0002 0.0005 1.8337 -0.0201 0.021636 -1.178132 12.14 
2.3120 2 1 1 0x0 4.0216 3.9784 4.02 3.98 1.0858 1.0575 0.0005 0.0007 1.8374 -0.0200 0.021636 -1.174949 12.13 
2.3160 2 1 1 0x0 4.0216 3.9784 4.02 3.98 1.1058 1.0447 0.0004 0.0004 1.8414 -0.0199 0.021636 -1.172262 12.14 
2.3200 2 1 1 0x0 4.0189 3.9811 4.02 3.98 1.0399 0.9458 0.0003 0.0006 1.8453 -0.0199 0.018932 -1.176714 12.14 
2.3240 2 1 1 0x0 4.0216 3.9784 4.02 3.98 0.8201 0.8327 0.0006 0.0004 1.8491 -0.0198 0.021636 -1.181620 12.14 
2.3280 2 1 1 0x0 4.0216 3.9784 4.02 3.98 1.0016 0.9171 0.0005 0.0002 1.8532 -0.0197 0.021636 -1.176112 12.14 
2.3320 2 1 1 0x0 4.0189 3.9811 4.02 3.98 0.8523 1.0191 0.0004 0.0005 1.8570 -0.0196 0.018932 -1.176533 12.12 
2.3360 2 1 1 0x0 4.0189 3.9811 4.02 3.98 0.9187 1.0047 0.0004 0.0002 1.8611 -0.0195 0.018932 -1.175730 12.14 
2.3400 2 1 1 0x0 4.0189 3.9811 4.02 3.98 1.0809 0.9815 0.0006 0.0005 1.8647 -0.0195 0.018932 -1.174819 12.14 
2.3440 2 1 1 0x0 4.0162 3.9838 4.02 3.98 1.0376 1.0914 0.0004 0.0007 1.8686 -0.0194 0.016227 -1.173808 12.13 
2.3480 2 1 1 0x0 4.0162 3.9838 4.02 3.98 0.9407 1.0751 0.0006 0.0003 1.8726 -0.0193 0.016227 -1.171277 12.13 
2.3520 2 1 1 0x0 4.0162 3.9838 4.02 3.98 0.8444 0.9203 0.0004 0.0005 1.8763 -0.0193 0.016227 -1.164376 12.13 
2.3560 2 1 1 0x0 4.0162 3.9838 4.02 3.98 1.0190 1.0187 0.0005 0.0006 1.8799 -0.0192 0.016227 -1.160930 12.14 
2.3600 2 1 1 0x0 4.0162 3.9838 4.02 3.98 1.1265 1.0793 0.0003 0.0003 1.8840 -0.0192 0.016227 -1.160957 12.14 
2.3640 2 1 1 0x0 4.0189 3.9811 4.02 3.98 0.8046 1.1388 0.0005 0.0002 1.8879 -0.0191 0.018932 -1.162479 12.13 
2.3680 2 1 1 0x0 4.0189 3.9811 4.02 3.98 0.9649 1.1114 0.0003 0.0002 1.8919 -0.0190 0.018932 -1.163232 12.15 
2.3720 2 1 1 0x0 4.0216 3.9784 4.02 3.98 1.0977 1.1679 0.0005 0.0003 1.8958 -0.0189 0.021636 -1.167887 12.14 
2.3760 2 1 1 0x0 4.0216 3.9784 4.02 3.98 1.0449 1.0593 0.0004 0.0003 1.8998 -0.0189 0.021636 -1.173799 12.14 
2.3800 2 1 1 0x0 4.0216 3.9784 4.02 3.98 1.1448 1.1130 0.0002 0.0003 1.9039 -0.0188 0.021636 -1.170987 12.14 
2.3840 2 1 1 0x0 4.0243 3.9757 4.02 3.98 0.8489 1.0909 0.0005 0.0002 1.9077 -0.0187 0.024341 -1.173366 12.13 
2.3880 2 1 1 0x0 4.0216 3.9784 4.02 3.98 0.9084 0.9711 0.0003 0.0005 1.9116 -0.0186 0.021636 -1.170842 12.14 
2.3920 2 1 1 0x0 4.0243 3.9757 4.02 3.98 1.0924 0.8033 0.0006 0.0003 1.9154 -0.0185 0.024341 -1.166820 12.14 
2.3960 2 1 1 0x0 4.0216 3.9784 4.02 3.98 1.1216 1.0179 0.0004 0.0004 1.9193 -0.0184 0.021636 -1.165133 12.14 
2.4000 2 1 1 0x0 4.0189 3.9811 4.02 3.98 1.0578 0.9059 0.0003 0.0005 1.9231 -0.0183 0.018932 -1.165853 12.14 
2.4040 2 1 1 0x0 4.0189 3.9811 4.02 3.98 0.8525 1.0426 0.0006 0.0006 1.9268 -0.0183 0.018932 -1.164225 12.14 
2.4080 2 1 1 0x0 4.0189 3.9811 4.02 3.98 0.9148 1.0321 0.0005 0.0003 1.9309 -0.0182 0.018932 -1.164380 12.14 
2.4120 2 1 1 0x0 4.0162 3.9838 4.02 3.98 0.8792 0.8943 0.0004 0.0004 1.9347 -0.0181 0.016227 -1.164344 12.14 
2.4160 2 1 1 0x0 4.0135 3.9865 4.01 3.99 1.0101 1.0558 0.0002 0.0006 1.9386 -0.0181 0.013523 -1.161031 12.14 
2.4200 2 1 1 0x0 4.0162 3.9838 4.02 3.98 1.1149 1.0457 0.0006 0.0002 1.9424 -0.0180 0.016227 -1.159098 12.14 
2.4240 2 1 1 0x0 4.0135 3.9865 4.01 3.99 1.0582 1.0046 0.0004 0.0003 1.9463 -0.0180 0.013523 -1.159167 12.14 
2.4280 2 1 1 0x0 4.0108 3.9892 4.01 3.99 1.0105 1.0684 0.0002 0.0005 1.9501 -0.0179 0.010818 -1.152998 12.14 
2.4320 2 1 1 0x0 4.0135 3.9865 4.01 3.99 0.7822 1.0537 0.0004 0.0003 1.9540 -0.0179 0.013523 -1.149586 12.15 
2.4360 2 1 1 0x0 4.0162 3.9838 4.02 3.98 1.1199 1.1084 0.0006 0.0003 1.9578 -0.0178 0.016227 -1.150130 12.14 
2.4400 2 1 1 0x0 4.0162 3.9838 4.02 3.98 1.0690 1.1710 0.0004 0.0003 1.9619 -0.0177 0.016227 -1.160041 12.14 
2.4440 2 1 1 0x0 4.0162 3.9838 4.02 3.98 1.0248 1.1433 0.0002 0.0003 1.9659 -0.0177 0.016227 -1.160464 12.14 
2.4480 2 1 1 0x0 4.0189 3.9811 4.02 3.98 0.9496 1.1195 0.0004 0.0002 1.9698 -0.0176 0.018932 -1.159546 12.14 
2.4520 2 1 1 0x0 4.0189 3.9811 4.02 3.98 0.8120 1.0975 0.0003 0.0002 1.9738 -0.0175 0.018932 -1.167691 12.14 
2.4560 2 1 1 0x0 4.0162 3.9838 4.02 3.98 0.9879 0.8367 0.0002 0.0005 1.9777 -0.0175 0.016227 -1.167739 12.14 
2.4600 2 1 1 0x0 4.0189 3.9811 4.02 3.98 1.1347 0.9813 0.0006 0.0004 1.9816 -0.0174 0.018932 -1.164981 12.14 
2.4640 2 1 1 0x0 4.0162 3.9838 4.02 3.98 1.0665 1.0900 0.0005 0.0006 1.9854 -0.0173 0.016227 -1.163523 12.14 
2.4680 2 1 1 0x0 4.0162 3.9838 4.02 3.98 1.0760 1.0748 0.0004 0.0004 1.9895 -0.0173 0.016227 -1.162546 12.15 
2.4720 2 1 1 0x0 4.0162 3.9838 4.02 3.98 1.1587 1.0586 0.0005 0.0002 1.9935 -0.0172 0.016227 -1.161587 12.15 
2.4760 2 1 1 0x0 4.0135 3.9865 4.01 3.99 1.1529 0.8114 0.0005 0.0005 1.9974 -0.0172 0.013523 -1.163960 12.15 
2.4800 2 1 1 0x0 4.0135 3.9865 4.01 3.99 1.1536 1.0116 0.0005 0.0003 2.0014 -0.0171 0.013523 -1.169413 12.14 
2.4840 2 1 1 0x0 4.0135 3.9865 4.01 3.99 1.1507 0.8342 0.0005 0.0003 2.0055 -0.0171 0.013523 -1.165293 12.14 
2.4880 2 1 1 0x0 4.0135 3.9865 4.01 3.99 1.0805 0.9817 0.0005 0.0002 2.0095 -0.0170 0.013523 -1.162681 12.14 
2.4920 2 1 1 0x0 4.0108 3.9892 4.01 3.99 1.0857 1.1763 0.0004 0.0006 2.0134 -0.0170 0.010818 -1.160812 12.15 
2.4960 2 1 1 0x0 4.0108 3.9892 4.01 3.99 1.1013 1.0690 0.0003 0.0004 2.0175 -0.0169 0.010818 -1.162395 12.14 
2.5000 2 1 1 0x0 4.0108 3.9892 4.01 3.99 1.1106 1.0483 0.0003 0.0004 2.0215 -0.0169 0.010818 -1.170401 12.14 
2.5040 2 1 1 0x0 4.0135 3.9865 4.01 3.99 0.8211 1.1080 0.0005 0.0002 2.0254 -0.0168 0.013523 -1.175577 12.14 
2.5080 2 1 1 0x0 4.0108 3.9892 4.01 3.99 0.9359 0.9580 0.0004 0.0005 2.0292 -0.0168 0.010818 -1.174798 12.14 
2.5120 2 1 1 0x0 4.0108 3.9892 4.01 3.99 0.8493 0.8398 0.0003 0.0004 2.0333 -0.0167 0.010818 -1.183776 12.14 
2.5160 2 1 1 0x0 4.0108 3.9892 4.01 3.99 1.0702 1.0303 0.0006 0.0005 2.0369 -0.0167 0.010818 -1.187025 12.15 
2.5200 2 1 1 0x0 4.0108 3.9892 4.01 3.99 1.0878 1.0910 0.0005 0.0004 2.0410 -0.0167 0.010818 -1.188004 12.15 
2.5240 2 1 1 0x0 4.0081 3.9919 4.01 3.99 1.1109 0.7927 0.0003 0.0005 2.0448 -0.0166 0.008114 -1.193101 12.15 
2.5280 2 1 1 0x0 4.0081 3.9919 4.01 3.99 1.1256 0.9197 0.0002 0.0003 2.0489 -0.0166 0.008114 -1.195791 12.15 
2.5320 2 1 1 0x0 4.0081 3.9919 4.01 3.99 0.8594 1.0229 0.0005 0.0004 2.0525 -0.0166 0.008114 -1.190799 12.14 
2.5360 2 1 1 0x0 4.0054 3.9946 4.01 3.99 0.8656 0.7882 0.0003 0.0005 2.0564 -0.0165 0.005409 -1.186953 12.14 
2.5400 2 1 1 0x0 4.0054 3.9946 4.01 3.99 1.0778 1.0442 0.0006 0.0006 2.0601 -0.0165 0.005409 -1.188256 12.14 
2.5440 2 1 1 0x0 4.0054 3.9946 4.01 3.99 1.1064 1.0319 0.0004 0.0003 2.0641 -0.0165 0.005409 -1.196534 12.15 
2.5480 2 1 1 0x0 4.0027 3.9973 4.00 4.00 1.0472 0.7826 0.0003 0.0004 2.0680 -0.0165 0.002704 -1.204033 12.14 
2.5520 2 1 1 0x0 4.0027 3.9973 4.00 4.00 0.8593 1.0545 0.0005 0.0005 2.0716 -0.0165 0.002704 -1.201187 12.14 
2.5560 2 1 1 0x0 4.0027 3.9973 4.00 4.00 0.9187 1.1186 0.0004 0.0003 2.0757 -0.0164 0.002704 -1.202270 12.14 
2.5600 2 1 1 0x0 4.0027 3.9973 4.00 4.00 1.0714 0.8203 0.0007 0.0004 2.0793 -0.0164 0.002704 -1.208870 12.14 
2.5640 2 1 1 0x0 4.0000 4.0000 4.00 4.00 1.0993 1.0633 0.0005 0.0006 2.0832 -0.0164 -0.000000 -1.206871 12.14 
2.5680 2 1 1 0x0 4.0000 4.0000 4.00 4.00 1.1125 1.0486 0.0004 0.0003 2.0872 -0.0164 -0.000000 -1.203910 12.14 
2.5720 2 1 1 0x0 3.9973 4.0027 4.00 4.00 1.0579 0.7731 0.0002 0.0004 2.0911 -0.0164 -0.002705 -1.206683 12.14 
2.5760 2 1 1 0x0 3.9973 4.0027 4.00 4.00 0.9248 0.9993 0.0005 0.0005 2.0947 -0.0165 -0.002705 -1.203140 12.14 
2.5800 2 1 1 0x0 3.9973 4.0027 4.00 4.00 0.8335 0.9224 0.0003 0.0006 2.0988 -0.0165 -0.002705 -1.198562 12.14 
2.5840 2 1 1 0x0 3.9973 4.0027 4.00 4.00 1.0258 0.8110 0.0005 0.0003 2.1024 -0.0165 -0.002705 -1.192877 12.13 
2.5880 2 1 1 0x0 3.9946 4.0054 3.99 4.01 1.1277 1.0807 0.0004 0.0004 2.1063 -0.0165 -0.005409 -1.195145 12.14 
2.5920 2 1 1 0x0 3.9946 4.0054 3.99 4.01 0.8567 0.9747 0.0006 0.0005 2.1099 -0.0165 -0.005409 -1.194617 12.14 
2.5960 2 1 1 0x0 3.9892 4.0108 3.99 4.01 1.1539 1.0279 0.0002 0.0006 2.1140 -0.0165 -0.010818 -1.195108 12.14 
2.6000 2 1 1 0x0 3.9892 4.0108 3.99 4.01 1.1369 1.0154 0.0003 0.0003 2.1181 -0.0166 -0.010818 -1.202079 12.14 
2.6040 2 1 1 0x0 3.9865 4.0135 3.99 4.01 1.2031 0.9088 0.0005 0.0004 2.1219 -0.0166 -0.013523 -1.211302 12.15 
2.6080 2 1 1 0x0 3.9838 4.0162 3.98 4.02 1.1941 1.0339 0.0005 0.0005 2.1258 -0.0167 -0.016227 -1.211101 12.14 
2.6120 2 1 1 0x0 3.9811 4.0189 3.98 4.02 1.1879 0.8254 0.0006 0.0006 2.1296 -0.0168 -0.018932 -1.212924 12.15 
2.6160 2 1 1 0x0 3.9811 4.0189 3.98 4.02 1.1057 0.9051 0.0006 0.0003 2.1337 -0.0168 -0.018932 -1.210910 12.14 
2.6200 2 1 1 0x0 3.9784 4.0216 3.98 4.02 1.1113 1.0400 0.0005 0.0004 2.1375 -0.0169 -0.021636 -1.204773 12.14 
2.6240 2 1 1 0x0 3.9757 4.0243 3.98 4.02 1.1279 0.8214 0.0004 0.0005 2.1414 -0.0170 -0.024341 -1.204049 12.15 
2.6280 2 1 1 0x0 3.9757 4.0243 3.98 4.02 1.1465 0.9605 0.0003 0.0003 2.1454 -0.0171 -0.024341 -1.204358 12.14 
2.6320 2 1 1 0x0 3.9757 4.0243 3.98 4.02 0.8006 1.1155 0.0005 0.0006 2.1491 -0.0172 -0.024341 -1.207573 12.14 
2.6360 2 1 1 0x0 3.9757 4.0243 3.98 4.02 0.9631 1.0939 0.0004 0.0005 2.1531 -0.0173 -0.024341 -1.207373 12.14 
2.6400 2 1 1 0x0 3.9757 4.0243 3.98 4.02 1.0966 1.1537 0.0007 0.0004 2.1572 -0.0174 -0.024341 -1.205244 12.15 
2.6440 2 1 1 0x0 3.9784 4.0216 3.98 4.02 1.1252 1.0495 0.0005 0.0003 2.1611 -0.0175 -0.021636 -1.199818 12.14 
2.6480 2 1 1 0x0 3.9784 4.0216 3.98 4.02 1.1529 1.0076 0.0003 0.0006 2.1651 -0.0176 -0.021636 -1.203627 12.13 
2.6520 2 1 1 0x0 3.9784 4.0216 3.98 4.02 0.8431 0.8309 0.0005 0.0004 2.1688 -0.0176 -0.021636 -1.200589 12.14 
2.6560 2 1 1 0x0 3.9757 4.0243 3.98 4.02 0.9000 1.0412 0.0004 0.0006 2.1726 -0.0177 -0.024341 -1.199543 12.15 
2.6600 2 1 1 0x0 3.9784 4.0216 3.98 4.02 1.0251 1.0986 0.0006 0.0004 2.1765 -0.0178 -0.021636 -1.198019 12.14 
2.6640 2 1 1 0x0 3.9757 4.0243 3.98 4.02 1.1231 0.7893 0.0005 0.0006 2.1803 -0.0179 -0.024341 -1.196242 12.14 
2.6680 2 1 1 0x0 3.9757 4.0243 3.98 4.02 1.2009 0.9762 0.0006 0.0003 2.1844 -0.0180 -0.024341 -1.195445 12.14 
2.6720 2 1 1 0x0 3.9702 4.0297 3.97 4.03 1.0899 1.0244 0.0003 0.0005 2.1884 -0.0181 -0.029750 -1.195567 12.14 
2.6760 2 1 1 0x0 3.9675 4.0325 3.97 4.03 0.8880 0.8326 0.0005 0.0006 2.1923 -0.0182 -0.032455 -1.196315 12.14 
2.6800 2 1 1 0x0 3.9648 4.0352 3.96 4.04 1.1656 0.9135 0.0002 0.0003 2.1965 -0.0184 -0.035159 -1.202904 12.14 
2.6840 2 1 1 0x0 3.9621 4.0379 3.96 4.04 1.1568 1.0281 0.0003 0.0005 2.2004 -0.0185 -0.037864 -1.208675 12.14 
2.6880 2 1 1 0x0 3.9594 4.0406 3.96 4.04 1.1449 0.7851 0.0004 0.0006 2.2042 -0.0187 -0.040568 -1.211390 12.14 
2.6920 2 1 1 0x0 3.9594 4.0406 3.96 4.04 1.0689 0.9086 0.0003 0.0003 2.2083 -0.0188 -0.040568 -1.215267 12.14 
2.6960 2 1 1 0x0 3.9567 4.0433 3.96 4.04 1.0757 1.1132 0.0003 0.0004 2.2121 -0.0190 -0.043273 -1.212586 12.14 
2.7000 2 1 1 0x0 3.9540 4.0460 3.95 4.05 1.0901 0.8240 0.0002 0.0005 2.2160 -0.0192 -0.045977 -1.209457 12.14 
2.7040 2 1 1 0x0 3.9540 4.0460 3.95 4.05 0.9655 0.9881 0.0005 0.0006 2.2196 -0.0193 -0.045977 -1.204256 12.14 
2.7080 2 1 1 0x0 3.9540 4.0460 3.95 4.05 0.8219 1.0460 0.0003 0.0002 2.2237 -0.0195 -0.045977 -1.201350 12.14 
2.7120 2 1 1 0x0 3.9540 4.0460 3.95 4.05 1.1249 0.7734 0.0005 0.0003 2.2273 -0.0197 -0.045977 -1.202368 12.14 
2.7160 2 1 1 0x0 3.9513 4.0487 3.95 4.05 1.0695 1.0006 0.0004 0.0003 2.2312 -0.0199 -0.048682 -1.201330 12.14 
2.7200 2 1 1 0x0 3.9513 4.0487 3.95 4.05 0.8393 0.9198 0.0005 0.0004 2.2348 -0.0200 -0.048682 -1.202230 12.13 
2.7240 2 1 1 0x0 3.9486 4.0514 3.95 4.05 0.9593 1.0219 0.0004 0.0005 2.2387 -0.0202 -0.051386 -1.206984 12.13 
2.7280 2 1 1 0x0 3.9459 4.0541 3.95 4.05 0.8684 0.7891 0.0003 0.0007 2.2425 -0.0204 -0.054091 -1.209165 12.14 
2.7320 2 1 1 0x0 3.9486 4.0514 3.95 4.05 1.1174 0.9134 0.0006 0.0003 2.2464 -0.0206 -0.051386 -1.206714 12.15 
2.7360 2 1 1 0x0 3.9459 4.0541 3.95 4.05 1.0567 1.0279 0.0005 0.0005 2.2502 -0.0208 -0.054091 -1.202857 12.14 
2.7400 2 1 1 0x0 3.9432 4.0568 3.94 4.06 1.0865 0.7846 0.0003 0.0006 2.2541 -0.0211 -0.056795 -1.199961 12.15 
2.7440 2 1 1 0x0 3.9459 4.0541 3.95 4.05 0.9703 0.9089 0.0006 0.0003 2.2579 -0.0213 -0.054091 -1.199152 12.14 
2.7480 2 1 1 0x0 3.9432 4.0568 3.94 4.06 0.8853 1.0344 0.0005 0.0004 2.2618 -0.0215 -0.056795 -1.199332 12.15 
2.7520 2 1 1 0x0 3.9405 4.0595 3.94 4.06 0.9653 0.8255 0.0005 0.0005 2.2656 -0.0217 -0.059500 -1.200931 12.14 
2.7560 2 1 1 0x0 3.9378 4.0622 3.94 4.06 0.8758 1.0570 0.0004 0.0005 2.2695 -0.0220 -0.062205 -1.203147 12.15 
2.7600 2 1 1 0x0 3.9351 4.0649 3.94 4.06 0.9458 0.9318 0.0004 0.0005 2.2733 -0.0222 -0.064909 -1.198489 12.15 
2.7640 2 1 1 0x0 3.9351 4.0649 3.94 4.06 1.0416 1.0092 0.0006 0.0005 2.2770 -0.0224 -0.064909 -1.197115 12.14 
2.7680 2 1 1 0x0 3.9324 4.0676 3.93 4.07 1.0665 0.7932 0.0004 0.0005 2.2808 -0.0227 -0.067614 -1.202357 12.14 
2.7720 2 1 1 0x0 3.9297 4.0703 3.93 4.07 1.0907 0.9704 0.0003 0.0004 2.2847 -0.0230 -0.070318 -1.203486 12.13 
2.7760 2 1 1 0x0 3.9297 4.0703 3.93 4.07 0.7881 0.8898 0.0005 0.0005 2.2883 -0.0232 -0.070318 -1.207703 12.14 
2.7800 2 1 1 0x0 3.9270 4.0730 3.93 4.07 0.9477 1.0625 0.0004 0.0006 2.2921 -0.0235 -0.073023 -1.211311 12.14 
2.7840 2 1 1 0x0 3.9243 4.0757 3.92 4.08 0.8577 0.8067 0.0002 0.0006 2.2960 -0.0238 -0.075727 -1.211300 12.15 
2.7880 2 1 1 0x0 3.9270 4.0730 3.93 4.07 1.0597 0.8804 0.0005 0.0003 2.2998 -0.0240 -0.073023 -1.219135 12.14 
2.7920 2 1 1 0x0 3.9243 4.0757 3.92 4.08 1.0875 1.0738 0.0003 0.0004 2.3037 -0.0243 -0.075727 -1.215081 12.15 
2.7960 2 1 1 0x0 3.9243 4.0757 3.92 4.08 0.8284 0.8011 0.0005 0.0005 2.3073 -0.0246 -0.075727 -1.211802 12.13 
2.8000 2 1 1 0x0 3.9216 4.0784 3.92 4.08 0.9385 1.0217 0.0003 0.0006 2.3112 -0.0249 -0.078432 -1.212112 12.14 
2.8040 2 1 1 0x0 3.9216 4.0784 3.92 4.08 0.8615 1.0801 0.0003 0.0003 2.3152 -0.0252 -0.078432 -1.213167 12.15 
2.8080 2 1 1 0x0 3.9189 4.0811 3.92 4.08 1.0035 0.7990 0.0003 0.0004 2.3190 -0.0255 -0.081136 -1.217888 12.15 
2.8120 2 1 1 0x0 3.9162 4.0838 3.92 4.08 0.8123 1.0236 0.0003 0.0005 2.3229 -0.0258 -0.083841 -1.221560 12.15 
2.8160 2 1 1 0x0 3.9162 4.0838 3.92 4.08 1.0478 1.0837 0.0006 0.0003 2.3269 -0.0262 -0.083841 -1.217813 12.14 
2.8200 2 1 1 0x0 3.9162 4.0838 3.92 4.08 1.0597 0.8423 0.0005 0.0004 2.3306 -0.0265 -0.083841 -1.217135 12.14 
2.8240 2 1 1 0x0 3.9135 4.0865 3.91 4.09 1.0813 1.0266 0.0004 0.0005 2.3344 -0.0268 -0.086545 -1.219672 12.15 
2.8280 2 1 1 0x0 3.9162 4.0838 3.92 4.08 0.9085 1.0127 0.0006 0.0003 2.3382 -0.0271 -0.083841 -1.211980 12.15 
2.8320 2 1 1 0x0 3.9135 4.0865 3.91 4.09 0.8185 0.7944 0.0004 0.0004 2.3421 -0.0275 -0.086545 -1.210032 12.15 
2.8360 2 1 1 0x0 3.9135 4.0865 3.91 4.09 1.0569 1.0323 0.0005 0.0004 2.3457 -0.0278 -0.086545 -1.207732 12.15 
2.8400 2 1 1 0x0 3.9107 4.0893 3.91 4.09 1.0143 0.8436 0.0003 0.0005 2.3496 -0.0281 -0.089250 -1.202280 12.14 
2.8440 2 1 1 0x0 3.9107 4.0893 3.91 4.09 0.8239 1.0580 0.0004 0.0005 2.3532 -0.0284 -0.089250 -1.200481 12.14 
2.8480 2 1 1 0x0 3.9107 4.0893 3.91 4.09 1.0537 0.8090 0.0006 0.0005 2.3568 -0.0288 -0.089250 -1.198746 12.12 
2.8520 2 1 1 0x0 3.9080 4.0920 3.91 4.09 1.0854 1.0121 0.0003 0.0005 2.3607 -0.0291 -0.091955 -1.194911 12.14 
2.8560 2 1 1 0x0 3.9080 4.0920 3.91 4.09 0.8264 0.9119 0.0005 0.0006 2.3643 -0.0295 -0.091955 -1.195511 12.14 
2.8600 2 1 1 0x0 3.9053 4.0947 3.91 4.09 0.9260 1.0316 0.0002 0.0006 2.3681 -0.0298 -0.094659 -1.197025 12.14 
2.8640 2 1 1 0x0 3.9080 4.0920 3.91 4.09 1.0773 1.0939 0.0004 0.0003 2.3720 -0.0302 -0.091955 -1.204298 12.14 
2.8680 2 1 1 0x0 3.9080 4.0920 3.91 4.09 0.7883 0.9662 0.0006 0.0004 2.3756 -0.0305 -0.091955 -1.208743 12.14 
2.8720 2 1 1 0x0 3.9053 4.0947 3.91 4.09 0.9372 1.0365 0.0004 0.0006 2.3795 -0.0309 -0.094659 -1.208186 12.14 
2.8760 2 1 1 0x0 3.9080 4.0920 3.91 4.09 1.0628 1.0251 0.0005 0.0003 2.3833 -0.0312 -0.091955 -1.207824 12.14 
2.8800 2 1 1 0x0 3.9053 4.0947 3.91 4.09 1.0258 0.9587 0.0003 0.0004 2.3871 -0.0316 -0.094659 -1.201255 12.14 
2.8840 2 1 1 0x0 3.9053 4.0947 3.91 4.09 0.8836 1.0456 0.0004 0.0006 2.3908 -0.0319 -0.094659 -1.195617 12.14 
2.8880 2 1 1 0x0 3.9080 4.0920 3.91 4.09 1.0662 1.0331 0.0005 0.0002 2.3946 -0.0323 -0.091955 -1.191646 12.14 
2.8920 2 1 1 0x0 3.9053 4.0947 3.91 4.09 1.0366 0.8950 0.0002 0.0003 2.3984 -0.0326 -0.094659 -1.188461 12.13 
2.8960 2 1 1 0x0 3.9053 4.0947 3.91 4.09 0.9335 1.0531 0.0003 0.0004 2.4021 -0.0330 -0.094659 -1.191266 12.14 
2.9000 2 1 1 0x0 3.9053 4.0947 3.91 4.09 1.0707 0.8150 0.0005 0.0006 2.4057 -0.0333 -0.094659 -1.193769 12.13 
2.9040 2 1 1 0x0 3.9053 4.0947 3.91 4.09 0.7884 0.8933 0.0006 0.0003 2.4097 -0.0337 -0.094659 -1.197310 12.13 
2.9080 2 1 1 0x0 3.9053 4.0947 3.91 4.09 0.9375 1.0537 0.0004 0.0005 2.4134 -0.0341 -0.094659 -1.205259 12.14 
2.9120 2 1 1 0x0 3.9053 4.0947 3.91 4.09 1.0620 0.8149 0.0006 0.0006 2.4170 -0.0344 -0.094659 -1.209157 12.14 
2.9160 2 1 1 0x0 3.9053 4.0947 3.91 4.09 1.0211 0.8937 0.0003 0.0003 2.4211 -0.0348 -0.094659 -1.213839 12.14 
2.9200 2 1 1 0x0 3.9053 4.0947 3.91 4.09 0.9506 1.0545 0.0005 0.0005 2.4247 -0.0351 -0.094659 -1.214368 12.14 
2.9240 2 1 1 0x0 3.9053 4.0947 3.91 4.09 1.0454 0.8138 0.0007 0.0006 2.4283 -0.0355 -0.094659 -1.213879 12.13 
2.9280 2 1 1 0x0 3.9053 4.0947 3.91 4.09 1.0895 0.8915 0.0003 0.0004 2.4324 -0.0359 -0.094659 -1.206913 12.13 
2.9320 2 1 1 0x0 3.9053 4.0947 3.91 4.09 0.8950 0.9903 0.0005 0.0004 2.4360 -0.0362 -0.094659 -1.200654 12.14 
2.9360 2 1 1 0x0 3.9026 4.0974 3.90 4.10 1.0493 0.9627 0.0006 0.0006 2.4394 -0.0365 -0.097364 -1.196280 12.14 
2.9400 2 1 1 0x0 3.8999 4.1001 3.90 4.10 1.0162 0.7792 0.0003 0.0004 2.4433 -0.0369 -0.100068 -1.196725 12.13 
2.9440 2 1 1 0x0 3.8999 4.1001 3.90 4.10 0.9572 0.9940 0.0005 0.0003 2.4469 -0.0373 -0.100068 -1.198796 12.13 
2.9480 2 1 1 0x0 3.8945 4.1055 3.89 4.11 0.8720 0.9641 0.0005 0.0007 2.4505 -0.0377 -0.105477 -1.207849 12.14 
2.9520 2 1 1 0x0 3.8945 4.1055 3.89 4.11 0.9441 1.0205 0.0004 0.0002 2.4546 -0.0381 -0.105477 -1.211852 12.14 
2.9560 2 1 1 0x0 3.8891 4.1109 3.89 4.11 0.8579 0.9859 0.0003 0.0007 2.4582 -0.0385 -0.110886 -1.216503 12.14 
2.9600 2 1 1 0x0 3.8891 4.1109 3.89 4.11 1.0507 0.9763 0.0002 0.0003 2.4622 -0.0389 -0.110886 -1.223550 12.14 
2.9640 2 1 1 0x0 3.8891 4.1109 3.89 4.11 1.0767 0.8870 0.0005 0.0004 2.4659 -0.0393 -0.110886 -1.228514 12.14 
2.9680 2 1 1 0x0 3.8864 4.1136 3.89 4.11 1.1126 1.0634 0.0002 0.0005 2.4697 -0.0398 -0.113591 -1.233035 12.14 
2.9720 2 1 1 0x0 3.8864 4.1136 3.89 4.11 0.8847 0.7657 0.0004 0.0006 2.4733 -0.0402 -0.113591 -1.239042 12.13 
2.9760 2 1 1 0x0 3.8891 4.1109 3.89 4.11 1.0605 0.9391 0.0006 0.0002 2.4771 -0.0406 -0.110886 -1.239798 12.13 
2.9800 2 1 1 0x0 3.8864 4.1136 3.89 4.11 1.1015 1.0697 0.0003 0.0004 2.4810 -0.0411 -0.113591 -1.236412 12.14 
2.9840 2 1 1 0x0 3.8864 4.1136 3.89 4.11 0.8893 0.8043 0.0005 0.0005 2.4846 -0.0415 -0.113591 -1.229333 12.13 
2.9880 2 1 1 0x0 3.8864 4.1136 3.89 4.11 1.0533 1.0172 0.0007 0.0005 2.4882 -0.0419 -0.113591 -1.224738 12.13 
2.9920 2 1 1 0x0 3.8837 4.1163 3.88 4.12 1.0948 0.9653 0.0004 0.0005 2.4921 -0.0423 -0.116295 -1.225023 12.14 
2.9960 2 1 1 0x0 3.8810 4.1190 3.88 4.12 1.1183 1.0384 0.0002 0.0006 2.4959 -0.0428 -0.119000 -1.231344 12.14 
3.0000 2 1 1 0x0 3.8810 4.1190 3.88 4.12 0.8271 0.7761 0.0006 0.0005 2.4995 -0.0432 -0.119000 -1.225166 12.14 
3.0040 2 1 1 0x0 3.8783 4.1217 3.88 4.12 0.9505 0.9963 0.0005 0.0005 2.5033 -0.0437 -0.121705 -1.224311 12.15 
3.0080 2 1 1 0x0 3.8756 4.1244 3.88 4.12 0.8624 0.8694 0.0004 0.0005 2.5072 -0.0441 -0.124409 -1.228782 12.13 
3.0120 2 1 1 0x0 3.8729 4.1271 3.87 4.13 0.9843 1.0930 0.0003 0.0006 2.5110 -0.0446 -0.127114 -1.221915 12.14 
3.0160 2 1 1 0x0 3.8729 4.1271 3.87 4.13 1.0041 0.7910 0.0005 0.0007 2.5146 -0.0451 -0.127114 -1.212602 12.14 
3.0200 2 1 1 0x0 3.8702 4.1298 3.87 4.13 1.1171 0.9736 0.0002 0.0007 2.5184 -0.0456 -0.129818 -1.212593 12.12 
3.0240 2 1 1 0x0 3.8729 4.1271 3.87 4.13 0.9304 0.9655 0.0004 0.0002 2.5222 -0.0461 -0.127114 -1.211339 12.15 
3.0280 2 1 1 0x0 3.8702 4.1298 3.87 4.13 1.0828 1.0711 0.0005 0.0006 2.5257 -0.0465 -0.129818 -1.207152 12.13 
3.0320 2 1 1 0x0 3.8702 4.1298 3.87 4.13 0.8227 0.8014 0.0005 0.0006 2.5293 -0.0470 -0.129818 -1.205231 12.13 
3.0360 2 1 1 0x0 3.8702 4.1298 3.87 4.13 0.9962 1.0223 0.0006 0.0006 2.5329 -0.0474 -0.129818 -1.208284 12.14 
3.0400 2 1 1 0x0 3.8702 4.1298 3.87 4.13 1.0346 1.0092 0.0003 0.0003 2.5369 -0.0480 -0.129818 -1.213724 12.13 
3.0440 2 1 1 0x0 3.8702 4.1298 3.87 4.13 0.8090 0.7981 0.0004 0.0004 2.5406 -0.0484 -0.129818 -1.228979 12.13 
3.0480 2 1 1 0x0 3.8702 4.1298 3.87 4.13 1.0682 1.0250 0.0006 0.0006 2.5442 -0.0489 -0.129818 -1.236340 12.15 
3.0520 2 1 1 0x0 3.8702 4.1298 3.87 4.13 1.1002 1.0824 0.0004 0.0003 2.5482 -0.0494 -0.129818 -1.237648 12.14 
3.0560 2 1 1 0x0 3.8702 4.1298 3.87 4.13 0.8215 0.8455 0.0005 0.0006 2.5518 -0.0499 -0.129818 -1.239171 12.14 
3.0600 2 1 1 0x0 3.8702 4.1298 3.87 4.13 0.9174 0.8744 0.0002 0.0002 2.5558 -0.0504 -0.129818 -1.234994 12.14 
3.0640 2 1 1 0x0 3.8675 4.1325 3.87 4.13 1.0212 0.7586 0.0004 0.0004 2.5593 -0.0509 -0.132523 -1.226574 12.13 
3.0680 2 1 1 0x0 3.8648 4.1352 3.86 4.14 0.8131 0.8606 0.0005 0.0004 2.5627 -0.0513 -0.135227 -1.220414 12.12 
3.0720 2 1 1 0x0 3.8621 4.1379 3.86 4.14 1.0835 0.8315 0.0005 0.0006 2.5661 -0.0518 -0.137932 -1.215241 12.12 
3.0760 2 1 1 0x0 3.8621 4.1379 3.86 4.14 0.8436 1.0076 0.0006 0.0005 2.5697 -0.0523 -0.137932 -1.208131 12.13 
3.0800 2 1 1 0x0 3.8594 4.1406 3.86 4.14 0.7971 0.7951 0.0003 0.0004 2.5735 -0.0529 -0.140636 -1.203979 12.13 
3.0840 2 1 1 0x0 3.8594 4.1406 3.86 4.14 1.0301 0.9676 0.0003 0.0004 2.5771 -0.0534 -0.140636 -1.200277 12.13 
3.0880 2 1 1 0x0 3.8594 4.1406 3.86 4.14 0.8759 0.9505 0.0004 0.0004 2.5807 -0.0539 -0.140636 -1.198019 12.14 
3.0920 2 1 1 0x0 3.8594 4.1406 3.86 4.14 1.0117 0.9862 0.0005 0.0005 2.5844 -0.0544 -0.140636 -1.195681 12.13 
3.0960 2 1 1 0x0 3.8594 4.1406 3.86 4.14 0.7748 0.8120 0.0005 0.0006 2.5880 -0.0549 -0.140636 -1.197925 12.14 
3.1000 2 1 1 0x0 3.8621 4.1379 3.86 4.14 1.0033 0.8905 0.0006 0.0003 2.5918 -0.0554 -0.137932 -1.209938 12.14 
3.1040 2 1 1 0x0 3.8594 4.1406 3.86 4.14 1.0448 1.0562 0.0003 0.0006 2.5956 -0.0560 -0.140636 -1.221361 12.14 
3.1080 2 1 1 0x0 3.8621 4.1379 3.86 4.14 0.8483 1.1134 0.0004 0.0004 2.5994 -0.0565 -0.137932 -1.224272 12.15 
3.1120 2 1 1 0x0 3.8648 4.1352 3.86 4.14 1.0963 1.0862 0.0004 0.0004 2.6032 -0.0570 -0.135227 -1.229110 12.14 
3.1160 2 1 1 0x0 3.8648 4.1352 3.86 4.14 1.0495 1.1434 0.0002 0.0004 2.6073 -0.0576 -0.135227 -1.229986 12.14 
3.1200 2 1 1 0x0 3.8675 4.1325 3.87 4.13 0.7996 1.1165 0.0003 0.0003 2.6111 -0.0581 -0.132523 -1.226250 12.14 
3.1240 2 1 1 0x0 3.8675 4.1325 3.87 4.13 1.0217 0.8268 0.0004 0.0006 2.6147 -0.0586 -0.132523 -1.223932 12.14 
3.1280 2 1 1 0x0 3.8702 4.1298 3.87 4.13 0.7790 0.9665 0.0004 0.0004 2.6185 -0.0591 -0.129818 -1.221700 12.14 
3.1320 2 1 1 0x0 3.8729 4.1271 3.87 4.13 0.8375 1.0349 0.0005 0.0005 2.6219 -0.0595 -0.127114 -1.212998 12.14 
3.1360 2 1 1 0x0 3.8756 4.1244 3.88 4.12 0.9681 1.0186 0.0003 0.0003 2.6258 -0.0600 -0.124409 -1.209290 12.13 
3.1400 2 1 1 0x0 3.8783 4.1217 3.88 4.12 1.0060 0.9683 0.0005 0.0005 2.6292 -0.0604 -0.121705 -1.215875 12.13 
3.1440 2 1 1 0x0 3.8810 4.1190 3.88 4.12 0.7634 0.8044 0.0003 0.0003 2.6330 -0.0609 -0.119000 -1.212683 12.13 
3.1480 2 1 1 0x0 3.8810 4.1190 3.88 4.12 0.9757 1.0123 0.0002 0.0005 2.6366 -0.0613 -0.119000 -1.208426 12.14 
3.1520 2 1 1 0x0 3.8864 4.1136 3.89 4.11 1.0020 1.1473 0.0006 0.0004 2.6403 -0.0617 -0.113591 -1.215425 12.14 
3.1560 2 1 1 0x0 3.8891 4.1109 3.89 4.11 0.8386 1.0462 0.0005 0.0002 2.6441 -0.0622 -0.110886 -1.214401 12.13 
3.1600 2 1 1 0x0 3.8891 4.1109 3.89 4.11 1.0052 0.9448 0.0005 0.0005 2.6477 -0.0626 -0.110886 -1.209375 12.13 
3.1640 2 1 1 0x0 3.8918 4.1082 3.89 4.11 0.8150 0.8317 0.0005 0.0003 2.6516 -0.0630 -0.108182 -1.204524 12.14 
3.1680 2 1 1 0x0 3.8918 4.1082 3.89 4.11 1.0182 1.0407 0.0004 0.0005 2.6552 -0.0634 -0.108182 -1.207794 12.14 
3.1720 2 1 1 0x0 3.8945 4.1055 3.89 4.11 0.9322 1.0977 0.0004 0.0004 2.6590 -0.0638 -0.105477 -1.213367 12.14 
3.1760 2 1 1 0x0 3.8945 4.1055 3.89 4.11 1.0856 0.8362 0.0005 0.0006 2.6627 -0.0642 -0.105477 -1.217983 12.14 
3.1800 2 1 1 0x0 3.8945 4.1055 3.89 4.11 1.0400 0.9818 0.0003 0.0004 2.6667 -0.0646 -0.105477 -1.229957 12.14 
3.1840 2 1 1 0x0 3.8945 4.1055 3.89 4.11 0.8867 1.0889 0.0005 0.0007 2.6703 -0.0650 -0.105477 -1.237724 12.14 
3.1880 2 1 1 0x0 3.8945 4.1055 3.89 4.11 0.8027 1.0684 0.0003 0.0005 2.6744 -0.0654 -0.105477 -1.240498 12.14 
3.1920 2 1 1 0x0 3.8972 4.1028 3.90 4.10 1.0755 1.1261 0.0006 0.0003 2.6782 -0.0658 -0.102773 -1.240316 12.15 
3.1960 2 1 1 0x0 3.8945 4.1055 3.89 4.11 1.1056 0.8685 0.0004 0.0006 2.6820 -0.0662 -0.105477 -1.237400 12.14 
3.2000 2 1 1 0x0 3.8945 4.1055 3.89 4.11 0.8621 0.9924 0.0005 0.0006 2.6856 -0.0666 -0.105477 -1.226572 12.13 
3.2040 2 1 1 0x0 3.8945 4.1055 3.89 4.11 1.0018 0.8174 0.0006 0.0004 2.6893 -0.0670 -0.105477 -1.220741 12.13 
3.2079 2 1 1 0x0 3.8891 4.1109 3.89 4.11 1.0354 0.8374 0.0003 0.0006 2.6929 -0.0674 -0.110886 -1.217174 12.14 
3.2119 2 1 1 0x0 3.8891 4.1109 3.89 4.11 0.8059 1.0019 0.0004 0.0004 2.6965 -0.0678 -0.110886 -1.212246 12.14 
3.2159 2 1 1 0x0 3.8864 4.1136 3.89 4.11 1.0160 1.0396 0.0005 0.0007 2.7000 -0.0682 -0.113591 -1.212178 12.14 
3.2199 2 1 1 0x0 3.8864 4.1136 3.89 4.11 0.8288 0.7754 0.0005 0.0006 2.7036 -0.0686 -0.113591 -1.209527 12.13 
3.2239 2 1 1 0x0 3.8864 4.1136 3.89 4.11 0.9572 0.9995 0.0004 0.0006 2.7072 -0.0690 -0.113591 -1.212803 12.13 
3.2279 2 1 1 0x0 3.8891 4.1109 3.89 4.11 0.7254 1.0590 0.0004 0.0002 2.7110 -0.0694 -0.110886 -1.218175 12.15 
3.2319 2 1 1 0x0 3.8891 4.1109 3.89 4.11 1.0287 0.8111 0.0004 0.0003 2.7147 -0.0698 -0.110886 -1.223806 12.13 
3.2359 2 1 1 0x0 3.8891 4.1109 3.89 4.11 0.8748 1.0786 0.0005 0.0004 2.7183 -0.0702 -0.110886 -1.230912 12.14 
3.2399 2 1 1 0x0 3.8891 4.1109 3.89 4.11 1.0139 0.9790 0.0005 0.0005 2.7219 -0.0706 -0.110886 -1.227879 12.13 
3.2439 2 1 1 0x0 3.8918 4.1082 3.89 4.11 0.8169 0.8096 0.0006 0.0003 2.7258 -0.0711 -0.108182 -1.229178 12.14 
3.2479 2 1 1 0x0 3.8918 4.1082 3.89 4.11 1.0046 1.0051 0.0006 0.0005 2.7294 -0.0715 -0.108182 -1.233981 12.14 
3.2519 2 1 1 0x0 3.8918 4.1082 3.89 4.11 0.9848 1.0605 0.0002 0.0003 2.7334 -0.0719 -0.108182 -1.227505 12.13 
3.2559 2 1 1 0x0 3.8945 4.1055 3.89 4.11 0.9517 0.7679 0.0005 0.0004 2.7369 -0.0723 -0.105477 -1.224288 12.13 
3.2599 2 1 1 0x0 3.8945 4.1055 3.89 4.11 0.7522 0.9458 0.0003 0.0003 2.7405 -0.0726 -0.105477 -1.219653 12.13 
3.2639 2 1 1 0x0 3.8945 4.1055 3.89 4.11 0.7673 0.9214 0.0005 0.0006 2.7437 -0.0730 -0.105477 -1.216112 12.12 
3.2679 2 1 1 0x0 3.8945 4.1055 3.89 4.11 0.9757 0.8762 0.0003 0.0004 2.7473 -0.0734 -0.105477 -1.219661 12.13 
3.2719 2 1 1 0x0 3.8945 4.1055 3.89 4.11 0.8525 1.0118 0.0003 0.0004 2.7510 -0.0737 -0.105477 -1.228654 12.13 
3.2759 2 1 1 0x0 3.8945 4.1055 3.89 4.11 1.0596 0.7924 0.0002 0.0003 2.7546 -0.0741 -0.105477 -1.229817 12.13 
3.2799 2 1 1 0x0 3.8972 4.1028 3.90 4.10 1.0796 1.0384 0.0006 0.0003 2.7580 -0.0745 -0.102773 -1.238959 12.13 
3.2839 2 1 1 0x0 3.8972 4.1028 3.90 4.10 0.8174 0.8910 0.0006 0.0004 2.7617 -0.0749 -0.102773 -1.245673 12.13 
3.2879 2 1 1 0x0 3.8972 4.1028 3.90 4.10 1.0076 1.0603 0.0006 0.0005 2.7653 -0.0753 -0.102773 -1.246376 12.14 
3.2919 2 1 1 0x0 3.8972 4.1028 3.90 4.10 1.0507 0.8105 0.0003 0.0006 2.7693 -0.0757 -0.102773 -1.250140 12.14 
3.2959 2 1 1 0x0 3.8972 4.1028 3.90 4.10 0.8389 0.9439 0.0003 0.0003 2.7730 -0.0760 -0.102773 -1.248022 12.13 
3.2999 2 1 1 0x0 3.8972 4.1028 3.90 4.10 1.0367 0.9923 0.0004 0.0005 2.7766 -0.0764 -0.102773 -1.241943 12.14 
3.3039 2 1 1 0x0 3.8972 4.1028 3.90 4.10 0.8174 0.7624 0.0004 0.0004 2.7802 -0.0768 -0.102773 -1.235396 12.14 
3.3079 2 1 1 0x0 3.8945 4.1055 3.89 4.11 0.9910 0.7412 0.0002 0.0007 2.7837 -0.0771 -0.105477 -1.232857 12.13 
3.3119 2 1 1 0x0 3.8972 4.1028 3.90 4.10 0.9633 0.9955 0.0005 0.0005 2.7871 -0.0775 -0.102773 -1.231987 12.13 
3.3159 2 1 1 0x0 3.8972 4.1028 3.90 4.10 0.7489 0.9208 0.0003 0.0004 2.7907 -0.0779 -0.102773 -1.229234 12.13 
3.3199 2 1 1 0x0 3.8999 4.1001 3.90 4.10 0.7710 1.0234 0.0006 0.0004 2.7942 -0.0782 -0.100068 -1.229613 12.13 
3.3239 2 1 1 0x0 3.8999 4.1001 3.90 4.10 1.0259 0.8308 0.0005 0.0004 2.7978 -0.0786 -0.100068 -1.235575 12.14 
3.3279 2 1 1 0x0 3.8999 4.1001 3.90 4.10 0.9179 1.0470 0.0005 0.0004 2.8014 -0.0790 -0.100068 -1.243937 12.13 
3.3319 2 1 1 0x0 3.8999 4.1001 3.90 4.10 1.0368 0.9412 0.0005 0.0005 2.8050 -0.0793 -0.100068 -1.245456 12.14 
3.3359 2 1 1 0x0 3.8999 4.1001 3.90 4.10 0.7971 1.0654 0.0004 0.0007 2.8087 -0.0797 -0.100068 -1.242102 12.15 
3.3399 2 1 1 0x0 3.9026 4.0974 3.90 4.10 0.9797 1.0519 0.0004 0.0004 2.8125 -0.0801 -0.097364 -1.238135 12.14 
3.3439 2 1 1 0x0 3.9053 4.0947 3.91 4.09 0.7976 1.1103 0.0003 0.0002 2.8164 -0.0804 -0.094659 -1.236600 12.14 
3.3479 2 1 1 0x0 3.9080 4.0920 3.91 4.09 0.8698 0.8282 0.0006 0.0004 2.8198 -0.0808 -0.091955 -1.232634 12.14 
3.3519 2 1 1 0x0 3.9080 4.0920 3.91 4.09 1.0355 1.0472 0.0005 0.0006 2.8234 -0.0811 -0.091955 -1.237319 12.14 
3.3559 2 1 1 0x0 3.9108 4.0893 3.91 4.09 0.7949 1.1038 0.0005 0.0005 2.8273 -0.0814 -0.089250 -1.244880 12.14 
3.3599 2 1 1 0x0 3.9135 4.0865 3.91 4.09 1.0501 1.0818 0.0005 0.0003 2.8311 -0.0818 -0.086545 -1.242658 12.14 
3.3639 2 1 1 0x0 3.9162 4.0838 3.92 4.08 0.8081 1.0598 0.0005 0.0002 2.8349 -0.0821 -0.083841 -1.244761 12.14 
3.3679 2 1 1 0x0 3.9162 4.0838 3.92 4.08 1.0472 0.8126 0.0005 0.0004 2.8386 -0.0824 -0.083841 -1.245877 12.13 
3.3719 2 1 1 0x0 3.9189 4.0811 3.92 4.08 0.7903 1.0158 0.0005 0.0003 2.8424 -0.0827 -0.081136 -1.241444 12.14 
3.3759 2 1 1 0x0 3.9189 4.0811 3.92 4.08 0.9913 1.0498 0.0004 0.0005 2.8461 -0.0830 -0.081136 -1.239505 12.14 
3.3799 2 1 1 0x0 3.9216 4.0784 3.92 4.08 0.8359 1.0330 0.0003 0.0003 2.8499 -0.0833 -0.078432 -1.242905 12.14 
3.3839 2 1 1 0x0 3.9243 4.0757 3.92 4.08 0.7649 0.9578 0.0005 0.0006 2.8533 -0.0836 -0.075727 -1.237292 12.14 
3.3879 2 1 1 0x0 3.9297 4.0703 3.93 4.07 0.8156 0.7960 0.0006 0.0003 2.8570 -0.0839 -0.070318 -1.234035 12.14 
3.3919 2 1 1 0x0 3.9297 4.0703 3.93 4.07 0.9348 1.1046 0.0004 0.0005 2.8606 -0.0841 -0.070318 -1.235939 12.14 
3.3959 2 1 1 0x0 3.9351 4.0649 3.94 4.06 0.9685 1.0837 0.0007 0.0003 2.8643 -0.0844 -0.064909 -1.244856 12.14 
3.3999 2 1 1 0x0 3.9351 4.0649 3.94 4.06 0.7879 0.7984 0.0005 0.0005 2.8679 -0.0846 -0.064909 -1.255304 12.13 
3.4039 2 1 1 0x0 3.9378 4.0622 3.94 4.06 1.0678 0.9304 0.0004 0.0003 2.8718 -0.0849 -0.062205 -1.254494 12.13 
3.4079 2 1 1 0x0 3.9378 4.0622 3.94 4.06 0.8910 1.0069 0.0004 0.0005 2.8754 -0.0851 -0.062205 -1.258877 12.15 
3.4119 2 1 1 0x0 3.9378 4.0622 3.94 4.06 1.0700 0.8453 0.0004 0.0006 2.8790 -0.0853 -0.062205 -1.264302 12.15 
3.4159 2 1 1 0x0 3.9405 4.0595 3.94 4.06 0.8250 0.8777 0.0004 0.0004 2.8829 -0.0855 -0.059500 -1.266702 12.14 
3.4199 2 1 1 0x0 3.9405 4.0595 3.94 4.06 0.9956 1.0778 0.0004 0.0006 2.8865 -0.0858 -0.059500 -1.262637 12.14 
3.4239 2 1 1 0x0 3.9432 4.0568 3.94 4.06 0.8676 0.7578 0.0006 0.0007 2.8900 -0.0860 -0.056795 -1.254488 12.13 
3.4279 2 1 1 0x0 3.9459 4.0541 3.95 4.05 0.9346 0.9093 0.0004 0.0005 2.8934 -0.0862 -0.054091 -1.247785 12.13 
3.4319 2 1 1 0x0 3.9486 4.0514 3.95 4.05 0.9272 0.8383 0.0005 0.0003 2.8969 -0.0863 -0.051386 -1.247753 12.12 
3.4359 2 1 1 0x0 3.9486 4.0514 3.95 4.05 0.8813 0.9961 0.0003 0.0003 2.9005 -0.0865 -0.051386 -1.250082 12.13 
3.4399 2 1 1 0x0 3.9459 4.0541 3.95 4.05 0.9558 1.0303 0.0002 0.0007 2.9040 -0.0867 -0.054091 -1.249037 12.13 
3.4439 2 1 1 0x0 3.9513 4.0487 3.95 4.05 0.9755 1.0208 0.0006 0.0002 2.9076 -0.0869 -0.048682 -1.259245 12.13 
3.4479 2 1 1 0x0 3.9513 4.0487 3.95 4.05 0.7497 0.9622 0.0006 0.0002 2.9112 -0.0871 -0.048682 -1.263445 12.13 
3.4519 2 1 1 0x0 3.9513 4.0487 3.95 4.05 1.0521 1.0430 0.0006 0.0003 2.9149 -0.0873 -0.048682 -1.264104 12.13 
3.4559 2 1 1 0x0 3.9486 4.0514 3.95 4.05 1.0259 0.8195 0.0002 0.0004 2.9187 -0.0875 -0.051386 -1.272376 12.13 
3.4599 2 1 1 0x0 3.9486 4.0514 3.95 4.05 0.8097 0.9907 0.0003 0.0005 2.9224 -0.0876 -0.051386 -1.276955 12.12 
3.4639 2 1 1 0x0 3.9513 4.0487 3.95 4.05 1.0825 1.0441 0.0004 0.0002 2.9262 -0.0878 -0.048682 -1.279563 12.14 
3.4679 2 1 1 0x0 3.9513 4.0487 3.95 4.05 0.9529 0.7777 0.0005 0.0004 2.9299 -0.0880 -0.048682 -1.273710 12.13 
3.4719 2 1 1 0x0 3.9513 4.0487 3.95 4.05 0.9397 1.0603 0.0005 0.0005 2.9335 -0.0882 -0.048682 -1.266161 12.13 
3.4759 2 1 1 0x0 3.9567 4.0433 3.96 4.04 0.9761 1.0431 0.0007 0.0002 2.9372 -0.0884 -0.043273 -1.269894 12.13 
3.4799 2 1 1 0x0 3.9567 4.0433 3.96 4.04 0.7838 0.8213 0.0005 0.0004 2.9408 -0.0885 -0.043273 -1.280566 12.13 
3.4839 2 1 1 0x0 3.9567 4.0433 3.96 4.04 1.0002 1.0594 0.0005 0.0005 2.9445 -0.0887 -0.043273 -1.286272 12.12 
3.4879 2 1 1 0x0 3.9594 4.0406 3.96 4.04 0.8888 1.1228 0.0004 0.0003 2.9483 -0.0888 -0.040568 -1.290162 12.13 
3.4919 2 1 1 0x0 3.9594 4.0406 3.96 4.04 0.9981 0.8216 0.0005 0.0004 2.9520 -0.0890 -0.040568 -1.295701 12.14 
3.4959 2 1 1 0x0 3.9594 4.0406 3.96 4.04 0.7806 1.0587 0.0005 0.0006 2.9556 -0.0891 -0.040568 -1.291052 12.15 
3.4999 2 1 1 0x0 3.9621 4.0379 3.96 4.04 1.0657 1.1200 0.0006 0.0004 2.9595 -0.0893 -0.037864 -1.289754 12.14 
3.5039 2 1 1 0x0 3.9594 4.0406 3.96 4.04 1.0388 0.8222 0.0002 0.0005 2.9633 -0.0894 -0.040568 -1.296284 12.13 
3.5079 2 1 1 0x0 3.9594 4.0406 3.96 4.04 0.8042 0.9877 0.0003 0.0006 2.9670 -0.0896 -0.040568 -1.304291 12.14 
3.5119 2 1 1 0x0 3.9621 4.0379 3.96 4.04 1.0246 1.1222 0.0004 0.0004 2.9708 -0.0897 -0.037864 -1.303743 12.14 
3.5159 2 1 1 0x0 3.9648 4.0352 3.96 4.04 0.9830 0.7756 0.0007 0.0004 2.9743 -0.0899 -0.035159 -1.298314 12.13 
3.5199 2 1 1 0x0 3.9648 4.0352 3.96 4.04 0.7813 0.9981 0.0004 0.0004 2.9779 -0.0900 -0.035159 -1.294898 12.13 
3.5239 2 1 1 0x0 3.9675 4.0325 3.97 4.03 0.7950 0.9834 0.0006 0.0004 2.9814 -0.0901 -0.032455 -1.298666 12.13 
3.5279 2 1 1 0x0 3.9675 4.0325 3.97 4.03 0.9547 1.0202 0.0004 0.0005 2.9850 -0.0902 -0.032455 -1.308341 12.13 
3.5319 2 1 1 0x0 3.9675 4.0325 3.97 4.03 0.7603 0.7902 0.0003 0.0006 2.9887 -0.0904 -0.032455 -1.313049 12.13 
3.5359 2 1 1 0x0 3.9702 4.0297 3.97 4.03 1.0374 0.9149 0.0003 0.0003 2.9925 -0.0905 -0.029750 -1.308452 12.14 
3.5399 2 1 1 0x0 3.9702 4.0297 3.97 4.03 0.8656 1.0288 0.0003 0.0004 2.9962 -0.0906 -0.029750 -1.310562 12.14 
3.5439 2 1 1 0x0 3.9702 4.0297 3.97 4.03 1.0358 0.7843 0.0004 0.0005 2.9998 -0.0907 -0.029750 -1.304730 12.13 
3.5479 2 1 1 0x0 3.9702 4.0297 3.97 4.03 0.7591 1.0510 0.0004 0.0006 3.0035 -0.0908 -0.029750 -1.302822 12.13 
3.5519 2 1 1 0x0 3.9730 4.0270 3.97 4.03 0.9774 1.0378 0.0003 0.0003 3.0073 -0.0909 -0.027046 -1.298271 12.14 
3.5559 2 1 1 0x0 3.9757 4.0243 3.98 4.02 0.9574 0.8223 0.0005 0.0004 3.0108 -0.0910 -0.024341 -1.292960 12.12 
3.5599 2 1 1 0x0 3.9757 4.0243 3.98 4.02 0.8070 0.9921 0.0003 0.0004 3.0144 -0.0911 -0.024341 -1.291890 12.13 
3.5639 2 1 1 0x0 3.9784 4.0216 3.98 4.02 0.8282 0.9270 0.0005 0.0005 3.0179 -0.0912 -0.021636 -1.293125 12.13 
3.5679 2 1 1 0x0 3.9784 4.0216 3.98 4.02 1.0286 1.0876 0.0005 0.0006 3.0215 -0.0912 -0.021636 -1.295506 12.13 
3.5719 2 1 1 0x0 3.9811 4.0189 3.98 4.02 0.8014 1.0036 0.0004 0.0002 3.0254 -0.0913 -0.018932 -1.303430 12.13 
3.5759 2 1 1 0x0 3.9811 4.0189 3.98 4.02 1.0264 0.9192 0.0005 0.0004 3.0290 -0.0914 -0.018932 -1.312891 12.13 
3.5799 2 1 1 0x0 3.9784 4.0216 3.98 4.02 0.9937 1.1000 0.0002 0.0006 3.0329 -0.0915 -0.021636 -1.316228 12.14 
3.5839 2 1 1 0x0 3.9811 4.0189 3.98 4.02 0.7896 1.0854 0.0003 0.0003 3.0367 -0.0915 -0.018932 -1.315829 12.14 
3.5879 2 1 1 0x0 3.9811 4.0189 3.98 4.02 1.1132 0.9137 0.0005 0.0005 3.0404 -0.0916 -0.018932 -1.306980 12.13 
3.5919 2 1 1 0x0 3.9838 4.0162 3.98 4.02 0.8744 0.8506 0.0006 0.0003 3.0442 -0.0917 -0.016227 -1.302201 12.14 
3.5959 2 1 1 0x0 3.9838 4.0162 3.98 4.02 1.0251 1.0156 0.0005 0.0004 3.0479 -0.0917 -0.016227 -1.298364 12.13 
3.5999 2 1 1 0x0 3.9838 4.0162 3.98 4.02 0.7926 0.9697 0.0004 0.0006 3.0515 -0.0918 -0.016227 -1.295334 12.13 
3.6039 2 1 1 0x0 3.9865 4.0135 3.99 4.01 1.0007 0.8020 0.0002 0.0003 3.0554 -0.0918 -0.013523 -1.301235 12.14 
3.6079 2 1 1 0x0 3.9892 4.0108 3.99 4.01 1.0223 1.0205 0.0006 0.0004 3.0588 -0.0919 -0.010818 -1.303137 12.14 
3.6119 2 1 1 0x0 3.9892 4.0108 3.99 4.01 0.8678 0.9054 0.0006 0.0006 3.0625 -0.0919 -0.010818 -1.300659 12.13 
3.6159 2 1 1 0x0 3.9919 4.0081 3.99 4.01 0.9652 0.8435 0.0006 0.0003 3.0663 -0.0920 -0.008114 -1.299512 12.14 
3.6199 2 1 1 0x0 3.9919 4.0081 3.99 4.01 0.8018 1.0281 0.0006 0.0004 3.0700 -0.0920 -0.008114 -1.297696 12.13 
3.6239 2 1 1 0x0 3.9919 4.0081 3.99 4.01 1.0303 0.9570 0.0006 0.0005 3.0736 -0.0920 -0.008114 -1.299524 12.14 
3.6279 2 1 1 0x0 3.9892 4.0108 3.99 4.01 0.9983 1.0504 0.0003 0.0006 3.0775 -0.0921 -0.010818 -1.304569 12.14 
3.6319 2 1 1 0x0 3.9919 4.0081 3.99 4.01 0.8298 1.0388 0.0004 0.0003 3.0813 -0.0921 -0.008114 -1.310475 12.14 
3.6359 2 1 1 0x0 3.9919 4.0081 3.99 4.01 1.0496 0.8900 0.0005 0.0004 3.0850 -0.0921 -0.008114 -1.308946 12.14 
3.6399 2 1 1 0x0 3.9919 4.0081 3.99 4.01 0.9167 1.0626 0.0006 0.0005 3.0886 -0.0922 -0.008114 -1.306541 12.14 
3.6439 2 1 1 0x0 3.9919 4.0081 3.99 4.01 0.9194 0.7657 0.0005 0.0006 3.0923 -0.0922 -0.008114 -1.298820 12.14 
3.6479 2 1 1 0x0 3.9946 4.0054 3.99 4.01 0.9066 1.0141 0.0007 0.0007 3.0957 -0.0922 -0.005409 -1.291955 12.14 
3.6519 2 1 1 0x0 3.9973 4.0027 4.00 4.00 0.7362 1.0064 0.0003 0.0002 3.0996 -0.0922 -0.002705 -1.287865 12.13 
3.6559 2 1 1 0x0 3.9973 4.0027 4.00 4.00 0.7916 1.0436 0.0006 0.0006 3.1028 -0.0922 -0.002705 -1.286303 12.13 
3.6599 2 1 1 0x0 3.9973 4.0027 4.00 4.00 0.9987 0.7736 0.0004 0.0006 3.1065 -0.0922 -0.002705 -1.287448 12.14 
3.6639 2 1 1 0x0 3.9973 4.0027 4.00 4.00 0.9454 1.0034 0.0004 0.0006 3.1101 -0.0922 -0.002705 -1.291862 12.13 
3.6679 2 1 1 0x0 4.0000 4.0000 4.00 4.00 1.0010 0.9932 0.0004 0.0002 3.1140 -0.0923 -0.000000 -1.295392 12.14 
3.6719 2 1 1 0x0 4.0000 4.0000 4.00 4.00 0.8257 0.8048 0.0005 0.0003 3.1177 -0.0923 -0.000000 -1.300185 12.13 
3.6759 2 1 1 0x0 4.0000 4.0000 4.00 4.00 1.0577 1.0191 0.0006 0.0003 3.1213 -0.0923 -0.000000 -1.304312 12.13 
3.6799 2 1 1 0x0 3.9973 4.0027 4.00 4.00 1.0991 0.9067 0.0003 0.0004 3.1252 -0.0923 -0.002705 -1.305551 12.13 
3.6839 2 1 1 0x0 3.9973 4.0027 4.00 4.00 0.7721 1.0391 0.0004 0.0005 3.1288 -0.0923 -0.002705 -1.297378 12.14 
3.6879 2 1 1 0x0 3.9973 4.0027 4.00 4.00 1.0716 0.8227 0.0005 0.0006 3.1325 -0.0923 -0.002705 -1.293303 12.14 
3.6919 2 1 1 0x0 4.0000 4.0000 4.00 4.00 0.8387 0.9011 0.0005 0.0003 3.1363 -0.0923 -0.000000 -1.287516 12.14 
3.6959 2 1 1 0x0 4.0000 4.0000 4.00 4.00 0.9583 1.0474 0.0003 0.0004 3.1400 -0.0923 -0.000000 -1.283713 12.13 
3.6999 2 1 1 0x0 4.0027 3.9973 4.00 4.00 0.9883 0.7733 0.0006 0.0004 3.1434 -0.0923 0.002704 -1.286968 12.13 
3.7039 2 1 1 0x0 4.0027 3.9973 4.00 4.00 0.7404 1.0712 0.0005 0.0005 3.1471 -0.0923 0.002704 -1.279807 12.14 
3.7079 2 1 1 0x0 4.0054 3.9946 4.01 3.99 1.0055 1.0558 0.0005 0.0002 3.1509 -0.0923 0.005409 -1.280025 12.14 
3.7119 2 1 1 0x0 4.0054 3.9946 4.01 3.99 0.8906 0.8121 0.0005 0.0003 3.1546 -0.0922 0.005409 -1.287126 12.14 
3.7159 2 1 1 0x0 4.0054 3.9946 4.01 3.99 0.9952 1.0049 0.0006 0.0004 3.1582 -0.0922 0.005409 -1.288517 12.13 
3.7199 2 1 1 0x0 4.0027 3.9973 4.00 4.00 1.0408 0.9800 0.0003 0.0006 3.1621 -0.0922 0.002704 -1.282988 12.14 
3.7239 2 1 1 0x0 4.0054 3.9946 4.01 3.99 0.9272 0.8095 0.0004 0.0003 3.1659 -0.0922 0.005409 -1.284377 12.14 
3.7279 2 1 1 0x0 4.0054 3.9946 4.01 3.99 1.0066 1.0087 0.0006 0.0004 3.1696 -0.0922 0.005409 -1.281479 12.13 
3.7319 2 1 1 0x0 4.0027 3.9973 4.00 4.00 1.0528 0.8622 0.0002 0.0005 3.1734 -0.0922 0.002704 -1.277506 12.14 
3.7359 2 1 1 0x0 4.0027 3.9973 4.00 4.00 0.8672 1.1041 0.0004 0.0006 3.1771 -0.0921 0.002704 -1.276501 12.14 
3.7399 2 1 1 0x0 4.0054 3.9946 4.01 3.99 1.0149 1.0157 0.0005 0.0003 3.1809 -0.0921 0.005409 -1.271638 12.14 
3.7439 2 1 1 0x0 4.0054 3.9946 4.01 3.99 0.7704 0.9084 0.0006 0.0004 3.1846 -0.0921 0.005409 -1.267968 12.14 
3.7479 2 1 1 0x0 4.0054 3.9946 4.01 3.99 0.9651 1.0376 0.0004 0.0006 3.1882 -0.0921 0.005409 -1.267021 12.14 
3.7519 2 1 1 0x0 4.0081 3.9919 4.01 3.99 0.8599 1.0253 0.0003 0.0002 3.1921 -0.0921 0.008113 -1.267782 12.13 
3.7559 2 1 1 0x0 4.0081 3.9919 4.01 3.99 1.0507 0.9017 0.0003 0.0004 3.1957 -0.0920 0.008113 -1.276578 12.13 
3.7599 2 1 1 0x0 4.0081 3.9919 4.01 3.99 0.7896 1.0444 0.0003 0.0005 3.1994 -0.0920 0.008113 -1.276754 12.14 
3.7639 2 1 1 0x0 4.0081 3.9919 4.01 3.99 1.0437 0.8196 0.0004 0.0006 3.2030 -0.0920 0.008113 -1.273144 12.13 
3.7679 2 1 1 0x0 4.0108 3.9892 4.01 3.99 0.8664 0.8977 0.0005 0.0003 3.2069 -0.0919 0.010818 -1.269902 12.14 
3.7719 2 1 1 0x0 4.0108 3.9892 4.01 3.99 1.0296 1.0501 0.0005 0.0005 3.2106 -0.0919 0.010818 -1.267331 12.14 
3.7759 2 1 1 0x0 4.0108 3.9892 4.01 3.99 0.7589 0.8155 0.0005 0.0006 3.2142 -0.0919 0.010818 -1.264269 12.14 
3.7799 2 1 1 0x0 4.0135 3.9865 4.01 3.99 0.9845 0.8927 0.0003 0.0003 3.2181 -0.0918 0.013523 -1.261308 12.12 
3.7839 2 1 1 0x0 4.0135 3.9865 4.01 3.99 0.8979 1.0586 0.0003 0.0004 3.2217 -0.0918 0.013523 -1.262157 12.13 
3.7879 2 1 1 0x0 4.0135 3.9865 4.01 3.99 1.0017 0.8104 0.0002 0.0004 3.2254 -0.0917 0.013523 -1.265639 12.13 
3.7919 2 1 1 0x0 4.0162 3.9838 4.02 3.98 1.0245 1.0076 0.0006 0.0005 3.2288 -0.0916 0.016227 -1.263384 12.13 
3.7959 2 1 1 0x0 4.0189 3.9811 4.02 3.98 0.8017 1.0667 0.0006 0.0002 3.2327 -0.0916 0.018932 -1.257233 12.13 
3.7999 2 1 1 0x0 4.0189 3.9811 4.02 3.98 1.0447 0.8051 0.0005 0.0003 3.2363 -0.0915 0.018932 -1.255488 12.12 
3.8039 2 1 1 0x0 4.0189 3.9811 4.02 3.98 0.8585 1.0164 0.0005 0.0004 3.2400 -0.0915 0.018932 -1.255794 12.13 
3.8079 2 1 1 0x0 4.0189 3.9811 4.02 3.98 1.0556 0.9087 0.0004 0.0004 3.2436 -0.0914 0.018932 -1.252929 12.13 
3.8119 2 1 1 0x0 4.0189 3.9811 4.02 3.98 0.7835 1.0354 0.0004 0.0005 3.2473 -0.0913 0.018932 -1.250143 12.14 
3.8159 2 1 1 0x0 4.0189 3.9811 4.02 3.98 0.9963 0.7806 0.0004 0.0006 3.2509 -0.0912 0.018932 -1.247364 12.13 
3.8199 2 1 1 0x0 4.0189 3.9811 4.02 3.98 0.9563 0.9881 0.0004 0.0006 3.2546 -0.0912 0.018932 -1.244570 12.13 
3.8239 2 1 1 0x0 4.0216 3.9784 4.02 3.98 1.0512 1.0460 0.0005 0.0003 3.2584 -0.0911 0.021636 -1.249166 12.14 
3.8279 2 1 1 0x0 4.0216 3.9784 4.02 3.98 0.8429 0.7734 0.0006 0.0003 3.2621 -0.0910 0.021636 -1.252540 12.12 
3.8319 2 1 1 0x0 4.0189 3.9811 4.02 3.98 0.8861 1.0714 0.0003 0.0004 3.2659 -0.0909 0.018932 -1.251075 12.13 
3.8359 2 1 1 0x0 4.0189 3.9811 4.02 3.98 1.0637 0.9217 0.0004 0.0005 3.2696 -0.0909 0.018932 -1.250730 12.12 
3.8399 2 1 1 0x0 4.0189 3.9811 4.02 3.98 0.7900 1.0216 0.0005 0.0006 3.2732 -0.0908 0.018932 -1.248348 12.13 
3.8439 2 1 1 0x0 4.0189 3.9811 4.02 3.98 0.9901 0.7880 0.0005 0.0006 3.2769 -0.0907 0.018932 -1.249094 12.13 
3.8479 2 1 1 0x0 4.0216 3.9784 4.02 3.98 0.8392 0.9697 0.0004 0.0002 3.2807 -0.0907 0.021636 -1.243455 12.14 
3.8519 2 1 1 0x0 4.0243 3.9757 4.02 3.98 0.8134 0.9699 0.0007 0.0002 3.2842 -0.0906 0.024341 -1.235945 12.13 
3.8559 2 1 1 0x0 4.0216 3.9784 4.02 3.98 0.9303 1.0048 0.0005 0.0006 3.2876 -0.0905 0.021636 -1.230614 12.13 
3.8599 2 1 1 0x0 4.0216 3.9784 4.02 3.98 0.7336 0.7964 0.0004 0.0005 3.2913 -0.0904 0.021636 -1.229181 12.13 
3.8639 2 1 1 0x0 4.0216 3.9784 4.02 3.98 1.0197 0.9680 0.0003 0.0005 3.2949 -0.0903 0.021636 -1.229902 12.14 
3.8679 2 1 1 0x0 4.0216 3.9784 4.02 3.98 0.8789 0.9469 0.0003 0.0004 3.2986 -0.0903 0.021636 -1.237361 12.13 
3.8719 2 1 1 0x0 4.0216 3.9784 4.02 3.98 1.0115 1.0655 0.0004 0.0005 3.3022 -0.0902 0.021636 -1.238166 12.13 
3.8759 2 1 1 0x0 4.0216 3.9784 4.02 3.98 0.8189 0.8057 0.0004 0.0005 3.3059 -0.0901 0.021636 -1.239056 12.14 
3.8799 2 1 1 0x0 4.0243 3.9757 4.02 3.98 1.0668 0.9386 0.0005 0.0003 3.3097 -0.0900 0.024341 -1.250075 12.14 
3.8839 2 1 1 0x0 4.0216 3.9784 4.02 3.98 1.0251 1.0706 0.0003 0.0004 3.3136 -0.0899 0.021636 -1.255136 12.14 
3.8879 2 1 1 0x0 4.0216 3.9784 4.02 3.98 0.8167 0.8036 0.0004 0.0005 3.3172 -0.0898 0.021636 -1.253604 12.14 
3.8919 2 1 1 0x0 4.0243 3.9757 4.02 3.98 1.0592 0.9343 0.0006 0.0002 3.3211 -0.0897 0.024341 -1.260091 12.14 
3.8959 2 1 1 0x0 4.0216 3.9784 4.02 3.98 1.0875 1.0762 0.0004 0.0004 3.3249 -0.0897 0.021636 -1.261564 12.14 
3.8999 2 1 1 0x0 4.0216 3.9784 4.02 3.98 0.8283 0.8010 0.0006 0.0005 3.3286 -0.0896 0.021636 -1.258620 12.14 
3.9039 2 1 1 0x0 4.0189 3.9811 4.02 3.98 0.8783 1.0232 0.0004 0.0006 3.3324 -0.0895 0.018932 -1.255226 12.13 
3.9079 2 1 1 0x0 4.0216 3.9784 4.02 3.98 1.0023 1.0091 0.0005 0.0003 3.3363 -0.0894 0.021636 -1.260426 12.14 
3.9119 2 1 1 0x0 4.0216 3.9784 4.02 3.98 0.8228 0.7970 0.0005 0.0004 3.3399 -0.0894 0.021636 -1.261202 12.14 
3.9159 2 1 1 0x0 4.0216 3.9784 4.02 3.98 0.9975 0.9625 0.0006 0.0004 3.3436 -0.0893 0.021636 -1.256292 12.14 
3.9199 2 1 1 0x0 4.0189 3.9811 4.02 3.98 1.0375 0.8968 0.0003 0.0005 3.3474 -0.0892 0.018932 -1.254589 12.14 
3.9239 2 1 1 0x0 4.0189 3.9811 4.02 3.98 0.8515 0.9846 0.0004 0.0005 3.3511 -0.0891 0.018932 -1.257563 12.13 
3.9279 2 1 1 0x0 4.0189 3.9811 4.02 3.98 1.0107 0.8113 0.0005 0.0005 3.3547 -0.0891 0.018932 -1.258966 12.14 
3.9319 2 1 1 0x0 4.0162 3.9838 4.02 3.98 1.1227 1.0091 0.0003 0.0006 3.3586 -0.0890 0.016227 -1.258281 12.15 
3.9359 2 1 1 0x0 4.0189 3.9811 4.02 3.98 0.8073 1.0715 0.0005 0.0002 3.3624 -0.0889 0.018932 -1.259844 12.14 
3.9399 2 1 1 0x0 4.0189 3.9811 4.02 3.98 1.0092 0.8016 0.0006 0.0003 3.3661 -0.0889 0.018932 -1.264667 12.13 
3.9439 2 1 1 0x0 4.0189 3.9811 4.02 3.98 0.8832 1.0249 0.0006 0.0003 3.3697 -0.0888 0.018932 -1.261820 12.13 
3.9479 2 1 1 0x0 4.0189 3.9811 4.02 3.98 0.9605 0.9017 0.0005 0.0004 3.3734 -0.0887 0.018932 -1.255945 12.13 
3.9519 2 1 1 0x0 4.0189 3.9811 4.02 3.98 0.7948 1.0490 0.0004 0.0004 3.3770 -0.0887 0.018932 -1.256850 12.13 
3.9559 2 1 1 0x0 4.0189 3.9811 4.02 3.98 1.0591 0.8145 0.0002 0.0005 3.3807 -0.0886 0.018932 -1.256603 12.13 
3.9599 2 1 1 0x0 4.0189 3.9811 4.02 3.98 0.9030 1.0785 0.0003 0.0005 3.3843 -0.0885 0.018932 -1.253407 12.13 
3.9639 2 1 1 0x0 4.0189 3.9811 4.02 3.98 1.0505 0.9756 0.0003 0.0005 3.3880 -0.0884 0.018932 -1.252360 12.13 
3.9679 2 1 1 0x0 4.0189 3.9811 4.02 3.98 0.8387 1.0303 0.0004 0.0005 3.3916 -0.0884 0.018932 -1.258024 12.14 
3.9719 2 1 1 0x0 4.0189 3.9811 4.02 3.98 1.0355 0.8263 0.0005 0.0005 3.3953 -0.0883 0.018932 -1.254365 12.13 
3.9759 2 1 1 0x0 4.0189 3.9811 4.02 3.98 0.9302 1.0558 0.0006 0.0006 3.3989 -0.0882 0.018932 -1.257237 12.14 
3.9799 2 1 1 0x0 4.0189 3.9811 4.02 3.98 0.8298 1.0438 0.0003 0.0002 3.4030 -0.0881 0.018932 -1.265501 12.13 
3.9839 2 1 1 0x0 4.0162 3.9838 4.02 3.98 1.1203 1.0067 0.0005 0.0007 3.4065 -0.0881 0.016227 -1.263375 12.14 
3.9879 2 1 1 0x0 4.0162 3.9838 4.02 3.98 1.0704 0.9986 0.0003 0.0003 3.4105 -0.0880 0.016227 -1.260750 12.14 
3.9919 2 1 1 0x0 4.0162 3.9838 4.02 3.98 0.8335 0.8682 0.0004 0.0003 3.4142 -0.0879 0.016227 -1.265563 12.14 
3.9959 2 1 1 0x0 4.0162 3.9838 4.02 3.98 1.0320 1.0235 0.0006 0.0003 3.4178 -0.0879 0.016227 -1.261094 12.14 
3.9999 2 1 1 0x0 4.0108 3.9892 4.01 3.99 1.1431 0.9913 0.0004 0.0006 3.4215 -0.0878 0.010818 -1.254368 12.13 
4.0039 2 1 1 0x0 4.0108 3.9892 4.01 3.99 0.8451 0.7254 0.0006 0.0005 3.4251 -0.0878 0.010818 -1.249820 12.14 
4.0079 2 1 1 0x0 4.0081 3.9919 4.01 3.99 0.8938 0.9581 0.0003 0.0003 3.4290 -0.0878 0.008113 -1.250094 12.14 
4.0119 2 1 1 0x0 4.0081 3.9919 4.01 3.99 1.0412 0.8997 0.0005 0.0003 3.4326 -0.0877 0.008113 -1.249244 12.14 
4.0159 2 1 1 0x0 4.0054 3.9946 4.01 3.99 1.0786 0.9831 0.0003 0.0002 3.4365 -0.0877 0.005409 -1.249052 12.13 
4.0199 2 1 1 0x0 4.0027 3.9973 4.00 4.00 0.9052 1.0162 0.0004 0.0007 3.4399 -0.0877 0.002704 -1.257793 12.13 
4.0239 2 1 1 0x0 4.0027 3.9973 4.00 4.00 1.0424 0.7518 0.0006 0.0007 3.4436 -0.0877 0.002704 -1.260643 12.14 
4.0279 2 1 1 0x0 4.0027 3.9973 4.00 4.00 1.0177 0.9157 0.0002 0.0003 3.4476 -0.0877 0.002704 -1.258441 12.14 
4.0319 2 1 1 0x0 4.0054 3.9946 4.01 3.99 1.0361 1.0278 0.0006 0.0004 3.4511 -0.0877 0.005409 -1.263765 12.14 
4.0359 2 1 1 0x0 4.0054 3.9946 4.01 3.99 0.9172 0.8285 0.0006 0.0004 3.4547 -0.0877 0.005409 -1.265968 12.13 
4.0399 2 1 1 0x0 4.0054 3.9946 4.01 3.99 0.9701 1.0528 0.0006 0.0005 3.4584 -0.0876 0.005409 -1.259821 12.13 
4.0439 2 1 1 0x0 4.0054 3.9946 4.01 3.99 0.7912 0.8805 0.0005 0.0005 3.4620 -0.0876 0.005409 -1.258616 12.13 
4.0479 2 1 1 0x0 4.0054 3.9946 4.01 3.99 0.9949 1.0750 0.0004 0.0006 3.4657 -0.0876 0.005409 -1.252820 12.13 
4.0519 2 1 1 0x0 4.0081 3.9919 4.01 3.99 0.8887 1.0642 0.0003 0.0003 3.4695 -0.0876 0.008113 -1.246901 12.13 
4.0559 2 1 1 0x0 4.0081 3.9919 4.01 3.99 1.0039 0.8724 0.0003 0.0004 3.4732 -0.0875 0.008113 -1.246141 12.14 
4.0599 2 1 1 0x0 4.0081 3.9919 4.01 3.99 0.8193 1.0167 0.0003 0.0004 3.4768 -0.0875 0.008113 -1.246060 12.13 
4.0639 2 1 1 0x0 4.0081 3.9919 4.01 3.99 1.0011 0.8355 0.0003 0.0005 3.4805 -0.0875 0.008113 -1.246074 12.14 
4.0679 2 1 1 0x0 4.0081 3.9919 4.01 3.99 0.8989 1.0410 0.0004 0.0006 3.4841 -0.0874 0.008113 -1.254589 12.14 
4.0719 2 1 1 0x0 4.0108 3.9892 4.01 3.99 1.0492 1.0291 0.0005 0.0003 3.4880 -0.0874 0.010818 -1.254852 12.12 
4.0759 2 1 1 0x0 4.0081 3.9919 4.01 3.99 1.0187 0.7844 0.0002 0.0003 3.4918 -0.0874 0.008113 -1.255804 12.14 
4.0799 2 1 1 0x0 4.0081 3.9919 4.01 3.99 0.8919 0.9845 0.0004 0.0004 3.4955 -0.0873 0.008113 -1.251648 12.14 
4.0839 2 1 1 0x0 4.0081 3.9919 4.01 3.99 1.0531 0.8800 0.0006 0.0005 3.4991 -0.0873 0.008113 -1.248716 12.13 
4.0879 2 1 1 0x0 4.0054 3.9946 4.01 3.99 1.0987 1.0052 0.0002 0.0006 3.5030 -0.0873 0.005409 -1.245592 12.13 
4.0919 2 1 1 0x0 4.0081 3.9919 4.01 3.99 0.8909 1.0673 0.0004 0.0002 3.5069 -0.0873 0.008113 -1.246404 12.14 
4.0959 2 1 1 0x0 4.0081 3.9919 4.01 3.99 0.9864 0.9245 0.0006 0.0003 3.5105 -0.0872 0.008113 -1.255427 12.14 
4.0999 2 1 1 0x0 4.0081 3.9919 4.01 3.99 0.7797 1.0186 0.0005 0.0004 3.5142 -0.0872 0.008113 -1.253019 12.13 
4.1039 2 1 1 0x0 4.0081 3.9919 4.01 3.99 1.0158 0.7904 0.0003 0.0004 3.5178 -0.0872 0.008113 -1.252762 12.13 
4.1079 2 1 1 0x0 4.0081 3.9919 4.01 3.99 0.9321 0.9736 0.0003 0.0005 3.5215 -0.0871 0.008113 -1.260659 12.14 
4.1119 2 1 1 0x0 4.0108 3.9892 4.01 3.99 1.0172 1.0287 0.0004 0.0003 3.5253 -0.0871 0.010818 -1.262296 12.13 
4.1159 2 1 1 0x0 4.0108 3.9892 4.01 3.99 0.8147 0.8285 0.0004 0.0004 3.5290 -0.0871 0.010818 -1.258162 12.13 
4.1199 2 1 1 0x0 4.0108 3.9892 4.01 3.99 1.0074 1.0523 0.0005 0.0005 3.5326 -0.0870 0.010818 -1.257216 12.14 
4.1239 2 1 1 0x0 4.0135 3.9865 4.01 3.99 0.8378 1.0398 0.0005 0.0002 3.5365 -0.0870 0.013523 -1.255090 12.14 
4.1279 2 1 1 0x0 4.0135 3.9865 4.01 3.99 1.0061 0.8209 0.0005 0.0003 3.5401 -0.0869 0.013523 -1.251988 12.14 
4.1319 2 1 1 0x0 4.0135 3.9865 4.01 3.99 0.7718 1.0657 0.0005 0.0004 3.5438 -0.0869 0.013523 -1.255965 12.13 
4.1359 2 1 1 0x0 4.0135 3.9865 4.01 3.99 1.0120 0.8709 0.0005 0.0004 3.5474 -0.0868 0.013523 -1.255371 12.13 
4.1399 2 1 1 0x0 4.0135 3.9865 4.01 3.99 0.8868 1.0174 0.0006 0.0005 3.5511 -0.0868 0.013523 -1.253194 12.14 
4.1439 2 1 1 0x0 4.0135 3.9865 4.01 3.99 1.0022 0.7500 0.0006 0.0004 3.5547 -0.0868 0.013523 -1.250057 12.13 
4.1479 2 1 1 0x0 4.0135 3.9865 4.01 3.99 0.7785 0.9789 0.0006 0.0003 3.5584 -0.0867 0.013523 -1.248392 12.13 
4.1519 2 1 1 0x0 4.0108 3.9892 4.01 3.99 0.9693 0.8824 0.0003 0.0003 3.5622 -0.0867 0.010818 -1.244856 12.13 
4.1559 2 1 1 0x0 4.0108 3.9892 4.01 3.99 1.0359 1.0038 0.0004 0.0003 3.5659 -0.0866 0.010818 -1.243584 12.14 
4.1599 2 1 1 0x0 4.0108 3.9892 4.01 3.99 0.8539 0.7984 0.0005 0.0003 3.5695 -0.0866 0.010818 -1.245948 12.14 
4.1639 2 1 1 0x0 4.0108 3.9892 4.01 3.99 1.0091 0.9626 0.0006 0.0004 3.5732 -0.0866 0.010818 -1.256092 12.14 
4.1679 2 1 1 0x0 4.0081 3.9919 4.01 3.99 1.0405 0.8980 0.0003 0.0004 3.5770 -0.0865 0.008113 -1.257649 12.15 
4.1719 2 1 1 0x0 4.0081 3.9919 4.01 3.99 0.7653 1.0524 0.0005 0.0005 3.5807 -0.0865 0.008113 -1.257372 12.14 
4.1759 2 1 1 0x0 4.0081 3.9919 4.01 3.99 1.0230 0.7706 0.0005 0.0006 3.5843 -0.0865 0.008113 -1.258950 12.13 
4.1799 2 1 1 0x0 4.0108 3.9892 4.01 3.99 0.8743 0.8883 0.0005 0.0002 3.5882 -0.0864 0.010818 -1.264505 12.14 
4.1839 2 1 1 0x0 4.0108 3.9892 4.01 3.99 1.0252 1.0655 0.0005 0.0003 3.5918 -0.0864 0.010818 -1.265175 12.13 
4.1879 2 1 1 0x0 4.0108 3.9892 4.01 3.99 0.8101 0.8061 0.0006 0.0004 3.5955 -0.0864 0.010818 -1.270512 12.14 
4.1919 2 1 1 0x0 4.0108 3.9892 4.01 3.99 1.0134 1.0158 0.0006 0.0005 3.5991 -0.0863 0.010818 -1.273597 12.14 
4.1959 2 1 1 0x0 4.0081 3.9919 4.01 3.99 1.0584 0.9666 0.0003 0.0006 3.6030 -0.0863 0.008113 -1.271509 12.14 
4.1999 2 1 1 0x0 4.0081 3.9919 4.01 3.99 0.7916 0.9755 0.0004 0.0005 3.6067 -0.0862 0.008113 -1.262830 12.14 
4.2039 2 1 1 0x0 4.0081 3.9919 4.01 3.99 0.9798 0.7330 0.0004 0.0003 3.6103 -0.0862 0.008113 -1.259555 12.14 
4.2079 2 1 1 0x0 4.0054 3.9946 4.01 3.99 0.8529 0.7903 0.0004 0.0006 3.6138 -0.0862 0.005409 -1.261332 12.13 
4.2119 2 1 1 0x0 4.0054 3.9946 4.01 3.99 0.9894 0.9774 0.0003 0.0005 3.6174 -0.0862 0.005409 -1.254987 12.13 
4.2159 2 1 1 0x0 4.0054 3.9946 4.01 3.99 0.8292 0.8818 0.0004 0.0005 3.6211 -0.0861 0.005409 -1.255112 12.14 
4.2199 2 1 1 0x0 4.0054 3.9946 4.01 3.99 0.9889 1.0043 0.0004 0.0005 3.6247 -0.0861 0.005409 -1.263587 12.14 
4.2239 2 1 1 0x0 4.0054 3.9946 4.01 3.99 0.9660 0.7981 0.0004 0.0005 3.6284 -0.0861 0.005409 -1.265076 12.13 
4.2279 2 1 1 0x0 4.0054 3.9946 4.01 3.99 1.0407 1.0304 0.0006 0.0005 3.6320 -0.0861 0.005409 -1.261085 12.14 
4.2319 2 1 1 0x0 4.0081 3.9919 4.01 3.99 0.8477 1.0927 0.0006 0.0003 3.6359 -0.0861 0.008113 -1.263268 12.14 
4.2359 2 1 1 0x0 4.0054 3.9946 4.01 3.99 0.8912 0.7934 0.0003 0.0005 3.6397 -0.0860 0.005409 -1.265975 12.14 
4.2399 2 1 1 0x0 4.0081 3.9919 4.01 3.99 1.0521 0.9848 0.0005 0.0003 3.6436 -0.0860 0.008113 -1.262848 12.14 
4.2439 2 1 1 0x0 4.0054 3.9946 4.01 3.99 1.0900 1.0880 0.0002 0.0006 3.6474 -0.0860 0.005409 -1.268512 12.14 
4.2479 2 1 1 0x0 4.0081 3.9919 4.01 3.99 0.9588 1.0711 0.0005 0.0003 3.6513 -0.0860 0.008113 -1.273583 12.14 
4.2519 2 1 1 0x0 4.0081 3.9919 4.01 3.99 1.0428 0.8709 0.0006 0.0005 3.6549 -0.0859 0.008113 -1.267639 12.14 
4.2559 2 1 1 0x0 4.0108 3.9892 4.01 3.99 0.7544 0.8136 0.0006 0.0003 3.6588 -0.0859 0.010818 -1.266053 12.14 
4.2599 2 1 1 0x0 4.0135 3.9865 4.01 3.99 0.7230 1.0038 0.0007 0.0003 3.6622 -0.0859 0.013523 -1.257764 12.13 
4.2639 2 1 1 0x0 4.0135 3.9865 4.01 3.99 0.9405 0.9167 0.0004 0.0004 3.6659 -0.0858 0.013523 -1.250915 12.13 
4.2679 2 1 1 0x0 4.0135 3.9865 4.01 3.99 0.8786 1.0283 0.0003 0.0004 3.6695 -0.0858 0.013523 -1.247827 12.13 
4.2719 2 1 1 0x0 4.0135 3.9865 4.01 3.99 1.0232 0.7836 0.0002 0.0004 3.6732 -0.0857 0.013523 -1.249719 12.13 
4.2759 2 1 1 0x0 4.0162 3.9838 4.02 3.98 1.0396 1.0538 0.0007 0.0004 3.6766 -0.0857 0.016227 -1.254463 12.14 
4.2799 2 1 1 0x0 4.0135 3.9865 4.01 3.99 1.0205 0.8794 0.0003 0.0005 3.6805 -0.0856 0.013523 -1.269305 12.13 
4.2839 2 1 1 0x0 4.0135 3.9865 4.01 3.99 0.9400 1.0057 0.0004 0.0005 3.6841 -0.0855 0.013523 -1.277961 12.15 
4.2879 2 1 1 0x0 4.0135 3.9865 4.01 3.99 0.9906 0.7976 0.0006 0.0006 3.6878 -0.0855 0.013523 -1.281541 12.14 
4.2919 2 1 1 0x0 4.0108 3.9892 4.01 3.99 1.1026 1.0298 0.0003 0.0006 3.6916 -0.0854 0.010818 -1.285077 12.13 
4.2959 2 1 1 0x0 4.0135 3.9865 4.01 3.99 0.8899 1.0173 0.0005 0.0002 3.6955 -0.0854 0.013523 -1.288291 12.14 
4.2999 2 1 1 0x0 4.0108 3.9892 4.01 3.99 0.8025 0.7913 0.0003 0.0003 3.6993 -0.0854 0.010818 -1.286953 12.13 
4.3039 2 1 1 0x0 4.0081 3.9919 4.01 3.99 1.0758 0.7699 0.0005 0.0007 3.7028 -0.0853 0.008113 -1.280402 12.13 
4.3079 2 1 1 0x0 4.0054 3.9946 4.01 3.99 1.0256 0.8956 0.0003 0.0003 3.7066 -0.0853 0.005409 -1.272857 12.13 
4.3119 2 1 1 0x0 4.0027 3.9973 4.00 4.00 0.8164 0.9305 0.0005 0.0004 3.7101 -0.0853 0.002704 -1.270777 12.13 
4.3159 2 1 1 0x0 4.0000 4.0000 4.00 4.00 1.0700 0.9659 0.0006 0.0007 3.7135 -0.0853 -0.000000 -1.269143 12.14 
4.3199 2 1 1 0x0 3.9973 4.0027 4.00 4.00 1.1108 0.8390 0.0003 0.0005 3.7174 -0.0853 -0.002705 -1.272170 12.13 
4.3239 2 1 1 0x0 3.9973 4.0027 4.00 4.00 0.7680 0.9974 0.0004 0.0004 3.7210 -0.0853 -0.002705 -1.280699 12.12 
4.3279 2 1 1 0x0 3.9973 4.0027 4.00 4.00 1.0045 0.7599 0.0005 0.0003 3.7247 -0.0853 -0.002705 -1.279785 12.13 
4.3319 2 1 1 0x0 3.9946 4.0054 3.99 4.01 1.0362 1.0272 0.0003 0.0002 3.7286 -0.0853 -0.005409 -1.283206 12.14 
4.3359 2 1 1 0x0 3.9946 4.0054 3.99 4.01 0.8553 0.8481 0.0004 0.0003 3.7322 -0.0853 -0.005409 -1.287999 12.14 
4.3399 2 1 1 0x0 3.9946 4.0054 3.99 4.01 1.0839 0.9840 0.0005 0.0003 3.7359 -0.0854 -0.005409 -1.285053 12.13 
4.3439 2 1 1 0x0 3.9919 4.0081 3.99 4.01 1.0447 0.8114 0.0002 0.0003 3.7397 -0.0854 -0.008114 -1.282877 12.13 
4.3479 2 1 1 0x0 3.9919 4.0081 3.99 4.01 0.8493 1.0088 0.0004 0.0004 3.7434 -0.0854 -0.008114 -1.284686 12.13 
4.3519 2 1 1 0x0 3.9919 4.0081 3.99 4.01 1.0856 0.9731 0.0005 0.0004 3.7470 -0.0855 -0.008114 -1.289102 12.14 
4.3559 2 1 1 0x0 3.9892 4.0108 3.99 4.01 1.1216 1.0315 0.0003 0.0005 3.7509 -0.0855 -0.010818 -1.284580 12.13 
4.3599 2 1 1 0x0 3.9892 4.0108 3.99 4.01 0.7993 0.8258 0.0003 0.0006 3.7545 -0.0855 -0.010818 -1.280025 12.13 
4.3639 2 1 1 0x0 3.9919 4.0081 3.99 4.01 1.0408 0.9034 0.0003 0.0002 3.7584 -0.0856 -0.008114 -1.276006 12.13 
4.3679 2 1 1 0x0 3.9919 4.0081 3.99 4.01 0.8645 1.0460 0.0003 0.0002 3.7620 -0.0856 -0.008114 -1.274046 12.13 
4.3719 2 1 1 0x0 3.9892 4.0108 3.99 4.01 1.0281 1.0112 0.0004 0.0007 3.7655 -0.0856 -0.010818 -1.273097 12.13 
4.3759 2 1 1 0x0 3.9919 4.0081 3.99 4.01 0.7655 1.0760 0.0005 0.0002 3.7693 -0.0857 -0.008114 -1.275752 12.13 
4.3799 2 1 1 0x0 3.9919 4.0081 3.99 4.01 1.0087 0.9172 0.0006 0.0002 3.7730 -0.0857 -0.008114 -1.275491 12.14 
4.3839 2 1 1 0x0 3.9892 4.0108 3.99 4.01 1.0440 1.0287 0.0003 0.0002 3.7768 -0.0857 -0.010818 -1.269531 12.14 
4.3879 2 1 1 0x0 3.9892 4.0108 3.99 4.01 0.8060 0.8275 0.0004 0.0003 3.7805 -0.0858 -0.010818 -1.272331 12.14 
4.3919 2 1 1 0x0 3.9892 4.0108 3.99 4.01 1.0893 0.9847 0.0005 0.0003 3.7841 -0.0858 -0.010818 -1.269392 12.13 
4.3959 2 1 1 0x0 3.9865 4.0135 3.99 4.01 0.9812 0.9350 0.0002 0.0003 3.7880 -0.0859 -0.013523 -1.259756 12.14 
4.3999 2 1 1 0x0 3.9892 4.0108 3.99 4.01 0.9905 1.0041 0.0007 0.0004 3.7914 -0.0859 -0.010818 -1.256073 12.14 
4.4039 2 1 1 0x0 3.9865 4.0135 3.99 4.01 1.0383 0.7989 0.0003 0.0005 3.7953 -0.0860 -0.013523 -1.256417 12.13 
4.4079 2 1 1 0x0 3.9865 4.0135 3.99 4.01 0.9323 1.0263 0.0005 0.0006 3.7989 -0.0860 -0.013523 -1.255539 12.14 
4.4119 2 1 1 0x0 3.9892 4.0108 3.99 4.01 1.0739 1.0139 0.0006 0.0002 3.8028 -0.0861 -0.010818 -1.252914 12.14 
4.4159 2 1 1 0x0 3.9865 4.0135 3.99 4.01 1.0394 0.7944 0.0003 0.0003 3.8066 -0.0861 -0.013523 -1.253927 12.14 
4.4199 2 1 1 0x0 3.9865 4.0135 3.99 4.01 0.9314 0.9666 0.0005 0.0004 3.8103 -0.0862 -0.013523 -1.252609 12.13 
4.4239 2 1 1 0x0 3.9865 4.0135 3.99 4.01 1.0067 0.8449 0.0006 0.0005 3.8139 -0.0862 -0.013523 -1.251553 12.13 
4.4279 2 1 1 0x0 3.9838 4.0162 3.98 4.02 1.0514 0.9848 0.0002 0.0006 3.8178 -0.0863 -0.016227 -1.253099 12.13 
4.4319 2 1 1 0x0 3.9838 4.0162 3.98 4.02 0.8657 0.8118 0.0004 0.0006 3.8215 -0.0863 -0.016227 -1.258351 12.14 
4.4359 2 1 1 0x0 3.9865 4.0135 3.99 4.01 1.0201 0.8881 0.0005 0.0002 3.8253 -0.0864 -0.013523 -1.256853 12.14 
4.4399 2 1 1 0x0 3.9865 4.0135 3.99 4.01 0.8163 1.0664 0.0006 0.0003 3.8290 -0.0864 -0.013523 -1.254054 12.13 
4.4439 2 1 1 0x0 3.9838 4.0162 3.98 4.02 1.0068 0.9640 0.0006 0.0007 3.8324 -0.0865 -0.016227 -1.250351 12.13 
4.4479 2 1 1 0x0 3.9811 4.0189 3.98 4.02 1.0571 0.7413 0.0002 0.0005 3.8363 -0.0865 -0.018932 -1.240679 12.13 
4.4519 2 1 1 0x0 3.9838 4.0162 3.98 4.02 0.9988 0.9924 0.0007 0.0004 3.8397 -0.0866 -0.016227 -1.235851 12.13 
4.4559 2 1 1 0x0 3.9811 4.0189 3.98 4.02 1.0494 0.8708 0.0003 0.0004 3.8436 -0.0867 -0.018932 -1.239303 12.14 
4.4599 2 1 1 0x0 3.9811 4.0189 3.98 4.02 0.9184 1.0201 0.0004 0.0004 3.8472 -0.0867 -0.018932 -1.238746 12.14 
4.4639 2 1 1 0x0 3.9811 4.0189 3.98 4.02 1.0223 0.7876 0.0005 0.0004 3.8509 -0.0868 -0.018932 -1.237780 12.13 
4.4679 2 1 1 0x0 3.9784 4.0216 3.98 4.02 1.0658 1.0491 0.0002 0.0004 3.8547 -0.0869 -0.021636 -1.245324 12.14 
4.4719 2 1 1 0x0 3.9784 4.0216 3.98 4.02 0.9704 0.8832 0.0003 0.0005 3.8584 -0.0870 -0.021636 -1.246749 12.13 
4.4759 2 1 1 0x0 3.9784 4.0216 3.98 4.02 1.1022 1.0728 0.0005 0.0006 3.8620 -0.0871 -0.021636 -1.244633 12.13 
4.4799 2 1 1 0x0 3.9784 4.0216 3.98 4.02 1.0624 0.9905 0.0002 0.0002 3.8661 -0.0871 -0.021636 -1.246962 12.15 
4.4839 2 1 1 0x0 3.9784 4.0216 3.98 4.02 0.9191 0.9298 0.0004 0.0003 3.8697 -0.0872 -0.021636 -1.254231 12.15 
4.4879 2 1 1 0x0 3.9784 4.0216 3.98 4.02 1.0122 1.0855 0.0006 0.0005 3.8734 -0.0873 -0.021636 -1.250680 12.14 
4.4919 2 1 1 0x0 3.9757 4.0243 3.98 4.02 0.9958 0.7945 0.0002 0.0006 3.8772 -0.0874 -0.024341 -1.250151 12.14 
4.4959 2 1 1 0x0 3.9811 4.0189 3.98 4.02 1.0109 0.9206 0.0007 0.0003 3.8809 -0.0875 -0.018932 -1.254056 12.14 
4.4999 2 1 1 0x0 3.9811 4.0189 3.98 4.02 0.8800 1.0977 0.0006 0.0004 3.8845 -0.0875 -0.018932 -1.250568 12.13 
4.5039 2 1 1 0x0 3.9811 4.0189 3.98 4.02 1.0204 0.7853 0.0006 0.0003 3.8882 -0.0876 -0.018932 -1.247118 12.14 
4.5079 2 1 1 0x0 3.9784 4.0216 3.98 4.02 0.8067 0.7256 0.0006 0.0006 3.8916 -0.0877 -0.021636 -1.244414 12.13 
4.5119 2 1 1 0x0 3.9784 4.0216 3.98 4.02 1.0246 1.0241 0.0006 0.0005 3.8953 -0.0878 -0.021636 -1.243537 12.14 
4.5159 2 1 1 0x0 3.9757 4.0243 3.98 4.02 0.9933 0.9006 0.0003 0.0005 3.8991 -0.0879 -0.024341 -1.242078 12.13 
4.5199 2 1 1 0x0 3.9757 4.0243 3.98 4.02 0.8339 0.9802 0.0004 0.0005 3.9028 -0.0879 -0.024341 -1.242146 12.13 
4.5239 2 1 1 0x0 3.9757 4.0243 3.98 4.02 1.0383 0.8134 0.0005 0.0005 3.9064 -0.0880 -0.024341 -1.241662 12.14 
4.5279 2 1 1 0x0 3.9730 4.0270 3.97 4.03 1.0760 1.0069 0.0002 0.0004 3.9103 -0.0881 -0.027046 -1.243797 12.13 
4.5319 2 1 1 0x0 3.9730 4.0270 3.97 4.03 0.8329 0.9764 0.0004 0.0005 3.9139 -0.0882 -0.027046 -1.247473 12.13 
4.5359 2 1 1 0x0 3.9730 4.0270 3.97 4.03 1.0359 0.9636 0.0005 0.0006 3.9176 -0.0883 -0.027046 -1.248253 12.14 
4.5399 2 1 1 0x0 3.9702 4.0297 3.97 4.03 1.0692 0.7408 0.0003 0.0004 3.9214 -0.0884 -0.029750 -1.241942 12.13 
4.5439 2 1 1 0x0 3.9675 4.0325 3.97 4.03 0.7853 0.7560 0.0003 0.0007 3.9249 -0.0885 -0.032455 -1.236806 12.12 
4.5479 2 1 1 0x0 3.9675 4.0325 3.97 4.03 0.9906 0.9703 0.0003 0.0005 3.9285 -0.0886 -0.032455 -1.234751 12.13 
4.5519 2 1 1 0x0 3.9675 4.0325 3.97 4.03 0.9086 0.8882 0.0004 0.0004 3.9322 -0.0888 -0.032455 -1.231441 12.12 
4.5559 2 1 1 0x0 3.9675 4.0325 3.97 4.03 1.0390 0.9967 0.0005 0.0004 3.9358 -0.0889 -0.032455 -1.228360 12.13 
4.5599 2 1 1 0x0 3.9675 4.0325 3.97 4.03 0.8043 0.8015 0.0006 0.0003 3.9395 -0.0890 -0.032455 -1.226683 12.13 
4.5639 2 1 1 0x0 3.9648 4.0352 3.96 4.04 0.8945 1.0259 0.0003 0.0003 3.9433 -0.0891 -0.035159 -1.227794 12.13 
4.5679 2 1 1 0x0 3.9648 4.0352 3.96 4.04 1.0502 0.8991 0.0004 0.0003 3.9470 -0.0893 -0.035159 -1.232130 12.12 
4.5719 2 1 1 0x0 3.9648 4.0352 3.96 4.04 0.7995 1.0506 0.0005 0.0004 3.9506 -0.0894 -0.035159 -1.241498 12.13 
4.5759 2 1 1 0x0 3.9621 4.0379 3.96 4.04 0.8938 0.8155 0.0003 0.0005 3.9545 -0.0895 -0.037864 -1.248161 12.14 
4.5799 2 1 1 0x0 3.9621 4.0379 3.96 4.04 1.1254 1.0734 0.0004 0.0006 3.9581 -0.0897 -0.037864 -1.247129 12.14 
4.5839 2 1 1 0x0 3.9648 4.0352 3.96 4.04 0.8052 1.0601 0.0006 0.0003 3.9620 -0.0898 -0.035159 -1.243343 12.14 
4.5879 2 1 1 0x0 3.9621 4.0379 3.96 4.04 0.8977 0.8096 0.0003 0.0004 3.9658 -0.0900 -0.037864 -1.241120 12.14 
4.5918 2 1 1 0x0 3.9621 4.0379 3.96 4.04 1.1193 1.0829 0.0005 0.0005 3.9695 -0.0901 -0.037864 -1.237561 12.14 
4.5958 2 1 1 0x0 3.9621 4.0379 3.96 4.04 1.0066 1.0681 0.0002 0.0003 3.9735 -0.0902 -0.037864 -1.233355 12.13 
4.5998 2 1 1 0x0 3.9621 4.0379 3.96 4.04 0.9019 0.8053 0.0004 0.0004 3.9772 -0.0904 -0.037864 -1.230597 12.14 
4.6038 2 1 1 0x0 3.9621 4.0379 3.96 4.04 1.0370 1.0169 0.0005 0.0005 3.9808 -0.0905 -0.037864 -1.227386 12.13 
4.6078 2 1 1 0x0 3.9621 4.0379 3.96 4.04 0.8016 0.9078 0.0006 0.0005 3.9845 -0.0907 -0.037864 -1.225021 12.13 
4.6118 2 1 1 0x0 3.9621 4.0379 3.96 4.04 0.9710 1.0414 0.0005 0.0006 3.9881 -0.0908 -0.037864 -1.220823 12.13 
4.6158 2 1 1 0x0 3.9621 4.0379 3.96 4.04 0.8645 0.8194 0.0006 0.0006 3.9918 -0.0909 -0.037864 -1.221566 12.13 
4.6198 2 1 1 0x0 3.9648 4.0352 3.96 4.04 1.0308 0.8955 0.0006 0.0002 3.9956 -0.0911 -0.035159 -1.227818 12.13 
4.6238 2 1 1 0x0 3.9648 4.0352 3.96 4.04 0.8032 1.0534 0.0006 0.0004 3.9993 -0.0912 -0.035159 -1.228904 12.14 
4.6278 2 1 1 0x0 3.9621 4.0379 3.96 4.04 0.8906 0.8128 0.0003 0.0004 4.0031 -0.0914 -0.037864 -1.237019 12.13 
4.6318 2 1 1 0x0 3.9621 4.0379 3.96 4.04 1.0588 1.0036 0.0004 0.0006 4.0068 -0.0915 -0.037864 -1.235877 12.14 
4.6358 2 1 1 0x0 3.9648 4.0352 3.96 4.04 0.8414 1.0606 0.0005 0.0003 4.0106 -0.0916 -0.035159 -1.237953 12.14 
4.6398 2 1 1 0x0 3.9648 4.0352 3.96 4.04 1.0337 0.8099 0.0006 0.0004 4.0143 -0.0918 -0.035159 -1.245173 12.14 
4.6438 2 1 1 0x0 3.9648 4.0352 3.96 4.04 0.9233 1.0071 0.0006 0.0005 4.0179 -0.0919 -0.035159 -1.244246 12.13 
4.6478 2 1 1 0x0 3.9675 4.0325 3.97 4.03 0.9699 1.0653 0.0005 0.0003 4.0218 -0.0920 -0.032455 -1.244794 12.14 
4.6518 2 1 1 0x0 3.9702 4.0297 3.97 4.03 0.9458 0.8061 0.0008 0.0004 4.0252 -0.0921 -0.029750 -1.239611 12.13 
4.6558 2 1 1 0x0 3.9702 4.0297 3.97 4.03 0.7981 1.0175 0.0005 0.0004 4.0289 -0.0923 -0.029750 -1.235513 12.13 
4.6598 2 1 1 0x0 3.9702 4.0297 3.97 4.03 0.9875 0.8558 0.0004 0.0005 4.0325 -0.0924 -0.029750 -1.239773 12.13 
4.6638 2 1 1 0x0 3.9702 4.0297 3.97 4.03 0.9538 1.0383 0.0003 0.0006 4.0362 -0.0925 -0.029750 -1.237631 12.13 
4.6678 2 1 1 0x0 3.9730 4.0270 3.97 4.03 1.0687 1.0270 0.0003 0.0002 4.0400 -0.0926 -0.027046 -1.235626 12.13 
4.6718 2 1 1 0x0 3.9730 4.0270 3.97 4.03 0.8241 0.8991 0.0003 0.0003 4.0437 -0.0927 -0.027046 -1.236928 12.12 
4.6758 2 1 1 0x0 3.9730 4.0270 3.97 4.03 0.9913 0.9789 0.0004 0.0005 4.0473 -0.0928 -0.027046 -1.237128 12.13 
4.6798 2 1 1 0x0 3.9730 4.0270 3.97 4.03 0.9070 0.7733 0.0004 0.0005 4.0510 -0.0929 -0.027046 -1.239101 12.13 
4.6838 2 1 1 0x0 3.9730 4.0270 3.97 4.03 1.0330 1.0018 0.0006 0.0005 4.0546 -0.0930 -0.027046 -1.242680 12.13 
4.6878 2 1 1 0x0 3.9702 4.0297 3.97 4.03 1.0802 0.8660 0.0002 0.0006 4.0585 -0.0931 -0.029750 -1.237963 12.13 
4.6918 2 1 1 0x0 3.9702 4.0297 3.97 4.03 0.9017 1.0274 0.0004 0.0005 4.0621 -0.0932 -0.029750 -1.233440 12.13 
4.6958 2 1 1 0x0 3.9702 4.0297 3.97 4.03 1.0434 0.7830 0.0005 0.0004 4.0658 -0.0933 -0.029750 -1.229366 12.14 
4.6998 2 1 1 0x0 3.9702 4.0297 3.97 4.03 0.8000 0.9883 0.0006 0.0003 4.0694 -0.0934 -0.029750 -1.226205 12.13 
4.7038 2 1 1 0x0 3.9702 4.0297 3.97 4.03 1.0358 0.8750 0.0006 0.0003 4.0731 -0.0935 -0.029750 -1.225676 12.14 
4.7078 2 1 1 0x0 3.9675 4.0325 3.97 4.03 1.0770 1.0142 0.0003 0.0003 4.0769 -0.0936 -0.032455 -1.225243 12.14 
4.7118 2 1 1 0x0 3.9675 4.0325 3.97 4.03 0.8266 0.7922 0.0003 0.0003 4.0806 -0.0938 -0.032455 -1.226316 12.13 
4.7158 2 1 1 0x0 3.9675 4.0325 3.97 4.03 1.0525 1.0389 0.0004 0.0003 4.0842 -0.0939 -0.032455 -1.234319 12.15 
4.7198 2 1 1 0x0 3.9675 4.0325 3.97 4.03 0.8665 0.9476 0.0006 0.0004 4.0879 -0.0940 -0.032455 -1.236466 12.14 
4.7238 2 1 1 0x0 3.9648 4.0352 3.96 4.04 0.8232 1.0602 0.0003 0.0005 4.0917 -0.0941 -0.035159 -1.236224 12.14 
4.7278 2 1 1 0x0 3.9648 4.0352 3.96 4.04 1.0536 0.8096 0.0004 0.0006 4.0954 -0.0943 -0.035159 -1.239262 12.14 
4.7318 2 1 1 0x0 3.9675 4.0325 3.97 4.03 0.8001 0.8850 0.0003 0.0003 4.0992 -0.0944 -0.032455 -1.234265 12.14 
4.7358 2 1 1 0x0 3.9702 4.0297 3.97 4.03 0.8151 1.0675 0.0005 0.0005 4.1027 -0.0945 -0.029750 -1.227994 12.13 
4.7398 2 1 1 0x0 3.9702 4.0297 3.97 4.03 0.9319 0.7631 0.0003 0.0005 4.1063 -0.0946 -0.029750 -1.226969 12.13 
4.7438 2 1 1 0x0 3.9730 4.0270 3.97 4.03 1.0239 1.0197 0.0006 0.0006 4.1098 -0.0947 -0.027046 -1.226402 12.14 
4.7478 2 1 1 0x0 3.9757 4.0243 3.98 4.02 0.7591 1.0092 0.0005 0.0002 4.1136 -0.0948 -0.024341 -1.231075 12.14 
4.7518 2 1 1 0x0 3.9730 4.0270 3.97 4.03 0.9739 1.0450 0.0005 0.0007 4.1171 -0.0949 -0.027046 -1.237563 12.14 
4.7558 2 1 1 0x0 3.9757 4.0243 3.98 4.02 0.8622 0.9678 0.0005 0.0003 4.1209 -0.0950 -0.024341 -1.237820 12.14 
4.7598 2 1 1 0x0 3.9757 4.0243 3.98 4.02 1.0286 0.9501 0.0006 0.0003 4.1246 -0.0951 -0.024341 -1.246855 12.14 
4.7638 2 1 1 0x0 3.9730 4.0270 3.97 4.03 1.0755 0.9872 0.0002 0.0005 4.1284 -0.0952 -0.027046 -1.246626 12.14 
4.7678 2 1 1 0x0 3.9730 4.0270 3.97 4.03 0.9048 0.8108 0.0004 0.0005 4.1321 -0.0953 -0.027046 -1.244339 12.14 
4.7718 2 1 1 0x0 3.9730 4.0270 3.97 4.03 1.0328 1.0804 0.0005 0.0006 4.1357 -0.0954 -0.027046 -1.243488 12.14 
4.7758 2 1 1 0x0 3.9730 4.0270 3.97 4.03 1.0709 0.9970 0.0002 0.0003 4.1398 -0.0955 -0.027046 -1.239152 12.14 
4.7798 2 1 1 0x0 3.9730 4.0270 3.97 4.03 0.9709 0.8498 0.0004 0.0004 4.1434 -0.0956 -0.027046 -1.238140 12.14 
4.7838 2 1 1 0x0 3.9730 4.0270 3.97 4.03 1.0239 1.0194 0.0006 0.0005 4.1471 -0.0957 -0.027046 -1.243767 12.14 
4.7878 2 1 1 0x0 3.9702 4.0297 3.97 4.03 1.0629 0.9062 0.0003 0.0006 4.1509 -0.0958 -0.029750 -1.251750 12.14 
4.7918 2 1 1 0x0 3.9702 4.0297 3.97 4.03 0.8614 1.0409 0.0005 0.0007 4.1546 -0.0959 -0.029750 -1.248820 12.13 
4.7958 2 1 1 0x0 3.9730 4.0270 3.97 4.03 1.0220 1.0294 0.0006 0.0003 4.1584 -0.0960 -0.027046 -1.253140 12.14 
4.7998 2 1 1 0x0 3.9702 4.0297 3.97 4.03 1.0606 0.9573 0.0003 0.0005 4.1623 -0.0961 -0.029750 -1.257757 12.13 
4.8038 2 1 1 0x0 3.9702 4.0297 3.97 4.03 0.9184 1.1284 0.0005 0.0007 4.1659 -0.0962 -0.029750 -1.255962 12.14 
4.8078 2 1 1 0x0 3.9730 4.0270 3.97 4.03 1.0187 1.0354 0.0007 0.0004 4.1698 -0.0963 -0.027046 -1.253048 12.13 
4.8118 2 1 1 0x0 3.9702 4.0297 3.97 4.03 1.0610 0.8940 0.0004 0.0005 4.1736 -0.0964 -0.029750 -1.248719 12.14 
4.8158 2 1 1 0x0 3.9702 4.0297 3.97 4.03 0.8639 1.0566 0.0005 0.0006 4.1773 -0.0965 -0.029750 -1.245911 12.14 
4.8198 2 1 1 0x0 3.9702 4.0297 3.97 4.03 0.8231 1.0432 0.0003 0.0002 4.1813 -0.0967 -0.029750 -1.248612 12.13 
4.8238 2 1 1 0x0 3.9702 4.0297 3.97 4.03 1.0510 0.9444 0.0004 0.0004 4.1850 -0.0968 -0.029750 -1.246932 12.13 
4.8278 2 1 1 0x0 3.9702 4.0297 3.97 4.03 0.8703 1.0635 0.0006 0.0005 4.1886 -0.0969 -0.029750 -1.244678 12.13 
4.8318 2 1 1 0x0 3.9675 4.0325 3.97 4.03 0.8240 0.8080 0.0003 0.0006 4.1925 -0.0970 -0.032455 -1.250244 12.13 
4.8358 2 1 1 0x0 3.9675 4.0325 3.97 4.03 1.0018 1.0875 0.0002 0.0006 4.1961 -0.0971 -0.032455 -1.249427 12.13 
4.8398 2 1 1 0x0 3.9702 4.0297 3.97 4.03 0.8434 1.0725 0.0003 0.0003 4.2000 -0.0972 -0.029750 -1.248608 12.13 
4.8438 2 1 1 0x0 3.9702 4.0297 3.97 4.03 0.9949 0.8021 0.0003 0.0004 4.2036 -0.0973 -0.029750 -1.245800 12.13 
4.8478 2 1 1 0x0 3.9702 4.0297 3.97 4.03 0.8259 0.9573 0.0003 0.0004 4.2073 -0.0974 -0.029750 -1.243999 12.13 
4.8518 2 1 1 0x0 3.9702 4.0297 3.97 4.03 1.0656 0.8492 0.0003 0.0005 4.2109 -0.0976 -0.029750 -1.243073 12.13 
4.8558 2 1 1 0x0 3.9702 4.0297 3.97 4.03 0.9605 0.9798 0.0004 0.0005 4.2146 -0.0977 -0.029750 -1.247951 12.13 
4.8598 2 1 1 0x0 3.9702 4.0297 3.97 4.03 1.0445 0.7729 0.0005 0.0006 4.2182 -0.0978 -0.029750 -1.247000 12.14 
4.8638 2 1 1 0x0 3.9702 4.0297 3.97 4.03 0.7987 1.0019 0.0005 0.0006 4.2219 -0.0979 -0.029750 -1.248883 12.13 
4.8678 2 1 1 0x0 3.9730 4.0270 3.97 4.03 1.0346 1.0607 0.0005 0.0003 4.2257 -0.0980 -0.027046 -1.250029 12.13 
4.8718 2 1 1 0x0 3.9702 4.0297 3.97 4.03 0.8709 1.0230 0.0006 0.0007 4.2292 -0.0981 -0.029750 -1.243012 12.13 
4.8758 2 1 1 0x0 3.9730 4.0270 3.97 4.03 1.0221 1.0163 0.0006 0.0002 4.2330 -0.0982 -0.027046 -1.239089 12.13 
4.8798 2 1 1 0x0 3.9702 4.0297 3.97 4.03 0.7639 0.9228 0.0006 0.0006 4.2365 -0.0983 -0.029750 -1.237951 12.13 
4.8838 2 1 1 0x0 3.9702 4.0297 3.97 4.03 1.0313 0.8782 0.0006 0.0005 4.2401 -0.0984 -0.029750 -1.233747 12.13 
4.8878 2 1 1 0x0 3.9702 4.0297 3.97 4.03 0.8178 0.9451 0.0005 0.0005 4.2438 -0.0985 -0.029750 -1.231896 12.12 
4.8918 2 1 1 0x0 3.9702 4.0297 3.97 4.03 1.0439 0.7540 0.0005 0.0004 4.2474 -0.0986 -0.029750 -1.230437 12.12 
4.8958 2 1 1 0x0 3.9702 4.0297 3.97 4.03 0.7118 0.9692 0.0004 0.0004 4.2511 -0.0987 -0.029750 -1.227935 12.13 
4.8998 2 1 1 0x0 3.9702 4.0297 3.97 4.03 0.9931 0.8907 0.0003 0.0004 4.2547 -0.0988 -0.029750 -1.224266 12.13 
4.9038 2 1 1 0x0 3.9702 4.0297 3.97 4.03 0.8992 0.9941 0.0003 0.0004 4.2584 -0.0989 -0.029750 -1.225704 12.13 
4.9078 2 1 1 0x0 3.9702 4.0297 3.97 4.03 1.0542 0.8064 0.0004 0.0004 4.2620 -0.0991 -0.029750 -1.232799 12.13 
4.9118 2 1 1 0x0 3.9702 4.0297 3.97 4.03 0.7938 1.0175 0.0004 0.0004 4.2657 -0.0992 -0.029750 -1.241346 12.13 
4.9158 2 1 1 0x0 3.9702 4.0297 3.97 4.03 1.0387 0.9081 0.0005 0.0005 4.2693 -0.0993 -0.029750 -1.235011 12.13 
4.9198 2 1 1 0x0 3.9675 4.0325 3.97 4.03 1.0719 1.1155 0.0002 0.0006 4.2732 -0.0994 -0.032455 -1.234913 12.13 
4.9238 2 1 1 0x0 3.9702 4.0297 3.97 4.03 0.8307 1.0255 0.0003 0.0003 4.2770 -0.0995 -0.029750 -1.235159 12.13 
4.9278 2 1 1 0x0 3.9702 4.0297 3.97 4.03 0.9777 0.9003 0.0004 0.0003 4.2807 -0.0996 -0.029750 -1.225451 12.13 
4.9318 2 1 1 0x0 3.9702 4.0297 3.97 4.03 0.8066 1.0496 0.0004 0.0004 4.2843 -0.0997 -0.029750 -1.221306 12.13 
4.9358 2 1 1 0x0 3.9675 4.0325 3.97 4.03 0.9951 0.9502 0.0003 0.0007 4.2878 -0.0998 -0.032455 -1.217121 12.14 
4.9398 2 1 1 0x0 3.9702 4.0297 3.97 4.03 1.0191 0.7906 0.0006 0.0007 4.2912 -0.0999 -0.029750 -1.213378 12.13 
4.9438 2 1 1 0x0 3.9702 4.0297 3.97 4.03 0.8036 0.9756 0.0005 0.0006 4.2949 -0.1000 -0.029750 -1.216237 12.14 
4.9478 2 1 1 0x0 3.9730 4.0270 3.97 4.03 1.0329 1.0346 0.0005 0.0002 4.2987 -0.1002 -0.027046 -1.226555 12.14 
4.9518 2 1 1 0x0 3.9702 4.0297 3.97 4.03 0.8223 1.0705 0.0006 0.0007 4.3022 -0.1003 -0.029750 -1.238694 12.13 
4.9558 2 1 1 0x0 3.9730 4.0270 3.97 4.03 1.0204 0.9893 0.0006 0.0003 4.3060 -0.1004 -0.027046 -1.241007 12.14 
4.9598 2 1 1 0x0 3.9702 4.0297 3.97 4.03 1.0697 0.9324 0.0002 0.0004 4.3099 -0.1005 -0.029750 -1.241902 12.14 
4.9638 2 1 1 0x0 3.9702 4.0297 3.97 4.03 0.9069 1.0783 0.0004 0.0006 4.3135 -0.1006 -0.029750 -1.247638 12.14 
4.9678 2 1 1 0x0 3.9730 4.0270 3.97 4.03 1.0368 0.9946 0.0005 0.0003 4.3174 -0.1007 -0.027046 -1.243636 12.13 
4.9718 2 1 1 0x0 3.9730 4.0270 3.97 4.03 0.8086 0.9900 0.0006 0.0004 4.3210 -0.1008 -0.027046 -1.238994 12.13 
4.9758 2 1 1 0x0 3.9702 4.0297 3.97 4.03 0.9016 1.0855 0.0003 0.0006 4.3249 -0.1009 -0.029750 -1.235212 12.14 
4.9798 2 1 1 0x0 3.9730 4.0270 3.97 4.03 1.0385 1.0720 0.0005 0.0002 4.3287 -0.1010 -0.027046 -1.233455 12.14 
4.9838 2 1 1 0x0 3.9730 4.0270 3.97 4.03 0.8551 0.8691 0.0006 0.0004 4.3324 -0.1011 -0.027046 -1.229807 12.13 
4.9878 2 1 1 0x0 3.9730 4.0270 3.97 4.03 1.0173 1.0186 0.0006 0.0005 4.3360 -0.1012 -0.027046 -1.226588 12.14 
4.9918 2 1 1 0x0 3.9730 4.0270 3.97 4.03 0.8638 0.7914 0.0005 0.0006 4.3397 -0.1013 -0.027046 -1.222677 12.14 
4.9958 2 1 1 0x0 3.9730 4.0270 3.97 4.03 0.8321 1.0424 0.0007 0.0006 4.3433 -0.1014 -0.027046 -1.218600 12.13 
4.9998 2 1 1 0x0 3.9784 4.0216 3.98 4.02 0.9668 1.0306 0.0005 0.0003 4.3470 -0.1015 -0.021636 -1.222427 12.14 
5.0038 2 1 1 0x0 3.9784 4.0216 3.98 4.02 0.7916 0.8273 0.0004 0.0004 4.3506 -0.1016 -0.021636 -1.234572 12.13 
5.0078 2 1 1 0x0 3.9784 4.0216 3.98 4.02 0.9876 1.0545 0.0003 0.0004 4.3543 -0.1016 -0.021636 -1.242234 12.14 
5.0118 2 1 1 0x0 3.9784 4.0216 3.98 4.02 0.9631 0.9368 0.0003 0.0005 4.3579 -0.1017 -0.021636 -1.239608 12.14 
5.0158 2 1 1 0x0 3.9784 4.0216 3.98 4.02 1.0497 1.0729 0.0004 0.0007 4.3616 -0.1018 -0.021636 -1.244184 12.14 
5.0198 2 1 1 0x0 3.9811 4.0189 3.98 4.02 0.8407 0.9893 0.0004 0.0004 4.3654 -0.1019 -0.018932 -1.252120 12.14 
5.0238 2 1 1 0x0 3.9811 4.0189 3.98 4.02 1.0314 0.9324 0.0005 0.0005 4.3691 -0.1019 -0.018932 -1.246698 12.15 
5.0278 2 1 1 0x0 3.9784 4.0216 3.98 4.02 1.0750 1.0066 0.0002 0.0006 4.3730 -0.1020 -0.021636 -1.242337 12.14 
5.0318 2 1 1 0x0 3.9838 4.0162 3.98 4.02 1.0836 0.9962 0.0007 0.0003 4.3766 -0.1021 -0.016227 -1.238445 12.14 
5.0358 2 1 1 0x0 3.9811 4.0189 3.98 4.02 1.0598 0.9245 0.0003 0.0004 4.3805 -0.1022 -0.018932 -1.235205 12.14 
5.0398 2 1 1 0x0 3.9838 4.0162 3.98 4.02 0.9513 1.0898 0.0007 0.0005 4.3839 -0.1022 -0.016227 -1.231343 12.14 
5.0438 2 1 1 0x0 3.9838 4.0162 3.98 4.02 0.7655 0.8376 0.0004 0.0006 4.3876 -0.1023 -0.016227 -1.228507 12.14 
5.0478 2 1 1 0x0 3.9892 4.0108 3.99 4.01 0.8258 0.9172 0.0006 0.0003 4.3912 -0.1023 -0.010818 -1.226408 12.13 
5.0518 2 1 1 0x0 3.9892 4.0108 3.99 4.01 0.9709 1.1009 0.0005 0.0004 4.3949 -0.1024 -0.010818 -1.226664 12.13 
5.0558 2 1 1 0x0 3.9892 4.0108 3.99 4.01 0.7889 0.8306 0.0003 0.0005 4.3985 -0.1024 -0.010818 -1.226495 12.14 
5.0598 2 1 1 0x0 3.9892 4.0108 3.99 4.01 1.0607 0.9791 0.0003 0.0006 4.4022 -0.1024 -0.010818 -1.228883 12.14 
5.0638 2 1 1 0x0 3.9919 4.0081 3.99 4.01 0.8486 1.0356 0.0003 0.0003 4.4060 -0.1025 -0.008114 -1.233235 12.13 
5.0678 2 1 1 0x0 3.9919 4.0081 3.99 4.01 0.9899 0.8242 0.0003 0.0004 4.4097 -0.1025 -0.008114 -1.229757 12.13 
5.0718 2 1 1 0x0 3.9946 4.0054 3.99 4.01 1.0107 0.9896 0.0007 0.0005 4.4131 -0.1025 -0.005409 -1.227826 12.13 
5.0758 2 1 1 0x0 3.9946 4.0054 3.99 4.01 0.7658 0.8738 0.0006 0.0005 4.4168 -0.1025 -0.005409 -1.226521 12.13 
5.0798 2 1 1 0x0 3.9946 4.0054 3.99 4.01 1.0289 1.0153 0.0006 0.0006 4.4204 -0.1026 -0.005409 -1.226616 12.13 
5.0838 2 1 1 0x0 3.9946 4.0054 3.99 4.01 0.8704 0.7903 0.0006 0.0006 4.4241 -0.1026 -0.005409 -1.227316 12.14 
5.0878 2 1 1 0x0 3.9946 4.0054 3.99 4.01 1.0233 0.9746 0.0006 0.0006 4.4277 -0.1026 -0.005409 -1.233997 12.13 
5.0918 2 1 1 0x0 3.9973 4.0027 4.00 4.00 0.7671 1.0330 0.0006 0.0003 4.4316 -0.1026 -0.002705 -1.241435 12.14 
5.0958 2 1 1 0x0 3.9946 4.0054 3.99 4.01 0.9557 0.7823 0.0003 0.0004 4.4354 -0.1026 -0.005409 -1.241115 12.14 
5.0998 2 1 1 0x0 3.9946 4.0054 3.99 4.01 1.0587 0.9861 0.0003 0.0005 4.4391 -0.1027 -0.005409 -1.234704 12.13 
5.1038 2 1 1 0x0 3.9973 4.0027 4.00 4.00 0.7846 1.0421 0.0003 0.0002 4.4429 -0.1027 -0.002705 -1.234665 12.13 
5.1078 2 1 1 0x0 4.0000 4.0000 4.00 4.00 0.7656 0.8204 0.0006 0.0003 4.4464 -0.1027 -0.000000 -1.233667 12.13 
5.1118 2 1 1 0x0 4.0000 4.0000 4.00 4.00 0.9325 0.9935 0.0003 0.0004 4.4500 -0.1027 -0.000000 -1.223885 12.12 
5.1158 2 1 1 0x0 4.0027 3.9973 4.00 4.00 0.9164 0.9284 0.0005 0.0005 4.4535 -0.1027 0.002704 -1.222154 12.13 
5.1198 2 1 1 0x0 4.0054 3.9946 4.01 3.99 0.9548 1.0124 0.0007 0.0006 4.4569 -0.1027 0.005409 -1.224287 12.13 
5.1238 2 1 1 0x0 4.0081 3.9919 4.01 3.99 0.8630 1.0742 0.0005 0.0002 4.4608 -0.1026 0.008113 -1.221434 12.13 
5.1278 2 1 1 0x0 4.0081 3.9919 4.01 3.99 0.9832 0.9218 0.0004 0.0004 4.4644 -0.1026 0.008113 -1.226893 12.13 
5.1318 2 1 1 0x0 4.0081 3.9919 4.01 3.99 0.7443 1.0211 0.0003 0.0005 4.4681 -0.1026 0.008113 -1.233629 12.13 
5.1358 2 1 1 0x0 4.0081 3.9919 4.01 3.99 1.0720 0.7891 0.0003 0.0006 4.4717 -0.1025 0.008113 -1.228510 12.12 
5.1398 2 1 1 0x0 4.0108 3.9892 4.01 3.99 0.8417 0.9121 0.0003 0.0003 4.4756 -0.1025 0.010818 -1.232379 12.13 
5.1438 2 1 1 0x0 4.0108 3.9892 4.01 3.99 0.9952 1.0320 0.0003 0.0004 4.4792 -0.1025 0.010818 -1.243325 12.13 
5.1478 2 1 1 0x0 4.0108 3.9892 4.01 3.99 0.7858 0.7827 0.0003 0.0005 4.4829 -0.1024 0.010818 -1.250481 12.14 
5.1518 2 1 1 0x0 4.0135 3.9865 4.01 3.99 1.0543 0.9645 0.0004 0.0002 4.4867 -0.1024 0.013523 -1.250199 12.13 
5.1558 2 1 1 0x0 4.0135 3.9865 4.01 3.99 0.9197 1.0412 0.0006 0.0004 4.4904 -0.1023 0.013523 -1.248877 12.14 
5.1598 2 1 1 0x0 4.0135 3.9865 4.01 3.99 1.0332 0.7774 0.0006 0.0005 4.4940 -0.1023 0.013523 -1.252533 12.12 
5.1638 2 1 1 0x0 4.0135 3.9865 4.01 3.99 0.7920 1.0638 0.0005 0.0006 4.4977 -0.1022 0.013523 -1.251303 12.13 
5.1678 2 1 1 0x0 4.0189 3.9811 4.02 3.98 0.7652 1.0509 0.0007 0.0003 4.5013 -0.1022 0.018932 -1.246443 12.13 
5.1718 2 1 1 0x0 4.0189 3.9811 4.02 3.98 0.9339 0.8147 0.0003 0.0004 4.5050 -0.1021 0.018932 -1.236720 12.14 
5.1758 2 1 1 0x0 4.0216 3.9784 4.02 3.98 0.9174 1.0033 0.0005 0.0005 4.5084 -0.1020 0.021636 -1.230607 12.13 
5.1798 2 1 1 0x0 4.0216 3.9784 4.02 3.98 0.8388 0.9782 0.0003 0.0006 4.5121 -0.1019 0.021636 -1.233422 12.13 
5.1838 2 1 1 0x0 4.0243 3.9757 4.02 3.98 0.8175 1.1022 0.0006 0.0007 4.5155 -0.1019 0.024341 -1.236919 12.13 
5.1878 2 1 1 0x0 4.0270 3.9730 4.03 3.97 0.9776 1.0172 0.0005 0.0003 4.5194 -0.1018 0.027045 -1.250862 12.13 
5.1918 2 1 1 0x0 4.0270 3.9730 4.03 3.97 0.7513 0.9070 0.0005 0.0004 4.5230 -0.1017 0.027045 -1.258649 12.14 
5.1958 2 1 1 0x0 4.0270 3.9730 4.03 3.97 1.0409 1.0392 0.0005 0.0005 4.5267 -0.1016 0.027045 -1.260198 12.13 
5.1998 2 1 1 0x0 4.0243 3.9757 4.02 3.98 1.0781 0.7783 0.0003 0.0006 4.5305 -0.1015 0.024341 -1.263776 12.12 
5.2038 2 1 1 0x0 4.0270 3.9730 4.03 3.97 0.8288 0.9570 0.0004 0.0002 4.5344 -0.1014 0.027045 -1.265388 12.15 
5.2078 2 1 1 0x0 4.0270 3.9730 4.03 3.97 1.1209 1.0502 0.0006 0.0004 4.5380 -0.1013 0.027045 -1.265650 12.14 
5.2118 2 1 1 0x0 4.0243 3.9757 4.02 3.98 1.0052 0.8162 0.0003 0.0005 4.5419 -0.1012 0.024341 -1.266812 12.14 
5.2158 2 1 1 0x0 4.0270 3.9730 4.03 3.97 0.9061 1.0046 0.0006 0.0004 4.5453 -0.1011 0.027045 -1.261033 12.13 
5.2198 2 1 1 0x0 4.0270 3.9730 4.03 3.97 0.9048 0.9793 0.0006 0.0006 4.5486 -0.1010 0.027045 -1.254252 12.12 
5.2238 2 1 1 0x0 4.0297 3.9703 4.03 3.97 0.9538 0.8761 0.0007 0.0004 4.5520 -0.1009 0.029750 -1.252088 12.12 
5.2278 2 1 1 0x0 4.0297 3.9703 4.03 3.97 0.7488 0.9525 0.0005 0.0002 4.5557 -0.1008 0.029750 -1.256221 12.13 
5.2318 2 1 1 0x0 4.0270 3.9730 4.03 3.97 1.0070 0.9901 0.0003 0.0005 4.5591 -0.1007 0.027045 -1.266318 12.13 
5.2358 2 1 1 0x0 4.0270 3.9730 4.03 3.97 0.9425 0.7630 0.0003 0.0004 4.5628 -0.1006 0.027045 -1.267287 12.13 
5.2398 2 1 1 0x0 4.0270 3.9730 4.03 3.97 1.0073 0.9590 0.0003 0.0003 4.5664 -0.1005 0.027045 -1.276437 12.14 
5.2438 2 1 1 0x0 4.0270 3.9730 4.03 3.97 0.8198 0.8990 0.0003 0.0003 4.5701 -0.1004 0.027045 -1.278608 12.13 
5.2478 2 1 1 0x0 4.0270 3.9730 4.03 3.97 0.9995 1.0508 0.0004 0.0004 4.5737 -0.1003 0.027045 -1.278120 12.13 
5.2518 2 1 1 0x0 4.0270 3.9730 4.03 3.97 0.9012 0.8149 0.0005 0.0005 4.5774 -0.1002 0.027045 -1.283077 12.12 
5.2558 2 1 1 0x0 4.0297 3.9703 4.03 3.97 1.1174 0.8902 0.0006 0.0002 4.5812 -0.1001 0.029750 -1.290858 12.14 
5.2598 2 1 1 0x0 4.0270 3.9730 4.03 3.97 1.0799 1.0627 0.0003 0.0004 4.5851 -0.1000 0.027045 -1.290695 12.13 
5.2638 2 1 1 0x0 4.0270 3.9730 4.03 3.97 0.8427 0.8083 0.0004 0.0005 4.5887 -0.0999 0.027045 -1.288264 12.13 
5.2678 2 1 1 0x0 4.0270 3.9730 4.03 3.97 0.8880 0.9487 0.0003 0.0006 4.5924 -0.0998 0.027045 -1.281832 12.14 
5.2718 2 1 1 0x0 4.0325 3.9675 4.03 3.97 0.7695 0.8525 0.0006 0.0005 4.5956 -0.0997 0.032454 -1.270460 12.12 
5.2758 2 1 1 0x0 4.0325 3.9675 4.03 3.97 0.8084 0.7779 0.0005 0.0006 4.5989 -0.0996 0.032454 -1.264278 12.11 
5.2798 2 1 1 0x0 4.0325 3.9675 4.03 3.97 1.0097 0.9664 0.0003 0.0004 4.6025 -0.0994 0.032454 -1.259262 12.12 
5.2838 2 1 1 0x0 4.0325 3.9675 4.03 3.97 0.9682 0.9420 0.0006 0.0006 4.6058 -0.0993 0.032454 -1.259220 12.13 
5.2878 2 1 1 0x0 4.0297 3.9703 4.03 3.97 1.0954 0.7526 0.0002 0.0004 4.6096 -0.0992 0.029750 -1.262912 12.13 
5.2918 2 1 1 0x0 4.0297 3.9703 4.03 3.97 0.8838 0.9775 0.0003 0.0002 4.6133 -0.0991 0.029750 -1.266332 12.13 
5.2958 2 1 1 0x0 4.0270 3.9730 4.03 3.97 1.0645 1.0146 0.0004 0.0006 4.6167 -0.0990 0.027045 -1.279554 12.13 
5.2998 2 1 1 0x0 4.0270 3.9730 4.03 3.97 0.7920 0.9050 0.0005 0.0005 4.6204 -0.0989 0.027045 -1.290939 12.13 
5.3038 2 1 1 0x0 4.0243 3.9757 4.02 3.98 0.8849 1.0456 0.0003 0.0005 4.6242 -0.0988 0.024341 -1.298069 12.14 
5.3078 2 1 1 0x0 4.0243 3.9757 4.02 3.98 1.0551 0.7725 0.0005 0.0005 4.6279 -0.0987 0.024341 -1.311476 12.13 
5.3118 2 1 1 0x0 4.0216 3.9784 4.02 3.98 1.0874 1.0037 0.0002 0.0005 4.6317 -0.0986 0.021636 -1.320944 12.14 
5.3158 2 1 1 0x0 4.0216 3.9784 4.02 3.98 0.9019 0.8636 0.0004 0.0006 4.6354 -0.0985 0.021636 -1.324087 12.14 
5.3198 2 1 1 0x0 4.0216 3.9784 4.02 3.98 0.9276 1.0297 0.0004 0.0006 4.6390 -0.0985 0.021636 -1.322816 12.13 
5.3238 2 1 1 0x0 4.0243 3.9757 4.02 3.98 0.9246 0.7819 0.0004 0.0005 4.6425 -0.0984 0.024341 -1.319496 12.13 
5.3278 2 1 1 0x0 4.0270 3.9730 4.03 3.97 0.9815 0.9900 0.0005 0.0005 4.6459 -0.0983 0.027045 -1.311687 12.12 
5.3318 2 1 1 0x0 4.0297 3.9703 4.03 3.97 0.9528 0.8744 0.0007 0.0006 4.6494 -0.0982 0.029750 -1.313929 12.13 
5.3358 2 1 1 0x0 4.0297 3.9703 4.03 3.97 0.8014 1.0154 0.0006 0.0006 4.6530 -0.0981 0.029750 -1.309723 12.13 
5.3398 2 1 1 0x0 4.0325 3.9675 4.03 3.97 0.9757 1.0056 0.0005 0.0002 4.6569 -0.0980 0.032454 -1.299768 12.13 
5.3438 2 1 1 0x0 4.0325 3.9675 4.03 3.97 0.8567 0.8627 0.0005 0.0003 4.6605 -0.0979 0.032454 -1.296190 12.13 
5.3478 2 1 1 0x0 4.0325 3.9675 4.03 3.97 0.9965 1.0293 0.0003 0.0004 4.6642 -0.0977 0.032454 -1.292555 12.13 
5.3518 2 1 1 0x0 4.0352 3.9648 4.04 3.96 1.0266 0.7841 0.0006 0.0004 4.6676 -0.0976 0.035159 -1.285974 12.13 
5.3558 2 1 1 0x0 4.0352 3.9648 4.04 3.96 0.7560 1.0566 0.0005 0.0004 4.6713 -0.0975 0.035159 -1.291830 12.13 
5.3598 2 1 1 0x0 4.0352 3.9648 4.04 3.96 1.0460 0.8265 0.0005 0.0004 4.6749 -0.0974 0.035159 -1.301383 12.13 
5.3638 2 1 1 0x0 4.0352 3.9648 4.04 3.96 0.9219 0.9520 0.0006 0.0003 4.6786 -0.0972 0.035159 -1.318725 12.13 
5.3678 2 1 1 0x0 4.0297 3.9703 4.03 3.97 0.8283 1.0555 0.0003 0.0007 4.6822 -0.0971 0.029750 -1.329240 12.13 
5.3718 2 1 1 0x0 4.0297 3.9703 4.03 3.97 1.1030 0.7678 0.0006 0.0006 4.6859 -0.0970 0.029750 -1.336754 12.13 
5.3758 2 1 1 0x0 4.0270 3.9730 4.03 3.97 1.0412 1.0141 0.0005 0.0006 4.6897 -0.0969 0.027045 -1.341560 12.13 
5.3798 2 1 1 0x0 4.0270 3.9730 4.03 3.97 1.0643 1.0769 0.0003 0.0002 4.6938 -0.0968 0.027045 -1.338780 12.14 
5.3838 2 1 1 0x0 4.0270 3.9730 4.03 3.97 0.9216 0.7981 0.0005 0.0003 4.6974 -0.0967 0.027045 -1.338469 12.14 
5.3878 2 1 1 0x0 4.0270 3.9730 4.03 3.97 1.0240 1.0303 0.0006 0.0003 4.7011 -0.0966 0.027045 -1.342236 12.13 
5.3918 2 1 1 0x0 4.0297 3.9703 4.03 3.97 0.9458 0.8957 0.0007 0.0004 4.7045 -0.0965 0.029750 -1.337921 12.12 
5.3958 2 1 1 0x0 4.0325 3.9675 4.03 3.97 0.9476 1.0564 0.0007 0.0004 4.7080 -0.0964 0.032454 -1.331226 12.12 
5.3998 2 1 1 0x0 4.0325 3.9675 4.03 3.97 0.7459 0.7304 0.0003 0.0004 4.7116 -0.0963 0.032454 -1.325211 12.12 
5.4038 2 1 1 0x0 4.0325 3.9675 4.03 3.97 0.7611 0.7080 0.0005 0.0006 4.7149 -0.0962 0.032454 -1.318095 12.12 
5.4078 2 1 1 0x0 4.0297 3.9703 4.03 3.97 0.9852 0.6839 0.0003 0.0005 4.7183 -0.0961 0.029750 -1.314828 12.12 
5.4118 2 1 1 0x0 4.0270 3.9730 4.03 3.97 0.8489 0.6935 0.0003 0.0005 4.7217 -0.0960 0.027045 -1.316956 12.12 
5.4158 2 1 1 0x0 4.0243 3.9757 4.02 3.98 1.0608 0.7041 0.0003 0.0006 4.7252 -0.0959 0.024341 -1.315484 12.13 
5.4198 2 1 1 0x0 4.0243 3.9757 4.02 3.98 0.7880 0.9417 0.0003 0.0003 4.7288 -0.0958 0.024341 -1.319617 12.12 
5.4238 2 1 1 0x0 4.0216 3.9784 4.02 3.98 1.0492 0.9188 0.0003 0.0005 4.7323 -0.0957 0.021636 -1.321089 12.13 
5.4278 2 1 1 0x0 4.0216 3.9784 4.02 3.98 0.9780 0.8276 0.0004 0.0002 4.7359 -0.0956 0.021636 -1.320166 12.12 
5.4318 2 1 1 0x0 4.0189 3.9811 4.02 3.98 1.0968 0.8466 0.0006 0.0005 4.7394 -0.0956 0.018932 -1.327687 12.13 
5.4358 2 1 1 0x0 4.0162 3.9838 4.02 3.98 1.0597 0.9898 0.0003 0.0004 4.7432 -0.0955 0.016227 -1.327531 12.13 
5.4398 2 1 1 0x0 4.0135 3.9865 4.01 3.99 0.9160 1.0275 0.0004 0.0007 4.7467 -0.0954 0.013523 -1.324871 12.14 
5.4438 2 1 1 0x0 4.0135 3.9865 4.01 3.99 1.0166 0.7432 0.0006 0.0006 4.7503 -0.0954 0.013523 -1.323402 12.12 
5.4478 2 1 1 0x0 4.0108 3.9892 4.01 3.99 1.1326 0.9898 0.0003 0.0006 4.7542 -0.0953 0.010818 -1.328152 12.13 
5.4518 2 1 1 0x0 4.0081 3.9919 4.01 3.99 0.9303 0.9072 0.0005 0.0007 4.7576 -0.0953 0.008113 -1.322945 12.13 
5.4558 2 1 1 0x0 4.0054 3.9946 4.01 3.99 1.0072 0.8918 0.0006 0.0006 4.7611 -0.0953 0.005409 -1.320647 12.13 
5.4598 2 1 1 0x0 4.0000 4.0000 4.00 4.00 0.9876 0.9304 0.0002 0.0006 4.7647 -0.0953 -0.000000 -1.318668 12.13 
5.4638 2 1 1 0x0 4.0000 4.0000 4.00 4.00 0.8565 0.8174 0.0003 0.0003 4.7684 -0.0953 -0.000000 -1.317544 12.13 
5.4678 2 1 1 0x0 3.9973 4.0027 4.00 4.00 1.0350 0.8357 0.0004 0.0005 4.7718 -0.0953 -0.002705 -1.323282 12.13 
5.4718 2 1 1 0x0 3.9973 4.0027 4.00 4.00 0.8108 1.0043 0.0005 0.0003 4.7755 -0.0953 -0.002705 -1.331040 12.13 
5.4758 2 1 1 0x0 3.9919 4.0081 3.99 4.01 0.9052 0.9743 0.0002 0.0007 4.7791 -0.0953 -0.008114 -1.327611 12.14 
5.4798 2 1 1 0x0 3.9919 4.0081 3.99 4.01 1.0344 0.7355 0.0004 0.0005 4.7828 -0.0953 -0.008114 -1.329027 12.13 
5.4838 2 1 1 0x0 3.9919 4.0081 3.99 4.01 0.7651 0.9439 0.0004 0.0003 4.7864 -0.0954 -0.008114 -1.331030 12.13 
5.4878 2 1 1 0x0 3.9892 4.0108 3.99 4.01 1.0836 0.9233 0.0006 0.0004 4.7899 -0.0954 -0.010818 -1.323690 12.13 
5.4918 2 1 1 0x0 3.9838 4.0162 3.98 4.02 1.0449 0.8548 0.0003 0.0004 4.7935 -0.0954 -0.016227 -1.323597 12.12 
5.4958 2 1 1 0x0 3.9811 4.0189 3.98 4.02 0.7995 0.8921 0.0003 0.0003 4.7970 -0.0955 -0.018932 -1.319980 12.12 
5.4998 2 1 1 0x0 3.9811 4.0189 3.98 4.02 0.7826 0.9305 0.0007 0.0003 4.8002 -0.0956 -0.018932 -1.312825 12.12 
5.5038 2 1 1 0x0 3.9784 4.0216 3.98 4.02 1.0083 0.9082 0.0005 0.0005 4.8037 -0.0956 -0.021636 -1.310750 12.14 
5.5078 2 1 1 0x0 3.9757 4.0243 3.98 4.02 0.8841 0.9425 0.0005 0.0007 4.8071 -0.0957 -0.024341 -1.312865 12.13 
5.5118 2 1 1 0x0 3.9757 4.0243 3.98 4.02 1.0097 0.8589 0.0005 0.0005 4.8108 -0.0958 -0.024341 -1.322577 12.13 
5.5158 2 1 1 0x0 3.9757 4.0243 3.98 4.02 0.8196 0.9729 0.0005 0.0004 4.8144 -0.0959 -0.024341 -1.322204 12.13 
5.5198 2 1 1 0x0 3.9757 4.0243 3.98 4.02 0.9961 0.7360 0.0006 0.0003 4.8181 -0.0960 -0.024341 -1.321470 12.13 
5.5238 2 1 1 0x0 3.9702 4.0297 3.97 4.03 1.0324 0.7538 0.0003 0.0006 4.8217 -0.0961 -0.029750 -1.315655 12.14 
5.5278 2 1 1 0x0 3.9702 4.0297 3.97 4.03 0.8095 0.9199 0.0004 0.0002 4.8254 -0.0962 -0.029750 -1.313413 12.13 
5.5318 2 1 1 0x0 3.9675 4.0325 3.97 4.03 1.0062 0.9590 0.0005 0.0003 4.8288 -0.0963 -0.032455 -1.319726 12.13 
5.5358 2 1 1 0x0 3.9621 4.0379 3.96 4.04 1.0395 0.9359 0.0002 0.0005 4.8325 -0.0964 -0.037864 -1.315460 12.14 
5.5398 2 1 1 0x0 3.9594 4.0406 3.96 4.04 0.8552 0.9135 0.0003 0.0007 4.8359 -0.0966 -0.040568 -1.312925 12.13 
5.5438 2 1 1 0x0 3.9594 4.0406 3.96 4.04 1.0087 0.8815 0.0004 0.0005 4.8396 -0.0967 -0.040568 -1.315283 12.13 
5.5478 2 1 1 0x0 3.9567 4.0433 3.96 4.04 1.0361 1.0086 0.0002 0.0004 4.8434 -0.0969 -0.043273 -1.314625 12.14 
5.5518 2 1 1 0x0 3.9567 4.0433 3.96 4.04 0.8120 0.7940 0.0004 0.0003 4.8471 -0.0970 -0.043273 -1.314766 12.14 
5.5558 2 1 1 0x0 3.9567 4.0433 3.96 4.04 1.0695 0.9707 0.0005 0.0003 4.8507 -0.0972 -0.043273 -1.319640 12.14 
5.5598 2 1 1 0x0 3.9513 4.0487 3.95 4.05 1.0290 1.0059 0.0002 0.0006 4.8544 -0.0973 -0.048682 -1.323264 12.13 
5.5638 2 1 1 0x0 3.9513 4.0487 3.95 4.05 0.8093 0.9128 0.0003 0.0006 4.8580 -0.0975 -0.048682 -1.319246 12.14 
5.5678 2 1 1 0x0 3.9540 4.0460 3.95 4.05 0.7493 1.0330 0.0006 0.0006 4.8615 -0.0977 -0.045977 -1.313054 12.14 
5.5718 2 1 1 0x0 3.9540 4.0460 3.95 4.05 1.0119 0.7413 0.0004 0.0005 4.8651 -0.0978 -0.045977 -1.307028 12.12 
5.5758 2 1 1 0x0 3.9567 4.0433 3.96 4.04 0.9758 0.9331 0.0007 0.0003 4.8685 -0.0980 -0.043273 -1.307460 12.13 
5.5798 2 1 1 0x0 3.9540 4.0460 3.95 4.05 0.8043 0.9659 0.0006 0.0006 4.8720 -0.0982 -0.045977 -1.317534 12.13 
5.5838 2 1 1 0x0 3.9540 4.0460 3.95 4.05 0.9902 0.8910 0.0005 0.0006 4.8756 -0.0983 -0.045977 -1.315864 12.13 
5.5878 2 1 1 0x0 3.9540 4.0460 3.95 4.05 0.7876 0.9949 0.0005 0.0005 4.8793 -0.0985 -0.045977 -1.319186 12.14 
5.5918 2 1 1 0x0 3.9540 4.0460 3.95 4.05 0.9836 0.7608 0.0006 0.0004 4.8829 -0.0987 -0.045977 -1.323163 12.13 
5.5958 2 1 1 0x0 3.9486 4.0514 3.95 4.05 1.0224 0.7382 0.0003 0.0006 4.8866 -0.0988 -0.051386 -1.320251 12.13 
5.5998 2 1 1 0x0 3.9459 4.0541 3.95 4.05 0.7706 0.7141 0.0003 0.0006 4.8900 -0.0990 -0.054091 -1.318936 12.12 
5.6038 2 1 1 0x0 3.9432 4.0568 3.94 4.06 1.0733 0.6912 0.0004 0.0005 4.8935 -0.0992 -0.056795 -1.314843 12.13 
5.6078 2 1 1 0x0 3.9405 4.0595 3.94 4.06 0.9043 0.7024 0.0006 0.0006 4.8969 -0.0994 -0.059500 -1.308604 12.14 
5.6118 2 1 1 0x0 3.9405 4.0595 3.94 4.06 1.0382 0.9438 0.0007 0.0003 4.9006 -0.0996 -0.059500 -1.306777 12.12 
5.6158 2 1 1 0x0 3.9351 4.0649 3.94 4.06 1.0088 0.9185 0.0003 0.0006 4.9042 -0.0999 -0.064909 -1.312010 12.13 
5.6198 2 1 1 0x0 3.9351 4.0649 3.94 4.06 0.9556 0.8303 0.0005 0.0005 4.9078 -0.1001 -0.064909 -1.322242 12.13 
5.6238 2 1 1 0x0 3.9351 4.0649 3.94 4.06 1.0439 1.0096 0.0006 0.0004 4.9115 -0.1003 -0.064909 -1.321978 12.13 
5.6278 2 1 1 0x0 3.9324 4.0676 3.93 4.07 1.0840 0.7542 0.0003 0.0003 4.9153 -0.1006 -0.067614 -1.321879 12.14 
5.6318 2 1 1 0x0 3.9324 4.0676 3.93 4.07 0.9018 1.0373 0.0005 0.0003 4.9190 -0.1008 -0.067614 -1.330221 12.13 
5.6358 2 1 1 0x0 3.9324 4.0676 3.93 4.07 1.0367 0.8902 0.0007 0.0003 4.9226 -0.1011 -0.067614 -1.328888 12.12 
5.6398 2 1 1 0x0 3.9297 4.0703 3.93 4.07 1.0792 0.9935 0.0004 0.0003 4.9265 -0.1014 -0.070318 -1.332025 12.13 
5.6438 2 1 1 0x0 3.9270 4.0730 3.93 4.07 0.9668 0.9621 0.0006 0.0008 4.9299 -0.1016 -0.073023 -1.333111 12.14 
5.6478 2 1 1 0x0 3.9243 4.0757 3.92 4.08 0.8125 0.6719 0.0003 0.0004 4.9337 -0.1019 -0.075727 -1.328235 12.14 
5.6518 2 1 1 0x0 3.9216 4.0784 3.92 4.08 1.0112 0.7159 0.0003 0.0005 4.9372 -0.1022 -0.078432 -1.324815 12.13 
5.6558 2 1 1 0x0 3.9189 4.0811 3.92 4.08 0.8375 0.7299 0.0003 0.0006 4.9406 -0.1024 -0.081136 -1.327808 12.11 
5.6598 2 1 1 0x0 3.9189 4.0811 3.92 4.08 0.9976 0.9534 0.0004 0.0004 4.9443 -0.1027 -0.081136 -1.329037 12.13 
5.6638 2 1 1 0x0 3.9189 4.0811 3.92 4.08 0.7851 0.9593 0.0004 0.0003 4.9479 -0.1030 -0.081136 -1.334052 12.13 
5.6678 2 1 1 0x0 3.9189 4.0811 3.92 4.08 1.0522 0.9809 0.0005 0.0003 4.9515 -0.1033 -0.081136 -1.340556 12.13 
5.6718 2 1 1 0x0 3.9189 4.0811 3.92 4.08 0.9158 0.7712 0.0005 0.0003 4.9552 -0.1036 -0.081136 -1.337511 12.13 
5.6758 2 1 1 0x0 3.9189 4.0811 3.92 4.08 1.0376 1.0054 0.0005 0.0003 4.9588 -0.1039 -0.081136 -1.328060 12.13 
5.6798 2 1 1 0x0 3.9189 4.0811 3.92 4.08 0.8002 0.9168 0.0006 0.0004 4.9625 -0.1042 -0.081136 -1.328085 12.13 
5.6838 2 1 1 0x0 3.9189 4.0811 3.92 4.08 1.0290 1.0275 0.0006 0.0005 4.9661 -0.1045 -0.081136 -1.321637 12.13 
5.6878 2 1 1 0x0 3.9162 4.0838 3.92 4.08 1.0702 0.7074 0.0002 0.0003 4.9699 -0.1048 -0.083841 -1.306369 12.13 
5.6918 2 1 1 0x0 3.9135 4.0865 3.91 4.09 0.8286 0.7190 0.0003 0.0004 4.9734 -0.1051 -0.086545 -1.298542 12.13 
5.6958 2 1 1 0x0 3.9107 4.0893 3.91 4.09 1.0555 0.7315 0.0003 0.0005 4.9768 -0.1054 -0.089250 -1.300687 12.12 
5.6998 2 1 1 0x0 3.9107 4.0893 3.91 4.09 0.9204 0.9535 0.0005 0.0003 4.9804 -0.1058 -0.089250 -1.308919 12.13 
5.7038 2 1 1 0x0 3.9080 4.0920 3.91 4.09 1.0843 0.9917 0.0007 0.0005 4.9839 -0.1061 -0.091955 -1.309257 12.12 
5.7078 2 1 1 0x0 3.9053 4.0947 3.91 4.09 1.0401 0.8697 0.0004 0.0005 4.9877 -0.1064 -0.094659 -1.316102 12.13 
5.7118 2 1 1 0x0 3.9053 4.0947 3.91 4.09 0.8777 1.0238 0.0006 0.0005 4.9914 -0.1068 -0.094659 -1.323456 12.13 
5.7158 2 1 1 0x0 3.9026 4.0974 3.90 4.10 0.7503 0.7859 0.0003 0.0005 4.9952 -0.1071 -0.097364 -1.320905 12.14 
5.7198 2 1 1 0x0 3.9026 4.0974 3.90 4.10 1.0299 0.9821 0.0004 0.0006 4.9988 -0.1075 -0.097364 -1.319885 12.14 
5.7238 2 1 1 0x0 3.9026 4.0974 3.90 4.10 0.8860 1.0397 0.0006 0.0003 5.0029 -0.1079 -0.097364 -1.319122 12.12 
5.7278 2 1 1 0x0 3.8999 4.1001 3.90 4.10 0.8424 0.9437 0.0003 0.0007 5.0063 -0.1082 -0.100068 -1.312366 12.14 
5.7318 2 1 1 0x0 3.8999 4.1001 3.90 4.10 1.0271 0.7484 0.0004 0.0004 5.0099 -0.1086 -0.100068 -1.311283 12.13 
5.7358 2 1 1 0x0 3.8972 4.1028 3.90 4.10 0.8729 0.7626 0.0004 0.0005 5.0134 -0.1089 -0.102773 -1.318980 12.13 
5.7398 2 1 1 0x0 3.8972 4.1028 3.90 4.10 0.9643 0.9617 0.0003 0.0003 5.0170 -0.1093 -0.102773 -1.313139 12.13 
5.7438 2 1 1 0x0 3.8972 4.1028 3.90 4.10 0.9365 0.9983 0.0006 0.0006 5.0202 -0.1096 -0.102773 -1.309904 12.13 
5.7478 2 1 1 0x0 3.8972 4.1028 3.90 4.10 0.7651 0.8661 0.0004 0.0006 5.0239 -0.1100 -0.102773 -1.309909 12.13 
5.7518 2 1 1 0x0 3.8972 4.1028 3.90 4.10 0.9734 1.0264 0.0002 0.0005 5.0275 -0.1104 -0.102773 -1.316591 12.12 
5.7558 2 1 1 0x0 3.8999 4.1001 3.90 4.10 0.9990 0.7845 0.0006 0.0005 5.0309 -0.1107 -0.100068 -1.314005 12.13 
5.7598 2 1 1 0x0 3.8999 4.1001 3.90 4.10 0.8919 0.9870 0.0005 0.0004 5.0345 -0.1111 -0.100068 -1.309762 12.13 
5.7638 2 1 1 0x0 3.8972 4.1028 3.90 4.10 1.0738 0.9015 0.0005 0.0007 5.0380 -0.1114 -0.102773 -1.307815 12.13 
5.7678 2 1 1 0x0 3.8972 4.1028 3.90 4.10 0.8223 0.7984 0.0005 0.0005 5.0416 -0.1118 -0.102773 -1.304043 12.13 
5.7718 2 1 1 0x0 3.8972 4.1028 3.90 4.10 0.9989 0.9938 0.0005 0.0003 5.0452 -0.1122 -0.102773 -1.303532 12.13 
5.7758 2 1 1 0x0 3.8945 4.1055 3.89 4.11 0.8958 1.0303 0.0005 0.0006 5.0487 -0.1126 -0.105477 -1.301051 12.13 
5.7798 2 1 1 0x0 3.8945 4.1055 3.89 4.11 1.0563 0.7818 0.0006 0.0005 5.0523 -0.1129 -0.105477 -1.299493 12.13 
5.7838 2 1 1 0x0 3.8945 4.1055 3.89 4.11 0.7907 0.9904 0.0006 0.0005 5.0559 -0.1133 -0.105477 -1.303996 12.13 
5.7878 2 1 1 0x0 3.8918 4.1082 3.89 4.11 0.8730 0.8735 0.0003 0.0005 5.0598 -0.1137 -0.108182 -1.305123 12.13 
5.7918 2 1 1 0x0 3.8918 4.1082 3.89 4.11 1.0148 0.9526 0.0003 0.0005 5.0634 -0.1141 -0.108182 -1.302209 12.13 
5.7958 2 1 1 0x0 3.8891 4.1109 3.89 4.11 0.8155 0.9896 0.0004 0.0007 5.0668 -0.1145 -0.110886 -1.299427 12.13 
5.7998 2 1 1 0x0 3.8891 4.1109 3.89 4.11 0.9511 0.7626 0.0003 0.0005 5.0705 -0.1149 -0.110886 -1.296450 12.13 
5.8038 2 1 1 0x0 3.8891 4.1109 3.89 4.11 0.8759 0.9594 0.0003 0.0004 5.0741 -0.1153 -0.110886 -1.293435 12.13 
5.8078 2 1 1 0x0 3.8891 4.1109 3.89 4.11 1.0244 0.8982 0.0002 0.0003 5.0777 -0.1157 -0.110886 -1.286169 12.13 
5.8118 2 1 1 0x0 3.8918 4.1082 3.89 4.11 0.9779 0.9881 0.0006 0.0003 5.0811 -0.1161 -0.108182 -1.284025 12.13 
5.8158 2 1 1 0x0 3.8891 4.1109 3.89 4.11 0.7888 0.9596 0.0005 0.0006 5.0846 -0.1165 -0.110886 -1.279986 12.13 
5.8198 2 1 1 0x0 3.8891 4.1109 3.89 4.11 0.9941 0.7435 0.0004 0.0005 5.0882 -0.1169 -0.110886 -1.276343 12.13 
5.8238 2 1 1 0x0 3.8891 4.1109 3.89 4.11 0.8415 0.9915 0.0004 0.0004 5.0918 -0.1173 -0.110886 -1.276388 12.13 
5.8278 2 1 1 0x0 3.8891 4.1109 3.89 4.11 1.0037 0.8717 0.0003 0.0004 5.0955 -0.1177 -0.110886 -1.283107 12.13 
5.8318 2 1 1 0x0 3.8891 4.1109 3.89 4.11 0.7733 1.0926 0.0003 0.0004 5.0991 -0.1181 -0.110886 -1.295170 12.14 
5.8358 2 1 1 0x0 3.8891 4.1109 3.89 4.11 1.0054 0.7910 0.0003 0.0005 5.1027 -0.1185 -0.110886 -1.297525 12.12 
5.8398 2 1 1 0x0 3.8891 4.1109 3.89 4.11 0.8422 1.0407 0.0003 0.0006 5.1063 -0.1189 -0.110886 -1.302792 12.13 
5.8438 2 1 1 0x0 3.8918 4.1082 3.89 4.11 0.9890 1.0284 0.0004 0.0002 5.1102 -0.1193 -0.108182 -1.308473 12.13 
5.8478 2 1 1 0x0 3.8918 4.1082 3.89 4.11 0.7888 0.7843 0.0004 0.0003 5.1138 -0.1197 -0.108182 -1.306994 12.13 
5.8518 2 1 1 0x0 3.8918 4.1082 3.89 4.11 0.9841 1.0504 0.0004 0.0004 5.1174 -0.1201 -0.108182 -1.306042 12.14 
5.8558 2 1 1 0x0 3.8918 4.1082 3.89 4.11 0.8045 0.9411 0.0004 0.0006 5.1211 -0.1205 -0.108182 -1.305426 12.13 
5.8598 2 1 1 0x0 3.8972 4.1028 3.90 4.10 0.8206 0.8266 0.0006 0.0003 5.1247 -0.1209 -0.102773 -1.298724 12.13 
5.8638 2 1 1 0x0 3.8972 4.1028 3.90 4.10 0.9910 0.9276 0.0003 0.0003 5.1283 -0.1212 -0.102773 -1.291400 12.14 
5.8678 2 1 1 0x0 3.8972 4.1028 3.90 4.10 0.9616 0.9631 0.0005 0.0005 5.1316 -0.1216 -0.102773 -1.287160 12.14 
5.8718 2 1 1 0x0 3.8972 4.1028 3.90 4.10 0.7488 0.8924 0.0003 0.0003 5.1352 -0.1219 -0.102773 -1.289148 12.13 
5.8758 2 1 1 0x0 3.8972 4.1028 3.90 4.10 1.0574 0.9926 0.0003 0.0003 5.1388 -0.1223 -0.102773 -1.293562 12.13 
5.8798 2 1 1 0x0 3.8972 4.1028 3.90 4.10 0.8619 0.8061 0.0004 0.0003 5.1424 -0.1227 -0.102773 -1.302279 12.13 
5.8838 2 1 1 0x0 3.8972 4.1028 3.90 4.10 1.0937 1.0186 0.0006 0.0003 5.1461 -0.1231 -0.102773 -1.309380 12.13 
5.8878 2 1 1 0x0 3.8945 4.1055 3.89 4.11 1.0542 0.9073 0.0003 0.0004 5.1499 -0.1235 -0.105477 -1.308440 12.14 
5.8918 2 1 1 0x0 3.8945 4.1055 3.89 4.11 0.9827 1.1156 0.0004 0.0005 5.1535 -0.1239 -0.105477 -1.309047 12.13 
5.8958 2 1 1 0x0 3.8972 4.1028 3.90 4.10 1.0885 1.0262 0.0005 0.0002 5.1574 -0.1243 -0.102773 -1.309447 12.13 
5.8998 2 1 1 0x0 3.8945 4.1055 3.89 4.11 1.0562 0.9017 0.0002 0.0004 5.1612 -0.1247 -0.105477 -1.310104 12.13 
5.9038 2 1 1 0x0 3.8972 4.1028 3.90 4.10 0.9434 1.0435 0.0006 0.0006 5.1646 -0.1250 -0.102773 -1.305662 12.13 
5.9078 2 1 1 0x0 3.8999 4.1001 3.90 4.10 0.9328 0.7348 0.0007 0.0005 5.1681 -0.1254 -0.100068 -1.299143 12.12 
5.9118 2 1 1 0x0 3.8999 4.1001 3.90 4.10 0.8652 0.9463 0.0003 0.0003 5.1717 -0.1257 -0.100068 -1.297322 12.13 
5.9158 2 1 1 0x0 3.8999 4.1001 3.90 4.10 0.8354 0.9798 0.0005 0.0007 5.1749 -0.1261 -0.100068 -1.299189 12.13 
5.9198 2 1 1 0x0 3.8999 4.1001 3.90 4.10 1.0295 0.8807 0.0003 0.0006 5.1786 -0.1264 -0.100068 -1.302006 12.11 
5.9238 2 1 1 0x0 3.8999 4.1001 3.90 4.10 0.8038 1.0082 0.0003 0.0006 5.1822 -0.1268 -0.100068 -1.310623 12.13 
5.9278 2 1 1 0x0 3.8999 4.1001 3.90 4.10 1.0262 0.7958 0.0003 0.0006 5.1858 -0.1271 -0.100068 -1.321905 12.13 
5.9318 2 1 1 0x0 3.9026 4.0974 3.90 4.10 0.9401 0.8675 0.0004 0.0003 5.1897 -0.1275 -0.097364 -1.325618 12.13 
5.9358 2 1 1 0x0 3.9026 4.0974 3.90 4.10 1.0637 1.0964 0.0006 0.0004 5.1933 -0.1279 -0.097364 -1.328392 12.14 
5.9398 2 1 1 0x0 3.9026 4.0974 3.90 4.10 0.8355 0.7908 0.0006 0.0006 5.1969 -0.1282 -0.097364 -1.329660 12.13 
5.9438 2 1 1 0x0 3.9026 4.0974 3.90 4.10 0.8782 0.8627 0.0003 0.0003 5.2010 -0.1286 -0.097364 -1.330888 12.13 
5.9478 2 1 1 0x0 3.9026 4.0974 3.90 4.10 1.0751 1.0294 0.0004 0.0004 5.2046 -0.1290 -0.097364 -1.325123 12.13 
5.9518 2 1 1 0x0 3.8999 4.1001 3.90 4.10 0.7044 0.8828 0.0004 0.0006 5.2080 -0.1293 -0.100068 -1.317275 12.12 
5.9558 2 1 1 0x0 3.8999 4.1001 3.90 4.10 0.7193 0.9802 0.0006 0.0006 5.2113 -0.1296 -0.100068 -1.313138 12.13 
5.9598 2 1 1 0x0 3.8972 4.1028 3.90 4.10 0.9985 0.9574 0.0004 0.0008 5.2147 -0.1300 -0.102773 -1.310630 12.13 
5.9638 2 1 1 0x0 3.8999 4.1001 3.90 4.10 0.9614 0.7821 0.0007 0.0005 5.2181 -0.1303 -0.100068 -1.305593 12.12 
5.9678 2 1 1 0x0 3.8999 4.1001 3.90 4.10 0.8595 0.9935 0.0005 0.0003 5.2218 -0.1307 -0.100068 -1.304629 12.12 
5.9717 2 1 1 0x0 3.8999 4.1001 3.90 4.10 0.9810 0.8697 0.0004 0.0003 5.2254 -0.1311 -0.100068 -1.305530 12.12 
5.9757 2 1 1 0x0 3.8999 4.1001 3.90 4.10 0.7470 1.0201 0.0004 0.0003 5.2290 -0.1314 -0.100068 -1.306101 12.12 
5.9797 2 1 1 0x0 3.8999 4.1001 3.90 4.10 0.9927 0.7878 0.0003 0.0003 5.2327 -0.1318 -0.100068 -1.312119 12.13 
5.9837 2 1 1 0x0 3.8999 4.1001 3.90 4.10 0.8486 1.0458 0.0003 0.0004 5.2363 -0.1322 -0.100068 -1.316616 12.14 
5.9877 2 1 1 0x0 3.8999 4.1001 3.90 4.10 1.0548 0.8871 0.0003 0.0005 5.2399 -0.1325 -0.100068 -1.319333 12.13 
5.9917 2 1 1 0x0 3.8999 4.1001 3.90 4.10 0.7499 1.0641 0.0004 0.0007 5.2436 -0.1329 -0.100068 -1.319852 12.13 
5.9957 2 1 1 0x0 3.9026 4.0974 3.90 4.10 1.0437 1.0497 0.0004 0.0004 5.2474 -0.1333 -0.097364 -1.322345 12.13 
5.9997 2 1 1 0x0 3.9026 4.0974 3.90 4.10 0.8695 0.9401 0.0005 0.0005 5.2510 -0.1336 -0.097364 -1.317186 12.13 
6.0037 2 1 1 0x0 3.9053 4.0947 3.91 4.09 1.0926 0.7826 0.0006 0.0003 5.2549 -0.1340 -0.094659 -1.311419 12.13 
6.0077 2 1 1 0x0 3.9053 4.0947 3.91 4.09 0.8190 1.0551 0.0006 0.0004 5.2585 -0.1344 -0.094659 -1.312574 12.13 
6.0117 2 1 1 0x0 3.9026 4.0974 3.90 4.10 0.9063 0.8770 0.0002 0.0004 5.2623 -0.1347 -0.097364 -1.311485 12.13 
6.0157 2 1 1 0x0 3.9053 4.0947 3.91 4.09 0.8395 1.0127 0.0006 0.0004 5.2658 -0.1351 -0.094659 -1.308949 12.14 
6.0197 2 1 1 0x0 3.9053 4.0947 3.91 4.09 0.9552 0.7521 0.0005 0.0004 5.2694 -0.1354 -0.094659 -1.314129 12.13 
6.0237 2 1 1 0x0 3.9053 4.0947 3.91 4.09 0.7572 1.0422 0.0003 0.0004 5.2730 -0.1357 -0.094659 -1.313094 12.14 
6.0277 2 1 1 0x0 3.9080 4.0920 3.91 4.09 0.7819 0.8892 0.0006 0.0005 5.2765 -0.1361 -0.091955 -1.312342 12.13 
6.0317 2 1 1 0x0 3.9080 4.0920 3.91 4.09 1.0041 1.0632 0.0005 0.0006 5.2801 -0.1364 -0.091955 -1.311494 12.13 
6.0357 2 1 1 0x0 3.9107 4.0893 3.91 4.09 0.8904 1.0509 0.0005 0.0003 5.2839 -0.1368 -0.089250 -1.315049 12.13 
6.0397 2 1 1 0x0 3.9107 4.0893 3.91 4.09 1.0002 0.9400 0.0005 0.0004 5.2876 -0.1371 -0.089250 -1.317550 12.13 
6.0437 2 1 1 0x0 3.9107 4.0893 3.91 4.09 0.8247 1.0691 0.0005 0.0006 5.2912 -0.1374 -0.089250 -1.311046 12.14 
6.0477 2 1 1 0x0 3.9135 4.0865 3.91 4.09 1.0636 1.0551 0.0006 0.0004 5.2950 -0.1377 -0.086545 -1.310784 12.13 
6.0517 2 1 1 0x0 3.9135 4.0865 3.91 4.09 0.9049 0.9374 0.0006 0.0006 5.2987 -0.1381 -0.086545 -1.312547 12.14 
6.0557 2 1 1 0x0 3.9162 4.0838 3.92 4.08 1.0399 0.7787 0.0007 0.0003 5.3025 -0.1384 -0.083841 -1.308478 12.14 
6.0597 2 1 1 0x0 3.9135 4.0865 3.91 4.09 1.0130 0.9929 0.0003 0.0004 5.3064 -0.1387 -0.086545 -1.304896 12.14 
6.0637 2 1 1 0x0 3.9135 4.0865 3.91 4.09 0.8922 0.8676 0.0004 0.0003 5.3100 -0.1390 -0.086545 -1.299635 12.14 
6.0677 2 1 1 0x0 3.9107 4.0893 3.91 4.09 0.9975 0.8404 0.0004 0.0006 5.3134 -0.1393 -0.089250 -1.296148 12.13 
6.0717 2 1 1 0x0 3.9107 4.0893 3.91 4.09 0.7755 0.9957 0.0003 0.0006 5.3171 -0.1397 -0.089250 -1.295961 12.13 
6.0757 2 1 1 0x0 3.9135 4.0865 3.91 4.09 0.7609 0.8029 0.0006 0.0005 5.3205 -0.1400 -0.086545 -1.295580 12.13 
6.0797 2 1 1 0x0 3.9162 4.0838 3.92 4.08 1.0369 0.9332 0.0006 0.0003 5.3243 -0.1403 -0.083841 -1.299103 12.13 
6.0837 2 1 1 0x0 3.9162 4.0838 3.92 4.08 0.8177 1.1575 0.0005 0.0006 5.3280 -0.1406 -0.083841 -1.307084 12.14 
6.0877 2 1 1 0x0 3.9189 4.0811 3.92 4.08 1.0314 1.0540 0.0005 0.0005 5.3318 -0.1409 -0.081136 -1.315463 12.14 
6.0917 2 1 1 0x0 3.9216 4.0784 3.92 4.08 0.8065 1.0336 0.0006 0.0004 5.3357 -0.1412 -0.078432 -1.314530 12.14 
6.0957 2 1 1 0x0 3.9243 4.0757 3.92 4.08 0.9658 1.0918 0.0005 0.0003 5.3395 -0.1415 -0.075727 -1.312050 12.13 
6.0997 2 1 1 0x0 3.9270 4.0730 3.93 4.07 0.9430 0.9724 0.0007 0.0006 5.3430 -0.1418 -0.073023 -1.314152 12.13 
6.1037 2 1 1 0x0 3.9297 4.0703 3.93 4.07 0.8079 0.8525 0.0003 0.0004 5.3468 -0.1421 -0.070318 -1.313831 12.14 
6.1077 2 1 1 0x0 3.9324 4.0676 3.93 4.07 0.7762 1.0158 0.0004 0.0005 5.3502 -0.1423 -0.067614 -1.310526 12.14 
6.1117 2 1 1 0x0 3.9351 4.0649 3.94 4.06 0.8380 0.9077 0.0006 0.0006 5.3537 -0.1425 -0.064909 -1.306782 12.12 
6.1157 2 1 1 0x0 3.9351 4.0649 3.94 4.06 0.9564 0.9731 0.0004 0.0006 5.3573 -0.1428 -0.064909 -1.304171 12.12 
6.1197 2 1 1 0x0 3.9378 4.0622 3.94 4.06 0.7582 1.0312 0.0003 0.0002 5.3612 -0.1430 -0.062205 -1.307966 12.13 
6.1237 2 1 1 0x0 3.9378 4.0622 3.94 4.06 1.0458 0.8968 0.0002 0.0003 5.3648 -0.1432 -0.062205 -1.307340 12.13 
6.1277 2 1 1 0x0 3.9405 4.0595 3.94 4.06 1.0622 1.0524 0.0006 0.0005 5.3683 -0.1434 -0.059500 -1.312005 12.14 
6.1317 2 1 1 0x0 3.9378 4.0622 3.94 4.06 1.0400 0.8133 0.0002 0.0006 5.3721 -0.1437 -0.062205 -1.319757 12.13 
6.1357 2 1 1 0x0 3.9432 4.0568 3.94 4.06 0.9787 0.9464 0.0007 0.0003 5.3757 -0.1439 -0.056795 -1.323674 12.14 
6.1397 2 1 1 0x0 3.9405 4.0595 3.94 4.06 1.0255 1.0617 0.0003 0.0005 5.3796 -0.1441 -0.059500 -1.326011 12.13 
6.1437 2 1 1 0x0 3.9432 4.0568 3.94 4.06 0.8311 1.1260 0.0004 0.0002 5.3834 -0.1443 -0.056795 -1.322929 12.14 
6.1477 2 1 1 0x0 3.9432 4.0568 3.94 4.06 1.0186 0.8847 0.0003 0.0004 5.3871 -0.1445 -0.056795 -1.317308 12.12 
6.1517 2 1 1 0x0 3.9432 4.0568 3.94 4.06 0.8120 0.9420 0.0003 0.0002 5.3907 -0.1447 -0.056795 -1.311898 12.13 
6.1557 2 1 1 0x0 3.9405 4.0595 3.94 4.06 1.0130 0.9791 0.0003 0.0005 5.3942 -0.1449 -0.059500 -1.307088 12.14 
6.1597 2 1 1 0x0 3.9405 4.0595 3.94 4.06 0.8914 0.7684 0.0004 0.0003 5.3978 -0.1452 -0.059500 -1.306114 12.13 
6.1637 2 1 1 0x0 3.9378 4.0622 3.94 4.06 0.9898 0.7865 0.0005 0.0006 5.4013 -0.1454 -0.062205 -1.314980 12.13 
6.1677 2 1 1 0x0 3.9378 4.0622 3.94 4.06 0.7904 0.9854 0.0005 0.0005 5.4049 -0.1456 -0.062205 -1.316358 12.14 
6.1717 2 1 1 0x0 3.9378 4.0622 3.94 4.06 1.0363 0.8753 0.0006 0.0005 5.4085 -0.1458 -0.062205 -1.313070 12.12 
6.1757 2 1 1 0x0 3.9351 4.0649 3.94 4.06 1.0733 1.0136 0.0003 0.0005 5.4124 -0.1461 -0.064909 -1.309599 12.13 
6.1797 2 1 1 0x0 3.9351 4.0649 3.94 4.06 0.8295 0.8385 0.0004 0.0006 5.4160 -0.1463 -0.064909 -1.310182 12.13 
6.1837 2 1 1 0x0 3.9378 4.0622 3.94 4.06 0.9842 1.0369 0.0004 0.0006 5.4199 -0.1466 -0.062205 -1.309298 12.13 
6.1877 2 1 1 0x0 3.9378 4.0622 3.94 4.06 0.9065 1.0230 0.0004 0.0004 5.4235 -0.1468 -0.062205 -1.308113 12.13 
6.1917 2 1 1 0x0 3.9378 4.0622 3.94 4.06 1.0001 0.7897 0.0003 0.0005 5.4272 -0.1470 -0.062205 -1.308419 12.13 
6.1957 2 1 1 0x0 3.9432 4.0568 3.94 4.06 0.9142 0.9775 0.0005 0.0003 5.4308 -0.1472 -0.056795 -1.309377 12.13 
6.1997 2 1 1 0x0 3.9459 4.0541 3.95 4.05 0.9556 1.0998 0.0006 0.0006 5.4343 -0.1474 -0.054091 -1.312763 12.13 
6.2037 2 1 1 0x0 3.9486 4.0514 3.95 4.05 0.7437 1.0834 0.0003 0.0003 5.4381 -0.1476 -0.051386 -1.311152 12.12 
6.2077 2 1 1 0x0 3.9513 4.0487 3.95 4.05 0.7538 0.9165 0.0004 0.0005 5.4416 -0.1478 -0.048682 -1.309936 12.13 
6.2117 2 1 1 0x0 3.9567 4.0433 3.96 4.04 0.7715 0.8543 0.0007 0.0003 5.4452 -0.1479 -0.043273 -1.302706 12.13 
6.2157 2 1 1 0x0 3.9567 4.0433 3.96 4.04 0.9660 1.0848 0.0005 0.0005 5.4488 -0.1481 -0.043273 -1.300487 12.13 
6.2197 2 1 1 0x0 3.9594 4.0406 3.96 4.04 0.8577 1.0682 0.0003 0.0003 5.4527 -0.1483 -0.040568 -1.301866 12.13 
6.2237 2 1 1 0x0 3.9594 4.0406 3.96 4.04 0.9869 0.8058 0.0002 0.0004 5.4563 -0.1484 -0.040568 -1.299076 12.14 
6.2277 2 1 1 0x0 3.9621 4.0379 3.96 4.04 0.9512 1.0907 0.0005 0.0006 5.4598 -0.1486 -0.037864 -1.297285 12.13 
6.2317 2 1 1 0x0 3.9648 4.0352 3.96 4.04 0.7625 1.0759 0.0004 0.0003 5.4636 -0.1487 -0.035159 -1.298986 12.14 
6.2357 2 1 1 0x0 3.9648 4.0352 3.96 4.04 0.9697 0.8473 0.0004 0.0005 5.4673 -0.1488 -0.035159 -1.307006 12.13 
6.2397 2 1 1 0x0 3.9648 4.0352 3.96 4.04 0.8662 1.0222 0.0004 0.0006 5.4709 -0.1489 -0.035159 -1.313270 12.13 
6.2437 2 1 1 0x0 3.9675 4.0325 3.97 4.03 0.9651 1.0817 0.0004 0.0004 5.4748 -0.1491 -0.032455 -1.320300 12.12 
6.2477 2 1 1 0x0 3.9675 4.0325 3.97 4.03 0.7997 0.7577 0.0003 0.0006 5.4784 -0.1492 -0.032455 -1.321847 12.12 
6.2517 2 1 1 0x0 3.9702 4.0297 3.97 4.03 1.0386 0.9890 0.0003 0.0003 5.4823 -0.1493 -0.029750 -1.317156 12.14 
6.2557 2 1 1 0x0 3.9730 4.0270 3.97 4.03 0.9396 1.0863 0.0006 0.0005 5.4857 -0.1494 -0.027046 -1.305841 12.13 
6.2597 2 1 1 0x0 3.9784 4.0216 3.98 4.02 0.8785 1.0712 0.0006 0.0002 5.4894 -0.1495 -0.021636 -1.297341 12.13 
6.2637 2 1 1 0x0 3.9811 4.0189 3.98 4.02 0.8802 0.8698 0.0006 0.0004 5.4928 -0.1496 -0.018932 -1.290791 12.13 
6.2677 2 1 1 0x0 3.9838 4.0162 3.98 4.02 0.9278 1.0173 0.0007 0.0005 5.4963 -0.1496 -0.016227 -1.288591 12.13 
6.2717 2 1 1 0x0 3.9865 4.0135 3.99 4.01 0.8743 1.0064 0.0004 0.0002 5.5001 -0.1497 -0.013523 -1.290095 12.13 
6.2757 2 1 1 0x0 3.9865 4.0135 3.99 4.01 0.9735 0.8626 0.0002 0.0003 5.5038 -0.1497 -0.013523 -1.292251 12.13 
6.2797 2 1 1 0x0 3.9892 4.0108 3.99 4.01 1.0013 1.1049 0.0006 0.0005 5.5072 -0.1498 -0.010818 -1.303352 12.13 
6.2837 2 1 1 0x0 3.9892 4.0108 3.99 4.01 0.7752 0.8303 0.0005 0.0006 5.5109 -0.1498 -0.010818 -1.317070 12.13 
6.2877 2 1 1 0x0 3.9919 4.0081 3.99 4.01 1.0065 0.9111 0.0005 0.0004 5.5147 -0.1498 -0.008114 -1.319983 12.13 
6.2917 2 1 1 0x0 3.9919 4.0081 3.99 4.01 0.8931 1.1098 0.0005 0.0006 5.5184 -0.1499 -0.008114 -1.325906 12.14 
6.2957 2 1 1 0x0 3.9946 4.0054 3.99 4.01 1.0572 1.0184 0.0006 0.0004 5.5222 -0.1499 -0.005409 -1.329789 12.13 
6.2997 2 1 1 0x0 3.9919 4.0081 3.99 4.01 1.0329 0.9090 0.0002 0.0006 5.5261 -0.1499 -0.008114 -1.324038 12.14 
6.3037 2 1 1 0x0 3.9973 4.0027 4.00 4.00 0.9333 0.7603 0.0005 0.0003 5.5298 -0.1499 -0.002705 -1.321781 12.14 
6.3077 2 1 1 0x0 4.0000 4.0000 4.00 4.00 0.8782 1.0982 0.0005 0.0004 5.5332 -0.1500 -0.000000 -1.324976 12.12 
6.3117 2 1 1 0x0 4.0054 3.9946 4.01 3.99 0.9890 1.0839 0.0006 0.0002 5.5369 -0.1499 0.005409 -1.323880 12.13 
6.3157 2 1 1 0x0 4.0054 3.9946 4.01 3.99 0.8351 0.8408 0.0004 0.0003 5.5405 -0.1499 0.005409 -1.320288 12.14 
6.3197 2 1 1 0x0 4.0081 3.9919 4.01 3.99 0.8109 0.9668 0.0006 0.0004 5.5440 -0.1499 0.008113 -1.316443 12.14 
6.3237 2 1 1 0x0 4.0081 3.9919 4.01 3.99 0.9952 0.8909 0.0005 0.0004 5.5476 -0.1499 0.008113 -1.311961 12.14 
6.3277 2 1 1 0x0 4.0081 3.9919 4.01 3.99 0.7718 1.0663 0.0003 0.0004 5.5513 -0.1498 0.008113 -1.309934 12.13 
6.3317 2 1 1 0x0 4.0081 3.9919 4.01 3.99 1.0221 0.8029 0.0002 0.0004 5.5549 -0.1498 0.008113 -1.315812 12.14 
6.3357 2 1 1 0x0 4.0081 3.9919 4.01 3.99 0.9330 1.0245 0.0002 0.0004 5.5586 -0.1498 0.008113 -1.321513 12.13 
6.3397 2 1 1 0x0 4.0081 3.9919 4.01 3.99 1.0863 0.8487 0.0003 0.0004 5.5622 -0.1498 0.008113 -1.324598 12.13 
6.3437 2 1 1 0x0 4.0081 3.9919 4.01 3.99 0.8181 1.0507 0.0003 0.0005 5.5659 -0.1497 0.008113 -1.329946 12.13 
6.3477 2 1 1 0x0 4.0108 3.9892 4.01 3.99 0.7600 0.8147 0.0006 0.0006 5.5693 -0.1497 0.010818 -1.329681 12.14 
6.3517 2 1 1 0x0 4.0108 3.9892 4.01 3.99 0.9395 1.0028 0.0003 0.0007 5.5730 -0.1496 0.010818 -1.328448 12.13 
6.3557 2 1 1 0x0 4.0162 3.9838 4.02 3.98 0.9182 1.0609 0.0005 0.0003 5.5766 -0.1496 0.016227 -1.320971 12.13 
6.3597 2 1 1 0x0 4.0189 3.9811 4.02 3.98 0.9584 0.7651 0.0007 0.0003 5.5801 -0.1495 0.018932 -1.316581 12.13 
6.3637 2 1 1 0x0 4.0162 3.9838 4.02 3.98 0.8081 0.7431 0.0005 0.0005 5.5835 -0.1495 0.016227 -1.309719 12.12 
6.3677 2 1 1 0x0 4.0162 3.9838 4.02 3.98 1.0024 0.9940 0.0003 0.0003 5.5872 -0.1494 0.016227 -1.307188 12.13 
6.3717 2 1 1 0x0 4.0162 3.9838 4.02 3.98 0.9605 0.9643 0.0006 0.0007 5.5904 -0.1494 0.016227 -1.311367 12.13 
6.3757 2 1 1 0x0 4.0162 3.9838 4.02 3.98 0.7564 0.8939 0.0005 0.0006 5.5940 -0.1493 0.016227 -1.317923 12.13 
6.3797 2 1 1 0x0 4.0162 3.9838 4.02 3.98 0.9745 0.9917 0.0005 0.0005 5.5977 -0.1492 0.016227 -1.316931 12.13 
6.3837 2 1 1 0x0 4.0162 3.9838 4.02 3.98 0.8638 0.7649 0.0005 0.0005 5.6013 -0.1492 0.016227 -1.324706 12.14 
6.3877 2 1 1 0x0 4.0162 3.9838 4.02 3.98 0.9638 1.0170 0.0006 0.0006 5.6050 -0.1491 0.016227 -1.330187 12.13 
6.3917 2 1 1 0x0 4.0189 3.9811 4.02 3.98 0.7242 1.0809 0.0006 0.0002 5.6089 -0.1491 0.018932 -1.325990 12.13 
6.3957 2 1 1 0x0 4.0189 3.9811 4.02 3.98 1.0265 0.7977 0.0006 0.0003 5.6125 -0.1490 0.018932 -1.324047 12.13 
6.3997 2 1 1 0x0 4.0162 3.9838 4.02 3.98 1.0684 1.0298 0.0003 0.0004 5.6164 -0.1489 0.016227 -1.322006 12.13 
6.4037 2 1 1 0x0 4.0189 3.9811 4.02 3.98 0.8347 1.0874 0.0004 0.0002 5.6202 -0.1489 0.018932 -1.318167 12.13 
6.4077 2 1 1 0x0 4.0189 3.9811 4.02 3.98 1.1125 0.8431 0.0005 0.0005 5.6239 -0.1488 0.018932 -1.321468 12.12 
6.4117 2 1 1 0x0 4.0189 3.9811 4.02 3.98 1.0649 0.9298 0.0003 0.0003 5.6279 -0.1487 0.018932 -1.330512 12.14 
6.4157 2 1 1 0x0 4.0189 3.9811 4.02 3.98 0.8433 1.0789 0.0005 0.0006 5.6316 -0.1486 0.018932 -1.328818 12.13 
6.4197 2 1 1 0x0 4.0216 3.9784 4.02 3.98 0.9103 1.0604 0.0005 0.0004 5.6354 -0.1486 0.021636 -1.329542 12.13 
6.4237 2 1 1 0x0 4.0243 3.9757 4.02 3.98 0.9596 0.9311 0.0005 0.0005 5.6389 -0.1485 0.024341 -1.329016 12.13 
6.4277 2 1 1 0x0 4.0270 3.9730 4.03 3.97 0.9487 1.0812 0.0006 0.0007 5.6423 -0.1484 0.027045 -1.324227 12.12 
6.4317 2 1 1 0x0 4.0297 3.9703 4.03 3.97 0.8639 1.0670 0.0004 0.0004 5.6462 -0.1483 0.029750 -1.323850 12.13 
6.4357 2 1 1 0x0 4.0297 3.9703 4.03 3.97 1.0419 0.9275 0.0004 0.0005 5.6498 -0.1482 0.029750 -1.330571 12.13 
6.4397 2 1 1 0x0 4.0297 3.9703 4.03 3.97 0.7959 1.0849 0.0004 0.0007 5.6535 -0.1481 0.029750 -1.326968 12.13 
6.4437 2 1 1 0x0 4.0325 3.9675 4.03 3.97 1.0407 0.9978 0.0004 0.0004 5.6573 -0.1479 0.032454 -1.330955 12.13 
6.4477 2 1 1 0x0 4.0325 3.9675 4.03 3.97 0.8710 0.9246 0.0004 0.0005 5.6610 -0.1478 0.032454 -1.340196 12.13 
6.4517 2 1 1 0x0 4.0325 3.9675 4.03 3.97 1.0861 1.0141 0.0006 0.0007 5.6646 -0.1477 0.032454 -1.336759 12.15 
6.4557 2 1 1 0x0 4.0325 3.9675 4.03 3.97 1.0476 1.0033 0.0002 0.0003 5.6687 -0.1476 0.032454 -1.345418 12.13 
6.4597 2 1 1 0x0 4.0325 3.9675 4.03 3.97 0.8727 0.9205 0.0004 0.0004 5.6723 -0.1474 0.032454 -1.354435 12.12 
6.4637 2 1 1 0x0 4.0325 3.9675 4.03 3.97 1.0758 1.0216 0.0006 0.0005 5.6760 -0.1473 0.032454 -1.354705 12.13 
6.4677 2 1 1 0x0 4.0325 3.9675 4.03 3.97 1.0367 1.0845 0.0003 0.0002 5.6800 -0.1472 0.032454 -1.361264 12.13 
6.4717 2 1 1 0x0 4.0325 3.9675 4.03 3.97 0.8780 0.9123 0.0004 0.0002 5.6837 -0.1471 0.032454 -1.362677 12.12 
6.4757 2 1 1 0x0 4.0352 3.9648 4.04 3.96 0.7555 1.0335 0.0006 0.0003 5.6871 -0.1470 0.035159 -1.357792 12.13 
6.4797 2 1 1 0x0 4.0379 3.9621 4.04 3.96 0.7492 0.7808 0.0005 0.0003 5.6906 -0.1468 0.037863 -1.351299 12.12 
6.4837 2 1 1 0x0 4.0406 3.9594 4.04 3.96 0.7999 1.0599 0.0006 0.0004 5.6940 -0.1467 0.040568 -1.346513 12.12 
6.4877 2 1 1 0x0 4.0406 3.9594 4.04 3.96 1.0077 0.8760 0.0005 0.0005 5.6977 -0.1466 0.040568 -1.350767 12.12 
6.4917 2 1 1 0x0 4.0406 3.9594 4.04 3.96 0.8188 1.0095 0.0005 0.0006 5.7013 -0.1464 0.040568 -1.345311 12.12 
6.4957 2 1 1 0x0 4.0406 3.9594 4.04 3.96 1.0743 0.7165 0.0005 0.0005 5.7050 -0.1463 0.040568 -1.342111 12.13 
6.4997 2 1 1 0x0 4.0379 3.9621 4.04 3.96 0.8462 0.7309 0.0005 0.0007 5.7084 -0.1461 0.037863 -1.343276 12.13 
6.5037 2 1 1 0x0 4.0379 3.9621 4.04 3.96 1.0490 0.9519 0.0006 0.0005 5.7121 -0.1460 0.037863 -1.345265 12.13 
6.5077 2 1 1 0x0 4.0352 3.9648 4.04 3.96 1.0177 0.8509 0.0003 0.0003 5.7159 -0.1458 0.035159 -1.354798 12.13 
6.5117 2 1 1 0x0 4.0352 3.9648 4.04 3.96 0.8958 0.9816 0.0005 0.0002 5.7196 -0.1457 0.035159 -1.367620 12.12 
6.5157 2 1 1 0x0 4.0297 3.9703 4.03 3.97 0.8089 1.0167 0.0003 0.0006 5.7232 -0.1456 0.029750 -1.372064 12.13 
6.5197 2 1 1 0x0 4.0297 3.9703 4.03 3.97 1.0657 0.7900 0.0005 0.0005 5.7269 -0.1455 0.029750 -1.377394 12.13 
6.5237 2 1 1 0x0 4.0270 3.9730 4.03 3.97 1.0881 0.9773 0.0003 0.0005 5.7307 -0.1454 0.027045 -1.375822 12.13 
6.5277 2 1 1 0x0 4.0270 3.9730 4.03 3.97 0.7021 0.8837 0.0004 0.0005 5.7344 -0.1453 0.027045 -1.371896 12.12 
6.5317 2 1 1 0x0 4.0297 3.9703 4.03 3.97 0.7178 1.0017 0.0006 0.0005 5.7378 -0.1452 0.029750 -1.377310 12.12 
6.5357 2 1 1 0x0 4.0297 3.9703 4.03 3.97 1.0021 0.7593 0.0004 0.0005 5.7414 -0.1451 0.029750 -1.382022 12.12 
6.5397 2 1 1 0x0 4.0325 3.9675 4.03 3.97 0.9669 1.0275 0.0007 0.0005 5.7449 -0.1450 0.032454 -1.378140 12.12 
6.5437 2 1 1 0x0 4.0325 3.9675 4.03 3.97 0.8590 0.9573 0.0006 0.0006 5.7485 -0.1448 0.032454 -1.373034 12.13 
6.5477 2 1 1 0x0 4.0352 3.9648 4.04 3.96 1.0436 0.8388 0.0005 0.0002 5.7524 -0.1447 0.035159 -1.377060 12.13 
6.5517 2 1 1 0x0 4.0352 3.9648 4.04 3.96 0.7528 1.0376 0.0005 0.0003 5.7560 -0.1446 0.035159 -1.376649 12.12 
6.5557 2 1 1 0x0 4.0352 3.9648 4.04 3.96 1.0439 0.8905 0.0005 0.0003 5.7597 -0.1445 0.035159 -1.366760 12.13 
6.5597 2 1 1 0x0 4.0325 3.9675 4.03 3.97 0.8693 0.8613 0.0006 0.0006 5.7631 -0.1444 0.032454 -1.362539 12.13 
6.5637 2 1 1 0x0 4.0325 3.9675 4.03 3.97 1.0184 0.9724 0.0007 0.0004 5.7668 -0.1442 0.032454 -1.361832 12.13 
6.5677 2 1 1 0x0 4.0270 3.9730 4.03 3.97 0.9937 1.0102 0.0003 0.0007 5.7704 -0.1441 0.027045 -1.362479 12.13 
6.5717 2 1 1 0x0 4.0270 3.9730 4.03 3.97 0.9094 0.7528 0.0004 0.0006 5.7741 -0.1440 0.027045 -1.366384 12.13 
6.5757 2 1 1 0x0 4.0270 3.9730 4.03 3.97 0.9321 0.9756 0.0002 0.0005 5.7777 -0.1439 0.027045 -1.371516 12.13 
6.5797 2 1 1 0x0 4.0297 3.9703 4.03 3.97 0.9698 0.9417 0.0005 0.0005 5.7812 -0.1438 0.029750 -1.372316 12.13 
6.5837 2 1 1 0x0 4.0325 3.9675 4.03 3.97 0.9413 0.9983 0.0007 0.0005 5.7846 -0.1437 0.032454 -1.372862 12.13 
6.5877 2 1 1 0x0 4.0325 3.9675 4.03 3.97 0.7287 0.8489 0.0006 0.0005 5.7883 -0.1436 0.032454 -1.371839 12.13 
6.5917 2 1 1 0x0 4.0325 3.9675 4.03 3.97 1.0266 1.0237 0.0005 0.0006 5.7919 -0.1435 0.032454 -1.370426 12.13 
6.5957 2 1 1 0x0 4.0352 3.9648 4.04 3.96 0.8735 1.0870 0.0005 0.0002 5.7958 -0.1434 0.035159 -1.365340 12.14 
6.5997 2 1 1 0x0 4.0325 3.9675 4.03 3.97 1.0196 1.0481 0.0005 0.0007 5.7992 -0.1432 0.032454 -1.358396 12.13 
6.6037 2 1 1 0x0 4.0352 3.9648 4.04 3.96 0.8128 0.9720 0.0006 0.0003 5.8031 -0.1431 0.035159 -1.354763 12.13 
6.6077 2 1 1 0x0 4.0352 3.9648 4.04 3.96 1.0867 0.8897 0.0006 0.0003 5.8067 -0.1430 0.035159 -1.353948 12.13 
6.6117 2 1 1 0x0 4.0325 3.9675 4.03 3.97 1.0518 0.9946 0.0002 0.0003 5.8106 -0.1429 0.032454 -1.353260 12.12 
6.6157 2 1 1 0x0 4.0325 3.9675 4.03 3.97 0.7953 0.8064 0.0003 0.0004 5.8142 -0.1427 0.032454 -1.356261 12.13 
6.6197 2 1 1 0x0 4.0325 3.9675 4.03 3.97 1.0279 1.0163 0.0004 0.0004 5.8179 -0.1426 0.032454 -1.367643 12.14 
6.6237 2 1 1 0x0 4.0325 3.9675 4.03 3.97 0.8828 0.8563 0.0005 0.0006 5.8215 -0.1425 0.032454 -1.372027 12.13 
6.6277 2 1 1 0x0 4.0325 3.9675 4.03 3.97 1.0642 1.0381 0.0007 0.0007 5.8252 -0.1424 0.032454 -1.368811 12.14 
6.6317 2 1 1 0x0 4.0325 3.9675 4.03 3.97 1.0319 1.0293 0.0003 0.0003 5.8292 -0.1423 0.032454 -1.370804 12.13 
6.6357 2 1 1 0x0 4.0325 3.9675 4.03 3.97 0.8804 0.9563 0.0005 0.0004 5.8329 -0.1421 0.032454 -1.367519 12.13 
6.6397 2 1 1 0x0 4.0325 3.9675 4.03 3.97 1.0650 0.9828 0.0006 0.0005 5.8365 -0.1420 0.032454 -1.362921 12.13 
6.6437 2 1 1 0x0 4.0297 3.9703 4.03 3.97 1.0255 0.8141 0.0004 0.0006 5.8404 -0.1419 0.029750 -1.367290 12.13 
6.6477 2 1 1 0x0 4.0297 3.9703 4.03 3.97 0.9542 0.8897 0.0006 0.0003 5.8445 -0.1418 0.029750 -1.375898 12.12 
6.6517 2 1 1 0x0 4.0297 3.9703 4.03 3.97 0.8565 1.0647 0.0004 0.0004 5.8481 -0.1417 0.029750 -1.372252 12.14 
6.6557 2 1 1 0x0 4.0297 3.9703 4.03 3.97 1.0625 0.7661 0.0006 0.0004 5.8518 -0.1416 0.029750 -1.373430 12.13 
6.6597 2 1 1 0x0 4.0270 3.9730 4.03 3.97 1.0244 1.0882 0.0003 0.0005 5.8556 -0.1414 0.027045 -1.369300 12.12 
6.6637 2 1 1 0x0 4.0297 3.9703 4.03 3.97 0.9859 0.8586 0.0006 0.0006 5.8590 -0.1413 0.029750 -1.365385 12.12 
6.6677 2 1 1 0x0 4.0325 3.9675 4.03 3.97 0.7708 0.8021 0.0004 0.0003 5.8629 -0.1412 0.032454 -1.365210 12.14 
6.6717 2 1 1 0x0 4.0352 3.9648 4.04 3.96 0.7935 1.0215 0.0007 0.0003 5.8663 -0.1411 0.035159 -1.369541 12.13 
6.6757 2 1 1 0x0 4.0352 3.9648 4.04 3.96 0.9855 0.9050 0.0006 0.0004 5.8700 -0.1410 0.035159 -1.365963 12.13 
6.6797 2 1 1 0x0 4.0352 3.9648 4.04 3.96 0.9063 1.0414 0.0006 0.0005 5.8736 -0.1409 0.035159 -1.361463 12.12 
6.6837 2 1 1 0x0 4.0352 3.9648 4.04 3.96 1.0430 0.8204 0.0006 0.0005 5.8773 -0.1407 0.035159 -1.361884 12.13 
6.6877 2 1 1 0x0 4.0352 3.9648 4.04 3.96 0.7554 0.9972 0.0006 0.0005 5.8809 -0.1406 0.035159 -1.361478 12.13 
6.6917 2 1 1 0x0 4.0352 3.9648 4.04 3.96 0.9709 0.9226 0.0006 0.0005 5.8846 -0.1405 0.035159 -1.361687 12.12 
6.6957 2 1 1 0x0 4.0352 3.9648 4.04 3.96 0.8123 1.0215 0.0006 0.0005 5.8882 -0.1404 0.035159 -1.363477 12.13 
6.6997 2 1 1 0x0 4.0352 3.9648 4.04 3.96 0.9315 0.7491 0.0004 0.0005 5.8919 -0.1402 0.035159 -1.365278 12.13 
6.7037 2 1 1 0x0 4.0379 3.9621 4.04 3.96 0.9593 0.9786 0.0007 0.0004 5.8953 -0.1401 0.037863 -1.364543 12.13 
6.7077 2 1 1 0x0 4.0352 3.9648 4.04 3.96 0.7137 0.9520 0.0004 0.0006 5.8988 -0.1400 0.035159 -1.358546 12.12 
6.7117 2 1 1 0x0 4.0379 3.9621 4.04 3.96 0.7277 0.8485 0.0007 0.0003 5.9022 -0.1398 0.037863 -1.352932 12.13 
6.7157 2 1 1 0x0 4.0352 3.9648 4.04 3.96 0.9817 0.8684 0.0004 0.0005 5.9057 -0.1397 0.035159 -1.350415 12.13 
6.7197 2 1 1 0x0 4.0352 3.9648 4.04 3.96 0.8450 0.9609 0.0003 0.0004 5.9093 -0.1396 0.035159 -1.348722 12.13 
6.7237 2 1 1 0x0 4.0325 3.9675 4.03 3.97 0.9950 0.9352 0.0003 0.0006 5.9128 -0.1395 0.032454 -1.353156 12.13 
6.7277 2 1 1 0x0 4.0325 3.9675 4.03 3.97 0.7824 0.7598 0.0003 0.0005 5.9164 -0.1394 0.032454 -1.361557 12.13 
6.7317 2 1 1 0x0 4.0325 3.9675 4.03 3.97 1.0612 1.0302 0.0003 0.0003 5.9201 -0.1392 0.032454 -1.359974 12.14 
6.7357 2 1 1 0x0 4.0325 3.9675 4.03 3.97 0.9109 0.9526 0.0004 0.0003 5.9237 -0.1391 0.032454 -1.363024 12.14 
6.7397 2 1 1 0x0 4.0325 3.9675 4.03 3.97 1.0300 0.9872 0.0005 0.0003 5.9274 -0.1390 0.032454 -1.365163 12.13 
6.7437 2 1 1 0x0 4.0325 3.9675 4.03 3.97 0.8138 0.8102 0.0006 0.0003 5.9310 -0.1389 0.032454 -1.362413 12.13 
6.7477 2 1 1 0x0 4.0297 3.9703 4.03 3.97 0.9108 1.0108 0.0003 0.0003 5.9349 -0.1388 0.029750 -1.361109 12.14 
6.7517 2 1 1 0x0 4.0297 3.9703 4.03 3.97 0.9728 0.9123 0.0004 0.0004 5.9385 -0.1387 0.029750 -1.354609 12.13 
6.7557 2 1 1 0x0 4.0297 3.9703 4.03 3.97 0.7913 1.0332 0.0003 0.0004 5.9422 -0.1386 0.029750 -1.353128 12.13 
6.7597 2 1 1 0x0 4.0325 3.9675 4.03 3.97 0.8220 0.7821 0.0007 0.0005 5.9456 -0.1384 0.032454 -1.360397 12.13 
6.7637 2 1 1 0x0 4.0325 3.9675 4.03 3.97 1.0045 0.9862 0.0006 0.0005 5.9493 -0.1383 0.032454 -1.356568 12.13 
6.7677 2 1 1 0x0 4.0297 3.9703 4.03 3.97 1.0476 0.8775 0.0002 0.0006 5.9531 -0.1382 0.029750 -1.361267 12.13 
6.7717 2 1 1 0x0 4.0297 3.9703 4.03 3.97 0.7968 1.0079 0.0003 0.0006 5.9568 -0.1381 0.029750 -1.365366 12.13 
6.7757 2 1 1 0x0 4.0325 3.9675 4.03 3.97 1.0308 0.9974 0.0003 0.0002 5.9606 -0.1380 0.032454 -1.362505 12.13 
6.7797 2 1 1 0x0 4.0325 3.9675 4.03 3.97 0.8276 0.9250 0.0004 0.0003 5.9643 -0.1379 0.032454 -1.360255 12.13 
6.7837 2 1 1 0x0 4.0325 3.9675 4.03 3.97 1.0140 1.0917 0.0004 0.0004 5.9679 -0.1377 0.032454 -1.364437 12.13 
6.7877 2 1 1 0x0 4.0325 3.9675 4.03 3.97 0.7751 0.7921 0.0005 0.0004 5.9716 -0.1376 0.032454 -1.361273 12.13 
6.7917 2 1 1 0x0 4.0325 3.9675 4.03 3.97 1.0662 0.9727 0.0006 0.0004 5.9752 -0.1375 0.032454 -1.356665 12.13 
6.7957 2 1 1 0x0 4.0297 3.9703 4.03 3.97 1.1030 0.8856 0.0003 0.0003 5.9791 -0.1374 0.029750 -1.354901 12.13 
6.7997 2 1 1 0x0 4.0270 3.9730 4.03 3.97 0.8164 0.8586 0.0004 0.0006 5.9825 -0.1373 0.027045 -1.351703 12.12 
6.8037 2 1 1 0x0 4.0270 3.9730 4.03 3.97 1.0569 0.9706 0.0006 0.0006 5.9862 -0.1372 0.027045 -1.350428 12.14 
6.8077 2 1 1 0x0 4.0243 3.9757 4.02 3.98 1.0844 0.7767 0.0004 0.0005 5.9900 -0.1371 0.024341 -1.351686 12.12 
6.8117 2 1 1 0x0 4.0243 3.9757 4.02 3.98 0.8277 0.9966 0.0005 0.0005 5.9937 -0.1370 0.024341 -1.358570 12.14 
6.8157 2 1 1 0x0 4.0243 3.9757 4.02 3.98 0.9869 0.8705 0.0005 0.0005 5.9973 -0.1369 0.024341 -1.357261 12.13 
6.8197 2 1 1 0x0 4.0243 3.9757 4.02 3.98 0.9050 1.0912 0.0005 0.0005 6.0010 -0.1368 0.024341 -1.353365 12.13 
6.8237 2 1 1 0x0 4.0243 3.9757 4.02 3.98 0.9285 0.7916 0.0004 0.0006 6.0046 -0.1367 0.024341 -1.351986 12.13 
6.8277 2 1 1 0x0 4.0270 3.9730 4.03 3.97 0.9604 1.0417 0.0007 0.0005 6.0081 -0.1366 0.027045 -1.346905 12.13 
6.8317 2 1 1 0x0 4.0270 3.9730 4.03 3.97 0.7899 0.8364 0.0005 0.0005 6.0117 -0.1365 0.027045 -1.338096 12.13 
6.8357 2 1 1 0x0 4.0270 3.9730 4.03 3.97 1.0053 0.9423 0.0003 0.0002 6.0154 -0.1364 0.027045 -1.332204 12.13 
6.8397 2 1 1 0x0 4.0270 3.9730 4.03 3.97 0.9745 0.9773 0.0005 0.0005 6.0186 -0.1364 0.027045 -1.333739 12.12 
6.8437 2 1 1 0x0 4.0270 3.9730 4.03 3.97 0.8537 0.7717 0.0004 0.0003 6.0223 -0.1363 0.027045 -1.332707 12.14 
6.8477 2 1 1 0x0 4.0270 3.9730 4.03 3.97 0.9866 1.0093 0.0004 0.0002 6.0259 -0.1362 0.027045 -1.326160 12.13 
6.8517 2 1 1 0x0 4.0243 3.9757 4.02 3.98 0.7879 0.9763 0.0004 0.0006 6.0294 -0.1361 0.024341 -1.332562 12.13 
6.8557 2 1 1 0x0 4.0243 3.9757 4.02 3.98 1.0545 0.8856 0.0004 0.0006 6.0330 -0.1360 0.024341 -1.334470 12.13 
6.8597 2 1 1 0x0 4.0243 3.9757 4.02 3.98 0.9759 0.9992 0.0005 0.0006 6.0367 -0.1359 0.024341 -1.337840 12.13 
6.8637 2 1 1 0x0 4.0243 3.9757 4.02 3.98 1.0998 0.8024 0.0006 0.0006 6.0403 -0.1358 0.024341 -1.334917 12.13 
6.8677 2 1 1 0x0 4.0216 3.9784 4.02 3.98 1.0681 1.0241 0.0002 0.0006 6.0442 -0.1357 0.021636 -1.332697 12.14 
6.8717 2 1 1 0x0 4.0243 3.9757 4.02 3.98 0.8535 1.0126 0.0003 0.0003 6.0480 -0.1356 0.024341 -1.326549 12.14 
6.8757 2 1 1 0x0 4.0243 3.9757 4.02 3.98 0.9731 0.7938 0.0004 0.0003 6.0517 -0.1355 0.024341 -1.325891 12.14 
6.8797 2 1 1 0x0 4.0243 3.9757 4.02 3.98 0.7156 1.0382 0.0003 0.0003 6.0553 -0.1354 0.024341 -1.332397 12.13 
6.8837 2 1 1 0x0 4.0270 3.9730 4.03 3.97 0.7352 0.8909 0.0006 0.0004 6.0588 -0.1354 0.027045 -1.326537 12.13 
6.8877 2 1 1 0x0 4.0270 3.9730 4.03 3.97 1.0268 0.9928 0.0005 0.0004 6.0624 -0.1353 0.027045 -1.324517 12.13 
6.8917 2 1 1 0x0 4.0270 3.9730 4.03 3.97 0.8690 0.8057 0.0004 0.0004 6.0661 -0.1352 0.027045 -1.324519 12.13 
6.8957 2 1 1 0x0 4.0270 3.9730 4.03 3.97 1.0285 1.0156 0.0004 0.0005 6.0697 -0.1351 0.027045 -1.324362 12.13 
6.8997 2 1 1 0x0 4.0270 3.9730 4.03 3.97 0.7268 0.9089 0.0004 0.0006 6.0734 -0.1350 0.027045 -1.324461 12.14 
6.9037 2 1 1 0x0 4.0270 3.9730 4.03 3.97 1.0151 1.0389 0.0005 0.0006 6.0770 -0.1349 0.027045 -1.327778 12.13 
6.9077 2 1 1 0x0 4.0297 3.9703 4.03 3.97 0.8897 1.0288 0.0006 0.0002 6.0809 -0.1348 0.029750 -1.332967 12.13 
6.9117 2 1 1 0x0 4.0270 3.9730 4.03 3.97 0.8419 0.8965 0.0002 0.0002 6.0847 -0.1346 0.027045 -1.329449 12.13 
6.9157 2 1 1 0x0 4.0270 3.9730 4.03 3.97 1.0267 0.9877 0.0003 0.0002 6.0884 -0.1346 0.027045 -1.327379 12.14 
6.9197 2 1 1 0x0 4.0243 3.9757 4.02 3.98 0.9406 0.9610 0.0005 0.0005 6.0918 -0.1345 0.024341 -1.325714 12.13 
6.9237 2 1 1 0x0 4.0216 3.9784 4.02 3.98 1.0596 0.9375 0.0006 0.0008 6.0953 -0.1344 0.021636 -1.322463 12.12 
6.9277 2 1 1 0x0 4.0216 3.9784 4.02 3.98 0.7415 0.7183 0.0005 0.0005 6.0989 -0.1343 0.021636 -1.318167 12.12 
6.9317 2 1 1 0x0 4.0243 3.9757 4.02 3.98 0.7517 0.9750 0.0007 0.0003 6.1024 -0.1342 0.024341 -1.315036 12.13 
6.9357 2 1 1 0x0 4.0216 3.9784 4.02 3.98 1.0130 1.0123 0.0004 0.0006 6.1058 -0.1341 0.021636 -1.315748 12.13 
6.9397 2 1 1 0x0 4.0243 3.9757 4.02 3.98 0.9825 0.8557 0.0006 0.0006 6.1092 -0.1341 0.024341 -1.317167 12.13 
6.9437 2 1 1 0x0 4.0243 3.9757 4.02 3.98 0.9011 1.0427 0.0005 0.0006 6.1129 -0.1340 0.024341 -1.318829 12.12 
6.9477 2 1 1 0x0 4.0243 3.9757 4.02 3.98 1.0608 0.7760 0.0005 0.0006 6.1165 -0.1339 0.024341 -1.325029 12.13 
6.9517 2 1 1 0x0 4.0270 3.9730 4.03 3.97 0.8312 0.9531 0.0005 0.0003 6.1204 -0.1338 0.027045 -1.322118 12.13 
6.9557 2 1 1 0x0 4.0270 3.9730 4.03 3.97 1.0510 1.0534 0.0005 0.0004 6.1240 -0.1337 0.027045 -1.320279 12.13 
6.9597 2 1 1 0x0 4.0243 3.9757 4.02 3.98 1.0929 0.8135 0.0002 0.0005 6.1279 -0.1336 0.024341 -1.313021 12.13 
6.9637 2 1 1 0x0 4.0270 3.9730 4.03 3.97 1.0281 1.0049 0.0007 0.0006 6.1313 -0.1335 0.027045 -1.306657 12.13 
6.9677 2 1 1 0x0 4.0297 3.9703 4.03 3.97 0.7083 1.0652 0.0004 0.0003 6.1352 -0.1334 0.029750 -1.301950 12.13 
6.9717 2 1 1 0x0 4.0325 3.9675 4.03 3.97 0.7195 0.8071 0.0005 0.0004 6.1386 -0.1333 0.032454 -1.296524 12.12 
6.9757 2 1 1 0x0 4.0325 3.9675 4.03 3.97 0.9315 1.0158 0.0003 0.0004 6.1423 -0.1332 0.032454 -1.298049 12.13 
6.9797 2 1 1 0x0 4.0352 3.9648 4.04 3.96 1.0246 0.8570 0.0006 0.0006 6.1457 -0.1331 0.035159 -1.306998 12.13 
6.9837 2 1 1 0x0 4.0352 3.9648 4.04 3.96 0.8720 1.0359 0.0006 0.0007 6.1494 -0.1329 0.035159 -1.312379 12.13 
6.9877 2 1 1 0x0 4.0379 3.9621 4.04 3.96 1.0215 1.1004 0.0006 0.0003 6.1532 -0.1328 0.037863 -1.311182 12.14 
6.9917 2 1 1 0x0 4.0352 3.9648 4.04 3.96 1.0685 0.9026 0.0002 0.0004 6.1571 -0.1326 0.035159 -1.316579 12.14 
6.9957 2 1 1 0x0 4.0352 3.9648 4.04 3.96 0.8547 1.0440 0.0004 0.0006 6.1607 -0.1325 0.035159 -1.311414 12.13 
6.9997 2 1 1 0x0 4.0379 3.9621 4.04 3.96 1.0283 1.0317 0.0005 0.0002 6.1646 -0.1324 0.037863 -1.307199 12.13 
7.0037 2 1 1 0x0 4.0352 3.9648 4.04 3.96 1.0651 0.9553 0.0002 0.0003 6.1684 -0.1322 0.035159 -1.309378 12.13 
7.0077 2 1 1 0x0 4.0352 3.9648 4.04 3.96 0.8589 0.9817 0.0004 0.0004 6.1721 -0.1321 0.035159 -1.310779 12.13 
7.0117 2 1 1 0x0 4.0379 3.9621 4.04 3.96 0.7941 0.8163 0.0007 0.0005 6.1755 -0.1320 0.037863 -1.307932 12.13 
7.0157 2 1 1 0x0 4.0406 3.9594 4.04 3.96 0.9619 0.9514 0.0004 0.0002 6.1794 -0.1318 0.040568 -1.309810 12.13 
7.0197 2 1 1 0x0 4.0433 3.9567 4.04 3.96 0.9940 1.0549 0.0007 0.0004 6.1828 -0.1317 0.043272 -1.313567 12.14 
7.0237 2 1 1 0x0 4.0433 3.9567 4.04 3.96 0.7746 0.7324 0.0006 0.0005 6.1865 -0.1315 0.043272 -1.310037 12.13 
7.0277 2 1 1 0x0 4.0433 3.9567 4.04 3.96 1.0204 1.0046 0.0005 0.0005 6.1901 -0.1314 0.043272 -1.306366 12.13 
7.0317 2 1 1 0x0 4.0460 3.9540 4.05 3.95 0.8681 1.0616 0.0004 0.0003 6.1940 -0.1312 0.045977 -1.309124 12.13 
7.0357 2 1 1 0x0 4.0460 3.9540 4.05 3.95 0.9746 0.8095 0.0003 0.0003 6.1976 -0.1310 0.045977 -1.310053 12.13 
7.0397 2 1 1 0x0 4.0487 3.9513 4.05 3.95 1.0002 1.0109 0.0006 0.0004 6.2011 -0.1309 0.048682 -1.306452 12.13 
7.0437 2 1 1 0x0 4.0487 3.9513 4.05 3.95 0.7728 0.9124 0.0005 0.0004 6.2047 -0.1307 0.048682 -1.308307 12.13 
7.0477 2 1 1 0x0 4.0487 3.9513 4.05 3.95 0.9560 0.9692 0.0004 0.0004 6.2084 -0.1305 0.048682 -1.307157 12.13 
7.0517 2 1 1 0x0 4.0487 3.9513 4.05 3.95 0.8180 0.7786 0.0003 0.0004 6.2120 -0.1303 0.048682 -1.303772 12.12 
7.0557 2 1 1 0x0 4.0487 3.9513 4.05 3.95 0.9713 0.9957 0.0002 0.0003 6.2157 -0.1302 0.048682 -1.304394 12.13 
7.0597 2 1 1 0x0 4.0514 3.9486 4.05 3.95 1.0549 0.8697 0.0007 0.0003 6.2191 -0.1300 0.051386 -1.307743 12.13 
7.0637 2 1 1 0x0 4.0487 3.9513 4.05 3.95 1.0333 1.0208 0.0003 0.0003 6.2230 -0.1298 0.048682 -1.311058 12.15 
7.0677 2 1 1 0x0 4.0487 3.9513 4.05 3.95 0.8729 0.7889 0.0003 0.0003 6.2266 -0.1296 0.048682 -1.316570 12.13 
7.0717 2 1 1 0x0 4.0487 3.9513 4.05 3.95 1.0169 0.9767 0.0004 0.0004 6.2303 -0.1294 0.048682 -1.317264 12.13 
7.0757 2 1 1 0x0 4.0487 3.9513 4.05 3.95 0.8155 0.8362 0.0004 0.0004 6.2339 -0.1293 0.048682 -1.319211 12.13 
7.0797 2 1 1 0x0 4.0487 3.9513 4.05 3.95 1.0677 1.0707 0.0005 0.0004 6.2375 -0.1291 0.048682 -1.313836 12.13 
7.0837 2 1 1 0x0 4.0487 3.9513 4.05 3.95 0.9044 0.8024 0.0006 0.0004 6.2412 -0.1289 0.048682 -1.309711 12.13 
7.0877 2 1 1 0x0 4.0487 3.9513 4.05 3.95 1.0416 1.0232 0.0007 0.0004 6.2448 -0.1287 0.048682 -1.303873 12.13 
7.0917 2 1 1 0x0 4.0487 3.9513 4.05 3.95 0.7472 0.8474 0.0005 0.0003 6.2485 -0.1286 0.048682 -1.298637 12.13 
7.0957 2 1 1 0x0 4.0514 3.9486 4.05 3.95 0.7231 0.9865 0.0007 0.0002 6.2519 -0.1284 0.051386 -1.296406 12.13 
7.0997 2 1 1 0x0 4.0487 3.9513 4.05 3.95 0.9860 1.0236 0.0005 0.0006 6.2554 -0.1282 0.048682 -1.295775 12.12 
7.1037 2 1 1 0x0 4.0487 3.9513 4.05 3.95 0.8422 0.7862 0.0004 0.0005 6.2590 -0.1281 0.048682 -1.296188 12.13 
7.1077 2 1 1 0x0 4.0487 3.9513 4.05 3.95 1.0012 1.0519 0.0003 0.0005 6.2627 -0.1279 0.048682 -1.300378 12.13 
7.1117 2 1 1 0x0 4.0487 3.9513 4.05 3.95 0.8220 0.8828 0.0003 0.0006 6.2663 -0.1277 0.048682 -1.303369 12.14 
7.1157 2 1 1 0x0 4.0514 3.9486 4.05 3.95 0.9979 0.8235 0.0003 0.0003 6.2702 -0.1275 0.051386 -1.307090 12.13 
7.1197 2 1 1 0x0 4.0514 3.9486 4.05 3.95 0.8521 1.0598 0.0004 0.0004 6.2738 -0.1273 0.051386 -1.305680 12.13 
7.1237 2 1 1 0x0 4.0514 3.9486 4.05 3.95 1.0420 0.9333 0.0005 0.0005 6.2775 -0.1271 0.051386 -1.306121 12.13 
7.1277 2 1 1 0x0 4.0514 3.9486 4.05 3.95 0.8521 1.0066 0.0006 0.0007 6.2811 -0.1269 0.051386 -1.298986 12.13 
7.1317 2 1 1 0x0 4.0514 3.9486 4.05 3.95 0.8967 0.9954 0.0002 0.0004 6.2852 -0.1267 0.051386 -1.295483 12.13 
7.1357 2 1 1 0x0 4.0514 3.9486 4.05 3.95 1.0412 0.8722 0.0004 0.0005 6.2888 -0.1265 0.051386 -1.300845 12.13 
7.1397 2 1 1 0x0 4.0514 3.9486 4.05 3.95 0.8070 1.0159 0.0005 0.0006 6.2924 -0.1263 0.051386 -1.299787 12.14 
7.1437 2 1 1 0x0 4.0514 3.9486 4.05 3.95 0.8521 1.0791 0.0003 0.0002 6.2965 -0.1261 0.051386 -1.301694 12.13 
7.1477 2 1 1 0x0 4.0541 3.9459 4.05 3.95 0.7929 0.9173 0.0006 0.0003 6.2999 -0.1260 0.054091 -1.298850 12.13 
7.1517 2 1 1 0x0 4.0541 3.9459 4.05 3.95 0.9664 1.0259 0.0004 0.0004 6.3036 -0.1258 0.054091 -1.295372 12.12 
7.1557 2 1 1 0x0 4.0568 3.9432 4.06 3.94 0.9967 0.8313 0.0007 0.0005 6.3070 -0.1256 0.056795 -1.294318 12.12 
7.1597 2 1 1 0x0 4.0568 3.9432 4.06 3.94 0.7367 1.0476 0.0006 0.0006 6.3107 -0.1254 0.056795 -1.298098 12.12 
7.1637 2 1 1 0x0 4.0595 3.9405 4.06 3.94 1.0065 1.0321 0.0005 0.0003 6.3145 -0.1251 0.059500 -1.295089 12.14 
7.1677 2 1 1 0x0 4.0595 3.9405 4.06 3.94 0.8423 0.8273 0.0006 0.0004 6.3182 -0.1249 0.059500 -1.296505 12.13 
7.1717 2 1 1 0x0 4.0595 3.9405 4.06 3.94 0.9881 1.0529 0.0006 0.0005 6.3218 -0.1247 0.059500 -1.304951 12.13 
7.1757 2 1 1 0x0 4.0568 3.9432 4.06 3.94 1.0357 0.8828 0.0002 0.0006 6.3257 -0.1245 0.056795 -1.306005 12.13 
7.1797 2 1 1 0x0 4.0622 3.9378 4.06 3.94 0.9801 0.7803 0.0007 0.0003 6.3293 -0.1243 0.062204 -1.300781 12.13 
7.1837 2 1 1 0x0 4.0622 3.9378 4.06 3.94 0.7858 1.0582 0.0003 0.0004 6.3330 -0.1240 0.062204 -1.299744 12.12 
7.1877 2 1 1 0x0 4.0649 3.9351 4.06 3.94 0.7894 0.9335 0.0004 0.0005 6.3364 -0.1238 0.064909 -1.303917 12.14 
7.1917 2 1 1 0x0 4.0676 3.9324 4.07 3.93 0.8014 1.0789 0.0005 0.0006 6.3398 -0.1236 0.067613 -1.301838 12.13 
7.1957 2 1 1 0x0 4.0703 3.9297 4.07 3.93 0.9451 1.0672 0.0003 0.0002 6.3437 -0.1233 0.070318 -1.310398 12.13 
7.1997 2 1 1 0x0 4.0730 3.9270 4.07 3.93 0.9704 0.8719 0.0006 0.0003 6.3471 -0.1231 0.073022 -1.310867 12.13 
7.2037 2 1 1 0x0 4.0730 3.9270 4.07 3.93 0.7947 1.0913 0.0006 0.0004 6.3508 -0.1228 0.073022 -1.307241 12.14 
7.2077 2 1 1 0x0 4.0730 3.9270 4.07 3.93 1.0412 0.7919 0.0006 0.0004 6.3544 -0.1226 0.073022 -1.304329 12.13 
7.2117 2 1 1 0x0 4.0703 3.9297 4.07 3.93 1.0103 0.9738 0.0002 0.0003 6.3582 -0.1223 0.070318 -1.304867 12.14 
7.2157 2 1 1 0x0 4.0703 3.9297 4.07 3.93 0.7399 0.8877 0.0003 0.0004 6.3619 -0.1220 0.070318 -1.310256 12.12 
7.2197 2 1 1 0x0 4.0703 3.9297 4.07 3.93 1.0531 1.0652 0.0004 0.0004 6.3655 -0.1218 0.070318 -1.313774 12.13 
7.2237 2 1 1 0x0 4.0703 3.9297 4.07 3.93 0.8641 0.8062 0.0005 0.0004 6.3692 -0.1215 0.070318 -1.311601 12.15 
7.2277 2 1 1 0x0 4.0703 3.9297 4.07 3.93 0.9781 1.0172 0.0005 0.0004 6.3728 -0.1213 0.070318 -1.309841 12.13 
7.2317 2 1 1 0x0 4.0730 3.9270 4.07 3.93 0.9482 0.9073 0.0007 0.0005 6.3762 -0.1210 0.073022 -1.305757 12.12 
7.2357 2 1 1 0x0 4.0730 3.9270 4.07 3.93 0.7190 1.0403 0.0005 0.0006 6.3799 -0.1208 0.073022 -1.308469 12.13 
7.2397 2 1 1 0x0 4.0730 3.9270 4.07 3.93 0.9876 0.7782 0.0003 0.0006 6.3835 -0.1205 0.073022 -1.312957 12.13 
7.2437 2 1 1 0x0 4.0757 3.9243 4.08 3.92 1.0133 1.0643 0.0007 0.0006 6.3870 -0.1202 0.075727 -1.308189 12.13 
7.2477 2 1 1 0x0 4.0784 3.9216 4.08 3.92 0.8269 1.0518 0.0006 0.0002 6.3908 -0.1199 0.078431 -1.304579 12.13 
7.2517 2 1 1 0x0 4.0757 3.9243 4.08 3.92 0.9623 1.0148 0.0005 0.0006 6.3943 -0.1197 0.075727 -1.299764 12.13 
7.2557 2 1 1 0x0 4.0757 3.9243 4.08 3.92 0.7164 0.7525 0.0004 0.0006 6.3979 -0.1194 0.075727 -1.295764 12.13 
7.2597 2 1 1 0x0 4.0784 3.9216 4.08 3.92 0.6979 1.0413 0.0006 0.0006 6.4013 -0.1191 0.078431 -1.293151 12.14 
7.2637 2 1 1 0x0 4.0811 3.9189 4.08 3.92 1.0369 1.0299 0.0004 0.0002 6.4052 -0.1188 0.081136 -1.292390 12.13 
7.2677 2 1 1 0x0 4.0784 3.9216 4.08 3.92 0.8108 0.9952 0.0003 0.0007 6.4086 -0.1185 0.078431 -1.292336 12.13 
7.2717 2 1 1 0x0 4.0811 3.9189 4.08 3.92 1.0472 1.0559 0.0003 0.0002 6.4125 -0.1182 0.081136 -1.295228 12.13 
7.2757 2 1 1 0x0 4.0811 3.9189 4.08 3.92 0.7548 0.9347 0.0003 0.0002 6.4161 -0.1179 0.081136 -1.294917 12.13 
7.2797 2 1 1 0x0 4.0811 3.9189 4.08 3.92 1.0361 1.0045 0.0004 0.0003 6.4197 -0.1176 0.081136 -1.296399 12.13 
7.2837 2 1 1 0x0 4.0811 3.9189 4.08 3.92 0.8790 0.7992 0.0005 0.0004 6.4234 -0.1173 0.081136 -1.291588 12.14 
7.2877 2 1 1 0x0 4.0811 3.9189 4.08 3.92 1.0770 0.9619 0.0006 0.0004 6.4270 -0.1171 0.081136 -1.287803 12.14 
7.2917 2 1 1 0x0 4.0811 3.9189 4.08 3.92 0.7702 0.8977 0.0005 0.0004 6.4306 -0.1168 0.081136 -1.283401 12.13 
7.2957 2 1 1 0x0 4.0811 3.9189 4.08 3.92 0.9782 0.9838 0.0002 0.0005 6.4343 -0.1165 0.081136 -1.277174 12.12 
7.2997 2 1 1 0x0 4.0838 3.9162 4.08 3.92 1.0076 0.8134 0.0005 0.0005 6.4377 -0.1162 0.083841 -1.274700 12.13 
7.3037 2 1 1 0x0 4.0838 3.9162 4.08 3.92 0.8785 1.0054 0.0005 0.0006 6.4414 -0.1159 0.083841 -1.273067 12.13 
7.3077 2 1 1 0x0 4.0865 3.9135 4.09 3.91 1.0153 1.0661 0.0004 0.0002 6.4452 -0.1155 0.086545 -1.269860 12.13 
7.3117 2 1 1 0x0 4.0838 3.9162 4.08 3.92 0.8126 0.9623 0.0005 0.0006 6.4486 -0.1152 0.083841 -1.271195 12.12 
7.3157 2 1 1 0x0 4.0865 3.9135 4.09 3.91 1.0847 1.0190 0.0005 0.0002 6.4525 -0.1149 0.086545 -1.277009 12.13 
7.3197 2 1 1 0x0 4.0865 3.9135 4.09 3.91 0.8971 0.8530 0.0006 0.0002 6.4561 -0.1146 0.086545 -1.276514 12.13 
7.3237 2 1 1 0x0 4.0838 3.9162 4.08 3.92 0.8498 1.0429 0.0003 0.0003 6.4600 -0.1143 0.083841 -1.282185 12.13 
7.3277 2 1 1 0x0 4.0838 3.9162 4.08 3.92 1.0901 0.7770 0.0004 0.0004 6.4636 -0.1140 0.083841 -1.280115 12.13 
7.3317 2 1 1 0x0 4.0838 3.9162 4.08 3.92 0.8337 1.0670 0.0004 0.0005 6.4672 -0.1137 0.083841 -1.274534 12.13 
7.3357 2 1 1 0x0 4.0865 3.9135 4.09 3.91 1.0219 1.0532 0.0003 0.0003 6.4711 -0.1133 0.086545 -1.271249 12.14 
7.3397 2 1 1 0x0 4.0892 3.9108 4.09 3.91 0.9250 0.8141 0.0006 0.0004 6.4745 -0.1130 0.089250 -1.266137 12.13 
7.3437 2 1 1 0x0 4.0892 3.9108 4.09 3.91 0.7756 1.0758 0.0004 0.0005 6.4781 -0.1127 0.089250 -1.267291 12.13 
7.3477 2 1 1 0x0 4.0920 3.9080 4.09 3.91 1.0093 1.0621 0.0004 0.0002 6.4820 -0.1124 0.091954 -1.273933 12.13 
7.3516 2 1 1 0x0 4.0920 3.9080 4.09 3.91 0.8366 1.0234 0.0004 0.0007 6.4856 -0.1120 0.091954 -1.283304 12.13 
7.3556 2 1 1 0x0 4.0920 3.9080 4.09 3.91 1.0642 1.0852 0.0005 0.0003 6.4893 -0.1117 0.091954 -1.285285 12.14 
7.3596 2 1 1 0x0 4.0920 3.9080 4.09 3.91 0.7934 0.9136 0.0006 0.0005 6.4929 -0.1114 0.091954 -1.291153 12.13 
7.3636 2 1 1 0x0 4.0892 3.9108 4.09 3.91 0.9399 1.0312 0.0003 0.0006 6.4967 -0.1110 0.089250 -1.290951 12.13 
7.3676 2 1 1 0x0 4.0892 3.9108 4.09 3.91 1.0694 0.7839 0.0004 0.0007 6.5004 -0.1107 0.089250 -1.287246 12.12 
7.3716 2 1 1 0x0 4.0920 3.9080 4.09 3.91 0.7737 0.9043 0.0003 0.0003 6.5042 -0.1103 0.091954 -1.280737 12.13 
7.3756 2 1 1 0x0 4.0947 3.9053 4.09 3.91 0.7549 1.0456 0.0006 0.0003 6.5076 -0.1100 0.094659 -1.274534 12.13 
7.3796 2 1 1 0x0 4.0947 3.9053 4.09 3.91 1.0006 0.8164 0.0004 0.0004 6.5113 -0.1097 0.094659 -1.273018 12.13 
7.3836 2 1 1 0x0 4.0974 3.9026 4.10 3.90 0.9634 1.0018 0.0007 0.0004 6.5147 -0.1094 0.097363 -1.274244 12.12 
7.3876 2 1 1 0x0 4.0974 3.9026 4.10 3.90 0.8648 0.8655 0.0006 0.0004 6.5183 -0.1090 0.097363 -1.278439 12.11 
7.3916 2 1 1 0x0 4.0974 3.9026 4.10 3.90 1.0345 1.0261 0.0006 0.0005 6.5220 -0.1087 0.097363 -1.289169 12.12 
7.3956 2 1 1 0x0 4.0947 3.9053 4.09 3.91 0.8060 0.7848 0.0007 0.0005 6.5258 -0.1083 0.094659 -1.291435 12.13 
7.3996 2 1 1 0x0 4.0947 3.9053 4.09 3.91 0.8953 0.9840 0.0003 0.0005 6.5294 -0.1079 0.094659 -1.295617 12.13 
7.4036 2 1 1 0x0 4.0947 3.9053 4.09 3.91 1.0423 0.8795 0.0005 0.0006 6.5331 -0.1076 0.094659 -1.298686 12.13 
7.4076 2 1 1 0x0 4.0920 3.9080 4.09 3.91 1.0756 1.0081 0.0002 0.0006 6.5369 -0.1072 0.091954 -1.301335 12.12 
7.4116 2 1 1 0x0 4.0920 3.9080 4.09 3.91 0.9705 0.7977 0.0004 0.0006 6.5405 -0.1069 0.091954 -1.301296 12.13 
7.4156 2 1 1 0x0 4.0920 3.9080 4.09 3.91 1.0211 0.9648 0.0006 0.0006 6.5442 -0.1065 0.091954 -1.295556 12.13 
7.4196 2 1 1 0x0 4.0920 3.9080 4.09 3.91 0.7165 0.7934 0.0004 0.0003 6.5478 -0.1062 0.091954 -1.288937 12.12 
7.4236 2 1 1 0x0 4.0920 3.9080 4.09 3.91 0.7662 0.8105 0.0006 0.0005 6.5510 -0.1059 0.091954 -1.285530 12.12 
7.4276 2 1 1 0x0 4.0920 3.9080 4.09 3.91 0.9783 0.9170 0.0003 0.0002 6.5547 -0.1056 0.091954 -1.290309 12.11 
7.4316 2 1 1 0x0 4.0892 3.9108 4.09 3.91 1.0068 0.9520 0.0007 0.0005 6.5581 -0.1053 0.089250 -1.303043 12.12 
7.4356 2 1 1 0x0 4.0892 3.9108 4.09 3.91 1.0575 0.7485 0.0002 0.0004 6.5618 -0.1049 0.089250 -1.302190 12.13 
7.4396 2 1 1 0x0 4.0892 3.9108 4.09 3.91 0.8338 0.9815 0.0003 0.0003 6.5654 -0.1046 0.089250 -1.307518 12.13 
7.4436 2 1 1 0x0 4.0892 3.9108 4.09 3.91 1.0391 0.8808 0.0003 0.0002 6.5690 -0.1043 0.089250 -1.309621 12.13 
7.4476 2 1 1 0x0 4.0892 3.9108 4.09 3.91 0.9309 1.0076 0.0005 0.0002 6.5727 -0.1040 0.089250 -1.316467 12.14 
7.4516 2 1 1 0x0 4.0865 3.9135 4.09 3.91 1.0726 1.0434 0.0006 0.0006 6.5761 -0.1037 0.086545 -1.316910 12.13 
7.4556 2 1 1 0x0 4.0838 3.9162 4.08 3.92 1.0324 0.7758 0.0004 0.0006 6.5799 -0.1033 0.083841 -1.312634 12.14 
7.4596 2 1 1 0x0 4.0838 3.9162 4.08 3.92 0.8866 0.9990 0.0005 0.0006 6.5836 -0.1030 0.083841 -1.307683 12.13 
7.4636 2 1 1 0x0 4.0865 3.9135 4.09 3.91 0.9980 1.0588 0.0006 0.0002 6.5874 -0.1027 0.086545 -1.304094 12.13 
7.4676 2 1 1 0x0 4.0838 3.9162 4.08 3.92 0.7792 1.0230 0.0006 0.0007 6.5909 -0.1024 0.083841 -1.301316 12.13 
7.4716 2 1 1 0x0 4.0838 3.9162 4.08 3.92 1.0737 0.7872 0.0005 0.0006 6.5945 -0.1021 0.083841 -1.300968 12.13 
7.4756 2 1 1 0x0 4.0838 3.9162 4.08 3.92 1.0375 0.8567 0.0002 0.0002 6.5985 -0.1018 0.083841 -1.306388 12.13 
7.4796 2 1 1 0x0 4.0838 3.9162 4.08 3.92 0.8046 1.0366 0.0003 0.0003 6.6022 -0.1015 0.083841 -1.317175 12.14 
7.4836 2 1 1 0x0 4.0838 3.9162 4.08 3.92 1.0122 0.7803 0.0004 0.0004 6.6058 -0.1012 0.083841 -1.319309 12.13 
7.4876 2 1 1 0x0 4.0838 3.9162 4.08 3.92 0.8466 1.0618 0.0005 0.0004 6.6095 -0.1008 0.083841 -1.319064 12.13 
7.4916 2 1 1 0x0 4.0838 3.9162 4.08 3.92 1.0405 0.9303 0.0007 0.0004 6.6131 -0.1005 0.083841 -1.322314 12.13 
7.4956 2 1 1 0x0 4.0811 3.9189 4.08 3.92 1.0060 1.0125 0.0004 0.0005 6.6169 -0.1002 0.081136 -1.322972 12.14 
7.4996 2 1 1 0x0 4.0811 3.9189 4.08 3.92 0.9074 0.8396 0.0006 0.0006 6.6206 -0.0999 0.081136 -1.318197 12.14 
7.5036 2 1 1 0x0 4.0784 3.9216 4.08 3.92 0.8655 0.9674 0.0003 0.0006 6.6244 -0.0996 0.078431 -1.312710 12.14 
7.5076 2 1 1 0x0 4.0811 3.9189 4.08 3.92 1.1361 1.0236 0.0005 0.0002 6.6283 -0.0993 0.081136 -1.311991 12.12 
7.5116 2 1 1 0x0 4.0757 3.9243 4.08 3.92 1.0730 0.9873 0.0004 0.0007 6.6319 -0.0990 0.075727 -1.318393 12.14 
7.5156 2 1 1 0x0 4.0784 3.9216 4.08 3.92 0.7948 1.0484 0.0006 0.0003 6.6357 -0.0987 0.078431 -1.319235 12.13 
7.5196 2 1 1 0x0 4.0784 3.9216 4.08 3.92 0.9814 0.8850 0.0005 0.0004 6.6394 -0.0985 0.078431 -1.315215 12.13 
7.5236 2 1 1 0x0 4.0784 3.9216 4.08 3.92 0.8453 1.0723 0.0004 0.0004 6.6430 -0.0982 0.078431 -1.311947 12.12 
7.5276 2 1 1 0x0 4.0784 3.9216 4.08 3.92 1.0693 0.7618 0.0003 0.0005 6.6467 -0.0979 0.078431 -1.310480 12.13 
7.5316 2 1 1 0x0 4.0784 3.9216 4.08 3.92 0.7799 1.0217 0.0003 0.0005 6.6503 -0.0976 0.078431 -1.309694 12.12 
7.5356 2 1 1 0x0 4.0784 3.9216 4.08 3.92 0.9909 0.9048 0.0004 0.0006 6.6539 -0.0973 0.078431 -1.309574 12.14 
7.5396 2 1 1 0x0 4.0784 3.9216 4.08 3.92 0.8618 1.0421 0.0005 0.0007 6.6576 -0.0970 0.078431 -1.316113 12.14 
7.5436 2 1 1 0x0 4.0784 3.9216 4.08 3.92 0.8692 1.0314 0.0003 0.0003 6.6616 -0.0967 0.078431 -1.317682 12.13 
7.5476 2 1 1 0x0 4.0784 3.9216 4.08 3.92 1.0540 0.8964 0.0004 0.0003 6.6653 -0.0964 0.078431 -1.316290 12.13 
7.5516 2 1 1 0x0 4.0784 3.9216 4.08 3.92 0.9192 1.0537 0.0005 0.0004 6.6689 -0.0961 0.078431 -1.317715 12.14 
7.5556 2 1 1 0x0 4.0784 3.9216 4.08 3.92 1.0287 0.7716 0.0005 0.0004 6.6725 -0.0958 0.078431 -1.322159 12.13 
7.5596 2 1 1 0x0 4.0784 3.9216 4.08 3.92 0.8056 1.0044 0.0006 0.0005 6.6762 -0.0956 0.078431 -1.319623 12.12 
7.5636 2 1 1 0x0 4.0784 3.9216 4.08 3.92 1.0186 0.8624 0.0006 0.0004 6.6798 -0.0953 0.078431 -1.313968 12.13 
7.5676 2 1 1 0x0 4.0784 3.9216 4.08 3.92 0.8784 1.0339 0.0006 0.0004 6.6835 -0.0950 0.078431 -1.311733 12.13 
7.5716 2 1 1 0x0 4.0784 3.9216 4.08 3.92 1.0097 0.7422 0.0006 0.0003 6.6871 -0.0947 0.078431 -1.311016 12.13 
7.5756 2 1 1 0x0 4.0757 3.9243 4.08 3.92 1.0594 0.9299 0.0002 0.0003 6.6909 -0.0944 0.075727 -1.307332 12.13 
7.5796 2 1 1 0x0 4.0730 3.9270 4.07 3.93 0.8529 1.0273 0.0003 0.0006 6.6944 -0.0942 0.073022 -1.305087 12.13 
7.5836 2 1 1 0x0 4.0730 3.9270 4.07 3.93 1.0480 0.8458 0.0003 0.0005 6.6980 -0.0939 0.073022 -1.302743 12.13 
7.5876 2 1 1 0x0 4.0730 3.9270 4.07 3.93 0.7960 0.9886 0.0003 0.0005 6.7017 -0.0936 0.073022 -1.301584 12.13 
7.5916 2 1 1 0x0 4.0730 3.9270 4.07 3.93 1.0334 0.7287 0.0004 0.0004 6.7053 -0.0933 0.073022 -1.304589 12.12 
7.5956 2 1 1 0x0 4.0703 3.9297 4.07 3.93 0.8713 0.7447 0.0004 0.0007 6.7087 -0.0931 0.070318 -1.304772 12.12 
7.5996 2 1 1 0x0 4.0703 3.9297 4.07 3.93 0.9578 0.9891 0.0004 0.0005 6.7124 -0.0928 0.070318 -1.301612 12.13 
7.6036 2 1 1 0x0 4.0703 3.9297 4.07 3.93 0.8066 0.8726 0.0004 0.0004 6.7160 -0.0926 0.070318 -1.298818 12.13 
7.6076 2 1 1 0x0 4.0703 3.9297 4.07 3.93 1.0883 1.0196 0.0005 0.0003 6.7197 -0.0923 0.070318 -1.296220 12.13 
7.6116 2 1 1 0x0 4.0676 3.9324 4.07 3.93 0.8923 1.0561 0.0006 0.0007 6.7231 -0.0921 0.067613 -1.296165 12.13 
7.6156 2 1 1 0x0 4.0649 3.9351 4.06 3.94 0.8482 0.7677 0.0003 0.0007 6.7270 -0.0918 0.064909 -1.293742 12.13 
7.6196 2 1 1 0x0 4.0649 3.9351 4.06 3.94 1.0873 1.0129 0.0004 0.0006 6.7306 -0.0916 0.064909 -1.294082 12.13 
7.6236 2 1 1 0x0 4.0649 3.9351 4.06 3.94 0.9586 0.8560 0.0006 0.0006 6.7342 -0.0914 0.064909 -1.298427 12.13 
7.6276 2 1 1 0x0 4.0622 3.9378 4.06 3.94 0.8117 1.0390 0.0003 0.0006 6.7381 -0.0911 0.062204 -1.304716 12.13 
7.6316 2 1 1 0x0 4.0622 3.9378 4.06 3.94 1.0652 0.7784 0.0005 0.0006 6.7417 -0.0909 0.062204 -1.303593 12.13 
7.6356 2 1 1 0x0 4.0649 3.9351 4.06 3.94 0.8041 0.9932 0.0006 0.0007 6.7456 -0.0906 0.064909 -1.302557 12.13 
7.6396 2 1 1 0x0 4.0649 3.9351 4.06 3.94 1.0031 0.9831 0.0004 0.0003 6.7492 -0.0904 0.064909 -1.295864 12.13 
7.6436 2 1 1 0x0 4.0622 3.9378 4.06 3.94 0.9594 1.0172 0.0008 0.0007 6.7527 -0.0902 0.062204 -1.290128 12.12 
7.6476 2 1 1 0x0 4.0649 3.9351 4.06 3.94 1.0203 1.0099 0.0002 0.0002 6.7565 -0.0899 0.064909 -1.286228 12.13 
7.6516 2 1 1 0x0 4.0676 3.9324 4.07 3.93 0.9663 0.9129 0.0007 0.0003 6.7599 -0.0897 0.067613 -1.279906 12.13 
7.6556 2 1 1 0x0 4.0649 3.9351 4.06 3.94 1.0816 0.9651 0.0003 0.0003 6.7638 -0.0894 0.064909 -1.276856 12.12 
7.6596 2 1 1 0x0 4.0649 3.9351 4.06 3.94 0.7800 0.7832 0.0003 0.0004 6.7674 -0.0892 0.064909 -1.276886 12.13 
7.6636 2 1 1 0x0 4.0649 3.9351 4.06 3.94 1.0580 0.9868 0.0004 0.0004 6.7711 -0.0890 0.064909 -1.277038 12.13 
7.6676 2 1 1 0x0 4.0649 3.9351 4.06 3.94 0.0000 0.0000 0.0010 0.0009 6.7747 -0.0887 0.064909 -1.280548 12.13 
7.6716 2 1 1 0x0 4.0622 3.9378 4.06 3.94 0.8276 1.0070 0.0003 0.0005 6.7786 -0.0885 0.062204 -1.287364 12.14 
7.6756 2 1 1 0x0 4.0622 3.9378 4.06 3.94 1.1142 0.7986 0.0005 0.0005 6.7822 -0.0883 0.062204 -1.289602 12.13 
7.6796 2 1 1 0x0 4.0595 3.9405 4.06 3.94 1.0589 1.0294 0.0003 0.0006 6.7861 -0.0880 0.059500 -1.293207 12.12 
7.6836 2 1 1 0x0 4.0622 3.9378 4.06 3.94 0.8504 1.0927 0.0005 0.0002 6.7899 -0.0878 0.062204 -1.293535 12.13 
7.6876 2 1 1 0x0 4.0568 3.9432 4.06 3.94 0.9033 0.9839 0.0003 0.0007 6.7936 -0.0876 0.056795 -1.288943 12.14 
7.6916 2 1 1 0x0 4.0568 3.9432 4.06 3.94 1.1044 0.7682 0.0005 0.0006 6.7972 -0.0874 0.056795 -1.285200 12.13 
7.6956 2 1 1 0x0 4.0541 3.9459 4.05 3.95 1.0579 0.9518 0.0002 0.0004 6.8010 -0.0871 0.054091 -1.280835 12.12 
7.6996 2 1 1 0x0 4.0541 3.9459 4.05 3.95 0.9898 0.8518 0.0005 0.0003 6.8047 -0.0869 0.054091 -1.279956 12.12 
7.7036 2 1 1 0x0 4.0514 3.9486 4.05 3.95 0.7937 0.9808 0.0003 0.0002 6.8085 -0.0867 0.051386 -1.278313 12.13 
7.7076 2 1 1 0x0 4.0487 3.9513 4.05 3.95 1.0922 1.0158 0.0005 0.0006 6.8120 -0.0866 0.048682 -1.276681 12.13 
7.7116 2 1 1 0x0 4.0460 3.9540 4.05 3.95 1.0373 0.8341 0.0003 0.0006 6.8158 -0.0864 0.045977 -1.280557 12.13 
7.7156 2 1 1 0x0 4.0460 3.9540 4.05 3.95 0.8628 0.9772 0.0005 0.0006 6.8195 -0.0862 0.045977 -1.281377 12.12 
7.7196 2 1 1 0x0 4.0460 3.9540 4.05 3.95 1.0713 0.9403 0.0006 0.0006 6.8231 -0.0860 0.045977 -1.280572 12.13 
7.7236 2 1 1 0x0 4.0433 3.9567 4.04 3.96 1.0346 1.0013 0.0002 0.0006 6.8270 -0.0859 0.043272 -1.277606 12.13 
7.7276 2 1 1 0x0 4.0460 3.9540 4.05 3.95 1.0468 0.8009 0.0007 0.0006 6.8304 -0.0857 0.045977 -1.275244 12.13 
7.7316 2 1 1 0x0 4.0487 3.9513 4.05 3.95 0.7939 0.8728 0.0007 0.0002 6.8343 -0.0855 0.048682 -1.273390 12.14 
7.7356 2 1 1 0x0 4.0487 3.9513 4.05 3.95 0.9754 1.0187 0.0007 0.0002 6.8379 -0.0854 0.048682 -1.269485 12.13 
7.7396 2 1 1 0x0 4.0433 3.9567 4.04 3.96 1.0192 0.9897 0.0003 0.0005 6.8416 -0.0852 0.043272 -1.267144 12.13 
7.7436 2 1 1 0x0 4.0433 3.9567 4.04 3.96 0.8135 0.7264 0.0003 0.0003 6.8452 -0.0850 0.043272 -1.263733 12.13 
7.7476 2 1 1 0x0 4.0406 3.9594 4.04 3.96 1.0108 0.7423 0.0003 0.0006 6.8487 -0.0849 0.040568 -1.260988 12.13 
7.7516 2 1 1 0x0 4.0406 3.9594 4.04 3.96 0.8907 0.9927 0.0003 0.0005 6.8523 -0.0847 0.040568 -1.261350 12.13 
7.7556 2 1 1 0x0 4.0406 3.9594 4.04 3.96 1.0654 0.8711 0.0004 0.0004 6.8560 -0.0846 0.040568 -1.260834 12.14 
7.7596 2 1 1 0x0 4.0406 3.9594 4.04 3.96 0.8368 1.0207 0.0005 0.0004 6.8596 -0.0844 0.040568 -1.260646 12.13 
7.7636 2 1 1 0x0 4.0406 3.9594 4.04 3.96 1.0352 0.7476 0.0006 0.0003 6.8633 -0.0843 0.040568 -1.265589 12.14 
7.7676 2 1 1 0x0 4.0379 3.9621 4.04 3.96 1.0665 1.0509 0.0004 0.0003 6.8671 -0.0841 0.037863 -1.266166 12.13 
7.7716 2 1 1 0x0 4.0379 3.9621 4.04 3.96 0.7924 0.8813 0.0005 0.0003 6.8708 -0.0840 0.037863 -1.263079 12.13 
7.7756 2 1 1 0x0 4.0352 3.9648 4.04 3.96 1.1082 0.8526 0.0006 0.0006 6.8742 -0.0839 0.035159 -1.260538 12.13 
7.7796 2 1 1 0x0 4.0325 3.9675 4.03 3.97 1.0548 0.9837 0.0004 0.0004 6.8781 -0.0838 0.032454 -1.258736 12.14 
7.7836 2 1 1 0x0 4.0297 3.9703 4.03 3.97 0.8485 0.9558 0.0005 0.0008 6.8815 -0.0836 0.029750 -1.257463 12.13 
7.7876 2 1 1 0x0 4.0297 3.9703 4.03 3.97 1.0148 0.7463 0.0007 0.0006 6.8851 -0.0835 0.029750 -1.253072 12.14 
7.7916 2 1 1 0x0 4.0270 3.9730 4.03 3.97 0.9935 0.9870 0.0003 0.0005 6.8890 -0.0834 0.027045 -1.250910 12.13 
7.7956 2 1 1 0x0 4.0297 3.9703 4.03 3.97 1.0061 0.8770 0.0007 0.0005 6.8924 -0.0833 0.029750 -1.249364 12.13 
7.7996 2 1 1 0x0 4.0270 3.9730 4.03 3.97 1.0660 1.0132 0.0002 0.0005 6.8963 -0.0832 0.027045 -1.253905 12.13 
7.8036 2 1 1 0x0 4.0270 3.9730 4.03 3.97 0.8490 0.7157 0.0003 0.0004 6.8999 -0.0831 0.027045 -1.252500 12.13 
7.8076 2 1 1 0x0 4.0270 3.9730 4.03 3.97 1.0579 0.9778 0.0002 0.0003 6.9036 -0.0830 0.027045 -1.249441 12.13 
7.8116 2 1 1 0x0 4.0243 3.9757 4.02 3.98 1.0001 0.9490 0.0007 0.0006 6.9070 -0.0829 0.024341 -1.250032 12.13 
7.8156 2 1 1 0x0 4.0243 3.9757 4.02 3.98 1.0515 0.8545 0.0003 0.0005 6.9107 -0.0828 0.024341 -1.245436 12.14 
7.8196 2 1 1 0x0 4.0243 3.9757 4.02 3.98 0.9197 0.9769 0.0004 0.0004 6.9143 -0.0827 0.024341 -1.247881 12.12 
7.8236 2 1 1 0x0 4.0243 3.9757 4.02 3.98 1.0920 0.7347 0.0005 0.0003 6.9180 -0.0826 0.024341 -1.252797 12.12 
7.8276 2 1 1 0x0 4.0243 3.9757 4.02 3.98 0.8233 1.0043 0.0006 0.0003 6.9216 -0.0826 0.024341 -1.255729 12.13 
7.8316 2 1 1 0x0 4.0216 3.9784 4.02 3.98 0.8677 0.9169 0.0003 0.0003 6.9255 -0.0825 0.021636 -1.252467 12.13 
7.8356 2 1 1 0x0 4.0216 3.9784 4.02 3.98 1.0828 1.0296 0.0005 0.0004 6.9291 -0.0824 0.021636 -1.249008 12.14 
7.8396 2 1 1 0x0 4.0216 3.9784 4.02 3.98 0.7814 0.7835 0.0006 0.0004 6.9328 -0.0823 0.021636 -1.245079 12.13 
7.8436 2 1 1 0x0 4.0216 3.9784 4.02 3.98 0.9900 0.9876 0.0006 0.0004 6.9364 -0.0823 0.021636 -1.242435 12.13 
7.8476 2 1 1 0x0 4.0216 3.9784 4.02 3.98 0.9046 0.9311 0.0006 0.0005 6.9401 -0.0822 0.021636 -1.240578 12.13 
7.8516 2 1 1 0x0 4.0216 3.9784 4.02 3.98 1.0472 1.0103 0.0006 0.0006 6.9437 -0.0821 0.021636 -1.241780 12.14 
7.8556 2 1 1 0x0 4.0189 3.9811 4.02 3.98 1.0215 0.8407 0.0003 0.0006 6.9476 -0.0820 0.018932 -1.244008 12.13 
7.8596 2 1 1 0x0 4.0189 3.9811 4.02 3.98 0.8357 1.0343 0.0004 0.0006 6.9512 -0.0819 0.018932 -1.251246 12.13 
7.8636 2 1 1 0x0 4.0216 3.9784 4.02 3.98 0.9915 1.0244 0.0005 0.0002 6.9551 -0.0819 0.021636 -1.252755 12.13 
7.8676 2 1 1 0x0 4.0189 3.9811 4.02 3.98 0.8396 0.9897 0.0006 0.0007 6.9585 -0.0818 0.018932 -1.255280 12.14 
7.8716 2 1 1 0x0 4.0189 3.9811 4.02 3.98 1.0053 1.0502 0.0003 0.0003 6.9626 -0.0817 0.018932 -1.255135 12.12 
7.8756 2 1 1 0x0 4.0189 3.9811 4.02 3.98 1.0589 0.8828 0.0005 0.0003 6.9663 -0.0817 0.018932 -1.252178 12.14 
7.8796 2 1 1 0x0 4.0162 3.9838 4.02 3.98 0.7960 0.8555 0.0006 0.0006 6.9697 -0.0816 0.016227 -1.245875 12.12 
7.8836 2 1 1 0x0 4.0162 3.9838 4.02 3.98 1.0371 0.9760 0.0006 0.0005 6.9734 -0.0815 0.016227 -1.242049 12.13 
7.8876 2 1 1 0x0 4.0162 3.9838 4.02 3.98 0.8611 0.7729 0.0005 0.0004 6.9770 -0.0815 0.016227 -1.240383 12.14 
7.8916 2 1 1 0x0 4.0162 3.9838 4.02 3.98 1.0407 1.0065 0.0005 0.0003 6.9807 -0.0814 0.016227 -1.243915 12.13 
7.8956 2 1 1 0x0 4.0162 3.9838 4.02 3.98 0.7987 0.9139 0.0005 0.0003 6.9843 -0.0814 0.016227 -1.256102 12.13 
7.8996 2 1 1 0x0 4.0162 3.9838 4.02 3.98 1.1036 1.0344 0.0006 0.0003 6.9880 -0.0813 0.016227 -1.262644 12.13 
7.9036 2 1 1 0x0 4.0135 3.9865 4.01 3.99 1.0623 0.7809 0.0003 0.0004 6.9918 -0.0813 0.013523 -1.265822 12.14 
7.9076 2 1 1 0x0 4.0135 3.9865 4.01 3.99 0.8400 1.0601 0.0004 0.0004 6.9955 -0.0812 0.013523 -1.270440 12.14 
7.9116 2 1 1 0x0 4.0135 3.9865 4.01 3.99 1.0304 0.8752 0.0005 0.0005 6.9991 -0.0812 0.013523 -1.271258 12.13 
7.9156 2 1 1 0x0 4.0108 3.9892 4.01 3.99 1.0572 1.0868 0.0003 0.0006 7.0030 -0.0811 0.010818 -1.270253 12.13 
7.9196 2 1 1 0x0 4.0108 3.9892 4.01 3.99 0.8437 0.7937 0.0004 0.0006 7.0066 -0.0811 0.010818 -1.268513 12.12 
7.9236 2 1 1 0x0 4.0135 3.9865 4.01 3.99 1.0218 0.9194 0.0006 0.0002 7.0105 -0.0810 0.013523 -1.260735 12.13 
7.9276 2 1 1 0x0 4.0108 3.9892 4.01 3.99 0.8270 0.7953 0.0006 0.0006 7.0139 -0.0810 0.010818 -1.253773 12.13 
7.9316 2 1 1 0x0 4.0108 3.9892 4.01 3.99 1.0224 0.9999 0.0005 0.0004 7.0176 -0.0809 0.010818 -1.251193 12.13 
7.9356 2 1 1 0x0 4.0081 3.9919 4.01 3.99 0.8073 0.9728 0.0005 0.0006 7.0210 -0.0809 0.008113 -1.255472 12.13 
7.9396 2 1 1 0x0 4.0081 3.9919 4.01 3.99 1.0227 0.7742 0.0005 0.0004 7.0247 -0.0809 0.008113 -1.265458 12.13 
7.9436 2 1 1 0x0 4.0081 3.9919 4.01 3.99 0.8832 1.0056 0.0006 0.0003 7.0283 -0.0809 0.008113 -1.271561 12.13 
7.9476 2 1 1 0x0 4.0054 3.9946 4.01 3.99 0.7951 0.9737 0.0003 0.0007 7.0322 -0.0808 0.005409 -1.278546 12.13 
7.9516 2 1 1 0x0 4.0054 3.9946 4.01 3.99 1.0183 1.0324 0.0005 0.0003 7.0358 -0.0808 0.005409 -1.280571 12.12 
7.9556 2 1 1 0x0 4.0027 3.9973 4.00 4.00 1.0450 0.7822 0.0003 0.0003 7.0397 -0.0808 0.002704 -1.285711 12.13 
7.9596 2 1 1 0x0 4.0027 3.9973 4.00 4.00 0.8538 1.0578 0.0004 0.0003 7.0433 -0.0808 0.002704 -1.286252 12.13 
7.9636 2 1 1 0x0 4.0027 3.9973 4.00 4.00 1.0043 0.8759 0.0006 0.0003 7.0470 -0.0808 0.002704 -1.280936 12.13 
7.9676 2 1 1 0x0 4.0000 4.0000 4.00 4.00 1.0522 1.0153 0.0002 0.0003 7.0508 -0.0808 -0.000000 -1.273045 12.13 
7.9716 2 1 1 0x0 4.0000 4.0000 4.00 4.00 1.0173 0.9835 0.0005 0.0007 7.0541 -0.0808 -0.000000 -1.265818 12.12 
7.9756 2 1 1 0x0 4.0027 3.9973 4.00 4.00 0.9859 0.7673 0.0007 0.0005 7.0575 -0.0808 0.002704 -1.261821 12.13 
7.9796 2 1 1 0x0 4.0027 3.9973 4.00 4.00 0.7776 0.9526 0.0006 0.0004 7.0612 -0.0808 0.002704 -1.265148 12.12 
7.9836 2 1 1 0x0 4.0027 3.9973 4.00 4.00 1.0123 0.9045 0.0005 0.0004 7.0648 -0.0808 0.002704 -1.278058 12.13 
7.9876 2 1 1 0x0 4.0000 4.0000 4.00 4.00 1.1250 0.9791 0.0002 0.0003 7.0687 -0.0808 -0.000000 -1.279769 12.13 
7.9916 2 1 1 0x0 4.0000 4.0000 4.00 4.00 0.8134 0.8155 0.0005 0.0003 7.0723 -0.0808 -0.000000 -1.280985 12.13 
7.9956 2 1 1 0x0 3.9973 4.0027 4.00 4.00 0.9229 1.0049 0.0003 0.0003 7.0762 -0.0808 -0.002705 -1.288658 12.13 
7.9996 2 1 1 0x0 3.9973 4.0027 4.00 4.00 1.0688 0.9149 0.0006 0.0003 7.0798 -0.0808 -0.002705 -1.288951 12.14 
8.0036 2 1 1 0x0 3.9946 4.0054 3.99 4.01 1.0182 0.9089 0.0004 0.0002 7.0837 -0.0808 -0.005409 -1.287620 12.13 
8.0076 2 1 1 0x0 3.9919 4.0081 3.99 4.01 0.9575 0.9432 0.0006 0.0004 7.0871 -0.0808 -0.008114 -1.284541 12.13 
8.0116 2 1 1 0x0 3.9865 4.0135 3.99 4.01 0.8070 0.9813 0.0003 0.0007 7.0908 -0.0809 -0.013523 -1.279558 12.14 
8.0156 2 1 1 0x0 3.9892 4.0108 3.99 4.01 0.7939 0.7296 0.0007 0.0004 7.0942 -0.0809 -0.010818 -1.272986 12.13 
8.0196 2 1 1 0x0 3.9865 4.0135 3.99 4.01 0.9917 0.7456 0.0005 0.0007 7.0977 -0.0810 -0.013523 -1.271210 12.13 
8.0236 2 1 1 0x0 3.9865 4.0135 3.99 4.01 0.7935 0.9885 0.0004 0.0005 7.1013 -0.0810 -0.013523 -1.271989 12.14 
8.0276 2 1 1 0x0 3.9865 4.0135 3.99 4.01 1.0075 0.8253 0.0003 0.0004 7.1050 -0.0810 -0.013523 -1.271206 12.13 
8.0316 2 1 1 0x0 3.9865 4.0135 3.99 4.01 0.7735 1.0162 0.0003 0.0004 7.1086 -0.0811 -0.013523 -1.277728 12.13 
8.0356 2 1 1 0x0 3.9865 4.0135 3.99 4.01 1.0794 0.7910 0.0003 0.0004 7.1123 -0.0811 -0.013523 -1.282216 12.13 
8.0396 2 1 1 0x0 3.9865 4.0135 3.99 4.01 0.8418 1.0436 0.0004 0.0004 7.1159 -0.0812 -0.013523 -1.281182 12.14 
8.0436 2 1 1 0x0 3.9865 4.0135 3.99 4.01 0.9896 0.8877 0.0004 0.0005 7.1196 -0.0812 -0.013523 -1.277442 12.13 
8.0476 2 1 1 0x0 3.9865 4.0135 3.99 4.01 0.7918 0.9386 0.0005 0.0004 7.1232 -0.0813 -0.013523 -1.274567 12.14 
8.0516 2 1 1 0x0 3.9838 4.0162 3.98 4.02 1.0370 0.9763 0.0006 0.0005 7.1267 -0.0813 -0.016227 -1.270151 12.14 
8.0556 2 1 1 0x0 3.9784 4.0216 3.98 4.02 1.0796 0.9506 0.0002 0.0008 7.1303 -0.0814 -0.021637 -1.267933 12.13 
8.0596 2 1 1 0x0 3.9784 4.0216 3.98 4.02 0.8257 0.7481 0.0003 0.0005 7.1340 -0.0815 -0.021637 -1.272349 12.14 
8.0636 2 1 1 0x0 3.9784 4.0216 3.98 4.02 1.0553 0.9846 0.0004 0.0004 7.1376 -0.0816 -0.021637 -1.268874 12.14 
8.0676 2 1 1 0x0 3.9784 4.0216 3.98 4.02 0.8655 0.8280 0.0005 0.0003 7.1413 -0.0816 -0.021637 -1.266784 12.13 
8.0716 2 1 1 0x0 3.9784 4.0216 3.98 4.02 1.0943 1.0123 0.0006 0.0003 7.1449 -0.0817 -0.021637 -1.268924 12.13 
8.0756 2 1 1 0x0 3.9757 4.0243 3.98 4.02 1.0569 0.7539 0.0003 0.0003 7.1488 -0.0818 -0.024341 -1.267485 12.14 
8.0796 2 1 1 0x0 3.9757 4.0243 3.98 4.02 0.9172 0.9704 0.0005 0.0003 7.1524 -0.0819 -0.024341 -1.268054 12.13 
8.0836 2 1 1 0x0 3.9730 4.0270 3.97 4.03 1.0982 1.0047 0.0006 0.0007 7.1559 -0.0820 -0.027046 -1.267008 12.13 
8.0876 2 1 1 0x0 3.9702 4.0298 3.97 4.03 1.0649 0.8609 0.0003 0.0005 7.1597 -0.0821 -0.029750 -1.268478 12.12 
8.0916 2 1 1 0x0 3.9702 4.0298 3.97 4.03 0.9124 1.0377 0.0004 0.0004 7.1634 -0.0822 -0.029750 -1.266429 12.13 
8.0956 2 1 1 0x0 3.9702 4.0298 3.97 4.03 1.0246 0.7774 0.0005 0.0003 7.1670 -0.0823 -0.029750 -1.264464 12.13 
8.0996 2 1 1 0x0 3.9702 4.0298 3.97 4.03 0.8138 0.9979 0.0006 0.0002 7.1707 -0.0824 -0.029750 -1.263281 12.13 
8.1036 2 1 1 0x0 3.9675 4.0325 3.97 4.03 1.0118 1.0317 0.0006 0.0007 7.1741 -0.0826 -0.032455 -1.261434 12.14 
8.1076 2 1 1 0x0 3.9648 4.0352 3.96 4.04 0.9894 0.8958 0.0002 0.0006 7.1780 -0.0827 -0.035159 -1.265143 12.13 
8.1116 2 1 1 0x0 3.9675 4.0325 3.97 4.03 1.0045 0.9885 0.0007 0.0006 7.1814 -0.0828 -0.032455 -1.267584 12.13 
8.1156 2 1 1 0x0 3.9675 4.0325 3.97 4.03 0.8172 0.7276 0.0006 0.0005 7.1851 -0.0829 -0.032455 -1.264417 12.13 
8.1197 2 1 1 0x0 3.9675 4.0325 3.97 4.03 1.0124 0.9583 0.0006 0.0003 7.1887 -0.0830 -0.032455 -1.260564 12.13 
8.1237 2 1 1 0x0 3.9648 4.0352 3.96 4.04 0.8785 0.9317 0.0005 0.0005 7.1922 -0.0832 -0.035159 -1.257775 12.13 
8.1277 2 1 1 0x0 3.9648 4.0352 3.96 4.04 0.9611 0.8655 0.0004 0.0003 7.1958 -0.0833 -0.035159 -1.253992 12.13 
8.1317 2 1 1 0x0 3.9621 4.0379 3.96 4.04 0.9891 0.8369 0.0007 0.0006 7.1993 -0.0834 -0.037864 -1.251604 12.12 
8.1357 2 1 1 0x0 3.9648 4.0352 3.96 4.04 0.7795 1.0021 0.0006 0.0005 7.2027 -0.0835 -0.035159 -1.251532 12.12 
8.1397 2 1 1 0x0 3.9648 4.0352 3.96 4.04 1.0063 0.7581 0.0006 0.0004 7.2064 -0.0837 -0.035159 -1.252279 12.12 
8.1437 2 1 1 0x0 3.9648 4.0352 3.96 4.04 0.8860 1.0307 0.0005 0.0004 7.2100 -0.0838 -0.035159 -1.253586 12.14 
8.1477 2 1 1 0x0 3.9648 4.0352 3.96 4.04 0.9985 0.8457 0.0006 0.0004 7.2137 -0.0839 -0.035159 -1.259861 12.13 
8.1517 2 1 1 0x0 3.9648 4.0352 3.96 4.04 0.8271 1.0529 0.0006 0.0005 7.2173 -0.0841 -0.035159 -1.266479 12.14 
8.1557 2 1 1 0x0 3.9648 4.0352 3.96 4.04 1.0559 0.8153 0.0007 0.0005 7.2210 -0.0842 -0.035159 -1.265766 12.14 
8.1597 2 1 1 0x0 3.9621 4.0379 3.96 4.04 1.0249 1.0046 0.0003 0.0005 7.2248 -0.0843 -0.037864 -1.268114 12.13 
8.1637 2 1 1 0x0 3.9648 4.0352 3.96 4.04 0.8151 0.9922 0.0004 0.0002 7.2287 -0.0845 -0.035159 -1.267291 12.13 
8.1677 2 1 1 0x0 3.9648 4.0352 3.96 4.04 1.0099 0.8081 0.0004 0.0003 7.2323 -0.0846 -0.035159 -1.261547 12.12 
8.1717 2 1 1 0x0 3.9621 4.0379 3.96 4.04 0.8246 0.7456 0.0003 0.0006 7.2358 -0.0847 -0.037864 -1.256509 12.12 
8.1757 2 1 1 0x0 3.9648 4.0352 3.96 4.04 0.8550 0.9295 0.0006 0.0004 7.2392 -0.0848 -0.035159 -1.255118 12.12 
8.1797 2 1 1 0x0 3.9621 4.0379 3.96 4.04 1.0614 0.9642 0.0005 0.0007 7.2427 -0.0850 -0.037864 -1.257197 12.13 
8.1837 2 1 1 0x0 3.9621 4.0379 3.96 4.04 0.8276 0.8436 0.0005 0.0006 7.2463 -0.0851 -0.037864 -1.257158 12.13 
8.1877 2 1 1 0x0 3.9621 4.0379 3.96 4.04 0.9941 0.9892 0.0005 0.0005 7.2500 -0.0852 -0.037864 -1.256827 12.13 
8.1917 2 1 1 0x0 3.9621 4.0379 3.96 4.04 0.9003 0.7671 0.0005 0.0005 7.2536 -0.0854 -0.037864 -1.261694 12.14 
8.1957 2 1 1 0x0 3.9621 4.0379 3.96 4.04 1.0559 1.0128 0.0005 0.0005 7.2572 -0.0855 -0.037864 -1.265936 12.13 
8.1997 2 1 1 0x0 3.9621 4.0379 3.96 4.04 0.7918 0.9115 0.0006 0.0006 7.2609 -0.0857 -0.037864 -1.264279 12.13 
8.2037 2 1 1 0x0 3.9594 4.0406 3.96 4.04 1.0370 1.0368 0.0007 0.0006 7.2647 -0.0858 -0.040568 -1.267227 12.13 
8.2077 2 1 1 0x0 3.9594 4.0406 3.96 4.04 1.0096 0.7786 0.0003 0.0006 7.2684 -0.0859 -0.040568 -1.264603 12.13 
8.2117 2 1 1 0x0 3.9594 4.0406 3.96 4.04 0.8155 1.0012 0.0003 0.0004 7.2720 -0.0861 -0.040568 -1.260344 12.13 
8.2157 2 1 1 0x0 3.9594 4.0406 3.96 4.04 0.8011 0.9756 0.0006 0.0007 7.2753 -0.0862 -0.040568 -1.256527 12.12 
8.2197 2 1 1 0x0 3.9594 4.0406 3.96 4.04 1.0417 0.8823 0.0005 0.0005 7.2789 -0.0864 -0.040568 -1.255936 12.12 
8.2237 2 1 1 0x0 3.9594 4.0406 3.96 4.04 0.8650 0.9453 0.0006 0.0005 7.2826 -0.0865 -0.040568 -1.257094 12.12 
8.2277 2 1 1 0x0 3.9594 4.0406 3.96 4.04 1.0354 0.7934 0.0006 0.0004 7.2862 -0.0867 -0.040568 -1.259653 12.12 
8.2317 2 1 1 0x0 3.9594 4.0406 3.96 4.04 0.8009 1.0417 0.0006 0.0004 7.2899 -0.0868 -0.040568 -1.266954 12.13 
8.2357 2 1 1 0x0 3.9594 4.0406 3.96 4.04 1.0292 0.9457 0.0006 0.0005 7.2935 -0.0870 -0.040568 -1.271123 12.13 
8.2397 2 1 1 0x0 3.9567 4.0433 3.96 4.04 1.0706 1.0665 0.0003 0.0006 7.2974 -0.0871 -0.043273 -1.276485 12.13 
8.2437 2 1 1 0x0 3.9594 4.0406 3.96 4.04 0.7861 1.0563 0.0003 0.0002 7.3012 -0.0873 -0.040568 -1.275932 12.13 
8.2477 2 1 1 0x0 3.9594 4.0406 3.96 4.04 1.0478 0.8792 0.0004 0.0003 7.3049 -0.0874 -0.040568 -1.275970 12.13 
8.2517 2 1 1 0x0 3.9567 4.0433 3.96 4.04 0.8712 0.8056 0.0005 0.0006 7.3083 -0.0876 -0.043273 -1.269414 12.13 
8.2557 2 1 1 0x0 3.9567 4.0433 3.96 4.04 1.0125 0.9870 0.0006 0.0004 7.3120 -0.0877 -0.043273 -1.263768 12.13 
8.2597 2 1 1 0x0 3.9513 4.0487 3.95 4.05 0.9894 0.9625 0.0003 0.0006 7.3156 -0.0879 -0.048682 -1.260882 12.13 
8.2637 2 1 1 0x0 3.9513 4.0487 3.95 4.05 0.9122 0.7415 0.0004 0.0004 7.3193 -0.0881 -0.048682 -1.258690 12.13 
8.2677 2 1 1 0x0 3.9513 4.0487 3.95 4.05 0.9694 0.9945 0.0004 0.0003 7.3229 -0.0883 -0.048682 -1.257058 12.14 
8.2717 2 1 1 0x0 3.9513 4.0487 3.95 4.05 0.7551 0.8703 0.0004 0.0003 7.3266 -0.0884 -0.048682 -1.261340 12.13 
8.2757 2 1 1 0x0 3.9513 4.0487 3.95 4.05 0.9778 1.0217 0.0003 0.0003 7.3302 -0.0886 -0.048682 -1.262901 12.12 
8.2797 2 1 1 0x0 3.9513 4.0487 3.95 4.05 0.9087 0.7887 0.0003 0.0004 7.3338 -0.0888 -0.048682 -1.263901 12.13 
8.2837 2 1 1 0x0 3.9513 4.0487 3.95 4.05 0.9761 1.0459 0.0003 0.0004 7.3375 -0.0890 -0.048682 -1.268944 12.13 
8.2877 2 1 1 0x0 3.9540 4.0460 3.95 4.05 0.9933 0.8861 0.0007 0.0006 7.3409 -0.0891 -0.045977 -1.266649 12.13 
8.2917 2 1 1 0x0 3.9567 4.0433 3.96 4.04 0.7731 0.8269 0.0006 0.0003 7.3448 -0.0893 -0.043273 -1.263210 12.13 
8.2957 2 1 1 0x0 3.9567 4.0433 3.96 4.04 0.9641 0.9903 0.0004 0.0002 7.3484 -0.0895 -0.043273 -1.259024 12.13 
8.2997 2 1 1 0x0 3.9567 4.0433 3.96 4.04 0.9387 0.9637 0.0006 0.0005 7.3517 -0.0896 -0.043273 -1.254017 12.14 
8.3037 2 1 1 0x0 3.9567 4.0433 3.96 4.04 0.8268 0.8928 0.0004 0.0003 7.3553 -0.0898 -0.043273 -1.251108 12.13 
8.3077 2 1 1 0x0 3.9567 4.0433 3.96 4.04 0.9700 1.0647 0.0003 0.0003 7.3590 -0.0899 -0.043273 -1.251198 12.13 
8.3117 2 1 1 0x0 3.9567 4.0433 3.96 4.04 0.9946 1.0305 0.0006 0.0007 7.3622 -0.0901 -0.043273 -1.249943 12.13 
8.3157 2 1 1 0x0 3.9567 4.0433 3.96 4.04 0.7752 0.7830 0.0005 0.0006 7.3659 -0.0902 -0.043273 -1.249882 12.13 
8.3197 2 1 1 0x0 3.9567 4.0433 3.96 4.04 1.0121 0.9882 0.0004 0.0006 7.3695 -0.0904 -0.043273 -1.253553 12.13 
8.3237 2 1 1 0x0 3.9594 4.0406 3.96 4.04 0.8842 1.0477 0.0004 0.0003 7.3734 -0.0905 -0.040568 -1.264723 12.12 
8.3277 2 1 1 0x0 3.9594 4.0406 3.96 4.04 1.0764 0.8176 0.0005 0.0004 7.3770 -0.0907 -0.040568 -1.271715 12.13 
8.3317 2 1 1 0x0 3.9594 4.0406 3.96 4.04 0.8239 1.0694 0.0005 0.0005 7.3807 -0.0908 -0.040568 -1.273476 12.14 
8.3357 2 1 1 0x0 3.9594 4.0406 3.96 4.04 1.0663 0.8720 0.0005 0.0006 7.3843 -0.0910 -0.040568 -1.276745 12.13 
8.3397 2 1 1 0x0 3.9594 4.0406 3.96 4.04 0.9561 1.0906 0.0005 0.0007 7.3880 -0.0911 -0.040568 -1.278552 12.13 
8.3437 2 1 1 0x0 3.9621 4.0379 3.96 4.04 0.9900 1.0769 0.0005 0.0003 7.3918 -0.0913 -0.037864 -1.278422 12.13 
8.3477 2 1 1 0x0 3.9648 4.0352 3.96 4.04 0.9002 0.8654 0.0008 0.0004 7.3953 -0.0914 -0.035159 -1.275601 12.12 
8.3517 2 1 1 0x0 3.9621 4.0379 3.96 4.04 0.7359 0.8377 0.0003 0.0006 7.3987 -0.0916 -0.037864 -1.270609 12.12 
8.3557 2 1 1 0x0 3.9648 4.0352 3.96 4.04 0.7459 1.0035 0.0005 0.0004 7.4021 -0.0917 -0.035159 -1.270202 12.12 
8.3597 2 1 1 0x0 3.9675 4.0325 3.97 4.03 0.6907 0.7974 0.0007 0.0003 7.4056 -0.0918 -0.032455 -1.275647 12.13 
8.3637 2 1 1 0x0 3.9648 4.0352 3.96 4.04 0.9776 0.7754 0.0005 0.0007 7.4090 -0.0919 -0.035159 -1.284798 12.13 
8.3678 2 1 1 0x0 3.9648 4.0352 3.96 4.04 0.8550 1.0012 0.0005 0.0006 7.4127 -0.0920 -0.035159 -1.291214 12.12 
8.3718 2 1 1 0x0 3.9675 4.0325 3.97 4.03 1.0494 1.0639 0.0005 0.0003 7.4165 -0.0922 -0.032455 -1.292059 12.13 
8.3758 2 1 1 0x0 3.9675 4.0325 3.97 4.03 0.8379 0.8055 0.0005 0.0003 7.4202 -0.0923 -0.032455 -1.291828 12.13 
8.3798 2 1 1 0x0 3.9675 4.0325 3.97 4.03 1.0470 1.0171 0.0004 0.0004 7.4238 -0.0924 -0.032455 -1.289661 12.12 
8.3838 2 1 1 0x0 3.9675 4.0325 3.97 4.03 0.8645 0.9083 0.0005 0.0005 7.4275 -0.0925 -0.032455 -1.286412 12.13 
8.3878 2 1 1 0x0 3.9675 4.0325 3.97 4.03 0.9760 1.0400 0.0004 0.0005 7.4311 -0.0927 -0.032455 -1.279518 12.13 
8.3918 2 1 1 0x0 3.9702 4.0298 3.97 4.03 0.9025 0.7353 0.0006 0.0003 7.4346 -0.0928 -0.029750 -1.271821 12.12 
8.3958 2 1 1 0x0 3.9702 4.0298 3.97 4.03 0.9503 0.7499 0.0007 0.0006 7.4378 -0.0929 -0.029750 -1.268017 12.12 
8.3998 2 1 1 0x0 3.9702 4.0298 3.97 4.03 0.6793 0.9819 0.0003 0.0004 7.4415 -0.0930 -0.029750 -1.272674 12.13 
8.4038 2 1 1 0x0 3.9730 4.0270 3.97 4.03 0.7658 0.8780 0.0006 0.0003 7.4449 -0.0931 -0.027046 -1.282843 12.13 
8.4078 2 1 1 0x0 3.9730 4.0270 3.97 4.03 1.0340 1.0106 0.0005 0.0004 7.4486 -0.0932 -0.027046 -1.295333 12.12 
8.4118 2 1 1 0x0 3.9730 4.0270 3.97 4.03 0.8699 0.7937 0.0005 0.0004 7.4522 -0.0933 -0.027046 -1.300397 12.13 
8.4158 2 1 1 0x0 3.9730 4.0270 3.97 4.03 1.0219 1.0365 0.0006 0.0004 7.4559 -0.0934 -0.027046 -1.304698 12.13 
8.4198 2 1 1 0x0 3.9730 4.0270 3.97 4.03 0.7311 0.9495 0.0006 0.0005 7.4595 -0.0935 -0.027046 -1.307674 12.13 
8.4238 2 1 1 0x0 3.9730 4.0270 3.97 4.03 1.0089 1.0579 0.0006 0.0007 7.4632 -0.0936 -0.027046 -1.309598 12.13 
8.4278 2 1 1 0x0 3.9730 4.0270 3.97 4.03 1.0531 1.0463 0.0003 0.0004 7.4672 -0.0937 -0.027046 -1.307480 12.13 
8.4318 2 1 1 0x0 3.9757 4.0243 3.98 4.02 0.9559 0.9437 0.0005 0.0005 7.4707 -0.0938 -0.024341 -1.301130 12.12 
8.4358 2 1 1 0x0 3.9784 4.0216 3.98 4.02 0.9009 0.9970 0.0005 0.0007 7.4741 -0.0938 -0.021637 -1.292538 12.12 
8.4398 2 1 1 0x0 3.9811 4.0189 3.98 4.02 0.9540 0.7602 0.0005 0.0005 7.4776 -0.0939 -0.018932 -1.287438 12.13 
8.4438 2 1 1 0x0 3.9838 4.0162 3.98 4.02 0.9407 1.0304 0.0006 0.0005 7.4810 -0.0940 -0.016227 -1.288724 12.12 
8.4478 2 1 1 0x0 3.9838 4.0162 3.98 4.02 0.7581 0.8946 0.0004 0.0005 7.4847 -0.0940 -0.016227 -1.294622 12.13 
8.4518 2 1 1 0x0 3.9838 4.0162 3.98 4.02 0.9787 0.9893 0.0002 0.0005 7.4883 -0.0941 -0.016227 -1.307479 12.12 
8.4558 2 1 1 0x0 3.9838 4.0162 3.98 4.02 0.8590 0.7667 0.0003 0.0005 7.4920 -0.0941 -0.016227 -1.315231 12.13 
8.4598 2 1 1 0x0 3.9838 4.0162 3.98 4.02 1.0351 1.0149 0.0003 0.0006 7.4956 -0.0942 -0.016227 -1.315214 12.13 
8.4638 2 1 1 0x0 3.9865 4.0135 3.99 4.01 0.8038 1.0028 0.0003 0.0003 7.4995 -0.0942 -0.013523 -1.321885 12.13 
8.4678 2 1 1 0x0 3.9865 4.0135 3.99 4.01 1.0203 0.8009 0.0004 0.0004 7.5031 -0.0943 -0.013523 -1.325285 12.13 
8.4718 2 1 1 0x0 3.9865 4.0135 3.99 4.01 0.8880 1.0263 0.0005 0.0005 7.5068 -0.0943 -0.013523 -1.325512 12.13 
8.4758 2 1 1 0x0 3.9892 4.0108 3.99 4.01 0.9984 1.0885 0.0006 0.0003 7.5106 -0.0944 -0.010818 -1.321906 12.13 
8.4798 2 1 1 0x0 3.9892 4.0108 3.99 4.01 0.6965 0.7943 0.0004 0.0005 7.5143 -0.0944 -0.010818 -1.321854 12.13 
8.4838 2 1 1 0x0 3.9919 4.0081 3.99 4.01 0.6675 0.9717 0.0004 0.0005 7.5177 -0.0944 -0.008114 -1.315342 12.13 
8.4878 2 1 1 0x0 3.9946 4.0054 3.99 4.01 0.7022 0.8352 0.0005 0.0004 7.5212 -0.0945 -0.005409 -1.308718 12.12 
8.4918 2 1 1 0x0 3.9973 4.0027 4.00 4.00 0.7459 1.0076 0.0006 0.0002 7.5246 -0.0945 -0.002705 -1.304324 12.12 
8.4958 2 1 1 0x0 3.9946 4.0054 3.99 4.01 1.0219 0.9790 0.0003 0.0006 7.5281 -0.0945 -0.005409 -1.309310 12.12 
8.4998 2 1 1 0x0 3.9973 4.0027 4.00 4.00 0.9868 0.7706 0.0006 0.0005 7.5315 -0.0945 -0.002705 -1.316900 12.13 
8.5038 2 1 1 0x0 3.9973 4.0027 4.00 4.00 0.9044 1.0104 0.0006 0.0004 7.5352 -0.0945 -0.002705 -1.327215 12.13 
8.5078 2 1 1 0x0 3.9973 4.0027 4.00 4.00 1.0523 0.9117 0.0006 0.0005 7.5388 -0.0945 -0.002705 -1.333800 12.13 
8.5118 2 1 1 0x0 3.9973 4.0027 4.00 4.00 0.7931 1.0370 0.0006 0.0005 7.5425 -0.0945 -0.002705 -1.337642 12.13 
8.5158 2 1 1 0x0 3.9946 4.0054 3.99 4.01 1.0414 0.8235 0.0007 0.0006 7.5463 -0.0946 -0.005409 -1.339300 12.13 
8.5198 2 1 1 0x0 3.9973 4.0027 4.00 4.00 1.0097 0.9008 0.0003 0.0002 7.5502 -0.0946 -0.002705 -1.345221 12.14 
8.5238 2 1 1 0x0 3.9973 4.0027 4.00 4.00 0.7792 0.9802 0.0004 0.0004 7.5538 -0.0946 -0.002705 -1.348529 12.13 
8.5278 2 1 1 0x0 3.9973 4.0027 4.00 4.00 0.9965 0.7727 0.0004 0.0004 7.5575 -0.0946 -0.002705 -1.346440 12.13 
8.5318 2 1 1 0x0 3.9973 4.0027 4.00 4.00 0.7926 1.0028 0.0003 0.0005 7.5611 -0.0946 -0.002705 -1.340729 12.14 
8.5358 2 1 1 0x0 4.0000 4.0000 4.00 4.00 0.8125 0.9197 0.0006 0.0006 7.5646 -0.0946 -0.000000 -1.341794 12.13 
8.5398 2 1 1 0x0 4.0027 3.9973 4.00 4.00 0.9888 0.8088 0.0004 0.0003 7.5684 -0.0946 0.002704 -1.337738 12.13 
8.5438 2 1 1 0x0 4.0027 3.9973 4.00 4.00 0.7760 1.0119 0.0003 0.0004 7.5721 -0.0946 0.002704 -1.337896 12.13 
8.5478 2 1 1 0x0 4.0027 3.9973 4.00 4.00 1.0115 0.8545 0.0002 0.0003 7.5757 -0.0946 0.002704 -1.333482 12.13 
8.5518 2 1 1 0x0 4.0027 3.9973 4.00 4.00 1.0273 0.8764 0.0007 0.0006 7.5790 -0.0946 0.002704 -1.331649 12.12 
8.5558 2 1 1 0x0 4.0000 4.0000 4.00 4.00 1.0076 1.0157 0.0002 0.0006 7.5828 -0.0946 -0.000000 -1.332948 12.13 
8.5598 2 1 1 0x0 4.0027 3.9973 4.00 4.00 1.0160 0.7902 0.0007 0.0005 7.5863 -0.0946 0.002704 -1.333919 12.13 
8.5638 2 1 1 0x0 4.0000 4.0000 4.00 4.00 1.0676 0.9787 0.0003 0.0004 7.5901 -0.0946 -0.000000 -1.341179 12.13 
8.5678 2 1 1 0x0 4.0000 4.0000 4.00 4.00 0.9079 0.8837 0.0005 0.0004 7.5938 -0.0946 -0.000000 -1.340439 12.13 
8.5718 2 1 1 0x0 4.0000 4.0000 4.00 4.00 0.9737 1.0756 0.0005 0.0005 7.5975 -0.0946 -0.000000 -1.345214 12.13 
8.5758 2 1 1 0x0 4.0000 4.0000 4.00 4.00 0.7941 0.7993 0.0005 0.0005 7.6011 -0.0946 -0.000000 -1.349443 12.13 
8.5798 2 1 1 0x0 4.0000 4.0000 4.00 4.00 0.9835 1.0306 0.0004 0.0004 7.6048 -0.0946 -0.000000 -1.342196 12.13 
8.5838 2 1 1 0x0 4.0000 4.0000 4.00 4.00 0.9029 0.8419 0.0004 0.0003 7.6084 -0.0946 -0.000000 -1.338680 12.13 
8.5878 2 1 1 0x0 3.9973 4.0027 4.00 4.00 1.0028 0.8149 0.0002 0.0006 7.6119 -0.0946 -0.002705 -1.333929 12.12 
8.5918 2 1 1 0x0 4.0000 4.0000 4.00 4.00 0.9703 0.9700 0.0005 0.0004 7.6153 -0.0946 -0.000000 -1.332976 12.13 
8.5958 2 1 1 0x0 3.9973 4.0027 4.00 4.00 0.7886 1.0061 0.0004 0.0007 7.6188 -0.0946 -0.002705 -1.338810 12.13 
8.5998 2 1 1 0x0 3.9973 4.0027 4.00 4.00 0.9976 0.7946 0.0002 0.0006 7.6224 -0.0946 -0.002705 -1.345577 12.13 
8.6038 2 1 1 0x0 3.9973 4.0027 4.00 4.00 0.8955 1.0386 0.0002 0.0006 7.6261 -0.0946 -0.002705 -1.344270 12.13 
8.6078 2 1 1 0x0 4.0000 4.0000 4.00 4.00 0.9951 1.0305 0.0002 0.0002 7.6299 -0.0946 -0.000000 -1.348009 12.13 
8.6118 2 1 1 0x0 4.0027 3.9973 4.00 4.00 1.0838 0.7826 0.0007 0.0003 7.6334 -0.0946 0.002704 -1.344569 12.14 
8.6159 2 1 1 0x0 4.0000 4.0000 4.00 4.00 0.8167 0.9885 0.0007 0.0003 7.6372 -0.0946 -0.000000 -1.348383 12.13 
8.6199 2 1 1 0x0 4.0027 3.9973 4.00 4.00 1.0124 0.8766 0.0006 0.0004 7.6407 -0.0946 0.002704 -1.350290 12.13 
8.6239 2 1 1 0x0 4.0027 3.9973 4.00 4.00 0.8866 1.0821 0.0006 0.0005 7.6443 -0.0946 0.002704 -1.348769 12.14 
8.6279 2 1 1 0x0 4.0027 3.9973 4.00 4.00 1.0093 0.7978 0.0006 0.0006 7.6480 -0.0945 0.002704 -1.345401 12.13 
8.6319 2 1 1 0x0 4.0054 3.9946 4.01 3.99 0.7582 0.9259 0.0004 0.0003 7.6518 -0.0945 0.005409 -1.342940 12.13 
8.6359 2 1 1 0x0 4.0081 3.9919 4.01 3.99 0.7790 1.0164 0.0006 0.0004 7.6553 -0.0945 0.008113 -1.339854 12.13 
8.6399 2 1 1 0x0 4.0081 3.9919 4.01 3.99 0.9550 0.8390 0.0005 0.0006 7.6589 -0.0945 0.008113 -1.336604 12.13 
8.6439 2 1 1 0x0 4.0108 3.9892 4.01 3.99 0.8715 0.9201 0.0004 0.0002 7.6628 -0.0944 0.010818 -1.335034 12.13 
8.6479 2 1 1 0x0 4.0108 3.9892 4.01 3.99 1.0295 0.9595 0.0003 0.0003 7.6664 -0.0944 0.010818 -1.333014 12.13 
8.6519 2 1 1 0x0 4.0108 3.9892 4.01 3.99 0.9848 0.9953 0.0007 0.0006 7.6697 -0.0944 0.010818 -1.335499 12.13 
8.6559 2 1 1 0x0 4.0108 3.9892 4.01 3.99 0.7815 0.7614 0.0006 0.0005 7.6733 -0.0943 0.010818 -1.331425 12.13 
8.6599 2 1 1 0x0 4.0108 3.9892 4.01 3.99 1.0185 0.9621 0.0004 0.0004 7.6770 -0.0943 0.010818 -1.329137 12.14 
8.6639 2 1 1 0x0 4.0108 3.9892 4.01 3.99 0.8704 0.8963 0.0003 0.0004 7.6806 -0.0943 0.010818 -1.325652 12.13 
8.6679 2 1 1 0x0 4.0135 3.9865 4.01 3.99 0.8521 1.0595 0.0006 0.0004 7.6841 -0.0942 0.013522 -1.332841 12.13 
8.6719 2 1 1 0x0 4.0135 3.9865 4.01 3.99 0.9333 0.8085 0.0005 0.0004 7.6877 -0.0942 0.013522 -1.330928 12.13 
8.6759 2 1 1 0x0 4.0135 3.9865 4.01 3.99 0.7735 1.0149 0.0004 0.0004 7.6914 -0.0941 0.013522 -1.326462 12.12 
8.6799 2 1 1 0x0 4.0162 3.9838 4.02 3.98 0.7176 0.9098 0.0006 0.0004 7.6948 -0.0941 0.016227 -1.324955 12.12 
8.6839 2 1 1 0x0 4.0162 3.9838 4.02 3.98 0.9960 1.0401 0.0004 0.0005 7.6985 -0.0940 0.016227 -1.323279 12.13 
8.6879 2 1 1 0x0 4.0162 3.9838 4.02 3.98 0.8384 0.7781 0.0003 0.0005 7.7021 -0.0939 0.016227 -1.323816 12.13 
8.6919 2 1 1 0x0 4.0162 3.9838 4.02 3.98 1.0072 0.9946 0.0003 0.0006 7.7058 -0.0939 0.016227 -1.332378 12.12 
8.6959 2 1 1 0x0 4.0189 3.9811 4.02 3.98 1.0223 0.8710 0.0007 0.0006 7.7092 -0.0938 0.018932 -1.339267 12.13 
8.6999 2 1 1 0x0 4.0162 3.9838 4.02 3.98 1.0074 1.0184 0.0002 0.0007 7.7131 -0.0937 0.016227 -1.336526 12.13 
8.7039 2 1 1 0x0 4.0189 3.9811 4.02 3.98 0.8944 1.0089 0.0003 0.0003 7.7169 -0.0937 0.018932 -1.343388 12.13 
8.7079 2 1 1 0x0 4.0189 3.9811 4.02 3.98 1.0611 0.9148 0.0003 0.0004 7.7206 -0.0936 0.018932 -1.347616 12.12 
8.7119 2 1 1 0x0 4.0189 3.9811 4.02 3.98 0.8352 1.0318 0.0004 0.0004 7.7242 -0.0935 0.018932 -1.343978 12.12 
8.7159 2 1 1 0x0 4.0189 3.9811 4.02 3.98 1.0393 0.7810 0.0005 0.0004 7.7279 -0.0935 0.018932 -1.339424 12.12 
8.7199 2 1 1 0x0 4.0189 3.9811 4.02 3.98 0.8685 0.9945 0.0005 0.0003 7.7315 -0.0934 0.018932 -1.340250 12.13 
8.7239 2 1 1 0x0 4.0189 3.9811 4.02 3.98 0.9566 0.8714 0.0005 0.0003 7.7352 -0.0933 0.018932 -1.343207 12.13 
8.7279 2 1 1 0x0 4.0189 3.9811 4.02 3.98 0.7562 1.0223 0.0004 0.0002 7.7388 -0.0933 0.018932 -1.341416 12.12 
8.7319 2 1 1 0x0 4.0189 3.9811 4.02 3.98 0.7707 1.0595 0.0006 0.0006 7.7421 -0.0932 0.018932 -1.339177 12.13 
8.7359 2 1 1 0x0 4.0189 3.9811 4.02 3.98 0.9738 0.7674 0.0003 0.0006 7.7457 -0.0931 0.018932 -1.342482 12.12 
8.7399 2 1 1 0x0 4.0243 3.9757 4.02 3.98 1.0050 0.8837 0.0006 0.0002 7.7494 -0.0931 0.024341 -1.340011 12.13 
8.7439 2 1 1 0x0 4.0243 3.9757 4.02 3.98 0.8843 1.0722 0.0006 0.0003 7.7530 -0.0930 0.024341 -1.333563 12.13 
8.7479 2 1 1 0x0 4.0243 3.9757 4.02 3.98 1.0174 0.7623 0.0005 0.0004 7.7567 -0.0929 0.024341 -1.332729 12.12 
8.7519 2 1 1 0x0 4.0243 3.9757 4.02 3.98 0.7659 1.0203 0.0004 0.0004 7.7603 -0.0928 0.024341 -1.330097 12.12 
8.7559 2 1 1 0x0 4.0243 3.9757 4.02 3.98 1.0210 0.9060 0.0004 0.0006 7.7640 -0.0927 0.024341 -1.325665 12.13 
8.7599 2 1 1 0x0 4.0243 3.9757 4.02 3.98 0.8751 1.0443 0.0004 0.0006 7.7676 -0.0926 0.024341 -1.329722 12.12 
8.7639 2 1 1 0x0 4.0270 3.9730 4.03 3.97 0.8519 0.7741 0.0007 0.0005 7.7711 -0.0925 0.027045 -1.325481 12.12 
8.7679 2 1 1 0x0 4.0270 3.9730 4.03 3.97 0.9533 0.9417 0.0003 0.0005 7.7747 -0.0924 0.027045 -1.323183 12.13 
8.7719 2 1 1 0x0 4.0297 3.9703 4.03 3.97 0.9279 0.9155 0.0006 0.0005 7.7782 -0.0923 0.029750 -1.323100 12.13 
8.7759 2 1 1 0x0 4.0297 3.9703 4.03 3.97 0.7725 1.0330 0.0004 0.0005 7.7818 -0.0922 0.029750 -1.330499 12.13 
8.7799 2 1 1 0x0 4.0297 3.9703 4.03 3.97 1.0285 0.8251 0.0002 0.0006 7.7855 -0.0921 0.029750 -1.328456 12.13 
8.7839 2 1 1 0x0 4.0325 3.9675 4.03 3.97 1.0440 0.9001 0.0007 0.0002 7.7893 -0.0920 0.032454 -1.328146 12.13 
8.7879 2 1 1 0x0 4.0325 3.9675 4.03 3.97 1.0200 1.0514 0.0002 0.0003 7.7930 -0.0919 0.032454 -1.333782 12.13 
8.7919 2 1 1 0x0 4.0325 3.9675 4.03 3.97 0.8158 0.8140 0.0003 0.0004 7.7966 -0.0917 0.032454 -1.334705 12.13 
8.7959 2 1 1 0x0 4.0325 3.9675 4.03 3.97 0.9505 1.0066 0.0002 0.0005 7.8003 -0.0916 0.032454 -1.331531 12.13 
8.7999 2 1 1 0x0 4.0352 3.9648 4.04 3.96 0.9317 0.9163 0.0004 0.0006 7.8037 -0.0915 0.035159 -1.331628 12.13 
8.8039 2 1 1 0x0 4.0406 3.9594 4.04 3.96 0.9748 0.8044 0.0006 0.0003 7.8074 -0.0914 0.040568 -1.337613 12.12 
8.8079 2 1 1 0x0 4.0406 3.9594 4.04 3.96 0.8449 1.0197 0.0004 0.0003 7.8110 -0.0912 0.040568 -1.334924 12.13 
8.8119 2 1 1 0x0 4.0433 3.9567 4.04 3.96 0.8234 0.8528 0.0006 0.0004 7.8144 -0.0911 0.043272 -1.329888 12.14 
8.8159 2 1 1 0x0 4.0433 3.9567 4.04 3.96 0.9675 1.0453 0.0006 0.0005 7.8181 -0.0909 0.043272 -1.327928 12.12 
8.8199 2 1 1 0x0 4.0433 3.9567 4.04 3.96 0.7163 0.7749 0.0005 0.0005 7.8217 -0.0907 0.043272 -1.327751 12.13 
8.8239 2 1 1 0x0 4.0433 3.9567 4.04 3.96 0.9274 1.0020 0.0004 0.0005 7.8254 -0.0906 0.043272 -1.324562 12.13 
8.8279 2 1 1 0x0 4.0487 3.9513 4.05 3.95 0.9667 1.0619 0.0006 0.0002 7.8290 -0.0904 0.048681 -1.323997 12.13 
8.8319 2 1 1 0x0 4.0460 3.9540 4.05 3.95 0.8481 1.0254 0.0004 0.0007 7.8325 -0.0902 0.045977 -1.323952 12.13 
8.8359 2 1 1 0x0 4.0514 3.9486 4.05 3.95 0.8257 1.0149 0.0006 0.0003 7.8361 -0.0901 0.051386 -1.324423 12.13 
8.8399 2 1 1 0x0 4.0514 3.9486 4.05 3.95 1.0313 0.9093 0.0006 0.0004 7.8398 -0.0899 0.051386 -1.328853 12.12 
8.8439 2 1 1 0x0 4.0514 3.9486 4.05 3.95 0.7535 1.0368 0.0005 0.0005 7.8434 -0.0897 0.051386 -1.326027 12.13 
8.8479 2 1 1 0x0 4.0514 3.9486 4.05 3.95 1.0540 0.7802 0.0004 0.0006 7.8471 -0.0895 0.051386 -1.321150 12.13 
8.8519 2 1 1 0x0 4.0514 3.9486 4.05 3.95 0.8024 0.9927 0.0003 0.0006 7.8507 -0.0893 0.051386 -1.319927 12.14 
8.8559 2 1 1 0x0 4.0514 3.9486 4.05 3.95 0.8299 0.8706 0.0006 0.0005 7.8544 -0.0891 0.051386 -1.317434 12.13 
8.8600 2 1 1 0x0 4.0541 3.9459 4.05 3.95 1.0322 1.0244 0.0005 0.0004 7.8578 -0.0889 0.054091 -1.315600 12.13 
8.8640 2 1 1 0x0 4.0568 3.9432 4.06 3.94 0.9390 0.7448 0.0008 0.0003 7.8612 -0.0888 0.056795 -1.318668 12.13 
8.8680 2 1 1 0x0 4.0568 3.9432 4.06 3.94 0.7613 0.9894 0.0005 0.0002 7.8649 -0.0885 0.056795 -1.316333 12.12 
8.8720 2 1 1 0x0 4.0568 3.9432 4.06 3.94 0.9819 0.8740 0.0003 0.0002 7.8685 -0.0883 0.056795 -1.314708 12.13 
8.8760 2 1 1 0x0 4.0595 3.9405 4.06 3.94 1.0151 1.0159 0.0006 0.0003 7.8720 -0.0881 0.059500 -1.316937 12.13 
8.8800 2 1 1 0x0 4.0568 3.9432 4.06 3.94 0.8730 0.9826 0.0006 0.0007 7.8754 -0.0879 0.056795 -1.324715 12.13 
8.8840 2 1 1 0x0 4.0595 3.9405 4.06 3.94 1.0366 1.0434 0.0005 0.0003 7.8793 -0.0877 0.059500 -1.324301 12.13 
8.8880 2 1 1 0x0 4.0622 3.9378 4.06 3.94 0.9457 0.9447 0.0007 0.0003 7.8827 -0.0875 0.062204 -1.321941 12.12 
8.8920 2 1 1 0x0 4.0622 3.9378 4.06 3.94 0.7529 0.9951 0.0004 0.0004 7.8864 -0.0873 0.062204 -1.317973 12.13 
8.8960 2 1 1 0x0 4.0649 3.9351 4.06 3.94 0.7286 0.8056 0.0006 0.0004 7.8898 -0.0871 0.064909 -1.315957 12.12 
8.9000 2 1 1 0x0 4.0649 3.9351 4.06 3.94 0.9843 1.0179 0.0003 0.0004 7.8934 -0.0868 0.064909 -1.319632 12.13 
8.9040 2 1 1 0x0 4.0676 3.9324 4.07 3.93 0.9563 0.9670 0.0006 0.0005 7.8969 -0.0866 0.067613 -1.312963 12.13 
8.9080 2 1 1 0x0 4.0676 3.9324 4.07 3.93 0.8056 1.0377 0.0003 0.0006 7.9005 -0.0864 0.067613 -1.310941 12.14 
8.9120 2 1 1 0x0 4.0703 3.9297 4.07 3.93 0.8257 0.7806 0.0006 0.0006 7.9040 -0.0861 0.070318 -1.316552 12.12 
8.9160 2 1 1 0x0 4.0730 3.9270 4.07 3.93 0.9731 0.9026 0.0004 0.0003 7.9078 -0.0859 0.073022 -1.315463 12.13 
8.9200 2 1 1 0x0 4.0757 3.9243 4.08 3.92 1.0078 0.9787 0.0007 0.0003 7.9113 -0.0856 0.075727 -1.311779 12.12 
8.9240 2 1 1 0x0 4.0757 3.9243 4.08 3.92 0.7561 0.8166 0.0005 0.0004 7.9149 -0.0853 0.075727 -1.311980 12.13 
8.9280 2 1 1 0x0 4.0757 3.9243 4.08 3.92 0.9915 1.0008 0.0003 0.0004 7.9185 -0.0850 0.075727 -1.310297 12.12 
8.9320 2 1 1 0x0 4.0784 3.9216 4.08 3.92 1.0191 0.8680 0.0006 0.0005 7.9220 -0.0848 0.078431 -1.310807 12.13 
8.9360 2 1 1 0x0 4.0784 3.9216 4.08 3.92 0.8196 1.0207 0.0005 0.0006 7.9256 -0.0845 0.078431 -1.310937 12.13 
8.9400 2 1 1 0x0 4.0811 3.9189 4.08 3.92 0.9698 1.0854 0.0005 0.0002 7.9295 -0.0842 0.081136 -1.310071 12.13 
8.9440 2 1 1 0x0 4.0811 3.9189 4.08 3.92 0.7985 0.9141 0.0005 0.0003 7.9331 -0.0839 0.081136 -1.314130 12.12 
8.9480 2 1 1 0x0 4.0811 3.9189 4.08 3.92 0.9675 1.0328 0.0005 0.0004 7.9367 -0.0836 0.081136 -1.316172 12.13 
8.9520 2 1 1 0x0 4.0811 3.9189 4.08 3.92 0.8718 0.8275 0.0006 0.0005 7.9404 -0.0833 0.081136 -1.315528 12.13 
8.9560 2 1 1 0x0 4.0784 3.9216 4.08 3.92 0.8234 0.9845 0.0002 0.0005 7.9442 -0.0830 0.078431 -1.317065 12.13 
8.9600 2 1 1 0x0 4.0811 3.9189 4.08 3.92 0.7646 0.9358 0.0006 0.0006 7.9476 -0.0827 0.081136 -1.316255 12.12 
8.9640 2 1 1 0x0 4.0811 3.9189 4.08 3.92 0.9320 1.0044 0.0003 0.0007 7.9513 -0.0824 0.081136 -1.312610 12.13 
8.9680 2 1 1 0x0 4.0865 3.9135 4.09 3.91 0.9747 1.0664 0.0005 0.0002 7.9549 -0.0821 0.086545 -1.309100 12.13 
8.9720 2 1 1 0x0 4.0865 3.9135 4.09 3.91 0.8422 0.8729 0.0003 0.0003 7.9586 -0.0818 0.086545 -1.309670 12.12 
8.9760 2 1 1 0x0 4.0892 3.9108 4.09 3.91 0.8739 1.0152 0.0006 0.0004 7.9620 -0.0815 0.089250 -1.306881 12.13 
8.9800 2 1 1 0x0 4.0892 3.9108 4.09 3.91 0.9618 0.7517 0.0006 0.0004 7.9656 -0.0812 0.089250 -1.305206 12.13 
8.9840 2 1 1 0x0 4.0892 3.9108 4.09 3.91 0.7610 1.0430 0.0006 0.0004 7.9693 -0.0809 0.089250 -1.303711 12.13 
8.9880 2 1 1 0x0 4.0892 3.9108 4.09 3.91 0.9733 0.8888 0.0005 0.0005 7.9729 -0.0805 0.089250 -1.302575 12.12 
8.9920 2 1 1 0x0 4.0892 3.9108 4.09 3.91 0.7990 1.0668 0.0003 0.0005 7.9765 -0.0802 0.089250 -1.301430 12.12 
8.9960 2 1 1 0x0 4.0920 3.9080 4.09 3.91 0.8163 0.7633 0.0005 0.0006 7.9800 -0.0799 0.091954 -1.303916 12.13 
9.0000 2 1 1 0x0 4.0920 3.9080 4.09 3.91 0.9919 1.0213 0.0003 0.0005 7.9836 -0.0796 0.091954 -1.310542 12.13 
9.0040 2 1 1 0x0 4.0947 3.9053 4.09 3.91 0.9529 0.9627 0.0006 0.0006 7.9870 -0.0792 0.094659 -1.309898 12.13 
9.0080 2 1 1 0x0 4.0947 3.9053 4.09 3.91 0.7175 1.0458 0.0004 0.0007 7.9907 -0.0789 0.094659 -1.307693 12.13 
9.0120 2 1 1 0x0 4.1001 3.8999 4.10 3.90 0.6899 0.9689 0.0005 0.0003 7.9943 -0.0785 0.100068 -1.305415 12.13 
9.0160 2 1 1 0x0 4.1028 3.8972 4.10 3.90 0.7283 0.8414 0.0006 0.0003 7.9977 -0.0782 0.102772 -1.301060 12.12 
9.0200 2 1 1 0x0 4.1028 3.8972 4.10 3.90 0.9912 0.9929 0.0003 0.0003 8.0014 -0.0778 0.102772 -1.299803 12.12 
9.0240 2 1 1 0x0 4.1055 3.8945 4.11 3.89 1.0255 0.8063 0.0006 0.0003 8.0048 -0.0775 0.105477 -1.303416 12.13 
9.0280 2 1 1 0x0 4.1055 3.8945 4.11 3.89 0.9252 1.0174 0.0006 0.0003 8.0084 -0.0771 0.105477 -1.311309 12.13 
9.0320 2 1 1 0x0 4.1055 3.8945 4.11 3.89 1.0247 0.8544 0.0006 0.0003 8.0121 -0.0767 0.105477 -1.314927 12.13 
9.0360 2 1 1 0x0 4.1028 3.8972 4.10 3.90 1.0787 1.0428 0.0002 0.0004 8.0159 -0.0763 0.102772 -1.313770 12.12 
9.0400 2 1 1 0x0 4.1055 3.8945 4.11 3.89 1.0249 0.7769 0.0006 0.0004 8.0193 -0.0759 0.105477 -1.315635 12.12 
9.0440 2 1 1 0x0 4.1055 3.8945 4.11 3.89 0.8657 0.9972 0.0005 0.0004 8.0230 -0.0756 0.105477 -1.311548 12.13 
9.0480 2 1 1 0x0 4.1055 3.8945 4.11 3.89 0.9760 0.8689 0.0004 0.0004 8.0266 -0.0752 0.105477 -1.303267 12.13 
9.0520 2 1 1 0x0 4.1055 3.8945 4.11 3.89 0.7841 1.0253 0.0003 0.0004 8.0302 -0.0748 0.105477 -1.303753 12.14 
9.0560 2 1 1 0x0 4.1082 3.8918 4.11 3.89 0.7210 0.7455 0.0005 0.0003 8.0337 -0.0744 0.108181 -1.300573 12.11 
9.0600 2 1 1 0x0 4.1109 3.8891 4.11 3.89 0.7314 0.9868 0.0007 0.0002 8.0371 -0.0741 0.110886 -1.297670 12.12 
9.0640 2 1 1 0x0 4.1082 3.8918 4.11 3.89 0.9695 1.0216 0.0005 0.0006 8.0405 -0.0737 0.108181 -1.296947 12.12 
9.0680 2 1 1 0x0 4.1082 3.8918 4.11 3.89 0.9202 0.8505 0.0005 0.0006 8.0441 -0.0733 0.108181 -1.298916 12.13 
9.0720 2 1 1 0x0 4.1082 3.8918 4.11 3.89 1.0309 1.0489 0.0005 0.0006 8.0478 -0.0729 0.108181 -1.304061 12.13 
9.0760 2 1 1 0x0 4.1055 3.8945 4.11 3.89 1.0767 0.7344 0.0002 0.0006 8.0516 -0.0725 0.105477 -1.312443 12.12 
9.0800 2 1 1 0x0 4.1055 3.8945 4.11 3.89 0.8501 1.0051 0.0003 0.0006 8.0552 -0.0721 0.105477 -1.312433 12.13 
9.0840 2 1 1 0x0 4.1055 3.8945 4.11 3.89 1.0509 0.8640 0.0004 0.0006 8.0589 -0.0717 0.105477 -1.310479 12.13 
9.0880 2 1 1 0x0 4.1055 3.8945 4.11 3.89 0.7834 1.0276 0.0003 0.0007 8.0625 -0.0713 0.105477 -1.309952 12.13 
9.0920 2 1 1 0x0 4.1082 3.8918 4.11 3.89 0.7693 0.7449 0.0006 0.0006 8.0659 -0.0709 0.108181 -1.301387 12.13 
9.0960 2 1 1 0x0 4.1055 3.8945 4.11 3.89 0.9658 0.7219 0.0005 0.0007 8.0693 -0.0706 0.105477 -1.294167 12.13 
9.1000 2 1 1 0x0 4.1055 3.8945 4.11 3.89 0.7594 0.9137 0.0003 0.0003 8.0730 -0.0702 0.105477 -1.287830 12.13 
9.1040 2 1 1 0x0 4.1055 3.8945 4.11 3.89 0.8168 0.8927 0.0005 0.0005 8.0762 -0.0698 0.105477 -1.284018 12.13 
9.1081 2 1 1 0x0 4.1028 3.8972 4.10 3.90 0.9857 0.9258 0.0003 0.0006 8.0796 -0.0695 0.102772 -1.284683 12.13 
9.1121 2 1 1 0x0 4.1055 3.8945 4.11 3.89 1.0128 0.8249 0.0007 0.0005 8.0831 -0.0691 0.105477 -1.284229 12.14 
9.1161 2 1 1 0x0 4.1055 3.8945 4.11 3.89 0.7670 1.0207 0.0006 0.0003 8.0867 -0.0687 0.105477 -1.290487 12.13 
9.1201 2 1 1 0x0 4.1028 3.8972 4.10 3.90 1.0221 0.9882 0.0006 0.0007 8.0901 -0.0684 0.102772 -1.298708 12.13 
9.1241 2 1 1 0x0 4.1028 3.8972 4.10 3.90 0.9962 1.0486 0.0003 0.0003 8.0942 -0.0680 0.102772 -1.298159 12.14 
9.1281 2 1 1 0x0 4.1028 3.8972 4.10 3.90 0.8325 0.9425 0.0003 0.0005 8.0978 -0.0676 0.102772 -1.295739 12.14 
9.1321 2 1 1 0x0 4.1055 3.8945 4.11 3.89 1.1202 0.7849 0.0005 0.0003 8.1016 -0.0672 0.105477 -1.297210 12.13 
9.1361 2 1 1 0x0 4.1055 3.8945 4.11 3.89 0.8730 1.0483 0.0006 0.0005 8.1053 -0.0668 0.105477 -1.299800 12.14 
9.1401 2 1 1 0x0 4.1082 3.8918 4.11 3.89 1.0849 1.1092 0.0007 0.0003 8.1091 -0.0664 0.108181 -1.302819 12.13 
9.1441 2 1 1 0x0 4.1055 3.8945 4.11 3.89 0.9878 0.8293 0.0003 0.0004 8.1129 -0.0660 0.105477 -1.297748 12.13 
9.1481 2 1 1 0x0 4.1082 3.8918 4.11 3.89 0.8660 0.9835 0.0004 0.0004 8.1163 -0.0656 0.108181 -1.292372 12.13 
9.1521 2 1 1 0x0 4.1082 3.8918 4.11 3.89 0.9183 0.9592 0.0004 0.0006 8.1196 -0.0653 0.108181 -1.287052 12.11 
9.1561 2 1 1 0x0 4.1109 3.8891 4.11 3.89 0.9561 0.8962 0.0006 0.0004 8.1230 -0.0649 0.110886 -1.289226 12.12 
9.1601 2 1 1 0x0 4.1109 3.8891 4.11 3.89 0.8151 0.9903 0.0005 0.0003 8.1266 -0.0645 0.110886 -1.293418 12.12 
9.1641 2 1 1 0x0 4.1082 3.8918 4.11 3.89 0.9778 0.9615 0.0004 0.0006 8.1301 -0.0641 0.108181 -1.292053 12.13 
9.1681 2 1 1 0x0 4.1082 3.8918 4.11 3.89 0.7946 0.7442 0.0004 0.0005 8.1337 -0.0637 0.108181 -1.294289 12.13 
9.1721 2 1 1 0x0 4.1082 3.8918 4.11 3.89 1.0413 1.0582 0.0005 0.0005 8.1373 -0.0633 0.108181 -1.292561 12.13 
9.1761 2 1 1 0x0 4.1082 3.8918 4.11 3.89 0.8719 0.9321 0.0006 0.0005 8.1410 -0.0629 0.108181 -1.290987 12.13 
9.1801 2 1 1 0x0 4.1082 3.8918 4.11 3.89 1.0865 1.0089 0.0007 0.0005 8.1446 -0.0625 0.108181 -1.295642 12.13 
9.1841 2 1 1 0x0 4.1055 3.8945 4.11 3.89 0.9916 0.7968 0.0003 0.0005 8.1484 -0.0621 0.105477 -1.294446 12.13 
9.1881 2 1 1 0x0 4.1082 3.8918 4.11 3.89 0.9510 0.9660 0.0006 0.0005 8.1518 -0.0618 0.108181 -1.290174 12.13 
9.1921 2 1 1 0x0 4.1082 3.8918 4.11 3.89 0.8103 0.8949 0.0004 0.0006 8.1555 -0.0614 0.108181 -1.284868 12.12 
9.1961 2 1 1 0x0 4.1109 3.8891 4.11 3.89 0.8277 1.0583 0.0006 0.0006 8.1589 -0.0610 0.110886 -1.281582 12.12 
9.2001 2 1 1 0x0 4.1109 3.8891 4.11 3.89 1.0404 0.7677 0.0004 0.0006 8.1625 -0.0606 0.110886 -1.280934 12.12 
9.2041 2 1 1 0x0 4.1109 3.8891 4.11 3.89 0.7935 1.0132 0.0004 0.0006 8.1662 -0.0602 0.110886 -1.280678 12.13 
9.2081 2 1 1 0x0 4.1109 3.8891 4.11 3.89 0.9799 0.8582 0.0004 0.0006 8.1698 -0.0598 0.110886 -1.283982 12.12 
9.2121 2 1 1 0x0 4.1109 3.8891 4.11 3.89 0.8613 1.0380 0.0005 0.0006 8.1734 -0.0594 0.110886 -1.284521 12.12 
9.2161 2 1 1 0x0 4.1109 3.8891 4.11 3.89 1.0286 0.7411 0.0006 0.0006 8.1770 -0.0590 0.110886 -1.288978 12.13 
9.2201 2 1 1 0x0 4.1082 3.8918 4.11 3.89 1.0007 0.9927 0.0002 0.0006 8.1809 -0.0585 0.108181 -1.287596 12.13 
9.2241 2 1 1 0x0 4.1109 3.8891 4.11 3.89 0.9089 1.0515 0.0004 0.0002 8.1847 -0.0581 0.110886 -1.284646 12.13 
9.2281 2 1 1 0x0 4.1109 3.8891 4.11 3.89 1.0312 0.8143 0.0006 0.0003 8.1883 -0.0577 0.110886 -1.284907 12.13 
9.2321 2 1 1 0x0 4.1082 3.8918 4.11 3.89 0.8077 0.7511 0.0006 0.0006 8.1918 -0.0573 0.108181 -1.282563 12.12 
9.2361 2 1 1 0x0 4.1082 3.8918 4.11 3.89 0.9678 0.9816 0.0006 0.0004 8.1954 -0.0569 0.108181 -1.283109 12.12 
9.2401 2 1 1 0x0 4.1109 3.8891 4.11 3.89 0.8994 0.8784 0.0007 0.0002 8.1988 -0.0566 0.110886 -1.280464 12.12 
9.2441 2 1 1 0x0 4.1082 3.8918 4.11 3.89 0.8001 0.8511 0.0003 0.0006 8.2023 -0.0562 0.108181 -1.272921 12.12 
9.2481 2 1 1 0x0 4.1109 3.8891 4.11 3.89 0.8178 0.9808 0.0006 0.0005 8.2057 -0.0558 0.110886 -1.269102 12.12 
9.2521 2 1 1 0x0 4.1109 3.8891 4.11 3.89 0.9808 0.7713 0.0004 0.0004 8.2093 -0.0554 0.110886 -1.265442 12.12 
9.2561 2 1 1 0x0 4.1109 3.8891 4.11 3.89 0.7845 1.0100 0.0003 0.0003 8.2129 -0.0550 0.110886 -1.261817 12.13 
9.2601 2 1 1 0x0 4.1109 3.8891 4.11 3.89 0.9943 0.9119 0.0003 0.0003 8.2166 -0.0546 0.110886 -1.261195 12.13 
9.2641 2 1 1 0x0 4.1109 3.8891 4.11 3.89 0.9043 0.9695 0.0004 0.0002 8.2202 -0.0542 0.110886 -1.262031 12.13 
9.2681 2 1 1 0x0 4.1082 3.8918 4.11 3.89 1.0409 1.0020 0.0005 0.0006 8.2236 -0.0538 0.108181 -1.262803 12.13 
9.2721 2 1 1 0x0 4.1055 3.8945 4.11 3.89 1.0808 0.7588 0.0002 0.0006 8.2275 -0.0534 0.105477 -1.268626 12.12 
9.2761 2 1 1 0x0 4.1055 3.8945 4.11 3.89 0.9031 0.9641 0.0004 0.0005 8.2311 -0.0530 0.105477 -1.270454 12.13 
9.2801 2 1 1 0x0 4.1055 3.8945 4.11 3.89 1.0308 0.8963 0.0006 0.0004 8.2347 -0.0526 0.105477 -1.266838 12.13 
9.2841 2 1 1 0x0 4.1055 3.8945 4.11 3.89 0.7618 0.9275 0.0006 0.0003 8.2384 -0.0523 0.105477 -1.262327 12.13 
9.2881 2 1 1 0x0 4.1028 3.8972 4.10 3.90 0.9797 0.9620 0.0005 0.0006 8.2418 -0.0519 0.102772 -1.257667 12.13 
9.2921 2 1 1 0x0 4.1028 3.8972 4.10 3.90 0.8417 0.7801 0.0004 0.0004 8.2454 -0.0515 0.102772 -1.254424 12.13 
9.2961 2 1 1 0x0 4.1001 3.8999 4.10 3.90 0.9455 0.7211 0.0003 0.0007 8.2488 -0.0512 0.100068 -1.250606 12.12 
9.3001 2 1 1 0x0 4.1028 3.8972 4.10 3.90 1.0307 0.9664 0.0007 0.0005 8.2523 -0.0508 0.102772 -1.251507 12.12 
9.3041 2 1 1 0x0 4.1001 3.8999 4.10 3.90 1.0188 0.8923 0.0002 0.0004 8.2561 -0.0504 0.100068 -1.261585 12.14 
9.3081 2 1 1 0x0 4.1001 3.8999 4.10 3.90 0.8859 0.9929 0.0003 0.0004 8.2597 -0.0501 0.100068 -1.263983 12.13 
9.3121 2 1 1 0x0 4.1001 3.8999 4.10 3.90 0.9932 0.8057 0.0004 0.0003 8.2634 -0.0497 0.100068 -1.263061 12.13 
9.3161 2 1 1 0x0 4.1001 3.8999 4.10 3.90 0.7940 1.0203 0.0006 0.0002 8.2670 -0.0493 0.100068 -1.269701 12.13 
9.3201 2 1 1 0x0 4.0974 3.9026 4.10 3.90 0.9414 0.9044 0.0003 0.0002 8.2708 -0.0490 0.097363 -1.269399 12.13 
9.3241 2 1 1 0x0 4.0974 3.9026 4.10 3.90 0.9875 0.9759 0.0004 0.0003 8.2745 -0.0486 0.097363 -1.269439 12.13 
9.3281 2 1 1 0x0 4.0947 3.9053 4.09 3.91 0.7844 1.0099 0.0004 0.0006 8.2779 -0.0483 0.094659 -1.263695 12.13 
9.3321 2 1 1 0x0 4.0974 3.9026 4.10 3.90 0.7564 0.7515 0.0006 0.0004 8.2813 -0.0480 0.097363 -1.258917 12.12 
9.3361 2 1 1 0x0 4.0947 3.9053 4.09 3.91 0.9407 0.7304 0.0003 0.0007 8.2848 -0.0476 0.094659 -1.255476 12.12 
9.3401 2 1 1 0x0 4.0974 3.9026 4.10 3.90 1.0380 0.9521 0.0006 0.0005 8.2882 -0.0473 0.097363 -1.256695 12.12 
9.3441 2 1 1 0x0 4.0947 3.9053 4.09 3.91 1.0897 0.9037 0.0002 0.0004 8.2920 -0.0469 0.094659 -1.263753 12.11 
9.3481 2 1 1 0x0 4.0947 3.9053 4.09 3.91 0.8176 1.0499 0.0003 0.0003 8.2957 -0.0466 0.094659 -1.264798 12.13 
9.3521 2 1 1 0x0 4.0920 3.9080 4.09 3.91 1.0678 0.9497 0.0004 0.0007 8.2991 -0.0463 0.091954 -1.271289 12.13 
9.3562 2 1 1 0x0 4.0920 3.9080 4.09 3.91 0.8565 0.7516 0.0005 0.0006 8.3028 -0.0459 0.091954 -1.275038 12.13 
9.3602 2 1 1 0x0 4.0920 3.9080 4.09 3.91 1.0287 0.9759 0.0007 0.0006 8.3064 -0.0456 0.091954 -1.272505 12.13 
9.3642 2 1 1 0x0 4.0892 3.9108 4.09 3.91 1.0655 0.8862 0.0004 0.0006 8.3102 -0.0452 0.089250 -1.273230 12.13 
9.3682 2 1 1 0x0 4.0892 3.9108 4.09 3.91 0.8632 0.9971 0.0006 0.0006 8.3139 -0.0449 0.089250 -1.275909 12.13 
9.3722 2 1 1 0x0 4.0865 3.9135 4.09 3.91 0.7780 0.7611 0.0003 0.0006 8.3177 -0.0446 0.086545 -1.271910 12.13 
9.3762 2 1 1 0x0 4.0865 3.9135 4.09 3.91 1.0026 0.9616 0.0003 0.0005 8.3213 -0.0442 0.086545 -1.266088 12.13 
9.3802 2 1 1 0x0 4.0865 3.9135 4.09 3.91 0.8435 0.8962 0.0003 0.0004 8.3250 -0.0439 0.086545 -1.267350 12.13 
9.3842 2 1 1 0x0 4.0865 3.9135 4.09 3.91 1.0609 0.9893 0.0004 0.0003 8.3286 -0.0436 0.086545 -1.275310 12.14 
9.3882 2 1 1 0x0 4.0838 3.9162 4.08 3.92 0.8359 0.9599 0.0004 0.0007 8.3320 -0.0433 0.083841 -1.274860 12.13 
9.3922 2 1 1 0x0 4.0838 3.9162 4.08 3.92 1.0382 0.7840 0.0005 0.0006 8.3357 -0.0430 0.083841 -1.280448 12.13 
9.3962 2 1 1 0x0 4.0811 3.9189 4.08 3.92 1.0722 0.9873 0.0003 0.0005 8.3395 -0.0427 0.081136 -1.288916 12.12 
9.4002 2 1 1 0x0 4.0811 3.9189 4.08 3.92 0.7884 0.8767 0.0004 0.0005 8.3432 -0.0424 0.081136 -1.292642 12.13 
9.4042 2 1 1 0x0 4.0811 3.9189 4.08 3.92 1.0388 1.0115 0.0005 0.0005 8.3468 -0.0421 0.081136 -1.292226 12.13 
9.4082 2 1 1 0x0 4.0811 3.9189 4.08 3.92 0.8686 0.7939 0.0006 0.0005 8.3504 -0.0418 0.081136 -1.293588 12.13 
9.4122 2 1 1 0x0 4.0811 3.9189 4.08 3.92 0.9739 0.9720 0.0005 0.0004 8.3541 -0.0415 0.081136 -1.295800 12.12 
9.4162 2 1 1 0x0 4.0811 3.9189 4.08 3.92 0.9471 0.9479 0.0008 0.0006 8.3573 -0.0412 0.081136 -1.290146 12.12 
9.4202 2 1 1 0x0 4.0811 3.9189 4.08 3.92 0.7572 0.8515 0.0005 0.0003 8.3610 -0.0409 0.081136 -1.287911 12.12 
9.4242 2 1 1 0x0 4.0784 3.9216 4.08 3.92 0.9856 0.8226 0.0004 0.0005 8.3644 -0.0407 0.078431 -1.291340 12.14 
9.4282 2 1 1 0x0 4.0784 3.9216 4.08 3.92 0.8493 1.0247 0.0004 0.0003 8.3680 -0.0404 0.078431 -1.300349 12.12 
9.4322 2 1 1 0x0 4.0757 3.9243 4.08 3.92 0.9874 0.9950 0.0004 0.0006 8.3715 -0.0401 0.075727 -1.298680 12.12 
9.4362 2 1 1 0x0 4.0757 3.9243 4.08 3.92 0.7501 0.7247 0.0004 0.0004 8.3751 -0.0398 0.075727 -1.300657 12.13 
9.4402 2 1 1 0x0 4.0757 3.9243 4.08 3.92 1.0417 1.0261 0.0005 0.0003 8.3788 -0.0396 0.075727 -1.301218 12.12 
9.4442 2 1 1 0x0 4.0730 3.9270 4.07 3.93 1.0779 0.8985 0.0002 0.0003 8.3826 -0.0393 0.073022 -1.297200 12.13 
9.4482 2 1 1 0x0 4.0730 3.9270 4.07 3.93 0.8313 1.0558 0.0003 0.0003 8.3862 -0.0390 0.073022 -1.294142 12.13 
9.4522 2 1 1 0x0 4.0703 3.9297 4.07 3.93 1.0368 1.0209 0.0005 0.0007 8.3897 -0.0388 0.070318 -1.297296 12.12 
9.4562 2 1 1 0x0 4.0676 3.9324 4.07 3.93 1.0646 0.7475 0.0003 0.0006 8.3935 -0.0385 0.067613 -1.296872 12.12 
9.4602 2 1 1 0x0 4.0676 3.9324 4.07 3.93 0.7964 0.9853 0.0004 0.0004 8.3972 -0.0382 0.067613 -1.291728 12.13 
9.4642 2 1 1 0x0 4.0676 3.9324 4.07 3.93 1.0304 0.8749 0.0005 0.0003 8.4008 -0.0380 0.067613 -1.287319 12.13 
9.4682 2 1 1 0x0 4.0649 3.9351 4.06 3.94 0.8730 0.8991 0.0005 0.0006 8.4043 -0.0378 0.064909 -1.287881 12.13 
9.4722 2 1 1 0x0 4.0649 3.9351 4.06 3.94 1.0907 0.9862 0.0006 0.0006 8.4079 -0.0375 0.064909 -1.293732 12.13 
9.4762 2 1 1 0x0 4.0622 3.9378 4.06 3.94 1.0617 0.7672 0.0002 0.0005 8.4117 -0.0373 0.062204 -1.301157 12.12 
9.4802 2 1 1 0x0 4.0622 3.9378 4.06 3.94 0.8610 1.0160 0.0004 0.0004 8.4154 -0.0371 0.062204 -1.300970 12.12 
9.4842 2 1 1 0x0 4.0622 3.9378 4.06 3.94 1.0249 0.9085 0.0005 0.0005 8.4190 -0.0368 0.062204 -1.298493 12.12 
9.4882 2 1 1 0x0 4.0595 3.9405 4.06 3.94 0.8160 1.0398 0.0006 0.0005 8.4229 -0.0366 0.059500 -1.298754 12.13 
9.4922 2 1 1 0x0 4.0595 3.9405 4.06 3.94 0.9713 0.7780 0.0003 0.0005 8.4265 -0.0364 0.059500 -1.300974 12.13 
9.4962 2 1 1 0x0 4.0595 3.9405 4.06 3.94 1.0992 1.0674 0.0005 0.0005 8.4302 -0.0362 0.059500 -1.297343 12.13 
9.5002 2 1 1 0x0 4.0595 3.9405 4.06 3.94 1.0580 0.9255 0.0002 0.0006 8.4342 -0.0359 0.059500 -1.296850 12.13 
9.5042 2 1 1 0x0 4.0568 3.9432 4.06 3.94 0.9241 1.0183 0.0004 0.0006 8.4377 -0.0357 0.056795 -1.299204 12.13 
9.5082 2 1 1 0x0 4.0595 3.9405 4.06 3.94 1.0796 0.7895 0.0006 0.0007 8.4415 -0.0355 0.059500 -1.305292 12.13 
9.5122 2 1 1 0x0 4.0568 3.9432 4.06 3.94 1.0584 0.9125 0.0002 0.0002 8.4453 -0.0353 0.056795 -1.301613 12.13 
9.5162 2 1 1 0x0 4.0595 3.9405 4.06 3.94 1.0778 1.0337 0.0006 0.0003 8.4488 -0.0351 0.059500 -1.301055 12.13 
9.5202 2 1 1 0x0 4.0595 3.9405 4.06 3.94 0.8878 0.7821 0.0006 0.0004 8.4524 -0.0349 0.059500 -1.305764 12.13 
9.5242 2 1 1 0x0 4.0595 3.9405 4.06 3.94 1.0097 0.9882 0.0006 0.0004 8.4561 -0.0346 0.059500 -1.299673 12.13 
9.5282 2 1 1 0x0 4.0595 3.9405 4.06 3.94 0.8144 0.8756 0.0006 0.0004 8.4597 -0.0344 0.059500 -1.301233 12.12 
9.5322 2 1 1 0x0 4.0568 3.9432 4.06 3.94 1.0115 0.8013 0.0006 0.0006 8.4632 -0.0342 0.056795 -1.308754 12.13 
9.5362 2 1 1 0x0 4.0541 3.9459 4.05 3.95 1.0522 0.9893 0.0002 0.0005 8.4670 -0.0340 0.054091 -1.303842 12.13 
9.5402 2 1 1 0x0 4.0541 3.9459 4.05 3.95 0.8445 0.7271 0.0003 0.0003 8.4707 -0.0338 0.054091 -1.307082 12.13 
9.5442 2 1 1 0x0 4.0541 3.9459 4.05 3.95 1.0250 1.0217 0.0004 0.0002 8.4743 -0.0336 0.054091 -1.308593 12.13 
9.5482 2 1 1 0x0 4.0514 3.9486 4.05 3.95 0.8345 0.9905 0.0005 0.0006 8.4778 -0.0334 0.051386 -1.308352 12.13 
9.5522 2 1 1 0x0 4.0514 3.9486 4.05 3.95 1.0695 0.8729 0.0006 0.0006 8.4814 -0.0333 0.051386 -1.316323 12.13 
9.5562 2 1 1 0x0 4.0514 3.9486 4.05 3.95 0.7813 1.0188 0.0007 0.0006 8.4850 -0.0331 0.051386 -1.321199 12.14 
9.5602 2 1 1 0x0 4.0514 3.9486 4.05 3.95 1.0004 0.7899 0.0006 0.0005 8.4887 -0.0329 0.051386 -1.322063 12.13 
9.5642 2 1 1 0x0 4.0514 3.9486 4.05 3.95 0.8346 0.9232 0.0005 0.0003 8.4923 -0.0327 0.051386 -1.318888 12.13 
9.5682 2 1 1 0x0 4.0487 3.9513 4.05 3.95 0.9528 0.9587 0.0004 0.0006 8.4958 -0.0325 0.048681 -1.316427 12.13 
9.5722 2 1 1 0x0 4.0487 3.9513 4.05 3.95 0.8080 0.7993 0.0004 0.0004 8.4994 -0.0324 0.048681 -1.319225 12.13 
9.5762 2 1 1 0x0 4.0487 3.9513 4.05 3.95 1.0215 0.9920 0.0004 0.0003 8.5031 -0.0322 0.048681 -1.322182 12.12 
9.5802 2 1 1 0x0 4.0460 3.9540 4.05 3.95 0.8330 1.0296 0.0005 0.0006 8.5065 -0.0320 0.045977 -1.322339 12.13 
9.5842 2 1 1 0x0 4.0460 3.9540 4.05 3.95 1.0000 0.7810 0.0006 0.0005 8.5102 -0.0318 0.045977 -1.325681 12.13 
9.5882 2 1 1 0x0 4.0460 3.9540 4.05 3.95 0.7834 0.9346 0.0006 0.0003 8.5138 -0.0317 0.045977 -1.321293 12.13 
9.5922 2 1 1 0x0 4.0406 3.9594 4.04 3.96 1.0566 0.9150 0.0007 0.0005 8.5175 -0.0315 0.040568 -1.318058 12.13 
9.5962 2 1 1 0x0 4.0379 3.9621 4.04 3.96 1.0339 0.9534 0.0003 0.0006 8.5209 -0.0314 0.037863 -1.315257 12.12 
9.6002 2 1 1 0x0 4.0406 3.9594 4.04 3.96 0.9860 0.8990 0.0006 0.0004 8.5244 -0.0312 0.040568 -1.311154 12.12 
9.6043 2 1 1 0x0 4.0379 3.9621 4.04 3.96 0.7763 0.8670 0.0005 0.0006 8.5278 -0.0311 0.037863 -1.308909 12.12 
9.6083 2 1 1 0x0 4.0379 3.9621 4.04 3.96 0.9540 0.9657 0.0003 0.0004 8.5315 -0.0310 0.037863 -1.306129 12.13 
9.6123 2 1 1 0x0 4.0352 3.9648 4.04 3.96 0.8262 1.0038 0.0003 0.0007 8.5349 -0.0308 0.035159 -1.304531 12.12 
9.6163 2 1 1 0x0 4.0352 3.9648 4.04 3.96 1.0239 0.7186 0.0003 0.0005 8.5385 -0.0307 0.035159 -1.303542 12.13 
9.6203 2 1 1 0x0 4.0352 3.9648 4.04 3.96 0.8099 1.0409 0.0003 0.0004 8.5422 -0.0306 0.035159 -1.302269 12.12 
9.6243 2 1 1 0x0 4.0352 3.9648 4.04 3.96 1.0129 0.9425 0.0004 0.0004 8.5458 -0.0304 0.035159 -1.303997 12.13 
9.6283 2 1 1 0x0 4.0352 3.9648 4.04 3.96 0.9496 1.0016 0.0005 0.0004 8.5495 -0.0303 0.035159 -1.300680 12.13 
9.6323 2 1 1 0x0 4.0352 3.9648 4.04 3.96 1.0562 0.7567 0.0006 0.0003 8.5531 -0.0302 0.035159 -1.300325 12.13 
9.6363 2 1 1 0x0 4.0325 3.9675 4.03 3.97 0.7894 0.7351 0.0006 0.0006 8.5566 -0.0301 0.032454 -1.297234 12.13 
9.6403 2 1 1 0x0 4.0325 3.9675 4.03 3.97 0.9352 0.9478 0.0004 0.0004 8.5602 -0.0300 0.032454 -1.294281 12.13 
9.6443 2 1 1 0x0 4.0297 3.9703 4.03 3.97 0.8774 0.9257 0.0003 0.0006 8.5637 -0.0299 0.029750 -1.289798 12.12 
9.6483 2 1 1 0x0 4.0297 3.9703 4.03 3.97 1.0265 0.8208 0.0002 0.0003 8.5673 -0.0297 0.029750 -1.286307 12.12 
9.6523 2 1 1 0x0 4.0297 3.9703 4.03 3.97 1.0475 0.8396 0.0006 0.0005 8.5706 -0.0297 0.029750 -1.285790 12.13 
9.6563 2 1 1 0x0 4.0297 3.9703 4.03 3.97 0.7921 0.9992 0.0006 0.0003 8.5742 -0.0295 0.029750 -1.285826 12.13 
9.6603 2 1 1 0x0 4.0270 3.9730 4.03 3.97 0.9763 1.0379 0.0006 0.0006 8.5777 -0.0295 0.027045 -1.287696 12.12 
9.6643 2 1 1 0x0 4.0243 3.9757 4.02 3.98 1.0177 0.7771 0.0002 0.0005 8.5815 -0.0294 0.024341 -1.296250 12.13 
9.6683 2 1 1 0x0 4.0243 3.9757 4.02 3.98 0.7751 0.9973 0.0003 0.0005 8.5852 -0.0293 0.024341 -1.296628 12.13 
9.6723 2 1 1 0x0 4.0243 3.9757 4.02 3.98 1.0683 0.8690 0.0004 0.0005 8.5888 -0.0292 0.024341 -1.298458 12.13 
9.6763 2 1 1 0x0 4.0243 3.9757 4.02 3.98 0.9099 1.0229 0.0005 0.0005 8.5925 -0.0291 0.024341 -1.298430 12.13 
9.6803 2 1 1 0x0 4.0243 3.9757 4.02 3.98 1.0302 0.7108 0.0007 0.0004 8.5961 -0.0290 0.024341 -1.291325 12.13 
9.6843 2 1 1 0x0 4.0216 3.9784 4.02 3.98 0.7558 0.6873 0.0006 0.0003 8.5996 -0.0289 0.021636 -1.285536 12.12 
9.6883 2 1 1 0x0 4.0162 3.9838 4.02 3.98 1.0017 0.8957 0.0004 0.0008 8.6028 -0.0289 0.016227 -1.282480 12.12 
9.6923 2 1 1 0x0 4.0189 3.9811 4.02 3.98 0.9678 0.7079 0.0007 0.0004 8.6063 -0.0288 0.018932 -1.279865 12.13 
9.6963 2 1 1 0x0 4.0162 3.9838 4.02 3.98 0.8558 0.7200 0.0006 0.0005 8.6097 -0.0287 0.016227 -1.276481 12.12 
9.7003 2 1 1 0x0 4.0162 3.9838 4.02 3.98 0.9851 0.9719 0.0005 0.0002 8.6134 -0.0287 0.016227 -1.277637 12.13 
9.7043 2 1 1 0x0 4.0135 3.9865 4.01 3.99 0.7865 1.0080 0.0005 0.0006 8.6168 -0.0286 0.013522 -1.276976 12.13 
9.7083 2 1 1 0x0 4.0162 3.9838 4.02 3.98 0.9896 0.9973 0.0005 0.0002 8.6207 -0.0286 0.016227 -1.277545 12.13 
9.7123 2 1 1 0x0 4.0162 3.9838 4.02 3.98 0.9093 0.8051 0.0006 0.0003 8.6243 -0.0285 0.016227 -1.281013 12.12 
9.7163 2 1 1 0x0 4.0162 3.9838 4.02 3.98 1.0370 1.0200 0.0006 0.0004 8.6280 -0.0285 0.016227 -1.280233 12.13 
9.7203 2 1 1 0x0 4.0135 3.9865 4.01 3.99 1.0821 0.9070 0.0003 0.0005 8.6318 -0.0284 0.013522 -1.276787 12.13 
9.7243 2 1 1 0x0 4.0135 3.9865 4.01 3.99 0.8431 0.9736 0.0004 0.0006 8.6355 -0.0284 0.013522 -1.270068 12.13 
9.7283 2 1 1 0x0 4.0135 3.9865 4.01 3.99 0.9983 0.7732 0.0004 0.0004 8.6391 -0.0283 0.013522 -1.266839 12.12 
9.7323 2 1 1 0x0 4.0108 3.9892 4.01 3.99 0.7742 0.7140 0.0003 0.0006 8.6426 -0.0283 0.010818 -1.267751 12.12 
9.7363 2 1 1 0x0 4.0108 3.9892 4.01 3.99 1.0127 0.9836 0.0002 0.0004 8.6462 -0.0282 0.010818 -1.263638 12.12 
9.7403 2 1 1 0x0 4.0108 3.9892 4.01 3.99 0.8857 0.8774 0.0003 0.0003 8.6499 -0.0282 0.010818 -1.271355 12.13 
9.7443 2 1 1 0x0 4.0108 3.9892 4.01 3.99 1.0023 1.0115 0.0003 0.0003 8.6535 -0.0281 0.010818 -1.278429 12.13 
9.7483 2 1 1 0x0 4.0108 3.9892 4.01 3.99 0.8261 0.7945 0.0004 0.0003 8.6572 -0.0281 0.010818 -1.280344 12.12 
9.7523 2 1 1 0x0 4.0108 3.9892 4.01 3.99 1.0519 1.0390 0.0005 0.0003 8.6608 -0.0281 0.010818 -1.278747 12.14 
9.7563 2 1 1 0x0 4.0081 3.9919 4.01 3.99 0.9223 1.0061 0.0006 0.0006 8.6643 -0.0280 0.008113 -1.276528 12.13 
9.7603 2 1 1 0x0 4.0081 3.9919 4.01 3.99 1.0321 0.8096 0.0006 0.0004 8.6679 -0.0280 0.008113 -1.272209 12.13 
9.7643 2 1 1 0x0 4.0054 3.9946 4.01 3.99 0.7435 0.7818 0.0003 0.0005 8.6714 -0.0280 0.005409 -1.268740 12.13 
9.7683 2 1 1 0x0 4.0081 3.9919 4.01 3.99 0.7610 0.9574 0.0005 0.0003 8.6748 -0.0280 0.008113 -1.266790 12.12 
9.7723 2 1 1 0x0 4.0054 3.9946 4.01 3.99 0.9783 0.9945 0.0004 0.0006 8.6783 -0.0279 0.005409 -1.271622 12.12 
9.7763 2 1 1 0x0 4.0054 3.9946 4.01 3.99 0.8491 0.7613 0.0002 0.0004 8.6819 -0.0279 0.005409 -1.267698 12.12 
9.7803 2 1 1 0x0 4.0081 3.9919 4.01 3.99 0.8366 1.0274 0.0006 0.0003 8.6854 -0.0279 0.008113 -1.270270 12.13 
9.7843 2 1 1 0x0 4.0081 3.9919 4.01 3.99 1.0093 0.8457 0.0006 0.0003 8.6890 -0.0279 0.008113 -1.270522 12.13 
9.7883 2 1 1 0x0 4.0054 3.9946 4.01 3.99 0.7770 0.8208 0.0006 0.0006 8.6925 -0.0278 0.005409 -1.266438 12.13 
9.7923 2 1 1 0x0 4.0054 3.9946 4.01 3.99 0.9991 0.9635 0.0006 0.0004 8.6961 -0.0278 0.005409 -1.265501 12.12 
9.7963 2 1 1 0x0 4.0000 4.0000 4.00 4.00 1.0400 0.9383 0.0003 0.0006 8.6998 -0.0278 -0.000000 -1.265950 12.13 
9.8003 2 1 1 0x0 4.0000 4.0000 4.00 4.00 0.8035 0.7986 0.0003 0.0004 8.7034 -0.0278 -0.000000 -1.270665 12.13 
9.8043 2 1 1 0x0 4.0000 4.0000 4.00 4.00 0.7486 0.9688 0.0007 0.0002 8.7071 -0.0278 -0.000000 -1.267554 12.13 
9.8083 2 1 1 0x0 4.0000 4.0000 4.00 4.00 1.0013 0.9430 0.0005 0.0005 8.7103 -0.0278 -0.000000 -1.263327 12.12 
9.8123 2 1 1 0x0 4.0000 4.0000 4.00 4.00 0.8318 0.8563 0.0004 0.0003 8.7140 -0.0278 -0.000000 -1.258691 12.13 
9.8163 2 1 1 0x0 3.9973 4.0027 4.00 4.00 1.0180 0.8291 0.0003 0.0005 8.7174 -0.0278 -0.002705 -1.258318 12.12 
9.8203 2 1 1 0x0 3.9973 4.0027 4.00 4.00 0.8105 1.0126 0.0003 0.0004 8.7211 -0.0278 -0.002705 -1.259356 12.13 
9.8243 2 1 1 0x0 3.9973 4.0027 4.00 4.00 1.0168 0.7931 0.0003 0.0004 8.7247 -0.0278 -0.002705 -1.257987 12.13 
9.8283 2 1 1 0x0 3.9973 4.0027 4.00 4.00 0.8884 0.9734 0.0004 0.0003 8.7284 -0.0278 -0.002705 -1.256807 12.13 
9.8323 2 1 1 0x0 3.9973 4.0027 4.00 4.00 0.9940 0.8887 0.0005 0.0004 8.7320 -0.0279 -0.002705 -1.260788 12.13 
9.8363 2 1 1 0x0 3.9973 4.0027 4.00 4.00 0.8366 0.9951 0.0006 0.0004 8.7357 -0.0279 -0.002705 -1.257070 12.13 
9.8403 2 1 1 0x0 3.9946 4.0054 3.99 4.01 0.9347 0.8044 0.0002 0.0003 8.7395 -0.0279 -0.005409 -1.254866 12.12 
9.8443 2 1 1 0x0 3.9919 4.0081 3.99 4.01 0.9977 0.7440 0.0004 0.0007 8.7430 -0.0279 -0.008114 -1.255004 12.13 
9.8483 2 1 1 0x0 3.9919 4.0081 3.99 4.01 0.7897 0.9302 0.0005 0.0005 8.7466 -0.0279 -0.008114 -1.252485 12.13 
9.8524 2 1 1 0x0 3.9919 4.0081 3.99 4.01 1.0325 0.8235 0.0006 0.0004 8.7503 -0.0280 -0.008114 -1.249078 12.13 
9.8564 2 1 1 0x0 3.9892 4.0108 3.99 4.01 0.9983 1.0205 0.0003 0.0003 8.7541 -0.0280 -0.010818 -1.246404 12.12 
9.8604 2 1 1 0x0 3.9865 4.0135 3.99 4.01 0.7786 0.9898 0.0003 0.0006 8.7576 -0.0280 -0.013523 -1.244950 12.12 
9.8644 2 1 1 0x0 3.9892 4.0108 3.99 4.01 0.7290 0.7280 0.0006 0.0005 8.7610 -0.0281 -0.010818 -1.239527 12.13 
9.8684 2 1 1 0x0 3.9892 4.0108 3.99 4.01 1.0318 1.0208 0.0005 0.0004 8.7647 -0.0281 -0.010818 -1.237606 12.13 
9.8724 2 1 1 0x0 3.9892 4.0108 3.99 4.01 0.8687 0.8526 0.0005 0.0003 8.7683 -0.0282 -0.010818 -1.234579 12.13 
9.8764 2 1 1 0x0 3.9892 4.0108 3.99 4.01 1.0292 0.9799 0.0005 0.0003 8.7720 -0.0282 -0.010818 -1.231685 12.13 
9.8804 2 1 1 0x0 3.9865 4.0135 3.99 4.01 0.8040 1.0128 0.0005 0.0007 8.7754 -0.0283 -0.013523 -1.232530 12.13 
9.8844 2 1 1 0x0 3.9892 4.0108 3.99 4.01 1.0261 1.0033 0.0005 0.0003 8.7793 -0.0283 -0.010818 -1.232005 12.12 
9.8884 2 1 1 0x0 3.9892 4.0108 3.99 4.01 0.9359 0.8658 0.0006 0.0003 8.7829 -0.0283 -0.010818 -1.231428 12.13 
9.8924 2 1 1 0x0 3.9892 4.0108 3.99 4.01 1.0787 1.0255 0.0006 0.0004 8.7866 -0.0284 -0.010818 -1.228017 12.13 
9.8964 2 1 1 0x0 3.9865 4.0135 3.99 4.01 0.9819 0.7468 0.0003 0.0003 8.7904 -0.0284 -0.013523 -1.225884 12.13 
9.9004 2 1 1 0x0 3.9865 4.0135 3.99 4.01 0.8639 0.9831 0.0003 0.0003 8.7941 -0.0285 -0.013523 -1.224267 12.13 
9.9044 2 1 1 0x0 3.9865 4.0135 3.99 4.01 1.0246 0.8794 0.0005 0.0003 8.7977 -0.0285 -0.013523 -1.222948 12.13 
9.9084 2 1 1 0x0 3.9865 4.0135 3.99 4.01 0.8151 1.0073 0.0005 0.0003 8.8014 -0.0286 -0.013523 -1.228490 12.13 
9.9124 2 1 1 0x0 3.9865 4.0135 3.99 4.01 1.0722 0.7570 0.0006 0.0003 8.8050 -0.0286 -0.013523 -1.229920 12.14 
9.9164 2 1 1 0x0 3.9838 4.0162 3.98 4.02 0.9717 0.9679 0.0003 0.0003 8.8089 -0.0287 -0.016227 -1.228933 12.13 
9.9204 2 1 1 0x0 3.9838 4.0162 3.98 4.02 1.0606 1.0018 0.0007 0.0007 8.8121 -0.0288 -0.016227 -1.228029 12.13 
9.9244 2 1 1 0x0 3.9865 4.0135 3.99 4.01 0.7785 0.9938 0.0006 0.0002 8.8160 -0.0288 -0.013523 -1.224309 12.13 
9.9284 2 1 1 0x0 3.9838 4.0162 3.98 4.02 1.0163 1.0282 0.0005 0.0007 8.8194 -0.0289 -0.016227 -1.225515 12.13 
9.9324 2 1 1 0x0 3.9838 4.0162 3.98 4.02 0.8264 0.7842 0.0004 0.0006 8.8231 -0.0289 -0.016227 -1.222576 12.13 
9.9364 2 1 1 0x0 3.9838 4.0162 3.98 4.02 1.0226 0.9869 0.0004 0.0006 8.8267 -0.0290 -0.016227 -1.218820 12.13 
9.9404 2 1 1 0x0 3.9838 4.0162 3.98 4.02 0.7619 0.9336 0.0003 0.0006 8.8304 -0.0290 -0.016227 -1.218520 12.13 
9.9444 2 1 1 0x0 3.9838 4.0162 3.98 4.02 0.9619 1.0092 0.0003 0.0007 8.8340 -0.0291 -0.016227 -1.219361 12.13 
9.9484 2 1 1 0x0 3.9865 4.0135 3.99 4.01 0.8726 0.9994 0.0004 0.0003 8.8379 -0.0291 -0.013523 -1.223310 12.13 
9.9524 2 1 1 0x0 3.9865 4.0135 3.99 4.01 1.0920 0.9238 0.0004 0.0004 8.8415 -0.0292 -0.013523 -1.232281 12.13 
9.9564 2 1 1 0x0 3.9865 4.0135 3.99 4.01 0.8161 0.9531 0.0005 0.0005 8.8452 -0.0292 -0.013523 -1.232858 12.12 
9.9604 2 1 1 0x0 3.9865 4.0135 3.99 4.01 1.0028 0.7118 0.0005 0.0003 8.8488 -0.0293 -0.013523 -1.229626 12.13 
9.9644 2 1 1 0x0 3.9811 4.0189 3.98 4.02 1.0400 0.7245 0.0002 0.0004 8.8525 -0.0294 -0.018932 -1.228547 12.13 
9.9684 2 1 1 0x0 3.9811 4.0189 3.98 4.02 0.9828 0.7379 0.0007 0.0006 8.8557 -0.0294 -0.018932 -1.224865 12.13 
9.9724 2 1 1 0x0 3.9784 4.0216 3.98 4.02 0.9681 1.0071 0.0002 0.0004 8.8596 -0.0295 -0.021637 -1.220112 12.13 
9.9764 2 1 1 0x0 3.9784 4.0216 3.98 4.02 0.9939 0.9802 0.0006 0.0006 8.8628 -0.0296 -0.021637 -1.216861 12.12 
9.9804 2 1 1 0x0 3.9784 4.0216 3.98 4.02 0.8847 0.8315 0.0004 0.0006 8.8665 -0.0296 -0.021637 -1.214126 12.12 
9.9844 2 1 1 0x0 3.9784 4.0216 3.98 4.02 0.9558 1.0105 0.0003 0.0005 8.8701 -0.0297 -0.021637 -1.212950 12.13 
9.9884 2 1 1 0x0 3.9784 4.0216 3.98 4.02 0.8015 0.7951 0.0003 0.0005 8.8738 -0.0298 -0.021637 -1.221171 12.12 
9.9924 2 1 1 0x0 3.9784 4.0216 3.98 4.02 1.0404 0.9696 0.0002 0.0005 8.8774 -0.0299 -0.021637 -1.222961 12.13 
9.9964 2 1 1 0x0 3.9838 4.0162 3.98 4.02 0.9902 1.0266 0.0006 0.0002 8.8811 -0.0299 -0.016227 -1.219744 12.13 
10.0004 2 1 1 0x0 3.9838 4.0162 3.98 4.02 0.9601 0.7872 0.0006 0.0003 8.8847 -0.0300 -0.016227 -1.218402 12.13 
10.0044 2 1 1 0x0 3.9838 4.0162 3.98 4.02 1.0530 0.9793 0.0007 0.0003 8.8884 -0.0301 -0.016227 -1.218308 12.13 
10.0084 2 1 1 0x0 3.9811 4.0189 3.98 4.02 1.0331 0.8844 0.0003 0.0004 8.8922 -0.0301 -0.018932 -1.217557 12.12 
10.0124 2 1 1 0x0 3.9811 4.0189 3.98 4.02 0.8752 1.0001 0.0003 0.0005 8.8959 -0.0302 -0.018932 -1.221219 12.13 
10.0164 2 1 1 0x0 3.9811 4.0189 3.98 4.02 0.9621 0.7229 0.0003 0.0005 8.8995 -0.0303 -0.018932 -1.219964 12.12 
10.0204 2 1 1 0x0 3.9838 4.0162 3.98 4.02 0.9974 1.0247 0.0006 0.0005 8.9030 -0.0303 -0.016227 -1.217988 12.12 
10.0244 2 1 1 0x0 3.9838 4.0162 3.98 4.02 0.7665 0.9023 0.0004 0.0006 8.9066 -0.0304 -0.016227 -1.219536 12.12 
10.0284 2 1 1 0x0 3.9892 4.0108 3.99 4.01 0.7474 1.0471 0.0006 0.0007 8.9103 -0.0304 -0.010818 -1.222555 12.12 
10.0324 2 1 1 0x0 3.9892 4.0108 3.99 4.01 1.0023 0.9702 0.0005 0.0002 8.9139 -0.0305 -0.010818 -1.218170 12.13 
10.0364 2 1 1 0x0 3.9865 4.0135 3.99 4.01 0.8321 1.0057 0.0004 0.0005 8.9174 -0.0305 -0.013523 -1.219100 12.12 
10.0404 2 1 1 0x0 3.9865 4.0135 3.99 4.01 1.0885 0.9134 0.0004 0.0005 8.9210 -0.0306 -0.013523 -1.221168 12.12 
10.0444 2 1 1 0x0 3.9865 4.0135 3.99 4.01 0.7694 1.0345 0.0004 0.0004 8.9247 -0.0306 -0.013523 -1.219729 12.13 
10.0484 2 1 1 0x0 3.9865 4.0135 3.99 4.01 1.0122 0.7807 0.0004 0.0004 8.9283 -0.0307 -0.013523 -1.226135 12.13 
10.0524 2 1 1 0x0 3.9865 4.0135 3.99 4.01 0.8897 0.9924 0.0005 0.0003 8.9320 -0.0307 -0.013523 -1.229703 12.13 
10.0564 2 1 1 0x0 3.9865 4.0135 3.99 4.01 0.9964 0.9277 0.0006 0.0004 8.9356 -0.0308 -0.013523 -1.226860 12.12 
10.0604 2 1 1 0x0 3.9865 4.0135 3.99 4.01 0.7457 1.0921 0.0006 0.0004 8.9393 -0.0308 -0.013523 -1.227625 12.12 
10.0644 2 1 1 0x0 3.9865 4.0135 3.99 4.01 0.9934 0.7903 0.0006 0.0004 8.9429 -0.0309 -0.013523 -1.230178 12.13 
10.0684 2 1 1 0x0 3.9865 4.0135 3.99 4.01 0.8456 1.0462 0.0006 0.0004 8.9466 -0.0309 -0.013523 -1.227722 12.13 
10.0724 2 1 1 0x0 3.9865 4.0135 3.99 4.01 1.0674 0.8862 0.0006 0.0004 8.9502 -0.0310 -0.013523 -1.227885 12.12 
10.0764 2 1 1 0x0 3.9865 4.0135 3.99 4.01 0.8249 1.0719 0.0006 0.0004 8.9539 -0.0310 -0.013523 -1.227417 12.12 
10.0804 2 1 1 0x0 3.9865 4.0135 3.99 4.01 0.9978 0.8033 0.0006 0.0005 8.9576 -0.0311 -0.013523 -1.229601 12.12 
10.0844 2 1 1 0x0 3.9838 4.0162 3.98 4.02 1.0382 1.0229 0.0003 0.0005 8.9614 -0.0311 -0.016227 -1.232549 12.13 
10.0884 2 1 1 0x0 3.9865 4.0135 3.99 4.01 0.9844 0.9030 0.0007 0.0006 8.9649 -0.0312 -0.013523 -1.232262 12.13 
10.0924 2 1 1 0x0 3.9865 4.0135 3.99 4.01 0.7845 1.0482 0.0006 0.0007 8.9685 -0.0312 -0.013523 -1.232713 12.13 
10.0964 2 1 1 0x0 3.9892 4.0108 3.99 4.01 0.9466 0.9719 0.0005 0.0002 8.9724 -0.0313 -0.010818 -1.229328 12.13 
10.1005 2 1 1 0x0 3.9892 4.0108 3.99 4.01 0.8635 0.8888 0.0002 0.0002 8.9760 -0.0313 -0.010818 -1.226717 12.13 
10.1045 2 1 1 0x0 3.9919 4.0081 3.99 4.01 0.8911 0.9963 0.0005 0.0003 8.9795 -0.0314 -0.008114 -1.227472 12.13 
10.1085 2 1 1 0x0 3.9919 4.0081 3.99 4.01 0.9483 0.7632 0.0004 0.0003 8.9831 -0.0314 -0.008114 -1.231371 12.13 
10.1125 2 1 1 0x0 3.9919 4.0081 3.99 4.01 0.8071 1.0210 0.0004 0.0003 8.9868 -0.0314 -0.008114 -1.239295 12.13 
10.1165 2 1 1 0x0 3.9919 4.0081 3.99 4.01 0.9621 0.9045 0.0003 0.0004 8.9904 -0.0315 -0.008114 -1.241518 12.14 
10.1205 2 1 1 0x0 3.9919 4.0081 3.99 4.01 0.9251 1.0448 0.0003 0.0005 8.9941 -0.0315 -0.008114 -1.244972 12.13 
10.1245 2 1 1 0x0 3.9919 4.0081 3.99 4.01 1.0247 0.7743 0.0004 0.0005 8.9977 -0.0315 -0.008114 -1.241931 12.13 
10.1285 2 1 1 0x0 3.9919 4.0081 3.99 4.01 0.7605 1.0052 0.0003 0.0004 9.0014 -0.0315 -0.008114 -1.239330 12.13 
10.1325 2 1 1 0x0 3.9946 4.0054 3.99 4.01 0.7820 0.8599 0.0006 0.0003 9.0048 -0.0316 -0.005409 -1.234994 12.13 
10.1365 2 1 1 0x0 3.9946 4.0054 3.99 4.01 0.9584 1.0380 0.0003 0.0002 9.0085 -0.0316 -0.005409 -1.232223 12.12 
10.1405 2 1 1 0x0 3.9946 4.0054 3.99 4.01 0.9936 1.0047 0.0006 0.0006 9.0117 -0.0316 -0.005409 -1.231464 12.12 
10.1445 2 1 1 0x0 3.9946 4.0054 3.99 4.01 0.8872 0.7982 0.0005 0.0006 9.0154 -0.0316 -0.005409 -1.231954 12.13 
10.1485 2 1 1 0x0 3.9946 4.0054 3.99 4.01 1.0128 1.0333 0.0004 0.0006 9.0190 -0.0316 -0.005409 -1.232306 12.13 
10.1525 2 1 1 0x0 3.9973 4.0027 4.00 4.00 0.8084 1.0237 0.0004 0.0002 9.0229 -0.0317 -0.002705 -1.237821 12.13 
10.1565 2 1 1 0x0 3.9946 4.0054 3.99 4.01 1.0259 1.0593 0.0003 0.0007 9.0263 -0.0317 -0.005409 -1.238351 12.13 
10.1605 2 1 1 0x0 3.9973 4.0027 4.00 4.00 0.9288 0.9792 0.0004 0.0003 9.0302 -0.0317 -0.002705 -1.237445 12.13 
10.1645 2 1 1 0x0 3.9973 4.0027 4.00 4.00 1.0121 0.8851 0.0004 0.0004 9.0338 -0.0317 -0.002705 -1.241092 12.13 
10.1685 2 1 1 0x0 3.9973 4.0027 4.00 4.00 0.7292 1.0701 0.0004 0.0005 9.0375 -0.0317 -0.002705 -1.236058 12.12 
10.1725 2 1 1 0x0 4.0000 4.0000 4.00 4.00 0.7391 0.7241 0.0005 0.0005 9.0409 -0.0317 -0.000000 -1.229692 12.13 
10.1765 2 1 1 0x0 4.0027 3.9973 4.00 4.00 0.7448 0.9646 0.0006 0.0003 9.0444 -0.0317 0.002704 -1.225798 12.12 
10.1805 2 1 1 0x0 4.0027 3.9973 4.00 4.00 0.9108 0.8929 0.0002 0.0003 9.0480 -0.0317 0.002704 -1.224172 12.12 
10.1845 2 1 1 0x0 4.0054 3.9946 4.01 3.99 1.0117 0.9928 0.0005 0.0002 9.0515 -0.0317 0.005409 -1.222611 12.13 
10.1885 2 1 1 0x0 4.0027 3.9973 4.00 4.00 0.8207 1.0292 0.0003 0.0006 9.0549 -0.0317 0.002704 -1.222414 12.13 
10.1925 2 1 1 0x0 4.0054 3.9946 4.01 3.99 0.8469 0.7429 0.0006 0.0006 9.0584 -0.0316 0.005409 -1.225924 12.13 
10.1965 2 1 1 0x0 4.0081 3.9919 4.01 3.99 1.0021 0.9603 0.0006 0.0002 9.0622 -0.0316 0.008113 -1.227561 12.13 
10.2005 2 1 1 0x0 4.0081 3.9919 4.01 3.99 0.7370 0.9784 0.0005 0.0003 9.0659 -0.0316 0.008113 -1.225430 12.12 
10.2045 2 1 1 0x0 4.0081 3.9919 4.01 3.99 1.0043 0.8189 0.0005 0.0004 9.0695 -0.0316 0.008113 -1.222263 12.13 
10.2085 2 1 1 0x0 4.0081 3.9919 4.01 3.99 0.8946 0.9983 0.0006 0.0005 9.0732 -0.0315 0.008113 -1.217933 12.13 
10.2125 2 1 1 0x0 4.0081 3.9919 4.01 3.99 1.0692 0.9232 0.0006 0.0005 9.0768 -0.0315 0.008113 -1.216333 12.12 
10.2165 2 1 1 0x0 4.0081 3.9919 4.01 3.99 0.7779 1.0195 0.0006 0.0007 9.0805 -0.0315 0.008113 -1.217688 12.13 
10.2205 2 1 1 0x0 4.0108 3.9892 4.01 3.99 0.9561 1.0820 0.0004 0.0003 9.0843 -0.0315 0.010818 -1.213994 12.13 
10.2245 2 1 1 0x0 4.0135 3.9865 4.01 3.99 0.9271 0.8622 0.0007 0.0004 9.0878 -0.0314 0.013522 -1.214585 12.13 
10.2285 2 1 1 0x0 4.0135 3.9865 4.01 3.99 0.8355 1.0295 0.0005 0.0005 9.0914 -0.0314 0.013522 -1.213659 12.13 
10.2325 2 1 1 0x0 4.0135 3.9865 4.01 3.99 1.0232 0.8281 0.0004 0.0005 9.0951 -0.0313 0.013522 -1.210300 12.14 
10.2365 2 1 1 0x0 4.0135 3.9865 4.01 3.99 0.7996 1.0578 0.0003 0.0005 9.0987 -0.0313 0.013522 -1.209020 12.14 
10.2405 2 1 1 0x0 4.0162 3.9838 4.02 3.98 0.7478 0.8778 0.0007 0.0005 9.1022 -0.0312 0.016227 -1.210080 12.13 
10.2445 2 1 1 0x0 4.0135 3.9865 4.01 3.99 0.8625 1.0842 0.0002 0.0006 9.1060 -0.0311 0.013522 -1.210614 12.12 
10.2485 2 1 1 0x0 4.0135 3.9865 4.01 3.99 1.0342 0.7952 0.0003 0.0006 9.1097 -0.0311 0.013522 -1.212266 12.12 
10.2525 2 1 1 0x0 4.0162 3.9838 4.02 3.98 0.8077 0.8662 0.0004 0.0003 9.1135 -0.0310 0.016227 -1.218066 12.13 
10.2565 2 1 1 0x0 4.0162 3.9838 4.02 3.98 1.0858 1.1005 0.0005 0.0003 9.1172 -0.0310 0.016227 -1.220309 12.14 
10.2605 2 1 1 0x0 4.0162 3.9838 4.02 3.98 0.8904 0.7885 0.0005 0.0005 9.1208 -0.0309 0.016227 -1.224029 12.14 
10.2645 2 1 1 0x0 4.0162 3.9838 4.02 3.98 0.8547 1.0451 0.0003 0.0005 9.1245 -0.0309 0.016227 -1.221321 12.15 
10.2685 2 1 1 0x0 4.0243 3.9757 4.02 3.98 0.7648 1.1091 0.0007 0.0002 9.1279 -0.0308 0.024341 -1.213493 12.13 
10.2725 2 1 1 0x0 4.0216 3.9784 4.02 3.98 0.9113 0.9975 0.0002 0.0007 9.1314 -0.0307 0.021636 -1.205096 12.13 
10.2765 2 1 1 0x0 4.0243 3.9757 4.02 3.98 0.9579 0.7590 0.0004 0.0005 9.1348 -0.0306 0.024341 -1.200778 12.13 
10.2805 2 1 1 0x0 4.0270 3.9730 4.03 3.97 0.9975 0.9686 0.0006 0.0003 9.1383 -0.0305 0.027045 -1.197446 12.12 
10.2845 2 1 1 0x0 4.0243 3.9757 4.02 3.98 0.7674 0.9422 0.0004 0.0006 9.1417 -0.0305 0.024341 -1.197232 12.12 
10.2885 2 1 1 0x0 4.0243 3.9757 4.02 3.98 0.9662 0.9116 0.0003 0.0005 9.1454 -0.0304 0.024341 -1.206174 12.13 
10.2925 2 1 1 0x0 4.0243 3.9757 4.02 3.98 0.8173 0.9727 0.0003 0.0004 9.1490 -0.0303 0.024341 -1.212681 12.13 
10.2965 2 1 1 0x0 4.0243 3.9757 4.02 3.98 1.0346 0.7757 0.0003 0.0003 9.1527 -0.0302 0.024341 -1.215903 12.13 
10.3005 2 1 1 0x0 4.0243 3.9757 4.02 3.98 0.7609 1.0016 0.0003 0.0003 9.1563 -0.0301 0.024341 -1.221942 12.12 
10.3045 2 1 1 0x0 4.0243 3.9757 4.02 3.98 1.0265 0.9198 0.0003 0.0003 9.1600 -0.0300 0.024341 -1.228099 12.13 
10.3085 2 1 1 0x0 4.0243 3.9757 4.02 3.98 0.8806 1.0261 0.0004 0.0004 9.1636 -0.0299 0.024341 -1.230567 12.13 
10.3125 2 1 1 0x0 4.0243 3.9757 4.02 3.98 1.0019 0.7850 0.0005 0.0004 9.1673 -0.0298 0.024341 -1.231944 12.13 
10.3165 2 1 1 0x0 4.0243 3.9757 4.02 3.98 0.8286 1.0547 0.0006 0.0005 9.1709 -0.0297 0.024341 -1.236373 12.13 
10.3205 2 1 1 0x0 4.0216 3.9784 4.02 3.98 0.9193 0.8789 0.0002 0.0005 9.1748 -0.0297 0.021636 -1.230554 12.14 
10.3245 2 1 1 0x0 4.0216 3.9784 4.02 3.98 1.0244 1.0123 0.0003 0.0004 9.1784 -0.0296 0.021636 -1.224196 12.13 
10.3285 2 1 1 0x0 4.0189 3.9811 4.02 3.98 0.8151 0.9846 0.0004 0.0007 9.1819 -0.0295 0.018932 -1.222218 12.12 
10.3325 2 1 1 0x0 4.0189 3.9811 4.02 3.98 1.0702 0.7295 0.0005 0.0006 9.1855 -0.0294 0.018932 -1.229686 12.12 
10.3365 2 1 1 0x0 4.0162 3.9838 4.02 3.98 1.1089 1.0196 0.0003 0.0005 9.1894 -0.0294 0.016227 -1.240401 12.13 
10.3405 2 1 1 0x0 4.0162 3.9838 4.02 3.98 0.8083 0.9023 0.0003 0.0004 9.1930 -0.0293 0.016227 -1.239013 12.13 
10.3446 2 1 1 0x0 4.0189 3.9811 4.02 3.98 0.7471 1.0509 0.0006 0.0004 9.1965 -0.0292 0.018932 -1.246279 12.13 
10.3486 2 1 1 0x0 4.0189 3.9811 4.02 3.98 0.9592 0.7323 0.0003 0.0004 9.2001 -0.0292 0.018932 -1.251997 12.12 
10.3526 2 1 1 0x0 4.0216 3.9784 4.02 3.98 0.9973 1.0097 0.0005 0.0004 9.2036 -0.0291 0.021636 -1.249306 12.13 
10.3566 2 1 1 0x0 4.0216 3.9784 4.02 3.98 0.8291 0.9147 0.0004 0.0005 9.2072 -0.0290 0.021636 -1.248849 12.13 
10.3606 2 1 1 0x0 4.0243 3.9757 4.02 3.98 0.8528 1.0313 0.0006 0.0005 9.2107 -0.0289 0.024341 -1.253852 12.13 
10.3646 2 1 1 0x0 4.0243 3.9757 4.02 3.98 0.9959 0.7834 0.0005 0.0006 9.2143 -0.0289 0.024341 -1.253102 12.12 
10.3686 2 1 1 0x0 4.0243 3.9757 4.02 3.98 0.7739 0.9886 0.0004 0.0005 9.2180 -0.0288 0.024341 -1.246084 12.13 
10.3726 2 1 1 0x0 4.0243 3.9757 4.02 3.98 1.0136 0.8694 0.0004 0.0003 9.2216 -0.0287 0.024341 -1.239455 12.13 
10.3766 2 1 1 0x0 4.0216 3.9784 4.02 3.98 0.8248 0.8384 0.0003 0.0004 9.2251 -0.0286 0.021636 -1.238288 12.12 
10.3806 2 1 1 0x0 4.0243 3.9757 4.02 3.98 0.9045 0.9411 0.0006 0.0002 9.2285 -0.0285 0.024341 -1.234976 12.13 
10.3846 2 1 1 0x0 4.0216 3.9784 4.02 3.98 0.9904 0.9780 0.0005 0.0005 9.2320 -0.0284 0.021636 -1.234601 12.13 
10.3886 2 1 1 0x0 4.0216 3.9784 4.02 3.98 0.7788 0.7328 0.0004 0.0003 9.2356 -0.0284 0.021636 -1.240871 12.13 
10.3926 2 1 1 0x0 4.0216 3.9784 4.02 3.98 1.0056 1.0131 0.0004 0.0002 9.2393 -0.0283 0.021636 -1.247111 12.12 
10.3966 2 1 1 0x0 4.0189 3.9811 4.02 3.98 0.8346 0.9810 0.0004 0.0006 9.2427 -0.0282 0.018932 -1.244121 12.12 
10.4006 2 1 1 0x0 4.0189 3.9811 4.02 3.98 0.9502 0.8820 0.0003 0.0006 9.2464 -0.0281 0.018932 -1.246196 12.13 
10.4046 2 1 1 0x0 4.0216 3.9784 4.02 3.98 1.0370 1.0044 0.0007 0.0006 9.2498 -0.0281 0.021636 -1.243916 12.12 
10.4086 2 1 1 0x0 4.0189 3.9811 4.02 3.98 0.7958 0.7589 0.0006 0.0006 9.2537 -0.0280 0.018932 -1.238799 12.13 
10.4126 2 1 1 0x0 4.0216 3.9784 4.02 3.98 1.0423 1.0292 0.0006 0.0006 9.2571 -0.0279 0.021636 -1.236418 12.13 
10.4166 2 1 1 0x0 4.0216 3.9784 4.02 3.98 1.0168 1.0185 0.0003 0.0003 9.2612 -0.0278 0.021636 -1.236424 12.13 
10.4206 2 1 1 0x0 4.0216 3.9784 4.02 3.98 0.7697 0.7906 0.0003 0.0003 9.2648 -0.0277 0.021636 -1.233538 12.14 
10.4246 2 1 1 0x0 4.0243 3.9757 4.02 3.98 0.7490 0.9751 0.0005 0.0004 9.2683 -0.0277 0.024341 -1.236022 12.13 
10.4286 2 1 1 0x0 4.0243 3.9757 4.02 3.98 0.9493 0.9431 0.0003 0.0004 9.2719 -0.0276 0.024341 -1.240584 12.13 
10.4326 2 1 1 0x0 4.0270 3.9730 4.03 3.97 0.9764 0.9981 0.0006 0.0005 9.2754 -0.0275 0.027045 -1.243977 12.13 
10.4366 2 1 1 0x0 4.0270 3.9730 4.03 3.97 0.7996 0.8043 0.0004 0.0006 9.2790 -0.0274 0.027045 -1.241259 12.13 
10.4406 2 1 1 0x0 4.0270 3.9730 4.03 3.97 0.9415 1.0203 0.0003 0.0006 9.2827 -0.0273 0.027045 -1.239069 12.13 
10.4446 2 1 1 0x0 4.0325 3.9675 4.03 3.97 1.0282 1.0097 0.0007 0.0003 9.2863 -0.0272 0.032454 -1.241259 12.12 
10.4486 2 1 1 0x0 4.0325 3.9675 4.03 3.97 0.7588 0.7955 0.0006 0.0003 9.2900 -0.0271 0.032454 -1.242740 12.13 
10.4526 2 1 1 0x0 4.0325 3.9675 4.03 3.97 0.9793 0.9706 0.0005 0.0003 9.2936 -0.0269 0.032454 -1.240362 12.13 
10.4566 2 1 1 0x0 4.0297 3.9703 4.03 3.97 0.8000 0.9442 0.0004 0.0006 9.2971 -0.0268 0.029750 -1.242784 12.13 
10.4606 2 1 1 0x0 4.0297 3.9703 4.03 3.97 1.0104 0.8552 0.0003 0.0004 9.3007 -0.0267 0.029750 -1.239177 12.13 
10.4646 2 1 1 0x0 4.0325 3.9675 4.03 3.97 0.9750 0.9786 0.0006 0.0002 9.3042 -0.0266 0.032454 -1.236090 12.13 
10.4686 2 1 1 0x0 4.0297 3.9703 4.03 3.97 0.7824 0.9534 0.0004 0.0005 9.3076 -0.0265 0.029750 -1.233857 12.13 
10.4726 2 1 1 0x0 4.0297 3.9703 4.03 3.97 1.0100 0.7472 0.0003 0.0004 9.3113 -0.0264 0.029750 -1.232831 12.13 
10.4766 2 1 1 0x0 4.0325 3.9675 4.03 3.97 0.9627 0.9864 0.0007 0.0003 9.3147 -0.0263 0.032454 -1.232887 12.13 
10.4806 2 1 1 0x0 4.0297 3.9703 4.03 3.97 1.0882 0.8755 0.0002 0.0003 9.3186 -0.0262 0.029750 -1.232613 12.13 
10.4846 2 1 1 0x0 4.0297 3.9703 4.03 3.97 0.8148 1.0167 0.0003 0.0003 9.3222 -0.0261 0.029750 -1.234121 12.13 
10.4886 2 1 1 0x0 4.0270 3.9730 4.03 3.97 1.0086 0.9851 0.0003 0.0007 9.3257 -0.0260 0.027045 -1.234201 12.13 
10.4926 2 1 1 0x0 4.0297 3.9703 4.03 3.97 0.8370 0.9774 0.0003 0.0002 9.3295 -0.0259 0.029750 -1.233225 12.13 
10.4966 2 1 1 0x0 4.0297 3.9703 4.03 3.97 1.0120 0.8853 0.0003 0.0003 9.3332 -0.0258 0.029750 -1.236253 12.13 
10.5006 2 1 1 0x0 4.0325 3.9675 4.03 3.97 0.9647 1.0007 0.0007 0.0003 9.3366 -0.0257 0.032454 -1.239249 12.13 
10.5046 2 1 1 0x0 4.0325 3.9675 4.03 3.97 0.7534 0.8005 0.0006 0.0003 9.3403 -0.0255 0.032454 -1.236960 12.13 
10.5086 2 1 1 0x0 4.0325 3.9675 4.03 3.97 0.9390 1.0275 0.0004 0.0003 9.3439 -0.0254 0.032454 -1.234047 12.12 
10.5126 2 1 1 0x0 4.0352 3.9648 4.04 3.96 0.9230 0.8465 0.0005 0.0003 9.3473 -0.0253 0.035159 -1.228693 12.12 
10.5166 2 1 1 0x0 4.0379 3.9621 4.04 3.96 0.9652 1.0573 0.0007 0.0003 9.3508 -0.0252 0.037863 -1.227541 12.13 
10.5206 2 1 1 0x0 4.0352 3.9648 4.04 3.96 0.9029 1.0239 0.0005 0.0007 9.3542 -0.0251 0.035159 -1.231994 12.13 
10.5246 2 1 1 0x0 4.0352 3.9648 4.04 3.96 0.9971 0.7456 0.0004 0.0006 9.3579 -0.0249 0.035159 -1.239076 12.13 
10.5286 2 1 1 0x0 4.0352 3.9648 4.04 3.96 0.8208 0.9857 0.0004 0.0006 9.3615 -0.0248 0.035159 -1.243367 12.13 
10.5326 2 1 1 0x0 4.0352 3.9648 4.04 3.96 1.0035 0.8267 0.0004 0.0005 9.3652 -0.0247 0.035159 -1.251270 12.12 
10.5366 2 1 1 0x0 4.0352 3.9648 4.04 3.96 0.8915 1.0152 0.0004 0.0005 9.3688 -0.0245 0.035159 -1.251539 12.13 
10.5406 2 1 1 0x0 4.0352 3.9648 4.04 3.96 0.9954 0.7917 0.0005 0.0005 9.3725 -0.0244 0.035159 -1.257282 12.13 
10.5446 2 1 1 0x0 4.0352 3.9648 4.04 3.96 0.7851 1.0467 0.0005 0.0005 9.3761 -0.0243 0.035159 -1.255783 12.13 
10.5486 2 1 1 0x0 4.0352 3.9648 4.04 3.96 0.9871 0.8335 0.0006 0.0005 9.3798 -0.0242 0.035159 -1.256656 12.13 
10.5526 2 1 1 0x0 4.0325 3.9675 4.03 3.97 1.0271 0.9459 0.0002 0.0003 9.3836 -0.0240 0.032454 -1.253778 12.13 
10.5566 2 1 1 0x0 4.0297 3.9703 4.03 3.97 0.8085 0.9826 0.0003 0.0006 9.3871 -0.0239 0.029750 -1.252941 12.13 
10.5606 2 1 1 0x0 4.0297 3.9703 4.03 3.97 0.9632 0.7680 0.0002 0.0004 9.3907 -0.0238 0.029750 -1.248465 12.13 
10.5646 2 1 1 0x0 4.0297 3.9703 4.03 3.97 0.9411 0.7457 0.0004 0.0006 9.3940 -0.0237 0.029750 -1.245030 12.13 
10.5686 2 1 1 0x0 4.0297 3.9703 4.03 3.97 0.8731 0.9287 0.0003 0.0005 9.3976 -0.0236 0.029750 -1.247680 12.13 
10.5726 2 1 1 0x0 4.0325 3.9675 4.03 3.97 0.8047 0.8707 0.0006 0.0004 9.4011 -0.0235 0.032454 -1.256226 12.12 
10.5766 2 1 1 0x0 4.0325 3.9675 4.03 3.97 0.9946 1.0218 0.0005 0.0004 9.4047 -0.0234 0.032454 -1.256778 12.13 
10.5806 2 1 1 0x0 4.0325 3.9675 4.03 3.97 0.7795 0.7877 0.0005 0.0004 9.4084 -0.0233 0.032454 -1.255235 12.12 
10.5846 2 1 1 0x0 4.0325 3.9675 4.03 3.97 0.9434 1.0515 0.0004 0.0003 9.4120 -0.0231 0.032454 -1.256862 12.13 
10.5886 2 1 1 0x0 4.0325 3.9675 4.03 3.97 0.8845 0.8816 0.0004 0.0004 9.4157 -0.0230 0.032454 -1.251406 12.13 
10.5927 2 1 1 0x0 4.0325 3.9675 4.03 3.97 1.0111 1.0071 0.0004 0.0004 9.4193 -0.0229 0.032454 -1.245690 12.13 
10.5967 2 1 1 0x0 4.0325 3.9675 4.03 3.97 0.7715 0.8428 0.0004 0.0004 9.4230 -0.0228 0.032454 -1.241916 12.12 
10.6007 2 1 1 0x0 4.0325 3.9675 4.03 3.97 1.0123 0.9650 0.0004 0.0004 9.4266 -0.0227 0.032454 -1.242324 12.13 
10.6047 2 1 1 0x0 4.0325 3.9675 4.03 3.97 0.8827 0.9506 0.0004 0.0004 9.4302 -0.0226 0.032454 -1.240318 12.13 
10.6087 2 1 1 0x0 4.0325 3.9675 4.03 3.97 1.0127 1.0623 0.0004 0.0004 9.4339 -0.0224 0.032454 -1.240984 12.13 
10.6127 2 1 1 0x0 4.0325 3.9675 4.03 3.97 0.8125 0.8082 0.0004 0.0004 9.4375 -0.0223 0.032454 -1.249700 12.13 
10.6167 2 1 1 0x0 4.0325 3.9675 4.03 3.97 1.0238 1.0138 0.0004 0.0004 9.4412 -0.0222 0.032454 -1.252108 12.13 
10.6207 2 1 1 0x0 4.0325 3.9675 4.03 3.97 0.8765 0.9119 0.0004 0.0005 9.4448 -0.0221 0.032454 -1.247819 12.13 
10.6247 2 1 1 0x0 4.0325 3.9675 4.03 3.97 1.0195 1.0350 0.0004 0.0006 9.4485 -0.0220 0.032454 -1.245982 12.12 
10.6287 2 1 1 0x0 4.0352 3.9648 4.04 3.96 0.7654 1.0263 0.0004 0.0002 9.4523 -0.0218 0.035159 -1.242437 12.13 
10.6327 2 1 1 0x0 4.0379 3.9621 4.04 3.96 0.7444 0.9001 0.0006 0.0002 9.4558 -0.0217 0.037863 -1.236593 12.12 
10.6367 2 1 1 0x0 4.0379 3.9621 4.04 3.96 0.7148 0.8728 0.0007 0.0006 9.4590 -0.0216 0.037863 -1.232022 12.12 
10.6407 2 1 1 0x0 4.0379 3.9621 4.04 3.96 0.9551 0.9555 0.0004 0.0005 9.4627 -0.0214 0.037863 -1.227021 12.12 
10.6447 2 1 1 0x0 4.0379 3.9621 4.04 3.96 0.9321 0.9933 0.0006 0.0008 9.4659 -0.0213 0.037863 -1.223390 12.12 
10.6487 2 1 1 0x0 4.0379 3.9621 4.04 3.96 0.8310 0.7243 0.0005 0.0006 9.4696 -0.0212 0.037863 -1.222632 12.12 
10.6527 2 1 1 0x0 4.0379 3.9621 4.04 3.96 0.9605 0.9624 0.0004 0.0005 9.4732 -0.0210 0.037863 -1.219617 12.13 
10.6567 2 1 1 0x0 4.0379 3.9621 4.04 3.96 0.7581 0.8965 0.0003 0.0004 9.4769 -0.0209 0.037863 -1.216733 12.13 
10.6607 2 1 1 0x0 4.0379 3.9621 4.04 3.96 1.0402 0.9880 0.0003 0.0004 9.4805 -0.0208 0.037863 -1.216843 12.12 
10.6647 2 1 1 0x0 4.0379 3.9621 4.04 3.96 0.8641 0.7674 0.0003 0.0003 9.4842 -0.0206 0.037863 -1.219873 12.13 
10.6687 2 1 1 0x0 4.0379 3.9621 4.04 3.96 1.0332 1.0136 0.0004 0.0003 9.4878 -0.0205 0.037863 -1.218544 12.14 
10.6727 2 1 1 0x0 4.0379 3.9621 4.04 3.96 0.7993 0.9098 0.0003 0.0003 9.4915 -0.0203 0.037863 -1.215854 12.14 
10.6767 2 1 1 0x0 4.0379 3.9621 4.04 3.96 0.9835 0.9706 0.0002 0.0004 9.4951 -0.0202 0.037863 -1.213642 12.13 
10.6807 2 1 1 0x0 4.0406 3.9594 4.04 3.96 0.9027 0.8220 0.0004 0.0004 9.4986 -0.0201 0.040568 -1.209787 12.13 
10.6847 2 1 1 0x0 4.0433 3.9567 4.04 3.96 0.8924 0.9939 0.0005 0.0004 9.5020 -0.0199 0.043272 -1.207768 12.13 
10.6887 2 1 1 0x0 4.0460 3.9540 4.05 3.95 0.9318 0.9290 0.0007 0.0005 9.5054 -0.0198 0.045977 -1.206968 12.12 
10.6927 2 1 1 0x0 4.0460 3.9540 4.05 3.95 0.8296 1.0137 0.0005 0.0005 9.5091 -0.0196 0.045977 -1.208171 12.12 
10.6967 2 1 1 0x0 4.0460 3.9540 4.05 3.95 1.0378 0.8392 0.0004 0.0006 9.5127 -0.0194 0.045977 -1.206254 12.13 
10.7007 2 1 1 0x0 4.0460 3.9540 4.05 3.95 0.7927 0.9699 0.0003 0.0006 9.5164 -0.0193 0.045977 -1.206454 12.13 
10.7047 2 1 1 0x0 4.0487 3.9513 4.05 3.95 0.9871 1.0269 0.0002 0.0002 9.5202 -0.0191 0.048681 -1.205372 12.13 
10.7087 2 1 1 0x0 4.0487 3.9513 4.05 3.95 0.9037 0.7853 0.0002 0.0003 9.5239 -0.0189 0.048681 -1.205926 12.13 
10.7127 2 1 1 0x0 4.0487 3.9513 4.05 3.95 0.9828 0.9837 0.0003 0.0003 9.5275 -0.0187 0.048681 -1.202831 12.13 
10.7167 2 1 1 0x0 4.0487 3.9513 4.05 3.95 0.9417 1.0185 0.0007 0.0007 9.5308 -0.0186 0.048681 -1.200868 12.13 
10.7207 2 1 1 0x0 4.0487 3.9513 4.05 3.95 0.7149 0.8052 0.0003 0.0006 9.5344 -0.0184 0.048681 -1.193702 12.12 
10.7247 2 1 1 0x0 4.0514 3.9486 4.05 3.95 0.7193 0.9850 0.0004 0.0004 9.5379 -0.0182 0.051386 -1.189309 12.13 
10.7287 2 1 1 0x0 4.0514 3.9486 4.05 3.95 0.7295 0.9565 0.0006 0.0007 9.5411 -0.0180 0.051386 -1.190567 12.12 
10.7327 2 1 1 0x0 4.0514 3.9486 4.05 3.95 0.9802 0.7855 0.0003 0.0006 9.5448 -0.0179 0.051386 -1.195457 12.12 
10.7367 2 1 1 0x0 4.0541 3.9459 4.05 3.95 0.9438 0.9252 0.0007 0.0005 9.5482 -0.0177 0.054091 -1.201258 12.12 
10.7407 2 1 1 0x0 4.0541 3.9459 4.05 3.95 0.9336 0.8755 0.0006 0.0005 9.5518 -0.0175 0.054091 -1.207001 12.13 
10.7447 2 1 1 0x0 4.0541 3.9459 4.05 3.95 1.0181 1.0161 0.0006 0.0004 9.5555 -0.0173 0.054091 -1.211424 12.12 
10.7487 2 1 1 0x0 4.0541 3.9459 4.05 3.95 0.8134 0.7914 0.0006 0.0004 9.5591 -0.0171 0.054091 -1.209745 12.12 
10.7527 2 1 1 0x0 4.0514 3.9486 4.05 3.95 0.8504 1.0449 0.0003 0.0004 9.5630 -0.0169 0.051386 -1.206388 12.13 
10.7567 2 1 1 0x0 4.0514 3.9486 4.05 3.95 1.0492 0.8852 0.0003 0.0004 9.5666 -0.0167 0.051386 -1.201043 12.13 
10.7607 2 1 1 0x0 4.0541 3.9459 4.05 3.95 1.0013 1.0018 0.0007 0.0004 9.5701 -0.0165 0.054091 -1.198374 12.12 
10.7647 2 1 1 0x0 4.0541 3.9459 4.05 3.95 0.7660 0.8011 0.0006 0.0004 9.5737 -0.0163 0.054091 -1.198752 12.13 
10.7687 2 1 1 0x0 4.0541 3.9459 4.05 3.95 1.0346 1.0294 0.0005 0.0004 9.5774 -0.0161 0.054091 -1.196963 12.13 
10.7727 2 1 1 0x0 4.0541 3.9459 4.05 3.95 0.8646 0.8462 0.0004 0.0004 9.5810 -0.0159 0.054091 -1.198941 12.13 
10.7767 2 1 1 0x0 4.0541 3.9459 4.05 3.95 1.0381 1.0543 0.0004 0.0005 9.5847 -0.0157 0.054091 -1.208484 12.13 
10.7807 2 1 1 0x0 4.0541 3.9459 4.05 3.95 0.8005 0.7694 0.0005 0.0005 9.5883 -0.0155 0.054091 -1.205616 12.13 
10.7847 2 1 1 0x0 4.0541 3.9459 4.05 3.95 1.0317 1.0113 0.0005 0.0005 9.5920 -0.0153 0.054091 -1.207909 12.13 
10.7887 2 1 1 0x0 4.0541 3.9459 4.05 3.95 0.8683 0.8589 0.0005 0.0005 9.5956 -0.0151 0.054091 -1.206536 12.13 
10.7927 2 1 1 0x0 4.0541 3.9459 4.05 3.95 0.9189 0.9717 0.0004 0.0004 9.5993 -0.0149 0.054091 -1.203837 12.12 
10.7967 2 1 1 0x0 4.0568 3.9432 4.06 3.94 1.0212 0.7760 0.0006 0.0003 9.6027 -0.0148 0.056795 -1.200654 12.13 
10.8007 2 1 1 0x0 4.0541 3.9459 4.05 3.95 0.7549 0.7539 0.0004 0.0006 9.6061 -0.0146 0.054091 -1.197839 12.12 
10.8047 2 1 1 0x0 4.0541 3.9459 4.05 3.95 0.9861 0.9750 0.0003 0.0005 9.6098 -0.0144 0.054091 -1.194454 12.13 
10.8087 2 1 1 0x0 4.0541 3.9459 4.05 3.95 0.8501 0.8860 0.0003 0.0005 9.6134 -0.0142 0.054091 -1.194257 12.13 
10.8127 2 1 1 0x0 4.0541 3.9459 4.05 3.95 1.0535 1.0734 0.0003 0.0005 9.6171 -0.0140 0.054091 -1.197753 12.13 
10.8167 2 1 1 0x0 4.0541 3.9459 4.05 3.95 0.7887 0.8010 0.0003 0.0004 9.6207 -0.0138 0.054091 -1.194700 12.13 
10.8207 2 1 1 0x0 4.0568 3.9432 4.06 3.94 0.7726 1.0285 0.0006 0.0004 9.6242 -0.0136 0.056795 -1.191032 12.12 
10.8247 2 1 1 0x0 4.0568 3.9432 4.06 3.94 0.9673 0.8462 0.0004 0.0004 9.6278 -0.0134 0.056795 -1.187703 12.13 
10.8287 2 1 1 0x0 4.0568 3.9432 4.06 3.94 0.8540 1.0587 0.0003 0.0004 9.6315 -0.0132 0.056795 -1.186650 12.13 
10.8327 2 1 1 0x0 4.0568 3.9432 4.06 3.94 1.0653 0.8096 0.0002 0.0004 9.6351 -0.0129 0.056795 -1.188042 12.12 
10.8367 2 1 1 0x0 4.0595 3.9405 4.06 3.94 1.0155 1.0154 0.0006 0.0004 9.6385 -0.0127 0.059500 -1.192870 12.14 
10.8408 2 1 1 0x0 4.0595 3.9405 4.06 3.94 0.8133 0.9071 0.0006 0.0004 9.6422 -0.0125 0.059500 -1.195320 12.13 
10.8448 2 1 1 0x0 4.0595 3.9405 4.06 3.94 1.0110 0.9740 0.0006 0.0004 9.6458 -0.0123 0.059500 -1.198068 12.13 
10.8488 2 1 1 0x0 4.0568 3.9432 4.06 3.94 1.0570 0.8192 0.0003 0.0004 9.6497 -0.0121 0.056795 -1.202642 12.13 
10.8528 2 1 1 0x0 4.0568 3.9432 4.06 3.94 0.7901 0.9974 0.0003 0.0004 9.6533 -0.0119 0.056795 -1.203923 12.13 
10.8568 2 1 1 0x0 4.0568 3.9432 4.06 3.94 1.0435 0.8687 0.0003 0.0005 9.6570 -0.0117 0.056795 -1.200534 12.14 
10.8608 2 1 1 0x0 4.0568 3.9432 4.06 3.94 0.8708 1.0231 0.0005 0.0005 9.6606 -0.0115 0.056795 -1.197839 12.13 
10.8648 2 1 1 0x0 4.0568 3.9432 4.06 3.94 0.9208 0.7466 0.0003 0.0005 9.6643 -0.0113 0.056795 -1.195545 12.12 
10.8688 2 1 1 0x0 4.0595 3.9405 4.06 3.94 0.9744 0.9909 0.0003 0.0003 9.6677 -0.0111 0.059500 -1.190619 12.12 
10.8728 2 1 1 0x0 4.0595 3.9405 4.06 3.94 0.9567 0.9053 0.0005 0.0005 9.6709 -0.0109 0.059500 -1.190549 12.12 
10.8768 2 1 1 0x0 4.0622 3.9378 4.06 3.94 0.9986 0.8423 0.0007 0.0004 9.6744 -0.0107 0.062204 -1.191518 12.14 
10.8808 2 1 1 0x0 4.0622 3.9378 4.06 3.94 0.7704 0.9951 0.0006 0.0002 9.6780 -0.0104 0.062204 -1.189839 12.13 
10.8848 2 1 1 0x0 4.0595 3.9405 4.06 3.94 1.0264 0.9652 0.0005 0.0006 9.6815 -0.0102 0.059500 -1.191027 12.12 
10.8888 2 1 1 0x0 4.0595 3.9405 4.06 3.94 0.8730 0.7806 0.0005 0.0005 9.6851 -0.0100 0.059500 -1.190592 12.13 
10.8928 2 1 1 0x0 4.0595 3.9405 4.06 3.94 1.0227 0.9943 0.0005 0.0004 9.6888 -0.0098 0.059500 -1.189421 12.13 
10.8968 2 1 1 0x0 4.0595 3.9405 4.06 3.94 0.8107 0.9252 0.0005 0.0004 9.6924 -0.0096 0.059500 -1.188558 12.13 
10.9008 2 1 1 0x0 4.0595 3.9405 4.06 3.94 1.0076 1.0212 0.0006 0.0004 9.6960 -0.0094 0.059500 -1.193153 12.13 
10.9048 2 1 1 0x0 4.0568 3.9432 4.06 3.94 1.0473 0.7881 0.0003 0.0003 9.6999 -0.0091 0.056795 -1.191405 12.13 
10.9088 2 1 1 0x0 4.0568 3.9432 4.06 3.94 0.7937 0.9796 0.0003 0.0003 9.7035 -0.0089 0.056795 -1.186357 12.12 
10.9128 2 1 1 0x0 4.0595 3.9405 4.06 3.94 0.7315 0.8840 0.0006 0.0004 9.7070 -0.0087 0.059500 -1.181886 12.13 
10.9168 2 1 1 0x0 4.0595 3.9405 4.06 3.94 0.9807 1.0035 0.0003 0.0004 9.7106 -0.0085 0.059500 -1.181049 12.13 
10.9208 2 1 1 0x0 4.0622 3.9378 4.06 3.94 1.0107 0.7578 0.0006 0.0003 9.7141 -0.0083 0.062204 -1.182432 12.13 
10.9248 2 1 1 0x0 4.0622 3.9378 4.06 3.94 0.8768 1.0326 0.0005 0.0003 9.7177 -0.0081 0.062204 -1.189667 12.13 
10.9288 2 1 1 0x0 4.0622 3.9378 4.06 3.94 1.0243 0.8942 0.0005 0.0003 9.7214 -0.0079 0.062204 -1.191776 12.12 
10.9328 2 1 1 0x0 4.0622 3.9378 4.06 3.94 0.8084 0.9897 0.0005 0.0003 9.7250 -0.0076 0.062204 -1.190592 12.13 
10.9368 2 1 1 0x0 4.0595 3.9405 4.06 3.94 1.0176 1.0247 0.0005 0.0006 9.7284 -0.0074 0.059500 -1.188303 12.13 
10.9408 2 1 1 0x0 4.0568 3.9432 4.06 3.94 1.0577 0.7446 0.0002 0.0005 9.7323 -0.0072 0.056795 -1.183715 12.13 
10.9448 2 1 1 0x0 4.0595 3.9405 4.06 3.94 1.0662 0.9301 0.0007 0.0002 9.7357 -0.0070 0.059500 -1.178760 12.12 
10.9488 2 1 1 0x0 4.0541 3.9459 4.05 3.95 1.0429 0.9645 0.0003 0.0005 9.7394 -0.0068 0.054091 -1.176558 12.13 
10.9528 2 1 1 0x0 4.0541 3.9459 4.05 3.95 0.9115 0.8425 0.0003 0.0004 9.7430 -0.0066 0.054091 -1.173666 12.12 
10.9568 2 1 1 0x0 4.0541 3.9459 4.05 3.95 1.0424 0.9956 0.0003 0.0003 9.7467 -0.0064 0.054091 -1.174348 12.12 
10.9608 2 1 1 0x0 4.0514 3.9486 4.05 3.95 0.7559 0.9658 0.0004 0.0007 9.7501 -0.0062 0.051386 -1.181369 12.13 
10.9648 2 1 1 0x0 4.0514 3.9486 4.05 3.95 1.0338 0.7420 0.0004 0.0006 9.7538 -0.0060 0.051386 -1.190290 12.13 
10.9688 2 1 1 0x0 4.0514 3.9486 4.05 3.95 0.8756 0.9932 0.0005 0.0005 9.7574 -0.0058 0.051386 -1.192762 12.13 
10.9728 2 1 1 0x0 4.0514 3.9486 4.05 3.95 1.0825 0.8727 0.0007 0.0005 9.7611 -0.0056 0.051386 -1.194261 12.13 
10.9768 2 1 1 0x0 4.0487 3.9513 4.05 3.95 0.9953 1.0177 0.0002 0.0005 9.7649 -0.0055 0.048681 -1.199520 12.13 
10.9808 2 1 1 0x0 4.0514 3.9486 4.05 3.95 1.0200 0.7511 0.0006 0.0005 9.7683 -0.0053 0.051386 -1.197441 12.13 
10.9848 2 1 1 0x0 4.0514 3.9486 4.05 3.95 0.8693 1.0441 0.0005 0.0005 9.7720 -0.0051 0.051386 -1.193684 12.10 
10.9888 2 1 1 0x0 4.0514 3.9486 4.05 3.95 1.0336 0.9439 0.0005 0.0005 9.7756 -0.0049 0.051386 -1.189403 12.12 
10.9928 2 1 1 0x0 4.0514 3.9486 4.05 3.95 0.8009 1.0676 0.0005 0.0006 9.7793 -0.0047 0.051386 -1.191383 12.12 
10.9968 2 1 1 0x0 4.0514 3.9486 4.05 3.95 1.0348 0.7648 0.0005 0.0006 9.7829 -0.0045 0.051386 -1.191933 12.13 
11.0008 2 1 1 0x0 4.0487 3.9513 4.05 3.95 1.0768 0.9537 0.0002 0.0006 9.7868 -0.0043 0.048681 -1.194032 12.13 
11.0048 2 1 1 0x0 4.0487 3.9513 4.05 3.95 0.8268 0.9642 0.0003 0.0006 9.7904 -0.0041 0.048681 -1.198124 12.13 
11.0088 2 1 1 0x0 4.0487 3.9513 4.05 3.95 0.9937 0.9757 0.0003 0.0006 9.7941 -0.0040 0.048681 -1.195401 12.13 
11.0128 2 1 1 0x0 4.0487 3.9513 4.05 3.95 0.8422 0.7743 0.0002 0.0005 9.7977 -0.0038 0.048681 -1.192763 12.13 
11.0168 2 1 1 0x0 4.0460 3.9540 4.05 3.95 1.0694 0.7508 0.0003 0.0006 9.8012 -0.0036 0.045977 -1.185993 12.12 
11.0208 2 1 1 0x0 4.0460 3.9540 4.05 3.95 0.7813 0.9842 0.0003 0.0003 9.8048 -0.0034 0.045977 -1.179610 12.13 
11.0248 2 1 1 0x0 4.0433 3.9567 4.04 3.96 1.0739 0.9565 0.0002 0.0006 9.8083 -0.0033 0.043272 -1.177891 12.14 
11.0288 2 1 1 0x0 4.0460 3.9540 4.05 3.95 1.0203 0.8480 0.0007 0.0004 9.8117 -0.0031 0.045977 -1.176261 12.13 
11.0328 2 1 1 0x0 4.0460 3.9540 4.05 3.95 0.8265 0.9872 0.0006 0.0003 9.8153 -0.0030 0.045977 -1.172600 12.13 
11.0368 2 1 1 0x0 4.0433 3.9567 4.04 3.96 1.0191 1.0214 0.0007 0.0006 9.8188 -0.0028 0.043272 -1.171826 12.13 
11.0408 2 1 1 0x0 4.0406 3.9594 4.04 3.96 1.0759 0.7109 0.0002 0.0005 9.8226 -0.0026 0.040568 -1.172321 12.14 
11.0448 2 1 1 0x0 4.0406 3.9594 4.04 3.96 0.8959 0.9854 0.0003 0.0004 9.8263 -0.0025 0.040568 -1.174167 12.12 
11.0488 2 1 1 0x0 4.0406 3.9594 4.04 3.96 1.0561 0.8775 0.0004 0.0004 9.8299 -0.0023 0.040568 -1.177291 12.14 
11.0528 2 1 1 0x0 4.0406 3.9594 4.04 3.96 0.7510 1.0116 0.0005 0.0004 9.8336 -0.0022 0.040568 -1.180893 12.14 
11.0568 2 1 1 0x0 4.0406 3.9594 4.04 3.96 1.0389 0.7544 0.0006 0.0004 9.8372 -0.0021 0.040568 -1.178044 12.13 
11.0608 2 1 1 0x0 4.0379 3.9621 4.04 3.96 1.0122 0.9707 0.0002 0.0004 9.8411 -0.0019 0.037863 -1.176129 12.13 
11.0648 2 1 1 0x0 4.0379 3.9621 4.04 3.96 0.8207 0.9483 0.0003 0.0004 9.8447 -0.0018 0.037863 -1.171827 12.13 
11.0688 2 1 1 0x0 4.0379 3.9621 4.04 3.96 1.0104 1.0636 0.0002 0.0005 9.8484 -0.0016 0.037863 -1.167746 12.13 
11.0728 2 1 1 0x0 4.0406 3.9594 4.04 3.96 0.9269 0.7640 0.0004 0.0004 9.8518 -0.0015 0.040568 -1.165429 12.13 
11.0768 2 1 1 0x0 4.0433 3.9567 4.04 3.96 0.9060 0.9594 0.0006 0.0003 9.8553 -0.0013 0.043272 -1.163630 12.12 
11.0808 2 1 1 0x0 4.0406 3.9594 4.04 3.96 0.8026 0.9962 0.0004 0.0006 9.8587 -0.0012 0.040568 -1.161972 12.13 
11.0848 2 1 1 0x0 4.0406 3.9594 4.04 3.96 1.0045 0.8688 0.0003 0.0005 9.8624 -0.0010 0.040568 -1.166416 12.14 
11.0889 2 1 1 0x0 4.0433 3.9567 4.04 3.96 1.0293 1.0271 0.0007 0.0004 9.8658 -0.0009 0.043272 -1.164603 12.14 
11.0929 2 1 1 0x0 4.0433 3.9567 4.04 3.96 0.7994 0.7839 0.0006 0.0003 9.8695 -0.0008 0.043272 -1.164121 12.14 
11.0969 2 1 1 0x0 4.0433 3.9567 4.04 3.96 0.9685 0.9886 0.0007 0.0002 9.8731 -0.0006 0.043272 -1.161156 12.13 
11.1009 2 1 1 0x0 4.0379 3.9621 4.04 3.96 1.0101 0.9580 0.0003 0.0006 9.8768 -0.0005 0.037863 -1.158866 12.13 
11.1049 2 1 1 0x0 4.0379 3.9621 4.04 3.96 0.8237 0.9007 0.0004 0.0006 9.8804 -0.0003 0.037863 -1.156580 12.13 
11.1089 2 1 1 0x0 4.0379 3.9621 4.04 3.96 0.9901 0.9855 0.0005 0.0005 9.8841 -0.0002 0.037863 -1.154535 12.13 
11.1129 2 1 1 0x0 4.0379 3.9621 4.04 3.96 0.9728 0.7671 0.0006 0.0003 9.8877 -0.0000 0.037863 -1.160730 12.13 
11.1169 2 1 1 0x0 4.0325 3.9675 4.03 3.97 0.8157 0.7454 0.0003 0.0006 9.8914 0.0001 0.032454 -1.158549 12.12 
11.1209 2 1 1 0x0 4.0325 3.9675 4.03 3.97 0.9986 0.9890 0.0004 0.0005 9.8950 0.0002 0.032454 -1.156254 12.13 
11.1249 2 1 1 0x0 4.0325 3.9675 4.03 3.97 0.8553 0.9293 0.0006 0.0004 9.8987 0.0003 0.032454 -1.154930 12.13 
11.1289 2 1 1 0x0 4.0297 3.9703 4.03 3.97 0.8125 1.0146 0.0003 0.0004 9.9025 0.0005 0.029750 -1.154365 12.13 
11.1329 2 1 1 0x0 4.0297 3.9703 4.03 3.97 1.0036 0.7920 0.0004 0.0003 9.9062 0.0006 0.029750 -1.153614 12.13 
11.1369 2 1 1 0x0 4.0297 3.9703 4.03 3.97 0.8990 0.9755 0.0005 0.0003 9.9098 0.0007 0.029750 -1.154153 12.12 
11.1409 2 1 1 0x0 4.0297 3.9703 4.03 3.97 0.9902 0.9427 0.0005 0.0003 9.9135 0.0008 0.029750 -1.160320 12.12 
11.1449 2 1 1 0x0 4.0297 3.9703 4.03 3.97 0.7822 0.9993 0.0005 0.0003 9.9171 0.0009 0.029750 -1.160914 12.13 
11.1489 2 1 1 0x0 4.0297 3.9703 4.03 3.97 1.0009 0.7603 0.0005 0.0003 9.9208 0.0010 0.029750 -1.161660 12.13 
11.1529 2 1 1 0x0 4.0270 3.9730 4.03 3.97 0.8787 0.7782 0.0003 0.0006 9.9242 0.0011 0.027045 -1.159011 12.13 
11.1569 2 1 1 0x0 4.0297 3.9703 4.03 3.97 0.8511 0.9401 0.0006 0.0004 9.9276 0.0012 0.029750 -1.155737 12.11 
11.1609 2 1 1 0x0 4.0270 3.9730 4.03 3.97 1.0074 0.9168 0.0004 0.0006 9.9311 0.0013 0.027045 -1.153453 12.12 
11.1649 2 1 1 0x0 4.0297 3.9703 4.03 3.97 0.9693 0.8811 0.0007 0.0004 9.9345 0.0014 0.029750 -1.149745 12.12 
11.1689 2 1 1 0x0 4.0297 3.9703 4.03 3.97 0.7506 1.0098 0.0006 0.0004 9.9382 0.0015 0.029750 -1.147375 12.13 
11.1729 2 1 1 0x0 4.0297 3.9703 4.03 3.97 0.9907 0.7938 0.0005 0.0003 9.9418 0.0016 0.029750 -1.145640 12.13 
11.1769 2 1 1 0x0 4.0297 3.9703 4.03 3.97 0.9027 0.9729 0.0006 0.0002 9.9455 0.0017 0.029750 -1.146322 12.13 
11.1809 2 1 1 0x0 4.0270 3.9730 4.03 3.97 1.0560 1.0077 0.0006 0.0006 9.9489 0.0018 0.027045 -1.150861 12.12 
11.1849 2 1 1 0x0 4.0243 3.9757 4.02 3.98 1.0319 0.9152 0.0002 0.0006 9.9528 0.0019 0.024341 -1.151187 12.13 
11.1889 2 1 1 0x0 4.0243 3.9757 4.02 3.98 0.8275 1.0309 0.0003 0.0006 9.9564 0.0020 0.024341 -1.156772 12.13 
11.1929 2 1 1 0x0 4.0270 3.9730 4.03 3.97 1.0824 1.0215 0.0004 0.0002 9.9603 0.0021 0.027045 -1.157714 12.13 
11.1969 2 1 1 0x0 4.0270 3.9730 4.03 3.97 0.7816 0.9041 0.0005 0.0003 9.9639 0.0022 0.027045 -1.150462 12.13 
11.2009 2 1 1 0x0 4.0270 3.9730 4.03 3.97 1.0549 0.9774 0.0006 0.0003 9.9676 0.0023 0.027045 -1.146268 12.13 
11.2049 2 1 1 0x0 4.0216 3.9784 4.02 3.98 0.9676 0.9489 0.0002 0.0006 9.9712 0.0024 0.021636 -1.142866 12.12 
11.2089 2 1 1 0x0 4.0216 3.9784 4.02 3.98 1.0007 0.9275 0.0005 0.0008 9.9745 0.0024 0.021636 -1.137459 12.12 
11.2129 2 1 1 0x0 4.0216 3.9784 4.02 3.98 0.8118 0.7621 0.0004 0.0005 9.9781 0.0025 0.021636 -1.137516 12.13 
11.2169 2 1 1 0x0 4.0216 3.9784 4.02 3.98 1.0303 0.9637 0.0003 0.0002 9.9818 0.0026 0.021636 -1.139291 12.12 
11.2209 2 1 1 0x0 4.0216 3.9784 4.02 3.98 0.9843 0.9385 0.0007 0.0005 9.9850 0.0027 0.021636 -1.139858 12.12 
11.2249 2 1 1 0x0 4.0189 3.9811 4.02 3.98 1.0396 0.8635 0.0002 0.0004 9.9889 0.0027 0.018932 -1.150432 12.12 
11.2289 2 1 1 0x0 4.0216 3.9784 4.02 3.98 0.9872 1.0315 0.0006 0.0004 9.9923 0.0028 0.021636 -1.153018 12.13 
11.2329 2 1 1 0x0 4.0189 3.9811 4.02 3.98 1.0392 0.8259 0.0002 0.0004 9.9962 0.0029 0.018932 -1.156897 12.13 
11.2369 2 1 1 0x0 4.0189 3.9811 4.02 3.98 0.8671 0.9898 0.0003 0.0004 9.9998 0.0029 0.018932 -1.155638 12.12 
11.2409 2 1 1 0x0 4.0189 3.9811 4.02 3.98 1.0221 0.9297 0.0004 0.0004 10.0035 0.0030 0.018932 -1.150693 12.14 
11.2449 2 1 1 0x0 4.0189 3.9811 4.02 3.98 0.7671 1.0867 0.0004 0.0005 10.0071 0.0031 0.018932 -1.146629 12.12 
11.2489 2 1 1 0x0 4.0189 3.9811 4.02 3.98 0.9705 0.7949 0.0003 0.0005 10.0108 0.0032 0.018932 -1.143791 12.12 
11.2529 2 1 1 0x0 4.0189 3.9811 4.02 3.98 0.8599 1.0359 0.0003 0.0006 10.0144 0.0032 0.018932 -1.142234 12.13 
11.2569 2 1 1 0x0 4.0243 3.9757 4.02 3.98 0.8422 1.0238 0.0006 0.0002 10.0181 0.0033 0.024341 -1.143480 12.13 
11.2609 2 1 1 0x0 4.0243 3.9757 4.02 3.98 1.0053 0.8316 0.0006 0.0003 10.0217 0.0034 0.024341 -1.146289 12.13 
11.2649 2 1 1 0x0 4.0243 3.9757 4.02 3.98 0.7731 0.9806 0.0005 0.0003 10.0254 0.0035 0.024341 -1.137408 12.13 
11.2689 2 1 1 0x0 4.0243 3.9757 4.02 3.98 1.0167 0.8828 0.0005 0.0003 10.0290 0.0036 0.024341 -1.141459 12.13 
11.2729 2 1 1 0x0 4.0243 3.9757 4.02 3.98 0.8822 1.0015 0.0005 0.0004 10.0327 0.0037 0.024341 -1.144825 12.13 
11.2769 2 1 1 0x0 4.0243 3.9757 4.02 3.98 1.0074 0.7601 0.0006 0.0004 10.0363 0.0037 0.024341 -1.140640 12.12 
11.2809 2 1 1 0x0 4.0243 3.9757 4.02 3.98 0.8199 1.0252 0.0006 0.0004 10.0400 0.0038 0.024341 -1.137891 12.12 
11.2849 2 1 1 0x0 4.0243 3.9757 4.02 3.98 1.0013 0.8507 0.0006 0.0005 10.0436 0.0039 0.024341 -1.134881 12.12 
11.2889 2 1 1 0x0 4.0216 3.9784 4.02 3.98 1.0430 0.9823 0.0003 0.0004 10.0475 0.0040 0.021636 -1.132458 12.13 
11.2929 2 1 1 0x0 4.0189 3.9811 4.02 3.98 0.7999 0.9534 0.0004 0.0007 10.0509 0.0041 0.018932 -1.130549 12.13 
11.2969 2 1 1 0x0 4.0189 3.9811 4.02 3.98 0.9693 0.7474 0.0004 0.0006 10.0546 0.0041 0.018932 -1.127186 12.12 
11.3009 2 1 1 0x0 4.0216 3.9784 4.02 3.98 0.9366 0.9849 0.0007 0.0005 10.0580 0.0042 0.021636 -1.129670 12.13 
11.3049 2 1 1 0x0 4.0216 3.9784 4.02 3.98 0.8294 0.8292 0.0005 0.0004 10.0617 0.0043 0.021636 -1.138570 12.12 
11.3089 2 1 1 0x0 4.0216 3.9784 4.02 3.98 1.0272 1.0103 0.0004 0.0004 10.0653 0.0044 0.021636 -1.141185 12.13 
11.3129 2 1 1 0x0 4.0216 3.9784 4.02 3.98 0.7568 0.7950 0.0004 0.0004 10.0690 0.0044 0.021636 -1.136199 12.13 
11.3169 2 1 1 0x0 4.0216 3.9784 4.02 3.98 0.9815 0.9688 0.0003 0.0003 10.0726 0.0045 0.021636 -1.140463 12.12 
11.3209 2 1 1 0x0 4.0216 3.9784 4.02 3.98 0.8539 0.8936 0.0003 0.0004 10.0763 0.0046 0.021636 -1.139455 12.13 
11.3249 2 1 1 0x0 4.0216 3.9784 4.02 3.98 1.0510 0.9897 0.0003 0.0004 10.0799 0.0047 0.021636 -1.134073 12.13 
11.3289 2 1 1 0x0 4.0216 3.9784 4.02 3.98 0.7503 0.8090 0.0003 0.0004 10.0836 0.0048 0.021636 -1.133018 12.13 
11.3329 2 1 1 0x0 4.0216 3.9784 4.02 3.98 1.0484 0.9491 0.0003 0.0004 10.0872 0.0048 0.021636 -1.130338 12.13 
11.3370 2 1 1 0x0 4.0216 3.9784 4.02 3.98 0.8644 0.9082 0.0004 0.0003 10.0909 0.0049 0.021636 -1.129193 12.13 
11.3410 2 1 1 0x0 4.0216 3.9784 4.02 3.98 1.0337 0.9731 0.0005 0.0003 10.0945 0.0050 0.021636 -1.127744 12.13 
11.3450 2 1 1 0x0 4.0216 3.9784 4.02 3.98 0.8061 0.8194 0.0005 0.0003 10.0982 0.0051 0.021636 -1.127662 12.13 
11.3490 2 1 1 0x0 4.0216 3.9784 4.02 3.98 1.0218 0.9983 0.0005 0.0003 10.1018 0.0051 0.021636 -1.131465 12.13 
11.3530 2 1 1 0x0 4.0189 3.9811 4.02 3.98 1.0576 0.9225 0.0003 0.0003 10.1057 0.0052 0.018932 -1.136972 12.13 
11.3570 2 1 1 0x0 4.0189 3.9811 4.02 3.98 0.8378 1.0949 0.0003 0.0004 10.1094 0.0053 0.018932 -1.133727 12.12 
11.3610 2 1 1 0x0 4.0189 3.9811 4.02 3.98 0.9828 0.7909 0.0003 0.0004 10.1130 0.0054 0.018932 -1.134545 12.14 
11.3650 2 1 1 0x0 4.0216 3.9784 4.02 3.98 0.9479 0.9762 0.0006 0.0004 10.1165 0.0054 0.021636 -1.139323 12.13 
11.3690 2 1 1 0x0 4.0216 3.9784 4.02 3.98 0.8644 0.8335 0.0004 0.0003 10.1201 0.0055 0.021636 -1.133526 12.14 
11.3730 2 1 1 0x0 4.0189 3.9811 4.02 3.98 0.9868 0.8547 0.0003 0.0006 10.1236 0.0056 0.018932 -1.130903 12.13 
11.3770 2 1 1 0x0 4.0216 3.9784 4.02 3.98 1.0173 0.9786 0.0006 0.0004 10.1270 0.0056 0.021636 -1.130295 12.13 
11.3810 2 1 1 0x0 4.0216 3.9784 4.02 3.98 0.7630 0.7722 0.0005 0.0003 10.1307 0.0057 0.021636 -1.127499 12.12 
11.3850 2 1 1 0x0 4.0189 3.9811 4.02 3.98 1.0376 0.7513 0.0004 0.0006 10.1341 0.0058 0.018932 -1.126835 12.12 
11.3890 2 1 1 0x0 4.0189 3.9811 4.02 3.98 0.9167 1.0443 0.0004 0.0006 10.1378 0.0059 0.018932 -1.127756 12.13 
11.3930 2 1 1 0x0 4.0189 3.9811 4.02 3.98 1.0374 0.8864 0.0005 0.0005 10.1414 0.0059 0.018932 -1.133271 12.12 
11.3970 2 1 1 0x0 4.0189 3.9811 4.02 3.98 0.8006 0.9981 0.0005 0.0006 10.1451 0.0060 0.018932 -1.142345 12.13 
11.4010 2 1 1 0x0 4.0189 3.9811 4.02 3.98 1.0274 0.7626 0.0005 0.0006 10.1487 0.0061 0.018932 -1.145682 12.13 
11.4050 2 1 1 0x0 4.0189 3.9811 4.02 3.98 0.8796 1.0219 0.0006 0.0006 10.1524 0.0061 0.018932 -1.144040 12.13 
11.4090 2 1 1 0x0 4.0189 3.9811 4.02 3.98 1.0790 1.0836 0.0007 0.0003 10.1564 0.0062 0.018932 -1.140824 12.13 
11.4130 2 1 1 0x0 4.0189 3.9811 4.02 3.98 0.9891 0.7970 0.0003 0.0003 10.1601 0.0063 0.018932 -1.138270 12.12 
11.4170 2 1 1 0x0 4.0216 3.9784 4.02 3.98 1.0089 0.9679 0.0007 0.0003 10.1635 0.0064 0.021636 -1.135189 12.13 
11.4210 2 1 1 0x0 4.0189 3.9811 4.02 3.98 0.8259 0.8856 0.0005 0.0005 10.1670 0.0064 0.018932 -1.131438 12.13 
11.4250 2 1 1 0x0 4.0162 3.9838 4.02 3.98 1.0393 0.9189 0.0004 0.0007 10.1704 0.0065 0.016227 -1.127406 12.12 
11.4290 2 1 1 0x0 4.0162 3.9838 4.02 3.98 0.7921 0.8292 0.0003 0.0004 10.1741 0.0065 0.016227 -1.125857 12.12 
11.4330 2 1 1 0x0 4.0135 3.9865 4.01 3.99 0.9844 0.8497 0.0003 0.0006 10.1775 0.0066 0.013522 -1.128007 12.12 
11.4370 2 1 1 0x0 4.0135 3.9865 4.01 3.99 0.8542 0.9861 0.0003 0.0005 10.1812 0.0067 0.013522 -1.132732 12.13 
11.4410 2 1 1 0x0 4.0135 3.9865 4.01 3.99 0.9782 0.7670 0.0004 0.0003 10.1848 0.0067 0.013522 -1.140834 12.14 
11.4450 2 1 1 0x0 4.0135 3.9865 4.01 3.99 0.7946 0.9512 0.0004 0.0003 10.1885 0.0068 0.013522 -1.142529 12.13 
11.4490 2 1 1 0x0 4.0135 3.9865 4.01 3.99 1.0415 0.8558 0.0004 0.0003 10.1921 0.0068 0.013522 -1.140124 12.13 
11.4530 2 1 1 0x0 4.0135 3.9865 4.01 3.99 0.8672 0.9735 0.0005 0.0003 10.1958 0.0068 0.013522 -1.141321 12.13 
11.4570 2 1 1 0x0 4.0108 3.9892 4.01 3.99 1.0261 1.0058 0.0005 0.0007 10.1992 0.0069 0.010818 -1.144881 12.13 
11.4610 2 1 1 0x0 4.0135 3.9865 4.01 3.99 0.8107 0.9981 0.0006 0.0002 10.2031 0.0069 0.013522 -1.133991 12.13 
11.4650 2 1 1 0x0 4.0108 3.9892 4.01 3.99 0.9561 0.9244 0.0002 0.0003 10.2069 0.0070 0.010818 -1.129336 12.13 
11.4690 2 1 1 0x0 4.0108 3.9892 4.01 3.99 1.0491 1.0937 0.0004 0.0003 10.2106 0.0070 0.010818 -1.127583 12.13 
11.4730 2 1 1 0x0 4.0108 3.9892 4.01 3.99 0.8427 0.8351 0.0004 0.0003 10.2142 0.0071 0.010818 -1.127767 12.13 
11.4770 2 1 1 0x0 4.0108 3.9892 4.01 3.99 1.0324 1.0434 0.0005 0.0003 10.2179 0.0071 0.010818 -1.127841 12.11 
11.4810 2 1 1 0x0 4.0108 3.9892 4.01 3.99 0.8669 0.9455 0.0005 0.0004 10.2215 0.0071 0.010818 -1.131244 12.12 
11.4850 2 1 1 0x0 4.0108 3.9892 4.01 3.99 1.0387 1.0637 0.0005 0.0005 10.2252 0.0072 0.010818 -1.133842 12.13 
11.4890 2 1 1 0x0 4.0108 3.9892 4.01 3.99 0.7546 0.8099 0.0005 0.0006 10.2288 0.0072 0.010818 -1.138043 12.13 
11.4930 2 1 1 0x0 4.0135 3.9865 4.01 3.99 0.9778 0.8855 0.0004 0.0003 10.2327 0.0073 0.013522 -1.138508 12.12 
11.4970 2 1 1 0x0 4.0135 3.9865 4.01 3.99 0.8563 1.0676 0.0004 0.0004 10.2363 0.0073 0.013522 -1.134464 12.11 
11.5010 2 1 1 0x0 4.0135 3.9865 4.01 3.99 1.0478 0.7629 0.0004 0.0004 10.2400 0.0073 0.013522 -1.129778 12.13 
11.5050 2 1 1 0x0 4.0108 3.9892 4.01 3.99 0.7535 0.7414 0.0005 0.0007 10.2434 0.0074 0.010818 -1.126894 12.13 
11.5090 2 1 1 0x0 4.0108 3.9892 4.01 3.99 1.0409 0.9328 0.0005 0.0005 10.2471 0.0074 0.010818 -1.127364 12.13 
11.5130 2 1 1 0x0 4.0081 3.9919 4.01 3.99 1.0067 0.8211 0.0002 0.0004 10.2509 0.0075 0.008113 -1.128337 12.13 
11.5170 2 1 1 0x0 4.0081 3.9919 4.01 3.99 0.8252 1.0245 0.0003 0.0004 10.2546 0.0075 0.008113 -1.132491 12.13 
11.5210 2 1 1 0x0 4.0081 3.9919 4.01 3.99 1.0575 0.7868 0.0004 0.0004 10.2582 0.0075 0.008113 -1.131973 12.13 
11.5250 2 1 1 0x0 4.0081 3.9919 4.01 3.99 0.9676 0.9799 0.0004 0.0004 10.2619 0.0076 0.008113 -1.131464 12.12 
11.5290 2 1 1 0x0 4.0081 3.9919 4.01 3.99 0.9760 0.9398 0.0005 0.0005 10.2655 0.0076 0.008113 -1.134017 12.13 
11.5330 2 1 1 0x0 4.0081 3.9919 4.01 3.99 0.7909 1.0011 0.0004 0.0005 10.2692 0.0076 0.008113 -1.136773 12.12 
11.5370 2 1 1 0x0 4.0081 3.9919 4.01 3.99 0.9831 0.8038 0.0004 0.0006 10.2728 0.0077 0.008113 -1.134621 12.13 
11.5410 2 1 1 0x0 4.0081 3.9919 4.01 3.99 0.8583 1.0223 0.0005 0.0006 10.2765 0.0077 0.008113 -1.129444 12.12 
11.5450 2 1 1 0x0 4.0108 3.9892 4.01 3.99 1.0372 1.0105 0.0006 0.0002 10.2803 0.0077 0.010818 -1.128718 12.13 
11.5490 2 1 1 0x0 4.0108 3.9892 4.01 3.99 0.8060 0.7970 0.0006 0.0003 10.2840 0.0078 0.010818 -1.132469 12.13 
11.5530 2 1 1 0x0 4.0081 3.9919 4.01 3.99 0.8970 1.0326 0.0003 0.0003 10.2878 0.0078 0.008113 -1.142925 12.13 
11.5570 2 1 1 0x0 4.0081 3.9919 4.01 3.99 1.1301 0.8966 0.0005 0.0003 10.2915 0.0078 0.008113 -1.142064 12.13 
11.5610 2 1 1 0x0 4.0081 3.9919 4.01 3.99 0.7955 1.0567 0.0005 0.0003 10.2951 0.0078 0.008113 -1.140920 12.13 
11.5650 2 1 1 0x0 4.0081 3.9919 4.01 3.99 0.9804 0.8113 0.0005 0.0003 10.2988 0.0079 0.008113 -1.138773 12.12 
11.5690 2 1 1 0x0 4.0081 3.9919 4.01 3.99 0.8401 1.0098 0.0003 0.0003 10.3024 0.0079 0.008113 -1.132703 12.13 
11.5730 2 1 1 0x0 4.0108 3.9892 4.01 3.99 0.8116 0.9133 0.0005 0.0003 10.3059 0.0079 0.010818 -1.130767 12.12 
11.5770 2 1 1 0x0 4.0108 3.9892 4.01 3.99 0.9963 1.0323 0.0004 0.0003 10.3095 0.0080 0.010818 -1.128864 12.13 
11.5810 2 1 1 0x0 4.0108 3.9892 4.01 3.99 1.0241 0.9355 0.0007 0.0007 10.3128 0.0080 0.010818 -1.127302 12.12 
11.5851 2 1 1 0x0 4.0108 3.9892 4.01 3.99 0.8021 0.7609 0.0007 0.0006 10.3164 0.0080 0.010818 -1.127730 12.12 
11.5891 2 1 1 0x0 4.0108 3.9892 4.01 3.99 1.0381 1.0266 0.0006 0.0006 10.3201 0.0081 0.010818 -1.128261 12.14 
11.5931 2 1 1 0x0 4.0081 3.9919 4.01 3.99 1.0177 0.8995 0.0002 0.0005 10.3239 0.0081 0.008113 -1.134375 12.13 
11.5971 2 1 1 0x0 4.0108 3.9892 4.01 3.99 0.9668 1.0522 0.0007 0.0005 10.3274 0.0081 0.010818 -1.135840 12.13 
11.6011 2 1 1 0x0 4.0108 3.9892 4.01 3.99 0.7543 0.7715 0.0006 0.0005 10.3310 0.0082 0.010818 -1.134707 12.13 
11.6051 2 1 1 0x0 4.0108 3.9892 4.01 3.99 0.9844 1.0048 0.0005 0.0006 10.3347 0.0082 0.010818 -1.140717 12.13 
11.6091 2 1 1 0x0 4.0108 3.9892 4.01 3.99 0.7968 0.9180 0.0004 0.0006 10.3384 0.0083 0.010818 -1.137396 12.12 
11.6131 2 1 1 0x0 4.0135 3.9865 4.01 3.99 0.8195 0.9667 0.0007 0.0005 10.3418 0.0083 0.013522 -1.134373 12.13 
11.6171 2 1 1 0x0 4.0108 3.9892 4.01 3.99 0.9856 0.9405 0.0005 0.0007 10.3452 0.0083 0.010818 -1.133026 12.12 
11.6211 2 1 1 0x0 4.0108 3.9892 4.01 3.99 0.7394 0.7968 0.0004 0.0006 10.3489 0.0084 0.010818 -1.133634 12.13 
11.6251 2 1 1 0x0 4.0108 3.9892 4.01 3.99 1.0083 0.9687 0.0003 0.0004 10.3525 0.0084 0.010818 -1.133955 12.13 
11.6291 2 1 1 0x0 4.0108 3.9892 4.01 3.99 0.8322 0.8905 0.0003 0.0004 10.3562 0.0085 0.010818 -1.134134 12.13 
11.6331 2 1 1 0x0 4.0108 3.9892 4.01 3.99 1.0135 0.9955 0.0003 0.0004 10.3599 0.0085 0.010818 -1.140002 12.12 
11.6371 2 1 1 0x0 4.0108 3.9892 4.01 3.99 0.7721 0.7630 0.0003 0.0003 10.3635 0.0086 0.010818 -1.142910 12.13 
11.6411 2 1 1 0x0 4.0108 3.9892 4.01 3.99 1.0145 0.9554 0.0003 0.0003 10.3672 0.0086 0.010818 -1.140729 12.13 
11.6451 2 1 1 0x0 4.0108 3.9892 4.01 3.99 0.8835 0.9049 0.0003 0.0004 10.3708 0.0086 0.010818 -1.135373 12.13 
11.6491 2 1 1 0x0 4.0108 3.9892 4.01 3.99 1.0091 1.0459 0.0003 0.0004 10.3745 0.0087 0.010818 -1.131915 12.13 
11.6531 2 1 1 0x0 4.0108 3.9892 4.01 3.99 0.7744 0.7366 0.0004 0.0004 10.3781 0.0087 0.010818 -1.130747 12.13 
11.6571 2 1 1 0x0 4.0108 3.9892 4.01 3.99 1.0033 1.0031 0.0004 0.0004 10.3818 0.0088 0.010818 -1.128651 12.13 
11.6611 2 1 1 0x0 4.0108 3.9892 4.01 3.99 0.9536 0.8636 0.0005 0.0003 10.3854 0.0088 0.010818 -1.127854 12.13 
11.6651 2 1 1 0x0 4.0108 3.9892 4.01 3.99 1.0578 0.9637 0.0006 0.0003 10.3891 0.0088 0.010818 -1.133694 12.12 
11.6691 2 1 1 0x0 4.0081 3.9919 4.01 3.99 0.7855 0.9963 0.0005 0.0007 10.3925 0.0089 0.008113 -1.134427 12.13 
11.6731 2 1 1 0x0 4.0081 3.9919 4.01 3.99 0.9953 0.7260 0.0005 0.0007 10.3962 0.0089 0.008113 -1.132894 12.12 
11.6771 2 1 1 0x0 4.0108 3.9892 4.01 3.99 0.8412 0.9546 0.0005 0.0006 10.4000 0.0089 0.010818 -1.134623 12.14 
11.6811 2 1 1 0x0 4.0108 3.9892 4.01 3.99 1.0007 1.0080 0.0005 0.0003 10.4037 0.0090 0.010818 -1.136996 12.13 
11.6851 2 1 1 0x0 4.0108 3.9892 4.01 3.99 0.7735 0.8441 0.0004 0.0003 10.4073 0.0090 0.010818 -1.134160 12.13 
11.6891 2 1 1 0x0 4.0108 3.9892 4.01 3.99 1.0198 1.0301 0.0003 0.0004 10.4110 0.0090 0.010818 -1.137636 12.13 
11.6931 2 1 1 0x0 4.0135 3.9865 4.01 3.99 0.9809 0.9556 0.0007 0.0004 10.4144 0.0091 0.013522 -1.132384 12.13 
11.6971 2 1 1 0x0 4.0135 3.9865 4.01 3.99 0.8402 0.9840 0.0005 0.0005 10.4181 0.0091 0.013522 -1.127523 12.12 
11.7011 2 1 1 0x0 4.0135 3.9865 4.01 3.99 1.0168 0.8137 0.0004 0.0006 10.4217 0.0092 0.013522 -1.126659 12.13 
11.7051 2 1 1 0x0 4.0162 3.9838 4.02 3.98 1.0448 1.0062 0.0007 0.0006 10.4252 0.0092 0.016227 -1.126321 12.13 
11.7091 2 1 1 0x0 4.0189 3.9811 4.02 3.98 0.7913 0.9963 0.0007 0.0002 10.4290 0.0093 0.018932 -1.126496 12.13 
11.7131 2 1 1 0x0 4.0189 3.9811 4.02 3.98 1.0546 0.8054 0.0006 0.0003 10.4327 0.0094 0.018932 -1.134539 12.13 
11.7171 2 1 1 0x0 4.0162 3.9838 4.02 3.98 1.0295 1.0202 0.0002 0.0004 10.4365 0.0094 0.016227 -1.136144 12.13 
11.7211 2 1 1 0x0 4.0162 3.9838 4.02 3.98 0.7632 0.9059 0.0003 0.0005 10.4402 0.0095 0.016227 -1.134653 12.12 
11.7251 2 1 1 0x0 4.0162 3.9838 4.02 3.98 1.0237 1.0425 0.0003 0.0006 10.4438 0.0096 0.016227 -1.140059 12.13 
11.7291 2 1 1 0x0 4.0189 3.9811 4.02 3.98 0.8814 1.0308 0.0004 0.0002 10.4477 0.0096 0.018932 -1.136486 12.12 
11.7331 2 1 1 0x0 4.0189 3.9811 4.02 3.98 1.0021 0.8983 0.0005 0.0003 10.4513 0.0097 0.018932 -1.133551 12.13 
11.7371 2 1 1 0x0 4.0189 3.9811 4.02 3.98 0.7340 0.9834 0.0004 0.0004 10.4550 0.0098 0.018932 -1.132188 12.12 
11.7411 2 1 1 0x0 4.0189 3.9811 4.02 3.98 0.6798 1.0204 0.0006 0.0007 10.4582 0.0098 0.018932 -1.128738 12.12 
11.7451 2 1 1 0x0 4.0189 3.9811 4.02 3.98 1.0166 0.7481 0.0004 0.0005 10.4619 0.0099 0.018932 -1.129771 12.12 
11.7491 2 1 1 0x0 4.0216 3.9784 4.02 3.98 0.9849 0.9833 0.0006 0.0003 10.4653 0.0100 0.021636 -1.128931 12.12 
11.7531 2 1 1 0x0 4.0216 3.9784 4.02 3.98 0.7986 0.8317 0.0005 0.0003 10.4690 0.0100 0.021636 -1.130395 12.13 
11.7571 2 1 1 0x0 4.0216 3.9784 4.02 3.98 1.0039 1.0071 0.0005 0.0003 10.4726 0.0101 0.021636 -1.134336 12.13 
11.7611 2 1 1 0x0 4.0216 3.9784 4.02 3.98 0.7345 0.7991 0.0004 0.0003 10.4763 0.0102 0.021636 -1.132362 12.12 
11.7651 2 1 1 0x0 4.0216 3.9784 4.02 3.98 1.0108 0.9624 0.0004 0.0003 10.4799 0.0103 0.021636 -1.131588 12.12 
11.7691 2 1 1 0x0 4.0216 3.9784 4.02 3.98 0.8860 0.9586 0.0005 0.0003 10.4836 0.0103 0.021636 -1.130594 12.12 
11.7731 2 1 1 0x0 4.0216 3.9784 4.02 3.98 1.0016 1.0486 0.0005 0.0004 10.4872 0.0104 0.021636 -1.130149 12.13 
11.7771 2 1 1 0x0 4.0216 3.9784 4.02 3.98 0.7760 0.8179 0.0005 0.0005 10.4909 0.0105 0.021636 -1.131383 12.13 
11.7811 2 1 1 0x0 4.0216 3.9784 4.02 3.98 0.9646 0.9975 0.0003 0.0006 10.4945 0.0106 0.021636 -1.136790 12.13 
11.7851 2 1 1 0x0 4.0270 3.9730 4.03 3.97 0.9407 1.0548 0.0005 0.0003 10.4982 0.0107 0.027045 -1.137132 12.13 
11.7891 2 1 1 0x0 4.0297 3.9703 4.03 3.97 0.9213 0.7700 0.0007 0.0003 10.5016 0.0107 0.029750 -1.136049 12.12 
11.7931 2 1 1 0x0 4.0297 3.9703 4.03 3.97 0.8335 1.0799 0.0004 0.0004 10.5053 0.0109 0.029750 -1.131909 12.12 
11.7971 2 1 1 0x0 4.0297 3.9703 4.03 3.97 0.9682 0.9176 0.0002 0.0005 10.5089 0.0110 0.029750 -1.128942 12.12 
11.8011 2 1 1 0x0 4.0325 3.9675 4.03 3.97 0.9976 1.0262 0.0005 0.0006 10.5124 0.0111 0.032454 -1.128756 12.12 
11.8051 2 1 1 0x0 4.0352 3.9648 4.04 3.96 0.7721 1.0150 0.0004 0.0002 10.5162 0.0112 0.035159 -1.130541 12.12 
11.8091 2 1 1 0x0 4.0352 3.9648 4.04 3.96 1.0171 0.9109 0.0004 0.0003 10.5199 0.0113 0.035159 -1.139200 12.12 
11.8131 2 1 1 0x0 4.0352 3.9648 4.04 3.96 0.8823 1.0358 0.0004 0.0004 10.5235 0.0115 0.035159 -1.139049 12.13 
11.8171 2 1 1 0x0 4.0352 3.9648 4.04 3.96 1.0067 0.8255 0.0005 0.0004 10.5272 0.0116 0.035159 -1.140535 12.12 
11.8211 2 1 1 0x0 4.0352 3.9648 4.04 3.96 0.7790 1.0567 0.0005 0.0005 10.5308 0.0117 0.035159 -1.144480 12.12 
11.8251 2 1 1 0x0 4.0352 3.9648 4.04 3.96 0.9963 0.8808 0.0006 0.0006 10.5345 0.0118 0.035159 -1.145700 12.13 
11.8292 2 1 1 0x0 4.0352 3.9648 4.04 3.96 0.8331 1.0771 0.0004 0.0007 10.5381 0.0120 0.035159 -1.147875 12.13 
11.8332 2 1 1 0x0 4.0379 3.9621 4.04 3.96 0.8066 0.9936 0.0007 0.0003 10.5420 0.0121 0.037863 -1.144928 12.11 
11.8372 2 1 1 0x0 4.0406 3.9594 4.04 3.96 1.0072 0.8723 0.0005 0.0003 10.5454 0.0122 0.040568 -1.140372 12.12 
11.8412 2 1 1 0x0 4.0406 3.9594 4.04 3.96 0.7275 1.0180 0.0003 0.0002 10.5491 0.0124 0.040568 -1.138868 12.11 
11.8452 2 1 1 0x0 4.0379 3.9621 4.04 3.96 1.0356 0.9866 0.0003 0.0006 10.5525 0.0125 0.037863 -1.140039 12.11 
11.8492 2 1 1 0x0 4.0379 3.9621 4.04 3.96 0.8680 0.8101 0.0003 0.0006 10.5562 0.0127 0.037863 -1.144675 12.14 
11.8532 2 1 1 0x0 4.0379 3.9621 4.04 3.96 1.0277 1.0121 0.0003 0.0005 10.5598 0.0128 0.037863 -1.150184 12.13 
11.8572 2 1 1 0x0 4.0379 3.9621 4.04 3.96 0.8084 0.8587 0.0004 0.0006 10.5634 0.0130 0.037863 -1.147643 12.12 
11.8612 2 1 1 0x0 4.0379 3.9621 4.04 3.96 0.9679 0.9686 0.0003 0.0006 10.5671 0.0131 0.037863 -1.144341 12.13 
11.8652 2 1 1 0x0 4.0379 3.9621 4.04 3.96 0.9920 0.7803 0.0007 0.0006 10.5707 0.0132 0.037863 -1.140881 12.12 
11.8692 2 1 1 0x0 4.0433 3.9567 4.04 3.96 0.8381 0.9011 0.0006 0.0003 10.5744 0.0134 0.043272 -1.144757 12.13 
11.8732 2 1 1 0x0 4.0433 3.9567 4.04 3.96 1.0117 1.0479 0.0005 0.0003 10.5780 0.0135 0.043272 -1.145029 12.12 
11.8772 2 1 1 0x0 4.0433 3.9567 4.04 3.96 0.7688 0.8173 0.0005 0.0004 10.5817 0.0137 0.043272 -1.143464 12.13 
11.8812 2 1 1 0x0 4.0433 3.9567 4.04 3.96 1.0198 1.0000 0.0005 0.0004 10.5853 0.0139 0.043272 -1.146438 12.13 
11.8852 2 1 1 0x0 4.0433 3.9567 4.04 3.96 0.9424 0.9835 0.0006 0.0005 10.5890 0.0140 0.043272 -1.153185 12.13 
11.8892 2 1 1 0x0 4.0406 3.9594 4.04 3.96 0.8352 1.0206 0.0003 0.0006 10.5928 0.0142 0.040568 -1.159379 12.13 
11.8932 2 1 1 0x0 4.0406 3.9594 4.04 3.96 0.9741 0.7895 0.0003 0.0006 10.5965 0.0143 0.040568 -1.155984 12.13 
11.8972 2 1 1 0x0 4.0406 3.9594 4.04 3.96 0.8065 1.0453 0.0003 0.0006 10.6001 0.0145 0.040568 -1.155025 12.13 
11.9012 2 1 1 0x0 4.0433 3.9567 4.04 3.96 0.8252 0.8844 0.0005 0.0005 10.6036 0.0146 0.043272 -1.151483 12.13 
11.9052 2 1 1 0x0 4.0433 3.9567 4.04 3.96 1.0409 1.0037 0.0004 0.0004 10.6072 0.0148 0.043272 -1.147771 12.12 
11.9092 2 1 1 0x0 4.0433 3.9567 4.04 3.96 0.7880 0.7583 0.0003 0.0003 10.6109 0.0149 0.043272 -1.152200 12.12 
11.9132 2 1 1 0x0 4.0433 3.9567 4.04 3.96 0.9926 0.9641 0.0002 0.0003 10.6145 0.0151 0.043272 -1.151367 12.12 
11.9172 2 1 1 0x0 4.0460 3.9540 4.05 3.95 1.0114 0.8459 0.0007 0.0003 10.6180 0.0153 0.045977 -1.151871 12.12 
11.9212 2 1 1 0x0 4.0433 3.9567 4.04 3.96 1.0625 1.0564 0.0003 0.0003 10.6218 0.0154 0.043272 -1.161154 12.13 
11.9252 2 1 1 0x0 4.0406 3.9594 4.04 3.96 0.7884 1.0194 0.0003 0.0007 10.6253 0.0156 0.040568 -1.162093 12.13 
11.9292 2 1 1 0x0 4.0433 3.9567 4.04 3.96 1.0472 1.0115 0.0004 0.0002 10.6291 0.0157 0.043272 -1.166421 12.12 
11.9332 2 1 1 0x0 4.0433 3.9567 4.04 3.96 0.9228 0.9138 0.0005 0.0003 10.6328 0.0159 0.043272 -1.165898 12.13 
11.9372 2 1 1 0x0 4.0433 3.9567 4.04 3.96 0.9686 1.0321 0.0005 0.0004 10.6364 0.0160 0.043272 -1.163370 12.14 
11.9412 2 1 1 0x0 4.0433 3.9567 4.04 3.96 0.7457 0.7829 0.0003 0.0004 10.6401 0.0162 0.043272 -1.162942 12.13 
11.9452 2 1 1 0x0 4.0460 3.9540 4.05 3.95 0.7640 1.0572 0.0006 0.0004 10.6435 0.0164 0.045977 -1.158742 12.12 
11.9492 2 1 1 0x0 4.0460 3.9540 4.05 3.95 0.9757 0.9345 0.0005 0.0005 10.6472 0.0165 0.045977 -1.154849 12.13 
11.9532 2 1 1 0x0 4.0460 3.9540 4.05 3.95 0.8051 1.0071 0.0004 0.0006 10.6508 0.0167 0.045977 -1.152508 12.13 
11.9572 2 1 1 0x0 4.0460 3.9540 4.05 3.95 0.9943 0.7984 0.0003 0.0006 10.6544 0.0169 0.045977 -1.151093 12.13 
11.9612 2 1 1 0x0 4.0460 3.9540 4.05 3.95 0.7792 1.0289 0.0003 0.0006 10.6581 0.0170 0.045977 -1.151599 12.12 
11.9652 2 1 1 0x0 4.0487 3.9513 4.05 3.95 1.0026 1.0912 0.0003 0.0003 10.6619 0.0172 0.048681 -1.154065 12.13 
11.9692 2 1 1 0x0 4.0487 3.9513 4.05 3.95 0.8429 0.7935 0.0003 0.0003 10.6656 0.0174 0.048681 -1.157662 12.14 
11.9732 2 1 1 0x0 4.0487 3.9513 4.05 3.95 1.0609 0.9698 0.0004 0.0004 10.6692 0.0176 0.048681 -1.157515 12.13 
11.9772 2 1 1 0x0 4.0487 3.9513 4.05 3.95 0.7890 0.8951 0.0004 0.0005 10.6729 0.0178 0.048681 -1.154575 12.13 
11.9812 2 1 1 0x0 4.0487 3.9513 4.05 3.95 0.9789 0.9883 0.0005 0.0005 10.6765 0.0179 0.048681 -1.152558 12.12 
11.9852 2 1 1 0x0 4.0487 3.9513 4.05 3.95 0.8575 0.8115 0.0005 0.0006 10.6802 0.0181 0.048681 -1.151994 12.12 
11.9892 2 1 1 0x0 4.0487 3.9513 4.05 3.95 1.0459 1.0098 0.0006 0.0006 10.6838 0.0183 0.048681 -1.152281 12.13 
11.9932 2 1 1 0x0 4.0514 3.9486 4.05 3.95 0.7956 0.9999 0.0006 0.0003 10.6877 0.0185 0.051386 -1.159572 12.12 
11.9972 2 1 1 0x0 4.0487 3.9513 4.05 3.95 0.9352 0.8030 0.0002 0.0003 10.6915 0.0187 0.048681 -1.167019 12.12 
12.0012 2 1 1 0x0 4.0487 3.9513 4.05 3.95 1.0037 1.0241 0.0003 0.0004 10.6952 0.0189 0.048681 -1.168727 12.13 
12.0052 2 1 1 0x0 4.0487 3.9513 4.05 3.95 0.7822 0.9026 0.0004 0.0004 10.6988 0.0190 0.048681 -1.169585 12.13 
12.0092 2 1 1 0x0 4.0487 3.9513 4.05 3.95 0.9853 0.9802 0.0005 0.0005 10.7025 0.0192 0.048681 -1.169008 12.12 
12.0132 2 1 1 0x0 4.0433 3.9567 4.04 3.96 1.0230 0.9525 0.0002 0.0008 10.7061 0.0194 0.043272 -1.165890 12.12 
12.0172 2 1 1 0x0 4.0433 3.9567 4.04 3.96 0.7727 0.7108 0.0003 0.0005 10.7098 0.0195 0.043272 -1.160145 12.12 
12.0212 2 1 1 0x0 4.0406 3.9594 4.04 3.96 1.0792 0.7246 0.0004 0.0006 10.7132 0.0197 0.040568 -1.157732 12.13 
12.0252 2 1 1 0x0 4.0406 3.9594 4.04 3.96 0.8884 0.9036 0.0004 0.0004 10.7169 0.0198 0.040568 -1.156616 12.13 
12.0292 2 1 1 0x0 4.0406 3.9594 4.04 3.96 1.0074 0.8452 0.0004 0.0003 10.7205 0.0200 0.040568 -1.157045 12.12 
12.0332 2 1 1 0x0 4.0406 3.9594 4.04 3.96 0.7735 0.9893 0.0004 0.0002 10.7242 0.0201 0.040568 -1.166227 12.12 
12.0372 2 1 1 0x0 4.0379 3.9621 4.04 3.96 1.0857 1.0231 0.0004 0.0007 10.7276 0.0203 0.037863 -1.170133 12.13 
12.0412 2 1 1 0x0 4.0406 3.9594 4.04 3.96 0.8915 1.0861 0.0005 0.0003 10.7315 0.0204 0.040568 -1.167843 12.13 
12.0452 2 1 1 0x0 4.0406 3.9594 4.04 3.96 1.0625 0.9166 0.0006 0.0005 10.7351 0.0206 0.040568 -1.165159 12.13 
12.0492 2 1 1 0x0 4.0406 3.9594 4.04 3.96 1.0389 0.8541 0.0002 0.0003 10.7392 0.0207 0.040568 -1.168550 12.13 
12.0532 2 1 1 0x0 4.0406 3.9594 4.04 3.96 0.8746 1.0843 0.0003 0.0005 10.7428 0.0209 0.040568 -1.163611 12.12 
12.0572 2 1 1 0x0 4.0433 3.9567 4.04 3.96 1.0770 1.0668 0.0005 0.0003 10.7467 0.0210 0.043272 -1.164268 12.13 
12.0612 2 1 1 0x0 4.0406 3.9594 4.04 3.96 1.0403 0.8075 0.0002 0.0004 10.7505 0.0212 0.040568 -1.171897 12.12 
12.0652 2 1 1 0x0 4.0406 3.9594 4.04 3.96 0.8742 1.0144 0.0004 0.0004 10.7542 0.0214 0.040568 -1.169763 12.11 
12.0692 2 1 1 0x0 4.0406 3.9594 4.04 3.96 0.9704 0.9705 0.0003 0.0005 10.7578 0.0215 0.040568 -1.166825 12.13 
12.0732 2 1 1 0x0 4.0433 3.9567 4.04 3.96 1.0030 1.0375 0.0006 0.0006 10.7613 0.0217 0.043272 -1.164703 12.12 
12.0773 2 1 1 0x0 4.0433 3.9567 4.04 3.96 0.7722 0.8229 0.0005 0.0006 10.7649 0.0218 0.043272 -1.161610 12.12 
12.0813 2 1 1 0x0 4.0433 3.9567 4.04 3.96 1.0183 1.0640 0.0005 0.0006 10.7685 0.0220 0.043272 -1.163028 12.12 
12.0853 2 1 1 0x0 4.0460 3.9540 4.05 3.95 0.8830 1.0500 0.0005 0.0003 10.7724 0.0222 0.045977 -1.165659 12.13 
12.0893 2 1 1 0x0 4.0460 3.9540 4.05 3.95 1.0014 0.8167 0.0006 0.0003 10.7760 0.0223 0.045977 -1.164174 12.13 
12.0933 2 1 1 0x0 4.0433 3.9567 4.04 3.96 1.0511 0.9997 0.0002 0.0004 10.7799 0.0225 0.043272 -1.162524 12.13 
12.0973 2 1 1 0x0 4.0433 3.9567 4.04 3.96 0.8603 0.8700 0.0003 0.0005 10.7835 0.0226 0.043272 -1.161242 12.13 
12.1013 2 1 1 0x0 4.0460 3.9540 4.05 3.95 0.7869 1.0201 0.0006 0.0005 10.7870 0.0228 0.045977 -1.151329 12.13 
12.1053 2 1 1 0x0 4.0487 3.9513 4.05 3.95 0.7504 0.7903 0.0006 0.0005 10.7904 0.0230 0.048681 -1.149590 12.12 
12.1093 2 1 1 0x0 4.0487 3.9513 4.05 3.95 0.9214 0.9189 0.0003 0.0003 10.7941 0.0231 0.048681 -1.152405 12.12 
12.1133 2 1 1 0x0 4.0487 3.9513 4.05 3.95 0.9636 0.9507 0.0005 0.0006 10.7973 0.0233 0.048681 -1.148376 12.12 
12.1173 2 1 1 0x0 4.0487 3.9513 4.05 3.95 0.7483 0.8535 0.0003 0.0005 10.8010 0.0235 0.048681 -1.144744 12.12 
12.1213 2 1 1 0x0 4.0514 3.9486 4.05 3.95 0.7701 0.9803 0.0006 0.0004 10.8044 0.0237 0.051386 -1.141500 12.12 
12.1253 2 1 1 0x0 4.0487 3.9513 4.05 3.95 1.0252 0.9520 0.0005 0.0007 10.8079 0.0238 0.048681 -1.141857 12.13 
12.1293 2 1 1 0x0 4.0487 3.9513 4.05 3.95 0.8721 0.7500 0.0005 0.0006 10.8115 0.0240 0.048681 -1.146155 12.13 
12.1333 2 1 1 0x0 4.0487 3.9513 4.05 3.95 1.0218 0.9791 0.0006 0.0006 10.8151 0.0242 0.048681 -1.144104 12.13 
12.1373 2 1 1 0x0 4.0460 3.9540 4.05 3.95 1.0654 0.8838 0.0003 0.0006 10.8190 0.0244 0.045977 -1.148523 12.13 
12.1413 2 1 1 0x0 4.0460 3.9540 4.05 3.95 0.9103 1.0018 0.0004 0.0006 10.8226 0.0245 0.045977 -1.153414 12.14 
12.1453 2 1 1 0x0 4.0460 3.9540 4.05 3.95 1.1056 0.8016 0.0006 0.0006 10.8263 0.0247 0.045977 -1.156799 12.14 
12.1493 2 1 1 0x0 4.0433 3.9567 4.04 3.96 1.0678 1.0258 0.0003 0.0006 10.8301 0.0249 0.043272 -1.154066 12.13 
12.1533 2 1 1 0x0 4.0460 3.9540 4.05 3.95 0.9746 1.0881 0.0005 0.0003 10.8340 0.0251 0.045977 -1.148507 12.13 
12.1573 2 1 1 0x0 4.0460 3.9540 4.05 3.95 1.0277 0.7939 0.0006 0.0003 10.8376 0.0252 0.045977 -1.144236 12.12 
12.1613 2 1 1 0x0 4.0433 3.9567 4.04 3.96 1.0801 1.0377 0.0003 0.0003 10.8415 0.0254 0.043272 -1.142560 12.13 
12.1653 2 1 1 0x0 4.0433 3.9567 4.04 3.96 0.8359 0.8931 0.0003 0.0004 10.8451 0.0256 0.043272 -1.141549 12.13 
12.1693 2 1 1 0x0 4.0460 3.9540 4.05 3.95 0.8189 1.0612 0.0006 0.0004 10.8486 0.0257 0.045977 -1.138492 12.13 
12.1733 2 1 1 0x0 4.0460 3.9540 4.05 3.95 0.9782 0.8096 0.0005 0.0004 10.8522 0.0259 0.045977 -1.146761 12.14 
12.1773 2 1 1 0x0 4.0460 3.9540 4.05 3.95 0.7839 1.0158 0.0004 0.0004 10.8559 0.0260 0.045977 -1.149074 12.12 
12.1813 2 1 1 0x0 4.0460 3.9540 4.05 3.95 1.0051 0.9096 0.0003 0.0005 10.8595 0.0262 0.045977 -1.146004 12.13 
12.1853 2 1 1 0x0 4.0460 3.9540 4.05 3.95 0.8311 0.9726 0.0003 0.0005 10.8632 0.0264 0.045977 -1.142845 12.13 
12.1893 2 1 1 0x0 4.0487 3.9513 4.05 3.95 0.8615 0.7766 0.0006 0.0005 10.8666 0.0265 0.048681 -1.142157 12.11 
12.1933 2 1 1 0x0 4.0487 3.9513 4.05 3.95 0.9769 0.9998 0.0006 0.0004 10.8703 0.0267 0.048681 -1.142459 12.13 
12.1973 2 1 1 0x0 4.0487 3.9513 4.05 3.95 0.7906 0.9830 0.0006 0.0004 10.8739 0.0269 0.048681 -1.145704 12.13 
12.2013 2 1 1 0x0 4.0487 3.9513 4.05 3.95 1.0505 0.9594 0.0006 0.0004 10.8775 0.0271 0.048681 -1.148486 12.13 
12.2053 2 1 1 0x0 4.0460 3.9540 4.05 3.95 0.8607 0.9326 0.0006 0.0006 10.8810 0.0272 0.045977 -1.143739 12.13 
12.2093 2 1 1 0x0 4.0460 3.9540 4.05 3.95 0.9809 0.7606 0.0006 0.0004 10.8846 0.0274 0.045977 -1.140034 12.13 
12.2133 2 1 1 0x0 4.0433 3.9567 4.04 3.96 0.7427 0.7398 0.0004 0.0007 10.8881 0.0275 0.043272 -1.135089 12.13 
12.2173 2 1 1 0x0 4.0433 3.9567 4.04 3.96 1.0045 0.9383 0.0004 0.0005 10.8917 0.0277 0.043272 -1.133528 12.13 
12.2213 2 1 1 0x0 4.0433 3.9567 4.04 3.96 0.8858 0.8640 0.0003 0.0004 10.8954 0.0279 0.043272 -1.132912 12.13 
12.2253 2 1 1 0x0 4.0433 3.9567 4.04 3.96 1.0045 0.9664 0.0004 0.0003 10.8990 0.0280 0.043272 -1.133255 12.13 
12.2293 2 1 1 0x0 4.0433 3.9567 4.04 3.96 0.7781 0.8231 0.0004 0.0003 10.9027 0.0282 0.043272 -1.140334 12.12 
12.2333 2 1 1 0x0 4.0433 3.9567 4.04 3.96 0.9995 0.7600 0.0004 0.0007 10.9063 0.0283 0.043272 -1.141633 12.12 
12.2373 2 1 1 0x0 4.0433 3.9567 4.04 3.96 0.9039 0.9243 0.0005 0.0002 10.9100 0.0285 0.043272 -1.143117 12.12 
12.2413 2 1 1 0x0 4.0433 3.9567 4.04 3.96 1.0436 1.0960 0.0006 0.0002 10.9136 0.0286 0.043272 -1.139094 12.12 
12.2453 2 1 1 0x0 4.0406 3.9594 4.04 3.96 1.0179 0.8337 0.0002 0.0003 10.9175 0.0288 0.040568 -1.136400 12.13 
12.2493 2 1 1 0x0 4.0406 3.9594 4.04 3.96 0.8865 1.0455 0.0003 0.0003 10.9211 0.0289 0.040568 -1.140307 12.13 
12.2533 2 1 1 0x0 4.0406 3.9594 4.04 3.96 1.0635 0.8881 0.0004 0.0004 10.9248 0.0291 0.040568 -1.140361 12.13 
12.2573 2 1 1 0x0 4.0406 3.9594 4.04 3.96 0.7866 0.9961 0.0005 0.0005 10.9284 0.0292 0.040568 -1.140040 12.14 
12.2613 2 1 1 0x0 4.0406 3.9594 4.04 3.96 0.9986 0.8051 0.0004 0.0005 10.9321 0.0294 0.040568 -1.148177 12.12 
12.2653 2 1 1 0x0 4.0406 3.9594 4.04 3.96 0.8391 1.0196 0.0003 0.0006 10.9357 0.0296 0.040568 -1.147304 12.13 
12.2693 2 1 1 0x0 4.0433 3.9567 4.04 3.96 1.0078 1.0062 0.0003 0.0003 10.9396 0.0297 0.043272 -1.145559 12.13 
12.2733 2 1 1 0x0 4.0460 3.9540 4.05 3.95 1.0272 0.7995 0.0007 0.0003 10.9430 0.0299 0.045977 -1.144464 12.12 
12.2773 2 1 1 0x0 4.0433 3.9567 4.04 3.96 1.0162 1.0290 0.0002 0.0004 10.9469 0.0300 0.043272 -1.134507 12.12 
12.2813 2 1 1 0x0 4.0433 3.9567 4.04 3.96 0.8849 0.9590 0.0003 0.0005 10.9505 0.0302 0.043272 -1.132254 12.13 
12.2853 2 1 1 0x0 4.0433 3.9567 4.04 3.96 1.0045 1.0494 0.0003 0.0006 10.9542 0.0304 0.043272 -1.134472 12.12 
12.2893 2 1 1 0x0 4.0460 3.9540 4.05 3.95 0.8237 0.9710 0.0004 0.0002 10.9580 0.0305 0.045977 -1.132366 12.12 
12.2933 2 1 1 0x0 4.0460 3.9540 4.05 3.95 1.0541 0.8399 0.0005 0.0003 10.9617 0.0307 0.045977 -1.141623 12.12 
12.2973 2 1 1 0x0 4.0433 3.9567 4.04 3.96 1.0883 1.0647 0.0003 0.0003 10.9655 0.0309 0.043272 -1.145381 12.13 
12.3013 2 1 1 0x0 4.0433 3.9567 4.04 3.96 0.8266 0.7644 0.0004 0.0003 10.9691 0.0310 0.043272 -1.146762 12.13 
12.3053 2 1 1 0x0 4.0433 3.9567 4.04 3.96 1.0458 1.0179 0.0006 0.0004 10.9728 0.0312 0.043272 -1.152153 12.12 
12.3093 2 1 1 0x0 4.0406 3.9594 4.04 3.96 1.0867 0.9088 0.0003 0.0005 10.9766 0.0313 0.040568 -1.150727 12.13 
12.3133 2 1 1 0x0 4.0433 3.9567 4.04 3.96 0.9677 1.0385 0.0006 0.0005 10.9801 0.0315 0.043272 -1.147718 12.12 
12.3173 2 1 1 0x0 4.0433 3.9567 4.04 3.96 0.7930 0.8241 0.0005 0.0006 10.9837 0.0316 0.043272 -1.152754 12.13 
12.3213 2 1 1 0x0 4.0433 3.9567 4.04 3.96 1.0564 1.0604 0.0005 0.0007 10.9874 0.0318 0.043272 -1.151277 12.13 
12.3254 2 1 1 0x0 4.0433 3.9567 4.04 3.96 0.8453 0.8245 0.0004 0.0006 10.9910 0.0320 0.043272 -1.146937 12.12 
12.3294 2 1 1 0x0 4.0433 3.9567 4.04 3.96 1.0695 0.9570 0.0003 0.0003 10.9947 0.0321 0.043272 -1.143924 12.12 
12.3334 2 1 1 0x0 4.0406 3.9594 4.04 3.96 0.7396 0.9939 0.0003 0.0006 10.9981 0.0323 0.040568 -1.143311 12.12 
12.3374 2 1 1 0x0 4.0406 3.9594 4.04 3.96 1.0000 0.7625 0.0003 0.0004 11.0018 0.0324 0.040568 -1.143373 12.12 
12.3414 2 1 1 0x0 4.0406 3.9594 4.04 3.96 0.8977 0.9606 0.0004 0.0002 11.0054 0.0326 0.040568 -1.142933 12.12 
12.3454 2 1 1 0x0 4.0379 3.9621 4.04 3.96 1.0556 0.9950 0.0004 0.0006 11.0089 0.0327 0.037863 -1.146950 12.12 
12.3494 2 1 1 0x0 4.0379 3.9621 4.04 3.96 0.7497 0.8713 0.0005 0.0005 11.0125 0.0329 0.037863 -1.152685 12.13 
12.3534 2 1 1 0x0 4.0379 3.9621 4.04 3.96 0.9825 1.0206 0.0005 0.0005 11.0162 0.0330 0.037863 -1.153219 12.13 
12.3574 2 1 1 0x0 4.0379 3.9621 4.04 3.96 0.9115 0.7889 0.0005 0.0005 11.0198 0.0331 0.037863 -1.148044 12.12 
12.3614 2 1 1 0x0 4.0379 3.9621 4.04 3.96 1.0379 0.9787 0.0006 0.0005 11.0235 0.0333 0.037863 -1.151914 12.13 
12.3654 2 1 1 0x0 4.0379 3.9621 4.04 3.96 0.8013 0.8847 0.0006 0.0006 11.0271 0.0334 0.037863 -1.155662 12.13 
12.3694 2 1 1 0x0 4.0352 3.9648 4.04 3.96 0.8859 1.0010 0.0002 0.0006 11.0310 0.0336 0.035159 -1.161766 12.13 
12.3734 2 1 1 0x0 4.0352 3.9648 4.04 3.96 1.0019 0.7208 0.0003 0.0005 11.0346 0.0337 0.035159 -1.159203 12.13 
12.3774 2 1 1 0x0 4.0352 3.9648 4.04 3.96 1.0189 0.7348 0.0007 0.0007 11.0379 0.0338 0.035159 -1.153690 12.13 
12.3814 2 1 1 0x0 4.0352 3.9648 4.04 3.96 0.7583 0.9472 0.0006 0.0004 11.0415 0.0339 0.035159 -1.152658 12.12 
12.3854 2 1 1 0x0 4.0325 3.9675 4.03 3.97 0.9860 0.9222 0.0004 0.0007 11.0449 0.0340 0.032454 -1.150999 12.12 
12.3894 2 1 1 0x0 4.0325 3.9675 4.03 3.97 0.8972 0.8281 0.0003 0.0005 11.0486 0.0342 0.032454 -1.150117 12.12 
12.3934 2 1 1 0x0 4.0325 3.9675 4.03 3.97 0.9976 1.0158 0.0003 0.0004 11.0522 0.0343 0.032454 -1.152375 12.13 
12.3974 2 1 1 0x0 4.0325 3.9675 4.03 3.97 1.0144 1.0533 0.0007 0.0007 11.0555 0.0344 0.032454 -1.157407 12.12 
12.4014 2 1 1 0x0 4.0325 3.9675 4.03 3.97 0.9994 1.0463 0.0003 0.0002 11.0595 0.0345 0.032454 -1.163452 12.13 
12.4054 2 1 1 0x0 4.0297 3.9703 4.03 3.97 0.8486 1.0102 0.0003 0.0006 11.0630 0.0346 0.029750 -1.159606 12.13 
12.4094 2 1 1 0x0 4.0325 3.9675 4.03 3.97 1.0495 1.0728 0.0004 0.0002 11.0668 0.0348 0.032454 -1.156556 12.13 
12.4134 2 1 1 0x0 4.0297 3.9703 4.03 3.97 0.7950 1.0352 0.0004 0.0007 11.0703 0.0349 0.029750 -1.152342 12.12 
12.4174 2 1 1 0x0 4.0325 3.9675 4.03 3.97 1.0351 1.0266 0.0005 0.0002 11.0741 0.0350 0.032454 -1.148324 12.12 
12.4214 2 1 1 0x0 4.0325 3.9675 4.03 3.97 0.8775 0.9008 0.0006 0.0003 11.0778 0.0351 0.032454 -1.144964 12.13 
12.4254 2 1 1 0x0 4.0325 3.9675 4.03 3.97 1.0808 0.9798 0.0007 0.0003 11.0814 0.0352 0.032454 -1.137125 12.13 
12.4294 2 1 1 0x0 4.0297 3.9703 4.03 3.97 1.0483 0.7728 0.0004 0.0003 11.0853 0.0353 0.029750 -1.133533 12.13 
12.4334 2 1 1 0x0 4.0270 3.9730 4.03 3.97 0.8668 0.7516 0.0005 0.0006 11.0887 0.0354 0.027045 -1.131193 12.13 
12.4374 2 1 1 0x0 4.0270 3.9730 4.03 3.97 1.0901 0.9785 0.0006 0.0005 11.0924 0.0355 0.027045 -1.127499 12.13 
12.4414 2 1 1 0x0 4.0243 3.9757 4.02 3.98 1.0575 0.8835 0.0003 0.0005 11.0962 0.0356 0.024341 -1.126949 12.13 
12.4454 2 1 1 0x0 4.0243 3.9757 4.02 3.98 0.9139 1.0049 0.0004 0.0005 11.0999 0.0357 0.024341 -1.125910 12.13 
12.4494 2 1 1 0x0 4.0243 3.9757 4.02 3.98 1.0237 0.7982 0.0005 0.0005 11.1035 0.0358 0.024341 -1.127807 12.14 
12.4534 2 1 1 0x0 4.0216 3.9784 4.02 3.98 1.0678 1.0301 0.0002 0.0005 11.1074 0.0359 0.021636 -1.134607 12.13 
12.4574 2 1 1 0x0 4.0243 3.9757 4.02 3.98 0.9155 1.0854 0.0004 0.0003 11.1112 0.0360 0.024341 -1.143850 12.12 
12.4614 2 1 1 0x0 4.0243 3.9757 4.02 3.98 1.0935 0.8441 0.0006 0.0005 11.1149 0.0361 0.024341 -1.152024 12.13 
12.4654 2 1 1 0x0 4.0243 3.9757 4.02 3.98 1.0549 0.9309 0.0003 0.0003 11.1189 0.0362 0.024341 -1.153164 12.14 
12.4694 2 1 1 0x0 4.0243 3.9757 4.02 3.98 0.8593 1.0804 0.0004 0.0005 11.1226 0.0363 0.024341 -1.153852 12.13 
12.4734 2 1 1 0x0 4.0270 3.9730 4.03 3.97 0.7810 0.7584 0.0006 0.0006 11.1260 0.0364 0.027045 -1.155066 12.13 
12.4774 2 1 1 0x0 4.0297 3.9703 4.03 3.97 0.7775 1.0294 0.0005 0.0006 11.1295 0.0365 0.029750 -1.149521 12.12 
12.4814 2 1 1 0x0 4.0352 3.9648 4.04 3.96 0.8240 0.9527 0.0005 0.0002 11.1331 0.0366 0.035159 -1.143770 12.12 
12.4854 2 1 1 0x0 4.0325 3.9675 4.03 3.97 0.9932 0.9866 0.0002 0.0006 11.1366 0.0367 0.032454 -1.138263 12.13 
12.4894 2 1 1 0x0 4.0352 3.9648 4.04 3.96 1.0349 0.7679 0.0005 0.0005 11.1400 0.0368 0.035159 -1.138579 12.12 
12.4934 2 1 1 0x0 4.0352 3.9648 4.04 3.96 0.7885 1.0171 0.0003 0.0004 11.1437 0.0369 0.035159 -1.142342 12.12 
12.4974 2 1 1 0x0 4.0352 3.9648 4.04 3.96 0.9891 0.9074 0.0003 0.0003 11.1473 0.0371 0.035159 -1.149594 12.12 
12.5014 2 1 1 0x0 4.0352 3.9648 4.04 3.96 0.9067 1.0410 0.0003 0.0003 11.1510 0.0372 0.035159 -1.158909 12.12 
12.5054 2 1 1 0x0 4.0352 3.9648 4.04 3.96 1.0328 0.8211 0.0005 0.0003 11.1546 0.0373 0.035159 -1.164172 12.13 
12.5094 2 1 1 0x0 4.0352 3.9648 4.04 3.96 0.7683 0.9949 0.0006 0.0004 11.1583 0.0374 0.035159 -1.168791 12.13 
12.5134 2 1 1 0x0 4.0325 3.9675 4.03 3.97 0.9070 0.9271 0.0003 0.0004 11.1621 0.0376 0.032454 -1.164690 12.12 
12.5174 2 1 1 0x0 4.0325 3.9675 4.03 3.97 1.0288 1.0156 0.0005 0.0005 11.1658 0.0377 0.032454 -1.157250 12.12 
12.5214 2 1 1 0x0 4.0325 3.9675 4.03 3.97 0.8052 0.7511 0.0005 0.0003 11.1694 0.0378 0.032454 -1.155046 12.12 
12.5254 2 1 1 0x0 4.0297 3.9703 4.03 3.97 0.9853 0.7675 0.0002 0.0006 11.1729 0.0379 0.029750 -1.151967 12.12 
12.5294 2 1 1 0x0 4.0325 3.9675 4.03 3.97 0.9501 0.9547 0.0005 0.0003 11.1763 0.0380 0.032454 -1.149729 12.13 
12.5334 2 1 1 0x0 4.0297 3.9703 4.03 3.97 0.8727 0.9286 0.0005 0.0006 11.1798 0.0381 0.029750 -1.151104 12.13 
12.5374 2 1 1 0x0 4.0297 3.9703 4.03 3.97 1.0325 0.9270 0.0004 0.0005 11.1834 0.0382 0.029750 -1.151012 12.13 
12.5414 2 1 1 0x0 4.0297 3.9703 4.03 3.97 0.8008 1.0195 0.0004 0.0004 11.1871 0.0384 0.029750 -1.144973 12.12 
12.5454 2 1 1 0x0 4.0297 3.9703 4.03 3.97 1.0400 0.7890 0.0003 0.0004 11.1907 0.0385 0.029750 -1.146265 12.13 
12.5494 2 1 1 0x0 4.0297 3.9703 4.03 3.97 0.9232 1.0501 0.0004 0.0003 11.1944 0.0386 0.029750 -1.144238 12.13 
12.5534 2 1 1 0x0 4.0297 3.9703 4.03 3.97 1.0188 0.9376 0.0005 0.0003 11.1980 0.0387 0.029750 -1.137823 12.12 
12.5574 2 1 1 0x0 4.0297 3.9703 4.03 3.97 0.8150 1.0066 0.0005 0.0003 11.2016 0.0388 0.029750 -1.137461 12.13 
12.5614 2 1 1 0x0 4.0297 3.9703 4.03 3.97 1.0763 0.7567 0.0006 0.0003 11.2053 0.0389 0.029750 -1.145274 12.13 
12.5654 2 1 1 0x0 4.0270 3.9730 4.03 3.97 1.1206 1.0363 0.0003 0.0002 11.2091 0.0390 0.027045 -1.147147 12.13 
12.5694 2 1 1 0x0 4.0243 3.9757 4.02 3.98 0.8020 1.0026 0.0004 0.0006 11.2126 0.0391 0.024341 -1.146574 12.13 
12.5735 2 1 1 0x0 4.0243 3.9757 4.02 3.98 0.9791 0.9191 0.0003 0.0006 11.2162 0.0392 0.024341 -1.151688 12.12 
12.5775 2 1 1 0x0 4.0270 3.9730 4.03 3.97 1.0084 1.0276 0.0006 0.0006 11.2197 0.0393 0.027045 -1.152267 12.13 
12.5815 2 1 1 0x0 4.0297 3.9703 4.03 3.97 0.8287 1.0174 0.0005 0.0002 11.2235 0.0394 0.029750 -1.148476 12.13 
12.5855 2 1 1 0x0 4.0297 3.9703 4.03 3.97 0.9606 0.8557 0.0004 0.0003 11.2272 0.0395 0.029750 -1.149324 12.13 
12.5895 2 1 1 0x0 4.0297 3.9703 4.03 3.97 0.8004 1.0442 0.0003 0.0002 11.2308 0.0396 0.029750 -1.149392 12.11 
12.5935 2 1 1 0x0 4.0270 3.9730 4.03 3.97 0.9733 1.0092 0.0003 0.0007 11.2343 0.0397 0.027045 -1.146738 12.13 
12.5975 2 1 1 0x0 4.0297 3.9703 4.03 3.97 0.8612 1.0019 0.0002 0.0002 11.2381 0.0398 0.029750 -1.150087 12.12 
12.6015 2 1 1 0x0 4.0297 3.9703 4.03 3.97 0.9687 0.9194 0.0003 0.0002 11.2418 0.0399 0.029750 -1.160785 12.12 
12.6055 2 1 1 0x0 4.0297 3.9703 4.03 3.97 0.8512 1.0260 0.0003 0.0003 11.2454 0.0400 0.029750 -1.163158 12.12 
12.6095 2 1 1 0x0 4.0270 3.9730 4.03 3.97 1.0919 1.0629 0.0004 0.0007 11.2489 0.0401 0.027045 -1.168183 12.12 
12.6135 2 1 1 0x0 4.0297 3.9703 4.03 3.97 0.8891 1.0523 0.0005 0.0003 11.2527 0.0402 0.029750 -1.171353 12.13 
12.6175 2 1 1 0x0 4.0297 3.9703 4.03 3.97 0.9882 0.8825 0.0006 0.0003 11.2564 0.0403 0.029750 -1.169355 12.13 
12.6215 2 1 1 0x0 4.0270 3.9730 4.03 3.97 1.0295 1.0747 0.0003 0.0004 11.2602 0.0404 0.027045 -1.171375 12.14 
12.6255 2 1 1 0x0 4.0270 3.9730 4.03 3.97 0.8812 0.8017 0.0004 0.0005 11.2639 0.0405 0.027045 -1.173085 12.13 
12.6295 2 1 1 0x0 4.0270 3.9730 4.03 3.97 1.0755 1.0252 0.0005 0.0005 11.2675 0.0406 0.027045 -1.168181 12.13 
12.6335 2 1 1 0x0 4.0297 3.9703 4.03 3.97 0.7750 1.0121 0.0004 0.0002 11.2714 0.0407 0.029750 -1.161407 12.12 
12.6375 2 1 1 0x0 4.0297 3.9703 4.03 3.97 0.9562 0.8407 0.0003 0.0002 11.2750 0.0408 0.029750 -1.161821 12.13 
12.6415 2 1 1 0x0 4.0297 3.9703 4.03 3.97 0.8699 0.9688 0.0002 0.0003 11.2787 0.0409 0.029750 -1.158437 12.13 
12.6455 2 1 1 0x0 4.0297 3.9703 4.03 3.97 1.0283 0.8913 0.0002 0.0002 11.2823 0.0411 0.029750 -1.157385 12.13 
12.6495 2 1 1 0x0 4.0325 3.9675 4.03 3.97 1.0419 0.9951 0.0007 0.0002 11.2858 0.0412 0.032454 -1.165795 12.12 
12.6535 2 1 1 0x0 4.0270 3.9730 4.03 3.97 1.0169 1.0284 0.0003 0.0006 11.2894 0.0413 0.027045 -1.168298 12.12 
12.6575 2 1 1 0x0 4.0270 3.9730 4.03 3.97 0.8860 0.7851 0.0004 0.0006 11.2931 0.0414 0.027045 -1.167680 12.13 
12.6615 2 1 1 0x0 4.0297 3.9703 4.03 3.97 0.9940 1.0536 0.0005 0.0007 11.2969 0.0415 0.029750 -1.172541 12.14 
12.6655 2 1 1 0x0 4.0297 3.9703 4.03 3.97 0.7895 1.0406 0.0005 0.0003 11.3006 0.0416 0.029750 -1.178480 12.12 
12.6695 2 1 1 0x0 4.0297 3.9703 4.03 3.97 1.0375 0.7786 0.0006 0.0004 11.3042 0.0417 0.029750 -1.180794 12.13 
12.6735 2 1 1 0x0 4.0270 3.9730 4.03 3.97 1.0728 0.9929 0.0004 0.0004 11.3081 0.0418 0.027045 -1.176519 12.13 
12.6775 2 1 1 0x0 4.0270 3.9730 4.03 3.97 0.7865 0.8233 0.0005 0.0003 11.3117 0.0419 0.027045 -1.171778 12.13 
12.6815 2 1 1 0x0 4.0243 3.9757 4.02 3.98 1.0469 0.8415 0.0005 0.0005 11.3152 0.0420 0.024341 -1.170418 12.13 
12.6855 2 1 1 0x0 4.0216 3.9784 4.02 3.98 1.0064 1.0009 0.0003 0.0003 11.3190 0.0421 0.021636 -1.167718 12.13 
12.6895 2 1 1 0x0 4.0216 3.9784 4.02 3.98 1.0231 0.9727 0.0007 0.0006 11.3223 0.0421 0.021636 -1.172419 12.12 
12.6935 2 1 1 0x0 4.0216 3.9784 4.02 3.98 0.8004 0.7361 0.0006 0.0004 11.3259 0.0422 0.021636 -1.170526 12.13 
12.6975 2 1 1 0x0 4.0216 3.9784 4.02 3.98 0.9761 1.0076 0.0005 0.0002 11.3296 0.0423 0.021636 -1.167593 12.12 
12.7015 2 1 1 0x0 4.0189 3.9811 4.02 3.98 0.9088 0.9777 0.0004 0.0006 11.3330 0.0424 0.018932 -1.165063 12.13 
12.7055 2 1 1 0x0 4.0189 3.9811 4.02 3.98 0.9759 0.8828 0.0005 0.0006 11.3367 0.0424 0.018932 -1.165043 12.14 
12.7095 2 1 1 0x0 4.0189 3.9811 4.02 3.98 0.7969 1.0083 0.0005 0.0005 11.3403 0.0425 0.018932 -1.165603 12.13 
12.7135 2 1 1 0x0 4.0189 3.9811 4.02 3.98 1.0366 0.7550 0.0005 0.0005 11.3440 0.0426 0.018932 -1.164153 12.14 
12.7175 2 1 1 0x0 4.0189 3.9811 4.02 3.98 0.8211 0.9724 0.0006 0.0004 11.3476 0.0426 0.018932 -1.165850 12.14 
12.7215 2 1 1 0x0 4.0189 3.9811 4.02 3.98 1.0241 0.8370 0.0006 0.0003 11.3513 0.0427 0.018932 -1.162601 12.13 
12.7255 2 1 1 0x0 4.0162 3.9838 4.02 3.98 0.7581 0.8570 0.0005 0.0006 11.3547 0.0428 0.016227 -1.158926 12.13 
12.7295 2 1 1 0x0 4.0162 3.9838 4.02 3.98 0.9905 0.9791 0.0003 0.0003 11.3584 0.0428 0.016227 -1.156523 12.13 
12.7335 2 1 1 0x0 4.0162 3.9838 4.02 3.98 1.0175 1.0189 0.0006 0.0006 11.3616 0.0429 0.016227 -1.156698 12.12 
12.7375 2 1 1 0x0 4.0162 3.9838 4.02 3.98 0.8266 0.7873 0.0006 0.0005 11.3653 0.0429 0.016227 -1.161751 12.13 
12.7415 2 1 1 0x0 4.0162 3.9838 4.02 3.98 1.0189 0.9855 0.0006 0.0004 11.3689 0.0430 0.016227 -1.161231 12.13 
12.7455 2 1 1 0x0 4.0162 3.9838 4.02 3.98 0.8107 0.8777 0.0006 0.0003 11.3726 0.0430 0.016227 -1.166547 12.12 
12.7495 2 1 1 0x0 4.0162 3.9838 4.02 3.98 1.0165 1.0136 0.0006 0.0003 11.3762 0.0431 0.016227 -1.166591 12.12 
12.7535 2 1 1 0x0 4.0108 3.9892 4.01 3.99 1.0629 0.9820 0.0003 0.0007 11.3799 0.0431 0.010818 -1.161984 12.14 
12.7575 2 1 1 0x0 4.0108 3.9892 4.01 3.99 0.7880 0.7692 0.0003 0.0006 11.3835 0.0432 0.010818 -1.158605 12.13 
12.7615 2 1 1 0x0 4.0108 3.9892 4.01 3.99 1.0424 0.9499 0.0004 0.0004 11.3872 0.0432 0.010818 -1.156005 12.13 
12.7655 2 1 1 0x0 4.0108 3.9892 4.01 3.99 0.8734 0.8539 0.0006 0.0003 11.3908 0.0433 0.010818 -1.155004 12.12 
12.7695 2 1 1 0x0 4.0081 3.9919 4.01 3.99 0.8261 0.9794 0.0003 0.0003 11.3947 0.0433 0.008113 -1.154012 12.12 
12.7735 2 1 1 0x0 4.0054 3.9946 4.01 3.99 1.0489 1.0141 0.0004 0.0007 11.3981 0.0433 0.005409 -1.150093 12.13 
12.7775 2 1 1 0x0 4.0054 3.9946 4.01 3.99 0.9807 0.7914 0.0005 0.0006 11.4018 0.0433 0.005409 -1.146629 12.13 
12.7815 2 1 1 0x0 4.0054 3.9946 4.01 3.99 1.0266 1.0461 0.0006 0.0005 11.4054 0.0434 0.005409 -1.145173 12.12 
12.7855 2 1 1 0x0 4.0054 3.9946 4.01 3.99 0.8101 0.8832 0.0006 0.0005 11.4091 0.0434 0.005409 -1.145738 12.13 
12.7895 2 1 1 0x0 4.0027 3.9973 4.00 4.00 0.8985 1.0048 0.0003 0.0005 11.4129 0.0434 0.002704 -1.143667 12.12 
12.7935 2 1 1 0x0 4.0027 3.9973 4.00 4.00 1.0491 0.7575 0.0004 0.0004 11.4166 0.0434 0.002704 -1.144157 12.12 
12.7975 2 1 1 0x0 4.0027 3.9973 4.00 4.00 0.7586 1.0338 0.0005 0.0004 11.4202 0.0434 0.002704 -1.146314 12.12 
12.8015 2 1 1 0x0 4.0027 3.9973 4.00 4.00 1.0989 0.8443 0.0006 0.0004 11.4239 0.0434 0.002704 -1.144242 12.13 
12.8055 2 1 1 0x0 4.0000 4.0000 4.00 4.00 0.9880 1.0596 0.0003 0.0004 11.4277 0.0434 -0.000000 -1.148572 12.13 
12.8095 2 1 1 0x0 4.0000 4.0000 4.00 4.00 0.7918 0.7288 0.0004 0.0003 11.4314 0.0434 -0.000000 -1.145461 12.13 
12.8135 2 1 1 0x0 3.9973 4.0027 4.00 4.00 0.9894 0.7465 0.0003 0.0007 11.4348 0.0434 -0.002705 -1.140445 12.12 
12.8175 2 1 1 0x0 4.0000 4.0000 4.00 4.00 1.0206 0.9273 0.0007 0.0005 11.4383 0.0434 -0.000000 -1.137111 12.12 
12.8216 2 1 1 0x0 4.0000 4.0000 4.00 4.00 0.8707 0.8750 0.0006 0.0004 11.4419 0.0434 -0.000000 -1.138102 12.12 
12.8256 2 1 1 0x0 4.0000 4.0000 4.00 4.00 0.9667 0.9537 0.0006 0.0004 11.4456 0.0434 -0.000000 -1.135221 12.12 
12.8296 2 1 1 0x0 3.9973 4.0027 4.00 4.00 0.7976 0.9870 0.0005 0.0007 11.4490 0.0434 -0.002705 -1.135578 12.12 
12.8336 2 1 1 0x0 4.0000 4.0000 4.00 4.00 1.0401 1.0491 0.0005 0.0002 11.4529 0.0434 -0.000000 -1.136202 12.12 
12.8376 2 1 1 0x0 4.0000 4.0000 4.00 4.00 0.9167 0.8835 0.0005 0.0003 11.4565 0.0434 -0.000000 -1.137997 12.13 
12.8416 2 1 1 0x0 4.0000 4.0000 4.00 4.00 1.0279 1.0027 0.0006 0.0004 11.4602 0.0434 -0.000000 -1.141906 12.13 
12.8456 2 1 1 0x0 3.9973 4.0027 4.00 4.00 1.0828 0.7604 0.0002 0.0004 11.4640 0.0434 -0.002705 -1.140418 12.13 
12.8496 2 1 1 0x0 3.9973 4.0027 4.00 4.00 0.8935 0.9609 0.0003 0.0003 11.4677 0.0434 -0.002705 -1.139207 12.13 
12.8536 2 1 1 0x0 3.9973 4.0027 4.00 4.00 1.0596 0.8975 0.0004 0.0003 11.4713 0.0434 -0.002705 -1.137721 12.12 
12.8576 2 1 1 0x0 3.9973 4.0027 4.00 4.00 0.7952 0.9874 0.0005 0.0003 11.4750 0.0433 -0.002705 -1.135155 12.13 
12.8616 2 1 1 0x0 3.9919 4.0081 3.99 4.01 0.8860 1.0219 0.0002 0.0006 11.4786 0.0433 -0.008114 -1.134179 12.13 
12.8656 2 1 1 0x0 3.9919 4.0081 3.99 4.01 1.0615 0.7467 0.0004 0.0006 11.4823 0.0433 -0.008114 -1.133052 12.13 
12.8696 2 1 1 0x0 3.9919 4.0081 3.99 4.01 0.7955 0.9847 0.0005 0.0005 11.4859 0.0433 -0.008114 -1.133842 12.13 
12.8736 2 1 1 0x0 3.9892 4.0108 3.99 4.01 0.9443 0.8787 0.0003 0.0004 11.4898 0.0432 -0.010818 -1.132212 12.13 
12.8776 2 1 1 0x0 3.9892 4.0108 3.99 4.01 1.0582 0.9464 0.0004 0.0004 11.4935 0.0432 -0.010818 -1.130475 12.12 
12.8816 2 1 1 0x0 3.9865 4.0135 3.99 4.01 0.8395 0.9797 0.0005 0.0007 11.4969 0.0432 -0.013523 -1.131486 12.13 
12.8856 2 1 1 0x0 3.9865 4.0135 3.99 4.01 1.0287 0.7711 0.0006 0.0006 11.5006 0.0431 -0.013523 -1.135060 12.12 
12.8896 2 1 1 0x0 3.9838 4.0162 3.98 4.02 1.0685 1.0077 0.0003 0.0005 11.5044 0.0431 -0.016227 -1.131057 12.13 
12.8936 2 1 1 0x0 3.9838 4.0162 3.98 4.02 0.7453 0.9143 0.0004 0.0005 11.5081 0.0430 -0.016227 -1.132565 12.12 
12.8976 2 1 1 0x0 3.9838 4.0162 3.98 4.02 1.0514 0.9693 0.0005 0.0004 11.5117 0.0429 -0.016227 -1.142448 12.12 
12.9016 2 1 1 0x0 3.9838 4.0162 3.98 4.02 0.8651 0.7795 0.0006 0.0004 11.5154 0.0429 -0.016227 -1.146838 12.11 
12.9056 2 1 1 0x0 3.9811 4.0189 3.98 4.02 0.8193 0.9961 0.0002 0.0003 11.5192 0.0428 -0.018932 -1.145810 12.12 
12.9096 2 1 1 0x0 3.9811 4.0189 3.98 4.02 1.0646 0.9255 0.0003 0.0003 11.5229 0.0427 -0.018932 -1.153452 12.12 
12.9136 2 1 1 0x0 3.9811 4.0189 3.98 4.02 0.9651 1.0185 0.0004 0.0003 11.5265 0.0427 -0.018932 -1.157590 12.13 
12.9176 2 1 1 0x0 3.9811 4.0189 3.98 4.02 1.0362 0.7920 0.0006 0.0003 11.5302 0.0426 -0.018932 -1.156349 12.13 
12.9216 2 1 1 0x0 3.9811 4.0189 3.98 4.02 0.8047 0.9731 0.0006 0.0004 11.5338 0.0425 -0.018932 -1.160708 12.13 
12.9256 2 1 1 0x0 3.9784 4.0216 3.98 4.02 1.0241 0.8900 0.0007 0.0005 11.5377 0.0424 -0.021637 -1.157712 12.12 
12.9296 2 1 1 0x0 3.9784 4.0216 3.98 4.02 1.0736 1.0635 0.0003 0.0006 11.5413 0.0424 -0.021637 -1.152832 12.12 
12.9336 2 1 1 0x0 3.9811 4.0189 3.98 4.02 0.8243 0.9823 0.0003 0.0003 11.5452 0.0423 -0.018932 -1.143832 12.13 
12.9376 2 1 1 0x0 3.9811 4.0189 3.98 4.02 1.0685 0.8844 0.0003 0.0004 11.5488 0.0422 -0.018932 -1.143582 12.13 
12.9416 2 1 1 0x0 3.9811 4.0189 3.98 4.02 0.8997 1.0003 0.0003 0.0005 11.5525 0.0422 -0.018932 -1.149686 12.12 
12.9456 2 1 1 0x0 3.9811 4.0189 3.98 4.02 1.0526 0.7604 0.0004 0.0004 11.5561 0.0421 -0.018932 -1.154398 12.13 
12.9496 2 1 1 0x0 3.9811 4.0189 3.98 4.02 0.7956 0.9597 0.0005 0.0004 11.5598 0.0420 -0.018932 -1.152119 12.12 
12.9536 2 1 1 0x0 3.9811 4.0189 3.98 4.02 1.1073 0.9012 0.0006 0.0004 11.5634 0.0419 -0.018932 -1.158467 12.13 
12.9576 2 1 1 0x0 3.9784 4.0216 3.98 4.02 0.9968 0.9800 0.0003 0.0005 11.5673 0.0419 -0.021637 -1.163367 12.12 
12.9616 2 1 1 0x0 3.9784 4.0216 3.98 4.02 0.8324 0.7743 0.0003 0.0006 11.5709 0.0418 -0.021637 -1.161857 12.13 
12.9656 2 1 1 0x0 3.9784 4.0216 3.98 4.02 1.0444 1.0013 0.0004 0.0006 11.5746 0.0417 -0.021637 -1.161293 12.13 
12.9696 2 1 1 0x0 3.9784 4.0216 3.98 4.02 0.9829 0.8635 0.0005 0.0004 11.5782 0.0416 -0.021637 -1.157894 12.14 
12.9736 2 1 1 0x0 3.9784 4.0216 3.98 4.02 0.9622 0.9692 0.0006 0.0002 11.5819 0.0416 -0.021637 -1.153096 12.14 
12.9776 2 1 1 0x0 3.9757 4.0243 3.98 4.02 0.7921 0.9425 0.0004 0.0005 11.5853 0.0415 -0.024341 -1.151594 12.13 
12.9816 2 1 1 0x0 3.9757 4.0243 3.98 4.02 0.9924 0.7554 0.0003 0.0004 11.5890 0.0414 -0.024341 -1.153398 12.12 
12.9856 2 1 1 0x0 3.9757 4.0243 3.98 4.02 0.8416 1.0385 0.0002 0.0002 11.5926 0.0413 -0.024341 -1.161430 12.12 
12.9896 2 1 1 0x0 3.9730 4.0270 3.97 4.03 1.0731 1.0023 0.0002 0.0006 11.5961 0.0412 -0.027046 -1.167961 12.13 
12.9936 2 1 1 0x0 3.9757 4.0243 3.98 4.02 1.0119 0.8655 0.0007 0.0006 11.5995 0.0411 -0.024341 -1.170901 12.13 
12.9976 2 1 1 0x0 3.9730 4.0270 3.97 4.03 1.0671 1.0255 0.0003 0.0007 11.6034 0.0410 -0.027046 -1.177048 12.13 
13.0016 2 1 1 0x0 3.9757 4.0243 3.98 4.02 0.8519 1.0132 0.0004 0.0003 11.6072 0.0409 -0.024341 -1.175722 12.13 
13.0056 2 1 1 0x0 3.9757 4.0243 3.98 4.02 1.0465 0.9115 0.0004 0.0004 11.6109 0.0409 -0.024341 -1.178971 12.13 
13.0096 2 1 1 0x0 3.9757 4.0243 3.98 4.02 0.7567 1.0358 0.0005 0.0003 11.6145 0.0408 -0.024341 -1.177695 12.12 
13.0136 2 1 1 0x0 3.9730 4.0270 3.97 4.03 1.0328 0.9440 0.0006 0.0005 11.6180 0.0407 -0.027046 -1.171543 12.13 
13.0176 2 1 1 0x0 3.9702 4.0298 3.97 4.03 0.8724 0.9824 0.0006 0.0006 11.6214 0.0406 -0.029750 -1.167551 12.12 
13.0216 2 1 1 0x0 3.9702 4.0298 3.97 4.03 1.0272 0.7666 0.0006 0.0003 11.6251 0.0405 -0.029750 -1.169278 12.12 
13.0256 2 1 1 0x0 3.9675 4.0325 3.97 4.03 0.8031 0.7442 0.0006 0.0005 11.6285 0.0403 -0.032455 -1.171921 12.12 
13.0296 2 1 1 0x0 3.9675 4.0325 3.97 4.03 1.0337 0.9908 0.0005 0.0004 11.6322 0.0402 -0.032455 -1.182658 12.13 
13.0336 2 1 1 0x0 3.9648 4.0352 3.96 4.04 1.0771 0.8753 0.0002 0.0004 11.6360 0.0401 -0.035159 -1.188117 12.13 
13.0376 2 1 1 0x0 3.9675 4.0325 3.97 4.03 1.0135 1.0877 0.0007 0.0005 11.6395 0.0400 -0.032455 -1.190739 12.13 
13.0416 2 1 1 0x0 3.9648 4.0352 3.96 4.04 1.0614 0.7952 0.0003 0.0006 11.6433 0.0398 -0.035159 -1.195531 12.12 
13.0456 2 1 1 0x0 3.9648 4.0352 3.96 4.04 0.8553 1.0360 0.0004 0.0006 11.6470 0.0397 -0.035159 -1.195529 12.13 
13.0496 2 1 1 0x0 3.9675 4.0325 3.97 4.03 1.0359 1.0964 0.0005 0.0003 11.6508 0.0396 -0.032455 -1.190738 12.13 
13.0536 2 1 1 0x0 3.9675 4.0325 3.97 4.03 0.7662 0.8351 0.0006 0.0004 11.6545 0.0395 -0.032455 -1.186931 12.13 
13.0576 2 1 1 0x0 3.9675 4.0325 3.97 4.03 1.0894 0.9760 0.0007 0.0004 11.6581 0.0393 -0.032455 -1.184928 12.12 
13.0616 2 1 1 0x0 3.9621 4.0379 3.96 4.04 0.9953 0.9489 0.0002 0.0006 11.6618 0.0392 -0.037864 -1.181293 12.13 
13.0656 2 1 1 0x0 3.9648 4.0352 3.96 4.04 1.0220 0.8523 0.0006 0.0004 11.6652 0.0391 -0.035159 -1.178426 12.12 
13.0697 2 1 1 0x0 3.9648 4.0352 3.96 4.04 0.7622 0.9819 0.0005 0.0003 11.6689 0.0390 -0.035159 -1.177938 12.12 
13.0737 2 1 1 0x0 3.9621 4.0379 3.96 4.04 1.0371 1.0168 0.0005 0.0006 11.6723 0.0388 -0.037864 -1.177132 12.12 
13.0777 2 1 1 0x0 3.9621 4.0379 3.96 4.04 0.8650 0.7909 0.0005 0.0006 11.6760 0.0387 -0.037864 -1.176427 12.12 
13.0817 2 1 1 0x0 3.9621 4.0379 3.96 4.04 1.0307 0.9766 0.0005 0.0006 11.6796 0.0386 -0.037864 -1.181431 12.12 
13.0857 2 1 1 0x0 3.9621 4.0379 3.96 4.04 0.8036 0.9435 0.0005 0.0006 11.6833 0.0384 -0.037864 -1.191871 12.12 
13.0897 2 1 1 0x0 3.9621 4.0379 3.96 4.04 1.0203 0.9945 0.0006 0.0007 11.6869 0.0383 -0.037864 -1.189228 12.13 
13.0937 2 1 1 0x0 3.9621 4.0379 3.96 4.04 0.9938 1.0542 0.0002 0.0003 11.6910 0.0381 -0.037864 -1.188869 12.12 
13.0977 2 1 1 0x0 3.9648 4.0352 3.96 4.04 1.0097 0.8827 0.0006 0.0004 11.6944 0.0380 -0.035159 -1.192025 12.13 
13.1017 2 1 1 0x0 3.9648 4.0352 3.96 4.04 0.7676 1.0037 0.0006 0.0005 11.6981 0.0379 -0.035159 -1.186496 12.13 
13.1057 2 1 1 0x0 3.9648 4.0352 3.96 4.04 1.0418 0.6877 0.0004 0.0004 11.7017 0.0377 -0.035159 -1.181118 12.12 
13.1097 2 1 1 0x0 3.9648 4.0352 3.96 4.04 0.9378 0.7010 0.0007 0.0006 11.7049 0.0376 -0.035159 -1.176724 12.12 
13.1137 2 1 1 0x0 3.9648 4.0352 3.96 4.04 0.8100 0.9462 0.0003 0.0004 11.7086 0.0375 -0.035159 -1.174163 12.12 
13.1177 2 1 1 0x0 3.9675 4.0325 3.97 4.03 0.8262 0.8571 0.0005 0.0003 11.7120 0.0374 -0.032455 -1.180720 12.13 
13.1217 2 1 1 0x0 3.9675 4.0325 3.97 4.03 0.9771 0.9743 0.0003 0.0002 11.7157 0.0373 -0.032455 -1.196373 12.13 
13.1257 2 1 1 0x0 3.9675 4.0325 3.97 4.03 1.0064 1.0809 0.0006 0.0007 11.7189 0.0372 -0.032455 -1.201918 12.12 
13.1297 2 1 1 0x0 3.9702 4.0298 3.97 4.03 0.8129 0.9971 0.0005 0.0003 11.7228 0.0370 -0.029750 -1.201838 12.13 
13.1337 2 1 1 0x0 3.9702 4.0298 3.97 4.03 1.0201 0.9894 0.0005 0.0005 11.7264 0.0369 -0.029750 -1.208895 12.13 
13.1377 2 1 1 0x0 3.9702 4.0298 3.97 4.03 0.8802 1.0113 0.0005 0.0006 11.7301 0.0368 -0.029750 -1.210038 12.13 
13.1417 2 1 1 0x0 3.9730 4.0270 3.97 4.03 1.0112 1.0697 0.0005 0.0004 11.7339 0.0367 -0.027046 -1.210253 12.13 
13.1457 2 1 1 0x0 3.9730 4.0270 3.97 4.03 0.7686 0.9278 0.0005 0.0005 11.7376 0.0366 -0.027046 -1.212922 12.12 
13.1497 2 1 1 0x0 3.9757 4.0243 3.98 4.02 1.0149 0.8183 0.0005 0.0003 11.7414 0.0365 -0.024341 -1.214159 12.13 
13.1537 2 1 1 0x0 3.9757 4.0243 3.98 4.02 0.8821 0.9939 0.0005 0.0005 11.7451 0.0364 -0.024341 -1.209746 12.12 
13.1577 2 1 1 0x0 3.9757 4.0243 3.98 4.02 1.0064 0.8765 0.0005 0.0006 11.7487 0.0363 -0.024341 -1.204411 12.13 
13.1617 2 1 1 0x0 3.9757 4.0243 3.98 4.02 0.8188 1.0136 0.0005 0.0006 11.7524 0.0362 -0.024341 -1.201730 12.12 
13.1657 2 1 1 0x0 3.9757 4.0243 3.98 4.02 1.0045 0.7526 0.0005 0.0004 11.7560 0.0362 -0.024341 -1.198973 12.12 
13.1697 2 1 1 0x0 3.9730 4.0270 3.97 4.03 1.0454 0.9765 0.0002 0.0003 11.7599 0.0361 -0.027046 -1.200227 12.13 
13.1737 2 1 1 0x0 3.9730 4.0270 3.97 4.03 0.7997 0.8868 0.0003 0.0003 11.7635 0.0360 -0.027046 -1.205033 12.13 
13.1777 2 1 1 0x0 3.9730 4.0270 3.97 4.03 0.9596 0.9988 0.0003 0.0003 11.7672 0.0359 -0.027046 -1.202904 12.13 
13.1817 2 1 1 0x0 3.9730 4.0270 3.97 4.03 0.9321 1.0333 0.0006 0.0007 11.7704 0.0358 -0.027046 -1.197777 12.12 
13.1857 2 1 1 0x0 3.9784 4.0216 3.98 4.02 0.9860 1.0218 0.0007 0.0003 11.7741 0.0357 -0.021637 -1.194064 12.12 
13.1897 2 1 1 0x0 3.9784 4.0216 3.98 4.02 0.8286 0.9051 0.0004 0.0003 11.7777 0.0356 -0.021637 -1.195866 12.12 
13.1937 2 1 1 0x0 3.9811 4.0189 3.98 4.02 0.8025 1.0420 0.0006 0.0004 11.7812 0.0355 -0.018932 -1.200990 12.12 
13.1977 2 1 1 0x0 3.9811 4.0189 3.98 4.02 0.9438 0.8232 0.0004 0.0005 11.7848 0.0355 -0.018932 -1.196139 12.13 
13.2017 2 1 1 0x0 3.9811 4.0189 3.98 4.02 0.7622 1.0599 0.0003 0.0006 11.7885 0.0354 -0.018932 -1.198482 12.14 
13.2057 2 1 1 0x0 3.9865 4.0135 3.99 4.01 0.7456 1.0432 0.0006 0.0003 11.7921 0.0353 -0.013523 -1.208024 12.13 
13.2097 2 1 1 0x0 3.9865 4.0135 3.99 4.01 0.9338 0.8216 0.0005 0.0005 11.7958 0.0353 -0.013523 -1.203496 12.11 
13.2137 2 1 1 0x0 3.9865 4.0135 3.99 4.01 0.7855 0.9917 0.0004 0.0006 11.7994 0.0352 -0.013523 -1.205140 12.12 
13.2177 2 1 1 0x0 3.9919 4.0081 3.99 4.01 0.8002 1.0477 0.0006 0.0004 11.8031 0.0352 -0.008114 -1.209894 12.13 
13.2217 2 1 1 0x0 3.9919 4.0081 3.99 4.01 0.9523 0.7764 0.0003 0.0005 11.8067 0.0352 -0.008114 -1.206592 12.13 
13.2257 2 1 1 0x0 3.9946 4.0054 3.99 4.01 0.9833 1.0673 0.0006 0.0006 11.8102 0.0351 -0.005409 -1.208154 12.13 
13.2297 2 1 1 0x0 3.9973 4.0027 4.00 4.00 0.7816 1.0483 0.0005 0.0004 11.8140 0.0351 -0.002705 -1.214297 12.13 
13.2337 2 1 1 0x0 3.9973 4.0027 4.00 4.00 1.0039 0.8663 0.0004 0.0005 11.8177 0.0351 -0.002705 -1.219054 12.13 
13.2377 2 1 1 0x0 3.9973 4.0027 4.00 4.00 0.8354 1.0687 0.0004 0.0006 11.8213 0.0351 -0.002705 -1.217397 12.12 
13.2417 2 1 1 0x0 4.0000 4.0000 4.00 4.00 1.0135 1.0584 0.0004 0.0002 11.8252 0.0351 -0.000000 -1.213121 12.12 
13.2457 2 1 1 0x0 4.0000 4.0000 4.00 4.00 0.9742 1.0235 0.0007 0.0006 11.8284 0.0351 -0.000000 -1.211944 12.13 
13.2497 2 1 1 0x0 4.0000 4.0000 4.00 4.00 0.7790 0.7868 0.0005 0.0006 11.8321 0.0351 -0.000000 -1.210208 12.12 
13.2537 2 1 1 0x0 4.0000 4.0000 4.00 4.00 0.9594 0.9847 0.0002 0.0005 11.8357 0.0351 -0.000000 -1.208080 12.12 
13.2577 2 1 1 0x0 4.0027 3.9973 4.00 4.00 0.9910 0.8771 0.0005 0.0004 11.8392 0.0351 0.002704 -1.211478 12.13 
13.2617 2 1 1 0x0 4.0027 3.9973 4.00 4.00 0.8359 1.0118 0.0004 0.0005 11.8428 0.0351 0.002704 -1.215385 12.13 
13.2657 2 1 1 0x0 4.0027 3.9973 4.00 4.00 0.8138 0.7949 0.0007 0.0005 11.8465 0.0351 0.002704 -1.209286 12.12 
13.2697 2 1 1 0x0 4.0054 3.9946 4.01 3.99 0.9845 1.0360 0.0006 0.0005 11.8499 0.0352 0.005409 -1.207926 12.13 
13.2737 2 1 1 0x0 4.0081 3.9919 4.01 3.99 0.7410 1.0217 0.0004 0.0002 11.8538 0.0352 0.008113 -1.211183 12.12 
13.2777 2 1 1 0x0 4.0054 3.9946 4.01 3.99 1.0072 1.0569 0.0003 0.0007 11.8572 0.0352 0.005409 -1.220355 12.13 
13.2817 2 1 1 0x0 4.0081 3.9919 4.01 3.99 0.8329 1.0427 0.0003 0.0003 11.8611 0.0352 0.008113 -1.221684 12.13 
13.2857 2 1 1 0x0 4.0081 3.9919 4.01 3.99 1.0138 0.8913 0.0003 0.0004 11.8647 0.0353 0.008113 -1.218327 12.13 
13.2897 2 1 1 0x0 4.0081 3.9919 4.01 3.99 0.8165 1.0610 0.0003 0.0005 11.8684 0.0353 0.008113 -1.220657 12.13 
13.2937 2 1 1 0x0 4.0081 3.9919 4.01 3.99 1.0800 0.8113 0.0003 0.0006 11.8720 0.0353 0.008113 -1.229205 12.13 
13.2977 2 1 1 0x0 4.0108 3.9892 4.01 3.99 0.8946 1.0063 0.0004 0.0003 11.8759 0.0354 0.010818 -1.228654 12.13 
13.3017 2 1 1 0x0 4.0108 3.9892 4.01 3.99 1.0034 1.0650 0.0003 0.0004 11.8795 0.0354 0.010818 -1.231513 12.13 
13.3057 2 1 1 0x0 4.0135 3.9865 4.01 3.99 0.9740 0.8071 0.0006 0.0005 11.8830 0.0355 0.013522 -1.234824 12.14 
13.3097 2 1 1 0x0 4.0162 3.9838 4.02 3.98 0.7357 0.8846 0.0003 0.0002 11.8868 0.0355 0.016227 -1.229843 12.12 
13.3138 2 1 1 0x0 4.0189 3.9811 4.02 3.98 0.7084 0.9981 0.0004 0.0004 11.8903 0.0356 0.018931 -1.223032 12.13 
13.3178 2 1 1 0x0 4.0189 3.9811 4.02 3.98 0.7566 1.0352 0.0006 0.0007 11.8935 0.0356 0.018931 -1.217712 12.11 
13.3218 2 1 1 0x0 4.0189 3.9811 4.02 3.98 0.9307 0.7390 0.0004 0.0005 11.8972 0.0357 0.018931 -1.212805 12.12 
13.3258 2 1 1 0x0 4.0189 3.9811 4.02 3.98 0.7915 1.0001 0.0003 0.0004 11.9008 0.0358 0.018931 -1.212554 12.13 
13.3298 2 1 1 0x0 4.0189 3.9811 4.02 3.98 1.0128 0.8661 0.0002 0.0003 11.9045 0.0359 0.018931 -1.222805 12.12 
13.3338 2 1 1 0x0 4.0216 3.9784 4.02 3.98 1.0302 0.9604 0.0006 0.0003 11.9079 0.0359 0.021636 -1.229661 12.13 
13.3378 2 1 1 0x0 4.0189 3.9811 4.02 3.98 0.7997 0.9916 0.0006 0.0007 11.9114 0.0360 0.018931 -1.229426 12.13 
13.3418 2 1 1 0x0 4.0216 3.9784 4.02 3.98 0.9688 1.0517 0.0006 0.0003 11.9152 0.0361 0.021636 -1.237731 12.13 
13.3458 2 1 1 0x0 4.0216 3.9784 4.02 3.98 0.8171 0.9385 0.0006 0.0003 11.9189 0.0361 0.021636 -1.242624 12.13 
13.3498 2 1 1 0x0 4.0216 3.9784 4.02 3.98 1.0373 1.0021 0.0006 0.0004 11.9225 0.0362 0.021636 -1.240238 12.13 
13.3538 2 1 1 0x0 4.0216 3.9784 4.02 3.98 0.7992 0.8035 0.0005 0.0005 11.9262 0.0363 0.021636 -1.239859 12.12 
13.3578 2 1 1 0x0 4.0243 3.9757 4.02 3.98 1.0361 0.9359 0.0005 0.0003 11.9301 0.0364 0.024341 -1.237988 12.12 
13.3618 2 1 1 0x0 4.0243 3.9757 4.02 3.98 0.8207 1.0735 0.0006 0.0006 11.9337 0.0365 0.024341 -1.240662 12.14 
13.3658 2 1 1 0x0 4.0270 3.9730 4.03 3.97 0.9757 1.0565 0.0005 0.0004 11.9376 0.0366 0.027045 -1.234918 12.11 
13.3698 2 1 1 0x0 4.0325 3.9675 4.03 3.97 0.9561 1.0393 0.0006 0.0002 11.9412 0.0367 0.032454 -1.232347 12.12 
13.3738 2 1 1 0x0 4.0325 3.9675 4.03 3.97 0.7442 0.7812 0.0003 0.0004 11.9449 0.0368 0.032454 -1.237661 12.13 
13.3778 2 1 1 0x0 4.0352 3.9648 4.04 3.96 0.7607 1.0578 0.0005 0.0005 11.9483 0.0369 0.035159 -1.235402 12.12 
13.3818 2 1 1 0x0 4.0379 3.9621 4.04 3.96 1.0519 1.1209 0.0004 0.0003 11.9522 0.0370 0.037863 -1.232450 12.12 
13.3858 2 1 1 0x0 4.0379 3.9621 4.04 3.96 0.8474 0.8218 0.0003 0.0005 11.9558 0.0372 0.037863 -1.229814 12.13 
13.3898 2 1 1 0x0 4.0379 3.9621 4.04 3.96 1.0003 1.0618 0.0002 0.0006 11.9594 0.0373 0.037863 -1.226078 12.13 
13.3938 2 1 1 0x0 4.0433 3.9567 4.04 3.96 1.0259 1.0483 0.0006 0.0003 11.9631 0.0375 0.043272 -1.225892 12.13 
13.3978 2 1 1 0x0 4.0406 3.9594 4.04 3.96 0.7575 1.0125 0.0005 0.0007 11.9665 0.0376 0.040568 -1.227133 12.12 
13.4018 2 1 1 0x0 4.0433 3.9567 4.04 3.96 0.9289 1.0050 0.0003 0.0002 11.9704 0.0378 0.043272 -1.226146 12.12 
13.4058 2 1 1 0x0 4.0460 3.9540 4.05 3.95 0.9642 0.8646 0.0006 0.0003 11.9738 0.0379 0.045977 -1.228271 12.12 
13.4098 2 1 1 0x0 4.0460 3.9540 4.05 3.95 0.9037 1.0286 0.0004 0.0003 11.9775 0.0381 0.045977 -1.230481 12.12 
13.4138 2 1 1 0x0 4.0460 3.9540 4.05 3.95 0.9988 0.7459 0.0003 0.0004 11.9811 0.0383 0.045977 -1.227620 12.12 
13.4178 2 1 1 0x0 4.0487 3.9513 4.05 3.95 0.9607 1.0530 0.0006 0.0004 11.9846 0.0384 0.048681 -1.229165 12.12 
13.4218 2 1 1 0x0 4.0487 3.9513 4.05 3.95 0.7981 0.9379 0.0005 0.0005 11.9882 0.0386 0.048681 -1.225686 12.12 
13.4258 2 1 1 0x0 4.0487 3.9513 4.05 3.95 0.9813 1.0768 0.0004 0.0006 11.9919 0.0388 0.048681 -1.226336 12.13 
13.4298 2 1 1 0x0 4.0487 3.9513 4.05 3.95 0.8916 0.8010 0.0002 0.0006 11.9955 0.0390 0.048681 -1.225788 12.11 
13.4338 2 1 1 0x0 4.0541 3.9459 4.05 3.95 0.8711 0.9280 0.0006 0.0003 11.9992 0.0392 0.054090 -1.226941 12.12 
13.4378 2 1 1 0x0 4.0541 3.9459 4.05 3.95 1.0380 1.0875 0.0005 0.0004 12.0028 0.0393 0.054090 -1.233385 12.13 
13.4418 2 1 1 0x0 4.0541 3.9459 4.05 3.95 0.7933 0.8406 0.0004 0.0004 12.0065 0.0395 0.054090 -1.231941 12.13 
13.4458 2 1 1 0x0 4.0541 3.9459 4.05 3.95 0.9796 0.9677 0.0004 0.0005 12.0101 0.0397 0.054090 -1.232125 12.12 
13.4498 2 1 1 0x0 4.0541 3.9459 4.05 3.95 0.9075 0.8448 0.0004 0.0006 12.0138 0.0399 0.054090 -1.225635 12.13 
13.4538 2 1 1 0x0 4.0568 3.9432 4.06 3.94 0.8302 1.0566 0.0007 0.0006 12.0172 0.0401 0.056795 -1.223803 12.13 
13.4578 2 1 1 0x0 4.0568 3.9432 4.06 3.94 0.9187 0.7707 0.0004 0.0006 12.0208 0.0403 0.056795 -1.223514 12.12 
13.4618 2 1 1 0x0 4.0595 3.9405 4.06 3.94 1.0100 1.0083 0.0007 0.0006 12.0243 0.0405 0.059500 -1.221262 12.12 
13.4658 2 1 1 0x0 4.0622 3.9378 4.06 3.94 0.8097 1.0685 0.0006 0.0003 12.0281 0.0408 0.062204 -1.228862 12.12 
13.4698 2 1 1 0x0 4.0622 3.9378 4.06 3.94 1.0264 0.7635 0.0006 0.0003 12.0318 0.0410 0.062204 -1.232759 12.14 
13.4738 2 1 1 0x0 4.0595 3.9405 4.06 3.94 1.0704 1.0189 0.0002 0.0003 12.0356 0.0412 0.059500 -1.227506 12.13 
13.4778 2 1 1 0x0 4.0595 3.9405 4.06 3.94 0.8303 0.8551 0.0003 0.0004 12.0393 0.0415 0.059500 -1.222489 12.12 
13.4818 2 1 1 0x0 4.0595 3.9405 4.06 3.94 0.9820 1.0400 0.0004 0.0005 12.0429 0.0417 0.059500 -1.224127 12.12 
13.4858 2 1 1 0x0 4.0595 3.9405 4.06 3.94 0.8620 0.7793 0.0004 0.0006 12.0465 0.0419 0.059500 -1.224297 12.13 
13.4898 2 1 1 0x0 4.0595 3.9405 4.06 3.94 0.9257 1.0669 0.0003 0.0006 12.0502 0.0421 0.059500 -1.227362 12.12 
13.4938 2 1 1 0x0 4.0649 3.9351 4.06 3.94 0.7439 0.8718 0.0006 0.0006 12.0534 0.0423 0.064909 -1.218766 12.11 
13.4978 2 1 1 0x0 4.0676 3.9324 4.07 3.93 0.7731 1.0197 0.0004 0.0004 12.0569 0.0425 0.067613 -1.214158 12.11 
13.5018 2 1 1 0x0 4.0703 3.9297 4.07 3.93 0.8280 0.7899 0.0006 0.0004 12.0603 0.0428 0.070318 -1.221150 12.11 
13.5058 2 1 1 0x0 4.0703 3.9297 4.07 3.93 1.0362 0.9790 0.0005 0.0003 12.0640 0.0430 0.070318 -1.232172 12.12 
13.5098 2 1 1 0x0 4.0703 3.9297 4.07 3.93 0.7547 0.9391 0.0004 0.0003 12.0676 0.0433 0.070318 -1.240001 12.12 
13.5138 2 1 1 0x0 4.0703 3.9297 4.07 3.93 0.9744 1.0032 0.0004 0.0003 12.0712 0.0435 0.070318 -1.238484 12.13 
13.5178 2 1 1 0x0 4.0703 3.9297 4.07 3.93 0.8662 0.8004 0.0005 0.0003 12.0749 0.0438 0.070318 -1.242374 12.13 
13.5218 2 1 1 0x0 4.0703 3.9297 4.07 3.93 1.0211 1.0280 0.0006 0.0003 12.0785 0.0441 0.070318 -1.251063 12.12 
13.5258 2 1 1 0x0 4.0676 3.9324 4.07 3.93 1.0657 0.9003 0.0002 0.0004 12.0824 0.0443 0.067613 -1.249948 12.12 
13.5298 2 1 1 0x0 4.0676 3.9324 4.07 3.93 0.9053 1.0503 0.0003 0.0004 12.0860 0.0446 0.067613 -1.256387 12.12 
13.5338 2 1 1 0x0 4.0676 3.9324 4.07 3.93 1.0351 0.7730 0.0005 0.0005 12.0897 0.0448 0.067613 -1.256692 12.12 
13.5378 2 1 1 0x0 4.0676 3.9324 4.07 3.93 0.8095 1.0028 0.0006 0.0005 12.0933 0.0451 0.067613 -1.257245 12.13 
13.5418 2 1 1 0x0 4.0676 3.9324 4.07 3.93 0.8539 1.0605 0.0003 0.0002 12.0973 0.0453 0.067613 -1.259460 12.13 
13.5458 2 1 1 0x0 4.0676 3.9324 4.07 3.93 1.1093 0.8113 0.0005 0.0003 12.1010 0.0456 0.067613 -1.253515 12.13 
13.5498 2 1 1 0x0 4.0649 3.9351 4.06 3.94 1.0639 1.0092 0.0002 0.0003 12.1048 0.0458 0.064909 -1.245604 12.12 
13.5538 2 1 1 0x0 4.0676 3.9324 4.07 3.93 1.0060 0.9141 0.0007 0.0003 12.1083 0.0461 0.067613 -1.244952 12.13 
13.5578 2 1 1 0x0 4.0649 3.9351 4.06 3.94 0.8764 0.8852 0.0006 0.0006 12.1117 0.0463 0.064909 -1.245034 12.12 
13.5619 2 1 1 0x0 4.0649 3.9351 4.06 3.94 1.0223 1.0051 0.0005 0.0005 12.1154 0.0465 0.064909 -1.253445 12.12 
13.5659 2 1 1 0x0 4.0649 3.9351 4.06 3.94 0.7597 0.7574 0.0004 0.0004 12.1190 0.0468 0.064909 -1.259301 12.13 
13.5699 2 1 1 0x0 4.0649 3.9351 4.06 3.94 0.9784 0.9679 0.0003 0.0003 12.1226 0.0470 0.064909 -1.258662 12.13 
13.5739 2 1 1 0x0 4.0676 3.9324 4.07 3.93 0.9419 0.9506 0.0007 0.0003 12.1261 0.0472 0.067613 -1.253721 12.12 
13.5779 2 1 1 0x0 4.0676 3.9324 4.07 3.93 0.8238 0.9930 0.0005 0.0003 12.1297 0.0475 0.067613 -1.255426 12.12 
13.5819 2 1 1 0x0 4.0676 3.9324 4.07 3.93 0.9742 0.8071 0.0003 0.0003 12.1334 0.0477 0.067613 -1.263346 12.12 
13.5859 2 1 1 0x0 4.0703 3.9297 4.07 3.93 1.0002 1.0172 0.0007 0.0003 12.1368 0.0479 0.070318 -1.258360 12.13 
13.5899 2 1 1 0x0 4.0703 3.9297 4.07 3.93 0.7727 0.9070 0.0006 0.0003 12.1405 0.0482 0.070318 -1.260676 12.12 
13.5939 2 1 1 0x0 4.0703 3.9297 4.07 3.93 0.9636 0.9730 0.0004 0.0003 12.1441 0.0484 0.070318 -1.267493 12.12 
13.5979 2 1 1 0x0 4.0730 3.9270 4.07 3.93 0.9484 0.7784 0.0006 0.0003 12.1475 0.0487 0.073022 -1.262992 12.13 
13.6019 2 1 1 0x0 4.0730 3.9270 4.07 3.93 0.8100 0.9951 0.0003 0.0004 12.1512 0.0489 0.073022 -1.260724 12.12 
13.6059 2 1 1 0x0 4.0757 3.9243 4.08 3.92 0.7866 0.8729 0.0006 0.0004 12.1546 0.0492 0.075727 -1.263730 12.12 
13.6099 2 1 1 0x0 4.0757 3.9243 4.08 3.92 0.9597 1.0163 0.0005 0.0004 12.1583 0.0495 0.075727 -1.259970 12.12 
13.6139 2 1 1 0x0 4.0757 3.9243 4.08 3.92 0.7611 0.7932 0.0004 0.0004 12.1619 0.0498 0.075727 -1.259700 12.13 
13.6179 2 1 1 0x0 4.0757 3.9243 4.08 3.92 0.9633 0.9723 0.0004 0.0005 12.1655 0.0500 0.075727 -1.259200 12.12 
13.6219 2 1 1 0x0 4.0757 3.9243 4.08 3.92 0.8749 0.8909 0.0005 0.0005 12.1692 0.0503 0.075727 -1.263745 12.12 
13.6259 2 1 1 0x0 4.0757 3.9243 4.08 3.92 1.0131 1.0649 0.0006 0.0006 12.1728 0.0506 0.075727 -1.262593 12.12 
13.6299 2 1 1 0x0 4.0757 3.9243 4.08 3.92 0.7711 0.8068 0.0005 0.0006 12.1765 0.0509 0.075727 -1.263785 12.13 
13.6339 2 1 1 0x0 4.0757 3.9243 4.08 3.92 0.9574 1.0155 0.0005 0.0006 12.1801 0.0511 0.075727 -1.270406 12.14 
13.6379 2 1 1 0x0 4.0784 3.9216 4.08 3.92 0.8186 1.0052 0.0004 0.0003 12.1839 0.0514 0.078431 -1.268422 12.13 
13.6419 2 1 1 0x0 4.0784 3.9216 4.08 3.92 0.9785 0.8001 0.0003 0.0003 12.1876 0.0517 0.078431 -1.269292 12.12 
13.6459 2 1 1 0x0 4.0811 3.9189 4.08 3.92 1.0111 1.0300 0.0006 0.0003 12.1910 0.0520 0.081136 -1.265954 12.13 
13.6499 2 1 1 0x0 4.0811 3.9189 4.08 3.92 0.7613 0.8977 0.0004 0.0004 12.1947 0.0523 0.081136 -1.261544 12.12 
13.6539 2 1 1 0x0 4.0811 3.9189 4.08 3.92 0.9773 0.9890 0.0002 0.0003 12.1983 0.0526 0.081136 -1.257432 12.12 
13.6579 2 1 1 0x0 4.0811 3.9189 4.08 3.92 0.9997 1.0245 0.0006 0.0007 12.2015 0.0528 0.081136 -1.255162 12.12 
13.6619 2 1 1 0x0 4.0811 3.9189 4.08 3.92 0.8932 0.7862 0.0006 0.0006 12.2052 0.0531 0.081136 -1.257023 12.13 
13.6659 2 1 1 0x0 4.0811 3.9189 4.08 3.92 1.0659 1.0566 0.0007 0.0005 12.2088 0.0534 0.081136 -1.263739 12.12 
13.6699 2 1 1 0x0 4.0784 3.9216 4.08 3.92 1.0381 0.8774 0.0003 0.0005 12.2127 0.0537 0.078431 -1.259900 12.13 
13.6739 2 1 1 0x0 4.0784 3.9216 4.08 3.92 0.8226 1.0117 0.0004 0.0005 12.2163 0.0540 0.078431 -1.264305 12.12 
13.6779 2 1 1 0x0 4.0784 3.9216 4.08 3.92 1.0251 0.7949 0.0004 0.0005 12.2199 0.0543 0.078431 -1.268217 12.12 
13.6819 2 1 1 0x0 4.0784 3.9216 4.08 3.92 0.8054 0.9677 0.0003 0.0006 12.2236 0.0546 0.078431 -1.263860 12.13 
13.6859 2 1 1 0x0 4.0784 3.9216 4.08 3.92 1.1012 0.8929 0.0004 0.0006 12.2272 0.0549 0.078431 -1.264781 12.13 
13.6899 2 1 1 0x0 4.0784 3.9216 4.08 3.92 0.8852 0.9908 0.0005 0.0007 12.2309 0.0552 0.078431 -1.264907 12.12 
13.6939 2 1 1 0x0 4.0811 3.9189 4.08 3.92 1.0703 1.0520 0.0006 0.0002 12.2347 0.0555 0.081136 -1.259575 12.13 
13.6979 2 1 1 0x0 4.0784 3.9216 4.08 3.92 1.0362 0.8822 0.0003 0.0002 12.2385 0.0558 0.078431 -1.260389 12.13 
13.7019 2 1 1 0x0 4.0784 3.9216 4.08 3.92 0.9348 1.0776 0.0004 0.0003 12.2422 0.0561 0.078431 -1.271686 12.12 
13.7059 2 1 1 0x0 4.0784 3.9216 4.08 3.92 1.0610 0.7590 0.0006 0.0003 12.2458 0.0564 0.078431 -1.280381 12.13 
13.7099 2 1 1 0x0 4.0757 3.9243 4.08 3.92 1.0929 1.0288 0.0004 0.0003 12.2497 0.0567 0.075727 -1.281476 12.13 
13.7139 2 1 1 0x0 4.0730 3.9270 4.07 3.93 1.0360 0.8980 0.0002 0.0003 12.2535 0.0569 0.073022 -1.283740 12.14 
13.7179 2 1 1 0x0 4.0730 3.9270 4.07 3.93 0.8093 1.0562 0.0003 0.0004 12.2571 0.0572 0.073022 -1.278560 12.12 
13.7219 2 1 1 0x0 4.0757 3.9243 4.08 3.92 0.7480 0.8111 0.0006 0.0004 12.2606 0.0575 0.075727 -1.272743 12.12 
13.7259 2 1 1 0x0 4.0757 3.9243 4.08 3.92 0.9568 1.0133 0.0003 0.0003 12.2642 0.0577 0.075727 -1.275561 12.13 
13.7299 2 1 1 0x0 4.0784 3.9216 4.08 3.92 0.9944 0.9086 0.0005 0.0003 12.2677 0.0580 0.078431 -1.280798 12.12 
13.7339 2 1 1 0x0 4.0757 3.9243 4.08 3.92 0.8348 0.8793 0.0004 0.0006 12.2711 0.0583 0.075727 -1.275020 12.13 
13.7379 2 1 1 0x0 4.0757 3.9243 4.08 3.92 0.9508 1.0152 0.0004 0.0005 12.2747 0.0586 0.075727 -1.274079 12.12 
13.7419 2 1 1 0x0 4.0757 3.9243 4.08 3.92 0.7700 0.7498 0.0004 0.0003 12.2784 0.0588 0.075727 -1.282424 12.12 
13.7459 2 1 1 0x0 4.0730 3.9270 4.07 3.93 1.0081 0.7295 0.0004 0.0006 12.2818 0.0591 0.073022 -1.278056 12.12 
13.7499 2 1 1 0x0 4.0730 3.9270 4.07 3.93 0.9604 0.9523 0.0006 0.0005 12.2855 0.0594 0.073022 -1.278042 12.12 
13.7539 2 1 1 0x0 4.0703 3.9297 4.07 3.93 0.8088 0.9062 0.0003 0.0004 12.2893 0.0596 0.070318 -1.284994 12.12 
13.7579 2 1 1 0x0 4.0703 3.9297 4.07 3.93 1.0180 0.9760 0.0003 0.0004 12.2929 0.0599 0.070318 -1.287371 12.12 
13.7619 2 1 1 0x0 4.0730 3.9270 4.07 3.93 0.9757 0.7758 0.0007 0.0004 12.2964 0.0601 0.073022 -1.283576 12.12 
13.7659 2 1 1 0x0 4.0730 3.9270 4.07 3.93 0.9036 1.0017 0.0005 0.0003 12.3000 0.0604 0.073022 -1.285334 12.12 
13.7699 2 1 1 0x0 4.0730 3.9270 4.07 3.93 0.9946 0.9212 0.0005 0.0004 12.3037 0.0607 0.073022 -1.287664 12.12 
13.7739 2 1 1 0x0 4.0730 3.9270 4.07 3.93 0.8171 1.0246 0.0004 0.0004 12.3073 0.0609 0.073022 -1.285101 12.12 
13.7779 2 1 1 0x0 4.0730 3.9270 4.07 3.93 0.9563 0.7875 0.0003 0.0005 12.3110 0.0612 0.073022 -1.280833 12.12 
13.7819 2 1 1 0x0 4.0757 3.9243 4.08 3.92 0.9905 0.9843 0.0005 0.0004 12.3144 0.0614 0.075727 -1.276703 12.12 
13.7859 2 1 1 0x0 4.0730 3.9270 4.07 3.93 0.8744 0.9565 0.0002 0.0006 12.3178 0.0617 0.073022 -1.273294 12.12 
13.7899 2 1 1 0x0 4.0757 3.9243 4.08 3.92 0.8504 0.9001 0.0005 0.0005 12.3213 0.0620 0.075727 -1.269190 12.12 
13.7939 2 1 1 0x0 4.0757 3.9243 4.08 3.92 0.9984 0.9875 0.0004 0.0003 12.3249 0.0622 0.075727 -1.271111 12.12 
13.7979 2 1 1 0x0 4.0730 3.9270 4.07 3.93 0.7765 0.9584 0.0004 0.0007 12.3284 0.0625 0.073022 -1.267312 12.13 
13.8019 2 1 1 0x0 4.0730 3.9270 4.07 3.93 1.0092 0.7459 0.0003 0.0005 12.3320 0.0628 0.073022 -1.264406 12.12 
13.8059 2 1 1 0x0 4.0730 3.9270 4.07 3.93 0.8794 0.9883 0.0003 0.0004 12.3356 0.0630 0.073022 -1.265221 12.13 
13.8100 2 1 1 0x0 4.0730 3.9270 4.07 3.93 1.0209 0.8760 0.0002 0.0004 12.3393 0.0633 0.073022 -1.262861 12.12 
13.8140 2 1 1 0x0 4.0757 3.9243 4.08 3.92 0.9731 1.0141 0.0007 0.0004 12.3427 0.0636 0.075727 -1.261953 12.12 
13.8180 2 1 1 0x0 4.0730 3.9270 4.07 3.93 0.7957 0.7938 0.0006 0.0003 12.3466 0.0638 0.073022 -1.260851 12.11 
13.8220 2 1 1 0x0 4.0757 3.9243 4.08 3.92 1.0427 1.0411 0.0006 0.0003 12.3500 0.0641 0.075727 -1.260480 12.12 
13.8260 2 1 1 0x0 4.0730 3.9270 4.07 3.93 1.0166 0.9453 0.0003 0.0003 12.3539 0.0644 0.073022 -1.260496 12.13 
13.8300 2 1 1 0x0 4.0730 3.9270 4.07 3.93 1.0316 0.9965 0.0007 0.0003 12.3575 0.0646 0.073022 -1.263248 12.13 
13.8340 2 1 1 0x0 4.0757 3.9243 4.08 3.92 0.7969 0.8056 0.0006 0.0003 12.3609 0.0649 0.075727 -1.263194 12.12 
13.8380 2 1 1 0x0 4.0757 3.9243 4.08 3.92 1.0469 1.0195 0.0006 0.0004 12.3646 0.0652 0.075727 -1.260118 12.13 
13.8420 2 1 1 0x0 4.0757 3.9243 4.08 3.92 0.8104 0.9073 0.0006 0.0004 12.3682 0.0654 0.075727 -1.260801 12.13 
13.8460 2 1 1 0x0 4.0757 3.9243 4.08 3.92 0.9272 1.0411 0.0005 0.0004 12.3719 0.0657 0.075727 -1.256751 12.13 
13.8500 2 1 1 0x0 4.0784 3.9216 4.08 3.92 0.9706 0.7776 0.0006 0.0004 12.3753 0.0660 0.078431 -1.251032 12.13 
13.8540 2 1 1 0x0 4.0811 3.9189 4.08 3.92 0.9589 0.9955 0.0007 0.0005 12.3787 0.0663 0.081136 -1.246467 12.12 
13.8580 2 1 1 0x0 4.0811 3.9189 4.08 3.92 0.7492 0.9262 0.0005 0.0005 12.3824 0.0665 0.081136 -1.240541 12.12 
13.8620 2 1 1 0x0 4.0811 3.9189 4.08 3.92 0.9991 1.0188 0.0004 0.0006 12.3860 0.0668 0.081136 -1.238199 12.13 
13.8660 2 1 1 0x0 4.0811 3.9189 4.08 3.92 0.8848 0.7916 0.0003 0.0006 12.3897 0.0671 0.081136 -1.236880 12.13 
13.8700 2 1 1 0x0 4.0811 3.9189 4.08 3.92 1.0778 1.0434 0.0003 0.0006 12.3933 0.0674 0.081136 -1.243628 12.12 
13.8740 2 1 1 0x0 4.0838 3.9162 4.08 3.92 0.8219 1.0293 0.0003 0.0002 12.3971 0.0678 0.083840 -1.256224 12.12 
13.8780 2 1 1 0x0 4.0838 3.9162 4.08 3.92 1.0604 0.7851 0.0004 0.0003 12.4008 0.0681 0.083840 -1.259531 12.13 
13.8820 2 1 1 0x0 4.0838 3.9162 4.08 3.92 0.8619 1.0541 0.0006 0.0003 12.4044 0.0684 0.083840 -1.264066 12.12 
13.8860 2 1 1 0x0 4.0811 3.9189 4.08 3.92 0.8193 0.8816 0.0003 0.0003 12.4083 0.0687 0.081136 -1.266045 12.13 
13.8900 2 1 1 0x0 4.0811 3.9189 4.08 3.92 1.0524 1.0055 0.0005 0.0004 12.4119 0.0690 0.081136 -1.260135 12.13 
13.8940 2 1 1 0x0 4.0811 3.9189 4.08 3.92 0.8676 0.7999 0.0006 0.0004 12.4155 0.0693 0.081136 -1.255446 12.12 
13.8980 2 1 1 0x0 4.0811 3.9189 4.08 3.92 0.9630 0.9616 0.0006 0.0004 12.4192 0.0696 0.081136 -1.260754 12.13 
13.9020 2 1 1 0x0 4.0811 3.9189 4.08 3.92 0.7559 0.9590 0.0005 0.0005 12.4228 0.0699 0.081136 -1.259452 12.12 
13.9060 2 1 1 0x0 4.0811 3.9189 4.08 3.92 1.0415 1.0500 0.0005 0.0005 12.4264 0.0702 0.081136 -1.253524 12.13 
13.9100 2 1 1 0x0 4.0811 3.9189 4.08 3.92 0.8648 0.7706 0.0005 0.0004 12.4301 0.0705 0.081136 -1.249339 12.13 
13.9140 2 1 1 0x0 4.0784 3.9216 4.08 3.92 1.0273 0.7896 0.0006 0.0007 12.4335 0.0707 0.078431 -1.250998 12.12 
13.9180 2 1 1 0x0 4.0757 3.9243 4.08 3.92 1.0727 0.9813 0.0002 0.0005 12.4374 0.0710 0.075727 -1.252391 12.12 
13.9220 2 1 1 0x0 4.0757 3.9243 4.08 3.92 0.9670 0.9361 0.0004 0.0004 12.4410 0.0713 0.075727 -1.256952 12.12 
13.9260 2 1 1 0x0 4.0757 3.9243 4.08 3.92 1.0306 0.9428 0.0006 0.0004 12.4446 0.0716 0.075727 -1.264860 12.12 
13.9300 2 1 1 0x0 4.0757 3.9243 4.08 3.92 0.7594 0.7986 0.0005 0.0004 12.4483 0.0719 0.075727 -1.264289 12.12 
13.9340 2 1 1 0x0 4.0757 3.9243 4.08 3.92 0.9843 1.0277 0.0004 0.0004 12.4519 0.0721 0.075727 -1.268780 12.12 
13.9380 2 1 1 0x0 4.0784 3.9216 4.08 3.92 1.0166 0.9014 0.0007 0.0004 12.4554 0.0724 0.078431 -1.265949 12.12 
13.9420 2 1 1 0x0 4.0784 3.9216 4.08 3.92 0.9235 0.9780 0.0005 0.0004 12.4590 0.0727 0.078431 -1.261841 12.12 
13.9460 2 1 1 0x0 4.0757 3.9243 4.08 3.92 0.9745 0.9478 0.0004 0.0008 12.4624 0.0729 0.075727 -1.256791 12.12 
13.9500 2 1 1 0x0 4.0784 3.9216 4.08 3.92 1.0063 0.7134 0.0007 0.0005 12.4659 0.0732 0.078431 -1.252285 12.13 
13.9540 2 1 1 0x0 4.0757 3.9243 4.08 3.92 0.7645 0.7277 0.0005 0.0007 12.4693 0.0735 0.075727 -1.251114 12.12 
13.9580 2 1 1 0x0 4.0757 3.9243 4.08 3.92 0.9687 0.9588 0.0004 0.0004 12.4730 0.0737 0.075727 -1.250741 12.13 
13.9620 2 1 1 0x0 4.0757 3.9243 4.08 3.92 0.9177 0.8969 0.0004 0.0003 12.4766 0.0740 0.075727 -1.248963 12.13 
13.9660 2 1 1 0x0 4.0730 3.9270 4.07 3.93 1.0321 0.8209 0.0004 0.0006 12.4800 0.0743 0.073022 -1.256882 12.13 
13.9700 2 1 1 0x0 4.0730 3.9270 4.07 3.93 0.8081 1.0256 0.0005 0.0005 12.4837 0.0745 0.073022 -1.258704 12.13 
13.9740 2 1 1 0x0 4.0730 3.9270 4.07 3.93 1.0116 0.7854 0.0006 0.0004 12.4873 0.0748 0.073022 -1.257577 12.12 
13.9780 2 1 1 0x0 4.0703 3.9297 4.07 3.93 1.0520 0.9862 0.0002 0.0004 12.4912 0.0751 0.070318 -1.254939 12.13 
13.9820 2 1 1 0x0 4.0703 3.9297 4.07 3.93 0.7582 0.9323 0.0004 0.0003 12.4948 0.0753 0.070318 -1.252658 12.12 
13.9860 2 1 1 0x0 4.0703 3.9297 4.07 3.93 0.9765 1.0118 0.0003 0.0003 12.4985 0.0756 0.070318 -1.249190 12.12 
13.9900 2 1 1 0x0 4.0730 3.9270 4.07 3.93 0.9535 0.7942 0.0005 0.0003 12.5019 0.0758 0.073022 -1.247462 12.12 
13.9940 2 1 1 0x0 4.0730 3.9270 4.07 3.93 0.8137 0.9711 0.0003 0.0003 12.5055 0.0761 0.073022 -1.250627 12.12 
13.9980 2 1 1 0x0 4.0757 3.9243 4.08 3.92 0.8391 0.8905 0.0006 0.0003 12.5090 0.0764 0.075727 -1.250536 12.14 
14.0020 2 1 1 0x0 4.0757 3.9243 4.08 3.92 1.0065 0.9936 0.0005 0.0004 12.5126 0.0766 0.075727 -1.248838 12.13 
14.0060 2 1 1 0x0 4.0757 3.9243 4.08 3.92 0.7730 0.7651 0.0005 0.0004 12.5163 0.0769 0.075727 -1.245810 12.13 
14.0100 2 1 1 0x0 4.0757 3.9243 4.08 3.92 1.0790 1.0192 0.0005 0.0004 12.5199 0.0772 0.075727 -1.248414 12.13 
14.0140 2 1 1 0x0 4.0757 3.9243 4.08 3.92 0.8984 0.9072 0.0006 0.0005 12.5235 0.0774 0.075727 -1.252271 12.13 
14.0180 2 1 1 0x0 4.0730 3.9270 4.07 3.93 0.8010 0.9746 0.0003 0.0005 12.5274 0.0777 0.073022 -1.251658 12.12 
14.0220 2 1 1 0x0 4.0730 3.9270 4.07 3.93 1.0221 0.7381 0.0003 0.0005 12.5310 0.0780 0.073022 -1.256492 12.12 
14.0260 2 1 1 0x0 4.0730 3.9270 4.07 3.93 0.8840 0.9997 0.0004 0.0004 12.5347 0.0783 0.073022 -1.261358 12.12 
14.0300 2 1 1 0x0 4.0730 3.9270 4.07 3.93 0.9577 0.9231 0.0003 0.0005 12.5383 0.0785 0.073022 -1.258992 12.12 
14.0340 2 1 1 0x0 4.0757 3.9243 4.08 3.92 0.9891 1.0213 0.0006 0.0005 12.5418 0.0788 0.075727 -1.255639 12.12 
14.0380 2 1 1 0x0 4.0757 3.9243 4.08 3.92 0.7805 0.7897 0.0005 0.0005 12.5454 0.0791 0.075727 -1.260079 12.11 
14.0420 2 1 1 0x0 4.0757 3.9243 4.08 3.92 1.0087 1.0467 0.0004 0.0005 12.5490 0.0794 0.075727 -1.257154 12.12 
14.0460 2 1 1 0x0 4.0757 3.9243 4.08 3.92 0.8912 0.8857 0.0005 0.0005 12.5527 0.0796 0.075727 -1.257834 12.12 
14.0500 2 1 1 0x0 4.0757 3.9243 4.08 3.92 1.0650 1.0034 0.0005 0.0005 12.5563 0.0799 0.075727 -1.265005 12.12 
14.0540 2 1 1 0x0 4.0757 3.9243 4.08 3.92 0.7903 0.7987 0.0006 0.0004 12.5600 0.0802 0.075727 -1.271774 12.12 
14.0581 2 1 1 0x0 4.0730 3.9270 4.07 3.93 0.8778 0.9655 0.0003 0.0003 12.5638 0.0805 0.073022 -1.272651 12.12 
14.0621 2 1 1 0x0 4.0703 3.9297 4.07 3.93 1.0148 1.0000 0.0003 0.0006 12.5672 0.0807 0.070318 -1.273270 12.13 
14.0661 2 1 1 0x0 4.0730 3.9270 4.07 3.93 1.0341 0.8648 0.0007 0.0005 12.5707 0.0810 0.073022 -1.274939 12.12 
14.0701 2 1 1 0x0 4.0730 3.9270 4.07 3.93 0.7962 1.0315 0.0006 0.0004 12.5743 0.0812 0.073022 -1.271778 12.11 
14.0741 2 1 1 0x0 4.0730 3.9270 4.07 3.93 0.9801 0.7811 0.0006 0.0003 12.5780 0.0815 0.073022 -1.269581 12.13 
14.0781 2 1 1 0x0 4.0703 3.9297 4.07 3.93 0.8101 0.7601 0.0006 0.0006 12.5814 0.0817 0.070318 -1.271309 12.13 
14.0821 2 1 1 0x0 4.0703 3.9297 4.07 3.93 1.0386 0.9614 0.0006 0.0005 12.5851 0.0820 0.070318 -1.269653 12.13 
14.0861 2 1 1 0x0 4.0676 3.9324 4.07 3.93 1.0189 0.8995 0.0002 0.0005 12.5889 0.0823 0.067613 -1.270741 12.12 
14.0901 2 1 1 0x0 4.0703 3.9297 4.07 3.93 1.0409 0.9823 0.0006 0.0005 12.5923 0.0825 0.070318 -1.271064 12.12 
14.0941 2 1 1 0x0 4.0703 3.9297 4.07 3.93 0.8025 0.8147 0.0005 0.0005 12.5960 0.0828 0.070318 -1.267436 12.13 
14.0981 2 1 1 0x0 4.0703 3.9297 4.07 3.93 1.0061 1.0049 0.0003 0.0005 12.5996 0.0830 0.070318 -1.265176 12.12 
14.1021 2 1 1 0x0 4.0730 3.9270 4.07 3.93 1.0265 0.9184 0.0007 0.0005 12.6031 0.0833 0.073022 -1.263386 12.12 
14.1061 2 1 1 0x0 4.0703 3.9297 4.07 3.93 1.0184 1.0264 0.0002 0.0005 12.6069 0.0835 0.070318 -1.261986 12.13 
14.1101 2 1 1 0x0 4.0703 3.9297 4.07 3.93 0.8832 0.8305 0.0003 0.0005 12.6106 0.0838 0.070318 -1.265995 12.12 
14.1141 2 1 1 0x0 4.0703 3.9297 4.07 3.93 1.0729 1.0513 0.0004 0.0005 12.6142 0.0841 0.070318 -1.266898 12.12 
14.1181 2 1 1 0x0 4.0703 3.9297 4.07 3.93 0.7860 0.8335 0.0004 0.0005 12.6178 0.0843 0.070318 -1.265183 12.13 
14.1221 2 1 1 0x0 4.0703 3.9297 4.07 3.93 0.9813 1.0027 0.0005 0.0006 12.6215 0.0846 0.070318 -1.264250 12.13 
14.1261 2 1 1 0x0 4.0703 3.9297 4.07 3.93 0.8534 0.7585 0.0005 0.0004 12.6251 0.0848 0.070318 -1.261852 12.13 
14.1301 2 1 1 0x0 4.0703 3.9297 4.07 3.93 1.0575 0.9666 0.0005 0.0003 12.6288 0.0851 0.070318 -1.259766 12.12 
14.1341 2 1 1 0x0 4.0676 3.9324 4.07 3.93 0.7845 1.0010 0.0004 0.0007 12.6322 0.0853 0.067613 -1.259496 12.13 
14.1381 2 1 1 0x0 4.0676 3.9324 4.07 3.93 1.0683 0.8656 0.0004 0.0006 12.6359 0.0856 0.067613 -1.258582 12.12 
14.1421 2 1 1 0x0 4.0676 3.9324 4.07 3.93 0.9039 1.0275 0.0004 0.0006 12.6395 0.0858 0.067613 -1.256765 12.12 
14.1461 2 1 1 0x0 4.0676 3.9324 4.07 3.93 0.9872 0.7847 0.0004 0.0005 12.6431 0.0861 0.067613 -1.260322 12.13 
14.1501 2 1 1 0x0 4.0676 3.9324 4.07 3.93 0.9491 1.0562 0.0007 0.0005 12.6468 0.0863 0.067613 -1.257359 12.12 
14.1541 2 1 1 0x0 4.0703 3.9297 4.07 3.93 0.8032 0.8787 0.0006 0.0005 12.6502 0.0866 0.070318 -1.253857 12.12 
14.1581 2 1 1 0x0 4.0703 3.9297 4.07 3.93 0.9759 1.0112 0.0005 0.0005 12.6539 0.0868 0.070318 -1.251897 12.12 
14.1621 2 1 1 0x0 4.0703 3.9297 4.07 3.93 0.8597 0.7536 0.0005 0.0004 12.6575 0.0871 0.070318 -1.249254 12.13 
14.1661 2 1 1 0x0 4.0703 3.9297 4.07 3.93 0.9767 0.9747 0.0004 0.0002 12.6612 0.0873 0.070318 -1.248769 12.13 
14.1701 2 1 1 0x0 4.0676 3.9324 4.07 3.93 0.7879 0.9488 0.0003 0.0006 12.6646 0.0876 0.067613 -1.253076 12.13 
14.1741 2 1 1 0x0 4.0703 3.9297 4.07 3.93 0.7703 0.8553 0.0007 0.0005 12.6680 0.0878 0.070318 -1.253384 12.13 
14.1781 2 1 1 0x0 4.0703 3.9297 4.07 3.93 0.9668 1.0463 0.0005 0.0004 12.6717 0.0881 0.070318 -1.252711 12.13 
14.1821 2 1 1 0x0 4.0703 3.9297 4.07 3.93 0.8617 0.7737 0.0004 0.0003 12.6753 0.0883 0.070318 -1.249390 12.12 
14.1861 2 1 1 0x0 4.0703 3.9297 4.07 3.93 0.9833 1.0056 0.0003 0.0003 12.6790 0.0886 0.070318 -1.245246 12.12 
14.1901 2 1 1 0x0 4.0676 3.9324 4.07 3.93 0.7853 0.9739 0.0003 0.0007 12.6824 0.0888 0.067613 -1.244105 12.12 
14.1941 2 1 1 0x0 4.0676 3.9324 4.07 3.93 0.9914 0.8372 0.0002 0.0006 12.6860 0.0891 0.067613 -1.241151 12.13 
14.1981 2 1 1 0x0 4.0676 3.9324 4.07 3.93 0.9628 1.0005 0.0003 0.0006 12.6897 0.0893 0.067613 -1.241296 12.12 
14.2021 2 1 1 0x0 4.0676 3.9324 4.07 3.93 1.0412 0.8012 0.0004 0.0005 12.6933 0.0896 0.067613 -1.247274 12.12 
14.2061 2 1 1 0x0 4.0676 3.9324 4.07 3.93 0.8036 0.9621 0.0005 0.0005 12.6970 0.0898 0.067613 -1.249011 12.13 
14.2101 2 1 1 0x0 4.0676 3.9324 4.07 3.93 1.0170 0.8988 0.0006 0.0005 12.7006 0.0901 0.067613 -1.249199 12.12 
14.2141 2 1 1 0x0 4.0676 3.9324 4.07 3.93 0.8268 0.9859 0.0005 0.0005 12.7043 0.0903 0.067613 -1.246696 12.13 
14.2181 2 1 1 0x0 4.0676 3.9324 4.07 3.93 0.9693 0.7686 0.0004 0.0005 12.7079 0.0906 0.067613 -1.243643 12.13 
14.2221 2 1 1 0x0 4.0703 3.9297 4.07 3.93 0.9945 1.0123 0.0007 0.0005 12.7113 0.0908 0.070318 -1.241406 12.13 
14.2261 2 1 1 0x0 4.0676 3.9324 4.07 3.93 1.0572 0.8575 0.0002 0.0005 12.7152 0.0911 0.067613 -1.239458 12.12 
14.2301 2 1 1 0x0 4.0676 3.9324 4.07 3.93 0.9079 1.0381 0.0003 0.0005 12.7188 0.0913 0.067613 -1.239983 12.11 
14.2341 2 1 1 0x0 4.0676 3.9324 4.07 3.93 1.0416 0.7802 0.0003 0.0005 12.7225 0.0916 0.067613 -1.242390 12.13 
14.2381 2 1 1 0x0 4.0676 3.9324 4.07 3.93 0.7577 1.0631 0.0003 0.0005 12.7261 0.0918 0.067613 -1.243079 12.12 
14.2421 2 1 1 0x0 4.0676 3.9324 4.07 3.93 0.9707 0.8748 0.0003 0.0006 12.7298 0.0921 0.067613 -1.239979 12.12 
14.2461 2 1 1 0x0 4.0676 3.9324 4.07 3.93 0.8683 0.9527 0.0004 0.0005 12.7334 0.0923 0.067613 -1.235903 12.13 
14.2501 2 1 1 0x0 4.0676 3.9324 4.07 3.93 0.9623 0.7483 0.0004 0.0003 12.7371 0.0926 0.067613 -1.233300 12.13 
14.2541 2 1 1 0x0 4.0649 3.9351 4.06 3.94 0.7957 0.7651 0.0003 0.0006 12.7405 0.0928 0.064909 -1.230574 12.13 
14.2581 2 1 1 0x0 4.0676 3.9324 4.07 3.93 0.7398 1.0230 0.0006 0.0004 12.7439 0.0930 0.067613 -1.229940 12.12 
14.2621 2 1 1 0x0 4.0676 3.9324 4.07 3.93 1.0059 0.9012 0.0005 0.0003 12.7476 0.0933 0.067613 -1.227801 12.13 
14.2661 2 1 1 0x0 4.0676 3.9324 4.07 3.93 0.8884 0.9841 0.0005 0.0003 12.7512 0.0935 0.067613 -1.223428 12.12 
14.2701 2 1 1 0x0 4.0676 3.9324 4.07 3.93 0.9981 1.0193 0.0006 0.0007 12.7549 0.0937 0.067613 -1.223707 12.12 
14.2741 2 1 1 0x0 4.0676 3.9324 4.07 3.93 0.8272 1.0106 0.0006 0.0002 12.7585 0.0940 0.067613 -1.226564 12.12 
14.2781 2 1 1 0x0 4.0649 3.9351 4.06 3.94 0.9179 0.9741 0.0003 0.0002 12.7624 0.0942 0.064909 -1.221796 12.13 
14.2821 2 1 1 0x0 4.0649 3.9351 4.06 3.94 0.9631 1.0352 0.0003 0.0003 12.7660 0.0945 0.064909 -1.223259 12.12 
14.2861 2 1 1 0x0 4.0676 3.9324 4.07 3.93 0.9873 0.7815 0.0007 0.0003 12.7694 0.0947 0.067613 -1.220040 12.12 
14.2901 2 1 1 0x0 4.0676 3.9324 4.07 3.93 0.7780 1.0595 0.0005 0.0004 12.7731 0.0949 0.067613 -1.218933 12.12 
14.2941 2 1 1 0x0 4.0676 3.9324 4.07 3.93 1.0117 0.9324 0.0004 0.0004 12.7767 0.0952 0.067613 -1.217608 12.12 
14.2981 2 1 1 0x0 4.0676 3.9324 4.07 3.93 0.8793 1.0105 0.0004 0.0005 12.7804 0.0954 0.067613 -1.215187 12.13 
14.3021 2 1 1 0x0 4.0676 3.9324 4.07 3.93 1.0162 0.7548 0.0004 0.0005 12.7840 0.0957 0.067613 -1.213530 12.12 
14.3062 2 1 1 0x0 4.0676 3.9324 4.07 3.93 0.7696 1.0371 0.0003 0.0006 12.7876 0.0959 0.067613 -1.211745 12.12 
14.3102 2 1 1 0x0 4.0703 3.9297 4.07 3.93 0.9564 1.0255 0.0003 0.0002 12.7915 0.0962 0.070318 -1.213617 12.12 
14.3142 2 1 1 0x0 4.0730 3.9270 4.07 3.93 0.9745 0.7872 0.0007 0.0003 12.7949 0.0964 0.073022 -1.212967 12.13 
14.3182 2 1 1 0x0 4.0730 3.9270 4.07 3.93 0.8534 1.0514 0.0006 0.0003 12.7986 0.0967 0.073022 -1.216408 12.12 
14.3222 2 1 1 0x0 4.0730 3.9270 4.07 3.93 0.9970 0.9377 0.0005 0.0004 12.8022 0.0970 0.073022 -1.214539 12.12 
14.3262 2 1 1 0x0 4.0757 3.9243 4.08 3.92 0.9115 1.0050 0.0007 0.0005 12.8057 0.0972 0.075727 -1.211581 12.12 
14.3302 2 1 1 0x0 4.0757 3.9243 4.08 3.92 0.7823 0.7990 0.0005 0.0006 12.8093 0.0975 0.075727 -1.209652 12.13 
14.3342 2 1 1 0x0 4.0757 3.9243 4.08 3.92 1.0081 1.0309 0.0003 0.0006 12.8129 0.0978 0.075727 -1.206434 12.12 
14.3382 2 1 1 0x0 4.0784 3.9216 4.08 3.92 0.9398 1.0953 0.0003 0.0002 12.8168 0.0981 0.078431 -1.206787 12.12 
14.3422 2 1 1 0x0 4.0757 3.9243 4.08 3.92 1.0053 1.0550 0.0003 0.0007 12.8202 0.0983 0.075727 -1.205449 12.13 
14.3462 2 1 1 0x0 4.0757 3.9243 4.08 3.92 0.7778 0.7689 0.0003 0.0006 12.8239 0.0986 0.075727 -1.203822 12.13 
14.3502 2 1 1 0x0 4.0757 3.9243 4.08 3.92 1.0677 1.0153 0.0004 0.0005 12.8275 0.0989 0.075727 -1.205063 12.12 
14.3542 2 1 1 0x0 4.0757 3.9243 4.08 3.92 0.8432 0.8537 0.0004 0.0004 12.8311 0.0992 0.075727 -1.203984 12.12 
14.3582 2 1 1 0x0 4.0757 3.9243 4.08 3.92 1.0091 0.9791 0.0003 0.0004 12.8348 0.0995 0.075727 -1.207292 12.12 
14.3622 2 1 1 0x0 4.0784 3.9216 4.08 3.92 0.9704 0.7718 0.0006 0.0003 12.8382 0.0997 0.078431 -1.205027 12.12 
14.3662 2 1 1 0x0 4.0784 3.9216 4.08 3.92 0.7491 1.0083 0.0005 0.0003 12.8419 0.1000 0.078431 -1.199932 12.12 
14.3702 2 1 1 0x0 4.0784 3.9216 4.08 3.92 1.0059 0.8614 0.0003 0.0003 12.8455 0.1003 0.078431 -1.198737 12.13 
14.3742 2 1 1 0x0 4.0811 3.9189 4.08 3.92 0.9680 0.9676 0.0006 0.0003 12.8489 0.1006 0.081136 -1.199565 12.12 
14.3782 2 1 1 0x0 4.0811 3.9189 4.08 3.92 0.8571 0.7807 0.0005 0.0003 12.8526 0.1008 0.081136 -1.204412 12.13 
14.3822 2 1 1 0x0 4.0811 3.9189 4.08 3.92 1.0453 0.9927 0.0005 0.0003 12.8562 0.1011 0.081136 -1.213359 12.13 
14.3862 2 1 1 0x0 4.0811 3.9189 4.08 3.92 0.7951 0.9281 0.0005 0.0004 12.8598 0.1014 0.081136 -1.215301 12.13 
14.3902 2 1 1 0x0 4.0811 3.9189 4.08 3.92 1.0367 1.0888 0.0006 0.0005 12.8635 0.1017 0.081136 -1.210187 12.12 
14.3942 2 1 1 0x0 4.0811 3.9189 4.08 3.92 0.8202 0.7936 0.0006 0.0005 12.8671 0.1020 0.081136 -1.209528 12.13 
14.3982 2 1 1 0x0 4.0811 3.9189 4.08 3.92 0.9698 0.9701 0.0006 0.0005 12.8708 0.1023 0.081136 -1.209225 12.13 
14.4022 2 1 1 0x0 4.0838 3.9162 4.08 3.92 0.8970 0.8396 0.0007 0.0004 12.8742 0.1026 0.083840 -1.204147 12.12 
14.4062 2 1 1 0x0 4.0838 3.9162 4.08 3.92 0.7451 0.9985 0.0004 0.0003 12.8778 0.1029 0.083840 -1.201389 12.13 
14.4102 2 1 1 0x0 4.0838 3.9162 4.08 3.92 0.7630 0.9675 0.0006 0.0007 12.8811 0.1032 0.083840 -1.200874 12.13 
14.4142 2 1 1 0x0 4.0838 3.9162 4.08 3.92 1.0422 0.7787 0.0005 0.0005 12.8847 0.1035 0.083840 -1.198641 12.12 
14.4182 2 1 1 0x0 4.0838 3.9162 4.08 3.92 0.9106 0.9966 0.0005 0.0005 12.8884 0.1038 0.083840 -1.203115 12.12 
14.4222 2 1 1 0x0 4.0838 3.9162 4.08 3.92 1.0389 0.8698 0.0005 0.0004 12.8920 0.1041 0.083840 -1.207476 12.13 
14.4262 2 1 1 0x0 4.0838 3.9162 4.08 3.92 0.8018 1.0221 0.0005 0.0004 12.8956 0.1044 0.083840 -1.208508 12.13 
14.4302 2 1 1 0x0 4.0838 3.9162 4.08 3.92 1.0210 0.7889 0.0006 0.0004 12.8993 0.1047 0.083840 -1.214264 12.13 
14.4342 2 1 1 0x0 4.0811 3.9189 4.08 3.92 1.0651 0.9805 0.0002 0.0004 12.9031 0.1050 0.081136 -1.217239 12.12 
14.4382 2 1 1 0x0 4.0838 3.9162 4.08 3.92 0.9461 0.9397 0.0007 0.0004 12.9066 0.1053 0.083840 -1.213347 12.13 
14.4422 2 1 1 0x0 4.0838 3.9162 4.08 3.92 0.7216 1.0033 0.0005 0.0004 12.9102 0.1056 0.083840 -1.207896 12.12 
14.4462 2 1 1 0x0 4.0838 3.9162 4.08 3.92 0.9912 0.8000 0.0003 0.0004 12.9138 0.1059 0.083840 -1.203670 12.12 
14.4502 2 1 1 0x0 4.0865 3.9135 4.09 3.91 0.9535 0.9624 0.0006 0.0004 12.9173 0.1062 0.086545 -1.202007 12.12 
14.4542 2 1 1 0x0 4.0865 3.9135 4.09 3.91 0.8246 0.9554 0.0005 0.0004 12.9209 0.1065 0.086545 -1.204800 12.12 
14.4582 2 1 1 0x0 4.0865 3.9135 4.09 3.91 1.0231 1.0551 0.0005 0.0004 12.9245 0.1068 0.086545 -1.213852 12.13 
14.4622 2 1 1 0x0 4.0865 3.9135 4.09 3.91 0.8113 0.8120 0.0006 0.0004 12.9282 0.1071 0.086545 -1.213261 12.13 
14.4662 2 1 1 0x0 4.0838 3.9162 4.08 3.92 0.8994 1.0081 0.0002 0.0005 12.9320 0.1075 0.083840 -1.213332 12.12 
14.4702 2 1 1 0x0 4.0838 3.9162 4.08 3.92 1.0427 0.9146 0.0004 0.0005 12.9357 0.1078 0.083840 -1.211349 12.12 
14.4742 2 1 1 0x0 4.0838 3.9162 4.08 3.92 0.8052 1.0340 0.0005 0.0005 12.9393 0.1081 0.083840 -1.211029 12.12 
14.4782 2 1 1 0x0 4.0838 3.9162 4.08 3.92 1.0097 0.7399 0.0006 0.0003 12.9429 0.1084 0.083840 -1.203259 12.12 
14.4822 2 1 1 0x0 4.0784 3.9216 4.08 3.92 1.0428 0.7173 0.0004 0.0004 12.9466 0.1087 0.078431 -1.193984 12.12 
14.4862 2 1 1 0x0 4.0757 3.9243 4.08 3.92 0.8009 0.7309 0.0004 0.0006 12.9500 0.1090 0.075727 -1.188808 12.12 
14.4902 2 1 1 0x0 4.0784 3.9216 4.08 3.92 0.7418 0.9579 0.0007 0.0002 12.9535 0.1092 0.078431 -1.188369 12.12 
14.4942 2 1 1 0x0 4.0784 3.9216 4.08 3.92 0.6375 0.8780 0.0006 0.0004 12.9567 0.1095 0.078431 -1.180982 12.11 
14.4982 2 1 1 0x0 4.0784 3.9216 4.08 3.92 0.6863 0.8603 0.0004 0.0004 12.9599 0.1097 0.078431 -1.175066 12.11 
14.5022 2 1 1 0x0 4.0784 3.9216 4.08 3.92 0.7213 0.9513 0.0004 0.0004 12.9632 0.1100 0.078431 -1.175564 12.11 
14.5062 2 1 1 0x0 4.0784 3.9216 4.08 3.92 0.7251 0.9284 0.0004 0.0006 12.9664 0.1102 0.078431 -1.187509 12.11 
14.5102 2 1 1 0x0 4.0811 3.9189 4.08 3.92 0.7291 0.8219 0.0005 0.0003 12.9698 0.1105 0.081136 -1.188886 12.11 
14.5142 2 1 1 0x0 4.0811 3.9189 4.08 3.92 0.7350 0.8397 0.0006 0.0005 12.9731 0.1108 0.081136 -1.196055 12.11 
14.5182 2 1 1 0x0 4.0838 3.9162 4.08 3.92 0.7067 0.9369 0.0007 0.0003 12.9765 0.1110 0.083840 -1.194532 12.11 
14.5222 2 1 1 0x0 4.0838 3.9162 4.08 3.92 0.7089 0.9714 0.0007 0.0006 12.9797 0.1113 0.083840 -1.185519 12.11 
14.5262 2 1 1 0x0 4.0865 3.9135 4.09 3.91 0.7050 0.7765 0.0006 0.0005 12.9832 0.1116 0.086545 -1.181499 12.11 
14.5302 2 1 1 0x0 4.0892 3.9108 4.09 3.91 0.6305 0.9999 0.0003 0.0004 12.9866 0.1119 0.089250 -1.174594 12.12 
14.5342 2 1 1 0x0 4.0947 3.9053 4.09 3.91 0.8033 0.8182 0.0004 0.0003 12.9898 0.1122 0.094659 -1.170904 12.10 
14.5382 2 1 1 0x0 4.0974 3.9026 4.10 3.90 0.7054 0.7966 0.0007 0.0007 12.9925 0.1125 0.097363 -1.163655 12.10 
14.5422 2 1 1 0x0 4.0974 3.9026 4.10 3.90 0.6151 0.7032 0.0007 0.0010 12.9949 0.1127 0.097363 -1.155477 12.08 
14.5462 2 1 1 0x0 4.1028 3.8972 4.10 3.90 0.4294 0.6773 0.0009 0.0007 12.9973 0.1130 0.102772 -1.148400 12.08 
14.5503 2 1 1 0x0 4.1109 3.8891 4.11 3.89 0.4829 0.7523 0.0005 0.0003 12.9999 0.1132 0.110886 -1.135444 12.08 
14.5543 2 1 1 0x0 4.1190 3.8810 4.12 3.88 0.4921 0.8724 0.0007 0.0006 13.0021 0.1135 0.119000 -1.127230 12.08 
14.5583 2 1 1 0x0 4.1244 3.8756 4.12 3.88 0.4971 0.5647 0.0005 0.0007 13.0046 0.1138 0.124409 -1.120349 12.08 
14.5623 2 1 1 0x0 4.1271 3.8729 4.13 3.87 0.6374 0.5580 0.0008 0.0005 13.0068 0.1141 0.127113 -1.115674 12.08 
14.5663 2 1 1 0x0 4.1244 3.8756 4.12 3.88 0.6237 0.6151 0.0005 0.0009 13.0090 0.1144 0.124409 -1.113526 12.08 
14.5703 2 1 1 0x0 4.1244 3.8756 4.12 3.88 0.5279 0.4227 0.0009 0.0009 13.0110 0.1146 0.124409 -1.107064 12.06 
14.5743 2 1 1 0x0 4.1244 3.8756 4.12 3.88 0.5984 0.4686 0.0011 0.0005 13.0130 0.1149 0.124409 -1.114251 12.06 
14.5783 2 1 1 0x0 4.1190 3.8810 4.12 3.88 0.5990 0.4362 0.0005 0.0005 13.0150 0.1151 0.119000 -1.122205 12.07 
14.5823 2 1 1 0x0 4.1136 3.8864 4.11 3.89 0.4539 0.3232 0.0006 0.0014 13.0166 0.1153 0.113590 -1.117695 12.06 
14.5863 2 1 1 0x0 4.1109 3.8891 4.11 3.89 0.3896 0.3442 0.0009 0.0017 13.0181 0.1155 0.110886 -1.108957 12.05 
14.5903 2 1 1 0x0 4.1109 3.8891 4.11 3.89 0.3330 0.2813 0.0014 0.0017 13.0193 0.1156 0.110886 -1.101337 12.06 
14.5943 2 1 1 0x0 4.1136 3.8864 4.11 3.89 0.2425 0.3548 0.0023 0.0018 13.0203 0.1157 0.113590 -1.094734 12.04 
14.5983 2 1 1 0x0 4.1217 3.8783 4.12 3.88 0.1496 0.4138 0.0041 0.0010 13.0213 0.1158 0.121704 -1.089582 12.04 
14.6023 2 1 1 0x0 4.1325 3.8675 4.13 3.87 0.0601 0.4345 0.0081 0.0008 13.0221 0.1159 0.132522 -1.084718 12.03 
14.6063 2 1 1 0x0 4.1433 3.8567 4.14 3.86 0.0378 0.4309 0.0121 0.0007 13.0229 0.1160 0.143340 -1.079587 12.03 
14.6103 2 1 1 0x0 4.1515 3.8485 4.15 3.85 0.0275 0.2882 0.0161 0.0014 13.0235 0.1161 0.151454 -1.074580 12.03 
14.6143 2 1 1 0x0 4.1596 3.8404 4.16 3.84 0.0216 0.2886 0.0201 0.0014 13.0241 0.1162 0.159568 -1.069900 12.03 
14.6183 2 1 1 0x0 4.1650 3.8350 4.16 3.84 0.0178 0.2093 0.0241 0.0018 13.0245 0.1163 0.164977 -1.065201 12.03 
14.6223 2 1 1 0x0 4.1677 3.8323 4.17 3.83 0.0152 0.1425 0.0281 0.0034 13.0247 0.1163 0.167681 -1.062589 12.01 
14.6263 2 1 1 0x0 4.1704 3.8296 4.17 3.83 0.0132 0.1230 0.0321 0.0043 13.0249 0.1163 0.170386 -1.061661 12.01 
14.6303 2 1 1 0x0 4.1731 3.8269 4.17 3.83 0.0117 0.0614 0.0361 0.0034 13.0251 0.1164 0.173090 -1.062622 12.02 
14.6343 2 1 1 0x0 4.1731 3.8269 4.17 3.83 0.0105 0.0614 0.0401 0.0074 13.0251 0.1164 0.173090 -1.064659 12.02 
14.6383 2 1 1 0x0 4.1758 3.8242 4.18 3.82 0.0095 0.0638 0.0441 0.0049 13.0253 0.1164 0.175795 -1.067739 12.01 
14.6423 2 1 1 0x0 4.1758 3.8242 4.18 3.82 0.0087 0.0638 0.0481 0.0089 13.0253 0.1164 0.175795 -1.071531 12.01 
14.6463 2 1 1 0x0 4.1785 3.8215 4.18 3.82 0.0080 0.0655 0.0521 0.0066 13.0255 0.1165 0.178499 -1.075622 12.01 
14.6503 2 1 1 0x0 4.1812 3.8188 4.18 3.82 0.0074 0.0863 0.0561 0.0052 13.0257 0.1165 0.181204 -1.079125 12.01 
14.6543 2 1 1 0x0 4.1839 3.8161 4.18 3.82 0.0069 0.0600 0.0601 0.0034 13.0259 0.1165 0.183908 -1.081488 12.01 
14.6583 2 1 1 0x0 4.1839 3.8161 4.18 3.82 0.0065 0.0600 0.0641 0.0074 13.0259 0.1165 0.183908 -1.082702 12.01 
14.6623 2 1 1 0x0 4.1866 3.8134 4.19 3.81 0.0061 0.0621 0.0681 0.0048 13.0261 0.1166 0.186613 -1.082557 12.01 
14.6663 2 1 1 0x0 4.1866 3.8134 4.19 3.81 0.0057 0.0621 0.0721 0.0088 13.0261 0.1166 0.186613 -1.080812 12.00 
14.6703 2 1 1 0x0 4.1866 3.8134 4.19 3.81 0.0054 0.0426 0.0761 0.0128 13.0261 0.1166 0.186613 -1.077515 12.01 
14.6743 2 1 1 0x0 4.1866 3.8134 4.19 3.81 0.0054 0.0373 0.0413 0.0081 13.0265 0.1166 0.186613 -1.073314 12.02 
14.6783 2 1 1 0x0 4.1866 3.8134 4.19 3.81 0.0054 0.0373 0.0453 0.0121 13.0265 0.1166 0.186613 -1.068614 12.00 
14.6823 2 1 1 0x0 4.1866 3.8134 4.19 3.81 0.0054 0.0373 0.0493 0.0161 13.0265 0.1166 0.186613 -1.063604 12.01 
14.6863 2 1 1 0x0 4.1866 3.8134 4.19 3.81 0.0054 0.0277 0.0533 0.0201 13.0265 0.1166 0.186613 -1.058542 12.01 
14.6903 2 1 1 0x0 4.1866 3.8134 4.19 3.81 0.0054 0.0218 0.0573 0.0241 13.0265 0.1166 0.186613 -1.053630 12.01 
14.6943 2 1 1 0x0 4.1866 3.8134 4.19 3.81 0.0054 0.0179 0.0613 0.0281 13.0265 0.1166 0.186613 -1.048935 12.01 
14.6983 2 1 1 0x0 4.1839 3.8161 4.18 3.82 0.0158 0.0152 0.0150 0.0321 13.0267 0.1167 0.183908 -1.044404 12.01 
14.7023 2 1 1 0x0 4.1839 3.8161 4.18 3.82 0.0158 0.0132 0.0190 0.0361 13.0267 0.1167 0.183908 -1.039964 12.01 
14.7063 2 1 1 0x0 4.1839 3.8161 4.18 3.82 0.0158 0.0117 0.0230 0.0401 13.0267 0.1167 0.183908 -1.035455 12.01 
14.7103 2 1 1 0x0 4.1839 3.8161 4.18 3.82 0.0158 0.0105 0.0270 0.0441 13.0267 0.1167 0.183908 -1.031277 12.01 
14.7143 2 1 1 0x0 4.1839 3.8161 4.18 3.82 0.0158 0.0095 0.0310 0.0481 13.0267 0.1167 0.183908 -1.027489 12.01 
14.7183 2 1 1 0x0 4.1866 3.8134 4.19 3.81 0.0158 0.0088 0.0350 0.0236 13.0269 0.1167 0.186613 -1.023600 12.00 
14.7223 2 1 1 0x0 4.1839 3.8161 4.18 3.82 0.0177 0.0088 0.0147 0.0276 13.0271 0.1168 0.183908 -1.019506 12.01 
14.7263 2 1 1 0x0 4.1866 3.8134 4.19 3.81 0.0177 0.0588 0.0187 0.0051 13.0273 0.1168 0.186613 -1.015241 12.01 
14.7303 2 1 1 0x0 4.1866 3.8134 4.19 3.81 0.0177 0.0588 0.0227 0.0091 13.0273 0.1168 0.186613 -1.010969 12.01 
14.7343 2 1 1 0x0 4.1893 3.8107 4.19 3.81 0.0177 0.0587 0.0267 0.0062 13.0275 0.1168 0.189317 -1.006660 12.01 
14.7383 2 1 1 0x0 4.1893 3.8107 4.19 3.81 0.0177 0.0587 0.0307 0.0102 13.0275 0.1168 0.189317 -1.002145 12.00 
14.7423 2 1 1 0x0 4.1893 3.8107 4.19 3.81 0.0177 0.0378 0.0347 0.0142 13.0275 0.1168 0.189317 -0.997334 12.00 
14.7463 2 1 1 0x0 4.1893 3.8107 4.19 3.81 0.0149 0.0276 0.0387 0.0182 13.0275 0.1168 0.189317 -0.992248 12.00 
14.7503 2 1 1 0x0 4.1893 3.8107 4.19 3.81 0.0130 0.0217 0.0427 0.0222 13.0275 0.1168 0.189317 -0.986918 12.00 
14.7543 2 1 1 0x0 4.1920 3.8080 4.19 3.81 0.0115 0.0209 0.0467 0.0130 13.0277 0.1169 0.192022 -0.981537 12.01 
14.7583 2 1 1 0x0 4.1893 3.8107 4.19 3.81 0.0106 0.0209 0.0202 0.0170 13.0279 0.1169 0.189317 -0.976171 12.00 
14.7623 2 1 1 0x0 4.1893 3.8107 4.19 3.81 0.0106 0.0209 0.0242 0.0210 13.0279 0.1169 0.189317 -0.970928 12.00 
14.7663 2 1 1 0x0 4.1866 3.8134 4.19 3.81 0.0526 0.0209 0.0053 0.0250 13.0281 0.1169 0.186613 -0.965898 12.00 
14.7703 2 1 1 0x0 4.1866 3.8134 4.19 3.81 0.0526 0.0209 0.0093 0.0290 13.0281 0.1169 0.186613 -0.961114 12.01 
14.7743 2 1 1 0x0 4.1839 3.8161 4.18 3.82 0.0650 0.0174 0.0063 0.0330 13.0283 0.1170 0.183908 -0.956604 12.00 
14.7783 2 1 1 0x0 4.1812 3.8188 4.18 3.82 0.1044 0.0149 0.0052 0.0370 13.0285 0.1170 0.181204 -0.952366 12.01 
14.7823 2 1 1 0x0 4.1785 3.8215 4.18 3.82 0.0956 0.0130 0.0052 0.0410 13.0287 0.1171 0.178499 -0.948360 12.01 
14.7863 2 1 1 0x0 4.1758 3.8242 4.18 3.82 0.1244 0.0115 0.0054 0.0450 13.0289 0.1171 0.175795 -0.944597 12.01 
14.7903 2 1 1 0x0 4.1704 3.8296 4.17 3.83 0.1359 0.0103 0.0025 0.0490 13.0293 0.1172 0.170386 -0.940981 12.00 
14.7943 2 1 1 0x0 4.1677 3.8323 4.17 3.83 0.1193 0.0094 0.0033 0.0530 13.0295 0.1172 0.167681 -0.937468 12.01 
14.7984 2 1 1 0x0 4.1623 3.8377 4.16 3.84 0.1401 0.0086 0.0015 0.0570 13.0299 0.1173 0.162272 -0.933991 12.01 
14.8024 2 1 1 0x0 4.1596 3.8404 4.16 3.84 0.1811 0.0079 0.0030 0.0610 13.0301 0.1173 0.159568 -0.930509 12.01 
14.8064 2 1 1 0x0 4.1542 3.8458 4.15 3.85 0.1872 0.0073 0.0020 0.0650 13.0305 0.1174 0.154159 -0.926995 12.01 
14.8104 2 1 1 0x0 4.1487 3.8513 4.15 3.85 0.1810 0.0068 0.0013 0.0690 13.0309 0.1174 0.148749 -0.923452 12.01 
14.8144 2 1 1 0x0 4.1460 3.8540 4.15 3.85 0.1410 0.0064 0.0027 0.0730 13.0311 0.1174 0.146045 -0.919875 12.01 
14.8184 2 1 1 0x0 4.1406 3.8594 4.14 3.86 0.1444 0.0060 0.0016 0.0770 13.0315 0.1175 0.140636 -0.916244 12.01 
14.8224 2 1 1 0x0 4.1379 3.8621 4.14 3.86 0.1829 0.0057 0.0031 0.0810 13.0317 0.1175 0.137931 -0.912567 12.01 
14.8264 2 1 1 0x0 4.1325 3.8675 4.13 3.87 0.1723 0.0054 0.0019 0.0850 13.0321 0.1176 0.132522 -0.908801 12.01 
14.8304 2 1 1 0x0 4.1298 3.8702 4.13 3.87 0.0856 0.0051 0.0059 0.0890 13.0323 0.1176 0.129818 -0.904940 12.01 
14.8344 2 1 1 0x0 4.1244 3.8756 4.12 3.88 0.0000 0.0049 0.0045 0.0930 13.0327 0.1177 0.124409 -0.900939 12.01 
14.8384 2 1 1 0x0 4.1217 3.8783 4.12 3.88 0.1614 0.0046 0.0029 0.0970 13.0329 0.1177 0.121704 -0.896794 12.01 
14.8424 2 1 1 0x0 4.1190 3.8810 4.12 3.88 0.1345 0.0044 0.0042 0.1000 13.0331 0.1177 0.119000 -0.892560 12.01 
14.8464 2 1 1 0x0 4.1190 3.8810 4.12 3.88 0.1426 0.0043 0.0052 0.1000 13.0335 0.1178 0.119000 -0.888302 12.01 
14.8504 2 1 1 0x0 4.1163 3.8837 4.12 3.88 0.0919 0.0041 0.0056 0.1000 13.0337 0.1178 0.116295 -0.884045 12.00 
14.8544 2 1 1 0x0 4.1136 3.8864 4.11 3.89 0.0621 0.0039 0.0041 0.1000 13.0339 0.1178 0.113590 -0.879929 12.00 
14.8584 2 1 1 0x0 4.1136 3.8864 4.11 3.89 0.0621 0.0038 0.0081 0.1000 13.0339 0.1178 0.113590 -0.875930 11.99 
14.8624 2 1 1 0x0 4.1136 3.8864 4.11 3.89 0.0458 0.0036 0.0121 0.1000 13.0339 0.1178 0.113590 -0.872130 11.99 
14.8664 2 1 1 0x0 4.1163 3.8837 4.12 3.88 0.0316 0.0035 0.0161 0.1000 13.0341 0.1178 0.116295 -0.868496 11.99 
14.8704 2 1 1 0x0 4.1163 3.8837 4.12 3.88 0.0241 0.0034 0.0201 0.1000 13.0341 0.1178 0.116295 -0.865038 11.99 
14.8744 2 1 1 0x0 4.1163 3.8837 4.12 3.88 0.0195 0.0033 0.0241 0.1000 13.0341 0.1178 0.116295 -0.861763 11.99 
14.8784 2 1 1 0x0 4.1190 3.8810 4.12 3.88 0.0163 0.0000 0.0281 0.0647 13.0343 0.1179 0.119000 -0.858772 11.99 
14.8824 2 1 1 0x0 4.1190 3.8810 4.12 3.88 0.0141 0.0000 0.0321 0.0687 13.0343 0.1179 0.119000 -0.856096 11.99 
14.8864 2 1 1 0x0 4.1217 3.8783 4.12 3.88 0.0123 0.0455 0.0361 0.0056 13.0345 0.1179 0.121704 -0.853789 12.00 
14.8904 2 1 1 0x0 4.1190 3.8810 4.12 3.88 0.0119 0.0455 0.0199 0.0096 13.0347 0.1179 0.119000 -0.851755 12.00 
14.8944 2 1 1 0x0 4.1217 3.8783 4.12 3.88 0.0119 0.0779 0.0239 0.0065 13.0349 0.1179 0.121704 -0.849905 12.01 
14.8984 2 1 1 0x0 4.1217 3.8783 4.12 3.88 0.0495 0.0859 0.0067 0.0055 13.0353 0.1180 0.121704 -0.848194 12.01 
14.9024 2 1 1 0x0 4.1271 3.8729 4.13 3.87 0.0495 0.1071 0.0107 0.0019 13.0357 0.1180 0.127113 -0.846586 12.01 
14.9064 2 1 1 0x0 4.1271 3.8729 4.13 3.87 0.0577 0.1237 0.0071 0.0024 13.0361 0.1181 0.127113 -0.844965 12.01 
14.9104 2 1 1 0x0 4.1271 3.8729 4.13 3.87 0.0772 0.0899 0.0050 0.0025 13.0365 0.1181 0.127113 -0.843279 12.01 
14.9144 2 1 1 0x0 4.1244 3.8756 4.12 3.88 0.0707 0.0899 0.0035 0.0065 13.0367 0.1182 0.124409 -0.841389 12.01 
14.9184 2 1 1 0x0 4.1244 3.8756 4.12 3.88 0.0929 0.0866 0.0024 0.0059 13.0371 0.1182 0.124409 -0.839215 12.01 
14.9224 2 1 1 0x0 4.1271 3.8729 4.13 3.87 0.0929 0.0589 0.0064 0.0041 13.0373 0.1182 0.127113 -0.836669 12.01 
14.9264 2 1 1 0x0 4.1244 3.8756 4.12 3.88 0.0810 0.0589 0.0058 0.0081 13.0375 0.1183 0.124409 -0.833708 12.01 
14.9304 2 1 1 0x0 4.1244 3.8756 4.12 3.88 0.1101 0.0813 0.0054 0.0062 13.0379 0.1183 0.124409 -0.830458 12.01 
14.9344 2 1 1 0x0 4.1217 3.8783 4.12 3.88 0.1455 0.0714 0.0022 0.0049 13.0385 0.1184 0.121704 -0.826914 12.01 
14.9384 2 1 1 0x0 4.1217 3.8783 4.12 3.88 0.1290 0.0915 0.0033 0.0038 13.0389 0.1184 0.121704 -0.823098 12.01 
14.9424 2 1 1 0x0 4.1163 3.8837 4.12 3.88 0.1454 0.0915 0.0019 0.0078 13.0393 0.1185 0.116295 -0.819065 12.01 
14.9464 2 1 1 0x0 4.1163 3.8837 4.12 3.88 0.1691 0.0643 0.0033 0.0064 13.0397 0.1185 0.116295 -0.814806 12.01 
14.9504 2 1 1 0x0 4.1136 3.8864 4.11 3.89 0.1247 0.0643 0.0044 0.0104 13.0399 0.1186 0.113590 -0.810259 12.01 
14.9544 2 1 1 0x0 4.1136 3.8864 4.11 3.89 0.1320 0.0523 0.0053 0.0074 13.0403 0.1186 0.113590 -0.805398 12.00 
14.9584 2 1 1 0x0 4.1082 3.8918 4.11 3.89 0.1259 0.0523 0.0021 0.0114 13.0407 0.1186 0.108181 -0.800181 12.01 
14.9624 2 1 1 0x0 4.1055 3.8945 4.11 3.89 0.1089 0.0353 0.0026 0.0154 13.0409 0.1187 0.105477 -0.794625 12.01 
14.9664 2 1 1 0x0 4.1055 3.8945 4.11 3.89 0.1401 0.0320 0.0033 0.0092 13.0413 0.1187 0.105477 -0.788676 12.01 
14.9704 2 1 1 0x0 4.1028 3.8972 4.10 3.90 0.1113 0.0320 0.0040 0.0132 13.0415 0.1187 0.102772 -0.782236 12.00 
14.9744 2 1 1 0x0 4.1028 3.8972 4.10 3.90 0.1214 0.0423 0.0045 0.0060 13.0419 0.1188 0.102772 -0.775331 12.00 
14.9784 2 1 1 0x0 4.1028 3.8972 4.10 3.90 0.0923 0.0808 0.0047 0.0027 13.0424 0.1188 0.102772 -0.767935 12.01 
14.9824 2 1 1 0x0 4.1028 3.8972 4.10 3.90 0.1072 0.1329 0.0046 0.0027 13.0428 0.1189 0.102772 -0.758733 12.01 
14.9864 2 1 1 0x0 4.1028 3.8972 4.10 3.90 0.0954 0.1186 0.0046 0.0035 13.0432 0.1189 0.102772 -0.749044 12.01 
14.9904 2 1 1 0x0 4.1055 3.8945 4.11 3.89 0.1240 0.1669 0.0048 0.0022 13.0438 0.1190 0.105477 -0.739975 12.01 
14.9944 2 1 1 0x0 4.1082 3.8918 4.11 3.89 0.1018 0.1495 0.0052 0.0015 13.0444 0.1190 0.108181 -0.731274 12.01 
14.9984 2 1 1 0x0 4.1109 3.8891 4.11 3.89 0.1236 0.1988 0.0055 0.0012 13.0450 0.1191 0.110886 -0.722987 12.01 
15.0024 2 1 1 0x0 4.1136 3.8864 4.11 3.89 0.0925 0.2017 0.0057 0.0015 13.0456 0.1192 0.113590 -0.715052 12.01 
15.0064 2 1 1 0x0 4.1163 3.8837 4.12 3.88 0.1008 0.2194 0.0055 0.0020 13.0462 0.1192 0.116295 -0.707512 12.01 
15.0104 2 1 1 0x0 4.1217 3.8783 4.12 3.88 0.0649 0.2729 0.0044 0.0008 13.0470 0.1193 0.121704 -0.700332 12.02 
15.0144 2 1 1 0x0 4.1271 3.8729 4.13 3.87 0.0649 0.2903 0.0084 0.0017 13.0474 0.1194 0.127113 -0.693885 12.02 
15.0184 2 1 1 0x0 4.1325 3.8675 4.13 3.87 0.0635 0.2654 0.0061 0.0012 13.0482 0.1195 0.132522 -0.687889 12.01 
15.0224 2 1 1 0x0 4.1406 3.8594 4.14 3.86 0.0635 0.3331 0.0101 0.0011 13.0488 0.1196 0.140636 -0.682177 12.01 
15.0264 2 1 1 0x0 4.1460 3.8540 4.15 3.85 0.0443 0.2877 0.0063 0.0013 13.0496 0.1197 0.146045 -0.676836 12.01 
15.0304 2 1 1 0x0 4.1542 3.8458 4.15 3.85 0.0443 0.3855 0.0103 0.0017 13.0502 0.1198 0.154159 -0.672030 12.02 
15.0344 2 1 1 0x0 4.1623 3.8377 4.16 3.84 0.0513 0.4161 0.0057 0.0011 13.0512 0.1199 0.162272 -0.667483 12.02 
15.0384 2 1 1 0x0 4.1731 3.8269 4.17 3.83 0.0513 0.4259 0.0097 0.0008 13.0520 0.1201 0.173090 -0.663298 12.02 
15.0424 2 1 1 0x0 4.1812 3.8188 4.18 3.82 0.0538 0.4351 0.0060 0.0005 13.0530 0.1202 0.181204 -0.658855 12.02 
15.0465 2 1 1 0x0 4.1866 3.8134 4.19 3.81 0.0836 0.3674 0.0038 0.0014 13.0538 0.1204 0.186613 -0.654422 12.02 
15.0505 2 1 1 0x0 4.2001 3.7999 4.20 3.80 0.0836 0.4819 0.0078 0.0005 13.0548 0.1206 0.200136 -0.649628 12.01 
15.0545 2 1 1 0x0 4.2082 3.7918 4.21 3.79 0.0750 0.5072 0.0067 0.0007 13.0558 0.1208 0.208249 -0.644489 12.02 
15.0585 2 1 1 0x0 4.2164 3.7836 4.22 3.78 0.0969 0.5336 0.0059 0.0012 13.0568 0.1210 0.216363 -0.638576 12.03 
15.0625 2 1 1 0x0 4.2272 3.7728 4.23 3.77 0.0796 0.4566 0.0052 0.0011 13.0580 0.1213 0.227181 -0.633088 12.02 
15.0665 2 1 1 0x0 4.2407 3.7593 4.24 3.76 0.0977 0.5717 0.0046 0.0007 13.0594 0.1216 0.240704 -0.626335 12.03 
15.0705 2 1 1 0x0 4.2542 3.7458 4.25 3.75 0.0763 0.5708 0.0039 0.0007 13.0607 0.1219 0.254226 -0.619928 12.04 
15.0745 2 1 1 0x0 4.2705 3.7295 4.27 3.73 0.0816 0.7475 0.0027 0.0004 13.0623 0.1224 0.270454 -0.613341 12.03 
15.0785 2 1 1 0x0 4.2894 3.7106 4.29 3.71 0.0816 0.6723 0.0067 0.0004 13.0637 0.1228 0.289385 -0.604926 12.04 
15.0825 2 1 1 0x0 4.3056 3.6944 4.31 3.69 0.0560 0.8444 0.0046 0.0005 13.0652 0.1232 0.305613 -0.592615 12.04 
15.0865 2 1 1 0x0 4.3272 3.6728 4.33 3.67 0.0560 0.8812 0.0086 0.0003 13.0668 0.1237 0.327249 -0.581562 12.03 
15.0905 2 1 1 0x0 4.3435 3.6565 4.34 3.66 0.0472 0.6967 0.0047 0.0007 13.0683 0.1243 0.343476 -0.571026 12.02 
15.0945 2 1 1 0x0 4.3651 3.6349 4.37 3.63 0.0472 0.7063 0.0087 0.0006 13.0698 0.1248 0.365112 -0.560729 12.03 
15.0985 2 1 1 0x0 4.3867 3.6133 4.39 3.61 0.0472 0.6836 0.0127 0.0006 13.0713 0.1254 0.386749 -0.552358 12.03 
15.1025 2 1 1 0x0 4.4057 3.5943 4.41 3.59 0.0326 0.6934 0.0167 0.0005 13.0730 0.1261 0.405680 -0.552930 12.03 
15.1065 2 1 1 0x0 4.4273 3.5727 4.43 3.57 0.0326 0.7047 0.0102 0.0005 13.0745 0.1268 0.427317 -0.543773 12.04 
15.1105 2 1 1 0x0 4.4462 3.5538 4.45 3.55 0.0526 0.6831 0.0041 0.0005 13.0761 0.1276 0.446248 -0.532443 12.04 
15.1145 2 1 1 0x0 4.4679 3.5321 4.47 3.53 0.0526 0.7267 0.0081 0.0005 13.0776 0.1283 0.467885 -0.519255 12.04 
15.1185 2 1 1 0x0 4.4868 3.5132 4.49 3.51 0.0576 0.7033 0.0048 0.0005 13.0792 0.1291 0.486816 -0.506276 12.04 
15.1225 2 1 1 0x0 4.5057 3.4943 4.51 3.49 0.0794 0.6802 0.0027 0.0005 13.0808 0.1300 0.505748 -0.492451 12.03 
15.1265 2 1 1 0x0 4.5274 3.4726 4.53 3.47 0.0794 0.6588 0.0067 0.0004 13.0822 0.1308 0.527385 -0.477185 12.04 
15.1305 2 1 1 0x0 4.5463 3.4537 4.55 3.45 0.0707 0.6668 0.0053 0.0003 13.0838 0.1317 0.546316 -0.462630 12.03 
15.1345 2 1 1 0x0 4.5625 3.4375 4.56 3.44 0.0815 0.8780 0.0039 0.0007 13.0852 0.1326 0.562544 -0.448370 12.04 
15.1385 2 1 1 0x0 4.5842 3.4158 4.58 3.42 0.0815 0.9159 0.0079 0.0006 13.0865 0.1335 0.584180 -0.434321 12.03 
15.1425 2 1 1 0x0 4.6031 3.3969 4.60 3.40 0.0598 0.8483 0.0060 0.0005 13.0880 0.1345 0.603112 -0.423356 12.04 
15.1465 2 1 1 0x0 4.6220 3.3780 4.62 3.38 0.0783 0.8855 0.0040 0.0003 13.0895 0.1355 0.622044 -0.413483 12.04 
15.1505 2 1 1 0x0 4.6410 3.3590 4.64 3.36 0.0783 0.7409 0.0080 0.0006 13.0907 0.1364 0.640976 -0.405812 12.04 
15.1545 2 1 1 0x0 4.6599 3.3401 4.66 3.34 0.0634 0.7899 0.0063 0.0004 13.0921 0.1375 0.659908 -0.399191 12.04 
15.1585 2 1 1 0x0 4.6761 3.3239 4.68 3.32 0.0832 0.8276 0.0046 0.0007 13.0934 0.1385 0.676135 -0.390186 12.04 
15.1625 2 1 1 0x0 4.6978 3.3022 4.70 3.30 0.0832 0.8642 0.0086 0.0004 13.0947 0.1395 0.697771 -0.380520 12.04 
15.1665 2 1 1 0x0 4.7140 3.2860 4.71 3.29 0.0628 0.6445 0.0069 0.0007 13.0959 0.1406 0.713999 -0.371686 12.03 
15.1705 2 1 1 0x0 4.7329 3.2671 4.73 3.27 0.0628 0.6223 0.0109 0.0004 13.0970 0.1415 0.732931 -0.364233 12.03 
15.1745 2 1 1 0x0 4.7465 3.2535 4.75 3.25 0.0346 0.4086 0.0149 0.0008 13.0977 0.1422 0.746453 -0.360383 12.02 
15.1785 2 1 1 0x0 4.7573 3.2427 4.76 3.24 0.0258 0.3829 0.0189 0.0012 13.0983 0.1427 0.757271 -0.358957 12.01 
15.1825 2 1 1 0x0 4.7681 3.2319 4.77 3.23 0.0206 0.2824 0.0229 0.0009 13.0989 0.1433 0.768089 -0.359265 12.01 
15.1865 2 1 1 0x0 4.7735 3.2265 4.77 3.23 0.0171 0.2637 0.0269 0.0022 13.0992 0.1436 0.773498 -0.359000 12.01 
15.1905 2 1 1 0x0 4.7789 3.2211 4.78 3.22 0.0146 0.1512 0.0309 0.0024 13.0995 0.1439 0.778907 -0.359249 12.00 
15.1945 2 1 1 0x0 4.7816 3.2184 4.78 3.22 0.0128 0.1092 0.0349 0.0032 13.0996 0.1440 0.781612 -0.359995 12.00 
15.1985 2 1 1 0x0 4.7816 3.2184 4.78 3.22 0.0114 0.1092 0.0389 0.0072 13.0996 0.1440 0.781612 -0.359753 11.99 
15.2025 2 1 1 0x0 4.7843 3.2157 4.78 3.22 0.0102 0.0589 0.0429 0.0059 13.0998 0.1442 0.784316 -0.358873 12.00 
15.2065 2 1 1 0x0 4.7870 3.2130 4.79 3.21 0.0093 0.0700 0.0469 0.0036 13.0999 0.1443 0.787021 -0.355827 12.00 
15.2105 2 1 1 0x0 4.7897 3.2103 4.79 3.21 0.0085 0.0926 0.0509 0.0025 13.1001 0.1444 0.789725 -0.353758 12.00 
15.2145 2 1 1 0x0 4.7924 3.2076 4.79 3.21 0.0078 0.1569 0.0549 0.0030 13.1002 0.1446 0.792430 -0.351456 12.01 
15.2185 2 1 1 0x0 4.7978 3.2022 4.80 3.20 0.0073 0.2161 0.0589 0.0023 13.1005 0.1449 0.797839 -0.348851 12.01 
15.2225 2 1 1 0x0 4.8032 3.1968 4.80 3.20 0.0068 0.2555 0.0629 0.0024 13.1008 0.1452 0.803248 -0.347321 12.01 
15.2265 2 1 1 0x0 4.8114 3.1886 4.81 3.19 0.0064 0.2498 0.0669 0.0016 13.1012 0.1456 0.811361 -0.345495 12.01 
15.2305 2 1 1 0x0 4.8195 3.1805 4.82 3.18 0.0060 0.3495 0.0709 0.0016 13.1016 0.1461 0.819475 -0.344478 12.01 
15.2345 2 1 1 0x0 4.8303 3.1697 4.83 3.17 0.0057 0.3859 0.0749 0.0007 13.1022 0.1466 0.830293 -0.345013 12.00 
15.2385 2 1 1 0x0 4.8384 3.1616 4.84 3.16 0.0054 0.3607 0.0789 0.0013 13.1026 0.1471 0.838406 -0.346124 12.01 
15.2425 2 1 1 0x0 4.8492 3.1508 4.85 3.15 0.0051 0.3723 0.0829 0.0011 13.1031 0.1477 0.849224 -0.348637 12.01 
15.2465 2 1 1 0x0 4.8600 3.1400 4.86 3.14 0.0048 0.4062 0.0869 0.0011 13.1036 0.1483 0.860042 -0.352835 12.01 
15.2505 2 1 1 0x0 4.8709 3.1291 4.87 3.13 0.0046 0.3780 0.0909 0.0009 13.1042 0.1489 0.870860 -0.358759 12.01 
15.2545 2 1 1 0x0 4.8790 3.1210 4.88 3.12 0.0044 0.3945 0.0949 0.0017 13.1046 0.1494 0.878974 -0.366902 12.01 
15.2585 2 1 1 0x0 4.8898 3.1102 4.89 3.11 0.0042 0.3740 0.0989 0.0010 13.1051 0.1500 0.889792 -0.377041 12.01 
15.2625 2 1 1 0x0 4.8979 3.1021 4.90 3.10 0.0041 0.2890 0.1000 0.0015 13.1054 0.1505 0.897905 -0.388336 12.01 
15.2665 2 1 1 0x0 4.9060 3.0940 4.91 3.09 0.0039 0.3558 0.1000 0.0018 13.1058 0.1510 0.906019 -0.400130 12.01 
15.2705 2 1 1 0x0 4.9168 3.0832 4.92 3.08 0.0038 0.3482 0.1000 0.0007 13.1063 0.1516 0.916837 -0.412377 12.01 
15.2745 2 1 1 0x0 4.9222 3.0778 4.92 3.08 0.0036 0.3194 0.1000 0.0019 13.1066 0.1519 0.922246 -0.425225 12.00 
15.2785 2 1 1 0x0 4.9304 3.0696 4.93 3.07 0.0035 0.2322 0.1000 0.0015 13.1069 0.1524 0.930359 -0.438418 12.00 
15.2825 2 1 1 0x0 4.9358 3.0642 4.94 3.06 0.0034 0.2252 0.1000 0.0022 13.1072 0.1528 0.935768 -0.451636 11.98 
15.2865 2 1 1 0x0 4.9412 3.0588 4.94 3.06 0.0033 0.1909 0.1000 0.0026 13.1074 0.1531 0.941177 -0.464334 12.00 
15.2905 2 1 1 0x0 4.9466 3.0534 4.95 3.05 0.0032 0.1452 0.1000 0.0021 13.1077 0.1534 0.946586 -0.475849 12.00 
15.2946 2 1 1 0x0 4.9493 3.0507 4.95 3.05 0.0031 0.1518 0.1000 0.0034 13.1078 0.1536 0.949291 -0.486389 12.00 
15.2986 2 1 1 0x0 4.9520 3.0480 4.95 3.05 0.0030 0.1060 0.1000 0.0041 13.1079 0.1537 0.951995 -0.495627 11.99 
15.3026 2 1 1 0x0 4.9547 3.0453 4.95 3.05 0.0029 0.1198 0.1000 0.0045 13.1080 0.1539 0.954700 -0.503357 12.00 
15.3066 2 1 1 0x0 4.9574 3.0426 4.96 3.04 0.0028 0.0912 0.1000 0.0046 13.1081 0.1541 0.957404 -0.509808 11.99 
15.3106 2 1 1 0x0 4.9601 3.0399 4.96 3.04 0.0027 0.0931 0.1000 0.0042 13.1082 0.1542 0.960109 -0.514820 11.98 
15.3146 2 1 1 0x0 4.9601 3.0399 4.96 3.04 0.0027 0.0931 0.1000 0.0082 13.1082 0.1542 0.960109 -0.517926 11.98 
15.3186 2 1 1 0x0 4.9628 3.0372 4.96 3.04 0.0026 0.0593 0.1000 0.0066 13.1084 0.1544 0.962813 -0.519309 11.99 
15.3226 2 1 1 0x0 4.9628 3.0372 4.96 3.04 0.0025 0.0593 0.1000 0.0106 13.1084 0.1544 0.962813 -0.518842 11.99 
15.3266 2 1 1 0x0 4.9601 3.0399 4.96 3.04 0.0025 0.0362 0.0820 0.0146 13.1085 0.1546 0.960109 -0.516876 11.99 
15.3306 2 1 1 0x0 4.9601 3.0399 4.96 3.04 0.0025 0.0267 0.0860 0.0186 13.1085 0.1546 0.960109 -0.514160 11.99 
15.3346 2 1 1 0x0 4.9574 3.0426 4.96 3.04 0.1426 0.0218 0.0018 0.0099 13.1088 0.1551 0.957404 -0.511046 11.99 
15.3386 2 1 1 0x0 4.9547 3.0453 4.95 3.05 0.1302 0.0218 0.0028 0.0139 13.1089 0.1552 0.954700 -0.507713 11.99 
15.3426 2 1 1 0x0 4.9493 3.0507 4.95 3.05 0.1623 0.0218 0.0017 0.0179 13.1092 0.1556 0.949291 -0.504241 12.00 
15.3466 2 1 1 0x0 4.9466 3.0534 4.95 3.05 0.2037 0.0457 0.0016 0.0082 13.1095 0.1561 0.946586 -0.501092 12.00 
15.3506 2 1 1 0x0 4.9412 3.0588 4.94 3.06 0.3035 0.0851 0.0007 0.0054 13.1100 0.1567 0.941177 -0.498271 12.01 
15.3546 2 1 1 0x0 4.9385 3.0615 4.94 3.06 0.3311 0.0765 0.0018 0.0043 13.1104 0.1572 0.938473 -0.495652 12.01 
15.3586 2 1 1 0x0 4.9304 3.0696 4.93 3.07 0.4003 0.1014 0.0008 0.0037 13.1110 0.1580 0.930359 -0.493184 12.01 
15.3626 2 1 1 0x0 4.9222 3.0778 4.92 3.08 0.4301 0.0974 0.0005 0.0036 13.1116 0.1588 0.922246 -0.490784 12.01 
15.3666 2 1 1 0x0 4.9141 3.0859 4.91 3.09 0.5010 0.1215 0.0005 0.0039 13.1122 0.1596 0.914132 -0.488493 12.01 
15.3706 2 1 1 0x0 4.9060 3.0940 4.91 3.09 0.5574 0.1054 0.0011 0.0043 13.1128 0.1604 0.906018 -0.486319 12.01 
15.3746 2 1 1 0x0 4.8952 3.1048 4.90 3.10 0.6234 0.1548 0.0006 0.0025 13.1138 0.1617 0.895200 -0.484085 12.02 
15.3786 2 1 1 0x0 4.8844 3.1156 4.88 3.12 0.6608 0.1703 0.0004 0.0020 13.1148 0.1630 0.884382 -0.482341 12.02 
15.3826 2 1 1 0x0 4.8736 3.1264 4.87 3.13 0.7170 0.1994 0.0006 0.0019 13.1159 0.1642 0.873564 -0.480310 12.02 
15.3866 2 1 1 0x0 4.8627 3.1373 4.86 3.14 0.7008 0.2024 0.0008 0.0023 13.1169 0.1655 0.862746 -0.478547 12.03 
15.3906 2 1 1 0x0 4.8519 3.1481 4.85 3.15 0.5879 0.3015 0.0005 0.0015 13.1183 0.1670 0.851928 -0.476640 12.04 
15.3946 2 1 1 0x0 4.8411 3.1589 4.84 3.16 0.7652 0.2813 0.0003 0.0012 13.1196 0.1685 0.841110 -0.474332 12.04 
15.3986 2 1 1 0x0 4.8330 3.1670 4.83 3.17 0.7724 0.3636 0.0008 0.0013 13.1208 0.1699 0.832997 -0.471804 12.04 
15.4026 2 1 1 0x0 4.8222 3.1778 4.82 3.18 0.8577 0.4130 0.0003 0.0007 13.1225 0.1717 0.822179 -0.469097 12.04 
15.4066 2 1 1 0x0 4.8141 3.1859 4.81 3.19 0.6671 0.4463 0.0005 0.0007 13.1240 0.1733 0.814065 -0.465938 12.04 
15.4106 2 1 1 0x0 4.8060 3.1940 4.81 3.19 0.8624 0.4992 0.0008 0.0010 13.1255 0.1749 0.805952 -0.462462 12.05 
15.4146 2 1 1 0x0 4.7978 3.2022 4.80 3.20 0.8664 0.4737 0.0007 0.0007 13.1274 0.1768 0.797838 -0.459097 12.06 
15.4186 2 1 1 0x0 4.7897 3.2103 4.79 3.21 0.9165 0.5873 0.0008 0.0007 13.1292 0.1787 0.789725 -0.455613 12.05 
15.4226 2 1 1 0x0 4.7789 3.2211 4.78 3.22 0.7284 0.4648 0.0004 0.0010 13.1312 0.1807 0.778906 -0.452538 12.06 
15.4266 2 1 1 0x0 4.7735 3.2265 4.77 3.23 0.7037 0.5874 0.0005 0.0008 13.1333 0.1827 0.773497 -0.449365 12.07 
15.4306 2 1 1 0x0 4.7681 3.2319 4.77 3.23 0.7123 0.5439 0.0007 0.0009 13.1353 0.1847 0.768088 -0.446712 12.07 
15.4346 2 1 1 0x0 4.7627 3.2373 4.76 3.24 0.9538 0.6908 0.0004 0.0004 13.1376 0.1869 0.762679 -0.444072 12.08 
15.4386 2 1 1 0x0 4.7573 3.2427 4.76 3.24 0.9905 0.7096 0.0006 0.0006 13.1397 0.1889 0.757270 -0.441803 12.08 
15.4426 2 1 1 0x0 4.7492 3.2508 4.75 3.25 0.8904 0.6955 0.0005 0.0008 13.1419 0.1909 0.749157 -0.439518 12.08 
15.4466 2 1 1 0x0 4.7437 3.2563 4.74 3.26 1.0734 0.6256 0.0005 0.0005 13.1443 0.1931 0.743748 -0.437325 12.08 
15.4506 2 1 1 0x0 4.7356 3.2644 4.74 3.26 0.8311 0.5360 0.0006 0.0008 13.1465 0.1952 0.735634 -0.434983 12.08 
15.4546 2 1 1 0x0 4.7275 3.2725 4.73 3.27 0.9386 0.7348 0.0004 0.0006 13.1491 0.1975 0.727521 -0.432964 12.09 
15.4586 2 1 1 0x0 4.7194 3.2806 4.72 3.28 0.8512 0.6227 0.0003 0.0004 13.1517 0.1998 0.719407 -0.430607 12.09 
15.4626 2 1 1 0x0 4.7113 3.2887 4.71 3.29 1.0570 0.5771 0.0006 0.0008 13.1540 0.2018 0.711294 -0.428359 12.09 
15.4666 2 1 1 0x0 4.7032 3.2968 4.70 3.30 1.1313 0.7733 0.0006 0.0008 13.1566 0.2040 0.703180 -0.426333 12.09 
15.4706 2 1 1 0x0 4.6924 3.3076 4.69 3.31 1.0005 0.6503 0.0003 0.0006 13.1594 0.2064 0.692362 -0.424467 12.10 
15.4746 2 1 1 0x0 4.6842 3.3158 4.68 3.32 0.9370 0.7539 0.0005 0.0005 13.1621 0.2086 0.684249 -0.422814 12.10 
15.4786 2 1 1 0x0 4.6734 3.3266 4.67 3.33 1.2533 0.6018 0.0004 0.0005 13.1649 0.2108 0.673430 -0.421616 12.10 
15.4826 2 1 1 0x0 4.6626 3.3374 4.66 3.34 1.0078 0.7697 0.0004 0.0005 13.1678 0.2131 0.662612 -0.420530 12.10 
15.4866 2 1 1 0x0 4.6518 3.3482 4.65 3.35 1.1754 0.7177 0.0003 0.0004 13.1707 0.2153 0.651794 -0.419668 12.11 
15.4906 2 1 1 0x0 4.6410 3.3590 4.64 3.36 0.9756 0.7857 0.0003 0.0004 13.1736 0.2175 0.640976 -0.418950 12.10 
15.4946 2 1 1 0x0 4.6302 3.3698 4.63 3.37 1.1760 0.6080 0.0003 0.0005 13.1765 0.2197 0.630158 -0.418569 12.11 
15.4986 2 1 1 0x0 4.6193 3.3807 4.62 3.38 0.9993 0.8446 0.0002 0.0005 13.1795 0.2218 0.619340 -0.418136 12.10 
15.5026 2 1 1 0x0 4.6085 3.3915 4.61 3.39 1.2823 0.7284 0.0002 0.0006 13.1825 0.2239 0.608522 -0.418002 12.11 
15.5066 2 1 1 0x0 4.5977 3.4023 4.60 3.40 0.9758 0.8145 0.0003 0.0006 13.1855 0.2260 0.597704 -0.418032 12.11 
15.5106 2 1 1 0x0 4.5869 3.4131 4.59 3.41 1.1726 0.6437 0.0003 0.0007 13.1885 0.2281 0.586886 -0.418096 12.11 
15.5146 2 1 1 0x0 4.5788 3.4212 4.58 3.42 1.0765 0.6478 0.0003 0.0004 13.1917 0.2302 0.578772 -0.418496 12.11 
15.5186 2 1 1 0x0 4.5680 3.4320 4.57 3.43 1.2719 0.8192 0.0003 0.0005 13.1948 0.2322 0.567954 -0.419216 12.13 
15.5226 2 1 1 0x0 4.5571 3.4429 4.56 3.44 0.9791 0.7144 0.0003 0.0007 13.1979 0.2341 0.557136 -0.420187 12.11 
15.5266 2 1 1 0x0 4.5463 3.4537 4.55 3.45 1.1662 0.8320 0.0003 0.0008 13.2010 0.2360 0.546318 -0.421459 12.11 
15.5306 2 1 1 0x0 4.5382 3.4618 4.54 3.46 1.0770 0.8245 0.0002 0.0004 13.2043 0.2380 0.538204 -0.423207 12.10 
15.5346 2 1 1 0x0 4.5274 3.4726 4.53 3.47 1.1733 0.6380 0.0002 0.0006 13.2074 0.2399 0.527386 -0.425399 12.11 
15.5386 2 1 1 0x0 4.5166 3.4834 4.52 3.48 0.9764 0.8358 0.0002 0.0008 13.2106 0.2417 0.516568 -0.428087 12.12 
15.5427 2 1 1 0x0 4.5085 3.4915 4.51 3.49 1.2791 0.8284 0.0002 0.0005 13.2139 0.2436 0.508455 -0.430879 12.10 
15.5467 2 1 1 0x0 4.5003 3.4997 4.50 3.50 1.2190 0.6754 0.0005 0.0007 13.2169 0.2453 0.500341 -0.434101 12.11 
15.5507 2 1 1 0x0 4.4922 3.5078 4.49 3.51 0.9449 0.7483 0.0004 0.0003 13.2203 0.2471 0.492227 -0.437544 12.11 
15.5547 2 1 1 0x0 4.4814 3.5186 4.48 3.52 1.2271 0.8330 0.0004 0.0005 13.2236 0.2488 0.481409 -0.441372 12.11 
15.5587 2 1 1 0x0 4.4706 3.5294 4.47 3.53 1.0992 0.6616 0.0003 0.0008 13.2268 0.2505 0.470591 -0.445233 12.11 
15.5627 2 1 1 0x0 4.4625 3.5375 4.46 3.54 1.1596 0.6667 0.0002 0.0005 13.2303 0.2522 0.462477 -0.449220 12.11 
15.5667 2 1 1 0x0 4.4544 3.5456 4.45 3.55 1.2012 0.8338 0.0005 0.0008 13.2333 0.2538 0.454364 -0.453506 12.11 
15.5707 2 1 1 0x0 4.4462 3.5538 4.45 3.55 1.0416 0.8742 0.0004 0.0005 13.2368 0.2554 0.446250 -0.458002 12.11 
15.5747 2 1 1 0x0 4.4354 3.5646 4.44 3.56 1.2430 0.7464 0.0002 0.0007 13.2401 0.2570 0.435432 -0.462568 12.11 
15.5787 2 1 1 0x0 4.4300 3.5700 4.43 3.57 1.1888 0.7526 0.0005 0.0004 13.2434 0.2585 0.430023 -0.467776 12.10 
15.5827 2 1 1 0x0 4.4192 3.5808 4.42 3.58 0.9746 0.8274 0.0004 0.0006 13.2468 0.2600 0.419204 -0.472967 12.12 
15.5867 2 1 1 0x0 4.4111 3.5889 4.41 3.59 1.1435 0.8182 0.0002 0.0003 13.2503 0.2616 0.411091 -0.478178 12.12 
15.5907 2 1 1 0x0 4.4030 3.5970 4.40 3.60 1.1922 0.6431 0.0005 0.0006 13.2534 0.2629 0.402977 -0.483299 12.11 
15.5947 2 1 1 0x0 4.3949 3.6051 4.39 3.61 1.0367 0.6487 0.0003 0.0004 13.2570 0.2644 0.394863 -0.488441 12.11 
15.5987 2 1 1 0x0 4.3867 3.6133 4.39 3.61 0.9093 0.8617 0.0005 0.0007 13.2602 0.2657 0.386750 -0.493259 12.11 
15.6027 2 1 1 0x0 4.3786 3.6214 4.38 3.62 1.1207 0.9027 0.0003 0.0005 13.2638 0.2672 0.378636 -0.498216 12.11 
15.6067 2 1 1 0x0 4.3732 3.6268 4.37 3.63 1.1884 0.8398 0.0004 0.0003 13.2672 0.2685 0.373227 -0.503275 12.11 
15.6107 2 1 1 0x0 4.3624 3.6376 4.36 3.64 0.8924 0.7359 0.0003 0.0005 13.2706 0.2698 0.362409 -0.508511 12.11 
15.6147 2 1 1 0x0 4.3543 3.6457 4.35 3.65 1.0657 0.8038 0.0004 0.0006 13.2738 0.2710 0.354295 -0.514091 12.11 
15.6187 2 1 1 0x0 4.3435 3.6565 4.34 3.66 1.2230 0.6231 0.0002 0.0007 13.2772 0.2723 0.343477 -0.519756 12.11 
15.6227 2 1 1 0x0 4.3381 3.6619 4.34 3.66 1.1977 0.6561 0.0003 0.0004 13.2807 0.2735 0.338068 -0.525769 12.11 
15.6267 2 1 1 0x0 4.3300 3.6700 4.33 3.67 1.1752 0.8507 0.0005 0.0007 13.2839 0.2746 0.329954 -0.532221 12.11 
15.6307 2 1 1 0x0 4.3245 3.6755 4.32 3.68 1.1505 0.8405 0.0006 0.0004 13.2874 0.2758 0.324545 -0.539166 12.11 
15.6347 2 1 1 0x0 4.3137 3.6863 4.31 3.69 0.9901 0.7361 0.0003 0.0006 13.2909 0.2770 0.313727 -0.546196 12.11 
15.6387 2 1 1 0x0 4.3083 3.6917 4.31 3.69 0.8633 0.7840 0.0004 0.0004 13.2943 0.2781 0.308318 -0.553219 12.11 
15.6427 2 1 1 0x0 4.3029 3.6971 4.30 3.70 1.0926 0.7535 0.0005 0.0003 13.2978 0.2792 0.302909 -0.560269 12.11 
15.6467 2 1 1 0x0 4.2921 3.7079 4.29 3.71 1.1985 0.8713 0.0002 0.0007 13.3013 0.2802 0.292090 -0.567208 12.11 
15.6507 2 1 1 0x0 4.2867 3.7133 4.29 3.71 1.1784 0.9098 0.0003 0.0006 13.3048 0.2813 0.286681 -0.574015 12.11 
15.6547 2 1 1 0x0 4.2813 3.7187 4.28 3.72 1.1659 0.8935 0.0004 0.0005 13.3083 0.2823 0.281272 -0.580459 12.11 
15.6587 2 1 1 0x0 4.2759 3.7241 4.28 3.72 1.1474 0.8770 0.0005 0.0005 13.3118 0.2833 0.275863 -0.586485 12.12 
15.6627 2 1 1 0x0 4.2705 3.7295 4.27 3.73 1.1407 0.9139 0.0005 0.0005 13.3153 0.2843 0.270454 -0.592382 12.11 
15.6667 2 1 1 0x0 4.2650 3.7350 4.27 3.73 1.1214 0.8965 0.0006 0.0005 13.3189 0.2853 0.265045 -0.598015 12.11 
15.6707 2 1 1 0x0 4.2569 3.7431 4.26 3.74 1.0019 0.8785 0.0003 0.0006 13.3226 0.2863 0.256931 -0.603352 12.12 
15.6747 2 1 1 0x0 4.2542 3.7458 4.25 3.75 0.8671 0.8151 0.0003 0.0003 13.3263 0.2872 0.254227 -0.608567 12.11 
15.6787 2 1 1 0x0 4.2488 3.7512 4.25 3.75 0.9550 0.8317 0.0004 0.0004 13.3298 0.2881 0.248818 -0.613617 12.12 
15.6827 2 1 1 0x0 4.2434 3.7566 4.24 3.76 0.8800 0.8030 0.0004 0.0005 13.3334 0.2890 0.243408 -0.618490 12.13 
15.6867 2 1 1 0x0 4.2407 3.7593 4.24 3.76 0.9672 0.9929 0.0005 0.0002 13.3371 0.2899 0.240704 -0.623371 12.12 
15.6907 2 1 1 0x0 4.2353 3.7647 4.24 3.76 0.8868 0.9665 0.0005 0.0004 13.3407 0.2908 0.235295 -0.628232 12.13 
15.6947 2 1 1 0x0 4.2299 3.7701 4.23 3.77 1.0365 0.9433 0.0005 0.0006 13.3442 0.2916 0.229886 -0.633165 12.12 
15.6987 2 1 1 0x0 4.2272 3.7728 4.23 3.77 0.8899 0.7522 0.0005 0.0003 13.3480 0.2925 0.227181 -0.638321 12.11 
15.7027 2 1 1 0x0 4.2218 3.7782 4.22 3.78 0.9741 0.7300 0.0005 0.0005 13.3515 0.2933 0.221772 -0.643500 12.12 
15.7067 2 1 1 0x0 4.2191 3.7809 4.22 3.78 0.8930 0.9578 0.0005 0.0002 13.3553 0.2942 0.219068 -0.648648 12.11 
15.7107 2 1 1 0x0 4.2137 3.7863 4.21 3.79 0.9753 0.9326 0.0005 0.0005 13.3589 0.2949 0.213659 -0.653859 12.12 
15.7147 2 1 1 0x0 4.2110 3.7890 4.21 3.79 0.8436 0.8184 0.0004 0.0003 13.3626 0.2957 0.210954 -0.659282 12.12 
15.7187 2 1 1 0x0 4.2055 3.7945 4.21 3.79 0.9767 0.8371 0.0004 0.0005 13.3662 0.2965 0.205545 -0.664918 12.12 
15.7227 2 1 1 0x0 4.2028 3.7972 4.20 3.80 0.8931 1.0047 0.0004 0.0004 13.3700 0.2973 0.202840 -0.670664 12.12 
15.7267 2 1 1 0x0 4.1974 3.8026 4.20 3.80 0.9118 0.9783 0.0004 0.0006 13.3736 0.2980 0.197431 -0.676722 12.11 
15.7307 2 1 1 0x0 4.1947 3.8053 4.19 3.81 0.8869 0.7714 0.0003 0.0004 13.3773 0.2988 0.194727 -0.683017 12.12 
15.7347 2 1 1 0x0 4.1920 3.8080 4.19 3.81 0.9063 1.0122 0.0003 0.0002 13.3811 0.2995 0.192022 -0.689116 12.13 
15.7387 2 1 1 0x0 4.1866 3.8134 4.19 3.81 0.8818 0.9204 0.0002 0.0005 13.3847 0.3002 0.186613 -0.695082 12.11 
15.7427 2 1 1 0x0 4.1866 3.8134 4.19 3.81 1.0874 0.8299 0.0006 0.0004 13.3883 0.3009 0.186613 -0.701184 12.12 
15.7467 2 1 1 0x0 4.1812 3.8188 4.18 3.82 1.1743 0.8504 0.0006 0.0007 13.3919 0.3015 0.181204 -0.707373 12.12 
15.7507 2 1 1 0x0 4.1785 3.8215 4.18 3.82 1.0969 0.9867 0.0005 0.0005 13.3957 0.3022 0.178500 -0.713842 12.12 
15.7547 2 1 1 0x0 4.1758 3.8242 4.18 3.82 1.0994 0.7285 0.0004 0.0003 13.3995 0.3029 0.175795 -0.720588 12.13 
15.7587 2 1 1 0x0 4.1704 3.8296 4.17 3.83 1.1077 0.7443 0.0004 0.0006 13.4031 0.3035 0.170386 -0.727565 12.13 
15.7627 2 1 1 0x0 4.1677 3.8323 4.17 3.83 1.1141 0.9916 0.0003 0.0005 13.4069 0.3042 0.167682 -0.734640 12.12 
15.7667 2 1 1 0x0 4.1650 3.8350 4.16 3.84 1.1252 0.8219 0.0002 0.0004 13.4107 0.3048 0.164977 -0.741518 12.12 
15.7707 2 1 1 0x0 4.1650 3.8350 4.16 3.84 0.9470 1.0282 0.0006 0.0002 13.4143 0.3054 0.164977 -0.748168 12.12 
15.7747 2 1 1 0x0 4.1596 3.8404 4.16 3.84 0.8628 0.9350 0.0005 0.0005 13.4179 0.3060 0.159568 -0.754669 12.12 
15.7787 2 1 1 0x0 4.1569 3.8431 4.16 3.84 0.9944 0.7597 0.0004 0.0004 13.4217 0.3066 0.156863 -0.761138 12.13 
15.7827 2 1 1 0x0 4.1542 3.8458 4.15 3.85 0.8495 0.9654 0.0003 0.0003 13.4255 0.3072 0.154159 -0.767484 12.12 
15.7867 2 1 1 0x0 4.1515 3.8485 4.15 3.85 1.1494 1.0038 0.0006 0.0006 13.4289 0.3077 0.151454 -0.773632 12.12 
15.7908 2 1 1 0x0 4.1487 3.8513 4.15 3.85 1.0793 0.8609 0.0005 0.0004 13.4327 0.3083 0.148750 -0.779200 12.12 
15.7948 2 1 1 0x0 4.1460 3.8540 4.15 3.85 1.1003 0.9721 0.0003 0.0003 13.4365 0.3089 0.146045 -0.784017 12.12 
15.7988 2 1 1 0x0 4.1406 3.8594 4.14 3.86 1.1156 0.9445 0.0002 0.0007 13.4401 0.3094 0.140636 -0.787959 12.12 
15.8028 2 1 1 0x0 4.1406 3.8594 4.14 3.86 0.8706 0.7943 0.0005 0.0006 13.4437 0.3099 0.140636 -0.790948 12.12 
15.8068 2 1 1 0x0 4.1379 3.8621 4.14 3.86 0.9361 0.9756 0.0004 0.0004 13.4476 0.3104 0.137932 -0.793107 12.12 
15.8108 2 1 1 0x0 4.1352 3.8648 4.14 3.86 0.9028 0.8824 0.0002 0.0003 13.4514 0.3110 0.135227 -0.794537 12.11 
15.8148 2 1 1 0x0 4.1325 3.8675 4.13 3.87 1.0663 0.8548 0.0005 0.0006 13.4548 0.3114 0.132523 -0.795264 12.12 
15.8188 2 1 1 0x0 4.1298 3.8702 4.13 3.87 1.0751 0.9771 0.0004 0.0005 13.4586 0.3119 0.129818 -0.795350 12.12 
15.8228 2 1 1 0x0 4.1271 3.8729 4.13 3.87 1.1030 0.7722 0.0002 0.0004 13.4624 0.3124 0.127114 -0.794988 12.12 
15.8268 2 1 1 0x0 4.1271 3.8729 4.13 3.87 0.9569 1.0111 0.0005 0.0003 13.4661 0.3129 0.127114 -0.793978 12.11 
15.8308 2 1 1 0x0 4.1217 3.8783 4.12 3.88 0.8636 0.9819 0.0003 0.0006 13.4697 0.3133 0.121705 -0.792679 12.12 
15.8348 2 1 1 0x0 4.1217 3.8783 4.12 3.88 1.0493 0.9333 0.0005 0.0005 13.4733 0.3138 0.121705 -0.791130 12.12 
15.8388 2 1 1 0x0 4.1190 3.8810 4.12 3.88 1.0660 1.0151 0.0004 0.0004 13.4771 0.3143 0.119000 -0.789486 12.11 
15.8428 2 1 1 0x0 4.1163 3.8837 4.12 3.88 1.0895 0.7912 0.0002 0.0003 13.4810 0.3147 0.116295 -0.787632 12.12 
15.8468 2 1 1 0x0 4.1136 3.8864 4.11 3.89 0.9075 0.7681 0.0005 0.0006 13.4844 0.3151 0.113591 -0.785808 12.12 
15.8508 2 1 1 0x0 4.1109 3.8891 4.11 3.89 0.8730 1.0181 0.0003 0.0005 13.4882 0.3155 0.110886 -0.784007 12.12 
15.8548 2 1 1 0x0 4.1109 3.8891 4.11 3.89 1.0399 0.9041 0.0006 0.0004 13.4918 0.3159 0.110886 -0.782250 12.11 
15.8588 2 1 1 0x0 4.1082 3.8918 4.11 3.89 1.1377 0.9803 0.0004 0.0003 13.4957 0.3163 0.108182 -0.780508 12.12 
15.8628 2 1 1 0x0 4.1028 3.8972 4.10 3.90 1.0829 1.0161 0.0002 0.0007 13.4993 0.3167 0.102773 -0.778634 12.11 
15.8668 2 1 1 0x0 4.1028 3.8972 4.10 3.90 0.9117 0.7905 0.0005 0.0006 13.5029 0.3171 0.102773 -0.776781 12.11 
15.8708 2 1 1 0x0 4.1001 3.8999 4.10 3.90 0.8740 0.9781 0.0003 0.0005 13.5068 0.3175 0.100068 -0.774868 12.12 
15.8748 2 1 1 0x0 4.1001 3.8999 4.10 3.90 1.0431 0.9391 0.0005 0.0004 13.5104 0.3179 0.100068 -0.772798 12.12 
15.8788 2 1 1 0x0 4.0974 3.9026 4.10 3.90 1.1415 1.0049 0.0004 0.0004 13.5142 0.3183 0.097364 -0.770651 12.12 
15.8828 2 1 1 0x0 4.0974 3.9026 4.10 3.90 0.8023 0.7979 0.0006 0.0004 13.5179 0.3186 0.097364 -0.768323 12.12 
15.8868 2 1 1 0x0 4.0947 3.9053 4.09 3.91 0.9060 0.9680 0.0004 0.0003 13.5217 0.3190 0.094659 -0.765772 12.12 
15.8908 2 1 1 0x0 4.0947 3.9053 4.09 3.91 1.1009 0.8915 0.0006 0.0003 13.5254 0.3193 0.094659 -0.763067 12.12 
15.8948 2 1 1 0x0 4.0920 3.9080 4.09 3.91 1.0486 0.9941 0.0004 0.0003 13.5292 0.3197 0.091955 -0.760211 12.12 
15.8988 2 1 1 0x0 4.0865 3.9135 4.09 3.91 1.0707 1.0276 0.0002 0.0007 13.5328 0.3200 0.086545 -0.757293 12.12 
15.9028 2 1 1 0x0 4.0865 3.9135 4.09 3.91 0.8410 0.7838 0.0005 0.0006 13.5365 0.3203 0.086545 -0.754479 12.12 
15.9068 2 1 1 0x0 4.0838 3.9162 4.08 3.92 0.9536 0.9283 0.0003 0.0005 13.5403 0.3206 0.083841 -0.751629 12.11 
15.9108 2 1 1 0x0 4.0838 3.9162 4.08 3.92 1.0357 0.8714 0.0005 0.0004 13.5439 0.3210 0.083841 -0.749017 12.12 
15.9148 2 1 1 0x0 4.0811 3.9189 4.08 3.92 1.0694 1.0232 0.0003 0.0002 13.5478 0.3213 0.081136 -0.746444 12.11 
15.9188 2 1 1 0x0 4.0784 3.9216 4.08 3.92 0.9772 0.9322 0.0005 0.0005 13.5512 0.3215 0.078432 -0.743703 12.13 
15.9228 2 1 1 0x0 4.0757 3.9243 4.08 3.92 0.8745 0.8030 0.0003 0.0003 13.5551 0.3218 0.075727 -0.740866 12.13 
15.9268 2 1 1 0x0 4.0730 3.9270 4.07 3.93 1.0428 0.7403 0.0005 0.0006 13.5585 0.3221 0.073023 -0.737822 12.11 
15.9308 2 1 1 0x0 4.0703 3.9297 4.07 3.93 1.0682 0.9384 0.0003 0.0003 13.5623 0.3224 0.070318 -0.734754 12.11 
15.9348 2 1 1 0x0 4.0676 3.9324 4.07 3.93 0.8402 0.9165 0.0004 0.0005 13.5658 0.3226 0.067614 -0.731541 12.12 
15.9388 2 1 1 0x0 4.0676 3.9324 4.07 3.93 1.0225 0.8307 0.0006 0.0003 13.5694 0.3229 0.067614 -0.728319 12.12 
15.9428 2 1 1 0x0 4.0622 3.9378 4.06 3.94 1.0490 0.8499 0.0004 0.0005 13.5731 0.3231 0.062205 -0.724773 12.11 
15.9468 2 1 1 0x0 4.0595 3.9405 4.06 3.94 0.8499 0.8210 0.0006 0.0006 13.5765 0.3233 0.059500 -0.721092 12.11 
15.9508 2 1 1 0x0 4.0568 3.9432 4.06 3.94 0.9018 0.9648 0.0004 0.0003 13.5804 0.3235 0.056795 -0.717168 12.11 
15.9548 2 1 1 0x0 4.0541 3.9459 4.05 3.95 1.0344 0.9417 0.0006 0.0005 13.5838 0.3237 0.054091 -0.713229 12.12 
15.9588 2 1 1 0x0 4.0487 3.9513 4.05 3.95 1.0702 0.9191 0.0003 0.0006 13.5875 0.3239 0.048682 -0.709217 12.11 
15.9628 2 1 1 0x0 4.0487 3.9513 4.05 3.95 0.9149 0.7314 0.0005 0.0003 13.5911 0.3241 0.048682 -0.705090 12.11 
15.9668 2 1 1 0x0 4.0460 3.9540 4.05 3.95 1.0202 0.7466 0.0007 0.0005 13.5945 0.3242 0.045977 -0.700957 12.12 
15.9708 2 1 1 0x0 4.0406 3.9594 4.04 3.96 1.0593 0.7246 0.0004 0.0007 13.5982 0.3244 0.040568 -0.696738 12.12 
15.9748 2 1 1 0x0 4.0406 3.9594 4.04 3.96 0.9190 0.9629 0.0006 0.0004 13.6018 0.3245 0.040568 -0.692781 12.12 
15.9788 2 1 1 0x0 4.0352 3.9648 4.04 3.96 0.8217 0.9380 0.0003 0.0007 13.6055 0.3247 0.035159 -0.688871 12.12 
15.9828 2 1 1 0x0 4.0352 3.9648 4.04 3.96 1.0551 0.8153 0.0004 0.0005 13.6091 0.3248 0.035159 -0.685233 12.11 
15.9868 2 1 1 0x0 4.0352 3.9648 4.04 3.96 0.9197 0.9687 0.0006 0.0003 13.6128 0.3249 0.035159 -0.681868 12.12 
15.9908 2 1 1 0x0 4.0297 3.9702 4.03 3.97 0.8249 1.0058 0.0003 0.0006 13.6164 0.3251 0.029750 -0.678809 12.11 
15.9948 2 1 1 0x0 4.0297 3.9702 4.03 3.97 1.0527 0.7540 0.0005 0.0004 13.6201 0.3252 0.029750 -0.676108 12.12 
15.9988 2 1 1 0x0 4.0243 3.9757 4.02 3.98 1.0873 0.7315 0.0002 0.0005 13.6237 0.3253 0.024341 -0.673657 12.13 
16.0028 2 1 1 0x0 4.0216 3.9784 4.02 3.98 0.7796 0.7445 0.0003 0.0007 13.6272 0.3253 0.021636 -0.671147 12.11 
16.0068 2 1 1 0x0 4.0216 3.9784 4.02 3.98 1.0540 0.9945 0.0005 0.0004 13.6308 0.3254 0.021636 -0.668547 12.11 
16.0108 2 1 1 0x0 4.0189 3.9811 4.02 3.98 0.9208 0.9096 0.0006 0.0006 13.6343 0.3255 0.018932 -0.665767 12.12 
16.0148 2 1 1 0x0 4.0162 3.9838 4.02 3.98 0.8715 0.8865 0.0003 0.0003 13.6381 0.3256 0.016227 -0.662684 12.12 
16.0188 2 1 1 0x0 4.0135 3.9865 4.01 3.99 1.0576 0.9079 0.0004 0.0005 13.6416 0.3256 0.013523 -0.659512 12.12 
16.0228 2 1 1 0x0 4.0135 3.9865 4.01 3.99 0.9180 0.9769 0.0006 0.0004 13.6452 0.3257 0.013523 -0.655955 12.11 
16.0268 2 1 1 0x0 4.0081 3.9919 4.01 3.99 0.7781 0.9500 0.0003 0.0007 13.6489 0.3257 0.008114 -0.652634 12.12 
16.0308 2 1 1 0x0 4.0081 3.9919 4.01 3.99 1.0573 0.7493 0.0004 0.0005 13.6525 0.3257 0.008114 -0.649255 12.12 
16.0348 2 1 1 0x0 4.0081 3.9919 4.01 3.99 0.9197 0.9233 0.0006 0.0003 13.6562 0.3258 0.008114 -0.645695 12.13 
16.0388 2 1 1 0x0 4.0027 3.9973 4.00 4.00 0.8210 1.0215 0.0003 0.0006 13.6598 0.3258 0.002705 -0.642130 12.12 
16.0428 2 1 1 0x0 4.0027 3.9973 4.00 4.00 1.0605 0.9015 0.0004 0.0005 13.6635 0.3258 0.002705 -0.639061 12.12 
16.0468 2 1 1 0x0 4.0027 3.9973 4.00 4.00 0.9187 0.9832 0.0006 0.0005 13.6671 0.3258 0.002705 -0.636125 12.13 
16.0508 2 1 1 0x0 4.0000 4.0000 4.00 4.00 0.8206 0.7695 0.0003 0.0004 13.6710 0.3258 0.000000 -0.633510 12.12 
16.0548 2 1 1 0x0 4.0000 4.0000 4.00 4.00 1.0597 1.0159 0.0004 0.0003 13.6746 0.3258 0.000000 -0.631166 12.12 
16.0588 2 1 1 0x0 4.0000 4.0000 4.00 4.00 0.8591 0.9100 0.0005 0.0003 13.6783 0.3258 0.000000 -0.628985 12.12 
16.0628 2 1 1 0x0 4.0000 4.0000 4.00 4.00 1.0282 0.9717 0.0006 0.0004 13.6819 0.3258 0.000000 -0.627118 12.13 
16.0668 2 1 1 0x0 3.9973 4.0027 4.00 4.00 1.0004 0.8223 0.0003 0.0004 13.6858 0.3258 -0.002704 -0.625512 12.12 
16.0708 2 1 1 0x0 3.9973 4.0027 4.00 4.00 0.9041 0.9969 0.0004 0.0004 13.6894 0.3258 -0.002704 -0.623988 12.11 
16.0748 2 1 1 0x0 3.9973 4.0027 4.00 4.00 1.0407 0.9229 0.0005 0.0004 13.6931 0.3258 -0.002704 -0.622633 12.12 
16.0788 2 1 1 0x0 3.9946 4.0054 3.99 4.01 1.0880 1.0979 0.0002 0.0005 13.6970 0.3258 -0.005409 -0.621546 12.12 
16.0828 2 1 1 0x0 3.9946 4.0054 3.99 4.01 0.8965 0.7890 0.0004 0.0005 13.7006 0.3257 -0.005409 -0.620628 12.12 
16.0868 2 1 1 0x0 3.9946 4.0054 3.99 4.01 1.0506 1.0473 0.0005 0.0006 13.7043 0.3257 -0.005409 -0.619774 12.13 
16.0908 2 1 1 0x0 3.9973 4.0027 4.00 4.00 0.8450 1.0354 0.0006 0.0003 13.7081 0.3257 -0.002704 -0.618926 12.12 
16.0948 2 1 1 0x0 3.9946 4.0054 3.99 4.01 0.9448 0.7815 0.0003 0.0003 13.7120 0.3257 -0.005409 -0.617920 12.12 
16.0988 2 1 1 0x0 3.9946 4.0054 3.99 4.01 1.0613 0.9877 0.0004 0.0004 13.7156 0.3257 -0.005409 -0.616658 12.13 
16.1028 2 1 1 0x0 3.9946 4.0054 3.99 4.01 0.7916 0.9342 0.0005 0.0005 13.7193 0.3257 -0.005409 -0.615191 12.11 
16.1068 2 1 1 0x0 3.9946 4.0054 3.99 4.01 1.0375 1.0785 0.0006 0.0006 13.7229 0.3256 -0.005409 -0.613423 12.12 
16.1108 2 1 1 0x0 3.9919 4.0081 3.99 4.01 1.0047 0.7993 0.0003 0.0006 13.7268 0.3256 -0.008114 -0.611366 12.11 
16.1148 2 1 1 0x0 3.9946 4.0054 3.99 4.01 0.8269 0.9277 0.0004 0.0003 13.7306 0.3256 -0.005409 -0.609016 12.12 
16.1188 2 1 1 0x0 3.9946 4.0054 3.99 4.01 1.0568 1.0151 0.0005 0.0003 13.7343 0.3256 -0.005409 -0.606222 12.13 
16.1228 2 1 1 0x0 3.9946 4.0054 3.99 4.01 0.9155 0.7955 0.0006 0.0004 13.7379 0.3255 -0.005409 -0.603020 12.12 
16.1268 2 1 1 0x0 3.9946 4.0054 3.99 4.01 1.0273 1.0356 0.0007 0.0005 13.7416 0.3255 -0.005409 -0.599491 12.11 
16.1308 2 1 1 0x0 3.9946 4.0054 3.99 4.01 1.0762 1.0222 0.0003 0.0002 13.7456 0.3255 -0.005409 -0.595540 12.12 
16.1348 2 1 1 0x0 3.9946 4.0054 3.99 4.01 0.8479 0.7887 0.0004 0.0003 13.7493 0.3255 -0.005409 -0.591218 12.11 
16.1388 2 1 1 0x0 3.9946 4.0054 3.99 4.01 1.0490 1.0463 0.0005 0.0004 13.7529 0.3255 -0.005409 -0.586638 12.12 
16.1428 2 1 1 0x0 3.9946 4.0054 3.99 4.01 0.7984 0.8890 0.0006 0.0006 13.7566 0.3254 -0.005409 -0.581783 12.11 
16.1468 2 1 1 0x0 3.9919 4.0081 3.99 4.01 0.8818 0.9938 0.0002 0.0007 13.7604 0.3254 -0.008114 -0.576585 12.12 
16.1508 2 1 1 0x0 3.9946 4.0054 3.99 4.01 1.0727 1.0517 0.0004 0.0003 13.7643 0.3254 -0.005409 -0.571168 12.12 
16.1548 2 1 1 0x0 3.9946 4.0054 3.99 4.01 0.7839 0.9395 0.0004 0.0004 13.7679 0.3254 -0.005409 -0.565579 12.10 
16.1587 2 1 1 0x0 3.9946 4.0054 3.99 4.01 1.0496 1.0732 0.0005 0.0005 13.7716 0.3253 -0.005409 -0.559973 12.12 
16.1627 2 1 1 0x0 3.9919 4.0081 3.99 4.01 1.0182 0.8493 0.0002 0.0006 13.7754 0.3253 -0.008114 -0.554535 12.12 
16.1667 2 1 1 0x0 3.9946 4.0054 3.99 4.01 0.8181 0.9332 0.0003 0.0003 13.7793 0.3253 -0.005409 -0.549291 12.12 
16.1707 2 1 1 0x0 3.9946 4.0054 3.99 4.01 1.0708 1.0070 0.0004 0.0004 13.7830 0.3253 -0.005409 -0.544372 12.12 
16.1747 2 1 1 0x0 3.9946 4.0054 3.99 4.01 0.9601 0.7582 0.0005 0.0004 13.7866 0.3253 -0.005409 -0.539835 12.11 
16.1787 2 1 1 0x0 3.9946 4.0054 3.99 4.01 1.0454 0.9681 0.0006 0.0002 13.7903 0.3252 -0.005409 -0.535837 12.12 
16.1827 2 1 1 0x0 3.9892 4.0108 3.99 4.01 1.0191 0.8856 0.0002 0.0005 13.7939 0.3252 -0.010818 -0.532264 12.11 
16.1867 2 1 1 0x0 3.9865 4.0135 3.99 4.01 0.8853 0.9185 0.0003 0.0007 13.7974 0.3252 -0.013523 -0.528545 12.11 
16.1907 2 1 1 0x0 3.9865 4.0135 3.99 4.01 1.0702 0.8295 0.0004 0.0004 13.8010 0.3251 -0.013523 -0.525536 12.12 
16.1947 2 1 1 0x0 3.9838 4.0162 3.98 4.02 0.7845 0.8484 0.0004 0.0006 13.8045 0.3251 -0.016227 -0.522690 12.11 
16.1987 2 1 1 0x0 3.9838 4.0162 3.98 4.02 1.0546 0.9279 0.0005 0.0003 13.8081 0.3250 -0.016227 -0.520272 12.12 
16.2027 2 1 1 0x0 3.9811 4.0189 3.98 4.02 0.9151 0.9624 0.0006 0.0006 13.8116 0.3249 -0.018932 -0.517831 12.11 
16.2067 2 1 1 0x0 3.9811 4.0189 3.98 4.02 1.0295 0.7407 0.0007 0.0003 13.8152 0.3249 -0.018932 -0.516026 12.11 
16.2107 2 1 1 0x0 3.9757 4.0243 3.98 4.02 1.0802 0.6853 0.0003 0.0004 13.8189 0.3248 -0.024341 -0.514380 12.11 
16.2147 2 1 1 0x0 3.9730 4.0270 3.97 4.03 0.8937 0.6982 0.0004 0.0006 13.8223 0.3247 -0.027045 -0.512830 12.10 
16.2187 2 1 1 0x0 3.9730 4.0270 3.97 4.03 1.0533 0.9527 0.0005 0.0003 13.8259 0.3246 -0.027045 -0.511493 12.12 
16.2227 2 1 1 0x0 3.9703 4.0297 3.97 4.03 0.8385 0.9886 0.0005 0.0005 13.8294 0.3245 -0.029750 -0.510379 12.12 
16.2267 2 1 1 0x0 3.9703 4.0297 3.97 4.03 1.0366 0.8706 0.0006 0.0003 13.8330 0.3244 -0.029750 -0.509089 12.12 
16.2307 2 1 1 0x0 3.9648 4.0352 3.96 4.04 1.0102 0.8934 0.0002 0.0006 13.8367 0.3243 -0.035159 -0.508167 12.11 
16.2347 2 1 1 0x0 3.9648 4.0352 3.96 4.04 0.8211 0.9957 0.0003 0.0004 13.8403 0.3241 -0.035159 -0.507020 12.11 
16.2387 2 1 1 0x0 3.9621 4.0379 3.96 4.04 0.9954 0.9666 0.0003 0.0007 13.8438 0.3240 -0.037863 -0.505690 12.11 
16.2427 2 1 1 0x0 3.9621 4.0379 3.96 4.04 0.9044 0.7805 0.0004 0.0006 13.8474 0.3239 -0.037863 -0.504723 12.12 
16.2467 2 1 1 0x0 3.9621 4.0379 3.96 4.04 1.0427 0.9968 0.0005 0.0004 13.8511 0.3238 -0.037863 -0.503372 12.12 
16.2507 2 1 1 0x0 3.9621 4.0379 3.96 4.04 0.7993 0.9211 0.0006 0.0003 13.8547 0.3236 -0.037863 -0.502329 12.12 
16.2547 2 1 1 0x0 3.9594 4.0406 3.96 4.04 1.0258 0.8403 0.0006 0.0005 13.8582 0.3235 -0.040568 -0.501262 12.11 
16.2587 2 1 1 0x0 3.9540 4.0460 3.95 4.05 1.0717 0.8132 0.0003 0.0007 13.8618 0.3233 -0.045977 -0.500290 12.12 
16.2627 2 1 1 0x0 3.9540 4.0460 3.95 4.05 0.8304 0.9189 0.0003 0.0003 13.8655 0.3232 -0.045977 -0.499456 12.11 
16.2667 2 1 1 0x0 3.9486 4.0514 3.95 4.05 1.0534 0.7557 0.0004 0.0007 13.8687 0.3230 -0.051386 -0.498717 12.11 
16.2707 2 1 1 0x0 3.9459 4.0541 3.95 4.05 0.9719 0.7272 0.0004 0.0005 13.8722 0.3228 -0.054091 -0.498029 12.10 
16.2747 2 1 1 0x0 3.9432 4.0568 3.94 4.06 1.0399 0.7730 0.0005 0.0003 13.8756 0.3226 -0.056795 -0.497297 12.11 
16.2787 2 1 1 0x0 3.9378 4.0622 3.94 4.06 0.7981 0.8473 0.0005 0.0005 13.8788 0.3224 -0.062204 -0.496423 12.12 
16.2827 2 1 1 0x0 3.9351 4.0649 3.94 4.06 1.0347 0.8855 0.0005 0.0003 13.8823 0.3222 -0.064909 -0.495590 12.11 
16.2867 2 1 1 0x0 3.9297 4.0703 3.93 4.07 0.9260 0.6623 0.0006 0.0007 13.8855 0.3220 -0.070318 -0.494595 12.11 
16.2907 2 1 1 0x0 3.9270 4.0730 3.93 4.07 1.0221 0.6407 0.0006 0.0005 13.8890 0.3217 -0.073022 -0.493641 12.11 
16.2947 2 1 1 0x0 3.9216 4.0784 3.92 4.08 0.7663 0.7863 0.0006 0.0006 13.8922 0.3215 -0.078432 -0.492759 12.10 
16.2987 2 1 1 0x0 3.9162 4.0838 3.92 4.08 1.0208 0.6716 0.0006 0.0006 13.8954 0.3212 -0.083841 -0.491785 12.10 
16.3027 2 1 1 0x0 3.9080 4.0920 3.91 4.09 1.0005 0.7636 0.0002 0.0005 13.8989 0.3209 -0.091954 -0.490820 12.10 
16.3067 2 1 1 0x0 3.9053 4.0947 3.91 4.09 1.0139 0.6195 0.0007 0.0003 13.9019 0.3206 -0.094659 -0.489699 12.11 
16.3107 2 1 1 0x0 3.8972 4.1028 3.90 4.10 0.7710 0.6163 0.0007 0.0007 13.9049 0.3203 -0.102772 -0.488778 12.09 
16.3147 2 1 1 0x0 3.8891 4.1109 3.89 4.11 1.0138 0.5485 0.0006 0.0009 13.9080 0.3200 -0.110886 -0.488003 12.10 
16.3187 2 1 1 0x0 3.8783 4.1217 3.88 4.12 0.9946 0.5421 0.0002 0.0008 13.9112 0.3196 -0.121704 -0.487551 12.10 
16.3227 2 1 1 0x0 3.8702 4.1298 3.87 4.13 1.0113 0.5872 0.0006 0.0011 13.9138 0.3193 -0.129818 -0.487313 12.09 
16.3267 2 1 1 0x0 3.8594 4.1406 3.86 4.14 0.8136 0.3901 0.0006 0.0009 13.9166 0.3189 -0.140636 -0.487156 12.09 
16.3307 2 1 1 0x0 3.8458 4.1542 3.85 4.15 1.0236 0.3851 0.0005 0.0013 13.9192 0.3185 -0.154159 -0.487180 12.09 
16.3347 2 1 1 0x0 3.8323 4.1677 3.83 4.17 0.8748 0.3362 0.0005 0.0014 13.9218 0.3181 -0.167681 -0.487257 12.08 
16.3386 2 1 1 0x0 3.8188 4.1812 3.82 4.18 0.9612 0.3234 0.0005 0.0012 13.9244 0.3177 -0.181204 -0.487372 12.10 
16.3426 2 1 1 0x0 3.8026 4.1974 3.80 4.20 0.8006 0.3872 0.0004 0.0018 13.9268 0.3172 -0.197431 -0.487548 12.09 
16.3466 2 1 1 0x0 3.7890 4.2110 3.79 4.21 0.9767 0.3508 0.0003 0.0010 13.9294 0.3167 -0.210954 -0.487701 12.08 
16.3506 2 1 1 0x0 3.7728 4.2272 3.77 4.23 0.8515 0.2624 0.0002 0.0009 13.9318 0.3161 -0.227181 -0.487883 12.07 
16.3546 2 1 1 0x0 3.7566 4.2434 3.76 4.24 0.8841 0.2427 0.0006 0.0020 13.9337 0.3157 -0.243408 -0.487929 12.07 
16.3586 2 1 1 0x0 3.7404 4.2596 3.74 4.26 0.9561 0.2937 0.0005 0.0014 13.9361 0.3151 -0.259636 -0.487873 12.08 
16.3626 2 1 1 0x0 3.7214 4.2786 3.72 4.28 0.7968 0.2789 0.0003 0.0022 13.9382 0.3145 -0.278567 -0.487675 12.08 
16.3666 2 1 1 0x0 3.7079 4.2921 3.71 4.29 0.7795 0.2171 0.0007 0.0014 13.9404 0.3138 -0.292090 -0.487338 12.07 
16.3706 2 1 1 0x0 3.6890 4.3110 3.69 4.31 1.0253 0.2381 0.0004 0.0021 13.9425 0.3132 -0.311022 -0.486791 12.07 
16.3746 2 1 1 0x0 3.6728 4.3272 3.67 4.33 0.8113 0.2614 0.0003 0.0012 13.9448 0.3124 -0.327249 -0.485943 12.07 
16.3786 2 1 1 0x0 3.6565 4.3435 3.66 4.34 0.8324 0.2588 0.0005 0.0017 13.9467 0.3117 -0.343477 -0.484782 12.07 
16.3826 2 1 1 0x0 3.6376 4.3624 3.64 4.36 0.9742 0.2402 0.0003 0.0019 13.9488 0.3110 -0.362408 -0.483113 12.07 
16.3866 2 1 1 0x0 3.6214 4.3786 3.62 4.38 0.9521 0.2309 0.0004 0.0023 13.9507 0.3102 -0.378636 -0.481010 12.06 
16.3906 2 1 1 0x0 3.6051 4.3949 3.61 4.39 0.9944 0.2230 0.0006 0.0021 13.9526 0.3095 -0.394863 -0.478400 12.08 
16.3946 2 1 1 0x0 3.5889 4.4111 3.59 4.41 0.9777 0.2358 0.0008 0.0023 13.9545 0.3087 -0.411090 -0.475453 12.07 
16.3986 2 1 1 0x0 3.5700 4.4300 3.57 4.43 0.7285 0.2381 0.0004 0.0025 13.9565 0.3078 -0.430022 -0.472096 12.06 
16.4026 2 1 1 0x0 3.5538 4.4462 3.55 4.45 0.7361 0.2482 0.0005 0.0028 13.9583 0.3069 -0.446249 -0.468232 12.07 
16.4066 2 1 1 0x0 3.5402 4.4598 3.54 4.46 0.7071 0.2370 0.0006 0.0015 13.9604 0.3059 -0.459772 -0.464031 12.07 
16.4106 2 1 1 0x0 3.5267 4.4733 3.53 4.47 0.7106 0.2996 0.0006 0.0007 13.9623 0.3049 -0.473295 -0.459182 12.06 
16.4146 2 1 1 0x0 3.5105 4.4895 3.51 4.49 0.7147 0.3204 0.0007 0.0018 13.9641 0.3040 -0.489522 -0.454013 12.07 
16.4186 2 1 1 0x0 3.4970 4.5030 3.50 4.50 0.9100 0.3699 0.0002 0.0006 13.9665 0.3027 -0.503044 -0.448322 12.07 
16.4226 2 1 1 0x0 3.4834 4.5166 3.48 4.52 0.9095 0.3255 0.0002 0.0010 13.9684 0.3016 -0.516567 -0.442564 12.07 
16.4266 2 1 1 0x0 3.4726 4.5274 3.47 4.53 0.7174 0.3995 0.0007 0.0015 13.9702 0.3006 -0.527385 -0.436614 12.08 
16.4306 2 1 1 0x0 3.4618 4.5382 3.46 4.54 0.6823 0.4201 0.0007 0.0012 13.9723 0.2994 -0.538203 -0.430556 12.07 
16.4346 2 1 1 0x0 3.4510 4.5490 3.45 4.55 0.6491 0.4298 0.0006 0.0010 13.9743 0.2981 -0.549021 -0.424582 12.07 
16.4386 2 1 1 0x0 3.4402 4.5598 3.44 4.56 0.6756 0.4264 0.0006 0.0009 13.9764 0.2969 -0.559839 -0.418610 12.07 
16.4426 2 1 1 0x0 3.4293 4.5707 3.43 4.57 0.7027 0.4483 0.0005 0.0009 13.9785 0.2956 -0.570657 -0.412680 12.07 
16.4466 2 1 1 0x0 3.4185 4.5815 3.42 4.58 0.6969 0.4712 0.0004 0.0010 13.9805 0.2942 -0.581475 -0.406755 12.07 
16.4506 2 1 1 0x0 3.4104 4.5896 3.41 4.59 0.8574 0.4650 0.0007 0.0013 13.9824 0.2930 -0.589589 -0.400852 12.07 
16.4546 2 1 1 0x0 3.4023 4.5977 3.40 4.60 0.8720 0.4205 0.0006 0.0005 13.9846 0.2915 -0.597703 -0.395078 12.07 
16.4586 2 1 1 0x0 3.3915 4.6085 3.39 4.61 0.8844 0.3918 0.0004 0.0008 13.9866 0.2901 -0.608521 -0.389372 12.07 
16.4626 2 1 1 0x0 3.3807 4.6193 3.38 4.62 0.8491 0.4183 0.0003 0.0010 13.9886 0.2887 -0.619339 -0.383714 12.07 
16.4666 2 1 1 0x0 3.3725 4.6275 3.37 4.63 0.7613 0.3702 0.0006 0.0011 13.9904 0.2874 -0.627452 -0.378099 12.07 
16.4706 2 1 1 0x0 3.3617 4.6383 3.36 4.64 0.7115 0.3731 0.0004 0.0011 13.9923 0.2860 -0.638270 -0.372535 12.07 
16.4746 2 1 1 0x0 3.3536 4.6464 3.35 4.65 0.8667 0.3863 0.0006 0.0012 13.9941 0.2847 -0.646384 -0.366981 12.07 
16.4786 2 1 1 0x0 3.3428 4.6572 3.34 4.66 0.8403 0.4006 0.0004 0.0013 13.9960 0.2832 -0.657202 -0.361580 12.07 
16.4826 2 1 1 0x0 3.3374 4.6626 3.34 4.66 0.6527 0.4919 0.0007 0.0005 13.9980 0.2817 -0.662611 -0.356393 12.07 
16.4866 2 1 1 0x0 3.3266 4.6734 3.33 4.67 0.6693 0.5009 0.0004 0.0008 13.9999 0.2802 -0.673429 -0.351348 12.07 
16.4906 2 1 1 0x0 3.3185 4.6815 3.32 4.68 0.8644 0.5282 0.0007 0.0012 14.0016 0.2788 -0.681542 -0.346572 12.07 
16.4946 2 1 1 0x0 3.3103 4.6897 3.31 4.69 0.8407 0.4088 0.0004 0.0009 14.0037 0.2771 -0.689656 -0.341991 12.07 
16.4986 2 1 1 0x0 3.3049 4.6951 3.30 4.70 0.6900 0.5573 0.0006 0.0008 14.0055 0.2756 -0.695065 -0.337640 12.07 
16.5026 2 1 1 0x0 3.2995 4.7005 3.30 4.70 0.8570 0.5264 0.0008 0.0010 14.0074 0.2740 -0.700474 -0.333472 12.07 
16.5066 2 1 1 0x0 3.2941 4.7059 3.29 4.71 0.8355 0.5046 0.0004 0.0007 14.0096 0.2722 -0.705883 -0.329454 12.08 
16.5106 2 1 1 0x0 3.2914 4.7086 3.29 4.71 0.6520 0.6001 0.0007 0.0006 14.0116 0.2704 -0.708587 -0.325684 12.07 
16.5146 2 1 1 0x0 3.2887 4.7113 3.29 4.71 0.8475 0.5763 0.0009 0.0008 14.0136 0.2687 -0.711292 -0.322133 12.08 
16.5186 2 1 1 0x0 3.2860 4.7140 3.29 4.71 0.8299 0.7766 0.0005 0.0006 14.0159 0.2667 -0.713996 -0.318738 12.08 
16.5225 2 1 1 0x0 3.2860 4.7140 3.29 4.71 0.6940 0.6787 0.0006 0.0005 14.0180 0.2649 -0.713996 -0.315698 12.08 
16.5265 2 1 1 0x0 3.2860 4.7140 3.29 4.71 0.8554 0.8350 0.0008 0.0006 14.0202 0.2630 -0.713996 -0.312919 12.08 
16.5305 2 1 1 0x0 3.2860 4.7140 3.29 4.71 0.8377 0.8248 0.0004 0.0004 14.0226 0.2609 -0.713996 -0.310467 12.09 
16.5345 2 1 1 0x0 3.2887 4.7113 3.29 4.71 0.6471 0.8589 0.0006 0.0003 14.0249 0.2589 -0.711292 -0.308389 12.09 
16.5385 2 1 1 0x0 3.2914 4.7086 3.29 4.71 0.8115 0.8963 0.0007 0.0003 14.0272 0.2569 -0.708587 -0.306725 12.09 
16.5425 2 1 1 0x0 3.2914 4.7086 3.29 4.71 0.8452 0.9342 0.0003 0.0003 14.0297 0.2548 -0.708587 -0.305316 12.08 
16.5465 2 1 1 0x0 3.2941 4.7059 3.29 4.71 0.7154 0.9732 0.0004 0.0004 14.0320 0.2528 -0.705883 -0.304291 12.07 
16.5505 2 1 1 0x0 3.2968 4.7032 3.30 4.70 0.8265 0.8925 0.0005 0.0006 14.0343 0.2509 -0.703178 -0.303181 12.09 
16.5545 2 1 1 0x0 3.3022 4.6978 3.30 4.70 0.6541 0.8518 0.0007 0.0003 14.0368 0.2488 -0.697769 -0.302311 12.09 
16.5585 2 1 1 0x0 3.3049 4.6951 3.30 4.70 0.8008 0.8235 0.0009 0.0006 14.0391 0.2468 -0.695065 -0.301568 12.09 
16.5625 2 1 1 0x0 3.3076 4.6924 3.31 4.69 0.7885 0.9600 0.0004 0.0003 14.0418 0.2446 -0.692360 -0.300936 12.09 
16.5665 2 1 1 0x0 3.3103 4.6897 3.31 4.69 0.6916 0.9357 0.0006 0.0004 14.0441 0.2427 -0.689656 -0.300425 12.09 
16.5705 2 1 1 0x0 3.3130 4.6870 3.31 4.69 0.8589 0.9142 0.0007 0.0005 14.0465 0.2407 -0.686951 -0.300030 12.09 
16.5745 2 1 1 0x0 3.3130 4.6870 3.31 4.69 0.6341 0.9505 0.0008 0.0007 14.0490 0.2387 -0.686951 -0.299911 12.09 
16.5785 2 1 1 0x0 3.3185 4.6815 3.32 4.68 0.6425 0.7478 0.0004 0.0003 14.0515 0.2366 -0.681542 -0.299794 12.09 
16.5825 2 1 1 0x0 3.3212 4.6788 3.32 4.68 0.8192 0.7255 0.0006 0.0005 14.0539 0.2347 -0.678838 -0.299998 12.08 
16.5865 2 1 1 0x0 3.3239 4.6761 3.32 4.68 0.7002 0.7404 0.0007 0.0007 14.0562 0.2328 -0.676133 -0.300078 12.09 
16.5905 2 1 1 0x0 3.3266 4.6734 3.33 4.67 0.6787 0.9986 0.0003 0.0005 14.0589 0.2307 -0.673429 -0.300395 12.09 
16.5945 2 1 1 0x0 3.3320 4.6680 3.33 4.67 0.7860 0.8674 0.0004 0.0004 14.0615 0.2286 -0.668020 -0.300858 12.09 
16.5985 2 1 1 0x0 3.3374 4.6626 3.34 4.66 0.6516 1.0245 0.0006 0.0004 14.0640 0.2266 -0.662611 -0.301505 12.10 
16.6025 2 1 1 0x0 3.3428 4.6572 3.34 4.66 0.8022 0.7875 0.0008 0.0005 14.0666 0.2246 -0.657202 -0.302171 12.09 
16.6065 2 1 1 0x0 3.3455 4.6545 3.35 4.65 0.8320 1.0466 0.0004 0.0006 14.0693 0.2225 -0.654497 -0.302998 12.09 
16.6105 2 1 1 0x0 3.3536 4.6464 3.35 4.65 0.7277 1.1065 0.0006 0.0003 14.0721 0.2205 -0.646384 -0.303823 12.10 
16.6145 2 1 1 0x0 3.3590 4.6410 3.36 4.64 0.8507 0.8827 0.0008 0.0006 14.0747 0.2185 -0.640975 -0.304544 12.10 
16.6185 2 1 1 0x0 3.3644 4.6356 3.36 4.64 0.8336 0.9812 0.0004 0.0005 14.0776 0.2163 -0.635566 -0.305288 12.10 
16.6225 2 1 1 0x0 3.3725 4.6275 3.37 4.63 0.6244 0.8156 0.0006 0.0005 14.0804 0.2143 -0.627452 -0.305926 12.10 
16.6265 2 1 1 0x0 3.3807 4.6193 3.38 4.62 0.8435 1.0253 0.0008 0.0005 14.0832 0.2123 -0.619339 -0.306532 12.11 
16.6305 2 1 1 0x0 3.3861 4.6139 3.39 4.61 0.8719 0.8472 0.0005 0.0005 14.0862 0.2102 -0.613930 -0.307087 12.11 
16.6345 2 1 1 0x0 3.3969 4.6031 3.40 4.60 0.7010 1.2026 0.0007 0.0002 14.0892 0.2081 -0.603112 -0.307615 12.10 
16.6385 2 1 1 0x0 3.4023 4.5977 3.40 4.60 0.6819 1.1706 0.0004 0.0002 14.0922 0.2060 -0.597703 -0.307919 12.11 
16.6425 2 1 1 0x0 3.4104 4.5896 3.41 4.59 0.8201 1.2323 0.0006 0.0003 14.0950 0.2041 -0.589589 -0.308078 12.11 
16.6465 2 1 1 0x0 3.4185 4.5815 3.42 4.58 0.6339 1.1973 0.0008 0.0003 14.0979 0.2022 -0.581475 -0.307962 12.11 
16.6505 2 1 1 0x0 3.4239 4.5761 3.42 4.58 0.6479 1.1614 0.0005 0.0005 14.1010 0.2002 -0.576066 -0.307889 12.11 
16.6545 2 1 1 0x0 3.4320 4.5680 3.43 4.57 0.8461 1.2218 0.0008 0.0005 14.1038 0.1983 -0.567953 -0.307435 12.11 
16.6585 2 1 1 0x0 3.4402 4.5598 3.44 4.56 0.8226 1.1856 0.0005 0.0006 14.1071 0.1963 -0.559839 -0.307235 12.12 
16.6625 2 1 1 0x0 3.4456 4.5544 3.45 4.55 0.8419 1.0185 0.0002 0.0003 14.1102 0.1943 -0.554430 -0.306790 12.11 
16.6665 2 1 1 0x0 3.4537 4.5463 3.45 4.55 0.7276 0.9511 0.0005 0.0004 14.1131 0.1925 -0.546317 -0.305920 12.11 
16.6705 2 1 1 0x0 3.4591 4.5409 3.46 4.54 0.7891 0.9991 0.0003 0.0005 14.1163 0.1906 -0.540908 -0.304903 12.10 
16.6745 2 1 1 0x0 3.4672 4.5328 3.47 4.53 0.8604 0.8773 0.0006 0.0005 14.1192 0.1889 -0.532794 -0.303858 12.10 
16.6785 2 1 1 0x0 3.4753 4.5247 3.48 4.52 0.8794 1.1482 0.0004 0.0002 14.1226 0.1869 -0.524681 -0.301975 12.11 
16.6825 2 1 1 0x0 3.4807 4.5193 3.48 4.52 0.6601 0.9133 0.0007 0.0006 14.1254 0.1853 -0.519272 -0.300050 12.10 
16.6865 2 1 1 0x0 3.4888 4.5112 3.49 4.51 0.6799 1.1765 0.0005 0.0003 14.1287 0.1834 -0.511158 -0.297789 12.11 
16.6905 2 1 1 0x0 3.4943 4.5057 3.49 4.51 0.8387 1.0639 0.0008 0.0003 14.1319 0.1816 -0.505749 -0.294700 12.11 
16.6945 2 1 1 0x0 3.5024 4.4976 3.50 4.50 0.8521 1.1176 0.0007 0.0003 14.1349 0.1800 -0.497636 -0.291964 12.11 
16.6985 2 1 1 0x0 3.5078 4.4922 3.51 4.49 0.8673 1.1777 0.0005 0.0003 14.1382 0.1782 -0.492226 -0.289314 12.10 
16.7024 2 1 1 0x0 3.5132 4.4868 3.51 4.49 0.8807 1.1470 0.0003 0.0004 14.1414 0.1765 -0.486817 -0.286447 12.12 
16.7064 2 1 1 0x0 3.5213 4.4787 3.52 4.48 0.7416 1.1170 0.0007 0.0004 14.1444 0.1749 -0.478704 -0.283991 12.11 
16.7104 2 1 1 0x0 3.5267 4.4733 3.53 4.47 0.7343 1.1747 0.0006 0.0004 14.1477 0.1732 -0.473295 -0.281893 12.10 
16.7144 2 1 1 0x0 3.5321 4.4679 3.53 4.47 0.7261 1.1446 0.0004 0.0004 14.1509 0.1716 -0.467885 -0.279926 12.11 
16.7184 2 1 1 0x0 3.5375 4.4625 3.54 4.46 0.7555 1.2034 0.0003 0.0006 14.1542 0.1700 -0.462476 -0.278629 12.11 
16.7224 2 1 1 0x0 3.5483 4.4517 3.55 4.45 0.8937 1.0071 0.0007 0.0003 14.1575 0.1683 -0.451658 -0.277724 12.12 
16.7264 2 1 1 0x0 3.5538 4.4462 3.55 4.45 0.9035 0.8351 0.0006 0.0004 14.1608 0.1668 -0.446249 -0.277241 12.12 
16.7304 2 1 1 0x0 3.5619 4.4381 3.56 4.44 0.8584 1.2264 0.0005 0.0002 14.1642 0.1651 -0.438135 -0.277194 12.11 
16.7344 2 1 1 0x0 3.5673 4.4327 3.57 4.43 0.9181 1.1887 0.0004 0.0003 14.1675 0.1636 -0.432726 -0.277437 12.12 
16.7384 2 1 1 0x0 3.5727 4.4273 3.57 4.43 0.8718 1.2478 0.0003 0.0006 14.1709 0.1620 -0.427317 -0.278130 12.11 
16.7424 2 1 1 0x0 3.5808 4.4192 3.58 4.42 0.9294 1.0504 0.0003 0.0003 14.1744 0.1605 -0.419203 -0.279072 12.11 
16.7464 2 1 1 0x0 3.5862 4.4138 3.59 4.41 0.8767 0.8646 0.0003 0.0005 14.1777 0.1590 -0.413794 -0.279887 12.11 
16.7504 2 1 1 0x0 3.5943 4.4057 3.59 4.41 0.7018 1.1647 0.0007 0.0003 14.1813 0.1575 -0.405681 -0.280962 12.11 
16.7544 2 1 1 0x0 3.6024 4.3976 3.60 4.40 0.7368 1.1288 0.0007 0.0005 14.1844 0.1561 -0.397567 -0.282258 12.11 
16.7584 2 1 1 0x0 3.6105 4.3895 3.61 4.39 0.7017 0.9116 0.0007 0.0003 14.1880 0.1546 -0.389453 -0.283708 12.11 
16.7624 2 1 1 0x0 3.6160 4.3840 3.62 4.38 0.6696 1.0241 0.0007 0.0005 14.1914 0.1533 -0.384044 -0.285474 12.12 
16.7664 2 1 1 0x0 3.6241 4.3759 3.62 4.38 0.6709 1.2367 0.0007 0.0003 14.1949 0.1518 -0.375931 -0.287547 12.11 
16.7704 2 1 1 0x0 3.6268 4.3732 3.63 4.37 0.7048 1.1941 0.0007 0.0005 14.1985 0.1504 -0.373226 -0.289819 12.12 
16.7744 2 1 1 0x0 3.6349 4.3651 3.63 4.37 0.9263 1.0149 0.0002 0.0003 14.2021 0.1490 -0.365112 -0.292202 12.11 
16.7784 2 1 1 0x0 3.6403 4.3597 3.64 4.36 0.8672 0.8935 0.0003 0.0005 14.2055 0.1477 -0.359703 -0.294719 12.12 
16.7824 2 1 1 0x0 3.6484 4.3516 3.65 4.35 0.9184 1.1188 0.0003 0.0003 14.2092 0.1464 -0.351590 -0.297322 12.12 
16.7864 2 1 1 0x0 3.6538 4.3462 3.65 4.35 0.9069 1.1731 0.0004 0.0004 14.2126 0.1451 -0.346180 -0.300009 12.11 
16.7904 2 1 1 0x0 3.6592 4.3408 3.66 4.34 0.9013 1.2317 0.0005 0.0006 14.2160 0.1439 -0.340771 -0.302731 12.12 
16.7944 2 1 1 0x0 3.6673 4.3327 3.67 4.33 0.8928 1.0579 0.0006 0.0003 14.2197 0.1426 -0.332658 -0.305499 12.12 
16.7984 2 1 1 0x0 3.6728 4.3272 3.67 4.33 0.9390 0.9264 0.0006 0.0005 14.2231 0.1415 -0.327249 -0.308459 12.12 
16.8024 2 1 1 0x0 3.6809 4.3191 3.68 4.32 0.9289 1.1548 0.0007 0.0003 14.2268 0.1402 -0.319135 -0.311698 12.11 
16.8064 2 1 1 0x0 3.6836 4.3164 3.68 4.32 0.8172 1.1210 0.0003 0.0004 14.2304 0.1390 -0.316430 -0.315259 12.12 
16.8104 2 1 1 0x0 3.6890 4.3110 3.69 4.31 0.8271 1.1753 0.0005 0.0006 14.2339 0.1379 -0.311021 -0.319019 12.12 
16.8144 2 1 1 0x0 3.6971 4.3029 3.70 4.30 0.7936 1.1058 0.0006 0.0003 14.2376 0.1367 -0.302907 -0.322902 12.12 
16.8184 2 1 1 0x0 3.6998 4.3002 3.70 4.30 0.8036 0.9038 0.0007 0.0004 14.2413 0.1356 -0.300203 -0.326726 12.10 
16.8224 2 1 1 0x0 3.7052 4.2948 3.71 4.29 0.9009 1.0127 0.0004 0.0005 14.2448 0.1345 -0.294794 -0.330210 12.12 
16.8264 2 1 1 0x0 3.7133 4.2867 3.71 4.29 0.9421 1.1568 0.0005 0.0002 14.2484 0.1334 -0.286680 -0.333430 12.12 
16.8304 2 1 1 0x0 3.7187 4.2813 3.72 4.28 0.9232 1.2154 0.0007 0.0003 14.2519 0.1324 -0.281271 -0.336416 12.12 
16.8344 2 1 1 0x0 3.7214 4.2786 3.72 4.28 0.7280 1.1820 0.0003 0.0004 14.2557 0.1313 -0.278566 -0.339006 12.12 
16.8384 2 1 1 0x0 3.7268 4.2732 3.73 4.27 0.7412 1.1489 0.0005 0.0005 14.2592 0.1303 -0.273157 -0.341625 12.12 
16.8424 2 1 1 0x0 3.7295 4.2705 3.73 4.27 0.9680 1.1196 0.0002 0.0005 14.2629 0.1293 -0.270453 -0.343917 12.12 
16.8464 2 1 1 0x0 3.7350 4.2650 3.73 4.27 0.9495 1.1771 0.0004 0.0005 14.2664 0.1283 -0.265044 -0.345630 12.12 
16.8504 2 1 1 0x0 3.7404 4.2596 3.74 4.26 0.9267 1.0639 0.0006 0.0005 14.2699 0.1274 -0.259634 -0.347476 12.12 
16.8544 2 1 1 0x0 3.7431 4.2569 3.74 4.26 0.7845 1.2050 0.0003 0.0006 14.2737 0.1264 -0.256930 -0.348858 12.11 
16.8584 2 1 1 0x0 3.7485 4.2515 3.75 4.25 0.7995 1.0863 0.0005 0.0006 14.2772 0.1255 -0.251521 -0.350089 12.12 
16.8624 2 1 1 0x0 3.7512 4.2488 3.75 4.25 0.9557 1.1405 0.0003 0.0006 14.2809 0.1246 -0.248816 -0.351070 12.12 
16.8664 2 1 1 0x0 3.7593 4.2407 3.76 4.24 0.9336 1.0540 0.0005 0.0002 14.2847 0.1236 -0.240703 -0.351575 12.12 
16.8704 2 1 1 0x0 3.7647 4.2353 3.76 4.24 0.9685 0.8659 0.0007 0.0003 14.2882 0.1228 -0.235294 -0.351715 12.12 
16.8744 2 1 1 0x0 3.7674 4.2326 3.77 4.23 0.7427 0.9639 0.0005 0.0003 14.2920 0.1219 -0.232589 -0.351420 12.12 
16.8784 2 1 1 0x0 3.7701 4.2299 3.77 4.23 0.9588 0.8493 0.0002 0.0003 14.2957 0.1210 -0.229885 -0.350730 12.12 
16.8824 2 1 1 0x0 3.7755 4.2245 3.78 4.22 0.9343 0.9429 0.0004 0.0003 14.2993 0.1202 -0.224475 -0.349696 12.12 
16.8863 2 1 1 0x0 3.7809 4.2191 3.78 4.22 0.9685 0.8842 0.0007 0.0003 14.3028 0.1193 -0.219066 -0.348273 12.12 
16.8903 2 1 1 0x0 3.7836 4.2164 3.78 4.22 0.8464 0.9876 0.0004 0.0003 14.3066 0.1185 -0.216362 -0.346488 12.12 
16.8943 2 1 1 0x0 3.7863 4.2137 3.79 4.21 0.9469 0.8692 0.0003 0.0003 14.3104 0.1177 -0.213657 -0.344525 12.12 
16.8983 2 1 1 0x0 3.7918 4.2082 3.79 4.21 0.9831 1.0326 0.0005 0.0003 14.3139 0.1169 -0.208248 -0.342478 12.12 
16.9023 2 1 1 0x0 3.7945 4.2055 3.79 4.21 0.7754 0.9026 0.0003 0.0003 14.3177 0.1161 -0.205544 -0.340422 12.12 
16.9063 2 1 1 0x0 3.7999 4.2001 3.80 4.20 0.7969 1.0066 0.0006 0.0003 14.3213 0.1154 -0.200135 -0.338527 12.12 
16.9103 2 1 1 0x0 3.8026 4.1974 3.80 4.20 0.9987 0.8841 0.0003 0.0003 14.3250 0.1146 -0.197430 -0.336871 12.12 
16.9143 2 1 1 0x0 3.8080 4.1920 3.81 4.19 0.9677 1.0518 0.0006 0.0002 14.3286 0.1139 -0.192021 -0.335586 12.12 
16.9183 2 1 1 0x0 3.8080 4.1920 3.81 4.19 0.8061 1.0898 0.0004 0.0005 14.3322 0.1132 -0.192021 -0.333975 12.11 
16.9223 2 1 1 0x0 3.8107 4.1893 3.81 4.19 0.9423 1.0013 0.0003 0.0002 14.3360 0.1125 -0.189317 -0.333213 12.11 
16.9263 2 1 1 0x0 3.8134 4.1866 3.81 4.19 0.9145 0.8712 0.0005 0.0004 14.3394 0.1118 -0.186612 -0.332778 12.12 
16.9303 2 1 1 0x0 3.8134 4.1866 3.81 4.19 0.7412 1.0144 0.0003 0.0006 14.3430 0.1112 -0.186612 -0.332456 12.12 
16.9343 2 1 1 0x0 3.8161 4.1839 3.82 4.18 0.7228 0.7519 0.0006 0.0005 14.3464 0.1105 -0.183908 -0.333124 12.13 
16.9383 2 1 1 0x0 3.8161 4.1839 3.82 4.18 0.9863 0.9184 0.0004 0.0003 14.3500 0.1099 -0.183908 -0.334094 12.11 
16.9423 2 1 1 0x0 3.8134 4.1866 3.81 4.19 0.8377 0.8947 0.0003 0.0005 14.3533 0.1092 -0.186612 -0.335512 12.11 
16.9463 2 1 1 0x0 3.8134 4.1866 3.81 4.19 0.8170 0.9289 0.0006 0.0007 14.3565 0.1086 -0.186612 -0.337593 12.10 
16.9503 2 1 1 0x0 3.8134 4.1866 3.81 4.19 0.9854 0.7773 0.0004 0.0003 14.3601 0.1080 -0.186612 -0.339993 12.10 
16.9543 2 1 1 0x0 3.8107 4.1893 3.81 4.19 0.7379 0.8376 0.0003 0.0004 14.3635 0.1073 -0.189317 -0.342725 12.10 
16.9583 2 1 1 0x0 3.8107 4.1893 3.81 4.19 0.7574 0.8100 0.0006 0.0005 14.3667 0.1067 -0.189317 -0.345937 12.11 
16.9623 2 1 1 0x0 3.8080 4.1920 3.81 4.19 0.9867 0.8283 0.0005 0.0007 14.3701 0.1060 -0.192021 -0.349088 12.11 
16.9663 2 1 1 0x0 3.8080 4.1920 3.81 4.19 0.8387 1.0173 0.0003 0.0004 14.3737 0.1054 -0.192021 -0.352198 12.11 
16.9703 2 1 1 0x0 3.8080 4.1920 3.81 4.19 0.9195 0.9863 0.0006 0.0007 14.3769 0.1047 -0.192021 -0.355078 12.11 
16.9743 2 1 1 0x0 3.8080 4.1920 3.81 4.19 0.9816 0.6941 0.0005 0.0005 14.3804 0.1040 -0.192021 -0.357769 12.10 
16.9783 2 1 1 0x0 3.8080 4.1920 3.81 4.19 0.7404 0.9561 0.0003 0.0003 14.3840 0.1033 -0.192021 -0.360265 12.12 
16.9823 2 1 1 0x0 3.8053 4.1947 3.81 4.19 1.0162 0.9292 0.0002 0.0005 14.3874 0.1027 -0.194726 -0.362449 12.12 
16.9863 2 1 1 0x0 3.8080 4.1920 3.81 4.19 0.9808 0.8720 0.0005 0.0003 14.3908 0.1020 -0.192021 -0.364484 12.12 
16.9903 2 1 1 0x0 3.8053 4.1947 3.81 4.19 0.8943 0.8466 0.0004 0.0006 14.3942 0.1014 -0.194726 -0.366574 12.11 
16.9943 2 1 1 0x0 3.8053 4.1947 3.81 4.19 1.0122 0.9873 0.0003 0.0005 14.3978 0.1007 -0.194726 -0.368605 12.11 
16.9983 2 1 1 0x0 3.8080 4.1920 3.81 4.19 0.9794 0.7674 0.0005 0.0003 14.4011 0.1000 -0.192021 -0.370662 12.11 
17.0023 2 1 1 0x0 3.8080 4.1920 3.81 4.19 0.7794 0.9492 0.0004 0.0003 14.4047 0.0993 -0.192021 -0.373028 12.11 
17.0063 2 1 1 0x0 3.8080 4.1920 3.81 4.19 0.7596 0.9810 0.0007 0.0007 14.4079 0.0987 -0.192021 -0.375160 12.12 
17.0103 2 1 1 0x0 3.8080 4.1920 3.81 4.19 0.9276 0.8818 0.0005 0.0006 14.4115 0.0980 -0.192021 -0.377699 12.12 
17.0143 2 1 1 0x0 3.8080 4.1920 3.81 4.19 0.8367 1.0070 0.0003 0.0005 14.4151 0.0973 -0.192021 -0.379907 12.11 
17.0183 2 1 1 0x0 3.8107 4.1893 3.81 4.19 0.8156 0.7984 0.0006 0.0005 14.4185 0.0966 -0.189317 -0.382074 12.12 
17.0223 2 1 1 0x0 3.8107 4.1893 3.81 4.19 0.9875 1.0296 0.0005 0.0005 14.4221 0.0959 -0.189317 -0.384595 12.11 
17.0263 2 1 1 0x0 3.8107 4.1893 3.81 4.19 0.7760 0.9010 0.0003 0.0005 14.4256 0.0953 -0.189317 -0.386816 12.11 
17.0303 2 1 1 0x0 3.8134 4.1866 3.81 4.19 0.7196 1.0445 0.0006 0.0007 14.4290 0.0946 -0.186612 -0.389161 12.12 
17.0343 2 1 1 0x0 3.8161 4.1839 3.82 4.18 0.9870 1.0295 0.0005 0.0003 14.4328 0.0939 -0.183908 -0.391601 12.12 
17.0383 2 1 1 0x0 3.8161 4.1839 3.82 4.18 0.7935 0.9033 0.0004 0.0005 14.4364 0.0932 -0.183908 -0.394005 12.12 
17.0423 2 1 1 0x0 3.8161 4.1839 3.82 4.18 1.0195 1.1170 0.0003 0.0007 14.4400 0.0926 -0.183908 -0.396483 12.12 
17.0463 2 1 1 0x0 3.8215 4.1785 3.82 4.18 0.9811 1.0951 0.0006 0.0005 14.4436 0.0919 -0.178498 -0.399031 12.12 
17.0503 2 1 1 0x0 3.8242 4.1758 3.82 4.18 0.7400 1.0721 0.0004 0.0003 14.4474 0.0912 -0.175794 -0.401651 12.11 
17.0543 2 1 1 0x0 3.8242 4.1758 3.82 4.18 0.9528 0.8086 0.0003 0.0005 14.4510 0.0906 -0.175794 -0.404362 12.12 
17.0583 2 1 1 0x0 3.8296 4.1704 3.83 4.17 0.9804 0.9474 0.0007 0.0004 14.4546 0.0900 -0.170385 -0.407203 12.12 
17.0623 2 1 1 0x0 3.8296 4.1704 3.83 4.17 0.8438 1.0543 0.0005 0.0006 14.4582 0.0894 -0.170385 -0.410108 12.12 
17.0662 2 1 1 0x0 3.8323 4.1677 3.83 4.17 1.0101 1.1113 0.0004 0.0005 14.4620 0.0887 -0.167680 -0.413231 12.12 
17.0702 2 1 1 0x0 3.8350 4.1650 3.84 4.16 0.7619 1.0863 0.0003 0.0004 14.4658 0.0881 -0.164976 -0.416286 12.13 
17.0742 2 1 1 0x0 3.8404 4.1596 3.84 4.16 0.7868 1.0651 0.0007 0.0002 14.4694 0.0875 -0.159567 -0.419222 12.11 
17.0782 2 1 1 0x0 3.8404 4.1596 3.84 4.16 1.0038 0.9359 0.0005 0.0005 14.4730 0.0869 -0.159567 -0.421971 12.12 
17.0822 2 1 1 0x0 3.8431 4.1569 3.84 4.16 0.8255 0.8760 0.0004 0.0004 14.4768 0.0863 -0.156862 -0.424557 12.12 
17.0862 2 1 1 0x0 3.8458 4.1542 3.85 4.15 0.9701 0.9731 0.0003 0.0003 14.4806 0.0857 -0.154158 -0.426949 12.12 
17.0902 2 1 1 0x0 3.8485 4.1515 3.85 4.15 1.0006 1.0992 0.0006 0.0006 14.4840 0.0852 -0.151453 -0.429329 12.12 
17.0942 2 1 1 0x0 3.8513 4.1487 3.85 4.15 0.8110 1.0772 0.0005 0.0005 14.4878 0.0846 -0.148749 -0.431596 12.12 
17.0982 2 1 1 0x0 3.8540 4.1460 3.85 4.15 0.9673 1.0536 0.0003 0.0004 14.4916 0.0840 -0.146044 -0.433823 12.12 
17.1022 2 1 1 0x0 3.8567 4.1433 3.86 4.14 0.8559 1.0319 0.0002 0.0003 14.4954 0.0835 -0.143340 -0.436138 12.12 
17.1062 2 1 1 0x0 3.8594 4.1406 3.86 4.14 0.8360 0.9031 0.0006 0.0006 14.4988 0.0830 -0.140635 -0.438362 12.12 
17.1102 2 1 1 0x0 3.8621 4.1379 3.86 4.14 0.9535 0.8960 0.0005 0.0004 14.5027 0.0825 -0.137930 -0.440586 12.12 
17.1142 2 1 1 0x0 3.8648 4.1352 3.86 4.14 0.8025 0.9341 0.0004 0.0003 14.5065 0.0819 -0.135226 -0.442708 12.12 
17.1182 2 1 1 0x0 3.8648 4.1352 3.86 4.14 0.9758 1.0718 0.0003 0.0006 14.5101 0.0814 -0.135226 -0.444701 12.11 
17.1222 2 1 1 0x0 3.8675 4.1325 3.87 4.13 0.8530 1.0502 0.0002 0.0005 14.5139 0.0809 -0.132521 -0.446660 12.12 
17.1262 2 1 1 0x0 3.8729 4.1271 3.87 4.13 0.8357 1.1054 0.0006 0.0004 14.5175 0.0805 -0.127112 -0.448593 12.12 
17.1302 2 1 1 0x0 3.8756 4.1244 3.88 4.12 0.9531 1.0842 0.0005 0.0002 14.5214 0.0800 -0.124408 -0.450423 12.12 
17.1342 2 1 1 0x0 3.8756 4.1244 3.88 4.12 0.7618 0.9810 0.0005 0.0005 14.5250 0.0795 -0.124408 -0.452108 12.12 
17.1382 2 1 1 0x0 3.8783 4.1217 3.88 4.12 1.0434 0.8626 0.0004 0.0004 14.5288 0.0791 -0.121703 -0.453698 12.12 
17.1422 2 1 1 0x0 3.8810 4.1190 3.88 4.12 0.8526 0.9535 0.0003 0.0003 14.5326 0.0786 -0.118999 -0.455141 12.12 
17.1462 2 1 1 0x0 3.8810 4.1190 3.88 4.12 0.9910 1.0471 0.0002 0.0006 14.5363 0.0782 -0.118999 -0.456478 12.12 
17.1502 2 1 1 0x0 3.8864 4.1136 3.89 4.11 1.0145 1.1031 0.0006 0.0004 14.5399 0.0777 -0.113590 -0.457637 12.12 
17.1542 2 1 1 0x0 3.8891 4.1109 3.89 4.11 0.8066 1.1648 0.0005 0.0004 14.5437 0.0773 -0.110885 -0.458671 12.12 
17.1582 2 1 1 0x0 3.8918 4.1082 3.89 4.11 0.9678 1.0593 0.0005 0.0002 14.5476 0.0769 -0.108181 -0.459449 12.12 
17.1622 2 1 1 0x0 3.8918 4.1082 3.89 4.11 0.8615 1.0023 0.0004 0.0004 14.5512 0.0765 -0.108181 -0.460206 12.12 
17.1662 2 1 1 0x0 3.8945 4.1055 3.89 4.11 1.0482 0.7833 0.0004 0.0003 14.5550 0.0761 -0.105476 -0.460799 12.12 
17.1702 2 1 1 0x0 3.8945 4.1055 3.89 4.11 0.7864 1.1281 0.0003 0.0005 14.5586 0.0757 -0.105476 -0.461502 12.11 
17.1742 2 1 1 0x0 3.8972 4.1028 3.90 4.10 1.0648 1.1078 0.0003 0.0004 14.5625 0.0753 -0.102771 -0.462396 12.12 
17.1782 2 1 1 0x0 3.8972 4.1028 3.90 4.10 0.8433 0.8332 0.0003 0.0006 14.5661 0.0749 -0.102771 -0.463219 12.12 
17.1822 2 1 1 0x0 3.8999 4.1001 3.90 4.10 1.0019 0.9162 0.0002 0.0003 14.5699 0.0745 -0.100067 -0.464417 12.12 
17.1862 2 1 1 0x0 3.9026 4.0974 3.90 4.10 1.0207 1.1031 0.0007 0.0005 14.5734 0.0742 -0.097362 -0.465709 12.12 
17.1902 2 1 1 0x0 3.9053 4.0947 3.91 4.09 0.8042 0.7879 0.0006 0.0006 14.5772 0.0738 -0.094658 -0.467257 12.12 
17.1942 2 1 1 0x0 3.9053 4.0947 3.91 4.09 0.9641 0.9154 0.0006 0.0004 14.5809 0.0735 -0.094658 -0.468972 12.12 
17.1982 2 1 1 0x0 3.9053 4.0947 3.91 4.09 0.8669 1.0262 0.0006 0.0006 14.5845 0.0731 -0.094658 -0.470830 12.12 
17.2022 2 1 1 0x0 3.9080 4.0920 3.91 4.09 0.9658 1.0110 0.0006 0.0003 14.5883 0.0728 -0.091953 -0.472801 12.12 
17.2062 2 1 1 0x0 3.9080 4.0920 3.91 4.09 0.7580 0.9181 0.0006 0.0005 14.5920 0.0724 -0.091953 -0.474788 12.10 
17.2102 2 1 1 0x0 3.9108 4.0892 3.91 4.09 1.0433 0.8565 0.0005 0.0003 14.5958 0.0721 -0.089249 -0.476876 12.12 
17.2142 2 1 1 0x0 3.9108 4.0892 3.91 4.09 0.8629 1.0828 0.0006 0.0005 14.5994 0.0717 -0.089249 -0.478944 12.12 
17.2182 2 1 1 0x0 3.9135 4.0865 3.91 4.09 0.9708 1.0637 0.0006 0.0003 14.6033 0.0714 -0.086544 -0.481153 12.12 
17.2222 2 1 1 0x0 3.9135 4.0865 3.91 4.09 0.8415 0.8125 0.0006 0.0005 14.6069 0.0711 -0.086544 -0.483512 12.12 
17.2262 2 1 1 0x0 3.9162 4.0838 3.92 4.08 0.9815 0.9468 0.0005 0.0003 14.6107 0.0707 -0.083840 -0.485901 12.12 
17.2302 2 1 1 0x0 3.9162 4.0838 3.92 4.08 0.9092 1.1390 0.0005 0.0006 14.6144 0.0704 -0.083840 -0.488432 12.12 
17.2342 2 1 1 0x0 3.9189 4.0811 3.92 4.08 0.9807 1.0428 0.0005 0.0004 14.6182 0.0701 -0.081135 -0.491064 12.12 
17.2382 2 1 1 0x0 3.9216 4.0784 3.92 4.08 0.7882 1.1022 0.0005 0.0002 14.6221 0.0698 -0.078431 -0.493696 12.12 
17.2422 2 1 1 0x0 3.9216 4.0784 3.92 4.08 1.0576 0.8329 0.0005 0.0004 14.6257 0.0695 -0.078431 -0.496430 12.12 
17.2462 2 1 1 0x0 3.9243 4.0757 3.92 4.08 0.9038 0.9169 0.0005 0.0002 14.6295 0.0692 -0.075726 -0.499240 12.11 
17.2501 2 1 1 0x0 3.9243 4.0757 3.92 4.08 0.9852 1.0236 0.0005 0.0005 14.6332 0.0689 -0.075726 -0.502134 12.12 
17.2541 2 1 1 0x0 3.9270 4.0730 3.93 4.07 0.7870 1.0099 0.0005 0.0002 14.6370 0.0687 -0.073021 -0.505174 12.12 
17.2581 2 1 1 0x0 3.9270 4.0730 3.93 4.07 1.0601 0.9179 0.0005 0.0005 14.6407 0.0684 -0.073021 -0.508146 12.12 
17.2621 2 1 1 0x0 3.9297 4.0703 3.93 4.07 0.8510 0.8097 0.0005 0.0003 14.6445 0.0681 -0.070317 -0.511060 12.12 
17.2661 2 1 1 0x0 3.9297 4.0703 3.93 4.07 0.9841 1.0791 0.0006 0.0005 14.6482 0.0679 -0.070317 -0.514080 12.12 
17.2701 2 1 1 0x0 3.9324 4.0676 3.93 4.07 0.7488 1.0610 0.0006 0.0004 14.6520 0.0676 -0.067612 -0.517110 12.12 
17.2741 2 1 1 0x0 3.9324 4.0676 3.93 4.07 0.9852 0.8116 0.0006 0.0006 14.6557 0.0673 -0.067612 -0.520147 12.13 
17.2781 2 1 1 0x0 3.9351 4.0649 3.94 4.06 0.8551 1.0113 0.0006 0.0004 14.6595 0.0671 -0.064908 -0.523177 12.12 
17.2821 2 1 1 0x0 3.9351 4.0649 3.94 4.06 1.0460 1.0581 0.0007 0.0006 14.6631 0.0668 -0.064908 -0.526146 12.11 
17.2861 2 1 1 0x0 3.9351 4.0649 3.94 4.06 1.0271 1.0424 0.0002 0.0004 14.6672 0.0666 -0.064908 -0.529047 12.12 
17.2901 2 1 1 0x0 3.9378 4.0622 3.94 4.06 0.9277 1.0257 0.0003 0.0002 14.6710 0.0663 -0.062203 -0.531852 12.11 
17.2941 2 1 1 0x0 3.9378 4.0622 3.94 4.06 1.0183 0.8342 0.0003 0.0004 14.6747 0.0661 -0.062203 -0.534603 12.12 
17.2981 2 1 1 0x0 3.9378 4.0622 3.94 4.06 0.8111 1.0391 0.0003 0.0006 14.6783 0.0659 -0.062203 -0.537286 12.12 
17.3021 2 1 1 0x0 3.9405 4.0595 3.94 4.06 1.0212 1.0217 0.0003 0.0005 14.6822 0.0657 -0.059499 -0.539910 12.12 
17.3061 2 1 1 0x0 3.9432 4.0568 3.94 4.06 0.8289 1.0793 0.0003 0.0003 14.6860 0.0654 -0.056794 -0.542482 12.12 
17.3101 2 1 1 0x0 3.9432 4.0568 3.94 4.06 1.0178 0.9829 0.0003 0.0005 14.6897 0.0652 -0.056794 -0.544931 12.11 
17.3141 2 1 1 0x0 3.9432 4.0568 3.94 4.06 0.8117 1.0189 0.0003 0.0007 14.6933 0.0650 -0.056794 -0.547211 12.12 
17.3181 2 1 1 0x0 3.9459 4.0541 3.95 4.05 1.0176 1.0787 0.0003 0.0004 14.6972 0.0648 -0.054090 -0.549478 12.12 
17.3221 2 1 1 0x0 3.9486 4.0514 3.95 4.05 0.8328 1.0613 0.0004 0.0002 14.7010 0.0646 -0.051385 -0.551712 12.12 
17.3261 2 1 1 0x0 3.9486 4.0514 3.95 4.05 1.0089 0.8107 0.0004 0.0004 14.7046 0.0644 -0.051385 -0.553781 12.11 
17.3301 2 1 1 0x0 3.9486 4.0514 3.95 4.05 0.8187 1.0105 0.0004 0.0005 14.7083 0.0642 -0.051385 -0.555694 12.12 
17.3341 2 1 1 0x0 3.9513 4.0487 3.95 4.05 1.0034 1.0691 0.0005 0.0003 14.7121 0.0640 -0.048681 -0.557652 12.12 
17.3381 2 1 1 0x0 3.9513 4.0487 3.95 4.05 0.8947 0.8056 0.0005 0.0004 14.7158 0.0639 -0.048681 -0.559531 12.11 
17.3421 2 1 1 0x0 3.9513 4.0487 3.95 4.05 1.0618 1.0169 0.0006 0.0005 14.7194 0.0637 -0.048681 -0.561324 12.12 
17.3461 2 1 1 0x0 3.9540 4.0460 3.95 4.05 0.7874 1.0052 0.0006 0.0002 14.7233 0.0635 -0.045976 -0.562869 12.12 
17.3501 2 1 1 0x0 3.9513 4.0487 3.95 4.05 0.8671 0.8009 0.0003 0.0003 14.7271 0.0633 -0.048681 -0.564490 12.11 
17.3541 2 1 1 0x0 3.9513 4.0487 3.95 4.05 1.0254 0.9599 0.0003 0.0003 14.7308 0.0631 -0.048681 -0.566186 12.11 
17.3581 2 1 1 0x0 3.9513 4.0487 3.95 4.05 0.8087 0.8480 0.0004 0.0003 14.7344 0.0630 -0.048681 -0.568005 12.12 
17.3621 2 1 1 0x0 3.9513 4.0487 3.95 4.05 1.0202 1.0526 0.0004 0.0004 14.7381 0.0628 -0.048681 -0.569606 12.12 
17.3661 2 1 1 0x0 3.9513 4.0487 3.95 4.05 0.9363 0.7727 0.0004 0.0004 14.7417 0.0626 -0.048681 -0.571289 12.12 
17.3701 2 1 1 0x0 3.9513 4.0487 3.95 4.05 1.0817 1.0055 0.0005 0.0004 14.7454 0.0624 -0.048681 -0.572814 12.13 
17.3741 2 1 1 0x0 3.9513 4.0487 3.95 4.05 0.7761 0.8634 0.0006 0.0004 14.7490 0.0622 -0.048681 -0.574134 12.11 
17.3781 2 1 1 0x0 3.9513 4.0487 3.95 4.05 1.0734 1.0289 0.0006 0.0005 14.7527 0.0621 -0.048681 -0.575760 12.12 
17.3821 2 1 1 0x0 3.9486 4.0514 3.95 4.05 0.9782 0.7848 0.0003 0.0005 14.7565 0.0619 -0.051385 -0.576917 12.12 
17.3861 2 1 1 0x0 3.9486 4.0514 3.95 4.05 0.7541 1.0565 0.0003 0.0004 14.7602 0.0617 -0.051385 -0.578159 12.12 
17.3901 2 1 1 0x0 3.9486 4.0514 3.95 4.05 1.0417 0.8793 0.0003 0.0005 14.7638 0.0615 -0.051385 -0.579429 12.11 
17.3941 2 1 1 0x0 3.9486 4.0514 3.95 4.05 0.8674 0.9468 0.0004 0.0005 14.7675 0.0613 -0.051385 -0.580657 12.12 
17.3981 2 1 1 0x0 3.9486 4.0514 3.95 4.05 1.0256 0.7948 0.0005 0.0005 14.7711 0.0611 -0.051385 -0.581807 12.11 
17.4021 2 1 1 0x0 3.9486 4.0514 3.95 4.05 0.8079 0.9713 0.0005 0.0004 14.7747 0.0609 -0.051385 -0.583163 12.12 
17.4061 2 1 1 0x0 3.9486 4.0514 3.95 4.05 1.0206 0.8915 0.0006 0.0004 14.7784 0.0607 -0.051385 -0.584321 12.11 
17.4101 2 1 1 0x0 3.9459 4.0541 3.95 4.05 1.0636 0.9937 0.0002 0.0005 14.7822 0.0605 -0.054090 -0.585498 12.11 
17.4141 2 1 1 0x0 3.9486 4.0514 3.95 4.05 1.0754 0.8056 0.0007 0.0004 14.7857 0.0604 -0.051385 -0.586739 12.12 
17.4181 2 1 1 0x0 3.9459 4.0541 3.95 4.05 1.0515 1.0184 0.0003 0.0005 14.7895 0.0602 -0.054090 -0.587986 12.12 
17.4221 2 1 1 0x0 3.9459 4.0541 3.95 4.05 0.8612 0.9057 0.0004 0.0005 14.7932 0.0600 -0.054090 -0.589236 12.12 
17.4261 2 1 1 0x0 3.9459 4.0541 3.95 4.05 1.0334 0.9781 0.0004 0.0004 14.7968 0.0598 -0.054090 -0.590807 12.12 
17.4300 2 1 1 0x0 3.9459 4.0541 3.95 4.05 0.8062 0.7728 0.0005 0.0004 14.8005 0.0596 -0.054090 -0.592530 12.12 
17.4340 2 1 1 0x0 3.9459 4.0541 3.95 4.05 1.0217 1.0061 0.0005 0.0004 14.8041 0.0594 -0.054090 -0.594310 12.12 
17.4380 2 1 1 0x0 3.9459 4.0541 3.95 4.05 0.8845 0.9172 0.0006 0.0004 14.8078 0.0592 -0.054090 -0.596073 12.12 
17.4420 2 1 1 0x0 3.9459 4.0541 3.95 4.05 1.0046 1.0279 0.0007 0.0005 14.8114 0.0590 -0.054090 -0.597906 12.12 
17.4460 2 1 1 0x0 3.9432 4.0568 3.94 4.06 1.0564 0.7472 0.0003 0.0005 14.8153 0.0587 -0.056794 -0.599954 12.13 
17.4500 2 1 1 0x0 3.9432 4.0568 3.94 4.06 0.8555 1.0497 0.0003 0.0006 14.8189 0.0585 -0.056794 -0.601993 12.12 
17.4540 2 1 1 0x0 3.9459 4.0541 3.95 4.05 1.0407 1.0344 0.0004 0.0003 14.8228 0.0583 -0.054090 -0.604326 12.12 
17.4580 2 1 1 0x0 3.9459 4.0541 3.95 4.05 0.7991 0.8272 0.0004 0.0005 14.8264 0.0581 -0.054090 -0.606695 12.12 
17.4620 2 1 1 0x0 3.9459 4.0541 3.95 4.05 1.0378 1.0547 0.0004 0.0006 14.8301 0.0579 -0.054090 -0.609028 12.12 
17.4660 2 1 1 0x0 3.9486 4.0514 3.95 4.05 0.8700 1.0403 0.0005 0.0003 14.8339 0.0577 -0.051385 -0.611533 12.13 
17.4700 2 1 1 0x0 3.9486 4.0514 3.95 4.05 1.0259 0.7801 0.0005 0.0004 14.8376 0.0575 -0.051385 -0.613980 12.12 
17.4740 2 1 1 0x0 3.9486 4.0514 3.95 4.05 0.8078 1.0595 0.0006 0.0006 14.8412 0.0574 -0.051385 -0.616461 12.12 
17.4780 2 1 1 0x0 3.9513 4.0487 3.95 4.05 1.0238 1.0442 0.0006 0.0003 14.8450 0.0572 -0.048681 -0.618942 12.12 
17.4820 2 1 1 0x0 3.9486 4.0514 3.95 4.05 1.0725 0.8214 0.0002 0.0005 14.8489 0.0570 -0.051385 -0.621346 12.13 
17.4860 2 1 1 0x0 3.9513 4.0487 3.95 4.05 1.0127 1.0642 0.0007 0.0006 14.8523 0.0568 -0.048681 -0.623762 12.13 
17.4900 2 1 1 0x0 3.9513 4.0487 3.95 4.05 0.9964 1.0504 0.0003 0.0004 14.8564 0.0566 -0.048681 -0.626089 12.12 
17.4940 2 1 1 0x0 3.9513 4.0487 3.95 4.05 0.8494 0.8656 0.0003 0.0006 14.8600 0.0564 -0.048681 -0.628432 12.12 
17.4980 2 1 1 0x0 3.9540 4.0460 3.95 4.05 0.9825 0.8951 0.0004 0.0003 14.8639 0.0562 -0.045976 -0.630646 12.12 
17.5020 2 1 1 0x0 3.9540 4.0460 3.95 4.05 0.7519 1.0557 0.0004 0.0005 14.8675 0.0561 -0.045976 -0.632980 12.12 
17.5060 2 1 1 0x0 3.9540 4.0460 3.95 4.05 1.0446 0.7711 0.0005 0.0006 14.8712 0.0559 -0.045976 -0.635022 12.12 
17.5100 2 1 1 0x0 3.9567 4.0433 3.96 4.04 0.9204 0.9467 0.0005 0.0003 14.8750 0.0557 -0.043272 -0.636823 12.12 
17.5140 2 1 1 0x0 3.9567 4.0433 3.96 4.04 1.0302 0.9919 0.0006 0.0005 14.8787 0.0556 -0.043272 -0.638698 12.12 
17.5180 2 1 1 0x0 3.9567 4.0433 3.96 4.04 0.8541 0.8100 0.0006 0.0006 14.8823 0.0554 -0.043272 -0.640381 12.12 
17.5220 2 1 1 0x0 3.9594 4.0406 3.96 4.04 1.0223 0.9425 0.0006 0.0003 14.8862 0.0553 -0.040567 -0.641980 12.11 
17.5260 2 1 1 0x0 3.9567 4.0433 3.96 4.04 1.0655 1.0680 0.0003 0.0005 14.8900 0.0551 -0.043272 -0.643326 12.12 
17.5300 2 1 1 0x0 3.9567 4.0433 3.96 4.04 0.7851 0.8060 0.0003 0.0006 14.8937 0.0549 -0.043272 -0.644438 12.12 
17.5340 2 1 1 0x0 3.9594 4.0406 3.96 4.04 1.0559 1.0185 0.0004 0.0007 14.8975 0.0548 -0.040567 -0.645301 12.12 
17.5380 2 1 1 0x0 3.9594 4.0406 3.96 4.04 0.8592 1.0846 0.0005 0.0003 14.9012 0.0546 -0.040567 -0.646339 12.12 
17.5420 2 1 1 0x0 3.9594 4.0406 3.96 4.04 1.0365 0.7958 0.0006 0.0003 14.9048 0.0545 -0.040567 -0.647143 12.12 
17.5460 2 1 1 0x0 3.9594 4.0406 3.96 4.04 0.8040 1.0368 0.0006 0.0004 14.9085 0.0543 -0.040567 -0.647981 12.12 
17.5500 2 1 1 0x0 3.9567 4.0433 3.96 4.04 0.8888 0.8923 0.0003 0.0005 14.9123 0.0542 -0.043272 -0.648498 12.12 
17.5540 2 1 1 0x0 3.9567 4.0433 3.96 4.04 1.0698 0.9912 0.0003 0.0006 14.9160 0.0540 -0.043272 -0.648672 12.12 
17.5580 2 1 1 0x0 3.9594 4.0406 3.96 4.04 0.7833 1.0519 0.0004 0.0003 14.9198 0.0538 -0.040567 -0.648504 12.12 
17.5620 2 1 1 0x0 3.9594 4.0406 3.96 4.04 1.0550 0.8838 0.0004 0.0004 14.9235 0.0537 -0.040567 -0.647881 12.13 
17.5660 2 1 1 0x0 3.9594 4.0406 3.96 4.04 0.8591 1.0013 0.0005 0.0005 14.9271 0.0536 -0.040567 -0.646938 12.12 
17.5700 2 1 1 0x0 3.9621 4.0379 3.96 4.04 1.0365 1.0604 0.0006 0.0002 14.9310 0.0534 -0.037862 -0.645844 12.12 
17.5740 2 1 1 0x0 3.9594 4.0406 3.96 4.04 1.0872 0.9329 0.0002 0.0004 14.9348 0.0532 -0.040567 -0.644619 12.12 
17.5780 2 1 1 0x0 3.9594 4.0406 3.96 4.04 0.9471 1.0082 0.0003 0.0005 14.9385 0.0531 -0.040567 -0.643267 12.12 
17.5820 2 1 1 0x0 3.9621 4.0379 3.96 4.04 0.9935 1.0686 0.0004 0.0002 14.9423 0.0530 -0.037862 -0.641879 12.11 
17.5860 2 1 1 0x0 3.9621 4.0379 3.96 4.04 0.7866 0.9266 0.0004 0.0004 14.9460 0.0528 -0.037862 -0.640568 12.12 
17.5900 2 1 1 0x0 3.9621 4.0379 3.96 4.04 0.9810 1.0156 0.0005 0.0006 14.9496 0.0527 -0.037862 -0.639351 12.12 
17.5940 2 1 1 0x0 3.9648 4.0352 3.96 4.04 0.9164 1.0045 0.0006 0.0003 14.9535 0.0525 -0.035158 -0.638250 12.13 
17.5980 2 1 1 0x0 3.9648 4.0352 3.96 4.04 1.0298 0.9207 0.0007 0.0005 14.9571 0.0524 -0.035158 -0.637361 12.12 
17.6020 2 1 1 0x0 3.9648 4.0352 3.96 4.04 1.0831 0.8110 0.0003 0.0003 14.9612 0.0523 -0.035158 -0.636681 12.12 
17.6060 2 1 1 0x0 3.9648 4.0352 3.96 4.04 0.8933 1.0807 0.0004 0.0005 14.9648 0.0521 -0.035158 -0.636124 12.12 
17.6100 2 1 1 0x0 3.9675 4.0325 3.97 4.03 1.0597 1.0637 0.0005 0.0003 14.9687 0.0520 -0.032453 -0.635665 12.13 
17.6139 2 1 1 0x0 3.9675 4.0325 3.97 4.03 0.8350 0.8094 0.0005 0.0005 14.9723 0.0519 -0.032453 -0.635319 12.12 
17.6179 2 1 1 0x0 3.9703 4.0297 3.97 4.03 1.0483 0.8855 0.0006 0.0002 14.9762 0.0517 -0.029749 -0.635094 12.12 
17.6219 2 1 1 0x0 3.9675 4.0325 3.97 4.03 1.0172 1.0689 0.0002 0.0005 14.9800 0.0516 -0.032453 -0.634932 12.12 
17.6259 2 1 1 0x0 3.9703 4.0297 3.97 4.03 0.8159 1.0529 0.0003 0.0003 14.9839 0.0515 -0.029749 -0.634796 12.11 
17.6299 2 1 1 0x0 3.9703 4.0297 3.97 4.03 1.0014 0.9410 0.0004 0.0005 14.9875 0.0514 -0.029749 -0.634770 12.13 
17.6339 2 1 1 0x0 3.9703 4.0297 3.97 4.03 0.8487 1.0674 0.0005 0.0007 14.9912 0.0513 -0.029749 -0.634840 12.13 
17.6379 2 1 1 0x0 3.9730 4.0270 3.97 4.03 1.0491 1.1332 0.0006 0.0004 14.9950 0.0512 -0.027044 -0.634971 12.12 
17.6419 2 1 1 0x0 3.9730 4.0270 3.97 4.03 1.0243 1.0371 0.0002 0.0003 14.9991 0.0511 -0.027044 -0.635303 12.12 
17.6459 2 1 1 0x0 3.9730 4.0270 3.97 4.03 0.8804 0.8263 0.0003 0.0005 15.0027 0.0510 -0.027044 -0.635718 12.11 
17.6499 2 1 1 0x0 3.9757 4.0243 3.98 4.02 1.0755 0.9066 0.0004 0.0003 15.0066 0.0509 -0.024340 -0.636162 12.11 
17.6539 2 1 1 0x0 3.9757 4.0243 3.98 4.02 0.7821 1.0387 0.0005 0.0005 15.0102 0.0508 -0.024340 -0.636760 12.13 
17.6579 2 1 1 0x0 3.9784 4.0216 3.98 4.02 1.0543 1.0254 0.0006 0.0002 15.0141 0.0507 -0.021635 -0.637480 12.13 
17.6619 2 1 1 0x0 3.9757 4.0243 3.98 4.02 1.0227 0.9045 0.0003 0.0004 15.0179 0.0506 -0.024340 -0.638356 12.12 
17.6659 2 1 1 0x0 3.9757 4.0243 3.98 4.02 0.8634 1.1201 0.0004 0.0006 15.0216 0.0505 -0.024340 -0.639467 12.12 
17.6699 2 1 1 0x0 3.9784 4.0216 3.98 4.02 1.0743 1.1050 0.0005 0.0003 15.0254 0.0504 -0.021635 -0.640774 12.13 
17.6739 2 1 1 0x0 3.9784 4.0216 3.98 4.02 0.8999 0.9014 0.0006 0.0005 15.0291 0.0504 -0.021635 -0.642166 12.12 
17.6779 2 1 1 0x0 3.9811 4.0189 3.98 4.02 0.9795 0.8398 0.0007 0.0003 15.0330 0.0503 -0.018931 -0.643845 12.12 
17.6819 2 1 1 0x0 3.9784 4.0216 3.98 4.02 1.0254 1.0346 0.0003 0.0004 15.0368 0.0502 -0.021635 -0.645409 12.11 
17.6859 2 1 1 0x0 3.9784 4.0216 3.98 4.02 0.8317 0.8951 0.0004 0.0006 15.0405 0.0501 -0.021635 -0.647090 12.13 
17.6899 2 1 1 0x0 3.9811 4.0189 3.98 4.02 1.0043 0.7884 0.0005 0.0003 15.0443 0.0500 -0.018931 -0.648849 12.12 
17.6939 2 1 1 0x0 3.9811 4.0189 3.98 4.02 0.7409 1.0484 0.0005 0.0003 15.0480 0.0500 -0.018931 -0.650723 12.12 
17.6979 2 1 1 0x0 3.9811 4.0189 3.98 4.02 1.0641 0.9418 0.0006 0.0005 15.0516 0.0499 -0.018931 -0.652498 12.13 
17.7019 2 1 1 0x0 3.9784 4.0216 3.98 4.02 1.0329 1.0008 0.0003 0.0006 15.0555 0.0498 -0.021635 -0.654383 12.12 
17.7059 2 1 1 0x0 3.9784 4.0216 3.98 4.02 0.8077 0.7589 0.0004 0.0006 15.0591 0.0497 -0.021635 -0.656487 12.11 
17.7099 2 1 1 0x0 3.9784 4.0216 3.98 4.02 1.0916 0.9700 0.0005 0.0003 15.0628 0.0497 -0.021635 -0.658652 12.12 
17.7139 2 1 1 0x0 3.9784 4.0216 3.98 4.02 0.9433 0.8870 0.0005 0.0003 15.0664 0.0496 -0.021635 -0.660796 12.12 
17.7179 2 1 1 0x0 3.9757 4.0243 3.98 4.02 0.9940 0.8580 0.0007 0.0006 15.0699 0.0495 -0.024340 -0.662983 12.12 
17.7219 2 1 1 0x0 3.9730 4.0270 3.97 4.03 1.0435 0.9746 0.0003 0.0005 15.0737 0.0494 -0.027044 -0.665580 12.13 
17.7259 2 1 1 0x0 3.9730 4.0270 3.97 4.03 0.8685 0.7746 0.0004 0.0004 15.0774 0.0493 -0.027044 -0.667892 12.11 
17.7299 2 1 1 0x0 3.9730 4.0270 3.97 4.03 1.0237 1.0060 0.0005 0.0003 15.0810 0.0492 -0.027044 -0.670380 12.12 
17.7339 2 1 1 0x0 3.9730 4.0270 3.97 4.03 0.8141 0.9142 0.0006 0.0003 15.0847 0.0491 -0.027044 -0.672652 12.12 
17.7379 2 1 1 0x0 3.9730 4.0270 3.97 4.03 1.0792 1.0363 0.0006 0.0003 15.0883 0.0490 -0.027044 -0.675146 12.13 
17.7419 2 1 1 0x0 3.9675 4.0325 3.97 4.03 1.0464 1.0047 0.0003 0.0006 15.0920 0.0489 -0.032453 -0.677228 12.12 
17.7459 2 1 1 0x0 3.9675 4.0325 3.97 4.03 0.7981 0.7557 0.0004 0.0006 15.0956 0.0488 -0.032453 -0.679303 12.11 
17.7499 2 1 1 0x0 3.9675 4.0325 3.97 4.03 1.0320 0.9717 0.0004 0.0005 15.0993 0.0487 -0.032453 -0.681273 12.12 
17.7539 2 1 1 0x0 3.9675 4.0325 3.97 4.03 0.8787 0.8898 0.0005 0.0005 15.1029 0.0485 -0.032453 -0.683251 12.13 
17.7579 2 1 1 0x0 3.9675 4.0325 3.97 4.03 1.0804 1.0666 0.0006 0.0005 15.1066 0.0484 -0.032453 -0.685100 12.12 
17.7619 2 1 1 0x0 3.9648 4.0352 3.96 4.04 1.0534 0.8059 0.0003 0.0006 15.1104 0.0483 -0.035158 -0.687010 12.13 
17.7659 2 1 1 0x0 3.9648 4.0352 3.96 4.04 0.9152 1.0191 0.0004 0.0006 15.1141 0.0482 -0.035158 -0.688850 12.12 
17.7699 2 1 1 0x0 3.9675 4.0325 3.97 4.03 1.0309 1.0084 0.0004 0.0003 15.1179 0.0480 -0.032453 -0.690516 12.12 
17.7739 2 1 1 0x0 3.9675 4.0325 3.97 4.03 0.8046 0.7994 0.0005 0.0004 15.1216 0.0479 -0.032453 -0.692196 12.12 
17.7779 2 1 1 0x0 3.9675 4.0325 3.97 4.03 1.1015 1.0283 0.0005 0.0005 15.1252 0.0478 -0.032453 -0.693882 12.12 
17.7819 2 1 1 0x0 3.9703 4.0297 3.97 4.03 0.8805 1.0862 0.0006 0.0002 15.1291 0.0477 -0.029749 -0.695485 12.11 
17.7859 2 1 1 0x0 3.9703 4.0297 3.97 4.03 1.0064 0.7969 0.0007 0.0003 15.1327 0.0476 -0.029749 -0.697097 12.12 
17.7899 2 1 1 0x0 3.9675 4.0325 3.97 4.03 1.0622 1.0307 0.0002 0.0005 15.1366 0.0474 -0.032453 -0.698551 12.11 
17.7938 2 1 1 0x0 3.9675 4.0325 3.97 4.03 0.9083 0.8995 0.0003 0.0006 15.1402 0.0473 -0.032453 -0.699918 12.12 
17.7978 2 1 1 0x0 3.9703 4.0297 3.97 4.03 1.0396 0.7928 0.0004 0.0003 15.1441 0.0472 -0.029749 -0.701536 12.12 
17.8018 2 1 1 0x0 3.9703 4.0297 3.97 4.03 0.8471 1.0397 0.0005 0.0004 15.1477 0.0471 -0.029749 -0.703251 12.12 
17.8058 2 1 1 0x0 3.9703 4.0297 3.97 4.03 1.0298 0.9502 0.0005 0.0005 15.1514 0.0470 -0.029749 -0.705099 12.12 
17.8098 2 1 1 0x0 3.9703 4.0297 3.97 4.03 0.9312 1.0579 0.0006 0.0006 15.1550 0.0469 -0.029749 -0.706920 12.12 
17.8138 2 1 1 0x0 3.9730 4.0270 3.97 4.03 1.0106 1.0443 0.0007 0.0003 15.1589 0.0468 -0.027044 -0.708648 12.12 
17.8178 2 1 1 0x0 3.9703 4.0297 3.97 4.03 0.9912 0.9486 0.0003 0.0005 15.1627 0.0467 -0.029749 -0.710290 12.12 
17.8218 2 1 1 0x0 3.9730 4.0270 3.97 4.03 0.9060 0.8326 0.0004 0.0003 15.1666 0.0465 -0.027044 -0.711896 12.11 
17.8258 2 1 1 0x0 3.9730 4.0270 3.97 4.03 1.0458 1.0448 0.0004 0.0004 15.1702 0.0464 -0.027044 -0.713510 12.12 
17.8298 2 1 1 0x0 3.9757 4.0243 3.98 4.02 0.7980 1.0273 0.0005 0.0002 15.1741 0.0463 -0.024340 -0.715200 12.12 
17.8338 2 1 1 0x0 3.9757 4.0243 3.98 4.02 1.0336 0.7889 0.0006 0.0004 15.1777 0.0462 -0.024340 -0.716963 12.12 
17.8378 2 1 1 0x0 3.9730 4.0270 3.97 4.03 1.0822 1.0429 0.0002 0.0006 15.1816 0.0462 -0.027044 -0.718678 12.11 
17.8418 2 1 1 0x0 3.9784 4.0216 3.98 4.02 1.0185 1.0306 0.0007 0.0003 15.1852 0.0461 -0.021635 -0.720630 12.12 
17.8458 2 1 1 0x0 3.9757 4.0243 3.98 4.02 1.0049 0.7851 0.0002 0.0003 15.1891 0.0460 -0.024340 -0.723107 12.12 
17.8498 2 1 1 0x0 3.9757 4.0243 3.98 4.02 0.8458 1.0525 0.0003 0.0004 15.1927 0.0459 -0.024340 -0.725510 12.12 
17.8538 2 1 1 0x0 3.9757 4.0243 3.98 4.02 0.9876 0.8845 0.0004 0.0005 15.1964 0.0458 -0.024340 -0.727969 12.11 
17.8578 2 1 1 0x0 3.9757 4.0243 3.98 4.02 0.8357 0.9995 0.0005 0.0007 15.2000 0.0457 -0.024340 -0.730950 12.12 
17.8618 2 1 1 0x0 3.9757 4.0243 3.98 4.02 1.0491 0.7621 0.0005 0.0007 15.2037 0.0456 -0.024340 -0.733152 12.12 
17.8658 2 1 1 0x0 3.9757 4.0243 3.98 4.02 0.9744 1.0240 0.0006 0.0006 15.2073 0.0455 -0.024340 -0.736039 12.11 
17.8698 2 1 1 0x0 3.9784 4.0216 3.98 4.02 1.0346 1.0147 0.0006 0.0002 15.2112 0.0455 -0.021635 -0.738208 12.12 
17.8738 2 1 1 0x0 3.9730 4.0270 3.97 4.03 1.0137 1.0488 0.0003 0.0007 15.2148 0.0454 -0.027044 -0.740406 12.12 
17.8778 2 1 1 0x0 3.9757 4.0243 3.98 4.02 0.8396 0.9729 0.0003 0.0003 15.2187 0.0453 -0.024340 -0.742861 12.12 
17.8818 2 1 1 0x0 3.9757 4.0243 3.98 4.02 0.9925 0.9442 0.0004 0.0002 15.2223 0.0452 -0.024340 -0.744812 12.12 
17.8858 2 1 1 0x0 3.9730 4.0270 3.97 4.03 0.7864 0.8605 0.0005 0.0006 15.2258 0.0451 -0.027044 -0.746921 12.12 
17.8898 2 1 1 0x0 3.9730 4.0270 3.97 4.03 1.0540 0.9736 0.0005 0.0004 15.2294 0.0450 -0.027044 -0.749087 12.12 
17.8938 2 1 1 0x0 3.9675 4.0325 3.97 4.03 1.0252 1.0121 0.0002 0.0007 15.2331 0.0449 -0.032453 -0.750681 12.11 
17.8978 2 1 1 0x0 3.9675 4.0325 3.97 4.03 0.8112 0.7511 0.0003 0.0006 15.2367 0.0448 -0.032453 -0.752442 12.12 
17.9018 2 1 1 0x0 3.9675 4.0325 3.97 4.03 1.0132 0.9816 0.0004 0.0004 15.2404 0.0447 -0.032453 -0.753844 12.13 
17.9058 2 1 1 0x0 3.9675 4.0325 3.97 4.03 0.9451 0.8780 0.0004 0.0002 15.2440 0.0445 -0.032453 -0.755193 12.11 
17.9098 2 1 1 0x0 3.9648 4.0352 3.96 4.04 1.0679 0.8508 0.0005 0.0006 15.2475 0.0444 -0.035158 -0.756539 12.12 
17.9138 2 1 1 0x0 3.9648 4.0352 3.96 4.04 0.7851 0.9841 0.0006 0.0006 15.2511 0.0443 -0.035158 -0.757479 12.11 
17.9178 2 1 1 0x0 3.9621 4.0379 3.96 4.04 0.8649 0.7703 0.0002 0.0005 15.2550 0.0442 -0.037862 -0.758944 12.12 
17.9218 2 1 1 0x0 3.9621 4.0379 3.96 4.04 1.0325 0.9505 0.0003 0.0004 15.2586 0.0440 -0.037862 -0.759974 12.10 
17.9258 2 1 1 0x0 3.9621 4.0379 3.96 4.04 0.8062 0.8534 0.0003 0.0003 15.2623 0.0439 -0.037862 -0.761336 12.12 
17.9298 2 1 1 0x0 3.9621 4.0379 3.96 4.04 1.0224 0.9806 0.0004 0.0002 15.2659 0.0437 -0.037862 -0.762781 12.12 
17.9338 2 1 1 0x0 3.9594 4.0406 3.96 4.04 0.8825 1.0160 0.0005 0.0006 15.2694 0.0436 -0.040567 -0.764311 12.12 
17.9378 2 1 1 0x0 3.9594 4.0406 3.96 4.04 1.0778 0.7905 0.0005 0.0006 15.2730 0.0435 -0.040567 -0.765874 12.12 
17.9418 2 1 1 0x0 3.9594 4.0406 3.96 4.04 0.7783 1.0487 0.0006 0.0005 15.2767 0.0433 -0.040567 -0.767540 12.10 
17.9458 2 1 1 0x0 3.9594 4.0406 3.96 4.04 0.9985 0.8832 0.0006 0.0006 15.2803 0.0432 -0.040567 -0.769483 12.12 
17.9498 2 1 1 0x0 3.9567 4.0433 3.96 4.04 1.0442 1.0056 0.0002 0.0006 15.2842 0.0430 -0.043272 -0.771187 12.12 
17.9538 8 1 1 0x1 3.9567 4.0433 3.96 4.04 0.7985 0.7569 0.0003 0.0005 15.2878 0.0429 -0.043272 -0.772919 12.12 
17.9578 8 1 1 0x0 -0.0433 0.0433 -0.04 0.04 0.9735 0.9133 0.0003 0.0003 15.2915 0.0427 -0.043272 -0.774676 12.12 
17.9618 8 1 1 0x0 -0.0433 0.0433 -0.04 0.04 0.6488 0.6197 0.0008 0.0007 15.2943 0.0426 -0.043272 -0.776336 12.13 
17.9658 8 1 1 0x0 -0.0433 0.0433 -0.04 0.04 0.7794 0.7111 0.0008 0.0005 15.2971 0.0424 -0.043272 -0.777797 12.12 
17.9698 8 1 1 0x0 -0.0460 0.0460 -0.05 0.05 0.6427 0.4749 0.0008 0.0010 15.2994 0.0423 -0.045976 -0.779059 12.13 
17.9738 8 1 1 0x0 -0.0460 0.0460 -0.05 0.05 0.4601 0.5168 0.0010 0.0011 15.3014 0.0423 -0.045976 -0.780606 12.13 
17.9777 8 1 1 0x0 -0.0460 0.0460 -0.05 0.05 0.4425 0.3965 0.0005 0.0006 15.3034 0.0422 -0.045976 -0.780806 12.13 
17.9817 8 1 1 0x0 -0.0460 0.0460 -0.05 0.05 0.3390 0.3966 0.0013 0.0015 15.3046 0.0421 -0.045976 -0.781523 12.13 
17.9857 8 1 1 0x0 -0.0433 0.0433 -0.04 0.04 0.3471 0.2817 0.0017 0.0019 15.3060 0.0420 -0.043272 -0.781643 12.13 
17.9897 8 1 1 0x0 -0.0460 0.0460 -0.05 0.05 0.2394 0.2962 0.0015 0.0018 15.3071 0.0420 -0.045976 -0.781763 12.13 
17.9937 8 1 1 0x0 -0.0460 0.0460 -0.05 0.05 0.2077 0.2447 0.0022 0.0024 15.3079 0.0420 -0.045976 -0.781588 12.14 
17.9977 8 1 1 0x0 -0.0460 0.0460 -0.05 0.05 0.1689 0.2092 0.0022 0.0025 15.3087 0.0419 -0.045976 -0.781128 12.13 
