%% logfile from REGBOT:
%  1    time 3.2719 sec, from Jasmin (81)
%  2  3  4  5   (mission 0), state 9, entered (thread 1, line 1), events 0x0 (bit-flags)
%  6  7 Motor velocity ref left, right: -0.0216 0.0216
%  8  9 Motor voltage [V] left, right: -0.02 0.02
% 10 13 Wheel velocity [m/s] left, right: 0.7006 0.6659 delay 0.0003 0.0004 (sec)
% 14 15 16 17 Pose x,y,h,tilt [m,m,rad,rad]: 2.87776 -0.0540656 -0.0216363 2.97987
% 18    Battery voltage [V]
0.0000 2 1 0 0x0 3.0000 3.0000 3.00 3.00 -0.0000 -0.0000 0.0000 0.0000 0.0000 0.0000 0.000000 2.979465 11.67 
0.0020 2 1 0 0x0 3.0000 3.0000 3.00 3.00 -0.0000 -0.0000 0.0000 0.0000 0.0000 0.0000 0.000000 2.979458 11.66 
0.0040 2 1 0 0x0 3.0027 2.9973 3.00 3.00 -0.0000 0.0000 0.0000 0.0000 0.0002 0.0000 0.002705 2.979469 11.62 
0.0060 2 1 0 0x0 3.0000 3.0000 3.00 3.00 0.0000 0.0000 0.0000 0.0000 0.0004 0.0000 0.000000 2.979470 11.61 
0.0080 2 1 0 0x0 3.0000 3.0000 3.00 3.00 0.0000 0.0000 0.0000 0.0000 0.0008 0.0000 -0.000000 2.979449 11.61 
0.0100 2 1 0 0x0 3.0000 3.0000 3.00 3.00 0.0000 0.0000 0.0000 0.0000 0.0012 0.0000 -0.000000 2.979416 11.61 
0.0120 2 1 0 0x0 3.0000 3.0000 3.00 3.00 0.2657 0.2632 0.0015 0.0018 0.0016 0.0000 0.000000 2.979229 11.61 
0.0140 2 1 0 0x0 3.0000 3.0000 3.00 3.00 0.2372 0.2331 0.0019 0.0022 0.0020 0.0000 -0.000000 2.979397 11.61 
0.0160 2 1 0 0x0 3.0000 3.0000 3.00 3.00 0.2804 0.2544 0.0011 0.0012 0.0028 0.0000 -0.000000 2.979562 11.62 
0.0180 2 1 0 0x0 3.0000 3.0000 3.00 3.00 0.3479 0.3446 0.0007 0.0007 0.0037 0.0000 -0.000000 2.979629 11.63 
0.0200 2 1 0 0x0 3.0000 3.0000 3.00 3.00 0.3554 0.3505 0.0006 0.0006 0.0045 0.0000 -0.000000 2.979555 11.63 
0.0220 2 1 0 0x0 3.0000 3.0000 3.00 3.00 0.4034 0.4145 0.0006 0.0006 0.0053 0.0000 -0.000000 2.979248 11.63 
0.0240 2 1 0 0x0 3.0000 3.0000 3.00 3.00 0.4080 0.3813 0.0008 0.0008 0.0061 0.0000 -0.000000 2.979256 11.63 
0.0260 2 1 0 0x0 3.0000 3.0000 3.00 3.00 0.4497 0.4744 0.0011 0.0011 0.0069 0.0000 -0.000000 2.979465 11.63 
0.0280 2 1 0 0x0 3.0000 3.0000 3.00 3.00 0.5696 0.5199 0.0006 0.0006 0.0081 0.0000 -0.000000 2.979300 11.64 
0.0300 2 1 0 0x0 3.0000 3.0000 3.00 3.00 0.5855 0.5322 0.0011 0.0009 0.0089 0.0000 -0.000000 2.979418 11.64 
0.0320 2 1 0 0x0 3.0000 3.0000 3.00 3.00 0.5286 0.4954 0.0008 0.0005 0.0101 -0.0000 -0.000000 2.979575 11.65 
0.0340 2 1 0 0x0 2.9973 3.0027 3.00 3.00 0.6311 0.4502 0.0006 0.0009 0.0112 -0.0000 -0.002705 2.979569 11.64 
0.0360 2 1 0 0x0 2.9973 3.0027 3.00 3.00 0.4938 0.5857 0.0005 0.0006 0.0124 -0.0000 -0.002705 2.979504 11.64 
0.0380 2 1 0 0x0 2.9946 3.0054 2.99 3.01 0.6673 0.6002 0.0004 0.0010 0.0134 -0.0000 -0.005409 2.979381 11.65 
0.0400 2 1 0 0x0 2.9946 3.0054 2.99 3.01 0.5740 0.4870 0.0004 0.0008 0.0146 -0.0000 -0.005409 2.979427 11.65 
0.0420 2 1 0 0x0 2.9946 3.0054 2.99 3.01 0.6741 0.6207 0.0003 0.0006 0.0158 -0.0000 -0.005409 2.979518 11.65 
0.0440 2 1 0 0x0 2.9946 3.0054 2.99 3.01 0.6545 0.6109 0.0010 0.0010 0.0166 -0.0000 -0.005409 2.979442 11.65 
0.0460 2 1 0 0x0 2.9946 3.0054 2.99 3.01 0.5635 0.4968 0.0009 0.0009 0.0178 -0.0000 -0.005409 2.979443 11.65 
0.0480 2 1 0 0x0 2.9946 3.0054 2.99 3.01 0.6596 0.6302 0.0009 0.0007 0.0191 -0.0000 -0.005409 2.979417 11.65 
0.0500 2 1 0 0x0 2.9946 3.0054 2.99 3.01 0.5330 0.5877 0.0009 0.0006 0.0203 -0.0000 -0.005409 2.979420 11.65 
0.0520 2 1 0 0x0 2.9946 3.0054 2.99 3.01 0.6913 0.6232 0.0009 0.0004 0.0215 -0.0001 -0.005409 2.979443 11.65 
0.0540 2 1 0 0x0 2.9919 3.0081 2.99 3.01 0.5602 0.6662 0.0009 0.0011 0.0225 -0.0001 -0.008114 2.979458 11.65 
0.0560 2 1 0 0x0 2.9919 3.0081 2.99 3.01 0.6930 0.5596 0.0009 0.0009 0.0237 -0.0001 -0.008114 2.979456 11.66 
0.0580 2 1 0 0x0 2.9919 3.0081 2.99 3.01 0.5516 0.6304 0.0009 0.0008 0.0249 -0.0001 -0.008114 2.979468 11.66 
0.0600 2 1 0 0x0 2.9919 3.0081 2.99 3.01 0.6913 0.5016 0.0010 0.0008 0.0262 -0.0001 -0.008114 2.979452 11.65 
0.0620 2 1 0 0x0 2.9892 3.0108 2.99 3.01 0.6791 0.6481 0.0003 0.0007 0.0276 -0.0001 -0.010818 2.979417 11.66 
0.0640 2 1 0 0x0 2.9892 3.0108 2.99 3.01 0.5706 0.5727 0.0004 0.0006 0.0288 -0.0001 -0.010818 2.979402 11.66 
0.0660 2 1 0 0x0 2.9892 3.0108 2.99 3.01 0.6775 0.6408 0.0004 0.0005 0.0300 -0.0001 -0.010818 2.979435 11.66 
0.0680 2 1 0 0x0 2.9892 3.0108 2.99 3.01 0.5069 0.5302 0.0005 0.0005 0.0312 -0.0001 -0.010818 2.979462 11.66 
0.0700 2 1 0 0x0 2.9892 3.0108 2.99 3.01 0.6998 0.6598 0.0006 0.0004 0.0325 -0.0002 -0.010818 2.979411 11.66 
0.0720 2 1 0 0x0 2.9892 3.0108 2.99 3.01 0.6023 0.5644 0.0006 0.0004 0.0337 -0.0002 -0.010818 2.979363 11.65 
0.0740 2 1 0 0x0 2.9865 3.0135 2.99 3.01 0.6963 0.5078 0.0006 0.0010 0.0347 -0.0002 -0.013523 2.979377 11.65 
0.0760 2 1 0 0x0 2.9865 3.0135 2.99 3.01 0.5524 0.6667 0.0007 0.0010 0.0359 -0.0002 -0.013523 2.979389 11.66 
0.0780 2 1 0 0x0 2.9865 3.0135 2.99 3.01 0.6886 0.5598 0.0008 0.0009 0.0371 -0.0002 -0.013523 2.979383 11.66 
0.0800 2 1 0 0x0 2.9865 3.0135 2.99 3.01 0.6104 0.6877 0.0008 0.0009 0.0383 -0.0002 -0.013523 2.979394 11.66 
0.0820 2 1 0 0x0 2.9865 3.0135 2.99 3.01 0.7179 0.5023 0.0009 0.0009 0.0396 -0.0002 -0.013523 2.979416 11.66 
0.0840 2 1 0 0x0 2.9865 3.0135 2.99 3.01 0.5590 0.6761 0.0009 0.0009 0.0408 -0.0003 -0.013523 2.979432 11.66 
0.0860 2 1 0 0x0 2.9838 3.0162 2.98 3.02 0.5697 0.5746 0.0004 0.0009 0.0422 -0.0003 -0.016227 2.979427 11.66 
0.0880 2 1 0 0x0 2.9838 3.0162 2.98 3.02 0.6939 0.6663 0.0004 0.0008 0.0434 -0.0003 -0.016227 2.979446 11.66 
0.0900 2 1 0 0x0 2.9838 3.0162 2.98 3.02 0.5837 0.5330 0.0005 0.0008 0.0446 -0.0003 -0.016227 2.979464 11.66 
0.0920 2 1 0 0x0 2.9838 3.0162 2.98 3.02 0.6870 0.6848 0.0006 0.0008 0.0458 -0.0003 -0.016227 2.979452 11.66 
0.0940 2 1 0 0x0 2.9838 3.0162 2.98 3.02 0.5582 0.5914 0.0007 0.0008 0.0471 -0.0004 -0.016227 2.979413 11.66 
0.0960 2 1 0 0x0 2.9838 3.0162 2.98 3.02 0.7082 0.6442 0.0008 0.0008 0.0483 -0.0004 -0.016227 2.979375 11.66 
0.0980 2 1 0 0x0 2.9838 3.0162 2.98 3.02 0.6218 0.5479 0.0008 0.0008 0.0495 -0.0004 -0.016227 2.979386 11.66 
0.1000 2 1 0 0x0 2.9838 3.0162 2.98 3.02 0.7355 0.6915 0.0009 0.0009 0.0507 -0.0004 -0.016227 2.979397 11.66 
0.1020 2 1 0 0x0 2.9811 3.0189 2.98 3.02 0.7176 0.5861 0.0004 0.0008 0.0521 -0.0004 -0.018932 2.979402 11.66 
0.1040 2 1 0 0x0 2.9811 3.0189 2.98 3.02 0.5614 0.6505 0.0005 0.0008 0.0533 -0.0005 -0.018932 2.979413 11.65 
0.1060 2 1 0 0x0 2.9811 3.0189 2.98 3.02 0.7060 0.5434 0.0006 0.0009 0.0546 -0.0005 -0.018932 2.979452 11.66 
0.1080 2 1 0 0x0 2.9811 3.0189 2.98 3.02 0.5997 0.6990 0.0007 0.0009 0.0558 -0.0005 -0.018932 2.979467 11.66 
0.1100 2 1 0 0x0 2.9838 3.0162 2.98 3.02 0.7319 0.7005 0.0007 0.0003 0.0572 -0.0005 -0.016227 2.979479 11.66 
0.1120 2 1 0 0x0 2.9811 3.0189 2.98 3.02 0.5736 0.6865 0.0008 0.0009 0.0582 -0.0005 -0.018932 2.979515 11.66 
0.1140 2 1 0 0x0 2.9838 3.0162 2.98 3.02 0.7206 0.5401 0.0009 0.0010 0.0596 -0.0006 -0.016227 2.979549 11.66 
0.1160 2 1 0 0x0 2.9784 3.0216 2.98 3.02 0.7016 0.6728 0.0004 0.0010 0.0608 -0.0006 -0.021636 2.979562 11.66 
0.1180 2 1 0 0x0 2.9811 3.0189 2.98 3.02 0.6282 0.7067 0.0005 0.0004 0.0623 -0.0006 -0.018932 2.979566 11.66 
0.1200 2 1 0 0x0 2.9811 3.0189 2.98 3.02 0.6918 0.5992 0.0006 0.0004 0.0635 -0.0006 -0.018932 2.979560 11.66 
0.1220 2 1 0 0x0 2.9811 3.0189 2.98 3.02 0.5353 0.6944 0.0007 0.0004 0.0647 -0.0007 -0.018932 2.979549 11.66 
0.1240 2 1 0 0x0 2.9811 3.0189 2.98 3.02 0.7116 0.5353 0.0008 0.0005 0.0659 -0.0007 -0.018932 2.979549 11.66 
0.1260 2 1 0 0x0 2.9811 3.0189 2.98 3.02 0.6472 0.6812 0.0009 0.0005 0.0671 -0.0007 -0.018932 2.979550 11.66 
0.1280 2 1 0 0x0 2.9784 3.0216 2.98 3.02 0.5852 0.5946 0.0004 0.0005 0.0686 -0.0008 -0.021636 2.979558 11.66 
0.1300 2 1 0 0x0 2.9784 3.0216 2.98 3.02 0.7186 0.6998 0.0004 0.0006 0.0698 -0.0008 -0.021636 2.979552 11.66 
0.1320 2 1 0 0x0 2.9784 3.0216 2.98 3.02 0.5405 0.5315 0.0006 0.0006 0.0710 -0.0008 -0.021636 2.979568 11.66 
0.1340 2 1 0 0x0 2.9784 3.0216 2.98 3.02 0.7062 0.7191 0.0007 0.0007 0.0722 -0.0008 -0.021636 2.979582 11.66 
0.1360 2 1 0 0x0 2.9784 3.0216 2.98 3.02 0.5989 0.5679 0.0007 0.0007 0.0734 -0.0009 -0.021636 2.979598 11.66 
0.1380 2 1 0 0x0 2.9784 3.0216 2.98 3.02 0.7332 0.6742 0.0008 0.0007 0.0746 -0.0009 -0.021636 2.979605 11.66 
0.1400 2 1 0 0x0 2.9784 3.0216 2.98 3.02 0.5728 0.5284 0.0009 0.0008 0.0759 -0.0009 -0.021636 2.979597 11.65 
0.1420 2 1 0 0x0 2.9784 3.0216 2.98 3.02 0.7219 0.6918 0.0010 0.0008 0.0771 -0.0009 -0.021636 2.979610 11.65 
0.1440 2 1 0 0x0 2.9757 3.0243 2.98 3.02 0.7049 0.6106 0.0004 0.0009 0.0785 -0.0010 -0.024341 2.979597 11.66 
0.1460 2 1 0 0x0 2.9757 3.0243 2.98 3.02 0.6258 0.6797 0.0005 0.0009 0.0797 -0.0010 -0.024341 2.979576 11.66 
0.1480 2 1 0 0x0 2.9784 3.0216 2.98 3.02 0.7299 0.7133 0.0006 0.0003 0.0811 -0.0010 -0.021636 2.979546 11.66 
0.1500 2 1 0 0x0 2.9784 3.0216 2.98 3.02 0.5326 0.6972 0.0007 0.0010 0.0823 -0.0011 -0.021636 2.979519 11.66 
0.1520 2 1 0 0x0 2.9784 3.0216 2.98 3.02 0.7167 0.6989 0.0008 0.0004 0.0836 -0.0011 -0.021636 2.979505 11.66 
0.1540 2 1 0 0x0 2.9784 3.0216 2.98 3.02 0.6414 0.5815 0.0009 0.0005 0.0848 -0.0011 -0.021636 2.979481 11.66 
0.1560 2 1 0 0x0 2.9757 3.0243 2.98 3.02 0.6033 0.6857 0.0003 0.0005 0.0862 -0.0011 -0.024341 2.979475 11.65 
0.1580 2 1 0 0x0 2.9757 3.0243 2.98 3.02 0.6933 0.5607 0.0004 0.0006 0.0874 -0.0012 -0.024341 2.979470 11.65 
0.1600 2 1 0 0x0 2.9757 3.0243 2.98 3.02 0.5353 0.7040 0.0005 0.0006 0.0886 -0.0012 -0.024341 2.979469 11.66 
0.1620 2 1 0 0x0 2.9757 3.0243 2.98 3.02 0.6830 0.6015 0.0006 0.0007 0.0898 -0.0012 -0.024341 2.979477 11.66 
0.1640 2 1 0 0x0 2.9757 3.0243 2.98 3.02 0.6163 0.6905 0.0007 0.0007 0.0911 -0.0013 -0.024341 2.979487 11.65 
0.1660 2 1 0 0x0 2.9757 3.0243 2.98 3.02 0.6770 0.5369 0.0007 0.0008 0.0923 -0.0013 -0.024341 2.979496 11.66 
0.1680 2 1 0 0x0 2.9757 3.0243 2.98 3.02 0.5659 0.6770 0.0008 0.0009 0.0935 -0.0013 -0.024341 2.979497 11.66 
0.1700 2 1 0 0x0 2.9757 3.0243 2.98 3.02 0.6993 0.6226 0.0009 0.0009 0.0947 -0.0014 -0.024341 2.979502 11.65 
0.1720 2 1 0 0x0 2.9757 3.0243 2.98 3.02 0.7173 0.6953 0.0003 0.0010 0.0963 -0.0014 -0.024341 2.979497 11.66 
0.1740 2 1 0 0x0 2.9757 3.0243 2.98 3.02 0.5909 0.6976 0.0004 0.0003 0.0976 -0.0014 -0.024341 2.979494 11.66 
0.1760 2 1 0 0x0 2.9757 3.0243 2.98 3.02 0.7088 0.5535 0.0005 0.0005 0.0988 -0.0015 -0.024341 2.979468 11.66 
0.1780 2 1 0 0x0 2.9757 3.0243 2.98 3.02 0.5444 0.6827 0.0006 0.0005 0.1000 -0.0015 -0.024341 2.979447 11.66 
0.1800 2 1 0 0x0 2.9757 3.0243 2.98 3.02 0.6981 0.6180 0.0007 0.0006 0.1012 -0.0015 -0.024341 2.979443 11.66 
0.1820 2 1 0 0x0 2.9757 3.0243 2.98 3.02 0.6297 0.6703 0.0007 0.0006 0.1024 -0.0015 -0.024341 2.979430 11.66 
0.1840 2 1 0 0x0 2.9757 3.0243 2.98 3.02 0.7244 0.5500 0.0008 0.0007 0.1036 -0.0016 -0.024341 2.979439 11.66 
0.1860 2 1 0 0x0 2.9757 3.0243 2.98 3.02 0.5355 0.6878 0.0009 0.0008 0.1049 -0.0016 -0.024341 2.979444 11.66 
0.1880 2 1 0 0x0 2.9730 3.0270 2.97 3.03 0.5668 0.6136 0.0004 0.0009 0.1063 -0.0016 -0.027045 2.979430 11.66 
0.1900 2 1 0 0x0 2.9730 3.0270 2.97 3.03 0.6974 0.6753 0.0004 0.0009 0.1075 -0.0017 -0.027045 2.979440 11.66 
0.1920 2 1 0 0x0 2.9757 3.0243 2.98 3.02 0.6052 0.6771 0.0005 0.0003 0.1089 -0.0017 -0.024341 2.979460 11.66 
0.1940 2 1 0 0x0 2.9757 3.0243 2.98 3.02 0.6909 0.5457 0.0006 0.0004 0.1101 -0.0017 -0.024341 2.979471 11.65 
0.1960 2 1 0 0x0 2.9757 3.0243 2.98 3.02 0.5776 0.6947 0.0007 0.0005 0.1113 -0.0018 -0.024341 2.979469 11.66 
0.1980 2 1 0 0x0 2.9757 3.0243 2.98 3.02 0.7139 0.6337 0.0008 0.0005 0.1126 -0.0018 -0.024341 2.979478 11.65 
0.2000 2 1 0 0x0 2.9757 3.0243 2.98 3.02 0.5934 0.6821 0.0008 0.0006 0.1138 -0.0018 -0.024341 2.979492 11.66 
0.2020 2 1 0 0x0 2.9757 3.0243 2.98 3.02 0.7070 0.5233 0.0009 0.0006 0.1150 -0.0019 -0.024341 2.979475 11.66 
0.2040 2 1 0 0x0 2.9730 3.0270 2.97 3.03 0.6888 0.7348 0.0003 0.0007 0.1164 -0.0019 -0.027045 2.979458 11.66 
0.2060 2 1 0 0x0 2.9730 3.0270 2.97 3.03 0.5362 0.5805 0.0004 0.0008 0.1176 -0.0019 -0.027045 2.979445 11.66 
0.2080 2 1 0 0x0 2.9730 3.0270 2.97 3.03 0.7104 0.7204 0.0006 0.0008 0.1188 -0.0020 -0.027045 2.979439 11.66 
0.2100 2 1 0 0x0 2.9730 3.0270 2.97 3.03 0.6199 0.5393 0.0006 0.0009 0.1201 -0.0020 -0.027045 2.979427 11.66 
0.2120 2 1 0 0x0 2.9730 3.0270 2.97 3.03 0.7381 0.7062 0.0007 0.0009 0.1213 -0.0020 -0.027045 2.979422 11.66 
0.2140 2 1 0 0x0 2.9757 3.0243 2.98 3.02 0.5484 0.7087 0.0008 0.0003 0.1227 -0.0021 -0.024341 2.979432 11.66 
0.2160 2 1 0 0x0 2.9757 3.0243 2.98 3.02 0.6915 0.5987 0.0009 0.0004 0.1239 -0.0021 -0.024341 2.979425 11.66 
0.2180 2 1 0 0x0 2.9730 3.0270 2.97 3.03 0.7091 0.6945 0.0003 0.0004 0.1253 -0.0021 -0.027045 2.979433 11.66 
0.2200 2 1 0 0x0 2.9730 3.0270 2.97 3.03 0.5965 0.5347 0.0004 0.0005 0.1265 -0.0022 -0.027045 2.979439 11.65 
0.2220 2 1 0 0x0 2.9730 3.0270 2.97 3.03 0.7008 0.7138 0.0005 0.0006 0.1278 -0.0022 -0.027045 2.979450 11.65 
0.2240 2 1 0 0x0 2.9730 3.0270 2.97 3.03 0.5711 0.6459 0.0006 0.0007 0.1290 -0.0022 -0.027045 2.979453 11.66 
0.2260 2 1 0 0x0 2.9730 3.0270 2.97 3.03 0.7242 0.7002 0.0007 0.0007 0.1302 -0.0023 -0.027045 2.979439 11.66 
0.2280 2 1 0 0x0 2.9730 3.0270 2.97 3.03 0.5860 0.5513 0.0007 0.0008 0.1314 -0.0023 -0.027045 2.979445 11.65 
0.2300 2 1 0 0x0 2.9730 3.0270 2.97 3.03 0.7162 0.7191 0.0008 0.0009 0.1326 -0.0023 -0.027045 2.979439 11.66 
0.2320 2 1 0 0x0 2.9730 3.0270 2.97 3.03 0.6974 0.7203 0.0003 0.0003 0.1343 -0.0024 -0.027045 2.979423 11.66 
0.2340 2 1 0 0x0 2.9730 3.0270 2.97 3.03 0.5513 0.5898 0.0004 0.0003 0.1355 -0.0024 -0.027045 2.979397 11.66 
0.2360 2 1 0 0x0 2.9730 3.0270 2.97 3.03 0.7191 0.6740 0.0005 0.0004 0.1367 -0.0024 -0.027045 2.979388 11.65 
0.2380 2 1 0 0x0 2.9730 3.0270 2.97 3.03 0.6136 0.5478 0.0006 0.0005 0.1379 -0.0025 -0.027045 2.979383 11.67 
0.2400 2 1 0 0x0 2.9730 3.0270 2.97 3.03 0.6786 0.6925 0.0007 0.0006 0.1391 -0.0025 -0.027045 2.979378 11.65 
0.2420 2 1 0 0x0 2.9730 3.0270 2.97 3.03 0.5433 0.6101 0.0007 0.0006 0.1403 -0.0025 -0.027045 2.979385 11.66 
0.2440 2 1 0 0x0 2.9730 3.0270 2.97 3.03 0.7000 0.6792 0.0009 0.0007 0.1416 -0.0026 -0.027045 2.979375 11.66 
0.2460 2 1 0 0x0 2.9703 3.0297 2.97 3.03 0.7179 0.5443 0.0003 0.0008 0.1430 -0.0026 -0.029750 2.979382 11.66 
0.2480 2 1 0 0x0 2.9703 3.0297 2.97 3.03 0.5908 0.6975 0.0004 0.0008 0.1442 -0.0026 -0.029750 2.979394 11.66 
0.2500 2 1 0 0x0 2.9703 3.0297 2.97 3.03 0.7106 0.5826 0.0004 0.0009 0.1454 -0.0027 -0.029750 2.979394 11.66 
0.2520 2 1 0 0x0 2.9730 3.0270 2.97 3.03 0.5657 0.6586 0.0005 0.0003 0.1468 -0.0027 -0.027045 2.979390 11.66 
0.2540 2 1 0 0x0 2.9730 3.0270 2.97 3.03 0.6997 0.6856 0.0006 0.0004 0.1480 -0.0027 -0.027045 2.979382 11.67 
0.2560 2 1 0 0x0 2.9730 3.0270 2.97 3.03 0.6048 0.5608 0.0007 0.0005 0.1493 -0.0028 -0.027045 2.979392 11.66 
0.2580 2 1 0 0x0 2.9730 3.0270 2.97 3.03 0.7243 0.7031 0.0008 0.0006 0.1505 -0.0028 -0.027045 2.979396 11.66 
0.2600 2 1 0 0x0 2.9730 3.0270 2.97 3.03 0.5574 0.6271 0.0009 0.0006 0.1517 -0.0028 -0.027045 2.979407 11.66 
0.2620 2 1 0 0x0 2.9730 3.0270 2.97 3.03 0.7128 0.6902 0.0010 0.0007 0.1529 -0.0029 -0.027045 2.979402 11.66 
0.2640 2 1 0 0x0 2.9703 3.0297 2.97 3.03 0.6923 0.5577 0.0005 0.0008 0.1543 -0.0029 -0.029750 2.979402 11.66 
0.2660 2 1 0 0x0 2.9703 3.0297 2.97 3.03 0.6350 0.6761 0.0005 0.0009 0.1555 -0.0030 -0.029750 2.979414 11.66 
0.2680 2 1 0 0x0 2.9730 3.0270 2.97 3.03 0.7178 0.7099 0.0006 0.0003 0.1570 -0.0030 -0.027045 2.979413 11.66 
0.2700 2 1 0 0x0 2.9730 3.0270 2.97 3.03 0.5403 0.5973 0.0007 0.0004 0.1582 -0.0030 -0.027045 2.979416 11.66 
0.2720 2 1 0 0x0 2.9730 3.0270 2.97 3.03 0.7051 0.6955 0.0008 0.0004 0.1594 -0.0031 -0.027045 2.979413 11.66 
0.2740 2 1 0 0x0 2.9730 3.0270 2.97 3.03 0.5988 0.5342 0.0009 0.0005 0.1606 -0.0031 -0.027045 2.979431 11.66 
0.2760 2 1 0 0x0 2.9730 3.0270 2.97 3.03 0.7331 0.7141 0.0010 0.0006 0.1618 -0.0031 -0.027045 2.979457 11.66 
0.2780 2 1 0 0x0 2.9703 3.0297 2.97 3.03 0.7130 0.5944 0.0004 0.0007 0.1632 -0.0032 -0.029750 2.979467 11.66 
0.2800 2 1 0 0x0 2.9703 3.0297 2.97 3.03 0.5628 0.6999 0.0005 0.0007 0.1645 -0.0032 -0.029750 2.979474 11.67 
0.2820 2 1 0 0x0 2.9703 3.0297 2.97 3.03 0.7025 0.5322 0.0006 0.0009 0.1657 -0.0032 -0.029750 2.979470 11.66 
0.2840 2 1 0 0x0 2.9703 3.0297 2.97 3.03 0.6015 0.7175 0.0007 0.0010 0.1669 -0.0033 -0.029750 2.979492 11.66 
0.2860 2 1 0 0x0 2.9730 3.0270 2.97 3.03 0.6939 0.7190 0.0008 0.0004 0.1683 -0.0033 -0.027045 2.979502 11.67 
0.2880 2 1 0 0x0 2.9730 3.0270 2.97 3.03 0.5547 0.6419 0.0009 0.0005 0.1695 -0.0034 -0.027045 2.979514 11.65 
0.2900 2 1 0 0x0 2.9730 3.0270 2.97 3.03 0.6830 0.7044 0.0010 0.0005 0.1708 -0.0034 -0.027045 2.979520 11.66 
0.2920 2 1 0 0x0 2.9703 3.0297 2.97 3.03 0.7299 0.5489 0.0005 0.0006 0.1722 -0.0034 -0.029750 2.979534 11.66 
0.2940 2 1 0 0x0 2.9703 3.0297 2.97 3.03 0.6055 0.7218 0.0005 0.0007 0.1734 -0.0035 -0.029750 2.979550 11.66 
0.2960 2 1 0 0x0 2.9703 3.0297 2.97 3.03 0.7211 0.6128 0.0006 0.0008 0.1746 -0.0035 -0.029750 2.979556 11.66 
0.2980 2 1 0 0x0 2.9703 3.0297 2.97 3.03 0.5583 0.6757 0.0007 0.0008 0.1758 -0.0035 -0.029750 2.979568 11.66 
0.3000 2 1 0 0x0 2.9730 3.0270 2.97 3.03 0.7097 0.7082 0.0008 0.0003 0.1772 -0.0036 -0.027045 2.979571 11.65 
0.3020 2 1 0 0x0 2.9730 3.0270 2.97 3.03 0.5969 0.5463 0.0009 0.0004 0.1785 -0.0036 -0.027045 2.979581 11.65 
0.3040 2 1 0 0x0 2.9703 3.0297 2.97 3.03 0.7020 0.6932 0.0010 0.0005 0.1799 -0.0037 -0.029750 2.979597 11.66 
0.3060 2 1 0 0x0 2.9703 3.0297 2.97 3.03 0.6840 0.6097 0.0004 0.0006 0.1811 -0.0037 -0.029750 2.979609 11.66 
0.3080 2 1 0 0x0 2.9703 3.0297 2.97 3.03 0.5609 0.7119 0.0005 0.0006 0.1823 -0.0037 -0.029750 2.979623 11.66 
0.3100 2 1 0 0x0 2.9703 3.0297 2.97 3.03 0.7050 0.5448 0.0006 0.0008 0.1835 -0.0038 -0.029750 2.979634 11.66 
0.3120 2 1 0 0x0 2.9703 3.0297 2.97 3.03 0.5998 0.7298 0.0007 0.0009 0.1847 -0.0038 -0.029750 2.979650 11.66 
0.3140 2 1 0 0x0 2.9730 3.0270 2.97 3.03 0.7315 0.7310 0.0008 0.0004 0.1862 -0.0038 -0.027045 2.979654 11.67 
0.3160 2 1 0 0x0 2.9730 3.0270 2.97 3.03 0.5531 0.6328 0.0009 0.0004 0.1874 -0.0039 -0.027045 2.979650 11.66 
0.3180 2 1 0 0x0 2.9730 3.0270 2.97 3.03 0.7198 0.6828 0.0010 0.0005 0.1886 -0.0039 -0.027045 2.979646 11.66 
0.3200 2 1 0 0x0 2.9703 3.0297 2.97 3.03 0.6993 0.5630 0.0005 0.0006 0.1900 -0.0039 -0.029750 2.979646 11.67 
0.3220 2 1 0 0x0 2.9703 3.0297 2.97 3.03 0.6290 0.6995 0.0005 0.0007 0.1912 -0.0040 -0.029750 2.979645 11.66 
0.3240 2 1 0 0x0 2.9703 3.0297 2.97 3.03 0.6909 0.6048 0.0006 0.0008 0.1924 -0.0040 -0.029750 2.979626 11.66 
0.3260 2 1 0 0x0 2.9703 3.0297 2.97 3.03 0.5361 0.7188 0.0007 0.0009 0.1937 -0.0041 -0.029750 2.979626 11.66 
0.3280 2 1 0 0x0 2.9730 3.0270 2.97 3.03 0.7121 0.6868 0.0008 0.0003 0.1951 -0.0041 -0.027045 2.979621 11.66 
0.3300 2 1 0 0x0 2.9730 3.0270 2.97 3.03 0.5711 0.5394 0.0009 0.0005 0.1963 -0.0041 -0.027045 2.979620 11.66 
0.3320 2 1 0 0x0 2.9703 3.0297 2.97 3.03 0.6072 0.7046 0.0003 0.0006 0.1977 -0.0042 -0.029750 2.979627 11.66 
0.3340 2 1 0 0x0 2.9703 3.0297 2.97 3.03 0.7208 0.6010 0.0004 0.0006 0.1989 -0.0042 -0.029750 2.979630 11.66 
0.3360 2 1 0 0x0 2.9703 3.0297 2.97 3.03 0.5810 0.7247 0.0005 0.0007 0.2002 -0.0042 -0.029750 2.979629 11.65 
0.3380 2 1 0 0x0 2.9703 3.0297 2.97 3.03 0.7088 0.5370 0.0006 0.0008 0.2014 -0.0043 -0.029750 2.979620 11.66 
0.3400 2 1 0 0x0 2.9703 3.0297 2.97 3.03 0.5983 0.7442 0.0007 0.0010 0.2026 -0.0043 -0.029750 2.979630 11.66 
0.3420 2 1 0 0x0 2.9730 3.0270 2.97 3.03 0.6999 0.7457 0.0008 0.0004 0.2040 -0.0044 -0.027045 2.979631 11.66 
0.3440 2 1 0 0x0 2.9730 3.0270 2.97 3.03 0.5725 0.6490 0.0009 0.0005 0.2052 -0.0044 -0.027045 2.979624 11.66 
0.3460 2 1 0 0x0 2.9730 3.0270 2.97 3.03 0.7217 0.7298 0.0010 0.0006 0.2064 -0.0044 -0.027045 2.979618 11.66 
0.3480 2 1 0 0x0 2.9703 3.0297 2.97 3.03 0.7010 0.5541 0.0005 0.0007 0.2079 -0.0045 -0.029750 2.979605 11.66 
0.3500 2 1 0 0x0 2.9703 3.0297 2.97 3.03 0.6277 0.7138 0.0005 0.0008 0.2091 -0.0045 -0.029750 2.979593 11.66 
0.3520 2 1 0 0x0 2.9703 3.0297 2.97 3.03 0.6924 0.6191 0.0006 0.0009 0.2103 -0.0045 -0.029750 2.979580 11.66 
0.3540 2 1 0 0x0 2.9730 3.0270 2.97 3.03 0.5350 0.6184 0.0007 0.0003 0.2117 -0.0046 -0.027045 2.979576 11.65 
0.3560 2 1 0 0x0 2.9730 3.0270 2.97 3.03 0.7140 0.7007 0.0008 0.0004 0.2129 -0.0046 -0.027045 2.979567 11.66 
0.3580 2 1 0 0x0 2.9730 3.0270 2.97 3.03 0.5931 0.5319 0.0009 0.0005 0.2141 -0.0046 -0.027045 2.979566 11.66 
0.3600 2 1 0 0x0 2.9703 3.0297 2.97 3.03 0.6055 0.7180 0.0003 0.0006 0.2156 -0.0047 -0.029750 2.979577 11.66 
0.3620 2 1 0 0x0 2.9703 3.0297 2.97 3.03 0.7232 0.6169 0.0004 0.0007 0.2168 -0.0047 -0.029750 2.979583 11.65 
0.3640 2 1 0 0x0 2.9703 3.0297 2.97 3.03 0.5579 0.7034 0.0005 0.0007 0.2180 -0.0048 -0.029750 2.979582 11.66 
0.3660 2 1 0 0x0 2.9703 3.0297 2.97 3.03 0.7117 0.5303 0.0006 0.0009 0.2192 -0.0048 -0.029750 2.979574 11.66 
0.3680 2 1 0 0x0 2.9703 3.0297 2.97 3.03 0.5961 0.7205 0.0007 0.0010 0.2204 -0.0048 -0.029750 2.979573 11.66 
0.3700 2 1 0 0x0 2.9730 3.0270 2.97 3.03 0.7373 0.6889 0.0008 0.0005 0.2218 -0.0049 -0.027045 2.979583 11.66 
0.3720 2 1 0 0x0 2.9730 3.0270 2.97 3.03 0.5499 0.6398 0.0009 0.0005 0.2231 -0.0049 -0.027045 2.979568 11.66 
0.3740 2 1 0 0x0 2.9730 3.0270 2.97 3.03 0.6909 0.7067 0.0010 0.0006 0.2243 -0.0049 -0.027045 2.979548 11.65 
0.3760 2 1 0 0x0 2.9703 3.0297 2.97 3.03 0.7389 0.5681 0.0005 0.0007 0.2257 -0.0050 -0.029750 2.979542 11.65 
0.3780 2 1 0 0x0 2.9703 3.0297 2.97 3.03 0.6242 0.6917 0.0005 0.0008 0.2269 -0.0050 -0.029750 2.979543 11.66 
0.3800 2 1 0 0x0 2.9703 3.0297 2.97 3.03 0.7297 0.6108 0.0007 0.0009 0.2281 -0.0050 -0.029750 2.979523 11.66 
0.3820 2 1 0 0x0 2.9730 3.0270 2.97 3.03 0.5532 0.6098 0.0007 0.0003 0.2296 -0.0051 -0.027045 2.979503 11.66 
0.3840 2 1 0 0x0 2.9730 3.0270 2.97 3.03 0.6838 0.6794 0.0009 0.0004 0.2308 -0.0051 -0.027045 2.979477 11.66 
0.3860 2 1 0 0x0 2.9703 3.0297 2.97 3.03 0.7342 0.5441 0.0003 0.0005 0.2322 -0.0052 -0.029750 2.979476 11.66 
0.3880 2 1 0 0x0 2.9703 3.0297 2.97 3.03 0.6038 0.6970 0.0004 0.0006 0.2334 -0.0052 -0.029750 2.979493 11.67 
0.3900 2 1 0 0x0 2.9703 3.0297 2.97 3.03 0.7259 0.6071 0.0005 0.0007 0.2346 -0.0052 -0.029750 2.979500 11.66 
0.3920 2 1 0 0x0 2.9703 3.0297 2.97 3.03 0.5564 0.7157 0.0006 0.0008 0.2358 -0.0053 -0.029750 2.979504 11.66 
0.3940 2 1 0 0x0 2.9703 3.0297 2.97 3.03 0.7127 0.5424 0.0007 0.0009 0.2371 -0.0053 -0.029750 2.979498 11.66 
0.3960 2 1 0 0x0 2.9730 3.0270 2.97 3.03 0.5941 0.5421 0.0008 0.0004 0.2385 -0.0053 -0.027045 2.979505 11.66 
0.3980 2 1 0 0x0 2.9730 3.0270 2.97 3.03 0.7042 0.7008 0.0008 0.0005 0.2397 -0.0054 -0.027045 2.979511 11.67 
0.4000 2 1 0 0x0 2.9703 3.0297 2.97 3.03 0.6864 0.6298 0.0003 0.0006 0.2411 -0.0054 -0.029750 2.979504 11.66 
0.4020 2 1 0 0x0 2.9703 3.0297 2.97 3.03 0.5587 0.6864 0.0004 0.0006 0.2423 -0.0055 -0.029750 2.979489 11.66 
0.4040 2 1 0 0x0 2.9703 3.0297 2.97 3.03 0.7068 0.5604 0.0005 0.0008 0.2435 -0.0055 -0.029750 2.979471 11.66 
0.4060 2 1 0 0x0 2.9703 3.0297 2.97 3.03 0.6494 0.7036 0.0006 0.0009 0.2448 -0.0055 -0.029750 2.979450 11.66 
0.4080 2 1 0 0x0 2.9730 3.0270 2.97 3.03 0.7343 0.7390 0.0007 0.0003 0.2462 -0.0056 -0.027045 2.979440 11.66 
0.4100 2 1 0 0x0 2.9730 3.0270 2.97 3.03 0.5311 0.6271 0.0008 0.0004 0.2474 -0.0056 -0.027045 2.979434 11.66 
0.4120 2 1 0 0x0 2.9730 3.0270 2.97 3.03 0.7211 0.7223 0.0009 0.0005 0.2486 -0.0056 -0.027045 2.979427 11.66 
0.4140 2 1 0 0x0 2.9703 3.0297 2.97 3.03 0.7040 0.5587 0.0003 0.0006 0.2500 -0.0057 -0.029750 2.979428 11.66 
0.4160 2 1 0 0x0 2.9703 3.0297 2.97 3.03 0.6003 0.7060 0.0004 0.0007 0.2512 -0.0057 -0.029750 2.979440 11.66 
0.4180 2 1 0 0x0 2.9703 3.0297 2.97 3.03 0.7310 0.6000 0.0005 0.0008 0.2525 -0.0057 -0.029750 2.979443 11.66 
0.4200 2 1 0 0x0 2.9703 3.0297 2.97 3.03 0.5743 0.6922 0.0006 0.0009 0.2537 -0.0058 -0.029750 2.979445 11.66 
0.4220 2 1 0 0x0 2.9730 3.0270 2.97 3.03 0.7194 0.6932 0.0007 0.0003 0.2551 -0.0058 -0.027045 2.979457 11.66 
0.4240 2 1 0 0x0 2.9730 3.0270 2.97 3.03 0.5906 0.5561 0.0008 0.0004 0.2563 -0.0059 -0.027045 2.979478 11.66 
0.4260 2 1 0 0x0 2.9730 3.0270 2.97 3.03 0.7458 0.7104 0.0009 0.0006 0.2575 -0.0059 -0.027045 2.979487 11.65 
0.4280 2 1 0 0x0 2.9703 3.0297 2.97 3.03 0.6905 0.6488 0.0003 0.0006 0.2590 -0.0059 -0.029750 2.979494 11.66 
0.4300 2 1 0 0x0 2.9703 3.0297 2.97 3.03 0.5560 0.6961 0.0004 0.0007 0.2602 -0.0060 -0.029750 2.979488 11.66 
0.4320 2 1 0 0x0 2.9703 3.0297 2.97 3.03 0.7120 0.5539 0.0005 0.0008 0.2614 -0.0060 -0.029750 2.979473 11.66 
0.4340 2 1 0 0x0 2.9703 3.0297 2.97 3.03 0.6193 0.6815 0.0006 0.0009 0.2626 -0.0060 -0.029750 2.979477 11.66 
0.4360 2 1 0 0x0 2.9730 3.0270 2.97 3.03 0.7028 0.7155 0.0007 0.0004 0.2640 -0.0061 -0.027045 2.979473 11.66 
0.4380 2 1 0 0x0 2.9730 3.0270 2.97 3.03 0.5492 0.6180 0.0008 0.0004 0.2652 -0.0061 -0.027045 2.979484 11.66 
0.4400 2 1 0 0x0 2.9730 3.0270 2.97 3.03 0.7250 0.6692 0.0009 0.0005 0.2665 -0.0061 -0.027045 2.979494 11.67 
0.4420 2 1 0 0x0 2.9703 3.0297 2.97 3.03 0.7073 0.5511 0.0004 0.0006 0.2679 -0.0062 -0.029750 2.979512 11.66 
0.4440 2 1 0 0x0 2.9703 3.0297 2.97 3.03 0.6237 0.7184 0.0004 0.0007 0.2691 -0.0062 -0.029750 2.979524 11.66 
0.4460 2 1 0 0x0 2.9703 3.0297 2.97 3.03 0.6994 0.5913 0.0005 0.0008 0.2703 -0.0062 -0.029750 2.979537 11.66 
0.4480 2 1 0 0x0 2.9703 3.0297 2.97 3.03 0.5734 0.7042 0.0006 0.0009 0.2715 -0.0063 -0.029750 2.979554 11.66 
0.4500 2 1 0 0x0 2.9730 3.0270 2.97 3.03 0.7207 0.7058 0.0007 0.0003 0.2729 -0.0063 -0.027045 2.979576 11.66 
0.4520 2 1 0 0x0 2.9730 3.0270 2.97 3.03 0.6136 0.5689 0.0008 0.0005 0.2742 -0.0064 -0.027045 2.979601 11.65 
0.4540 2 1 0 0x0 2.9730 3.0270 2.97 3.03 0.7120 0.6906 0.0009 0.0006 0.2754 -0.0064 -0.027045 2.979603 11.66 
0.4560 2 1 0 0x0 2.9703 3.0297 2.97 3.03 0.7270 0.6380 0.0004 0.0007 0.2768 -0.0064 -0.029750 2.979609 11.66 
0.4580 2 1 0 0x0 2.9703 3.0297 2.97 3.03 0.5545 0.6769 0.0004 0.0007 0.2780 -0.0065 -0.029750 2.979610 11.66 
0.4600 2 1 0 0x0 2.9703 3.0297 2.97 3.03 0.7142 0.5667 0.0006 0.0008 0.2792 -0.0065 -0.029750 2.979597 11.66 
0.4620 2 1 0 0x0 2.9703 3.0297 2.97 3.03 0.6450 0.6939 0.0007 0.0010 0.2804 -0.0065 -0.029750 2.979582 11.66 
0.4640 2 1 0 0x0 2.9730 3.0270 2.97 3.03 0.7053 0.6951 0.0007 0.0004 0.2819 -0.0066 -0.027045 2.979565 11.66 
0.4660 2 1 0 0x0 2.9730 3.0270 2.97 3.03 0.5475 0.6088 0.0008 0.0005 0.2831 -0.0066 -0.027045 2.979571 11.66 
0.4680 2 1 0 0x0 2.9730 3.0270 2.97 3.03 0.6922 0.7127 0.0010 0.0006 0.2843 -0.0066 -0.027045 2.979563 11.66 
0.4700 2 1 0 0x0 2.9703 3.0297 2.97 3.03 0.7078 0.5436 0.0004 0.0007 0.2857 -0.0067 -0.029750 2.979564 11.66 
0.4720 2 1 0 0x0 2.9703 3.0297 2.97 3.03 0.5977 0.6974 0.0005 0.0008 0.2869 -0.0067 -0.029750 2.979585 11.65 
0.4740 2 1 0 0x0 2.9730 3.0270 2.97 3.03 0.6991 0.6067 0.0006 0.0009 0.2884 -0.0068 -0.027045 2.979602 11.65 
0.4760 2 1 0 0x0 2.9730 3.0270 2.97 3.03 0.5722 0.6593 0.0007 0.0004 0.2896 -0.0068 -0.027045 2.979593 11.66 
0.4780 2 1 0 0x0 2.9730 3.0270 2.97 3.03 0.6879 0.7175 0.0008 0.0004 0.2908 -0.0068 -0.027045 2.979589 11.66 
0.4800 2 1 0 0x0 2.9730 3.0270 2.97 3.03 0.5892 0.5613 0.0009 0.0006 0.2920 -0.0069 -0.027045 2.979606 11.66 
0.4820 2 1 0 0x0 2.9730 3.0270 2.97 3.03 0.7114 0.7020 0.0009 0.0007 0.2932 -0.0069 -0.027045 2.979612 11.66 
0.4840 2 1 0 0x0 2.9703 3.0297 2.97 3.03 0.7254 0.6558 0.0004 0.0007 0.2946 -0.0069 -0.029750 2.979597 11.66 
0.4860 2 1 0 0x0 2.9703 3.0297 2.97 3.03 0.5555 0.7213 0.0005 0.0008 0.2959 -0.0070 -0.029750 2.979582 11.66 
0.4880 2 1 0 0x0 2.9703 3.0297 2.97 3.03 0.7122 0.5590 0.0006 0.0009 0.2971 -0.0070 -0.029750 2.979563 11.66 
0.4900 2 1 0 0x0 2.9730 3.0270 2.97 3.03 0.6468 0.5587 0.0007 0.0004 0.2985 -0.0071 -0.027045 2.979550 11.66 
0.4920 2 1 0 0x0 2.9730 3.0270 2.97 3.03 0.7367 0.7412 0.0008 0.0005 0.2997 -0.0071 -0.027045 2.979538 11.66 
0.4940 2 1 0 0x0 2.9730 3.0270 2.97 3.03 0.5299 0.6254 0.0009 0.0006 0.3009 -0.0071 -0.027045 2.979542 11.66 
0.4960 2 1 0 0x0 2.9703 3.0297 2.97 3.03 0.5408 0.6909 0.0004 0.0007 0.3023 -0.0072 -0.029750 2.979538 11.67 
0.4980 2 1 0 0x0 2.9703 3.0297 2.97 3.03 0.7053 0.5375 0.0005 0.0008 0.3036 -0.0072 -0.029750 2.979527 11.66 
0.5000 2 1 0 0x0 2.9703 3.0297 2.97 3.03 0.5994 0.7437 0.0006 0.0009 0.3048 -0.0072 -0.029750 2.979533 11.66 
0.5020 2 1 1 0x0 3.9730 4.0270 3.97 4.03 0.6963 0.7092 0.0006 0.0004 0.3062 -0.0073 -0.027045 2.979547 11.66 
0.5040 2 1 1 0x0 3.9730 4.0270 3.97 4.03 0.5988 0.6803 0.0008 0.0005 0.3074 -0.0073 -0.027045 2.979552 11.64 
0.5060 2 1 1 0x0 3.9703 4.0297 3.97 4.03 0.6189 0.7633 0.0004 0.0006 0.3088 -0.0073 -0.029750 2.979555 11.62 
0.5080 2 1 1 0x0 3.9730 4.0270 3.97 4.03 0.7904 0.8009 0.0006 0.0004 0.3102 -0.0074 -0.027045 2.979559 11.63 
0.5100 2 1 1 0x0 3.9703 4.0297 3.97 4.03 0.8288 0.6305 0.0004 0.0007 0.3117 -0.0074 -0.029750 2.979539 11.62 
0.5120 2 1 1 0x0 3.9703 4.0297 3.97 4.03 0.8192 0.6344 0.0003 0.0006 0.3133 -0.0075 -0.029750 2.979493 11.62 
0.5140 2 1 1 0x0 3.9730 4.0270 3.97 4.03 0.7806 0.6980 0.0007 0.0005 0.3147 -0.0075 -0.027045 2.979495 11.63 
0.5160 2 1 1 0x0 3.9730 4.0270 3.97 4.03 0.8001 0.7040 0.0007 0.0004 0.3163 -0.0076 -0.027045 2.979651 11.63 
0.5180 2 1 1 0x0 3.9730 4.0270 3.97 4.03 0.7794 0.7104 0.0007 0.0005 0.3180 -0.0076 -0.027045 2.979617 11.63 
0.5200 2 1 1 0x0 3.9703 4.0297 3.97 4.03 0.9191 0.7177 0.0003 0.0005 0.3198 -0.0076 -0.029750 2.979478 11.62 
0.5220 2 1 1 0x0 3.9703 4.0297 3.97 4.03 0.9384 0.7254 0.0004 0.0006 0.3214 -0.0077 -0.029750 2.979444 11.64 
0.5240 2 1 1 0x0 3.9730 4.0270 3.97 4.03 0.9529 0.9887 0.0005 0.0002 0.3232 -0.0078 -0.027045 2.979535 11.65 
0.5260 2 1 1 0x0 3.9730 4.0270 3.97 4.03 1.0373 0.9744 0.0007 0.0003 0.3248 -0.0078 -0.027045 2.979512 11.65 
0.5280 2 1 1 0x0 3.9703 4.0297 3.97 4.03 0.7601 0.9596 0.0004 0.0004 0.3267 -0.0078 -0.029750 2.979432 11.65 
0.5300 2 1 1 0x0 3.9703 4.0297 3.97 4.03 0.7513 1.0093 0.0005 0.0006 0.3283 -0.0079 -0.029750 2.979564 11.66 
0.5320 2 1 1 0x0 3.9703 4.0297 3.97 4.03 0.9863 0.9114 0.0002 0.0002 0.3303 -0.0080 -0.029750 2.979621 11.65 
0.5340 2 1 1 0x0 3.9703 4.0297 3.97 4.03 1.0022 0.8714 0.0004 0.0004 0.3319 -0.0080 -0.029750 2.979555 11.65 
0.5360 2 1 1 0x0 3.9703 4.0297 3.97 4.03 1.0154 0.8840 0.0006 0.0006 0.3336 -0.0081 -0.029750 2.979543 11.65 
0.5380 2 1 1 0x0 3.9703 4.0297 3.97 4.03 0.8402 0.9669 0.0003 0.0003 0.3356 -0.0081 -0.029750 2.979561 11.65 
0.5400 2 1 1 0x0 3.9703 4.0297 3.97 4.03 0.8821 0.9507 0.0005 0.0005 0.3372 -0.0082 -0.029750 2.979575 11.65 
0.5420 2 1 1 0x0 3.9675 4.0325 3.97 4.03 1.0127 0.9976 0.0003 0.0007 0.3390 -0.0082 -0.032454 2.979550 11.64 
0.5440 2 1 1 0x0 3.9703 4.0297 3.97 4.03 1.0231 0.7615 0.0005 0.0004 0.3409 -0.0083 -0.029750 2.979506 11.65 
0.5460 2 1 1 0x0 3.9703 4.0297 3.97 4.03 1.0342 0.7334 0.0007 0.0006 0.3425 -0.0083 -0.029750 2.979490 11.65 
0.5480 2 1 1 0x0 3.9703 4.0297 3.97 4.03 0.8082 1.0389 0.0005 0.0003 0.3445 -0.0084 -0.029750 2.979473 11.65 
0.5500 2 1 1 0x0 3.9675 4.0325 3.97 4.03 1.0246 1.0198 0.0002 0.0006 0.3463 -0.0084 -0.032454 2.979459 11.66 
0.5520 2 1 1 0x0 3.9703 4.0297 3.97 4.03 1.0318 0.9035 0.0004 0.0003 0.3482 -0.0085 -0.029750 2.979437 11.65 
0.5540 2 1 1 0x0 3.9675 4.0325 3.97 4.03 0.9358 0.8653 0.0002 0.0005 0.3500 -0.0086 -0.032454 2.979431 11.65 
0.5560 2 1 1 0x0 3.9703 4.0297 3.97 4.03 0.9272 1.0586 0.0004 0.0003 0.3518 -0.0086 -0.029750 2.979444 11.65 
0.5580 2 1 1 0x0 3.9675 4.0325 3.97 4.03 1.0209 0.9712 0.0003 0.0006 0.3536 -0.0087 -0.032454 2.979445 11.65 
0.5600 2 1 1 0x0 3.9703 4.0297 3.97 4.03 1.0279 0.7783 0.0005 0.0003 0.3555 -0.0087 -0.029750 2.979448 11.65 
0.5620 2 1 1 0x0 3.9675 4.0325 3.97 4.03 0.7708 0.7898 0.0003 0.0005 0.3573 -0.0088 -0.032454 2.979441 11.66 
0.5640 2 1 1 0x0 3.9703 4.0297 3.97 4.03 0.8097 1.0059 0.0005 0.0003 0.3591 -0.0088 -0.029750 2.979442 11.65 
0.5660 2 1 1 0x0 3.9675 4.0325 3.97 4.03 1.0187 0.9876 0.0003 0.0005 0.3609 -0.0089 -0.032454 2.979436 11.65 
0.5680 2 1 1 0x0 3.9703 4.0297 3.97 4.03 1.0258 0.8759 0.0005 0.0003 0.3628 -0.0089 -0.029750 2.979417 11.65 
0.5700 2 1 1 0x0 3.9675 4.0325 3.97 4.03 0.8859 0.8907 0.0003 0.0006 0.3646 -0.0090 -0.032454 2.979391 11.65 
0.5720 2 1 1 0x0 3.9703 4.0297 3.97 4.03 0.8329 1.0219 0.0006 0.0004 0.3664 -0.0091 -0.029750 2.979387 11.65 
0.5740 2 1 1 0x0 3.9675 4.0325 3.97 4.03 1.0045 1.0752 0.0004 0.0006 0.3682 -0.0091 -0.032454 2.979384 11.65 
0.5760 2 1 1 0x0 3.9703 4.0297 3.97 4.03 1.0124 0.8004 0.0007 0.0004 0.3701 -0.0092 -0.029750 2.979379 11.65 
0.5780 2 1 1 0x0 3.9703 4.0297 3.97 4.03 0.7823 1.0590 0.0005 0.0002 0.3721 -0.0092 -0.029750 2.979374 11.65 
0.5800 2 1 1 0x0 3.9675 4.0325 3.97 4.03 0.9935 0.9701 0.0002 0.0005 0.3739 -0.0093 -0.032454 2.979383 11.64 
0.5820 2 1 1 0x0 3.9703 4.0297 3.97 4.03 1.0702 0.8905 0.0005 0.0003 0.3757 -0.0093 -0.029750 2.979392 11.65 
0.5840 2 1 1 0x0 3.9675 4.0325 3.97 4.03 0.9092 0.9059 0.0003 0.0005 0.3776 -0.0094 -0.032454 2.979403 11.65 
0.5860 2 1 1 0x0 3.9703 4.0297 3.97 4.03 0.8530 1.0741 0.0006 0.0004 0.3794 -0.0095 -0.029750 2.979406 11.65 
0.5880 2 1 1 0x0 3.9675 4.0325 3.97 4.03 1.0471 1.0520 0.0004 0.0006 0.3812 -0.0095 -0.032454 2.979413 11.65 
0.5900 2 1 1 0x0 3.9703 4.0297 3.97 4.03 0.9828 0.7708 0.0006 0.0004 0.3830 -0.0096 -0.029750 2.979432 11.65 
0.5920 2 1 1 0x0 3.9703 4.0297 3.97 4.03 0.7584 1.0351 0.0004 0.0002 0.3851 -0.0096 -0.029750 2.979440 11.65 
0.5940 2 1 1 0x0 3.9675 4.0325 3.97 4.03 1.0338 1.0153 0.0002 0.0005 0.3869 -0.0097 -0.032454 2.979448 11.65 
0.5960 2 1 1 0x0 3.9703 4.0297 3.97 4.03 1.0336 0.9082 0.0005 0.0003 0.3887 -0.0097 -0.029750 2.979445 11.65 
0.5980 2 1 1 0x0 3.9675 4.0325 3.97 4.03 0.9378 0.8706 0.0003 0.0006 0.3905 -0.0098 -0.032454 2.979450 11.65 
0.6000 2 1 1 0x0 3.9703 4.0297 3.97 4.03 0.8781 1.0482 0.0006 0.0004 0.3924 -0.0099 -0.029750 2.979448 11.65 
0.6020 2 1 1 0x0 3.9675 4.0325 3.97 4.03 1.0116 1.0275 0.0004 0.0007 0.3942 -0.0099 -0.032454 2.979444 11.65 
0.6040 2 1 1 0x0 3.9703 4.0297 3.97 4.03 1.0186 0.7851 0.0006 0.0005 0.3960 -0.0100 -0.029750 2.979444 11.65 
0.6060 2 1 1 0x0 3.9703 4.0297 3.97 4.03 0.8222 1.0125 0.0004 0.0003 0.3980 -0.0100 -0.029750 2.979441 11.65 
0.6080 2 1 1 0x0 3.9675 4.0325 3.97 4.03 1.0716 0.9920 0.0002 0.0005 0.3999 -0.0101 -0.032454 2.979422 11.65 
0.6100 2 1 1 0x0 3.9703 4.0297 3.97 4.03 1.0751 0.9280 0.0005 0.0004 0.4017 -0.0101 -0.029750 2.979450 11.65 
0.6120 2 1 1 0x0 3.9703 4.0297 3.97 4.03 0.9630 1.0444 0.0003 0.0002 0.4037 -0.0102 -0.029750 2.979489 11.65 
0.6140 2 1 1 0x0 3.9703 4.0297 3.97 4.03 0.9595 1.0983 0.0006 0.0005 0.4053 -0.0103 -0.029750 2.979476 11.66 
0.6160 2 1 1 0x0 3.9703 4.0297 3.97 4.03 0.9819 0.7879 0.0004 0.0003 0.4074 -0.0103 -0.029750 2.979457 11.65 
0.6180 2 1 1 0x0 3.9703 4.0297 3.97 4.03 0.9855 0.8008 0.0007 0.0006 0.4090 -0.0104 -0.029750 2.979484 11.65 
0.6200 2 1 1 0x0 3.9703 4.0297 3.97 4.03 0.8430 1.0569 0.0005 0.0004 0.4110 -0.0104 -0.029750 2.979496 11.65 
0.6220 2 1 1 0x0 3.9675 4.0325 3.97 4.03 1.0334 0.9683 0.0003 0.0006 0.4128 -0.0105 -0.032454 2.979478 11.65 
0.6240 2 1 1 0x0 3.9703 4.0297 3.97 4.03 1.0402 0.9492 0.0005 0.0004 0.4147 -0.0105 -0.029750 2.979473 11.65 
0.6260 2 1 1 0x0 3.9703 4.0297 3.97 4.03 0.8774 1.0929 0.0003 0.0003 0.4167 -0.0106 -0.029750 2.979489 11.65 
0.6280 2 1 1 0x0 3.9703 4.0297 3.97 4.03 0.8747 0.9986 0.0006 0.0006 0.4183 -0.0106 -0.029750 2.979488 11.65 
0.6300 2 1 1 0x0 3.9703 4.0297 3.97 4.03 1.0162 0.7622 0.0004 0.0004 0.4203 -0.0107 -0.029750 2.979475 11.65 
0.6320 2 1 1 0x0 3.9703 4.0297 3.97 4.03 1.0930 0.8161 0.0007 0.0006 0.4220 -0.0108 -0.029750 2.979478 11.65 
0.6340 2 1 1 0x0 3.9703 4.0297 3.97 4.03 0.8217 1.0319 0.0005 0.0004 0.4240 -0.0108 -0.029750 2.979487 11.65 
0.6360 2 1 1 0x0 3.9703 4.0297 3.97 4.03 1.0715 0.8957 0.0003 0.0003 0.4260 -0.0109 -0.029750 2.979494 11.65 
0.6380 2 1 1 0x0 3.9703 4.0297 3.97 4.03 1.0006 0.9119 0.0006 0.0006 0.4276 -0.0109 -0.029750 2.979502 11.65 
0.6400 2 1 1 0x0 3.9703 4.0297 3.97 4.03 0.9084 1.0653 0.0004 0.0004 0.4297 -0.0110 -0.029750 2.979509 11.65 
0.6420 2 1 1 0x0 3.9675 4.0325 3.97 4.03 1.0405 1.0433 0.0002 0.0007 0.4315 -0.0110 -0.032454 2.979506 11.66 
0.6440 2 1 1 0x0 3.9703 4.0297 3.97 4.03 1.0474 0.7761 0.0005 0.0005 0.4333 -0.0111 -0.029750 2.979509 11.67 
0.6460 2 1 1 0x0 3.9703 4.0297 3.97 4.03 0.8046 1.0264 0.0003 0.0003 0.4353 -0.0112 -0.029750 2.979510 11.65 
0.6480 2 1 1 0x0 3.9703 4.0297 3.97 4.03 0.8497 1.0082 0.0006 0.0006 0.4370 -0.0112 -0.029750 2.979511 11.66 
0.6500 2 1 1 0x0 3.9703 4.0297 3.97 4.03 1.0267 0.8615 0.0004 0.0004 0.4390 -0.0113 -0.029750 2.979516 11.65 
0.6520 2 1 1 0x0 3.9703 4.0297 3.97 4.03 1.0298 1.0626 0.0006 0.0002 0.4410 -0.0113 -0.029750 2.979531 11.66 
0.6540 2 1 1 0x0 3.9703 4.0297 3.97 4.03 0.8882 1.0397 0.0005 0.0005 0.4426 -0.0114 -0.029750 2.979535 11.65 
0.6560 2 1 1 0x0 3.9703 4.0297 3.97 4.03 1.0679 0.8212 0.0003 0.0003 0.4447 -0.0114 -0.029750 2.979533 11.65 
0.6580 2 1 1 0x0 3.9703 4.0297 3.97 4.03 1.0008 0.7903 0.0006 0.0006 0.4463 -0.0115 -0.029750 2.979545 11.65 
0.6600 2 1 1 0x0 3.9703 4.0297 3.97 4.03 0.8347 1.0759 0.0004 0.0004 0.4483 -0.0115 -0.029750 2.979540 11.65 
0.6620 2 1 1 0x0 3.9703 4.0297 3.97 4.03 1.0456 0.9782 0.0002 0.0003 0.4503 -0.0116 -0.029750 2.979545 11.65 
0.6640 2 1 1 0x0 3.9703 4.0297 3.97 4.03 0.9805 0.8798 0.0005 0.0005 0.4520 -0.0117 -0.029750 2.979533 11.65 
0.6660 2 1 1 0x0 3.9703 4.0297 3.97 4.03 0.8700 1.0355 0.0003 0.0004 0.4540 -0.0117 -0.029750 2.979527 11.65 
0.6680 2 1 1 0x0 3.9703 4.0297 3.97 4.03 0.8674 1.0150 0.0005 0.0006 0.4556 -0.0118 -0.029750 2.979523 11.65 
0.6700 2 1 1 0x0 3.9703 4.0297 3.97 4.03 1.0265 0.8373 0.0004 0.0004 0.4576 -0.0118 -0.029750 2.979530 11.65 
0.6720 2 1 1 0x0 3.9730 4.0270 3.97 4.03 1.0330 0.9999 0.0006 0.0002 0.4595 -0.0119 -0.027045 2.979532 11.65 
0.6740 2 1 1 0x0 3.9703 4.0297 3.97 4.03 0.8127 1.0492 0.0004 0.0005 0.4613 -0.0119 -0.029750 2.979540 11.65 
0.6760 2 1 1 0x0 3.9703 4.0297 3.97 4.03 1.0105 0.8829 0.0002 0.0004 0.4633 -0.0120 -0.029750 2.979525 11.65 
0.6780 2 1 1 0x0 3.9730 4.0270 3.97 4.03 1.0183 1.0310 0.0005 0.0002 0.4651 -0.0120 -0.027045 2.979510 11.64 
0.6800 2 1 1 0x0 3.9703 4.0297 3.97 4.03 0.8955 1.0853 0.0003 0.0004 0.4670 -0.0121 -0.029750 2.979517 11.65 
0.6820 2 1 1 0x0 3.9703 4.0297 3.97 4.03 0.8407 1.0626 0.0005 0.0007 0.4686 -0.0121 -0.029750 2.979521 11.65 
0.6840 2 1 1 0x0 3.9703 4.0297 3.97 4.03 1.0655 0.8069 0.0004 0.0005 0.4706 -0.0122 -0.029750 2.979508 11.65 
0.6860 2 1 1 0x0 3.9730 4.0270 3.97 4.03 0.9992 1.0484 0.0006 0.0003 0.4724 -0.0122 -0.027045 2.979510 11.65 
0.6880 2 1 1 0x0 3.9703 4.0297 3.97 4.03 0.7897 1.0273 0.0004 0.0006 0.4743 -0.0123 -0.029750 2.979533 11.65 
0.6900 2 1 1 0x0 3.9730 4.0270 3.97 4.03 0.7874 0.9562 0.0007 0.0004 0.4761 -0.0124 -0.027045 2.979533 11.65 
0.6920 2 1 1 0x0 3.9730 4.0270 3.97 4.03 1.0526 1.0109 0.0005 0.0003 0.4781 -0.0124 -0.027045 2.979518 11.65 
0.6940 2 1 1 0x0 3.9703 4.0297 3.97 4.03 0.9227 1.0620 0.0003 0.0005 0.4800 -0.0125 -0.029750 2.979521 11.65 
0.6960 2 1 1 0x0 3.9730 4.0270 3.97 4.03 0.8668 0.8077 0.0006 0.0004 0.4818 -0.0125 -0.027045 2.979523 11.65 
0.6980 2 1 1 0x0 3.9703 4.0297 3.97 4.03 1.0268 0.7780 0.0004 0.0006 0.4836 -0.0126 -0.029750 2.979508 11.65 
0.7000 2 1 1 0x0 3.9730 4.0270 3.97 4.03 1.0301 1.0256 0.0007 0.0004 0.4854 -0.0126 -0.027045 2.979487 11.65 
0.7020 2 1 1 0x0 3.9730 4.0270 3.97 4.03 0.8154 0.9578 0.0005 0.0002 0.4875 -0.0127 -0.027045 2.979474 11.65 
0.7040 2 1 1 0x0 3.9703 4.0297 3.97 4.03 1.0823 0.8635 0.0003 0.0005 0.4893 -0.0127 -0.029750 2.979470 11.65 
0.7060 2 1 1 0x0 3.9730 4.0270 3.97 4.03 1.0110 0.9894 0.0005 0.0004 0.4911 -0.0128 -0.027045 2.979455 11.65 
0.7080 2 1 1 0x0 3.9703 4.0297 3.97 4.03 0.9569 1.0389 0.0004 0.0006 0.4929 -0.0128 -0.029750 2.979454 11.65 
0.7100 2 1 1 0x0 3.9703 4.0297 3.97 4.03 1.0519 0.7793 0.0002 0.0004 0.4950 -0.0129 -0.029750 2.979455 11.65 
0.7120 2 1 1 0x0 3.9730 4.0270 3.97 4.03 1.0550 1.0224 0.0005 0.0003 0.4968 -0.0129 -0.027045 2.979463 11.65 
0.7140 2 1 1 0x0 3.9703 4.0297 3.97 4.03 0.8005 1.0023 0.0003 0.0005 0.4986 -0.0130 -0.029750 2.979474 11.66 
0.7160 2 1 1 0x0 3.9730 4.0270 3.97 4.03 0.7982 0.9184 0.0006 0.0004 0.5004 -0.0130 -0.027045 2.979477 11.65 
0.7180 2 1 1 0x0 3.9730 4.0270 3.97 4.03 1.0347 1.0568 0.0004 0.0002 0.5025 -0.0131 -0.027045 2.979479 11.65 
0.7200 2 1 1 0x0 3.9730 4.0270 3.97 4.03 1.0377 1.0356 0.0006 0.0005 0.5041 -0.0131 -0.027045 2.979472 11.65 
0.7220 2 1 1 0x0 3.9730 4.0270 3.97 4.03 0.8798 0.7808 0.0005 0.0003 0.5061 -0.0132 -0.027045 2.979459 11.66 
0.7240 2 1 1 0x0 3.9703 4.0297 3.97 4.03 1.0061 0.7930 0.0003 0.0006 0.5079 -0.0133 -0.029750 2.979447 11.65 
0.7260 2 1 1 0x0 3.9730 4.0270 3.97 4.03 1.0857 0.9993 0.0006 0.0004 0.5098 -0.0133 -0.027045 2.979437 11.65 
0.7280 2 1 1 0x0 3.9730 4.0270 3.97 4.03 0.7446 0.9816 0.0004 0.0002 0.5118 -0.0134 -0.027045 2.979432 11.66 
0.7300 2 1 1 0x0 3.9703 4.0297 3.97 4.03 1.0575 0.9381 0.0002 0.0005 0.5136 -0.0134 -0.029750 2.979423 11.65 
0.7320 2 1 1 0x0 3.9730 4.0270 3.97 4.03 1.0614 1.0319 0.0005 0.0003 0.5154 -0.0135 -0.027045 2.979429 11.65 
0.7340 2 1 1 0x0 3.9703 4.0297 3.97 4.03 0.8630 1.0116 0.0003 0.0006 0.5173 -0.0135 -0.029750 2.979427 11.66 
0.7360 2 1 1 0x0 3.9730 4.0270 3.97 4.03 0.9150 0.7955 0.0006 0.0004 0.5191 -0.0136 -0.027045 2.979431 11.65 
0.7380 2 1 1 0x0 3.9730 4.0270 3.97 4.03 1.0328 0.7660 0.0004 0.0006 0.5211 -0.0136 -0.027045 2.979426 11.65 
0.7400 2 1 1 0x0 3.9730 4.0270 3.97 4.03 1.0369 0.9781 0.0007 0.0005 0.5227 -0.0137 -0.027045 2.979418 11.65 
0.7420 2 1 1 0x0 3.9730 4.0270 3.97 4.03 0.7675 0.8860 0.0005 0.0003 0.5248 -0.0137 -0.027045 2.979414 11.65 
0.7440 2 1 1 0x0 3.9703 4.0297 3.97 4.03 1.0147 0.9014 0.0003 0.0006 0.5266 -0.0138 -0.029750 2.979415 11.65 
0.7460 2 1 1 0x0 3.9730 4.0270 3.97 4.03 1.0997 1.0809 0.0005 0.0004 0.5284 -0.0138 -0.027045 2.979414 11.65 
0.7480 2 1 1 0x0 3.9703 4.0297 3.97 4.03 0.9471 1.0576 0.0004 0.0007 0.5302 -0.0139 -0.029750 2.979404 11.66 
0.7500 2 1 1 0x0 3.9703 4.0297 3.97 4.03 1.0634 0.8568 0.0002 0.0005 0.5323 -0.0139 -0.029750 2.979415 11.65 
0.7520 2 1 1 0x0 3.9730 4.0270 3.97 4.03 1.0675 1.0405 0.0005 0.0003 0.5341 -0.0140 -0.027045 2.979428 11.65 
0.7540 2 1 1 0x0 3.9730 4.0270 3.97 4.03 1.0750 1.0191 0.0007 0.0006 0.5357 -0.0140 -0.027045 2.979417 11.65 
0.7560 2 1 1 0x0 3.9730 4.0270 3.97 4.03 0.7891 0.8538 0.0005 0.0004 0.5377 -0.0141 -0.027045 2.979421 11.65 
0.7580 2 1 1 0x0 3.9730 4.0270 3.97 4.03 1.0503 1.0737 0.0003 0.0003 0.5398 -0.0141 -0.027045 2.979434 11.65 
0.7600 2 1 1 0x0 3.9730 4.0270 3.97 4.03 1.0541 1.0505 0.0006 0.0005 0.5414 -0.0142 -0.027045 2.979422 11.65 
0.7620 2 1 1 0x0 3.9730 4.0270 3.97 4.03 0.8679 0.7724 0.0004 0.0004 0.5434 -0.0142 -0.027045 2.979415 11.65 
0.7640 2 1 1 0x0 3.9703 4.0297 3.97 4.03 1.0259 0.7847 0.0002 0.0006 0.5452 -0.0143 -0.029750 2.979422 11.66 
0.7660 2 1 1 0x0 3.9730 4.0270 3.97 4.03 1.0263 1.0864 0.0005 0.0004 0.5471 -0.0143 -0.027045 2.979445 11.65 
0.7680 2 1 1 0x0 3.9730 4.0270 3.97 4.03 0.8176 0.8590 0.0003 0.0003 0.5491 -0.0144 -0.027045 2.979451 11.66 
0.7700 2 1 1 0x0 3.9730 4.0270 3.97 4.03 0.7714 0.9278 0.0006 0.0006 0.5507 -0.0144 -0.027045 2.979452 11.66 
0.7720 2 1 1 0x0 3.9730 4.0270 3.97 4.03 1.0079 1.0435 0.0004 0.0004 0.5527 -0.0145 -0.027045 2.979465 11.65 
0.7740 2 1 1 0x0 3.9703 4.0297 3.97 4.03 0.9020 1.0227 0.0002 0.0007 0.5546 -0.0145 -0.029750 2.979473 11.66 
0.7760 2 1 1 0x0 3.9730 4.0270 3.97 4.03 0.8484 0.7880 0.0005 0.0005 0.5564 -0.0146 -0.027045 2.979466 11.65 
0.7780 2 1 1 0x0 3.9730 4.0270 3.97 4.03 0.9826 1.0067 0.0004 0.0003 0.5584 -0.0147 -0.027045 2.979452 11.65 
0.7800 2 1 1 0x0 3.9730 4.0270 3.97 4.03 1.0546 1.0566 0.0006 0.0005 0.5600 -0.0147 -0.027045 2.979452 11.65 
0.7820 2 1 1 0x0 3.9730 4.0270 3.97 4.03 0.8002 0.9328 0.0004 0.0004 0.5621 -0.0148 -0.027045 2.979462 11.65 
0.7840 2 1 1 0x0 3.9730 4.0270 3.97 4.03 1.0306 1.0385 0.0003 0.0002 0.5641 -0.0148 -0.027045 2.979464 11.66 
0.7860 2 1 1 0x0 3.9730 4.0270 3.97 4.03 1.0343 1.0171 0.0005 0.0005 0.5657 -0.0149 -0.027045 2.979471 11.66 
0.7880 2 1 1 0x0 3.9730 4.0270 3.97 4.03 0.8845 0.7918 0.0004 0.0003 0.5677 -0.0149 -0.027045 2.979491 11.66 
0.7900 2 1 1 0x0 3.9703 4.0297 3.97 4.03 0.9991 0.8046 0.0002 0.0006 0.5696 -0.0150 -0.029750 2.979500 11.65 
0.7920 2 1 1 0x0 3.9730 4.0270 3.97 4.03 1.0025 1.0504 0.0005 0.0004 0.5714 -0.0150 -0.027045 2.979489 11.66 
0.7940 2 1 1 0x0 3.9730 4.0270 3.97 4.03 0.8342 0.8820 0.0003 0.0003 0.5734 -0.0151 -0.027045 2.979493 11.65 
0.7960 2 1 1 0x0 3.9730 4.0270 3.97 4.03 0.8315 0.9551 0.0006 0.0005 0.5750 -0.0151 -0.027045 2.979505 11.65 
0.7980 2 1 1 0x0 3.9730 4.0270 3.97 4.03 1.0504 1.0117 0.0004 0.0004 0.5771 -0.0152 -0.027045 2.979501 11.66 
0.8000 2 1 1 0x0 3.9703 4.0297 3.97 4.03 0.9272 1.0622 0.0002 0.0006 0.5789 -0.0152 -0.029750 2.979494 11.65 
0.8020 2 1 1 0x0 3.9730 4.0270 3.97 4.03 0.8216 0.8075 0.0005 0.0004 0.5807 -0.0153 -0.027045 2.979497 11.66 
0.8040 2 1 1 0x0 3.9730 4.0270 3.97 4.03 1.0943 1.0455 0.0004 0.0002 0.5828 -0.0153 -0.027045 2.979511 11.65 
0.8060 2 1 1 0x0 3.9730 4.0270 3.97 4.03 1.0239 1.0238 0.0006 0.0005 0.5844 -0.0154 -0.027045 2.979508 11.66 
0.8080 2 1 1 0x0 3.9730 4.0270 3.97 4.03 0.8195 0.9022 0.0004 0.0004 0.5864 -0.0154 -0.027045 2.979499 11.65 
0.8100 2 1 1 0x0 3.9730 4.0270 3.97 4.03 1.0713 1.0772 0.0002 0.0002 0.5884 -0.0155 -0.027045 2.979501 11.65 
0.8120 2 1 1 0x0 3.9730 4.0270 3.97 4.03 1.0752 1.0548 0.0005 0.0005 0.5901 -0.0155 -0.027045 2.979512 11.65 
0.8140 2 1 1 0x0 3.9730 4.0270 3.97 4.03 0.8542 0.7698 0.0003 0.0003 0.5921 -0.0156 -0.027045 2.979507 11.65 
0.8160 2 1 1 0x0 3.9730 4.0270 3.97 4.03 0.8518 0.7822 0.0006 0.0005 0.5937 -0.0156 -0.027045 2.979490 11.65 
0.8180 2 1 1 0x0 3.9730 4.0270 3.97 4.03 1.0477 1.0172 0.0004 0.0004 0.5957 -0.0157 -0.027045 2.979486 11.66 
0.8200 2 1 1 0x0 3.9703 4.0297 3.97 4.03 0.8519 1.0677 0.0002 0.0006 0.5976 -0.0157 -0.029750 2.979489 11.66 
0.8220 2 1 1 0x0 3.9730 4.0270 3.97 4.03 0.8021 0.9237 0.0005 0.0005 0.5994 -0.0158 -0.027045 2.979492 11.66 
0.8240 2 1 1 0x0 3.9730 4.0270 3.97 4.03 1.1061 1.0492 0.0003 0.0003 0.6014 -0.0158 -0.027045 2.979494 11.65 
0.8260 2 1 1 0x0 3.9730 4.0270 3.97 4.03 1.0309 1.0290 0.0006 0.0006 0.6030 -0.0159 -0.027045 2.979492 11.66 
0.8280 2 1 1 0x0 3.9730 4.0270 3.97 4.03 0.8844 0.8285 0.0004 0.0004 0.6051 -0.0159 -0.027045 2.979494 11.65 
0.8300 2 1 1 0x0 3.9730 4.0270 3.97 4.03 1.0036 1.0861 0.0002 0.0002 0.6071 -0.0160 -0.027045 2.979480 11.66 
0.8320 2 1 1 0x0 3.9730 4.0270 3.97 4.03 1.0063 1.0621 0.0005 0.0005 0.6087 -0.0160 -0.027045 2.979471 11.67 
0.8340 2 1 1 0x0 3.9730 4.0270 3.97 4.03 0.8307 0.9273 0.0003 0.0003 0.6107 -0.0161 -0.027045 2.979470 11.66 
0.8360 2 1 1 0x0 3.9730 4.0270 3.97 4.03 0.7834 0.9443 0.0005 0.0006 0.6124 -0.0161 -0.027045 2.979458 11.66 
0.8380 2 1 1 0x0 3.9730 4.0270 3.97 4.03 1.0598 1.0234 0.0004 0.0005 0.6144 -0.0162 -0.027045 2.979458 11.65 
0.8400 2 1 1 0x0 3.9757 4.0243 3.98 4.02 1.0632 0.7877 0.0006 0.0003 0.6162 -0.0162 -0.024341 2.979453 11.66 
0.8420 2 1 1 0x0 3.9730 4.0270 3.97 4.03 0.9148 0.8449 0.0004 0.0005 0.6180 -0.0163 -0.027045 2.979464 11.65 
0.8440 2 1 1 0x0 3.9730 4.0270 3.97 4.03 1.0326 1.0587 0.0003 0.0003 0.6201 -0.0163 -0.027045 2.979474 11.66 
0.8460 2 1 1 0x0 3.9730 4.0270 3.97 4.03 1.0351 1.0361 0.0005 0.0006 0.6217 -0.0164 -0.027045 2.979456 11.65 
0.8480 2 1 1 0x0 3.9730 4.0270 3.97 4.03 0.7689 0.8927 0.0003 0.0005 0.6237 -0.0164 -0.027045 2.979433 11.65 
0.8500 2 1 1 0x0 3.9757 4.0243 3.98 4.02 0.8076 1.0175 0.0006 0.0003 0.6255 -0.0165 -0.024341 2.979432 11.66 
0.8520 2 1 1 0x0 3.9730 4.0270 3.97 4.03 1.0188 0.9975 0.0004 0.0006 0.6274 -0.0165 -0.027045 2.979451 11.65 
0.8540 2 1 1 0x0 3.9757 4.0243 3.98 4.02 1.0230 0.7630 0.0006 0.0004 0.6292 -0.0166 -0.024341 2.979425 11.65 
0.8560 2 1 1 0x0 3.9757 4.0243 3.98 4.02 0.8903 1.0491 0.0005 0.0002 0.6312 -0.0166 -0.024341 2.979422 11.65 
0.8580 2 1 1 0x0 3.9730 4.0270 3.97 4.03 0.9961 1.0304 0.0003 0.0005 0.6330 -0.0167 -0.027045 2.979439 11.64 
0.8600 2 1 1 0x0 3.9757 4.0243 3.98 4.02 1.0733 0.8978 0.0006 0.0003 0.6349 -0.0167 -0.024341 2.979429 11.65 
0.8620 2 1 1 0x0 3.9730 4.0270 3.97 4.03 0.7502 0.9738 0.0004 0.0006 0.6367 -0.0168 -0.027045 2.979419 11.65 
0.8640 2 1 1 0x0 3.9730 4.0270 3.97 4.03 1.0451 1.0617 0.0002 0.0004 0.6387 -0.0168 -0.027045 2.979430 11.65 
0.8660 2 1 1 0x0 3.9757 4.0243 3.98 4.02 0.9824 0.8071 0.0005 0.0003 0.6405 -0.0169 -0.024341 2.979431 11.65 
0.8680 2 1 1 0x0 3.9730 4.0270 3.97 4.03 0.8706 0.7784 0.0003 0.0005 0.6424 -0.0169 -0.027045 2.979409 11.65 
0.8700 2 1 1 0x0 3.9757 4.0243 3.98 4.02 0.9204 1.0232 0.0005 0.0004 0.6442 -0.0170 -0.024341 2.979416 11.66 
0.8720 2 1 1 0x0 3.9730 4.0270 3.97 4.03 1.0261 1.0027 0.0004 0.0006 0.6460 -0.0170 -0.027045 2.979426 11.66 
0.8740 2 1 1 0x0 3.9757 4.0243 3.98 4.02 1.0297 0.9184 0.0006 0.0005 0.6478 -0.0171 -0.024341 2.979412 11.65 
0.8760 2 1 1 0x0 3.9757 4.0243 3.98 4.02 0.8153 1.0554 0.0005 0.0003 0.6499 -0.0171 -0.024341 2.979407 11.65 
0.8780 2 1 1 0x0 3.9730 4.0270 3.97 4.03 1.0782 1.0346 0.0003 0.0006 0.6517 -0.0172 -0.027045 2.979402 11.65 
0.8800 2 1 1 0x0 3.9757 4.0243 3.98 4.02 1.0874 0.7817 0.0005 0.0004 0.6535 -0.0172 -0.024341 2.979399 11.66 
0.8820 2 1 1 0x0 3.9757 4.0243 3.98 4.02 0.9006 1.0183 0.0004 0.0002 0.6555 -0.0172 -0.024341 2.979404 11.65 
0.8840 2 1 1 0x0 3.9730 4.0270 3.97 4.03 0.9800 0.9983 0.0002 0.0005 0.6574 -0.0173 -0.027045 2.979408 11.65 
0.8860 2 1 1 0x0 3.9757 4.0243 3.98 4.02 0.9828 0.9227 0.0005 0.0003 0.6592 -0.0173 -0.024341 2.979419 11.65 
0.8880 2 1 1 0x0 3.9730 4.0270 3.97 4.03 0.7994 0.9389 0.0003 0.0006 0.6610 -0.0174 -0.027045 2.979419 11.66 
0.8900 2 1 1 0x0 3.9757 4.0243 3.98 4.02 0.7972 1.0295 0.0005 0.0005 0.6628 -0.0174 -0.024341 2.979415 11.65 
0.8920 2 1 1 0x0 3.9757 4.0243 3.98 4.02 1.0329 0.7837 0.0004 0.0003 0.6649 -0.0175 -0.024341 2.979407 11.66 
0.8940 2 1 1 0x0 3.9757 4.0243 3.98 4.02 1.0371 0.7963 0.0006 0.0006 0.6665 -0.0175 -0.024341 2.979397 11.66 
0.8960 2 1 1 0x0 3.9757 4.0243 3.98 4.02 0.8803 1.0663 0.0005 0.0003 0.6685 -0.0176 -0.024341 2.979403 11.65 
0.8980 2 1 1 0x0 3.9730 4.0270 3.97 4.03 1.0083 1.0439 0.0003 0.0006 0.6703 -0.0176 -0.027045 2.979409 11.66 
0.9000 2 1 1 0x0 3.9757 4.0243 3.98 4.02 1.0842 0.8864 0.0006 0.0005 0.6722 -0.0177 -0.024341 2.979404 11.65 
0.9020 2 1 1 0x0 3.9757 4.0243 3.98 4.02 0.8268 1.0261 0.0004 0.0003 0.6742 -0.0177 -0.024341 2.979414 11.66 
0.9040 2 1 1 0x0 3.9757 4.0243 3.98 4.02 0.7820 1.0781 0.0006 0.0006 0.6758 -0.0178 -0.024341 2.979436 11.66 
0.9060 2 1 1 0x0 3.9757 4.0243 3.98 4.02 1.0628 0.7991 0.0005 0.0004 0.6778 -0.0178 -0.024341 2.979424 11.65 
0.9080 2 1 1 0x0 3.9757 4.0243 3.98 4.02 0.9139 0.9904 0.0003 0.0002 0.6799 -0.0179 -0.024341 2.979425 11.65 
0.9100 2 1 1 0x0 3.9757 4.0243 3.98 4.02 0.9114 1.0397 0.0005 0.0005 0.6815 -0.0179 -0.024341 2.979430 11.65 
0.9120 2 1 1 0x0 3.9757 4.0243 3.98 4.02 1.0410 0.9452 0.0003 0.0003 0.6835 -0.0179 -0.024341 2.979425 11.65 
0.9140 2 1 1 0x0 3.9784 4.0216 3.98 4.02 1.0449 1.0228 0.0006 0.0002 0.6854 -0.0180 -0.021636 2.979436 11.66 
0.9160 2 1 1 0x0 3.9757 4.0243 3.98 4.02 0.8063 1.0745 0.0004 0.0005 0.6872 -0.0180 -0.024341 2.979447 11.65 
0.9180 2 1 1 0x0 3.9757 4.0243 3.98 4.02 1.0260 0.7993 0.0002 0.0003 0.6892 -0.0181 -0.024341 2.979440 11.65 
0.9200 2 1 1 0x0 3.9757 4.0243 3.98 4.02 1.0301 0.8121 0.0005 0.0005 0.6908 -0.0181 -0.024341 2.979447 11.64 
0.9220 2 1 1 0x0 3.9757 4.0243 3.98 4.02 0.8877 0.9713 0.0003 0.0004 0.6929 -0.0182 -0.024341 2.979464 11.65 
0.9240 2 1 1 0x0 3.9784 4.0216 3.98 4.02 0.8851 1.0185 0.0006 0.0006 0.6947 -0.0182 -0.021636 2.979469 11.65 
0.9260 2 1 1 0x0 3.9757 4.0243 3.98 4.02 1.0022 0.9057 0.0004 0.0005 0.6965 -0.0183 -0.024341 2.979461 11.66 
0.9280 2 1 1 0x0 3.9784 4.0216 3.98 4.02 1.0058 1.0034 0.0007 0.0003 0.6983 -0.0183 -0.021636 2.979455 11.65 
0.9300 2 1 1 0x0 3.9757 4.0243 3.98 4.02 0.8310 1.0524 0.0005 0.0006 0.7002 -0.0183 -0.024341 2.979443 11.66 
0.9320 2 1 1 0x0 3.9757 4.0243 3.98 4.02 0.9838 0.8128 0.0003 0.0004 0.7022 -0.0184 -0.024341 2.979427 11.66 
0.9340 2 1 1 0x0 3.9757 4.0243 3.98 4.02 1.0596 0.7824 0.0005 0.0006 0.7038 -0.0184 -0.024341 2.979431 11.65 
0.9360 2 1 1 0x0 3.9757 4.0243 3.98 4.02 0.8641 1.0166 0.0004 0.0005 0.7058 -0.0185 -0.024341 2.979453 11.65 
0.9380 2 1 1 0x0 3.9757 4.0243 3.98 4.02 1.0268 0.9067 0.0002 0.0003 0.7079 -0.0185 -0.024341 2.979452 11.65 
0.9400 2 1 1 0x0 3.9757 4.0243 3.98 4.02 1.0302 0.8691 0.0005 0.0006 0.7095 -0.0186 -0.024341 2.979466 11.65 
0.9420 2 1 1 0x0 3.9757 4.0243 3.98 4.02 0.7714 1.0509 0.0003 0.0004 0.7115 -0.0186 -0.024341 2.979473 11.65 
0.9440 2 1 1 0x0 3.9757 4.0243 3.98 4.02 0.8132 1.1064 0.0006 0.0007 0.7131 -0.0187 -0.024341 2.979452 11.65 
0.9460 2 1 1 0x0 3.9757 4.0243 3.98 4.02 1.0105 0.8272 0.0004 0.0005 0.7152 -0.0187 -0.024341 2.979443 11.65 
0.9480 2 1 1 0x0 3.9784 4.0216 3.98 4.02 1.0138 1.0162 0.0006 0.0003 0.7170 -0.0187 -0.021636 2.979441 11.65 
0.9500 2 1 1 0x0 3.9757 4.0243 3.98 4.02 0.8475 1.0681 0.0005 0.0005 0.7188 -0.0188 -0.024341 2.979440 11.65 
0.9520 2 1 1 0x0 3.9757 4.0243 3.98 4.02 1.0558 0.9233 0.0003 0.0004 0.7208 -0.0188 -0.024341 2.979430 11.65 
0.9540 2 1 1 0x0 3.9784 4.0216 3.98 4.02 0.9874 1.0511 0.0006 0.0002 0.7227 -0.0189 -0.021636 2.979430 11.65 
0.9560 2 1 1 0x0 3.9757 4.0243 3.98 4.02 0.7972 1.0303 0.0004 0.0005 0.7245 -0.0189 -0.024341 2.979446 11.65 
0.9580 2 1 1 0x0 3.9784 4.0216 3.98 4.02 0.7556 0.7831 0.0007 0.0003 0.7263 -0.0190 -0.021636 2.979451 11.66 
0.9600 2 1 1 0x0 3.9757 4.0243 3.98 4.02 1.0366 0.8399 0.0005 0.0006 0.7281 -0.0190 -0.024341 2.979464 11.65 
0.9620 2 1 1 0x0 3.9757 4.0243 3.98 4.02 0.9380 0.9958 0.0003 0.0004 0.7302 -0.0191 -0.024341 2.979469 11.65 
0.9640 2 1 1 0x0 3.9784 4.0216 3.98 4.02 0.8805 0.9233 0.0006 0.0002 0.7320 -0.0191 -0.021636 2.979481 11.66 
0.9660 2 1 1 0x0 3.9757 4.0243 3.98 4.02 1.0085 0.8846 0.0004 0.0005 0.7338 -0.0191 -0.024341 2.979494 11.65 
0.9680 2 1 1 0x0 3.9784 4.0216 3.98 4.02 1.0127 1.0293 0.0007 0.0004 0.7356 -0.0192 -0.021636 2.979491 11.65 
0.9700 2 1 1 0x0 3.9757 4.0243 3.98 4.02 0.8266 1.0099 0.0005 0.0006 0.7375 -0.0192 -0.024341 2.979479 11.66 
0.9720 2 1 1 0x0 3.9757 4.0243 3.98 4.02 1.0590 0.7550 0.0003 0.0004 0.7395 -0.0193 -0.024341 2.979482 11.65 
0.9740 2 1 1 0x0 3.9784 4.0216 3.98 4.02 0.9901 0.9967 0.0006 0.0002 0.7413 -0.0193 -0.021636 2.979486 11.65 
0.9760 2 1 1 0x0 3.9757 4.0243 3.98 4.02 0.9174 1.0476 0.0004 0.0005 0.7431 -0.0194 -0.024341 2.979465 11.65 
0.9780 2 1 1 0x0 3.9757 4.0243 3.98 4.02 1.0290 0.8835 0.0003 0.0003 0.7452 -0.0194 -0.024341 2.979478 11.65 
0.9800 2 1 1 0x0 3.9757 4.0243 3.98 4.02 1.0328 0.8994 0.0005 0.0006 0.7468 -0.0195 -0.024341 2.979488 11.65 
0.9820 2 1 1 0x0 3.9757 4.0243 3.98 4.02 0.8139 1.0101 0.0003 0.0005 0.7488 -0.0195 -0.024341 2.979482 11.65 
0.9840 2 1 1 0x0 3.9784 4.0216 3.98 4.02 0.8118 0.7954 0.0006 0.0003 0.7506 -0.0195 -0.021636 2.979474 11.65 
0.9860 2 1 1 0x0 3.9757 4.0243 3.98 4.02 1.0883 0.8074 0.0004 0.0005 0.7525 -0.0196 -0.024341 2.979493 11.65 
0.9880 2 1 1 0x0 3.9784 4.0216 3.98 4.02 1.0921 1.0460 0.0007 0.0003 0.7543 -0.0196 -0.021636 2.979489 11.65 
0.9900 2 1 1 0x0 3.9757 4.0243 3.98 4.02 0.8944 1.0257 0.0005 0.0006 0.7561 -0.0197 -0.024341 2.979481 11.65 
0.9920 2 1 1 0x0 3.9757 4.0243 3.98 4.02 0.9913 0.9567 0.0003 0.0004 0.7582 -0.0197 -0.024341 2.979477 11.65 
0.9940 2 1 1 0x0 3.9784 4.0216 3.98 4.02 1.0679 1.0105 0.0006 0.0003 0.7600 -0.0198 -0.021636 2.979492 11.65 
0.9960 2 1 1 0x0 3.9757 4.0243 3.98 4.02 0.7929 0.9912 0.0004 0.0006 0.7618 -0.0198 -0.024341 2.979521 11.66 
0.9980 2 1 1 0x0 3.9784 4.0216 3.98 4.02 0.7906 0.8076 0.0006 0.0004 0.7636 -0.0198 -0.021636 2.979515 11.65 
1.0000 2 1 1 0x0 3.9757 4.0243 3.98 4.02 1.0464 0.8204 0.0004 0.0007 0.7655 -0.0199 -0.024341 2.979502 11.65 
1.0020 2 1 1 0x0 3.9757 4.0243 3.98 4.02 0.8728 1.0255 0.0003 0.0005 0.7675 -0.0199 -0.024341 2.979485 11.65 
1.0040 2 1 1 0x0 3.9784 4.0216 3.98 4.02 0.8700 0.8478 0.0005 0.0003 0.7693 -0.0200 -0.021636 2.979488 11.65 
1.0060 2 1 1 0x0 3.9757 4.0243 3.98 4.02 1.0218 0.9135 0.0004 0.0006 0.7711 -0.0200 -0.024341 2.979483 11.65 
1.0080 2 1 1 0x0 3.9784 4.0216 3.98 4.02 1.0250 1.0632 0.0006 0.0004 0.7730 -0.0201 -0.021636 2.979456 11.65 
1.0100 2 1 1 0x0 3.9757 4.0243 3.98 4.02 0.8189 1.0422 0.0004 0.0007 0.7748 -0.0201 -0.024341 2.979473 11.65 
1.0120 2 1 1 0x0 3.9757 4.0243 3.98 4.02 1.0723 0.8193 0.0003 0.0005 0.7768 -0.0201 -0.024341 2.979486 11.65 
1.0140 2 1 1 0x0 3.9784 4.0216 3.98 4.02 1.0804 1.0277 0.0005 0.0003 0.7786 -0.0202 -0.021636 2.979487 11.66 
1.0160 2 1 1 0x0 3.9757 4.0243 3.98 4.02 0.9050 1.0080 0.0003 0.0005 0.7805 -0.0202 -0.024341 2.979479 11.66 
1.0180 2 1 1 0x0 3.9757 4.0243 3.98 4.02 1.0419 0.9139 0.0002 0.0004 0.7825 -0.0203 -0.024341 2.979496 11.66 
1.0200 2 1 1 0x0 3.9784 4.0216 3.98 4.02 1.0456 0.9917 0.0005 0.0002 0.7843 -0.0203 -0.021636 2.979492 11.65 
1.0220 2 1 1 0x0 3.9757 4.0243 3.98 4.02 1.0530 1.0406 0.0007 0.0005 0.7861 -0.0204 -0.024341 2.979472 11.66 
1.0240 2 1 1 0x0 3.9784 4.0216 3.98 4.02 0.8012 0.7773 0.0005 0.0003 0.7880 -0.0204 -0.021636 2.979474 11.65 
1.0260 2 1 1 0x0 3.9757 4.0243 3.98 4.02 1.0259 0.7901 0.0003 0.0006 0.7898 -0.0204 -0.024341 2.979465 11.66 
1.0280 2 1 1 0x0 3.9784 4.0216 3.98 4.02 1.0293 1.0040 0.0006 0.0004 0.7916 -0.0205 -0.021636 2.979437 11.66 
1.0300 2 1 1 0x0 3.9784 4.0216 3.98 4.02 0.9406 0.9172 0.0004 0.0002 0.7936 -0.0205 -0.021636 2.979433 11.65 
1.0320 2 1 1 0x0 3.9757 4.0243 3.98 4.02 1.0773 0.8791 0.0003 0.0005 0.7955 -0.0206 -0.024341 2.979439 11.65 
1.0340 2 1 1 0x0 3.9784 4.0216 3.98 4.02 1.0770 1.0377 0.0005 0.0003 0.7973 -0.0206 -0.021636 2.979425 11.65 
1.0360 2 1 1 0x0 3.9757 4.0243 3.98 4.02 0.8307 1.0163 0.0003 0.0006 0.7991 -0.0207 -0.024341 2.979416 11.66 
1.0380 2 1 1 0x0 3.9784 4.0216 3.98 4.02 0.7853 0.8365 0.0006 0.0004 0.8009 -0.0207 -0.021636 2.979428 11.65 
1.0400 2 1 1 0x0 3.9784 4.0216 3.98 4.02 1.0565 1.0008 0.0004 0.0002 0.8030 -0.0207 -0.021636 2.979430 11.66 
1.0420 2 1 1 0x0 3.9757 4.0243 3.98 4.02 0.8668 1.0501 0.0003 0.0005 0.8048 -0.0208 -0.024341 2.979440 11.65 
1.0440 2 1 1 0x0 3.9784 4.0216 3.98 4.02 0.8633 0.9990 0.0005 0.0003 0.8066 -0.0208 -0.021636 2.979442 11.65 
1.0460 2 1 1 0x0 3.9757 4.0243 3.98 4.02 1.0320 0.9536 0.0003 0.0006 0.8084 -0.0209 -0.024341 2.979427 11.65 
1.0480 2 1 1 0x0 3.9784 4.0216 3.98 4.02 1.0356 1.0127 0.0006 0.0004 0.8103 -0.0209 -0.021636 2.979420 11.66 
1.0500 2 1 1 0x0 3.9757 4.0243 3.98 4.02 0.8137 1.0634 0.0004 0.0007 0.8121 -0.0210 -0.024341 2.979419 11.66 
1.0520 2 1 1 0x0 3.9757 4.0243 3.98 4.02 1.0129 0.8063 0.0002 0.0005 0.8141 -0.0210 -0.024341 2.979409 11.66 
1.0540 2 1 1 0x0 3.9784 4.0216 3.98 4.02 1.0163 1.0472 0.0005 0.0003 0.8159 -0.0210 -0.021636 2.979402 11.66 
1.0560 2 1 1 0x0 3.9757 4.0243 3.98 4.02 0.8974 1.1020 0.0003 0.0006 0.8178 -0.0211 -0.024341 2.979413 11.66 
1.0580 2 1 1 0x0 3.9784 4.0216 3.98 4.02 0.8917 0.9007 0.0006 0.0004 0.8196 -0.0211 -0.021636 2.979413 11.66 
1.0600 2 1 1 0x0 3.9784 4.0216 3.98 4.02 0.9940 1.0800 0.0004 0.0003 0.8216 -0.0212 -0.021636 2.979411 11.66 
1.0620 2 1 1 0x0 3.9784 4.0216 3.98 4.02 0.9976 1.0578 0.0007 0.0005 0.8232 -0.0212 -0.021636 2.979416 11.66 
1.0640 2 1 1 0x0 3.9784 4.0216 3.98 4.02 0.8360 0.7686 0.0005 0.0003 0.8253 -0.0213 -0.021636 2.979417 11.66 
1.0660 2 1 1 0x0 3.9757 4.0243 3.98 4.02 1.0486 0.7803 0.0003 0.0006 0.8271 -0.0213 -0.024341 2.979413 11.66 
1.0680 2 1 1 0x0 3.9784 4.0216 3.98 4.02 1.0521 1.0203 0.0005 0.0004 0.8289 -0.0213 -0.021636 2.979404 11.66 
1.0700 2 1 1 0x0 3.9784 4.0216 3.98 4.02 0.8698 0.9050 0.0004 0.0002 0.8310 -0.0214 -0.021636 2.979403 11.66 
1.0720 2 1 1 0x0 3.9757 4.0243 3.98 4.02 1.0963 0.9221 0.0002 0.0005 0.8328 -0.0214 -0.024341 2.979394 11.66 
1.0740 2 1 1 0x0 3.9784 4.0216 3.98 4.02 1.0259 1.0503 0.0005 0.0004 0.8346 -0.0215 -0.021636 2.979403 11.65 
1.0760 2 1 1 0x0 3.9757 4.0243 3.98 4.02 0.8172 1.1050 0.0003 0.0006 0.8364 -0.0215 -0.024341 2.979407 11.65 
1.0780 2 1 1 0x0 3.9784 4.0216 3.98 4.02 0.8154 0.8281 0.0005 0.0004 0.8383 -0.0215 -0.021636 2.979403 11.66 
1.0800 2 1 1 0x0 3.9784 4.0216 3.98 4.02 1.0077 1.0127 0.0003 0.0002 0.8403 -0.0216 -0.021636 2.979404 11.65 
1.0820 2 1 1 0x0 3.9784 4.0216 3.98 4.02 1.0125 0.9933 0.0006 0.0005 0.8419 -0.0216 -0.021636 2.979405 11.66 
1.0840 2 1 1 0x0 3.9784 4.0216 3.98 4.02 0.8997 0.9271 0.0004 0.0003 0.8439 -0.0217 -0.021636 2.979397 11.65 
1.0860 2 1 1 0x0 3.9757 4.0243 3.98 4.02 0.9838 0.8883 0.0003 0.0006 0.8458 -0.0217 -0.024341 2.979384 11.66 
1.0880 2 1 1 0x0 3.9784 4.0216 3.98 4.02 0.9867 1.0989 0.0005 0.0004 0.8476 -0.0218 -0.021636 2.979405 11.66 
1.0900 2 1 1 0x0 3.9757 4.0243 3.98 4.02 0.7982 1.0757 0.0003 0.0007 0.8494 -0.0218 -0.024341 2.979407 11.65 
1.0920 2 1 1 0x0 3.9784 4.0216 3.98 4.02 0.7565 0.8006 0.0006 0.0005 0.8512 -0.0218 -0.021636 2.979408 11.65 
1.0940 2 1 1 0x0 3.9784 4.0216 3.98 4.02 1.0335 1.0571 0.0004 0.0003 0.8533 -0.0219 -0.021636 2.979420 11.66 
1.0960 2 1 1 0x0 3.9757 4.0243 3.98 4.02 0.9378 1.0345 0.0002 0.0006 0.8551 -0.0219 -0.024341 2.979431 11.66 
1.0980 2 1 1 0x0 3.9784 4.0216 3.98 4.02 0.8804 0.8936 0.0005 0.0004 0.8569 -0.0220 -0.021636 2.979428 11.67 
1.1000 2 1 1 0x0 3.9784 4.0216 3.98 4.02 1.0096 1.0895 0.0003 0.0003 0.8589 -0.0220 -0.021636 2.979433 11.66 
1.1020 2 1 1 0x0 3.9784 4.0216 3.98 4.02 1.0123 1.0668 0.0006 0.0006 0.8606 -0.0220 -0.021636 2.979444 11.65 
1.1040 2 1 1 0x0 3.9784 4.0216 3.98 4.02 0.8265 0.8054 0.0004 0.0004 0.8626 -0.0221 -0.021636 2.979439 11.65 
1.1060 2 1 1 0x0 3.9757 4.0243 3.98 4.02 0.9904 0.7761 0.0002 0.0006 0.8644 -0.0221 -0.024341 2.979442 11.65 
1.1080 2 1 1 0x0 3.9784 4.0216 3.98 4.02 1.0636 1.0278 0.0005 0.0004 0.8662 -0.0222 -0.021636 2.979455 11.65 
1.1100 2 1 1 0x0 3.9784 4.0216 3.98 4.02 0.9134 0.8989 0.0003 0.0003 0.8683 -0.0222 -0.021636 2.979460 11.65 
1.1120 2 1 1 0x0 3.9784 4.0216 3.98 4.02 0.9101 0.8624 0.0006 0.0005 0.8699 -0.0222 -0.021636 2.979469 11.66 
1.1140 2 1 1 0x0 3.9784 4.0216 3.98 4.02 1.0390 1.0596 0.0004 0.0004 0.8719 -0.0223 -0.021636 2.979480 11.66 
1.1160 2 1 1 0x0 3.9784 4.0216 3.98 4.02 1.0394 1.0391 0.0007 0.0007 0.8735 -0.0223 -0.021636 2.979483 11.65 
1.1180 2 1 1 0x0 3.9784 4.0216 3.98 4.02 0.8070 0.7786 0.0005 0.0005 0.8756 -0.0224 -0.021636 2.979486 11.65 
1.1200 2 1 1 0x0 3.9784 4.0216 3.98 4.02 1.0949 1.0232 0.0003 0.0003 0.8776 -0.0224 -0.021636 2.979493 11.65 
1.1220 2 1 1 0x0 3.9784 4.0216 3.98 4.02 1.0219 1.0742 0.0006 0.0005 0.8792 -0.0225 -0.021636 2.979483 11.66 
1.1240 2 1 1 0x0 3.9784 4.0216 3.98 4.02 0.8908 0.8662 0.0004 0.0004 0.8812 -0.0225 -0.021636 2.979476 11.65 
1.1260 2 1 1 0x0 3.9784 4.0216 3.98 4.02 1.0649 1.0543 0.0003 0.0002 0.8833 -0.0225 -0.021636 2.979486 11.65 
1.1280 2 1 1 0x0 3.9784 4.0216 3.98 4.02 1.0692 1.0318 0.0005 0.0005 0.8849 -0.0226 -0.021636 2.979485 11.65 
1.1300 2 1 1 0x0 3.9784 4.0216 3.98 4.02 0.7526 0.8253 0.0003 0.0003 0.8869 -0.0226 -0.021636 2.979479 11.65 
1.1320 2 1 1 0x0 3.9784 4.0216 3.98 4.02 0.7897 0.7946 0.0006 0.0006 0.8885 -0.0227 -0.021636 2.979479 11.65 
1.1340 2 1 1 0x0 3.9784 4.0216 3.98 4.02 1.0480 1.0668 0.0004 0.0004 0.8906 -0.0227 -0.021636 2.979487 11.65 
1.1360 2 1 1 0x0 3.9784 4.0216 3.98 4.02 0.8718 0.9245 0.0002 0.0003 0.8926 -0.0227 -0.021636 2.979485 11.65 
1.1380 2 1 1 0x0 3.9784 4.0216 3.98 4.02 0.8689 0.8863 0.0005 0.0005 0.8942 -0.0228 -0.021636 2.979504 11.65 
1.1400 2 1 1 0x0 3.9784 4.0216 3.98 4.02 1.0239 1.0253 0.0003 0.0004 0.8962 -0.0228 -0.021636 2.979496 11.65 
1.1420 2 1 1 0x0 3.9784 4.0216 3.98 4.02 1.0281 1.0051 0.0006 0.0006 0.8979 -0.0229 -0.021636 2.979480 11.65 
1.1440 2 1 1 0x0 3.9784 4.0216 3.98 4.02 0.8157 0.7586 0.0004 0.0005 0.8999 -0.0229 -0.021636 2.979497 11.65 
1.1460 2 1 1 0x0 3.9784 4.0216 3.98 4.02 1.0068 1.0582 0.0002 0.0003 0.9019 -0.0229 -0.021636 2.979490 11.65 
1.1480 2 1 1 0x0 3.9784 4.0216 3.98 4.02 1.0140 1.0366 0.0004 0.0005 0.9036 -0.0230 -0.021636 2.979501 11.66 
1.1500 2 1 1 0x0 3.9784 4.0216 3.98 4.02 0.9566 0.8923 0.0003 0.0004 0.9056 -0.0230 -0.021636 2.979511 11.65 
1.1520 2 1 1 0x0 3.9811 4.0189 3.98 4.02 0.8969 1.0182 0.0006 0.0002 0.9074 -0.0231 -0.018932 2.979500 11.66 
1.1540 2 1 1 0x0 3.9784 4.0216 3.98 4.02 1.0560 0.9975 0.0004 0.0005 0.9092 -0.0231 -0.021636 2.979473 11.66 
1.1560 2 1 1 0x0 3.9811 4.0189 3.98 4.02 0.9908 0.8042 0.0006 0.0003 0.9111 -0.0231 -0.018932 2.979459 11.65 
1.1580 2 1 1 0x0 3.9784 4.0216 3.98 4.02 0.8405 0.8167 0.0005 0.0006 0.9129 -0.0232 -0.021636 2.979474 11.67 
1.1600 2 1 1 0x0 3.9784 4.0216 3.98 4.02 1.0371 1.0308 0.0003 0.0004 0.9149 -0.0232 -0.021636 2.979470 11.65 
1.1620 2 1 1 0x0 3.9811 4.0189 3.98 4.02 0.9738 0.8964 0.0005 0.0002 0.9167 -0.0233 -0.018932 2.979468 11.65 
1.1640 2 1 1 0x0 3.9784 4.0216 3.98 4.02 0.8747 0.9718 0.0004 0.0005 0.9186 -0.0233 -0.021636 2.979485 11.65 
1.1660 2 1 1 0x0 3.9811 4.0189 3.98 4.02 0.8719 1.0653 0.0006 0.0003 0.9204 -0.0233 -0.018932 2.979486 11.65 
1.1680 2 1 1 0x0 3.9784 4.0216 3.98 4.02 1.0160 1.0414 0.0005 0.0006 0.9222 -0.0234 -0.021636 2.979467 11.65 
1.1700 2 1 1 0x0 3.9784 4.0216 3.98 4.02 0.8242 0.8198 0.0003 0.0004 0.9242 -0.0234 -0.021636 2.979467 11.65 
1.1720 2 1 1 0x0 3.9811 4.0189 3.98 4.02 0.7775 1.0255 0.0005 0.0002 0.9261 -0.0234 -0.018932 2.979476 11.66 
1.1740 2 1 1 0x0 3.9784 4.0216 3.98 4.02 0.9979 1.0773 0.0003 0.0005 0.9279 -0.0235 -0.021636 2.979459 11.66 
1.1760 2 1 1 0x0 3.9811 4.0189 3.98 4.02 1.0010 0.9170 0.0006 0.0003 0.9297 -0.0235 -0.018932 2.979440 11.66 
1.1780 2 1 1 0x0 3.9811 4.0189 3.98 4.02 0.9075 1.0573 0.0004 0.0002 0.9317 -0.0236 -0.018932 2.979441 11.65 
1.1800 2 1 1 0x0 3.9784 4.0216 3.98 4.02 1.0410 1.0361 0.0003 0.0004 0.9336 -0.0236 -0.021636 2.979422 11.65 
1.1820 2 1 1 0x0 3.9811 4.0189 3.98 4.02 1.0458 0.7803 0.0005 0.0003 0.9354 -0.0236 -0.018932 2.979407 11.65 
1.1840 2 1 1 0x0 3.9784 4.0216 3.98 4.02 0.8052 0.7921 0.0004 0.0005 0.9372 -0.0237 -0.021636 2.979409 11.65 
1.1860 2 1 1 0x0 3.9811 4.0189 3.98 4.02 0.8024 0.9998 0.0006 0.0003 0.9390 -0.0237 -0.018932 2.979412 11.65 
1.1880 2 1 1 0x0 3.9784 4.0216 3.98 4.02 1.0271 1.0492 0.0004 0.0006 0.9409 -0.0237 -0.021636 2.979399 11.65 
1.1900 2 1 1 0x0 3.9784 4.0216 3.98 4.02 0.8899 0.8833 0.0003 0.0004 0.9429 -0.0238 -0.021636 2.979403 11.65 
1.1920 2 1 1 0x0 3.9811 4.0189 3.98 4.02 0.8869 1.0296 0.0005 0.0003 0.9447 -0.0238 -0.018932 2.979393 11.65 
1.1940 2 1 1 0x0 3.9784 4.0216 3.98 4.02 1.0704 1.0089 0.0004 0.0006 0.9465 -0.0239 -0.021636 2.979395 11.66 
1.1960 2 1 1 0x0 3.9811 4.0189 3.98 4.02 1.0744 0.7562 0.0006 0.0004 0.9484 -0.0239 -0.018932 2.979397 11.66 
1.1980 2 1 1 0x0 3.9784 4.0216 3.98 4.02 0.7889 0.7681 0.0005 0.0006 0.9502 -0.0239 -0.021636 2.979389 11.66 
1.2000 2 1 1 0x0 3.9784 4.0216 3.98 4.02 1.0477 0.9734 0.0003 0.0004 0.9522 -0.0240 -0.021636 2.979359 11.65 
1.2020 2 1 1 0x0 3.9811 4.0189 3.98 4.02 1.0518 0.9444 0.0006 0.0003 0.9540 -0.0240 -0.018932 2.979349 11.65 
1.2040 2 1 1 0x0 3.9784 4.0216 3.98 4.02 0.8694 0.9045 0.0004 0.0005 0.9559 -0.0241 -0.021636 2.979362 11.65 
1.2060 2 1 1 0x0 3.9784 4.0216 3.98 4.02 1.0200 1.0747 0.0002 0.0004 0.9579 -0.0241 -0.021636 2.979355 11.65 
1.2080 2 1 1 0x0 3.9784 4.0216 3.98 4.02 1.0238 1.0523 0.0005 0.0006 0.9595 -0.0241 -0.021636 2.979352 11.66 
1.2100 2 1 1 0x0 3.9784 4.0216 3.98 4.02 0.8183 0.8143 0.0003 0.0005 0.9616 -0.0242 -0.021636 2.979377 11.66 
1.2120 2 1 1 0x0 3.9811 4.0189 3.98 4.02 0.8163 1.0340 0.0006 0.0003 0.9634 -0.0242 -0.018932 2.979373 11.65 
1.2140 2 1 1 0x0 3.9784 4.0216 3.98 4.02 1.0057 1.0866 0.0004 0.0005 0.9652 -0.0242 -0.021636 2.979374 11.65 
1.2160 2 1 1 0x0 3.9811 4.0189 3.98 4.02 1.0097 0.9101 0.0006 0.0004 0.9670 -0.0243 -0.018932 2.979376 11.65 
1.2180 2 1 1 0x0 3.9811 4.0189 3.98 4.02 0.8477 1.0675 0.0005 0.0002 0.9691 -0.0243 -0.018932 2.979365 11.65 
1.2200 2 1 1 0x0 3.9784 4.0216 3.98 4.02 0.9861 1.0457 0.0003 0.0005 0.9709 -0.0244 -0.021636 2.979370 11.65 
1.2220 2 1 1 0x0 3.9811 4.0189 3.98 4.02 0.9901 0.7751 0.0005 0.0003 0.9727 -0.0244 -0.018932 2.979392 11.66 
1.2240 2 1 1 0x0 3.9784 4.0216 3.98 4.02 0.7542 0.7871 0.0003 0.0005 0.9745 -0.0244 -0.021636 2.979393 11.65 
1.2260 2 1 1 0x0 3.9811 4.0189 3.98 4.02 0.7523 1.0081 0.0006 0.0004 0.9764 -0.0245 -0.018932 2.979395 11.65 
1.2280 2 1 1 0x0 3.9784 4.0216 3.98 4.02 1.0420 1.0580 0.0004 0.0006 0.9782 -0.0245 -0.021636 2.979420 11.65 
1.2300 2 1 1 0x0 3.9784 4.0216 3.98 4.02 0.9303 0.9312 0.0002 0.0005 0.9802 -0.0246 -0.021636 2.979422 11.65 
1.2320 2 1 1 0x0 3.9811 4.0189 3.98 4.02 0.8710 1.0387 0.0005 0.0003 0.9820 -0.0246 -0.018932 2.979416 11.65 
1.2340 2 1 1 0x0 3.9784 4.0216 3.98 4.02 1.0950 1.0188 0.0003 0.0005 0.9839 -0.0246 -0.021636 2.979439 11.65 
1.2360 2 1 1 0x0 3.9811 4.0189 3.98 4.02 1.0249 0.7511 0.0006 0.0004 0.9857 -0.0247 -0.018932 2.979454 11.66 
1.2380 2 1 1 0x0 3.9784 4.0216 3.98 4.02 0.8181 0.8037 0.0004 0.0006 0.9875 -0.0247 -0.021636 2.979443 11.65 
1.2400 2 1 1 0x0 3.9811 4.0189 3.98 4.02 0.8153 0.9824 0.0006 0.0004 0.9893 -0.0247 -0.018932 2.979455 11.65 
1.2420 2 1 1 0x0 3.9811 4.0189 3.98 4.02 1.0788 0.8818 0.0005 0.0002 0.9914 -0.0248 -0.018932 2.979470 11.65 
1.2440 2 1 1 0x0 3.9784 4.0216 3.98 4.02 0.9623 0.8983 0.0003 0.0005 0.9932 -0.0248 -0.021636 2.979483 11.65 
1.2460 2 1 1 0x0 3.9811 4.0189 3.98 4.02 0.8990 1.0833 0.0005 0.0004 0.9950 -0.0248 -0.018932 2.979489 11.65 
1.2480 2 1 1 0x0 3.9784 4.0216 3.98 4.02 1.0508 0.9893 0.0004 0.0006 0.9968 -0.0249 -0.021636 2.979511 11.66 
1.2500 2 1 1 0x0 3.9811 4.0189 3.98 4.02 1.0553 0.8094 0.0007 0.0004 0.9987 -0.0249 -0.018932 2.979517 11.67 
1.2520 2 1 1 0x0 3.9811 4.0189 3.98 4.02 0.8440 1.0412 0.0005 0.0002 1.0007 -0.0250 -0.018932 2.979510 11.65 
1.2540 2 1 1 0x0 3.9784 4.0216 3.98 4.02 1.0324 1.0198 0.0003 0.0005 1.0025 -0.0250 -0.021636 2.979514 11.65 
1.2560 2 1 1 0x0 3.9811 4.0189 3.98 4.02 1.0371 0.9630 0.0006 0.0003 1.0043 -0.0250 -0.018932 2.979512 11.65 
1.2580 2 1 1 0x0 3.9811 4.0189 3.98 4.02 0.8797 1.0739 0.0004 0.0002 1.0064 -0.0251 -0.018932 2.979511 11.65 
1.2600 2 1 1 0x0 3.9784 4.0216 3.98 4.02 1.0815 0.9825 0.0002 0.0005 1.0082 -0.0251 -0.021636 2.979529 11.65 
1.2620 2 1 1 0x0 3.9811 4.0189 3.98 4.02 1.0861 0.8143 0.0005 0.0003 1.0100 -0.0252 -0.018932 2.979545 11.65 
1.2640 2 1 1 0x0 3.9784 4.0216 3.98 4.02 0.7825 0.7846 0.0003 0.0005 1.0118 -0.0252 -0.021636 2.979546 11.65 
1.2660 2 1 1 0x0 3.9811 4.0189 3.98 4.02 0.8247 1.0120 0.0006 0.0004 1.0137 -0.0252 -0.018932 2.979566 11.65 
1.2680 2 1 1 0x0 3.9784 4.0216 3.98 4.02 1.0671 1.0624 0.0004 0.0006 1.0155 -0.0253 -0.021636 2.979586 11.65 
1.2700 2 1 1 0x0 3.9811 4.0189 3.98 4.02 0.9978 0.9282 0.0006 0.0005 1.0173 -0.0253 -0.018932 2.979579 11.66 
1.2720 2 1 1 0x0 3.9811 4.0189 3.98 4.02 0.9091 1.0443 0.0005 0.0003 1.0193 -0.0253 -0.018932 2.979589 11.66 
1.2740 2 1 1 0x0 3.9784 4.0216 3.98 4.02 1.0387 1.0220 0.0003 0.0005 1.0212 -0.0254 -0.021636 2.979603 11.66 
1.2760 2 1 1 0x0 3.9811 4.0189 3.98 4.02 1.0465 0.8323 0.0005 0.0003 1.0230 -0.0254 -0.018932 2.979598 11.65 
1.2780 2 1 1 0x0 3.9784 4.0216 3.98 4.02 0.8045 0.7600 0.0004 0.0006 1.0248 -0.0255 -0.021636 2.979581 11.65 
1.2800 2 1 1 0x0 3.9784 4.0216 3.98 4.02 1.0209 0.9872 0.0002 0.0004 1.0269 -0.0255 -0.021636 2.979583 11.65 
1.2820 2 1 1 0x0 3.9811 4.0189 3.98 4.02 1.0291 0.9320 0.0004 0.0003 1.0287 -0.0255 -0.018932 2.979598 11.65 
1.2840 2 1 1 0x0 3.9784 4.0216 3.98 4.02 0.8847 0.8927 0.0003 0.0005 1.0305 -0.0256 -0.021636 2.979596 11.66 
1.2860 2 1 1 0x0 3.9811 4.0189 3.98 4.02 0.8818 1.0178 0.0005 0.0003 1.0323 -0.0256 -0.018932 2.979602 11.65 
1.2880 2 1 1 0x0 3.9784 4.0216 3.98 4.02 1.0806 0.9978 0.0004 0.0006 1.0342 -0.0256 -0.021636 2.979603 11.65 
1.2900 2 1 1 0x0 3.9811 4.0189 3.98 4.02 1.0114 0.8044 0.0006 0.0004 1.0360 -0.0257 -0.018932 2.979599 11.65 
1.2920 2 1 1 0x0 3.9811 4.0189 3.98 4.02 0.8262 1.0510 0.0004 0.0002 1.0380 -0.0257 -0.018932 2.979617 11.65 
1.2940 2 1 1 0x0 3.9784 4.0216 3.98 4.02 0.9907 1.0297 0.0002 0.0005 1.0398 -0.0258 -0.021636 2.979602 11.66 
1.2960 2 1 1 0x0 3.9811 4.0189 3.98 4.02 1.0674 0.8970 0.0005 0.0003 1.0417 -0.0258 -0.018932 2.979586 11.65 
1.2980 2 1 1 0x0 3.9784 4.0216 3.98 4.02 0.9111 0.9130 0.0003 0.0006 1.0435 -0.0258 -0.021636 2.979594 11.66 
1.3000 2 1 1 0x0 3.9811 4.0189 3.98 4.02 0.8539 1.0631 0.0005 0.0004 1.0453 -0.0259 -0.018932 2.979592 11.66 
1.3020 2 1 1 0x0 3.9784 4.0216 3.98 4.02 1.0420 1.0405 0.0004 0.0007 1.0471 -0.0259 -0.021636 2.979581 11.66 
1.3040 2 1 1 0x0 3.9811 4.0189 3.98 4.02 1.0497 0.7777 0.0006 0.0005 1.0490 -0.0259 -0.018932 2.979601 11.66 
1.3060 2 1 1 0x0 3.9811 4.0189 3.98 4.02 0.8026 1.0238 0.0004 0.0003 1.0510 -0.0260 -0.018932 2.979608 11.66 
1.3080 2 1 1 0x0 3.9784 4.0216 3.98 4.02 1.0276 1.0038 0.0003 0.0005 1.0528 -0.0260 -0.021636 2.979580 11.66 
1.3100 2 1 1 0x0 3.9811 4.0189 3.98 4.02 1.0311 0.9171 0.0005 0.0004 1.0546 -0.0261 -0.018932 2.979572 11.65 
1.3120 2 1 1 0x0 3.9811 4.0189 3.98 4.02 0.8840 1.0576 0.0003 0.0002 1.0567 -0.0261 -0.018932 2.979585 11.66 
1.3140 2 1 1 0x0 3.9811 4.0189 3.98 4.02 0.8307 1.0358 0.0006 0.0005 1.0583 -0.0261 -0.018932 2.979570 11.66 
1.3160 2 1 1 0x0 3.9784 4.0216 3.98 4.02 1.0820 1.0155 0.0004 0.0007 1.0601 -0.0262 -0.021636 2.979564 11.66 
1.3180 2 1 1 0x0 3.9811 4.0189 3.98 4.02 1.0864 0.7918 0.0007 0.0005 1.0619 -0.0262 -0.018932 2.979582 11.66 
1.3200 2 1 1 0x0 3.9811 4.0189 3.98 4.02 0.7808 1.0015 0.0005 0.0003 1.0640 -0.0262 -0.018932 2.979584 11.65 
1.3220 2 1 1 0x0 3.9784 4.0216 3.98 4.02 1.0647 1.0514 0.0003 0.0006 1.0658 -0.0263 -0.021636 2.979578 11.65 
1.3240 2 1 1 0x0 3.9811 4.0189 3.98 4.02 1.0631 0.9364 0.0006 0.0004 1.0676 -0.0263 -0.018932 2.979589 11.66 
1.3260 2 1 1 0x0 3.9811 4.0189 3.98 4.02 0.9154 1.0327 0.0004 0.0002 1.0696 -0.0264 -0.018932 2.979595 11.66 
1.3280 2 1 1 0x0 3.9784 4.0216 3.98 4.02 1.0350 1.0137 0.0002 0.0005 1.0715 -0.0264 -0.021636 2.979577 11.65 
1.3300 2 1 1 0x0 3.9811 4.0189 3.98 4.02 1.0391 0.7930 0.0005 0.0003 1.0733 -0.0264 -0.018932 2.979570 11.65 
1.3320 2 1 1 0x0 3.9784 4.0216 3.98 4.02 0.8095 0.7645 0.0003 0.0005 1.0751 -0.0265 -0.021636 2.979569 11.65 
1.3340 2 1 1 0x0 3.9811 4.0189 3.98 4.02 0.8072 1.0480 0.0006 0.0004 1.0769 -0.0265 -0.018932 2.979557 11.66 
1.3360 2 1 1 0x0 3.9784 4.0216 3.98 4.02 1.0930 1.0278 0.0004 0.0006 1.0788 -0.0265 -0.021636 2.979560 11.65 
1.3380 2 1 1 0x0 3.9811 4.0189 3.98 4.02 1.0197 0.8987 0.0007 0.0004 1.0806 -0.0266 -0.018932 2.979575 11.65 
1.3400 2 1 1 0x0 3.9811 4.0189 3.98 4.02 0.9487 1.0095 0.0005 0.0003 1.0826 -0.0266 -0.018932 2.979582 11.65 
1.3420 2 1 1 0x0 3.9784 4.0216 3.98 4.02 0.9929 1.0615 0.0003 0.0005 1.0844 -0.0267 -0.021636 2.979593 11.65 
1.3440 2 1 1 0x0 3.9811 4.0189 3.98 4.02 0.9955 0.8549 0.0006 0.0004 1.0863 -0.0267 -0.018932 2.979602 11.65 
1.3460 2 1 1 0x0 3.9784 4.0216 3.98 4.02 0.8367 0.8221 0.0004 0.0006 1.0881 -0.0267 -0.021636 2.979597 11.65 
1.3480 2 1 1 0x0 3.9811 4.0189 3.98 4.02 0.7886 1.0224 0.0006 0.0004 1.0899 -0.0268 -0.018932 2.979596 11.65 
1.3500 2 1 1 0x0 3.9811 4.0189 3.98 4.02 0.9795 0.9608 0.0005 0.0003 1.0920 -0.0268 -0.018932 2.979600 11.65 
1.3520 2 1 1 0x0 3.9784 4.0216 3.98 4.02 0.8732 0.9188 0.0003 0.0005 1.0938 -0.0268 -0.021636 2.979589 11.65 
1.3540 2 1 1 0x0 3.9811 4.0189 3.98 4.02 0.9236 0.9857 0.0006 0.0004 1.0956 -0.0269 -0.018932 2.979569 11.65 
1.3560 2 1 1 0x0 3.9784 4.0216 3.98 4.02 1.0218 1.0334 0.0004 0.0006 1.0974 -0.0269 -0.021636 2.979566 11.65 
1.3580 2 1 1 0x0 3.9811 4.0189 3.98 4.02 1.0258 0.8251 0.0007 0.0004 1.0993 -0.0270 -0.018932 2.979565 11.66 
1.3600 2 1 1 0x0 3.9811 4.0189 3.98 4.02 0.7357 1.0176 0.0005 0.0002 1.1013 -0.0270 -0.018932 2.979556 11.65 
1.3620 2 1 1 0x0 3.9784 4.0216 3.98 4.02 1.0758 1.0703 0.0003 0.0005 1.1031 -0.0270 -0.021636 2.979550 11.65 
1.3640 2 1 1 0x0 3.9811 4.0189 3.98 4.02 1.0078 0.9224 0.0005 0.0003 1.1049 -0.0271 -0.018932 2.979562 11.65 
1.3660 2 1 1 0x0 3.9784 4.0216 3.98 4.02 0.8500 0.8834 0.0004 0.0006 1.1068 -0.0271 -0.021636 2.979566 11.64 
1.3680 2 1 1 0x0 3.9784 4.0216 3.98 4.02 1.0499 1.0306 0.0002 0.0004 1.1088 -0.0271 -0.021636 2.979582 11.65 
1.3700 2 1 1 0x0 3.9784 4.0216 3.98 4.02 1.0536 1.0827 0.0005 0.0007 1.1104 -0.0272 -0.021636 2.979578 11.65 
1.3720 2 1 1 0x0 3.9784 4.0216 3.98 4.02 0.8455 0.7958 0.0003 0.0005 1.1124 -0.0272 -0.021636 2.979552 11.66 
1.3740 2 1 1 0x0 3.9811 4.0189 3.98 4.02 0.7965 0.9962 0.0005 0.0003 1.1143 -0.0273 -0.018932 2.979531 11.66 
1.3760 2 1 1 0x0 3.9784 4.0216 3.98 4.02 1.0371 0.9763 0.0003 0.0005 1.1161 -0.0273 -0.021636 2.979560 11.66 
1.3780 2 1 1 0x0 3.9811 4.0189 3.98 4.02 1.0444 0.8863 0.0006 0.0004 1.1179 -0.0273 -0.018932 2.979559 11.66 
1.3800 2 1 1 0x0 3.9784 4.0216 3.98 4.02 0.9306 0.9018 0.0004 0.0006 1.1197 -0.0274 -0.021636 2.979549 11.65 
1.3820 2 1 1 0x0 3.9784 4.0216 3.98 4.02 1.0131 1.0804 0.0002 0.0005 1.1218 -0.0274 -0.021636 2.979572 11.65 
1.3840 2 1 1 0x0 3.9811 4.0189 3.98 4.02 1.0167 0.7577 0.0005 0.0003 1.1236 -0.0275 -0.018932 2.979584 11.65 
1.3860 2 1 1 0x0 3.9784 4.0216 3.98 4.02 0.8205 0.8107 0.0003 0.0005 1.1254 -0.0275 -0.021636 2.979557 11.65 
1.3880 2 1 1 0x0 3.9811 4.0189 3.98 4.02 0.8183 1.0404 0.0005 0.0003 1.1272 -0.0275 -0.018932 2.979565 11.65 
1.3900 2 1 1 0x0 3.9784 4.0216 3.98 4.02 1.0026 1.0193 0.0004 0.0006 1.1291 -0.0276 -0.021636 2.979585 11.65 
1.3920 2 1 1 0x0 3.9811 4.0189 3.98 4.02 1.0816 0.9057 0.0006 0.0004 1.1309 -0.0276 -0.018932 2.979573 11.65 
1.3940 2 1 1 0x0 3.9811 4.0189 3.98 4.02 0.9002 1.0737 0.0004 0.0003 1.1329 -0.0276 -0.018932 2.979553 11.65 
1.3960 2 1 1 0x0 3.9784 4.0216 3.98 4.02 0.9841 1.0513 0.0003 0.0005 1.1347 -0.0277 -0.021636 2.979562 11.65 
1.3980 2 1 1 0x0 3.9811 4.0189 3.98 4.02 1.0569 0.7722 0.0005 0.0003 1.1366 -0.0277 -0.018932 2.979573 11.66 
1.4000 2 1 1 0x0 3.9784 4.0216 3.98 4.02 0.8423 0.8277 0.0003 0.0006 1.1384 -0.0278 -0.021636 2.979583 11.66 
1.4020 2 1 1 0x0 3.9811 4.0189 3.98 4.02 0.7936 1.0126 0.0006 0.0004 1.1402 -0.0278 -0.018932 2.979599 11.66 
1.4040 2 1 1 0x0 3.9811 4.0189 3.98 4.02 1.0425 0.9107 0.0004 0.0002 1.1422 -0.0278 -0.018932 2.979600 11.65 
1.4060 2 1 1 0x0 3.9811 4.0189 3.98 4.02 1.0462 0.8739 0.0006 0.0005 1.1439 -0.0279 -0.018932 2.979593 11.65 
1.4080 2 1 1 0x0 3.9811 4.0189 3.98 4.02 0.8732 1.0433 0.0005 0.0003 1.1459 -0.0279 -0.018932 2.979601 11.65 
1.4100 2 1 1 0x0 3.9784 4.0216 3.98 4.02 1.0188 1.0216 0.0003 0.0006 1.1477 -0.0279 -0.021636 2.979593 11.65 
1.4120 2 1 1 0x0 3.9811 4.0189 3.98 4.02 1.0228 0.7890 0.0006 0.0004 1.1495 -0.0280 -0.018932 2.979593 11.65 
1.4140 2 1 1 0x0 3.9784 4.0216 3.98 4.02 0.8193 0.8018 0.0004 0.0006 1.1514 -0.0280 -0.021636 2.979604 11.66 
1.4160 2 1 1 0x0 3.9811 4.0189 3.98 4.02 0.8141 1.0552 0.0006 0.0005 1.1532 -0.0280 -0.018932 2.979601 11.64 
1.4180 2 1 1 0x0 3.9811 4.0189 3.98 4.02 1.0087 0.8789 0.0004 0.0003 1.1552 -0.0281 -0.018932 2.979594 11.65 
1.4200 2 1 1 0x0 3.9784 4.0216 3.98 4.02 0.9038 0.8944 0.0003 0.0006 1.1570 -0.0281 -0.021636 2.979605 11.64 
1.4220 2 1 1 0x0 3.9811 4.0189 3.98 4.02 0.9011 1.0152 0.0005 0.0004 1.1589 -0.0282 -0.018932 2.979618 11.65 
1.4240 2 1 1 0x0 3.9784 4.0216 3.98 4.02 1.0547 1.0667 0.0003 0.0007 1.1607 -0.0282 -0.021636 2.979613 11.65 
1.4260 2 1 1 0x0 3.9811 4.0189 3.98 4.02 0.9866 0.7643 0.0006 0.0005 1.1625 -0.0282 -0.018932 2.979630 11.65 
1.4280 2 1 1 0x0 3.9811 4.0189 3.98 4.02 0.8445 1.0488 0.0004 0.0003 1.1646 -0.0283 -0.018932 2.979634 11.65 
1.4300 2 1 1 0x0 3.9784 4.0216 3.98 4.02 1.0348 1.0269 0.0002 0.0005 1.1664 -0.0283 -0.021636 2.979625 11.65 
1.4320 2 1 1 0x0 3.9811 4.0189 3.98 4.02 1.0385 0.9567 0.0005 0.0004 1.1682 -0.0283 -0.018932 2.979623 11.65 
1.4340 2 1 1 0x0 3.9811 4.0189 3.98 4.02 0.8789 1.0087 0.0003 0.0002 1.1702 -0.0284 -0.018932 2.979634 11.66 
1.4360 2 1 1 0x0 3.9811 4.0189 3.98 4.02 0.9933 1.0585 0.0006 0.0005 1.1719 -0.0284 -0.018932 2.979650 11.65 
1.4380 2 1 1 0x0 3.9811 4.0189 3.98 4.02 1.0872 0.8094 0.0004 0.0003 1.1739 -0.0285 -0.018932 2.979644 11.65 
1.4400 2 1 1 0x0 3.9811 4.0189 3.98 4.02 1.0913 0.8237 0.0007 0.0006 1.1755 -0.0285 -0.018932 2.979664 11.65 
1.4420 2 1 1 0x0 3.9811 4.0189 3.98 4.02 0.7805 1.0187 0.0005 0.0004 1.1775 -0.0285 -0.018932 2.979669 11.66 
1.4440 2 1 1 0x0 3.9784 4.0216 3.98 4.02 0.9955 0.9979 0.0003 0.0006 1.1794 -0.0286 -0.021636 2.979671 11.65 
1.4460 2 1 1 0x0 3.9811 4.0189 3.98 4.02 0.9987 0.9225 0.0006 0.0005 1.1812 -0.0286 -0.018932 2.979666 11.66 
1.4480 2 1 1 0x0 3.9811 4.0189 3.98 4.02 0.8560 1.0507 0.0004 0.0003 1.1832 -0.0286 -0.018932 2.979653 11.65 
1.4500 2 1 1 0x0 3.9784 4.0216 3.98 4.02 1.0419 1.1054 0.0002 0.0006 1.1850 -0.0287 -0.021636 2.979650 11.65 
1.4520 2 1 1 0x0 3.9811 4.0189 3.98 4.02 0.9777 0.8277 0.0004 0.0004 1.1869 -0.0287 -0.018932 2.979660 11.65 
1.4540 2 1 1 0x0 3.9811 4.0189 3.98 4.02 1.0520 0.8416 0.0007 0.0006 1.1885 -0.0287 -0.018932 2.979667 11.66 
1.4560 2 1 1 0x0 3.9811 4.0189 3.98 4.02 0.7592 1.0630 0.0005 0.0005 1.1905 -0.0288 -0.018932 2.979669 11.65 
1.4580 2 1 1 0x0 3.9811 4.0189 3.98 4.02 1.0286 0.8743 0.0003 0.0003 1.1925 -0.0288 -0.018932 2.979667 11.66 
1.4600 2 1 1 0x0 3.9811 4.0189 3.98 4.02 1.0348 0.8894 0.0005 0.0006 1.1942 -0.0288 -0.018932 2.979679 11.66 
1.4620 2 1 1 0x0 3.9811 4.0189 3.98 4.02 0.8820 1.0225 0.0004 0.0004 1.1962 -0.0289 -0.018932 2.979681 11.65 
1.4640 2 1 1 0x0 3.9784 4.0216 3.98 4.02 1.0058 1.0020 0.0002 0.0007 1.1980 -0.0289 -0.021636 2.979681 11.65 
1.4660 2 1 1 0x0 3.9811 4.0189 3.98 4.02 1.0090 0.7601 0.0005 0.0005 1.1998 -0.0290 -0.018932 2.979681 11.65 
1.4680 2 1 1 0x0 3.9811 4.0189 3.98 4.02 0.7842 1.0562 0.0003 0.0003 1.2019 -0.0290 -0.018932 2.979666 11.65 
1.4700 2 1 1 0x0 3.9811 4.0189 3.98 4.02 0.8252 0.9682 0.0005 0.0005 1.2035 -0.0290 -0.018932 2.979665 11.65 
1.4720 2 1 1 0x0 3.9811 4.0189 3.98 4.02 1.0606 0.8932 0.0003 0.0003 1.2055 -0.0291 -0.018932 2.979675 11.65 
1.4740 2 1 1 0x0 3.9838 4.0162 3.98 4.02 1.0679 1.0166 0.0006 0.0002 1.2073 -0.0291 -0.016227 2.979680 11.66 
1.4760 2 1 1 0x0 3.9811 4.0189 3.98 4.02 0.9136 0.9966 0.0004 0.0005 1.2092 -0.0291 -0.018932 2.979681 11.65 
1.4780 2 1 1 0x0 3.9811 4.0189 3.98 4.02 1.0330 0.8045 0.0003 0.0003 1.2112 -0.0292 -0.018932 2.979683 11.65 
1.4800 2 1 1 0x0 3.9811 4.0189 3.98 4.02 1.0357 0.7750 0.0005 0.0005 1.2128 -0.0292 -0.018932 2.979676 11.65 
1.4820 2 1 1 0x0 3.9811 4.0189 3.98 4.02 0.8114 1.0289 0.0003 0.0004 1.2148 -0.0292 -0.018932 2.979668 11.64 
1.4840 2 1 1 0x0 3.9811 4.0189 3.98 4.02 0.8090 1.0085 0.0006 0.0006 1.2165 -0.0293 -0.018932 2.979677 11.65 
1.4860 2 1 1 0x0 3.9811 4.0189 3.98 4.02 1.0885 0.9148 0.0004 0.0004 1.2185 -0.0293 -0.018932 2.979673 11.65 
1.4880 2 1 1 0x0 3.9811 4.0189 3.98 4.02 0.8466 1.0610 0.0002 0.0003 1.2205 -0.0293 -0.018932 2.979667 11.65 
1.4900 2 1 1 0x0 3.9811 4.0189 3.98 4.02 0.8937 1.0386 0.0005 0.0005 1.2221 -0.0294 -0.018932 2.979680 11.65 
1.4920 2 1 1 0x0 3.9811 4.0189 3.98 4.02 1.0608 0.7791 0.0003 0.0003 1.2242 -0.0294 -0.018932 2.979679 11.65 
1.4940 2 1 1 0x0 3.9811 4.0189 3.98 4.02 1.0612 0.7915 0.0006 0.0006 1.2258 -0.0294 -0.018932 2.979677 11.65 
1.4960 2 1 1 0x0 3.9811 4.0189 3.98 4.02 0.8412 1.0730 0.0004 0.0004 1.2278 -0.0295 -0.018932 2.979685 11.64 
1.4980 2 1 1 0x0 3.9811 4.0189 3.98 4.02 1.0388 0.9201 0.0002 0.0003 1.2299 -0.0295 -0.018932 2.979699 11.65 
1.5000 2 1 1 0x0 3.9811 4.0189 3.98 4.02 1.0390 0.8822 0.0005 0.0005 1.2315 -0.0296 -0.018932 2.979684 11.65 
1.5020 2 1 1 0x0 3.9811 4.0189 3.98 4.02 0.9339 1.0323 0.0003 0.0003 1.2335 -0.0296 -0.018932 2.979676 11.66 
1.5040 2 1 1 0x0 3.9811 4.0189 3.98 4.02 0.8745 1.0111 0.0006 0.0006 1.2351 -0.0296 -0.018932 2.979686 11.66 
1.5060 2 1 1 0x0 3.9811 4.0189 3.98 4.02 1.0892 0.8396 0.0004 0.0004 1.2372 -0.0297 -0.018932 2.979677 11.65 
1.5080 2 1 1 0x0 3.9838 4.0162 3.98 4.02 1.0925 1.0675 0.0007 0.0002 1.2390 -0.0297 -0.016227 2.979678 11.65 
1.5100 2 1 1 0x0 3.9811 4.0189 3.98 4.02 0.7801 1.0453 0.0005 0.0005 1.2408 -0.0297 -0.018932 2.979675 11.66 
1.5120 2 1 1 0x0 3.9811 4.0189 3.98 4.02 1.0693 0.9414 0.0003 0.0003 1.2428 -0.0298 -0.018932 2.979674 11.65 
1.5140 2 1 1 0x0 3.9811 4.0189 3.98 4.02 1.0732 0.9017 0.0005 0.0006 1.2445 -0.0298 -0.018932 2.979681 11.65 
1.5160 2 1 1 0x0 3.9811 4.0189 3.98 4.02 0.8579 1.0787 0.0004 0.0004 1.2465 -0.0298 -0.018932 2.979684 11.65 
1.5180 2 1 1 0x0 3.9784 4.0216 3.98 4.02 1.0381 0.9860 0.0002 0.0007 1.2483 -0.0299 -0.021636 2.979675 11.65 
1.5200 2 1 1 0x0 3.9811 4.0189 3.98 4.02 0.9744 0.8118 0.0005 0.0005 1.2501 -0.0299 -0.018932 2.979668 11.65 
1.5220 2 1 1 0x0 3.9811 4.0189 3.98 4.02 0.8062 1.0385 0.0003 0.0003 1.2522 -0.0299 -0.018932 2.979676 11.65 
1.5240 2 1 1 0x0 3.9811 4.0189 3.98 4.02 0.8044 1.0913 0.0005 0.0006 1.2538 -0.0300 -0.018932 2.979679 11.65 
1.5260 2 1 1 0x0 3.9811 4.0189 3.98 4.02 1.0241 0.9077 0.0003 0.0004 1.2558 -0.0300 -0.018932 2.979672 11.65 
1.5280 2 1 1 0x0 3.9838 4.0162 3.98 4.02 1.0307 1.0705 0.0006 0.0003 1.2576 -0.0300 -0.016227 2.979663 11.65 
1.5300 2 1 1 0x0 3.9811 4.0189 3.98 4.02 0.8850 1.0492 0.0004 0.0005 1.2595 -0.0301 -0.018932 2.979673 11.65 
1.5320 2 1 1 0x0 3.9811 4.0189 3.98 4.02 1.0728 0.7733 0.0002 0.0003 1.2615 -0.0301 -0.018932 2.979671 11.65 
1.5340 2 1 1 0x0 3.9811 4.0189 3.98 4.02 1.0049 0.8290 0.0005 0.0006 1.2631 -0.0301 -0.018932 2.979671 11.66 
1.5360 2 1 1 0x0 3.9811 4.0189 3.98 4.02 0.7866 1.0104 0.0003 0.0004 1.2651 -0.0302 -0.018932 2.979694 11.65 
1.5380 2 1 1 0x0 3.9838 4.0162 3.98 4.02 0.7846 0.9121 0.0005 0.0003 1.2670 -0.0302 -0.016227 2.979697 11.65 
1.5400 2 1 1 0x0 3.9811 4.0189 3.98 4.02 0.9882 0.8751 0.0003 0.0005 1.2688 -0.0303 -0.018932 2.979682 11.64 
1.5420 2 1 1 0x0 3.9838 4.0162 3.98 4.02 1.0647 1.0411 0.0006 0.0004 1.2706 -0.0303 -0.016227 2.979689 11.65 
1.5440 2 1 1 0x0 3.9811 4.0189 3.98 4.02 0.8615 1.0953 0.0004 0.0006 1.2724 -0.0303 -0.018932 2.979690 11.65 
1.5460 2 1 1 0x0 3.9811 4.0189 3.98 4.02 1.0327 0.7894 0.0002 0.0004 1.2745 -0.0304 -0.018932 2.979680 11.65 
1.5480 2 1 1 0x0 3.9838 4.0162 3.98 4.02 1.0368 1.0036 0.0005 0.0002 1.2763 -0.0304 -0.016227 2.979665 11.65 
1.5500 2 1 1 0x0 3.9811 4.0189 3.98 4.02 0.8087 0.9837 0.0003 0.0005 1.2781 -0.0304 -0.018932 2.979681 11.65 
1.5520 2 1 1 0x0 3.9838 4.0162 3.98 4.02 0.7656 0.8810 0.0006 0.0003 1.2799 -0.0305 -0.016227 2.979692 11.66 
1.5540 2 1 1 0x0 3.9811 4.0189 3.98 4.02 1.0955 0.8978 0.0004 0.0006 1.2818 -0.0305 -0.018932 2.979693 11.65 
1.5560 2 1 1 0x0 3.9838 4.0162 3.98 4.02 1.0242 1.0855 0.0006 0.0004 1.2836 -0.0305 -0.016227 2.979695 11.65 
1.5580 2 1 1 0x0 3.9811 4.0189 3.98 4.02 0.8895 0.9918 0.0005 0.0007 1.2854 -0.0305 -0.018932 2.979702 11.65 
1.5600 2 1 1 0x0 3.9811 4.0189 3.98 4.02 1.0664 0.8073 0.0003 0.0005 1.2875 -0.0306 -0.018932 2.979703 11.65 
1.5620 2 1 1 0x0 3.9838 4.0162 3.98 4.02 0.9993 0.9771 0.0005 0.0003 1.2893 -0.0306 -0.016227 2.979705 11.65 
1.5640 2 1 1 0x0 3.9811 4.0189 3.98 4.02 0.8353 1.0235 0.0004 0.0005 1.2911 -0.0306 -0.018932 2.979693 11.65 
1.5660 2 1 1 0x0 3.9838 4.0162 3.98 4.02 0.7874 0.9608 0.0006 0.0004 1.2929 -0.0307 -0.016227 2.979688 11.65 
1.5680 2 1 1 0x0 3.9838 4.0162 3.98 4.02 0.9810 1.0062 0.0004 0.0002 1.2950 -0.0307 -0.016227 2.979686 11.66 
1.5700 2 1 1 0x0 3.9811 4.0189 3.98 4.02 0.9850 1.0569 0.0002 0.0005 1.2968 -0.0307 -0.018932 2.979672 11.65 
1.5720 2 1 1 0x0 3.9838 4.0162 3.98 4.02 0.9179 0.8113 0.0005 0.0003 1.2986 -0.0308 -0.016227 2.979674 11.65 
1.5740 2 1 1 0x0 3.9811 4.0189 3.98 4.02 1.0275 0.8254 0.0003 0.0006 1.3004 -0.0308 -0.018932 2.979689 11.66 
1.5760 2 1 1 0x0 3.9838 4.0162 3.98 4.02 1.0314 1.0165 0.0006 0.0004 1.3023 -0.0308 -0.016227 2.979693 11.66 
1.5780 2 1 1 0x0 3.9811 4.0189 3.98 4.02 0.8115 0.9963 0.0004 0.0006 1.3041 -0.0309 -0.018932 2.979675 11.66 
1.5800 2 1 1 0x0 3.9838 4.0162 3.98 4.02 0.8093 0.9243 0.0006 0.0004 1.3059 -0.0309 -0.016227 2.979691 11.66 
1.5820 2 1 1 0x0 3.9838 4.0162 3.98 4.02 1.0168 1.0463 0.0004 0.0003 1.3079 -0.0309 -0.016227 2.979695 11.66 
1.5840 2 1 1 0x0 3.9811 4.0189 3.98 4.02 0.8947 1.0253 0.0003 0.0005 1.3098 -0.0310 -0.018932 2.979682 11.65 
1.5860 2 1 1 0x0 3.9838 4.0162 3.98 4.02 0.8904 0.7872 0.0005 0.0004 1.3116 -0.0310 -0.016227 2.979680 11.65 
1.5880 2 1 1 0x0 3.9811 4.0189 3.98 4.02 0.9967 0.7998 0.0003 0.0006 1.3134 -0.0310 -0.018932 2.979690 11.66 
1.5900 2 1 1 0x0 3.9838 4.0162 3.98 4.02 1.0708 0.9881 0.0006 0.0004 1.3152 -0.0311 -0.016227 2.979692 11.66 
1.5920 2 1 1 0x0 3.9838 4.0162 3.98 4.02 0.7887 0.8772 0.0004 0.0003 1.3173 -0.0311 -0.016227 2.979700 11.66 
1.5940 2 1 1 0x0 3.9811 4.0189 3.98 4.02 1.0506 0.8933 0.0002 0.0005 1.3191 -0.0311 -0.018932 2.979716 11.66 
1.5960 2 1 1 0x0 3.9838 4.0162 3.98 4.02 0.9860 1.0170 0.0005 0.0004 1.3209 -0.0312 -0.016227 2.979708 11.65 
1.5980 2 1 1 0x0 3.9811 4.0189 3.98 4.02 0.8649 0.9968 0.0003 0.0006 1.3227 -0.0312 -0.018932 2.979704 11.65 
1.6000 2 1 1 0x0 3.9838 4.0162 3.98 4.02 0.8624 0.7644 0.0005 0.0004 1.3246 -0.0312 -0.016227 2.979710 11.64 
1.6020 2 1 1 0x0 3.9838 4.0162 3.98 4.02 1.0334 0.9808 0.0004 0.0002 1.3266 -0.0313 -0.016227 2.979702 11.65 
1.6040 2 1 1 0x0 3.9838 4.0162 3.98 4.02 1.0407 1.0286 0.0006 0.0005 1.3282 -0.0313 -0.016227 2.979700 11.65 
1.6060 2 1 1 0x0 3.9838 4.0162 3.98 4.02 0.8077 0.8987 0.0004 0.0003 1.3302 -0.0313 -0.016227 2.979706 11.65 
1.6080 2 1 1 0x0 3.9838 4.0162 3.98 4.02 0.8030 0.9751 0.0006 0.0006 1.3319 -0.0314 -0.016227 2.979704 11.65 
1.6100 2 1 1 0x0 3.9838 4.0162 3.98 4.02 1.1050 1.0613 0.0004 0.0004 1.3339 -0.0314 -0.016227 2.979695 11.65 
1.6120 2 1 1 0x0 3.9811 4.0189 3.98 4.02 0.8873 1.0374 0.0003 0.0007 1.3357 -0.0314 -0.018932 2.979706 11.65 
1.6140 2 1 1 0x0 3.9838 4.0162 3.98 4.02 0.9393 0.8230 0.0005 0.0005 1.3375 -0.0315 -0.016227 2.979715 11.66 
1.6160 2 1 1 0x0 3.9838 4.0162 3.98 4.02 1.0064 1.0203 0.0003 0.0003 1.3396 -0.0315 -0.016227 2.979699 11.66 
1.6180 2 1 1 0x0 3.9838 4.0162 3.98 4.02 1.0114 1.0005 0.0006 0.0005 1.3412 -0.0315 -0.016227 2.979707 11.66 
1.6200 2 1 1 0x0 3.9838 4.0162 3.98 4.02 0.7826 0.9813 0.0004 0.0003 1.3432 -0.0315 -0.016227 2.979715 11.65 
1.6220 2 1 1 0x0 3.9838 4.0162 3.98 4.02 0.8227 0.9387 0.0006 0.0006 1.3448 -0.0316 -0.016227 2.979700 11.66 
1.6240 2 1 1 0x0 3.9838 4.0162 3.98 4.02 1.0702 1.0296 0.0004 0.0005 1.3469 -0.0316 -0.016227 2.979685 11.65 
1.6260 2 1 1 0x0 3.9811 4.0189 3.98 4.02 0.8574 1.0096 0.0003 0.0007 1.3487 -0.0316 -0.018932 2.979684 11.65 
1.6280 2 1 1 0x0 3.9838 4.0162 3.98 4.02 0.9055 0.7963 0.0005 0.0005 1.3505 -0.0317 -0.016227 2.979679 11.66 
1.6300 2 1 1 0x0 3.9838 4.0162 3.98 4.02 1.0446 1.0648 0.0004 0.0003 1.3526 -0.0317 -0.016227 2.979685 11.65 
1.6320 2 1 1 0x0 3.9838 4.0162 3.98 4.02 0.9802 0.9747 0.0006 0.0006 1.3542 -0.0317 -0.016227 2.979687 11.65 
1.6340 2 1 1 0x0 3.9838 4.0162 3.98 4.02 0.8006 0.8880 0.0004 0.0004 1.3562 -0.0318 -0.016227 2.979681 11.66 
1.6360 2 1 1 0x0 3.9838 4.0162 3.98 4.02 1.0298 1.0242 0.0002 0.0002 1.3582 -0.0318 -0.016227 2.979687 11.65 
1.6380 2 1 1 0x0 3.9838 4.0162 3.98 4.02 1.0333 1.0761 0.0005 0.0005 1.3599 -0.0318 -0.016227 2.979694 11.66 
1.6400 2 1 1 0x0 3.9838 4.0162 3.98 4.02 0.8824 0.8448 0.0003 0.0003 1.3619 -0.0319 -0.016227 2.979674 11.65 
1.6420 2 1 1 0x0 3.9838 4.0162 3.98 4.02 0.8767 0.7702 0.0005 0.0005 1.3635 -0.0319 -0.016227 2.979666 11.65 
1.6440 2 1 1 0x0 3.9838 4.0162 3.98 4.02 1.0856 1.0376 0.0004 0.0003 1.3655 -0.0319 -0.016227 2.979687 11.65 
1.6460 2 1 1 0x0 3.9838 4.0162 3.98 4.02 1.0167 1.0172 0.0006 0.0006 1.3672 -0.0319 -0.016227 2.979676 11.65 
1.6480 2 1 1 0x0 3.9838 4.0162 3.98 4.02 0.7406 0.9071 0.0004 0.0004 1.3692 -0.0320 -0.016227 2.979671 11.65 
1.6500 2 1 1 0x0 3.9838 4.0162 3.98 4.02 1.0655 1.0718 0.0003 0.0003 1.3712 -0.0320 -0.016227 2.979678 11.65 
1.6520 2 1 1 0x0 3.9838 4.0162 3.98 4.02 0.9991 1.0482 0.0005 0.0005 1.3728 -0.0320 -0.016227 2.979671 11.66 
1.6540 2 1 1 0x0 3.9838 4.0162 3.98 4.02 0.9078 0.8155 0.0003 0.0003 1.3749 -0.0321 -0.016227 2.979656 11.65 
1.6560 2 1 1 0x0 3.9838 4.0162 3.98 4.02 0.9055 0.7849 0.0006 0.0006 1.3765 -0.0321 -0.016227 2.979655 11.66 
1.6580 2 1 1 0x0 3.9838 4.0162 3.98 4.02 1.0445 1.0123 0.0004 0.0004 1.3785 -0.0321 -0.016227 2.979648 11.66 
1.6600 2 1 1 0x0 3.9838 4.0162 3.98 4.02 0.8513 0.9117 0.0002 0.0002 1.3805 -0.0322 -0.016227 2.979641 11.65 
1.6620 2 1 1 0x0 3.9838 4.0162 3.98 4.02 0.8013 0.9899 0.0005 0.0005 1.3822 -0.0322 -0.016227 2.979647 11.65 
1.6640 2 1 1 0x0 3.9838 4.0162 3.98 4.02 1.0258 1.0436 0.0003 0.0003 1.3842 -0.0322 -0.016227 2.979646 11.65 
1.6660 2 1 1 0x0 3.9838 4.0162 3.98 4.02 1.0330 1.0223 0.0006 0.0006 1.3858 -0.0322 -0.016227 2.979634 11.65 
1.6680 2 1 1 0x0 3.9838 4.0162 3.98 4.02 0.9397 0.8320 0.0004 0.0004 1.3878 -0.0323 -0.016227 2.979643 11.65 
1.6700 2 1 1 0x0 3.9838 4.0162 3.98 4.02 1.0032 1.0063 0.0002 0.0002 1.3899 -0.0323 -0.016227 2.979646 11.65 
1.6720 2 1 1 0x0 3.9838 4.0162 3.98 4.02 1.0070 0.9871 0.0005 0.0005 1.3915 -0.0323 -0.016227 2.979639 11.65 
1.6740 2 1 1 0x0 3.9838 4.0162 3.98 4.02 0.8271 0.8772 0.0003 0.0003 1.3935 -0.0324 -0.016227 2.979640 11.65 
1.6760 2 1 1 0x0 3.9838 4.0162 3.98 4.02 0.8245 0.9493 0.0006 0.0006 1.3951 -0.0324 -0.016227 2.979640 11.65 
1.6780 2 1 1 0x0 3.9838 4.0162 3.98 4.02 0.9933 1.0185 0.0004 0.0004 1.3972 -0.0324 -0.016227 2.979633 11.66 
1.6800 2 1 1 0x0 3.9838 4.0162 3.98 4.02 1.0710 1.0698 0.0006 0.0007 1.3988 -0.0325 -0.016227 2.979630 11.66 
1.6820 2 1 1 0x0 3.9838 4.0162 3.98 4.02 0.9082 0.8034 0.0004 0.0005 1.4008 -0.0325 -0.016227 2.979647 11.66 
1.6840 2 1 1 0x0 3.9838 4.0162 3.98 4.02 1.0444 1.0522 0.0002 0.0003 1.4028 -0.0325 -0.016227 2.979659 11.66 
1.6860 2 1 1 0x0 3.9838 4.0162 3.98 4.02 1.0449 0.9639 0.0005 0.0006 1.4045 -0.0325 -0.016227 2.979651 11.65 
1.6880 2 1 1 0x0 3.9838 4.0162 3.98 4.02 0.8034 0.8965 0.0003 0.0004 1.4065 -0.0326 -0.016227 2.979669 11.66 
1.6900 2 1 1 0x0 3.9865 4.0135 3.99 4.01 0.7590 1.0129 0.0006 0.0002 1.4083 -0.0326 -0.013523 2.979689 11.65 
1.6920 2 1 1 0x0 3.9838 4.0162 3.98 4.02 0.9642 1.0632 0.0004 0.0005 1.4101 -0.0326 -0.016227 2.979665 11.65 
1.6940 2 1 1 0x0 3.9865 4.0135 3.99 4.01 1.0373 0.7649 0.0006 0.0003 1.4120 -0.0327 -0.013523 2.979665 11.65 
1.6960 2 1 1 0x0 3.9838 4.0162 3.98 4.02 0.8796 0.7767 0.0004 0.0005 1.4138 -0.0327 -0.016227 2.979670 11.65 
1.6980 2 1 1 0x0 3.9838 4.0162 3.98 4.02 1.0095 1.0256 0.0003 0.0004 1.4158 -0.0327 -0.016227 2.979665 11.65 
1.7000 2 1 1 0x0 3.9838 4.0162 3.98 4.02 1.0897 1.0798 0.0005 0.0006 1.4174 -0.0327 -0.016227 2.979662 11.65 
1.7020 2 1 1 0x0 3.9838 4.0162 3.98 4.02 0.8234 0.8622 0.0003 0.0005 1.4195 -0.0328 -0.016227 2.979674 11.65 
1.7040 2 1 1 0x0 3.9865 4.0135 3.99 4.01 0.7769 1.0601 0.0006 0.0003 1.4213 -0.0328 -0.013523 2.979679 11.65 
1.7060 2 1 1 0x0 3.9838 4.0162 3.98 4.02 1.0015 1.0381 0.0004 0.0006 1.4231 -0.0328 -0.016227 2.979683 11.65 
1.7080 2 1 1 0x0 3.9838 4.0162 3.98 4.02 0.9089 0.8227 0.0002 0.0004 1.4252 -0.0329 -0.016227 2.979696 11.65 
1.7100 2 1 1 0x0 3.9865 4.0135 3.99 4.01 0.9627 0.7922 0.0005 0.0007 1.4270 -0.0329 -0.013523 2.979681 11.65 
1.7120 2 1 1 0x0 3.9838 4.0162 3.98 4.02 1.0495 1.0007 0.0003 0.0004 1.4288 -0.0329 -0.016227 2.979668 11.65 
1.7140 2 1 1 0x0 3.9865 4.0135 3.99 4.01 1.0538 0.9808 0.0006 0.0003 1.4306 -0.0329 -0.013523 2.979681 11.65 
1.7160 2 1 1 0x0 3.9838 4.0162 3.98 4.02 0.8451 0.9367 0.0004 0.0005 1.4325 -0.0330 -0.016227 2.979658 11.66 
1.7180 2 1 1 0x0 3.9865 4.0135 3.99 4.01 0.8424 1.0330 0.0006 0.0004 1.4343 -0.0330 -0.013523 2.979646 11.65 
1.7200 2 1 1 0x0 3.9838 4.0162 3.98 4.02 1.0377 1.0125 0.0004 0.0006 1.4361 -0.0330 -0.016227 2.979661 11.65 
1.7220 2 1 1 0x0 3.9838 4.0162 3.98 4.02 0.8792 0.7938 0.0002 0.0004 1.4381 -0.0331 -0.016227 2.979676 11.65 
1.7240 2 1 1 0x0 3.9865 4.0135 3.99 4.01 0.9945 1.0700 0.0005 0.0002 1.4400 -0.0331 -0.013523 2.979665 11.65 
1.7260 2 1 1 0x0 3.9838 4.0162 3.98 4.02 1.0129 0.9792 0.0003 0.0005 1.4418 -0.0331 -0.016227 2.979665 11.65 
1.7280 2 1 1 0x0 3.9865 4.0135 3.99 4.01 1.0163 0.8834 0.0006 0.0003 1.4436 -0.0331 -0.013523 2.979666 11.65 
1.7300 2 1 1 0x0 3.9838 4.0162 3.98 4.02 0.8235 0.8989 0.0004 0.0006 1.4454 -0.0332 -0.016227 2.979650 11.65 
1.7320 2 1 1 0x0 3.9838 4.0162 3.98 4.02 1.0679 1.0831 0.0002 0.0004 1.4475 -0.0332 -0.016227 2.979654 11.65 
1.7340 2 1 1 0x0 3.9838 4.0162 3.98 4.02 1.0722 0.9901 0.0005 0.0007 1.4491 -0.0332 -0.016227 2.979665 11.65 
1.7360 2 1 1 0x0 3.9838 4.0162 3.98 4.02 0.8560 0.7670 0.0003 0.0005 1.4511 -0.0333 -0.016227 2.979654 11.66 
1.7380 2 1 1 0x0 3.9865 4.0135 3.99 4.01 0.8535 1.0439 0.0006 0.0003 1.4529 -0.0333 -0.013523 2.979655 11.65 
1.7400 2 1 1 0x0 3.9838 4.0162 3.98 4.02 1.0457 1.0218 0.0004 0.0006 1.4548 -0.0333 -0.016227 2.979671 11.65 
1.7420 2 1 1 0x0 3.9865 4.0135 3.99 4.01 1.0499 0.9024 0.0006 0.0004 1.4566 -0.0333 -0.013523 2.979664 11.65 
1.7440 2 1 1 0x0 3.9865 4.0135 3.99 4.01 0.7604 1.0789 0.0004 0.0002 1.4586 -0.0334 -0.013523 2.979672 11.65 
1.7460 2 1 1 0x0 3.9838 4.0162 3.98 4.02 1.0268 1.0563 0.0003 0.0005 1.4604 -0.0334 -0.016227 2.979689 11.65 
1.7480 2 1 1 0x0 3.9865 4.0135 3.99 4.01 1.0347 0.7700 0.0005 0.0003 1.4623 -0.0334 -0.013523 2.979674 11.65 
1.7500 2 1 1 0x0 3.9838 4.0162 3.98 4.02 0.8812 0.7825 0.0003 0.0006 1.4641 -0.0334 -0.016227 2.979663 11.65 
1.7520 2 1 1 0x0 3.9865 4.0135 3.99 4.01 0.9328 1.0165 0.0006 0.0004 1.4659 -0.0335 -0.013523 2.979665 11.65 
1.7540 2 1 1 0x0 3.9838 4.0162 3.98 4.02 1.0145 1.0678 0.0004 0.0006 1.4677 -0.0335 -0.016227 2.979658 11.65 
1.7560 2 1 1 0x0 3.9865 4.0135 3.99 4.01 1.0186 0.9246 0.0006 0.0005 1.4696 -0.0335 -0.013523 2.979652 11.65 
1.7580 2 1 1 0x0 3.9865 4.0135 3.99 4.01 0.7773 1.0482 0.0004 0.0003 1.4716 -0.0336 -0.013523 2.979646 11.65 
1.7600 2 1 1 0x0 3.9838 4.0162 3.98 4.02 1.0722 1.0276 0.0003 0.0006 1.4734 -0.0336 -0.016227 2.979646 11.65 
1.7620 2 1 1 0x0 3.9865 4.0135 3.99 4.01 1.0091 0.8291 0.0005 0.0004 1.4753 -0.0336 -0.013523 2.979655 11.65 
1.7640 2 1 1 0x0 3.9865 4.0135 3.99 4.01 0.9603 1.0106 0.0003 0.0002 1.4773 -0.0336 -0.013523 2.979664 11.65 
1.7660 2 1 1 0x0 3.9865 4.0135 3.99 4.01 0.9001 0.9900 0.0006 0.0005 1.4789 -0.0337 -0.013523 2.979682 11.66 
1.7680 2 1 1 0x0 3.9865 4.0135 3.99 4.01 1.0552 0.8753 0.0004 0.0003 1.4809 -0.0337 -0.013523 2.979674 11.66 
1.7700 2 1 1 0x0 3.9865 4.0135 3.99 4.01 1.0594 0.8909 0.0007 0.0006 1.4826 -0.0337 -0.013523 2.979680 11.65 
1.7720 2 1 1 0x0 3.9865 4.0135 3.99 4.01 0.7973 1.0195 0.0005 0.0004 1.4846 -0.0337 -0.013523 2.979692 11.65 
1.7740 2 1 1 0x0 3.9838 4.0162 3.98 4.02 1.0357 1.0707 0.0003 0.0007 1.4864 -0.0338 -0.016227 2.979668 11.65 
1.7760 2 1 1 0x0 3.9865 4.0135 3.99 4.01 0.9730 0.8027 0.0005 0.0005 1.4882 -0.0338 -0.013523 2.979649 11.65 
1.7780 2 1 1 0x0 3.9865 4.0135 3.99 4.01 0.8753 1.0539 0.0004 0.0003 1.4903 -0.0338 -0.013523 2.979653 11.66 
1.7800 2 1 1 0x0 3.9865 4.0135 3.99 4.01 0.8726 0.9663 0.0006 0.0006 1.4919 -0.0338 -0.013523 2.979655 11.65 
1.7820 2 1 1 0x0 3.9865 4.0135 3.99 4.01 1.0147 0.8940 0.0005 0.0004 1.4939 -0.0339 -0.013523 2.979665 11.65 
1.7840 2 1 1 0x0 3.9865 4.0135 3.99 4.01 0.7802 1.0166 0.0003 0.0003 1.4959 -0.0339 -0.013523 2.979680 11.65 
1.7860 2 1 1 0x0 3.9865 4.0135 3.99 4.01 0.7781 1.0676 0.0005 0.0005 1.4976 -0.0339 -0.013523 2.979679 11.65 
1.7880 2 1 1 0x0 3.9865 4.0135 3.99 4.01 1.0695 0.8037 0.0003 0.0003 1.4996 -0.0339 -0.013523 2.979670 11.65 
1.7900 2 1 1 0x0 3.9865 4.0135 3.99 4.01 1.0020 0.8163 0.0006 0.0006 1.5012 -0.0340 -0.013523 2.979691 11.65 
1.7920 2 1 1 0x0 3.9865 4.0135 3.99 4.01 0.9068 1.0316 0.0004 0.0004 1.5032 -0.0340 -0.013523 2.979694 11.66 
1.7940 2 1 1 0x0 3.9865 4.0135 3.99 4.01 1.0424 0.9524 0.0003 0.0002 1.5053 -0.0340 -0.013523 2.979666 11.65 
1.7960 2 1 1 0x0 3.9865 4.0135 3.99 4.01 1.0460 0.9699 0.0005 0.0005 1.5069 -0.0340 -0.013523 2.979666 11.65 
1.7980 2 1 1 0x0 3.9865 4.0135 3.99 4.01 0.8053 1.0673 0.0003 0.0003 1.5089 -0.0341 -0.013523 2.979684 11.66 
1.8000 2 1 1 0x0 3.9865 4.0135 3.99 4.01 0.7606 1.0453 0.0006 0.0006 1.5105 -0.0341 -0.013523 2.979677 11.65 
1.8020 2 1 1 0x0 3.9865 4.0135 3.99 4.01 1.0247 0.8168 0.0004 0.0004 1.5126 -0.0341 -0.013523 2.979669 11.65 
1.8040 2 1 1 0x0 3.9838 4.0162 3.98 4.02 0.8919 0.8302 0.0003 0.0007 1.5144 -0.0341 -0.016227 2.979683 11.65 
1.8060 2 1 1 0x0 3.9865 4.0135 3.99 4.01 0.9446 1.0842 0.0005 0.0004 1.5162 -0.0342 -0.013523 2.979672 11.66 
1.8080 2 1 1 0x0 3.9865 4.0135 3.99 4.01 0.9971 0.9112 0.0003 0.0003 1.5183 -0.0342 -0.013523 2.979661 11.65 
1.8100 2 1 1 0x0 3.9865 4.0135 3.99 4.01 1.0715 0.9273 0.0006 0.0005 1.5199 -0.0342 -0.013523 2.979681 11.65 
1.8120 2 1 1 0x0 3.9865 4.0135 3.99 4.01 0.8341 1.0457 0.0004 0.0004 1.5219 -0.0343 -0.013523 2.979671 11.65 
1.8140 2 1 1 0x0 3.9838 4.0162 3.98 4.02 1.0475 1.0256 0.0002 0.0006 1.5237 -0.0343 -0.016227 2.979662 11.65 
1.8160 2 1 1 0x0 3.9865 4.0135 3.99 4.01 1.0512 0.7859 0.0005 0.0004 1.5256 -0.0343 -0.013523 2.979669 11.65 
1.8180 2 1 1 0x0 3.9865 4.0135 3.99 4.01 0.8699 1.0118 0.0003 0.0002 1.5276 -0.0343 -0.013523 2.979671 11.65 
1.8200 2 1 1 0x0 3.9865 4.0135 3.99 4.01 0.9818 1.0630 0.0006 0.0005 1.5292 -0.0344 -0.013523 2.979662 11.66 
1.8220 2 1 1 0x0 3.9865 4.0135 3.99 4.01 1.0288 0.9270 0.0004 0.0003 1.5312 -0.0344 -0.013523 2.979669 11.65 
1.8240 2 1 1 0x0 3.9865 4.0135 3.99 4.01 1.0321 0.9442 0.0007 0.0006 1.5329 -0.0344 -0.013523 2.979669 11.65 
1.8260 2 1 1 0x0 3.9865 4.0135 3.99 4.01 0.8136 1.0246 0.0005 0.0005 1.5349 -0.0344 -0.013523 2.979652 11.65 
1.8280 2 1 1 0x0 3.9838 4.0162 3.98 4.02 1.0136 1.0785 0.0003 0.0007 1.5367 -0.0345 -0.016227 2.979650 11.65 
1.8300 2 1 1 0x0 3.9865 4.0135 3.99 4.01 1.0176 0.7580 0.0005 0.0005 1.5385 -0.0345 -0.013523 2.979651 11.65 
1.8320 2 1 1 0x0 3.9865 4.0135 3.99 4.01 0.8421 0.9914 0.0004 0.0003 1.5406 -0.0345 -0.013523 2.979641 11.65 
1.8340 2 1 1 0x0 3.9865 4.0135 3.99 4.01 0.8889 1.0413 0.0006 0.0005 1.5422 -0.0345 -0.013523 2.979636 11.65 
1.8360 2 1 1 0x0 3.9865 4.0135 3.99 4.01 0.9977 0.8884 0.0004 0.0004 1.5442 -0.0346 -0.013523 2.979641 11.66 
1.8380 2 1 1 0x0 3.9892 4.0108 3.99 4.01 1.0749 1.0247 0.0007 0.0002 1.5460 -0.0346 -0.010818 2.979636 11.66 
1.8400 2 1 1 0x0 3.9865 4.0135 3.99 4.01 0.7885 1.0053 0.0005 0.0005 1.5479 -0.0346 -0.013523 2.979619 11.65 
1.8420 2 1 1 0x0 3.9865 4.0135 3.99 4.01 1.0512 0.7981 0.0003 0.0003 1.5499 -0.0346 -0.013523 2.979625 11.65 
1.8440 2 1 1 0x0 3.9865 4.0135 3.99 4.01 1.0570 0.8101 0.0006 0.0005 1.5515 -0.0347 -0.013523 2.979635 11.65 
1.8460 2 1 1 0x0 3.9865 4.0135 3.99 4.01 0.8663 1.0418 0.0004 0.0003 1.5535 -0.0347 -0.013523 2.979629 11.65 
1.8480 2 1 1 0x0 3.9838 4.0162 3.98 4.02 1.0279 1.0220 0.0002 0.0006 1.5554 -0.0347 -0.016227 2.979626 11.65 
1.8500 2 1 1 0x0 3.9865 4.0135 3.99 4.01 1.0321 0.9028 0.0005 0.0004 1.5572 -0.0347 -0.013523 2.979612 11.65 
1.8520 2 1 1 0x0 3.9865 4.0135 3.99 4.01 0.8124 1.0052 0.0003 0.0002 1.5592 -0.0348 -0.013523 2.979611 11.65 
1.8540 2 1 1 0x0 3.9865 4.0135 3.99 4.01 0.8098 1.0547 0.0006 0.0005 1.5608 -0.0348 -0.013523 2.979622 11.65 
1.8560 2 1 1 0x0 3.9865 4.0135 3.99 4.01 1.0125 0.7700 0.0004 0.0003 1.5629 -0.0348 -0.013523 2.979614 11.65 
1.8580 2 1 1 0x0 3.9838 4.0162 3.98 4.02 1.0201 0.8252 0.0006 0.0006 1.5647 -0.0348 -0.016227 2.979605 11.65 
1.8600 2 1 1 0x0 3.9865 4.0135 3.99 4.01 0.9504 1.0912 0.0005 0.0004 1.5665 -0.0349 -0.013523 2.979629 11.65 
1.8620 2 1 1 0x0 3.9838 4.0162 3.98 4.02 1.0610 0.9957 0.0003 0.0006 1.5684 -0.0349 -0.016227 2.979636 11.66 
1.8640 2 1 1 0x0 3.9865 4.0135 3.99 4.01 0.9926 0.9239 0.0006 0.0004 1.5702 -0.0349 -0.013523 2.979602 11.67 
1.8660 2 1 1 0x0 3.9865 4.0135 3.99 4.01 0.7930 1.0496 0.0004 0.0003 1.5722 -0.0350 -0.013523 2.979596 11.65 
1.8680 2 1 1 0x0 3.9838 4.0162 3.98 4.02 1.0390 1.0285 0.0002 0.0005 1.5740 -0.0350 -0.016227 2.979622 11.65 
1.8700 2 1 1 0x0 3.9865 4.0135 3.99 4.01 1.0433 0.7837 0.0005 0.0003 1.5759 -0.0350 -0.013523 2.979604 11.65 
1.8720 2 1 1 0x0 3.9838 4.0162 3.98 4.02 0.8748 0.7559 0.0003 0.0006 1.5777 -0.0350 -0.016227 2.979589 11.65 
1.8740 2 1 1 0x0 3.9865 4.0135 3.99 4.01 0.8719 0.9944 0.0006 0.0004 1.5795 -0.0351 -0.013523 2.979605 11.65 
1.8760 2 1 1 0x0 3.9838 4.0162 3.98 4.02 1.0206 0.9763 0.0004 0.0006 1.5813 -0.0351 -0.016227 2.979610 11.65 
1.8780 2 1 1 0x0 3.9865 4.0135 3.99 4.01 1.0206 0.8867 0.0007 0.0005 1.5832 -0.0351 -0.013523 2.979598 11.65 
1.8800 2 1 1 0x0 3.9865 4.0135 3.99 4.01 0.8202 1.1011 0.0005 0.0003 1.5852 -0.0351 -0.013523 2.979600 11.66 
1.8820 2 1 1 0x0 3.9838 4.0162 3.98 4.02 1.0002 1.0047 0.0003 0.0006 1.5870 -0.0352 -0.016227 2.979615 11.65 
1.8840 2 1 1 0x0 3.9865 4.0135 3.99 4.01 1.0759 0.7992 0.0006 0.0004 1.5888 -0.0352 -0.013523 2.979603 11.65 
1.8860 2 1 1 0x0 3.9838 4.0162 3.98 4.02 0.9037 0.7698 0.0004 0.0006 1.5907 -0.0352 -0.016227 2.979601 11.65 
1.8880 2 1 1 0x0 3.9838 4.0162 3.98 4.02 1.0474 1.0396 0.0003 0.0004 1.5927 -0.0353 -0.016227 2.979605 11.66 
1.8900 2 1 1 0x0 3.9865 4.0135 3.99 4.01 0.9813 0.8896 0.0005 0.0003 1.5945 -0.0353 -0.013523 2.979596 11.65 
1.8920 2 1 1 0x0 3.9838 4.0162 3.98 4.02 0.8476 0.9052 0.0003 0.0005 1.5963 -0.0353 -0.016227 2.979601 11.65 
1.8940 2 1 1 0x0 3.9865 4.0135 3.99 4.01 0.7995 1.0748 0.0006 0.0003 1.5982 -0.0353 -0.013523 2.979609 11.65 
1.8960 2 1 1 0x0 3.9838 4.0162 3.98 4.02 1.0355 1.0531 0.0004 0.0006 1.6000 -0.0354 -0.016227 2.979599 11.65 
1.8980 2 1 1 0x0 3.9838 4.0162 3.98 4.02 0.8829 0.8127 0.0003 0.0004 1.6020 -0.0354 -0.016227 2.979605 11.65 
1.9000 2 1 1 0x0 3.9865 4.0135 3.99 4.01 0.9369 0.9706 0.0005 0.0002 1.6038 -0.0354 -0.013523 2.979621 11.65 
1.9020 2 1 1 0x0 3.9838 4.0162 3.98 4.02 1.0060 1.0911 0.0004 0.0005 1.6057 -0.0355 -0.016227 2.979613 11.66 
1.9040 2 1 1 0x0 3.9865 4.0135 3.99 4.01 1.0861 0.9071 0.0006 0.0003 1.6075 -0.0355 -0.013523 2.979603 11.65 
1.9060 2 1 1 0x0 3.9838 4.0162 3.98 4.02 0.7822 0.9229 0.0004 0.0006 1.6093 -0.0355 -0.016227 2.979618 11.65 
1.9080 2 1 1 0x0 3.9838 4.0162 3.98 4.02 1.0627 1.0502 0.0002 0.0004 1.6113 -0.0355 -0.016227 2.979600 11.66 
1.9100 2 1 1 0x0 3.9838 4.0162 3.98 4.02 0.9974 1.0289 0.0005 0.0007 1.6130 -0.0356 -0.016227 2.979590 11.65 
1.9120 2 1 1 0x0 3.9838 4.0162 3.98 4.02 0.9098 0.7840 0.0003 0.0005 1.6150 -0.0356 -0.016227 2.979608 11.66 
1.9140 2 1 1 0x0 3.9865 4.0135 3.99 4.01 0.8532 1.0140 0.0006 0.0003 1.6168 -0.0356 -0.013523 2.979612 11.65 
1.9160 2 1 1 0x0 3.9838 4.0162 3.98 4.02 1.0441 1.0652 0.0004 0.0005 1.6187 -0.0357 -0.016227 2.979603 11.65 
1.9180 2 1 1 0x0 3.9865 4.0135 3.99 4.01 1.0518 0.9256 0.0007 0.0004 1.6205 -0.0357 -0.013523 2.979615 11.65 
1.9200 2 1 1 0x0 3.9865 4.0135 3.99 4.01 0.8014 1.0475 0.0005 0.0002 1.6225 -0.0357 -0.013523 2.979602 11.66 
1.9220 2 1 1 0x0 3.9838 4.0162 3.98 4.02 1.0295 1.0268 0.0003 0.0004 1.6243 -0.0357 -0.016227 2.979578 11.65 
1.9240 2 1 1 0x0 3.9838 4.0162 3.98 4.02 1.0350 1.0790 0.0005 0.0007 1.6260 -0.0358 -0.016227 2.979590 11.65 
1.9260 2 1 1 0x0 3.9838 4.0162 3.98 4.02 0.8819 0.7980 0.0004 0.0005 1.6280 -0.0358 -0.016227 2.979599 11.65 
1.9280 2 1 1 0x0 3.9865 4.0135 3.99 4.01 0.8290 1.0622 0.0006 0.0003 1.6298 -0.0358 -0.013523 2.979600 11.66 
1.9300 2 1 1 0x0 3.9838 4.0162 3.98 4.02 1.0851 0.9736 0.0004 0.0006 1.6316 -0.0359 -0.016227 2.979607 11.65 
1.9320 2 1 1 0x0 3.9865 4.0135 3.99 4.01 1.0893 0.8881 0.0007 0.0004 1.6335 -0.0359 -0.013523 2.979613 11.66 
1.9340 2 1 1 0x0 3.9865 4.0135 3.99 4.01 0.7788 1.0236 0.0005 0.0002 1.6355 -0.0359 -0.013523 2.979587 11.65 
1.9360 2 1 1 0x0 3.9838 4.0162 3.98 4.02 1.0680 1.0033 0.0003 0.0005 1.6373 -0.0359 -0.016227 2.979595 11.66 
1.9380 2 1 1 0x0 3.9865 4.0135 3.99 4.01 1.0686 0.8003 0.0006 0.0003 1.6391 -0.0360 -0.013523 2.979629 11.66 
1.9400 2 1 1 0x0 3.9838 4.0162 3.98 4.02 0.9099 0.7712 0.0004 0.0006 1.6410 -0.0360 -0.016227 2.979607 11.65 
1.9420 2 1 1 0x0 3.9838 4.0162 3.98 4.02 1.0392 0.9682 0.0002 0.0004 1.6430 -0.0360 -0.016227 2.979589 11.65 
1.9440 2 1 1 0x0 3.9838 4.0162 3.98 4.02 1.0440 1.0159 0.0005 0.0006 1.6446 -0.0361 -0.016227 2.979603 11.66 
1.9460 2 1 1 0x0 3.9838 4.0162 3.98 4.02 0.8061 0.9081 0.0003 0.0005 1.6466 -0.0361 -0.016227 2.979603 11.65 
1.9480 2 1 1 0x0 3.9865 4.0135 3.99 4.01 0.8035 1.0703 0.0006 0.0003 1.6485 -0.0361 -0.013523 2.979578 11.66 
1.9500 2 1 1 0x0 3.9838 4.0162 3.98 4.02 1.0250 1.0490 0.0004 0.0006 1.6503 -0.0361 -0.016227 2.979585 11.65 
1.9520 2 1 1 0x0 3.9865 4.0135 3.99 4.01 1.0288 0.8149 0.0006 0.0004 1.6521 -0.0362 -0.013523 2.979605 11.65 
1.9540 2 1 1 0x0 3.9838 4.0162 3.98 4.02 0.9405 0.7848 0.0005 0.0006 1.6539 -0.0362 -0.016227 2.979603 11.65 
1.9560 2 1 1 0x0 3.9838 4.0162 3.98 4.02 1.0726 1.0862 0.0003 0.0004 1.6560 -0.0362 -0.016227 2.979601 11.66 
1.9580 2 1 1 0x0 3.9865 4.0135 3.99 4.01 1.0765 0.8583 0.0006 0.0003 1.6578 -0.0362 -0.013523 2.979613 11.66 
1.9600 2 1 1 0x0 3.9838 4.0162 3.98 4.02 0.7875 0.9283 0.0004 0.0005 1.6596 -0.0363 -0.016227 2.979614 11.66 
1.9620 2 1 1 0x0 3.9838 4.0162 3.98 4.02 1.0530 1.0459 0.0002 0.0004 1.6616 -0.0363 -0.016227 2.979613 11.65 
1.9640 2 1 1 0x0 3.9838 4.0162 3.98 4.02 1.0567 1.0242 0.0005 0.0006 1.6633 -0.0363 -0.016227 2.979615 11.65 
1.9660 2 1 1 0x0 3.9838 4.0162 3.98 4.02 0.9212 0.8309 0.0003 0.0004 1.6653 -0.0364 -0.016227 2.979581 11.66 
1.9680 2 1 1 0x0 3.9865 4.0135 3.99 4.01 0.9181 1.0093 0.0006 0.0002 1.6671 -0.0364 -0.013523 2.979573 11.65 
1.9700 2 1 1 0x0 3.9838 4.0162 3.98 4.02 1.0277 0.9892 0.0004 0.0005 1.6689 -0.0364 -0.016227 2.979593 11.65 
1.9720 2 1 1 0x0 3.9865 4.0135 3.99 4.01 1.1110 0.9297 0.0007 0.0003 1.6708 -0.0364 -0.013523 2.979583 11.66 
1.9740 2 1 1 0x0 3.9838 4.0162 3.98 4.02 0.7705 0.8899 0.0005 0.0006 1.6726 -0.0365 -0.016227 2.979575 11.65 
1.9760 2 1 1 0x0 3.9838 4.0162 3.98 4.02 1.0811 1.0959 0.0003 0.0004 1.6746 -0.0365 -0.016227 2.979586 11.65 
1.9780 2 1 1 0x0 3.9838 4.0162 3.98 4.02 1.0129 1.0724 0.0005 0.0007 1.6763 -0.0365 -0.016227 2.979594 11.64 
1.9800 2 1 1 0x0 3.9838 4.0162 3.98 4.02 0.8479 0.8017 0.0004 0.0005 1.6783 -0.0366 -0.016227 2.979575 11.65 
1.9820 2 1 1 0x0 3.9838 4.0162 3.98 4.02 1.0532 1.0560 0.0002 0.0003 1.6803 -0.0366 -0.016227 2.979583 11.64 
1.9840 2 1 1 0x0 3.9838 4.0162 3.98 4.02 1.0623 1.0335 0.0005 0.0006 1.6819 -0.0366 -0.016227 2.979578 11.66 
1.9860 2 1 1 0x0 3.9838 4.0162 3.98 4.02 0.7951 0.8942 0.0003 0.0004 1.6840 -0.0367 -0.016227 2.979569 11.65 
1.9880 2 1 1 0x0 3.9865 4.0135 3.99 4.01 0.8364 1.0168 0.0005 0.0002 1.6858 -0.0367 -0.013523 2.979577 11.65 
1.9900 2 1 1 0x0 3.9838 4.0162 3.98 4.02 1.0452 1.0685 0.0003 0.0005 1.6876 -0.0367 -0.016227 2.979580 11.65 
1.9920 2 1 1 0x0 3.9865 4.0135 3.99 4.01 1.0558 0.8045 0.0005 0.0003 1.6894 -0.0367 -0.013523 2.979568 11.65 
1.9940 2 1 1 0x0 3.9838 4.0162 3.98 4.02 0.9217 0.8165 0.0004 0.0005 1.6913 -0.0368 -0.016227 2.979584 11.65 
1.9960 2 1 1 0x0 3.9838 4.0162 3.98 4.02 1.0243 1.0294 0.0002 0.0004 1.6933 -0.0368 -0.016227 2.979581 11.65 
1.9980 2 1 1 0x0 3.9838 4.0162 3.98 4.02 1.0276 1.0824 0.0005 0.0006 1.6949 -0.0368 -0.016227 2.979563 11.65 
2.0000 2 1 1 0x0 3.9838 4.0162 3.98 4.02 0.7722 0.8600 0.0003 0.0004 1.6969 -0.0369 -0.016227 2.979570 11.65 
2.0020 2 1 1 0x0 3.9865 4.0135 3.99 4.01 0.7699 1.0643 0.0006 0.0003 1.6988 -0.0369 -0.013523 2.979593 11.65 
2.0040 2 1 1 0x0 3.9838 4.0162 3.98 4.02 1.0858 1.0423 0.0004 0.0005 1.7006 -0.0369 -0.016227 2.979571 11.65 
2.0060 2 1 1 0x0 3.9865 4.0135 3.99 4.01 1.0897 0.7767 0.0006 0.0003 1.7024 -0.0369 -0.013523 2.979576 11.65 
2.0080 2 1 1 0x0 3.9838 4.0162 3.98 4.02 0.8953 0.7893 0.0004 0.0006 1.7042 -0.0370 -0.016227 2.979597 11.65 
2.0100 2 1 1 0x0 3.9838 4.0162 3.98 4.02 0.9890 1.0056 0.0003 0.0004 1.7063 -0.0370 -0.016227 2.979602 11.66 
2.0120 2 1 1 0x0 3.9865 4.0135 3.99 4.01 1.0616 0.8632 0.0005 0.0002 1.7081 -0.0370 -0.013523 2.979588 11.65 
2.0140 2 1 1 0x0 3.9838 4.0162 3.98 4.02 0.7961 0.9327 0.0004 0.0005 1.7099 -0.0370 -0.016227 2.979613 11.66 
2.0160 2 1 1 0x0 3.9865 4.0135 3.99 4.01 0.7938 1.0384 0.0006 0.0003 1.7117 -0.0371 -0.013523 2.979622 11.65 
2.0180 2 1 1 0x0 3.9838 4.0162 3.98 4.02 1.0415 1.0167 0.0004 0.0006 1.7136 -0.0371 -0.016227 2.979589 11.66 
2.0200 2 1 1 0x0 3.9838 4.0162 3.98 4.02 0.9332 0.7915 0.0003 0.0004 1.7156 -0.0371 -0.016227 2.979585 11.66 
2.0220 2 1 1 0x0 3.9865 4.0135 3.99 4.01 0.8768 1.0020 0.0005 0.0002 1.7174 -0.0372 -0.013523 2.979594 11.65 
2.0240 2 1 1 0x0 3.9838 4.0162 3.98 4.02 1.0125 1.0499 0.0004 0.0005 1.7192 -0.0372 -0.016227 2.979577 11.66 
2.0260 2 1 1 0x0 3.9865 4.0135 3.99 4.01 1.0888 0.9369 0.0006 0.0003 1.7211 -0.0372 -0.013523 2.979558 11.66 
2.0280 2 1 1 0x0 3.9838 4.0162 3.98 4.02 0.8269 0.8974 0.0005 0.0006 1.7229 -0.0372 -0.016227 2.979568 11.65 
2.0300 2 1 1 0x0 3.9838 4.0162 3.98 4.02 1.0616 1.0115 0.0003 0.0004 1.7249 -0.0373 -0.016227 2.979560 11.65 
2.0320 2 1 1 0x0 3.9838 4.0162 3.98 4.02 1.0648 1.0630 0.0005 0.0007 1.7265 -0.0373 -0.016227 2.979558 11.65 
2.0340 2 1 1 0x0 3.9838 4.0162 3.98 4.02 0.8633 0.8078 0.0004 0.0005 1.7286 -0.0373 -0.016227 2.979576 11.65 
2.0360 2 1 1 0x0 3.9838 4.0162 3.98 4.02 1.0315 1.0440 0.0002 0.0003 1.7306 -0.0374 -0.016227 2.979567 11.65 
2.0380 2 1 1 0x0 3.9838 4.0162 3.98 4.02 1.0345 1.0235 0.0005 0.0006 1.7322 -0.0374 -0.016227 2.979559 11.65 
2.0400 2 1 1 0x0 3.9838 4.0162 3.98 4.02 0.8121 0.9601 0.0003 0.0004 1.7343 -0.0374 -0.016227 2.979570 11.65 
2.0420 2 1 1 0x0 3.9865 4.0135 3.99 4.01 0.8097 1.0774 0.0005 0.0002 1.7361 -0.0375 -0.013523 2.979560 11.65 
2.0440 2 1 1 0x0 3.9838 4.0162 3.98 4.02 1.0882 0.9855 0.0004 0.0005 1.7379 -0.0375 -0.016227 2.979553 11.65 
2.0460 2 1 1 0x0 3.9865 4.0135 3.99 4.01 1.0917 0.8118 0.0006 0.0003 1.7397 -0.0375 -0.013523 2.979567 11.65 
2.0480 2 1 1 0x0 3.9838 4.0162 3.98 4.02 0.8442 0.8247 0.0005 0.0006 1.7416 -0.0375 -0.016227 2.979576 11.65 
2.0500 2 1 1 0x0 3.9838 4.0162 3.98 4.02 1.0562 1.0170 0.0003 0.0004 1.7436 -0.0376 -0.016227 2.979563 11.64 
2.0520 2 1 1 0x0 3.9865 4.0135 3.99 4.01 0.9906 0.9068 0.0006 0.0002 1.7454 -0.0376 -0.013523 2.979573 11.65 
2.0540 2 1 1 0x0 3.9838 4.0162 3.98 4.02 0.7955 0.9245 0.0004 0.0005 1.7472 -0.0376 -0.016227 2.979589 11.65 
2.0560 2 1 1 0x0 3.9838 4.0162 3.98 4.02 1.0342 1.0476 0.0002 0.0003 1.7493 -0.0377 -0.016227 2.979576 11.65 
2.0580 2 1 1 0x0 3.9838 4.0162 3.98 4.02 1.0401 1.0263 0.0004 0.0006 1.7509 -0.0377 -0.016227 2.979572 11.65 
2.0600 2 1 1 0x0 3.9838 4.0162 3.98 4.02 0.8783 0.7469 0.0003 0.0004 1.7529 -0.0377 -0.016227 2.979575 11.65 
2.0620 2 1 1 0x0 3.9865 4.0135 3.99 4.01 0.8764 1.0101 0.0005 0.0002 1.7547 -0.0377 -0.013523 2.979564 11.65 
2.0640 2 1 1 0x0 3.9838 4.0162 3.98 4.02 1.0136 0.9901 0.0003 0.0005 1.7566 -0.0378 -0.016227 2.979562 11.65 
2.0660 2 1 1 0x0 3.9865 4.0135 3.99 4.01 1.0165 0.8752 0.0006 0.0003 1.7584 -0.0378 -0.013523 2.979563 11.65 
2.0680 2 1 1 0x0 3.9838 4.0162 3.98 4.02 0.7775 0.9474 0.0004 0.0006 1.7602 -0.0378 -0.016227 2.979566 11.65 
2.0700 2 1 1 0x0 3.9865 4.0135 3.99 4.01 0.7755 1.0201 0.0006 0.0004 1.7620 -0.0379 -0.013523 2.979576 11.65 
2.0720 2 1 1 0x0 3.9838 4.0162 3.98 4.02 1.0736 1.0710 0.0004 0.0007 1.7639 -0.0379 -0.016227 2.979571 11.65 
2.0740 2 1 1 0x0 3.9838 4.0162 3.98 4.02 0.9067 0.8029 0.0003 0.0005 1.7659 -0.0379 -0.016227 2.979557 11.66 
2.0760 2 1 1 0x0 3.9865 4.0135 3.99 4.01 0.8512 1.0529 0.0005 0.0003 1.7677 -0.0379 -0.013523 2.979565 11.65 
2.0780 2 1 1 0x0 3.9838 4.0162 3.98 4.02 1.0500 1.0326 0.0003 0.0005 1.7695 -0.0380 -0.016227 2.979584 11.65 
2.0800 2 1 1 0x0 3.9865 4.0135 3.99 4.01 1.0570 0.8956 0.0006 0.0003 1.7714 -0.0380 -0.013523 2.979575 11.66 
2.0820 2 1 1 0x0 3.9838 4.0162 3.98 4.02 0.8441 0.9126 0.0004 0.0006 1.7732 -0.0380 -0.016227 2.979556 11.65 
2.0840 2 1 1 0x0 3.9865 4.0135 3.99 4.01 0.7958 0.9928 0.0006 0.0004 1.7750 -0.0380 -0.013523 2.979583 11.66 
2.0860 2 1 1 0x0 3.9838 4.0162 3.98 4.02 1.0365 1.0418 0.0004 0.0007 1.7768 -0.0381 -0.016227 2.979583 11.66 
2.0880 2 1 1 0x0 3.9838 4.0162 3.98 4.02 0.9955 0.8206 0.0002 0.0005 1.7789 -0.0381 -0.016227 2.979566 11.65 
2.0900 2 1 1 0x0 3.9865 4.0135 3.99 4.01 0.9280 1.0242 0.0005 0.0003 1.7807 -0.0381 -0.013523 2.979561 11.65 
2.0920 2 1 1 0x0 3.9838 4.0162 3.98 4.02 1.0147 1.0760 0.0003 0.0006 1.7825 -0.0382 -0.016227 2.979593 11.65 
2.0940 2 1 1 0x0 3.9865 4.0135 3.99 4.01 1.0177 0.9181 0.0006 0.0004 1.7844 -0.0382 -0.013523 2.979588 11.66 
2.0960 2 1 1 0x0 3.9865 4.0135 3.99 4.01 0.8207 0.9860 0.0004 0.0002 1.7864 -0.0382 -0.013523 2.979567 11.65 
2.0980 2 1 1 0x0 3.9865 4.0135 3.99 4.01 0.8187 1.0348 0.0006 0.0005 1.7880 -0.0382 -0.013523 2.979569 11.65 
2.1000 2 1 1 0x0 3.9865 4.0135 3.99 4.01 1.0763 0.7820 0.0004 0.0003 1.7900 -0.0383 -0.013523 2.979561 11.65 
2.1020 2 1 1 0x0 3.9838 4.0162 3.98 4.02 0.9048 0.7930 0.0002 0.0006 1.7919 -0.0383 -0.016227 2.979556 11.65 
2.1040 2 1 1 0x0 3.9865 4.0135 3.99 4.01 0.9017 1.0702 0.0005 0.0004 1.7937 -0.0383 -0.013523 2.979558 11.65 
2.1060 2 1 1 0x0 3.9838 4.0162 3.98 4.02 1.0524 0.9788 0.0003 0.0006 1.7955 -0.0383 -0.016227 2.979562 11.66 
2.1080 2 1 1 0x0 3.9865 4.0135 3.99 4.01 1.0520 0.8844 0.0006 0.0005 1.7973 -0.0384 -0.013523 2.979558 11.65 
2.1100 2 1 1 0x0 3.9865 4.0135 3.99 4.01 0.7996 1.0282 0.0004 0.0003 1.7994 -0.0384 -0.013523 2.979570 11.65 
2.1120 2 1 1 0x0 3.9838 4.0162 3.98 4.02 0.7978 1.0799 0.0006 0.0006 1.8012 -0.0384 -0.016227 2.979584 11.66 
2.1140 2 1 1 0x0 3.9865 4.0135 3.99 4.01 1.0338 0.7977 0.0005 0.0004 1.8030 -0.0385 -0.013523 2.979571 11.66 
2.1160 2 1 1 0x0 3.9838 4.0162 3.98 4.02 0.8833 0.8106 0.0003 0.0006 1.8048 -0.0385 -0.016227 2.979573 11.66 
2.1180 2 1 1 0x0 3.9865 4.0135 3.99 4.01 0.8812 1.0406 0.0005 0.0005 1.8067 -0.0385 -0.013523 2.979577 11.65 
2.1200 2 1 1 0x0 3.9865 4.0135 3.99 4.01 1.0821 0.8893 0.0004 0.0003 1.8087 -0.0385 -0.013523 2.979559 11.66 
2.1220 2 1 1 0x0 3.9865 4.0135 3.99 4.01 1.0857 0.9052 0.0006 0.0006 1.8103 -0.0386 -0.013523 2.979552 11.65 
2.1240 2 1 1 0x0 3.9865 4.0135 3.99 4.01 0.8262 1.0734 0.0004 0.0004 1.8123 -0.0386 -0.013523 2.979566 11.65 
2.1260 2 1 1 0x0 3.9838 4.0162 3.98 4.02 1.0634 1.0503 0.0002 0.0007 1.8142 -0.0386 -0.016227 2.979557 11.67 
2.1280 2 1 1 0x0 3.9865 4.0135 3.99 4.01 1.0665 0.8147 0.0005 0.0005 1.8160 -0.0386 -0.013523 2.979548 11.66 
2.1300 2 1 1 0x0 3.9865 4.0135 3.99 4.01 0.9140 1.0327 0.0003 0.0003 1.8180 -0.0387 -0.013523 2.979553 11.65 
2.1320 2 1 1 0x0 3.9865 4.0135 3.99 4.01 0.9127 1.0846 0.0006 0.0005 1.8196 -0.0387 -0.013523 2.979553 11.65 
2.1340 2 1 1 0x0 3.9865 4.0135 3.99 4.01 1.0377 0.9119 0.0004 0.0004 1.8217 -0.0387 -0.013523 2.979544 11.65 
2.1360 2 1 1 0x0 3.9892 4.0108 3.99 4.01 1.0406 1.0642 0.0007 0.0002 1.8235 -0.0387 -0.010818 2.979554 11.66 
2.1380 2 1 1 0x0 3.9865 4.0135 3.99 4.01 0.8090 1.0425 0.0005 0.0005 1.8253 -0.0388 -0.013523 2.979543 11.66 
2.1400 2 1 1 0x0 3.9865 4.0135 3.99 4.01 1.0158 0.7769 0.0003 0.0003 1.8274 -0.0388 -0.013523 2.979538 11.65 
2.1420 2 1 1 0x0 3.9865 4.0135 3.99 4.01 1.0205 0.7891 0.0005 0.0005 1.8290 -0.0388 -0.013523 2.979553 11.65 
2.1440 2 1 1 0x0 3.9865 4.0135 3.99 4.01 0.8425 1.0780 0.0004 0.0003 1.8310 -0.0388 -0.013523 2.979568 11.65 
2.1460 2 1 1 0x0 3.9865 4.0135 3.99 4.01 0.9450 0.9854 0.0006 0.0006 1.8326 -0.0389 -0.013523 2.979557 11.65 
2.1480 2 1 1 0x0 3.9865 4.0135 3.99 4.01 0.9959 0.8785 0.0004 0.0004 1.8347 -0.0389 -0.013523 2.979561 11.65 
2.1500 2 1 1 0x0 3.9892 4.0108 3.99 4.01 1.0728 1.0367 0.0007 0.0003 1.8365 -0.0389 -0.010818 2.979566 11.65 
2.1520 2 1 1 0x0 3.9865 4.0135 3.99 4.01 0.8335 1.0161 0.0005 0.0006 1.8383 -0.0389 -0.013523 2.979541 11.65 
2.1540 2 1 1 0x0 3.9865 4.0135 3.99 4.01 1.0511 0.7917 0.0003 0.0003 1.8403 -0.0390 -0.013523 2.979548 11.66 
2.1560 2 1 1 0x0 3.9865 4.0135 3.99 4.01 0.9862 0.7636 0.0005 0.0006 1.8420 -0.0390 -0.013523 2.979559 11.65 
2.1580 2 1 1 0x0 3.9865 4.0135 3.99 4.01 0.8653 1.0492 0.0003 0.0004 1.8440 -0.0390 -0.013523 2.979548 11.65 
2.1600 2 1 1 0x0 3.9892 4.0108 3.99 4.01 0.8629 0.9384 0.0006 0.0002 1.8458 -0.0390 -0.010818 2.979538 11.65 
2.1620 2 1 1 0x0 3.9865 4.0135 3.99 4.01 1.0318 0.8998 0.0004 0.0005 1.8476 -0.0390 -0.013523 2.979560 11.65 
2.1640 2 1 1 0x0 3.9892 4.0108 3.99 4.01 1.0398 1.0091 0.0007 0.0004 1.8495 -0.0391 -0.010818 2.979563 11.65 
2.1660 2 1 1 0x0 3.9865 4.0135 3.99 4.01 0.7294 0.9888 0.0005 0.0006 1.8513 -0.0391 -0.013523 2.979554 11.65 
2.1680 2 1 1 0x0 3.9865 4.0135 3.99 4.01 1.0162 0.8097 0.0003 0.0004 1.8533 -0.0391 -0.013523 2.979562 11.65 
2.1700 2 1 1 0x0 3.9892 4.0108 3.99 4.01 1.0201 1.0406 0.0005 0.0002 1.8551 -0.0391 -0.010818 2.979568 11.66 
2.1720 2 1 1 0x0 3.9865 4.0135 3.99 4.01 0.8930 1.0199 0.0004 0.0005 1.8570 -0.0392 -0.013523 2.979563 11.66 
2.1740 2 1 1 0x0 3.9865 4.0135 3.99 4.01 1.0629 0.9630 0.0002 0.0003 1.8590 -0.0392 -0.013523 2.979561 11.65 
2.1760 2 1 1 0x0 3.9865 4.0135 3.99 4.01 0.9974 0.9216 0.0005 0.0006 1.8606 -0.0392 -0.013523 2.979550 11.66 
2.1780 2 1 1 0x0 3.9865 4.0135 3.99 4.01 0.8359 1.0517 0.0003 0.0004 1.8626 -0.0392 -0.013523 2.979532 11.65 
2.1800 2 1 1 0x0 3.9865 4.0135 3.99 4.01 0.7875 1.0306 0.0005 0.0007 1.8643 -0.0393 -0.013523 2.979540 11.66 
2.1820 2 1 1 0x0 3.9865 4.0135 3.99 4.01 1.0497 0.8274 0.0004 0.0005 1.8663 -0.0393 -0.013523 2.979551 11.65 
2.1840 2 1 1 0x0 3.9892 4.0108 3.99 4.01 0.9890 1.0137 0.0006 0.0003 1.8681 -0.0393 -0.010818 2.979544 11.65 
2.1860 2 1 1 0x0 3.9865 4.0135 3.99 4.01 0.9791 1.0647 0.0004 0.0005 1.8699 -0.0393 -0.013523 2.979544 11.65 
2.1880 2 1 1 0x0 3.9865 4.0135 3.99 4.01 1.0275 0.9271 0.0003 0.0004 1.8720 -0.0394 -0.013523 2.979553 11.64 
2.1900 2 1 1 0x0 3.9892 4.0108 3.99 4.01 1.0310 1.0460 0.0005 0.0002 1.8738 -0.0394 -0.010818 2.979539 11.65 
2.1920 2 1 1 0x0 3.9865 4.0135 3.99 4.01 0.8141 1.1009 0.0003 0.0005 1.8756 -0.0394 -0.013523 2.979542 11.65 
2.1940 2 1 1 0x0 3.9865 4.0135 3.99 4.01 0.8118 1.0767 0.0006 0.0007 1.8772 -0.0394 -0.013523 2.979556 11.65 
2.1960 2 1 1 0x0 3.9865 4.0135 3.99 4.01 1.0832 0.7993 0.0004 0.0005 1.8793 -0.0395 -0.013523 2.979544 11.65 
2.1980 2 1 1 0x0 3.9865 4.0135 3.99 4.01 0.9012 1.0602 0.0003 0.0003 1.8813 -0.0395 -0.013523 2.979528 11.65 
2.2000 2 1 1 0x0 3.9865 4.0135 3.99 4.01 0.8996 1.0378 0.0005 0.0006 1.8829 -0.0395 -0.013523 2.979545 11.66 
2.2020 2 1 1 0x0 3.9865 4.0135 3.99 4.01 1.0536 0.9479 0.0004 0.0004 1.8850 -0.0395 -0.013523 2.979550 11.66 
2.2040 2 1 1 0x0 3.9892 4.0108 3.99 4.01 1.0540 1.0944 0.0007 0.0002 1.8868 -0.0396 -0.010818 2.979542 11.65 
2.2060 2 1 1 0x0 3.9865 4.0135 3.99 4.01 0.8002 0.9987 0.0005 0.0005 1.8886 -0.0396 -0.013523 2.979558 11.65 
2.2080 2 1 1 0x0 3.9865 4.0135 3.99 4.01 1.0317 0.8040 0.0003 0.0003 1.8906 -0.0396 -0.013523 2.979572 11.65 
2.2100 2 1 1 0x0 3.9865 4.0135 3.99 4.01 1.0355 0.8163 0.0005 0.0006 1.8923 -0.0396 -0.013523 2.979558 11.65 
2.2120 2 1 1 0x0 3.9865 4.0135 3.99 4.01 0.8809 1.0318 0.0004 0.0004 1.8943 -0.0397 -0.013523 2.979558 11.65 
2.2140 2 1 1 0x0 3.9838 4.0162 3.98 4.02 1.0074 1.0844 0.0002 0.0006 1.8961 -0.0397 -0.016227 2.979571 11.65 
2.2160 2 1 1 0x0 3.9865 4.0135 3.99 4.01 1.0873 0.8599 0.0005 0.0005 1.8979 -0.0397 -0.013523 2.979563 11.65 
2.2180 2 1 1 0x0 3.9865 4.0135 3.99 4.01 0.8250 0.9929 0.0003 0.0003 1.9000 -0.0397 -0.013523 2.979572 11.65 
2.2200 2 1 1 0x0 3.9865 4.0135 3.99 4.01 0.8225 1.0418 0.0005 0.0005 1.9016 -0.0398 -0.013523 2.979601 11.65 
2.2220 2 1 1 0x0 3.9865 4.0135 3.99 4.01 1.0729 0.8204 0.0003 0.0004 1.9036 -0.0398 -0.013523 2.979594 11.65 
2.2240 2 1 1 0x0 3.9865 4.0135 3.99 4.01 1.0052 0.8342 0.0005 0.0006 1.9052 -0.0398 -0.013523 2.979596 11.65 
2.2260 2 1 1 0x0 3.9865 4.0135 3.99 4.01 0.8536 1.0024 0.0004 0.0005 1.9073 -0.0398 -0.013523 2.979630 11.66 
2.2280 2 1 1 0x0 3.9865 4.0135 3.99 4.01 1.0455 0.9191 0.0002 0.0003 1.9093 -0.0399 -0.013523 2.979627 11.65 
2.2300 2 1 1 0x0 3.9865 4.0135 3.99 4.01 0.9813 0.8814 0.0004 0.0006 1.9109 -0.0399 -0.013523 2.979615 11.65 
2.2320 2 1 1 0x0 3.9892 4.0108 3.99 4.01 0.9843 1.0342 0.0007 0.0004 1.9127 -0.0399 -0.010818 2.979639 11.65 
2.2340 2 1 1 0x0 3.9865 4.0135 3.99 4.01 0.7985 1.0126 0.0005 0.0006 1.9146 -0.0399 -0.013523 2.979638 11.66 
2.2360 2 1 1 0x0 3.9865 4.0135 3.99 4.01 1.0317 0.7542 0.0003 0.0004 1.9166 -0.0399 -0.013523 2.979620 11.66 
2.2380 2 1 1 0x0 3.9892 4.0108 3.99 4.01 1.0390 0.9967 0.0005 0.0002 1.9184 -0.0400 -0.010818 2.979619 11.66 
2.2400 2 1 1 0x0 3.9865 4.0135 3.99 4.01 0.8791 0.9768 0.0004 0.0005 1.9202 -0.0400 -0.013523 2.979644 11.65 
2.2420 2 1 1 0x0 3.9865 4.0135 3.99 4.01 1.0819 0.8862 0.0002 0.0003 1.9223 -0.0400 -0.013523 2.979642 11.65 
2.2440 2 1 1 0x0 3.9865 4.0135 3.99 4.01 1.0131 0.9021 0.0005 0.0006 1.9239 -0.0400 -0.013523 2.979632 11.65 
2.2460 2 1 1 0x0 3.9865 4.0135 3.99 4.01 0.7814 1.0051 0.0003 0.0004 1.9259 -0.0401 -0.013523 2.979647 11.65 
2.2480 2 1 1 0x0 3.9865 4.0135 3.99 4.01 0.7797 1.0549 0.0005 0.0007 1.9275 -0.0401 -0.013523 2.979641 11.66 
2.2500 2 1 1 0x0 3.9865 4.0135 3.99 4.01 0.9965 0.7700 0.0003 0.0005 1.9296 -0.0401 -0.013523 2.979639 11.65 
2.2520 2 1 1 0x0 3.9892 4.0108 3.99 4.01 0.9998 1.0390 0.0006 0.0003 1.9314 -0.0401 -0.010818 2.979643 11.65 
2.2540 2 1 1 0x0 3.9865 4.0135 3.99 4.01 0.8548 1.0170 0.0004 0.0005 1.9332 -0.0402 -0.013523 2.979638 11.66 
2.2560 2 1 1 0x0 3.9865 4.0135 3.99 4.01 1.0433 0.9651 0.0002 0.0004 1.9353 -0.0402 -0.013523 2.979642 11.65 
2.2580 2 1 1 0x0 3.9892 4.0108 3.99 4.01 1.0468 0.8692 0.0005 0.0006 1.9371 -0.0402 -0.010818 2.979648 11.65 
2.2600 2 1 1 0x0 3.9865 4.0135 3.99 4.01 0.8027 1.0502 0.0003 0.0005 1.9389 -0.0402 -0.013523 2.979648 11.65 
2.2620 2 1 1 0x0 3.9892 4.0108 3.99 4.01 0.7604 0.8143 0.0005 0.0003 1.9407 -0.0403 -0.010818 2.979660 11.65 
2.2640 2 1 1 0x0 3.9865 4.0135 3.99 4.01 1.0251 0.8276 0.0004 0.0005 1.9426 -0.0403 -0.013523 2.979665 11.66 
2.2660 2 1 1 0x0 3.9892 4.0108 3.99 4.01 1.0336 1.0141 0.0006 0.0003 1.9444 -0.0403 -0.010818 2.979664 11.65 
2.2680 2 1 1 0x0 3.9865 4.0135 3.99 4.01 0.8824 1.0650 0.0004 0.0006 1.9462 -0.0403 -0.013523 2.979652 11.65 
2.2700 2 1 1 0x0 3.9865 4.0135 3.99 4.01 1.0767 0.9866 0.0003 0.0004 1.9482 -0.0403 -0.013523 2.979667 11.65 
2.2720 2 1 1 0x0 3.9892 4.0108 3.99 4.01 1.0085 1.0464 0.0005 0.0003 1.9501 -0.0404 -0.010818 2.979672 11.65 
2.2740 2 1 1 0x0 3.9865 4.0135 3.99 4.01 0.8289 1.0248 0.0003 0.0005 1.9519 -0.0404 -0.013523 2.979654 11.65 
2.2760 2 1 1 0x0 3.9892 4.0108 3.99 4.01 0.8264 0.8306 0.0006 0.0003 1.9537 -0.0404 -0.010818 2.979658 11.65 
2.2780 2 1 1 0x0 3.9865 4.0135 3.99 4.01 1.0592 0.8445 0.0004 0.0006 1.9555 -0.0404 -0.013523 2.979670 11.66 
2.2800 2 1 1 0x0 3.9865 4.0135 3.99 4.01 0.9757 0.9892 0.0002 0.0004 1.9576 -0.0405 -0.013523 2.979664 11.65 
2.2820 2 1 1 0x0 3.9865 4.0135 3.99 4.01 0.9727 1.0389 0.0005 0.0006 1.9592 -0.0405 -0.013523 2.979662 11.65 
2.2840 2 1 1 0x0 3.9865 4.0135 3.99 4.01 1.0324 0.9478 0.0003 0.0005 1.9612 -0.0405 -0.013523 2.979674 11.65 
2.2860 2 1 1 0x0 3.9892 4.0108 3.99 4.01 1.0358 1.0954 0.0006 0.0003 1.9630 -0.0405 -0.010818 2.979670 11.65 
2.2880 2 1 1 0x0 3.9865 4.0135 3.99 4.01 0.8116 1.0725 0.0004 0.0005 1.9649 -0.0406 -0.013523 2.979665 11.65 
2.2900 2 1 1 0x0 3.9865 4.0135 3.99 4.01 1.0114 0.7607 0.0002 0.0004 1.9669 -0.0406 -0.013523 2.979686 11.65 
2.2920 2 1 1 0x0 3.9865 4.0135 3.99 4.01 1.0145 0.7718 0.0005 0.0006 1.9685 -0.0406 -0.013523 2.979686 11.65 
2.2940 2 1 1 0x0 3.9865 4.0135 3.99 4.01 0.8970 1.0356 0.0003 0.0004 1.9705 -0.0406 -0.013523 2.979667 11.65 
2.2960 2 1 1 0x0 3.9892 4.0108 3.99 4.01 0.8943 0.8921 0.0006 0.0002 1.9724 -0.0407 -0.010818 2.979676 11.65 
2.2980 2 1 1 0x0 3.9865 4.0135 3.99 4.01 1.0631 0.9084 0.0004 0.0005 1.9742 -0.0407 -0.013523 2.979682 11.66 
2.3000 2 1 1 0x0 3.9892 4.0108 3.99 4.01 0.9938 0.9993 0.0007 0.0003 1.9760 -0.0407 -0.010818 2.979686 11.65 
2.3020 2 1 1 0x0 3.9865 4.0135 3.99 4.01 0.7909 1.0486 0.0004 0.0006 1.9778 -0.0407 -0.013523 2.979693 11.65 
2.3040 2 1 1 0x0 3.9865 4.0135 3.99 4.01 0.9780 0.7736 0.0002 0.0004 1.9799 -0.0407 -0.013523 2.979696 11.66 
2.3060 2 1 1 0x0 3.9892 4.0108 3.99 4.01 0.9807 1.0329 0.0005 0.0002 1.9817 -0.0408 -0.010818 2.979690 11.65 
2.3080 2 1 1 0x0 3.9865 4.0135 3.99 4.01 0.8701 1.0867 0.0003 0.0004 1.9835 -0.0408 -0.013523 2.979692 11.65 
2.3100 2 1 1 0x0 3.9892 4.0108 3.99 4.01 0.9205 0.9097 0.0006 0.0003 1.9854 -0.0408 -0.010818 2.979682 11.65 
2.3120 2 1 1 0x0 3.9865 4.0135 3.99 4.01 1.0278 0.9259 0.0004 0.0006 1.9872 -0.0408 -0.013523 2.979670 11.64 
2.3140 2 1 1 0x0 3.9892 4.0108 3.99 4.01 1.0307 1.0466 0.0006 0.0004 1.9890 -0.0409 -0.010818 2.979659 11.65 
2.3160 2 1 1 0x0 3.9865 4.0135 3.99 4.01 0.7712 1.0267 0.0004 0.0006 1.9908 -0.0409 -0.013523 2.979653 11.66 
2.3180 2 1 1 0x0 3.9865 4.0135 3.99 4.01 1.0858 0.7859 0.0002 0.0004 1.9929 -0.0409 -0.013523 2.979655 11.65 
2.3200 2 1 1 0x0 3.9892 4.0108 3.99 4.01 1.0166 1.0839 0.0005 0.0003 1.9947 -0.0409 -0.010818 2.979654 11.65 
2.3220 2 1 1 0x0 3.9865 4.0135 3.99 4.01 0.8983 0.9917 0.0003 0.0005 1.9965 -0.0410 -0.013523 2.979658 11.65 
2.3240 2 1 1 0x0 3.9892 4.0108 3.99 4.01 0.9520 0.9271 0.0006 0.0003 1.9983 -0.0410 -0.010818 2.979650 11.65 
2.3260 2 1 1 0x0 3.9865 4.0135 3.99 4.01 1.0594 0.8883 0.0004 0.0006 2.0002 -0.0410 -0.013523 2.979652 11.65 
2.3280 2 1 1 0x0 3.9892 4.0108 3.99 4.01 1.0639 1.0986 0.0006 0.0004 2.0020 -0.0410 -0.010818 2.979662 11.66 
2.3300 2 1 1 0x0 3.9865 4.0135 3.99 4.01 0.8396 1.0768 0.0004 0.0007 2.0038 -0.0410 -0.013523 2.979647 11.66 
2.3320 2 1 1 0x0 3.9865 4.0135 3.99 4.01 0.9709 0.7582 0.0003 0.0005 2.0058 -0.0411 -0.013523 2.979632 11.66 
2.3340 2 1 1 0x0 3.9892 4.0108 3.99 4.01 1.0433 0.9904 0.0005 0.0003 2.0077 -0.0411 -0.010818 2.979636 11.65 
2.3360 2 1 1 0x0 3.9865 4.0135 3.99 4.01 0.8763 1.0390 0.0003 0.0006 2.0095 -0.0411 -0.013523 2.979644 11.65 
2.3380 2 1 1 0x0 3.9892 4.0108 3.99 4.01 0.9274 0.8898 0.0006 0.0004 2.0113 -0.0411 -0.010818 2.979632 11.65 
2.3400 2 1 1 0x0 3.9892 4.0108 3.99 4.01 1.0173 1.0960 0.0004 0.0002 2.0133 -0.0412 -0.010818 2.979633 11.65 
2.3420 2 1 1 0x0 3.9892 4.0108 3.99 4.01 1.0197 1.0723 0.0007 0.0005 2.0150 -0.0412 -0.010818 2.979638 11.66 
2.3440 2 1 1 0x0 3.9892 4.0108 3.99 4.01 0.8216 0.8019 0.0005 0.0003 2.0170 -0.0412 -0.010818 2.979626 11.65 
2.3460 2 1 1 0x0 3.9865 4.0135 3.99 4.01 1.0713 0.7725 0.0003 0.0005 2.0188 -0.0412 -0.013523 2.979629 11.65 
2.3480 2 1 1 0x0 3.9892 4.0108 3.99 4.01 1.0759 1.0340 0.0005 0.0003 2.0206 -0.0412 -0.010818 2.979646 11.66 
2.3500 2 1 1 0x0 3.9865 4.0135 3.99 4.01 0.8537 1.0129 0.0004 0.0006 2.0225 -0.0413 -0.013523 2.979635 11.66 
2.3520 2 1 1 0x0 3.9865 4.0135 3.99 4.01 1.0454 0.9695 0.0002 0.0004 2.0245 -0.0413 -0.013523 2.979624 11.65 
2.3540 2 1 1 0x0 3.9892 4.0108 3.99 4.01 1.0488 1.0671 0.0005 0.0003 2.0263 -0.0413 -0.010818 2.979645 11.65 
2.3560 2 1 1 0x0 3.9865 4.0135 3.99 4.01 0.8017 1.0444 0.0003 0.0005 2.0282 -0.0413 -0.013523 2.979659 11.65 
2.3580 2 1 1 0x0 3.9892 4.0108 3.99 4.01 0.7595 0.8180 0.0005 0.0003 2.0300 -0.0414 -0.010818 2.979669 11.66 
2.3600 2 1 1 0x0 3.9865 4.0135 3.99 4.01 1.0308 0.7884 0.0003 0.0006 2.0318 -0.0414 -0.013523 2.979684 11.66 
2.3620 2 1 1 0x0 3.9892 4.0108 3.99 4.01 1.0340 1.0082 0.0006 0.0004 2.0336 -0.0414 -0.010818 2.979687 11.66 
2.3640 2 1 1 0x0 3.9892 4.0108 3.99 4.01 0.8798 0.8613 0.0004 0.0002 2.0357 -0.0414 -0.010818 2.979678 11.65 
2.3660 2 1 1 0x0 3.9865 4.0135 3.99 4.01 1.0797 0.9312 0.0002 0.0005 2.0375 -0.0414 -0.013523 2.979675 11.65 
2.3680 2 1 1 0x0 3.9892 4.0108 3.99 4.01 1.0113 1.0401 0.0005 0.0003 2.0393 -0.0415 -0.010818 2.979675 11.66 
2.3700 2 1 1 0x0 3.9865 4.0135 3.99 4.01 0.7823 1.0197 0.0003 0.0006 2.0411 -0.0415 -0.013523 2.979654 11.65 
2.3720 2 1 1 0x0 3.9892 4.0108 3.99 4.01 0.8230 0.7902 0.0005 0.0004 2.0430 -0.0415 -0.010818 2.979648 11.65 
2.3740 2 1 1 0x0 3.9865 4.0135 3.99 4.01 0.9949 0.8474 0.0003 0.0006 2.0448 -0.0415 -0.013523 2.979658 11.65 
2.3760 2 1 1 0x0 3.9892 4.0108 3.99 4.01 1.0016 0.9854 0.0006 0.0004 2.0466 -0.0416 -0.010818 2.979667 11.66 
2.3780 2 1 1 0x0 3.9892 4.0108 3.99 4.01 0.9072 0.8783 0.0004 0.0003 2.0486 -0.0416 -0.010818 2.979666 11.65 
2.3800 2 1 1 0x0 3.9865 4.0135 3.99 4.01 1.0425 0.8937 0.0002 0.0006 2.0505 -0.0416 -0.013523 2.979684 11.66 
2.3820 2 1 1 0x0 3.9892 4.0108 3.99 4.01 1.0462 1.0167 0.0005 0.0004 2.0523 -0.0416 -0.010818 2.979693 11.65 
2.3840 2 1 1 0x0 3.9865 4.0135 3.99 4.01 0.8048 0.9971 0.0003 0.0006 2.0541 -0.0416 -0.013523 2.979683 11.65 
2.3860 2 1 1 0x0 3.9892 4.0108 3.99 4.01 0.8027 0.7630 0.0006 0.0004 2.0559 -0.0417 -0.010818 2.979695 11.66 
2.3880 2 1 1 0x0 3.9892 4.0108 3.99 4.01 1.0264 0.9824 0.0004 0.0002 2.0580 -0.0417 -0.010818 2.979695 11.65 
2.3900 2 1 1 0x0 3.9892 4.0108 3.99 4.01 1.0330 1.0308 0.0006 0.0005 2.0596 -0.0417 -0.010818 2.979687 11.66 
2.3920 2 1 1 0x0 3.9892 4.0108 3.99 4.01 0.8829 0.8967 0.0004 0.0003 2.0616 -0.0417 -0.010818 2.979705 11.66 
2.3940 2 1 1 0x0 3.9865 4.0135 3.99 4.01 1.0045 0.9126 0.0003 0.0006 2.0634 -0.0418 -0.013523 2.979726 11.65 
2.3960 2 1 1 0x0 3.9892 4.0108 3.99 4.01 1.0794 0.9936 0.0005 0.0004 2.0653 -0.0418 -0.010818 2.979705 11.65 
2.3980 2 1 1 0x0 3.9865 4.0135 3.99 4.01 0.8299 1.0419 0.0003 0.0007 2.0671 -0.0418 -0.013523 2.979696 11.66 
2.4000 2 1 1 0x0 3.9892 4.0108 3.99 4.01 0.7829 0.7774 0.0006 0.0005 2.0689 -0.0418 -0.010818 2.979709 11.66 
2.4020 2 1 1 0x0 3.9892 4.0108 3.99 4.01 1.0598 1.0252 0.0004 0.0003 2.0710 -0.0418 -0.010818 2.979701 11.65 
2.4040 2 1 1 0x0 3.9865 4.0135 3.99 4.01 1.0631 1.0055 0.0007 0.0005 2.0728 -0.0419 -0.013523 2.979708 11.66 
2.4060 2 1 1 0x0 3.9892 4.0108 3.99 4.01 0.8618 0.9759 0.0005 0.0004 2.0746 -0.0419 -0.010818 2.979719 11.66 
2.4080 2 1 1 0x0 3.9892 4.0108 3.99 4.01 1.0333 1.0591 0.0003 0.0002 2.0766 -0.0419 -0.010818 2.979722 11.65 
2.4100 2 1 1 0x0 3.9892 4.0108 3.99 4.01 1.0369 1.0377 0.0006 0.0005 2.0783 -0.0419 -0.010818 2.979729 11.65 
2.4120 2 1 1 0x0 3.9892 4.0108 3.99 4.01 0.8107 0.8221 0.0004 0.0003 2.0803 -0.0419 -0.010818 2.979740 11.65 
2.4140 2 1 1 0x0 3.9892 4.0108 3.99 4.01 0.8064 0.7913 0.0006 0.0005 2.0819 -0.0420 -0.010818 2.979731 11.65 
2.4160 2 1 1 0x0 3.9892 4.0108 3.99 4.01 1.0210 1.0743 0.0004 0.0004 2.0839 -0.0420 -0.010818 2.979719 11.65 
2.4180 2 1 1 0x0 3.9865 4.0135 3.99 4.01 0.8945 1.0517 0.0003 0.0006 2.0858 -0.0420 -0.013523 2.979733 11.65 
2.4200 2 1 1 0x0 3.9892 4.0108 3.99 4.01 0.9471 0.8807 0.0005 0.0004 2.0876 -0.0420 -0.010818 2.979733 11.65 
2.4220 2 1 1 0x0 3.9892 4.0108 3.99 4.01 0.9944 1.0345 0.0004 0.0003 2.0896 -0.0421 -0.010818 2.979719 11.65 
2.4240 2 1 1 0x0 3.9892 4.0108 3.99 4.01 0.9969 1.0125 0.0006 0.0006 2.0912 -0.0421 -0.010818 2.979716 11.65 
2.4260 2 1 1 0x0 3.9892 4.0108 3.99 4.01 0.8374 0.8375 0.0005 0.0004 2.0933 -0.0421 -0.010818 2.979713 11.66 
2.4280 2 1 1 0x0 3.9865 4.0135 3.99 4.01 1.0441 0.7641 0.0002 0.0006 2.0951 -0.0421 -0.013523 2.979706 11.65 
2.4300 2 1 1 0x0 3.9892 4.0108 3.99 4.01 1.0483 0.9800 0.0005 0.0004 2.0969 -0.0421 -0.010818 2.979708 11.66 
2.4320 2 1 1 0x0 3.9892 4.0108 3.99 4.01 0.8716 0.9391 0.0003 0.0003 2.0989 -0.0422 -0.010818 2.979713 11.65 
2.4340 2 1 1 0x0 3.9865 4.0135 3.99 4.01 0.9841 0.8980 0.0006 0.0005 2.1008 -0.0422 -0.013523 2.979705 11.65 
2.4360 2 1 1 0x0 3.9892 4.0108 3.99 4.01 1.0234 1.0103 0.0004 0.0004 2.1026 -0.0422 -0.010818 2.979716 11.65 
2.4380 2 1 1 0x0 3.9892 4.0108 3.99 4.01 1.0266 1.0604 0.0007 0.0006 2.1042 -0.0422 -0.010818 2.979729 11.65 
2.4400 2 1 1 0x0 3.9892 4.0108 3.99 4.01 0.8168 0.8082 0.0005 0.0004 2.1062 -0.0422 -0.010818 2.979716 11.65 
2.4420 2 1 1 0x0 3.9892 4.0108 3.99 4.01 1.0042 0.9767 0.0003 0.0002 2.1083 -0.0423 -0.010818 2.979722 11.65 
2.4440 2 1 1 0x0 3.9892 4.0108 3.99 4.01 1.0074 1.0236 0.0006 0.0005 2.1099 -0.0423 -0.010818 2.979735 11.65 
2.4460 2 1 1 0x0 3.9892 4.0108 3.99 4.01 0.8492 0.9015 0.0004 0.0003 2.1119 -0.0423 -0.010818 2.979715 11.65 
2.4480 2 1 1 0x0 3.9865 4.0135 3.99 4.01 1.0528 0.9173 0.0002 0.0006 2.1138 -0.0423 -0.013523 2.979699 11.65 
2.4500 2 1 1 0x0 3.9892 4.0108 3.99 4.01 0.9878 0.9886 0.0005 0.0004 2.1156 -0.0424 -0.010818 2.979706 11.65 
2.4520 2 1 1 0x0 3.9892 4.0108 3.99 4.01 1.0638 1.0373 0.0007 0.0007 2.1172 -0.0424 -0.010818 2.979715 11.66 
2.4540 2 1 1 0x0 3.9892 4.0108 3.99 4.01 0.7533 0.8222 0.0005 0.0005 2.1192 -0.0424 -0.010818 2.979716 11.66 
2.4560 2 1 1 0x0 3.9892 4.0108 3.99 4.01 1.0397 1.0211 0.0003 0.0003 2.1213 -0.0424 -0.010818 2.979724 11.65 
2.4580 2 1 1 0x0 3.9892 4.0108 3.99 4.01 1.0464 1.0741 0.0006 0.0005 2.1229 -0.0424 -0.010818 2.979726 11.65 
2.4600 2 1 1 0x0 3.9892 4.0108 3.99 4.01 0.8731 0.9188 0.0004 0.0004 2.1249 -0.0425 -0.010818 2.979719 11.65 
2.4620 2 1 1 0x0 3.9892 4.0108 3.99 4.01 1.0906 1.0559 0.0002 0.0002 2.1269 -0.0425 -0.010818 2.979739 11.66 
2.4640 2 1 1 0x0 3.9892 4.0108 3.99 4.01 1.0213 1.0348 0.0005 0.0005 2.1286 -0.0425 -0.010818 2.979721 11.65 
2.4660 2 1 1 0x0 3.9865 4.0135 3.99 4.01 0.8203 1.0147 0.0003 0.0007 2.1304 -0.0425 -0.013523 2.979707 11.65 
2.4680 2 1 1 0x0 3.9892 4.0108 3.99 4.01 0.7741 0.7926 0.0005 0.0005 2.1322 -0.0425 -0.010818 2.979722 11.65 
2.4700 2 1 1 0x0 3.9892 4.0108 3.99 4.01 1.0028 0.9989 0.0004 0.0003 2.1342 -0.0426 -0.010818 2.979737 11.65 
2.4720 2 1 1 0x0 3.9892 4.0108 3.99 4.01 1.0851 0.9813 0.0006 0.0006 2.1359 -0.0426 -0.010818 2.979718 11.65 
2.4740 2 1 1 0x0 3.9892 4.0108 3.99 4.01 0.9008 0.8817 0.0004 0.0004 2.1379 -0.0426 -0.010818 2.979709 11.65 
2.4760 2 1 1 0x0 3.9892 4.0108 3.99 4.01 1.0510 1.0333 0.0003 0.0003 2.1399 -0.0426 -0.010818 2.979707 11.65 
2.4780 2 1 1 0x0 3.9892 4.0108 3.99 4.01 1.0545 1.0122 0.0005 0.0005 2.1415 -0.0426 -0.010818 2.979687 11.65 
2.4800 2 1 1 0x0 3.9892 4.0108 3.99 4.01 0.7980 0.7941 0.0003 0.0003 2.1436 -0.0427 -0.010818 2.979689 11.65 
2.4820 2 1 1 0x0 3.9892 4.0108 3.99 4.01 0.8420 0.7656 0.0006 0.0006 2.1452 -0.0427 -0.010818 2.979693 11.65 
2.4840 2 1 1 0x0 3.9892 4.0108 3.99 4.01 1.0341 1.0468 0.0004 0.0004 2.1472 -0.0427 -0.010818 2.979689 11.65 
2.4860 2 1 1 0x0 3.9892 4.0108 3.99 4.01 1.0413 1.0269 0.0006 0.0006 2.1488 -0.0427 -0.010818 2.979694 11.65 
2.4880 2 1 1 0x0 3.9892 4.0108 3.99 4.01 0.8769 0.8983 0.0005 0.0004 2.1509 -0.0427 -0.010818 2.979709 11.65 
2.4900 2 1 1 0x0 3.9892 4.0108 3.99 4.01 1.0130 1.0104 0.0003 0.0003 2.1529 -0.0428 -0.010818 2.979703 11.65 
2.4920 2 1 1 0x0 3.9892 4.0108 3.99 4.01 1.0136 1.0620 0.0006 0.0005 2.1545 -0.0428 -0.010818 2.979704 11.65 
2.4940 2 1 1 0x0 3.9892 4.0108 3.99 4.01 0.7813 0.8535 0.0004 0.0003 2.1565 -0.0428 -0.010818 2.979714 11.65 
2.4960 2 1 1 0x0 3.9865 4.0135 3.99 4.01 1.0632 0.7777 0.0002 0.0006 2.1584 -0.0428 -0.013523 2.979700 11.65 
2.4980 2 1 1 0x0 3.9892 4.0108 3.99 4.01 1.0670 1.0247 0.0005 0.0004 2.1602 -0.0428 -0.010818 2.979684 11.65 
2.5000 2 1 1 0x0 3.9892 4.0108 3.99 4.01 0.9135 0.9580 0.0003 0.0002 2.1622 -0.0429 -0.010818 2.979697 11.65 
2.5020 2 1 1 0x0 3.9892 4.0108 3.99 4.01 0.9107 0.9152 0.0006 0.0005 2.1639 -0.0429 -0.010818 2.979680 11.65 
2.5040 2 1 1 0x0 3.9892 4.0108 3.99 4.01 1.0380 1.0595 0.0004 0.0003 2.1659 -0.0429 -0.010818 2.979661 11.65 
2.5060 2 1 1 0x0 3.9892 4.0108 3.99 4.01 1.0416 1.0381 0.0007 0.0005 2.1675 -0.0429 -0.010818 2.979666 11.66 
2.5080 2 1 1 0x0 3.9892 4.0108 3.99 4.01 0.8075 0.8217 0.0005 0.0003 2.1695 -0.0430 -0.010818 2.979673 11.65 
2.5100 2 1 1 0x0 3.9865 4.0135 3.99 4.01 1.0963 0.7914 0.0003 0.0006 2.1714 -0.0430 -0.013523 2.979661 11.65 
2.5120 2 1 1 0x0 3.9892 4.0108 3.99 4.01 1.1011 1.0738 0.0005 0.0004 2.1732 -0.0430 -0.010818 2.979666 11.66 
2.5140 2 1 1 0x0 3.9892 4.0108 3.99 4.01 0.8922 0.9188 0.0004 0.0003 2.1752 -0.0430 -0.010818 2.979674 11.65 
2.5160 2 1 1 0x0 3.9865 4.0135 3.99 4.01 1.0622 0.8808 0.0003 0.0005 2.1770 -0.0430 -0.013523 2.979659 11.65 
2.5180 2 1 1 0x0 3.9892 4.0108 3.99 4.01 0.9960 1.0349 0.0005 0.0003 2.1789 -0.0431 -0.010818 2.979644 11.65 
2.5200 2 1 1 0x0 3.9865 4.0135 3.99 4.01 0.7931 1.0139 0.0003 0.0006 2.1807 -0.0431 -0.013523 2.979654 11.66 
2.5220 2 1 1 0x0 3.9892 4.0108 3.99 4.01 0.7908 0.7929 0.0006 0.0004 2.1825 -0.0431 -0.010818 2.979638 11.65 
2.5240 2 1 1 0x0 3.9892 4.0108 3.99 4.01 1.0469 0.9999 0.0004 0.0002 2.1845 -0.0431 -0.010818 2.979626 11.65 
2.5260 2 1 1 0x0 3.9892 4.0108 3.99 4.01 0.9834 1.0490 0.0006 0.0005 2.1862 -0.0431 -0.010818 2.979645 11.66 
2.5280 2 1 1 0x0 3.9892 4.0108 3.99 4.01 0.8666 0.9382 0.0005 0.0003 2.1882 -0.0432 -0.010818 2.979632 11.65 
2.5300 2 1 1 0x0 3.9865 4.0135 3.99 4.01 1.0230 0.8999 0.0003 0.0006 2.1900 -0.0432 -0.013523 2.979630 11.65 
2.5320 2 1 1 0x0 3.9892 4.0108 3.99 4.01 1.0302 1.0100 0.0005 0.0004 2.1918 -0.0432 -0.010818 2.979645 11.66 
2.5340 2 1 1 0x0 3.9865 4.0135 3.99 4.01 0.8139 1.0602 0.0004 0.0007 2.1937 -0.0432 -0.013523 2.979632 11.65 
2.5360 2 1 1 0x0 3.9892 4.0108 3.99 4.01 0.8117 0.8082 0.0006 0.0005 2.1955 -0.0433 -0.010818 2.979622 11.64 
2.5380 2 1 1 0x0 3.9892 4.0108 3.99 4.01 1.0112 1.0455 0.0004 0.0002 2.1975 -0.0433 -0.010818 2.979631 11.65 
2.5400 2 1 1 0x0 3.9865 4.0135 3.99 4.01 0.8988 1.0240 0.0003 0.0005 2.1993 -0.0433 -0.013523 2.979636 11.65 
2.5420 2 1 1 0x0 3.9892 4.0108 3.99 4.01 0.8966 0.9004 0.0005 0.0003 2.2012 -0.0433 -0.010818 2.979619 11.65 
2.5440 2 1 1 0x0 3.9865 4.0135 3.99 4.01 0.9881 0.9164 0.0003 0.0006 2.2030 -0.0433 -0.013523 2.979620 11.65 
2.5460 2 1 1 0x0 3.9892 4.0108 3.99 4.01 0.9914 1.0587 0.0006 0.0004 2.2048 -0.0434 -0.010818 2.979651 11.65 
2.5480 2 1 1 0x0 3.9865 4.0135 3.99 4.01 0.7943 0.9700 0.0004 0.0007 2.2066 -0.0434 -0.013523 2.979659 11.66 
2.5500 2 1 1 0x0 3.9865 4.0135 3.99 4.01 1.0407 0.7794 0.0002 0.0005 2.2087 -0.0434 -0.013523 2.979649 11.65 
2.5520 2 1 1 0x0 3.9892 4.0108 3.99 4.01 1.0422 1.0216 0.0005 0.0003 2.2105 -0.0434 -0.010818 2.979647 11.65 
2.5540 2 1 1 0x0 3.9865 4.0135 3.99 4.01 0.8767 1.0748 0.0003 0.0006 2.2123 -0.0435 -0.013523 2.979635 11.65 
2.5560 2 1 1 0x0 3.9892 4.0108 3.99 4.01 0.8742 0.9187 0.0006 0.0004 2.2142 -0.0435 -0.010818 2.979642 11.65 
2.5580 2 1 1 0x0 3.9892 4.0108 3.99 4.01 1.0886 1.0561 0.0004 0.0002 2.2162 -0.0435 -0.010818 2.979653 11.65 
2.5600 2 1 1 0x0 3.9865 4.0135 3.99 4.01 0.8259 1.0351 0.0003 0.0005 2.2180 -0.0435 -0.013523 2.979625 11.65 
2.5620 2 1 1 0x0 3.9892 4.0108 3.99 4.01 0.8230 0.7810 0.0005 0.0003 2.2198 -0.0435 -0.010818 2.979630 11.65 
2.5640 2 1 1 0x0 3.9865 4.0135 3.99 4.01 0.9944 0.7928 0.0003 0.0005 2.2217 -0.0436 -0.013523 2.979661 11.65 
2.5660 2 1 1 0x0 3.9892 4.0108 3.99 4.01 1.0686 0.9981 0.0006 0.0004 2.2235 -0.0436 -0.010818 2.979650 11.65 
2.5680 2 1 1 0x0 3.9865 4.0135 3.99 4.01 0.9710 1.0475 0.0004 0.0006 2.2253 -0.0436 -0.013523 2.979641 11.65 
2.5700 2 1 1 0x0 3.9865 4.0135 3.99 4.01 1.0343 0.9405 0.0003 0.0005 2.2273 -0.0436 -0.013523 2.979663 11.65 
2.5720 2 1 1 0x0 3.9892 4.0108 3.99 4.01 1.0381 1.1058 0.0005 0.0003 2.2292 -0.0437 -0.010818 2.979668 11.66 
2.5740 2 1 1 0x0 3.9865 4.0135 3.99 4.01 0.8098 1.0093 0.0004 0.0006 2.2310 -0.0437 -0.013523 2.979638 11.65 
2.5760 2 1 1 0x0 3.9892 4.0108 3.99 4.01 0.8076 0.7961 0.0006 0.0004 2.2328 -0.0437 -0.010818 2.979640 11.65 
2.5780 2 1 1 0x0 3.9865 4.0135 3.99 4.01 1.0919 0.7679 0.0004 0.0007 2.2346 -0.0437 -0.013523 2.979646 11.66 
2.5800 2 1 1 0x0 3.9865 4.0135 3.99 4.01 0.8960 1.0429 0.0003 0.0005 2.2367 -0.0438 -0.013523 2.979623 11.65 
2.5820 2 1 1 0x0 3.9892 4.0108 3.99 4.01 0.8932 0.9424 0.0006 0.0003 2.2385 -0.0438 -0.010818 2.979616 11.65 
2.5840 2 1 1 0x0 3.9865 4.0135 3.99 4.01 1.0610 0.9015 0.0004 0.0006 2.2403 -0.0438 -0.013523 2.979630 11.65 
2.5860 2 1 1 0x0 3.9892 4.0108 3.99 4.01 1.0653 1.0789 0.0007 0.0004 2.2421 -0.0438 -0.010818 2.979622 11.66 
2.5880 2 1 1 0x0 3.9865 4.0135 3.99 4.01 0.7939 1.0564 0.0005 0.0007 2.2440 -0.0438 -0.013523 2.979623 11.65 
2.5900 2 1 1 0x0 3.9865 4.0135 3.99 4.01 1.0378 0.8108 0.0003 0.0005 2.2460 -0.0439 -0.013523 2.979649 11.66 
2.5920 2 1 1 0x0 3.9892 4.0108 3.99 4.01 1.0408 1.0405 0.0006 0.0003 2.2478 -0.0439 -0.010818 2.979644 11.65 
2.5940 2 1 1 0x0 3.9865 4.0135 3.99 4.01 0.8770 1.0204 0.0004 0.0006 2.2497 -0.0439 -0.013523 2.979628 11.65 
2.5960 2 1 1 0x0 3.9865 4.0135 3.99 4.01 1.0847 0.9623 0.0002 0.0004 2.2517 -0.0439 -0.013523 2.979651 11.65 
2.5980 2 1 1 0x0 3.9892 4.0108 3.99 4.01 1.0132 1.0040 0.0005 0.0002 2.2535 -0.0440 -0.010818 2.979643 11.66 
2.6000 2 1 1 0x0 3.9865 4.0135 3.99 4.01 0.8253 1.0540 0.0003 0.0005 2.2553 -0.0440 -0.013523 2.979623 11.65 
2.6020 2 1 1 0x0 3.9892 4.0108 3.99 4.01 0.8228 0.8125 0.0006 0.0003 2.2572 -0.0440 -0.010818 2.979635 11.65 
2.6040 2 1 1 0x0 3.9865 4.0135 3.99 4.01 1.0650 0.8258 0.0004 0.0006 2.2590 -0.0440 -0.013523 2.979647 11.66 
2.6060 2 1 1 0x0 3.9865 4.0135 3.99 4.01 0.9739 1.0154 0.0002 0.0004 2.2610 -0.0441 -0.013523 2.979618 11.66 
2.6080 2 1 1 0x0 3.9865 4.0135 3.99 4.01 0.9097 1.0663 0.0005 0.0006 2.2626 -0.0441 -0.013523 2.979614 11.65 
2.6100 2 1 1 0x0 3.9865 4.0135 3.99 4.01 1.0389 0.8712 0.0003 0.0005 2.2647 -0.0441 -0.013523 2.979615 11.65 
2.6120 2 1 1 0x0 3.9892 4.0108 3.99 4.01 1.0421 1.0478 0.0006 0.0003 2.2665 -0.0441 -0.010818 2.979596 11.65 
2.6140 2 1 1 0x0 3.9865 4.0135 3.99 4.01 0.8056 1.0270 0.0004 0.0006 2.2683 -0.0442 -0.013523 2.979620 11.66 
2.6160 2 1 1 0x0 3.9892 4.0108 3.99 4.01 0.8036 0.7465 0.0006 0.0004 2.2701 -0.0442 -0.010818 2.979610 11.65 
2.6180 2 1 1 0x0 3.9865 4.0135 3.99 4.01 1.0245 0.7980 0.0004 0.0006 2.2720 -0.0442 -0.013523 2.979599 11.65 
2.6200 2 1 1 0x0 3.9865 4.0135 3.99 4.01 0.8894 1.0628 0.0003 0.0004 2.2740 -0.0442 -0.013523 2.979619 11.65 
2.6220 2 1 1 0x0 3.9892 4.0108 3.99 4.01 0.8863 0.8733 0.0005 0.0003 2.2758 -0.0442 -0.010818 2.979636 11.66 
2.6240 2 1 1 0x0 3.9865 4.0135 3.99 4.01 1.0001 0.9442 0.0004 0.0005 2.2776 -0.0443 -0.013523 2.979626 11.66 
2.6260 2 1 1 0x0 3.9892 4.0108 3.99 4.01 1.0742 1.0244 0.0006 0.0004 2.2795 -0.0443 -0.010818 2.979623 11.65 
2.6280 2 1 1 0x0 3.9865 4.0135 3.99 4.01 0.7892 1.0768 0.0004 0.0006 2.2813 -0.0443 -0.013523 2.979639 11.66 
2.6300 2 1 1 0x0 3.9865 4.0135 3.99 4.01 1.0495 0.7992 0.0003 0.0004 2.2833 -0.0443 -0.013523 2.979621 11.65 
2.6320 2 1 1 0x0 3.9892 4.0108 3.99 4.01 1.0530 0.9871 0.0005 0.0003 2.2851 -0.0444 -0.010818 2.979601 11.65 
2.6340 2 1 1 0x0 3.9865 4.0135 3.99 4.01 0.8689 1.0371 0.0003 0.0005 2.2870 -0.0444 -0.013523 2.979604 11.65 
2.6360 2 1 1 0x0 3.9865 4.0135 3.99 4.01 1.0986 0.9479 0.0002 0.0003 2.2890 -0.0444 -0.013523 2.979596 11.65 
2.6380 2 1 1 0x0 3.9892 4.0108 3.99 4.01 1.1032 1.0943 0.0004 0.0002 2.2908 -0.0444 -0.010818 2.979576 11.65 
2.6400 2 1 1 0x0 3.9865 4.0135 3.99 4.01 0.7738 0.9994 0.0003 0.0005 2.2927 -0.0445 -0.013523 2.979594 11.65 
2.6420 2 1 1 0x0 3.9865 4.0135 3.99 4.01 0.8150 1.0485 0.0005 0.0007 2.2943 -0.0445 -0.013523 2.979613 11.65 
2.6440 2 1 1 0x0 3.9865 4.0135 3.99 4.01 1.0833 0.8156 0.0003 0.0005 2.2963 -0.0445 -0.013523 2.979595 11.65 
2.6460 2 1 1 0x0 3.9892 4.0108 3.99 4.01 1.0882 1.0321 0.0006 0.0003 2.2981 -0.0445 -0.010818 2.979597 11.66 
2.6480 2 1 1 0x0 3.9865 4.0135 3.99 4.01 0.9011 1.0848 0.0005 0.0006 2.3000 -0.0445 -0.013523 2.979622 11.66 
2.6500 2 1 1 0x0 3.9865 4.0135 3.99 4.01 1.0511 0.9127 0.0003 0.0004 2.3020 -0.0446 -0.013523 2.979607 11.65 
2.6520 2 1 1 0x0 3.9892 4.0108 3.99 4.01 0.9866 1.0662 0.0005 0.0002 2.3038 -0.0446 -0.010818 2.979590 11.65 
2.6540 2 1 1 0x0 3.9865 4.0135 3.99 4.01 0.7992 1.0442 0.0004 0.0005 2.3056 -0.0446 -0.013523 2.979603 11.64 
2.6560 2 1 1 0x0 3.9892 4.0108 3.99 4.01 0.7968 0.8183 0.0006 0.0003 2.3075 -0.0446 -0.010818 2.979589 11.65 
2.6580 2 1 1 0x0 3.9865 4.0135 3.99 4.01 1.1132 0.7877 0.0005 0.0006 2.3093 -0.0447 -0.013523 2.979577 11.64 
2.6600 2 1 1 0x0 3.9865 4.0135 3.99 4.01 0.9373 1.0073 0.0003 0.0004 2.3113 -0.0447 -0.013523 2.979598 11.63 
2.6620 2 1 1 0x0 3.9865 4.0135 3.99 4.01 0.8795 0.9878 0.0006 0.0006 2.3129 -0.0447 -0.013523 2.979601 11.65 
2.6640 2 1 1 0x0 3.9865 4.0135 3.99 4.01 1.0812 0.8766 0.0004 0.0005 2.3150 -0.0447 -0.013523 2.979597 11.65 
2.6660 2 1 1 0x0 3.9892 4.0108 3.99 4.01 1.0849 1.0401 0.0007 0.0003 2.3168 -0.0448 -0.010818 2.979600 11.65 
2.6680 2 1 1 0x0 3.9865 4.0135 3.99 4.01 0.7835 1.0186 0.0005 0.0006 2.3186 -0.0448 -0.013523 2.979602 11.65 
2.6700 2 1 1 0x0 3.9865 4.0135 3.99 4.01 0.9874 0.7900 0.0003 0.0004 2.3206 -0.0448 -0.013523 2.979600 11.64 
2.6720 2 1 1 0x0 3.9865 4.0135 3.99 4.01 0.9907 0.8029 0.0006 0.0006 2.3223 -0.0448 -0.013523 2.979625 11.65 
2.6740 2 1 1 0x0 3.9865 4.0135 3.99 4.01 0.8635 1.0527 0.0004 0.0004 2.3243 -0.0449 -0.013523 2.979630 11.65 
2.6760 2 1 1 0x0 3.9865 4.0135 3.99 4.01 1.0318 0.8805 0.0002 0.0003 2.3263 -0.0449 -0.013523 2.979609 11.65 
2.6780 2 1 1 0x0 3.9865 4.0135 3.99 4.01 1.0359 0.9532 0.0005 0.0005 2.3279 -0.0449 -0.013523 2.979615 11.66 
2.6800 2 1 1 0x0 3.9865 4.0135 3.99 4.01 0.8108 1.0142 0.0003 0.0003 2.3300 -0.0449 -0.013523 2.979637 11.65 
2.6820 2 1 1 0x0 3.9865 4.0135 3.99 4.01 0.8083 0.9927 0.0006 0.0006 2.3316 -0.0450 -0.013523 2.979631 11.66 
2.6840 2 1 1 0x0 3.9865 4.0135 3.99 4.01 1.0171 0.8534 0.0004 0.0004 2.3336 -0.0450 -0.013523 2.979639 11.65 
2.6860 2 1 1 0x0 3.9865 4.0135 3.99 4.01 0.8968 1.0449 0.0002 0.0002 2.3357 -0.0450 -0.013523 2.979651 11.65 
2.6880 2 1 1 0x0 3.9865 4.0135 3.99 4.01 0.9500 1.0239 0.0005 0.0005 2.3373 -0.0450 -0.013523 2.979631 11.66 
2.6900 2 1 1 0x0 3.9865 4.0135 3.99 4.01 1.0627 0.9016 0.0003 0.0003 2.3393 -0.0451 -0.013523 2.979624 11.65 
2.6920 2 1 1 0x0 3.9865 4.0135 3.99 4.01 1.0675 0.9786 0.0006 0.0006 2.3409 -0.0451 -0.013523 2.979645 11.65 
2.6940 2 1 1 0x0 3.9865 4.0135 3.99 4.01 0.7922 0.9861 0.0004 0.0004 2.3430 -0.0451 -0.013523 2.979643 11.65 
2.6960 2 1 1 0x0 3.9865 4.0135 3.99 4.01 0.7903 1.0344 0.0006 0.0007 2.3446 -0.0451 -0.013523 2.979639 11.65 
2.6980 2 1 1 0x0 3.9865 4.0135 3.99 4.01 1.0478 0.8251 0.0005 0.0005 2.3466 -0.0452 -0.013523 2.979658 11.65 
2.7000 2 1 1 0x0 3.9865 4.0135 3.99 4.01 0.8715 1.0168 0.0003 0.0003 2.3486 -0.0452 -0.013523 2.979658 11.65 
2.7020 2 1 1 0x0 3.9865 4.0135 3.99 4.01 0.9856 0.9962 0.0005 0.0005 2.3503 -0.0452 -0.013523 2.979643 11.65 
2.7040 2 1 1 0x0 3.9865 4.0135 3.99 4.01 1.0223 0.8704 0.0004 0.0004 2.3523 -0.0452 -0.013523 2.979661 11.66 
2.7060 2 1 1 0x0 3.9892 4.0108 3.99 4.01 1.1003 0.9796 0.0006 0.0002 2.3541 -0.0453 -0.010818 2.979660 11.65 
2.7080 2 1 1 0x0 3.9865 4.0135 3.99 4.01 0.7756 1.0267 0.0005 0.0005 2.3559 -0.0453 -0.013523 2.979628 11.65 
2.7100 2 1 1 0x0 3.9865 4.0135 3.99 4.01 1.0740 0.7856 0.0003 0.0003 2.3580 -0.0453 -0.013523 2.979623 11.65 
2.7120 2 1 1 0x0 3.9865 4.0135 3.99 4.01 1.0776 0.7577 0.0005 0.0005 2.3596 -0.0453 -0.013523 2.979628 11.65 
2.7140 2 1 1 0x0 3.9865 4.0135 3.99 4.01 0.8522 0.9907 0.0004 0.0003 2.3616 -0.0454 -0.013523 2.979603 11.65 
2.7160 2 1 1 0x0 3.9865 4.0135 3.99 4.01 0.8498 1.0386 0.0006 0.0006 2.3632 -0.0454 -0.013523 2.979606 11.64 
2.7180 2 1 1 0x0 3.9865 4.0135 3.99 4.01 1.0478 0.8910 0.0005 0.0004 2.3653 -0.0454 -0.013523 2.979646 11.65 
2.7200 2 1 1 0x0 3.9865 4.0135 3.99 4.01 0.8015 1.0941 0.0003 0.0003 2.3673 -0.0454 -0.013523 2.979644 11.65 
2.7220 2 1 1 0x0 3.9865 4.0135 3.99 4.01 0.7590 1.0706 0.0005 0.0005 2.3689 -0.0455 -0.013523 2.979642 11.65 
2.7240 2 1 1 0x0 3.9865 4.0135 3.99 4.01 1.0295 0.8031 0.0004 0.0003 2.3709 -0.0455 -0.013523 2.979663 11.65 
2.7260 2 1 1 0x0 3.9865 4.0135 3.99 4.01 1.0323 0.7741 0.0006 0.0006 2.3726 -0.0455 -0.013523 2.979675 11.65 
2.7280 2 1 1 0x0 3.9865 4.0135 3.99 4.01 0.8857 1.0309 0.0005 0.0004 2.3746 -0.0455 -0.013523 2.979664 11.66 
2.7300 2 1 1 0x0 3.9865 4.0135 3.99 4.01 0.9986 0.9532 0.0003 0.0002 2.3766 -0.0456 -0.013523 2.979660 11.65 
2.7320 2 1 1 0x0 3.9865 4.0135 3.99 4.01 1.0736 0.9724 0.0006 0.0005 2.3782 -0.0456 -0.013523 2.979655 11.66 
2.7340 2 1 1 0x0 3.9865 4.0135 3.99 4.01 0.8350 0.9934 0.0004 0.0003 2.3803 -0.0456 -0.013523 2.979634 11.65 
2.7360 2 1 1 0x0 3.9838 4.0162 3.98 4.02 1.0461 1.0418 0.0003 0.0006 2.3821 -0.0456 -0.016227 2.979644 11.65 
2.7380 2 1 1 0x0 3.9865 4.0135 3.99 4.01 1.0470 0.8186 0.0005 0.0004 2.3839 -0.0457 -0.013523 2.979641 11.65 
2.7400 2 1 1 0x0 3.9838 4.0162 3.98 4.02 0.9892 0.7883 0.0004 0.0006 2.3858 -0.0457 -0.016227 2.979645 11.65 
2.7420 2 1 1 0x0 3.9838 4.0162 3.98 4.02 1.0924 1.0059 0.0002 0.0004 2.3878 -0.0457 -0.016227 2.979670 11.65 
2.7440 2 1 1 0x0 3.9865 4.0135 3.99 4.01 1.0194 0.9162 0.0005 0.0003 2.3896 -0.0458 -0.013523 2.979679 11.65 
2.7460 2 1 1 0x0 3.9838 4.0162 3.98 4.02 0.7792 0.9332 0.0003 0.0005 2.3914 -0.0458 -0.016227 2.979654 11.65 
2.7480 2 1 1 0x0 3.9865 4.0135 3.99 4.01 0.7767 1.1150 0.0006 0.0004 2.3933 -0.0458 -0.013523 2.979656 11.65 
2.7500 2 1 1 0x0 3.9838 4.0162 3.98 4.02 0.9955 1.0901 0.0004 0.0006 2.3951 -0.0458 -0.016227 2.979673 11.65 
2.7520 2 1 1 0x0 3.9838 4.0162 3.98 4.02 0.8607 0.7919 0.0002 0.0004 2.3971 -0.0459 -0.016227 2.979649 11.65 
2.7540 2 1 1 0x0 3.9865 4.0135 3.99 4.01 0.9094 1.0019 0.0005 0.0002 2.3989 -0.0459 -0.013523 2.979647 11.65 
2.7560 2 1 1 0x0 3.9838 4.0162 3.98 4.02 1.0388 1.0515 0.0003 0.0005 2.4008 -0.0459 -0.016227 2.979665 11.65 
2.7580 2 1 1 0x0 3.9865 4.0135 3.99 4.01 1.0463 0.8815 0.0006 0.0003 2.4026 -0.0459 -0.013523 2.979661 11.65 
2.7600 2 1 1 0x0 3.9838 4.0162 3.98 4.02 0.7643 0.8970 0.0004 0.0006 2.4044 -0.0460 -0.016227 2.979661 11.65 
2.7620 2 1 1 0x0 3.9838 4.0162 3.98 4.02 1.0191 1.0127 0.0002 0.0004 2.4064 -0.0460 -0.016227 2.979676 11.65 
2.7640 2 1 1 0x0 3.9865 4.0135 3.99 4.01 1.0259 0.7942 0.0004 0.0003 2.4083 -0.0460 -0.013523 2.979682 11.65 
2.7660 2 1 1 0x0 3.9838 4.0162 3.98 4.02 0.8387 0.8066 0.0003 0.0005 2.4101 -0.0461 -0.016227 2.979667 11.64 
2.7680 2 1 1 0x0 3.9865 4.0135 3.99 4.01 0.8849 1.0476 0.0005 0.0003 2.4119 -0.0461 -0.013523 2.979668 11.64 
2.7700 2 1 1 0x0 3.9838 4.0162 3.98 4.02 1.0725 1.0258 0.0004 0.0006 2.4137 -0.0461 -0.016227 2.979664 11.66 
2.7720 2 1 1 0x0 3.9865 4.0135 3.99 4.01 1.0775 0.8999 0.0006 0.0004 2.4156 -0.0461 -0.013523 2.979651 11.65 
2.7740 2 1 1 0x0 3.9865 4.0135 3.99 4.01 0.7865 1.0808 0.0005 0.0003 2.4176 -0.0462 -0.013523 2.979660 11.65 
2.7760 2 1 1 0x0 3.9838 4.0162 3.98 4.02 1.0548 0.9889 0.0003 0.0005 2.4194 -0.0462 -0.016227 2.979672 11.65 
2.7780 2 1 1 0x0 3.9865 4.0135 3.99 4.01 1.0631 0.8095 0.0005 0.0003 2.4212 -0.0462 -0.013523 2.979668 11.66 
2.7800 2 1 1 0x0 3.9838 4.0162 3.98 4.02 0.9161 0.8221 0.0003 0.0006 2.4231 -0.0463 -0.016227 2.979684 11.65 
2.7820 2 1 1 0x0 3.9865 4.0135 3.99 4.01 0.8617 1.0215 0.0006 0.0004 2.4249 -0.0463 -0.013523 2.979697 11.65 
2.7840 2 1 1 0x0 3.9838 4.0162 3.98 4.02 1.0343 1.0018 0.0004 0.0006 2.4267 -0.0463 -0.016227 2.979666 11.65 
2.7860 2 1 1 0x0 3.9838 4.0162 3.98 4.02 0.8128 0.9189 0.0003 0.0004 2.4287 -0.0463 -0.016227 2.979651 11.65 
2.7880 2 1 1 0x0 3.9865 4.0135 3.99 4.01 0.8108 1.0558 0.0005 0.0003 2.4306 -0.0464 -0.013523 2.979672 11.65 
2.7900 2 1 1 0x0 3.9838 4.0162 3.98 4.02 1.0859 1.0344 0.0003 0.0005 2.4324 -0.0464 -0.016227 2.979646 11.65 
2.7920 2 1 1 0x0 3.9865 4.0135 3.99 4.01 1.0171 0.7423 0.0006 0.0003 2.4342 -0.0464 -0.013523 2.979619 11.65 
2.7940 2 1 1 0x0 3.9838 4.0162 3.98 4.02 0.8946 0.7938 0.0004 0.0006 2.4361 -0.0464 -0.016227 2.979644 11.65 
2.7960 2 1 1 0x0 3.9838 4.0162 3.98 4.02 1.0592 1.0701 0.0003 0.0004 2.4381 -0.0465 -0.016227 2.979652 11.65 
2.7980 2 1 1 0x0 3.9865 4.0135 3.99 4.01 1.0595 0.9217 0.0005 0.0002 2.4399 -0.0465 -0.013523 2.979634 11.65 
2.8000 2 1 1 0x0 3.9838 4.0162 3.98 4.02 0.8417 0.8833 0.0003 0.0005 2.4417 -0.0465 -0.016227 2.979645 11.65 
2.8020 2 1 1 0x0 3.9865 4.0135 3.99 4.01 0.7934 1.0306 0.0006 0.0003 2.4436 -0.0466 -0.013523 2.979653 11.66 
2.8040 2 1 1 0x0 3.9838 4.0162 3.98 4.02 1.0381 1.0836 0.0004 0.0006 2.4454 -0.0466 -0.016227 2.979635 11.65 
2.8060 2 1 1 0x0 3.9838 4.0162 3.98 4.02 0.8794 0.7552 0.0003 0.0004 2.4474 -0.0466 -0.016227 2.979635 11.65 
2.8080 2 1 1 0x0 3.9838 4.0162 3.98 4.02 0.8772 0.7673 0.0005 0.0007 2.4490 -0.0466 -0.016227 2.979629 11.65 
2.8100 2 1 1 0x0 3.9838 4.0162 3.98 4.02 1.0123 0.9745 0.0003 0.0005 2.4511 -0.0467 -0.016227 2.979612 11.65 
2.8120 2 1 1 0x0 3.9865 4.0135 3.99 4.01 1.0160 0.9433 0.0006 0.0003 2.4529 -0.0467 -0.013523 2.979604 11.66 
2.8140 2 1 1 0x0 3.9838 4.0162 3.98 4.02 0.8237 0.9037 0.0004 0.0006 2.4547 -0.0467 -0.016227 2.979628 11.65 
2.8160 2 1 1 0x0 3.9838 4.0162 3.98 4.02 1.0671 1.0031 0.0002 0.0004 2.4567 -0.0468 -0.016227 2.979633 11.65 
2.8180 2 1 1 0x0 3.9838 4.0162 3.98 4.02 0.9967 0.9836 0.0005 0.0007 2.4584 -0.0468 -0.016227 2.979632 11.65 
2.8200 2 1 1 0x0 3.9838 4.0162 3.98 4.02 0.9139 0.8138 0.0003 0.0005 2.4604 -0.0468 -0.016227 2.979655 11.65 
2.8220 2 1 1 0x0 3.9865 4.0135 3.99 4.01 0.9114 1.0347 0.0006 0.0003 2.4622 -0.0468 -0.013523 2.979660 11.65 
2.8240 2 1 1 0x0 3.9838 4.0162 3.98 4.02 1.0365 1.0129 0.0004 0.0006 2.4640 -0.0469 -0.016227 2.979658 11.65 
2.8260 2 1 1 0x0 3.9838 4.0162 3.98 4.02 0.8103 0.9103 0.0003 0.0004 2.4661 -0.0469 -0.016227 2.979673 11.65 
2.8280 2 1 1 0x0 3.9865 4.0135 3.99 4.01 0.8541 1.0673 0.0005 0.0002 2.4679 -0.0469 -0.013523 2.979667 11.65 
2.8300 2 1 1 0x0 3.9838 4.0162 3.98 4.02 1.0941 1.0432 0.0003 0.0005 2.4697 -0.0470 -0.016227 2.979653 11.65 
2.8320 2 1 1 0x0 3.9865 4.0135 3.99 4.01 1.0241 0.8193 0.0006 0.0003 2.4715 -0.0470 -0.013523 2.979672 11.65 
2.8340 2 1 1 0x0 3.9838 4.0162 3.98 4.02 0.8399 0.8328 0.0004 0.0006 2.4734 -0.0470 -0.016227 2.979666 11.65 
2.8360 2 1 1 0x0 3.9838 4.0162 3.98 4.02 0.9940 1.0772 0.0002 0.0004 2.4754 -0.0471 -0.016227 2.979657 11.65 
2.8380 2 1 1 0x0 3.9838 4.0162 3.98 4.02 1.0722 0.9850 0.0005 0.0006 2.4770 -0.0471 -0.016227 2.979680 11.66 
2.8400 2 1 1 0x0 3.9838 4.0162 3.98 4.02 0.7902 0.9346 0.0003 0.0005 2.4790 -0.0471 -0.016227 2.979679 11.65 
2.8420 2 1 1 0x0 3.9865 4.0135 3.99 4.01 0.7880 1.0352 0.0006 0.0003 2.4809 -0.0471 -0.013523 2.979656 11.65 
2.8440 2 1 1 0x0 3.9838 4.0162 3.98 4.02 1.0516 1.0141 0.0004 0.0006 2.4827 -0.0472 -0.016227 2.979651 11.65 
2.8460 2 1 1 0x0 3.9865 4.0135 3.99 4.01 1.0561 0.7939 0.0006 0.0004 2.4845 -0.0472 -0.013523 2.979661 11.65 
2.8480 2 1 1 0x0 3.9865 4.0135 3.99 4.01 0.8661 1.0679 0.0005 0.0002 2.4866 -0.0472 -0.013523 2.979661 11.65 
2.8500 2 1 1 0x0 3.9838 4.0162 3.98 4.02 1.0273 1.0461 0.0003 0.0004 2.4884 -0.0472 -0.016227 2.979662 11.65 
2.8520 2 1 1 0x0 3.9865 4.0135 3.99 4.01 1.0314 0.8857 0.0006 0.0003 2.4902 -0.0473 -0.013523 2.979670 11.65 
2.8540 2 1 1 0x0 3.9838 4.0162 3.98 4.02 0.7700 0.9592 0.0004 0.0006 2.4920 -0.0473 -0.016227 2.979663 11.65 
2.8560 2 1 1 0x0 3.9865 4.0135 3.99 4.01 0.7310 1.0062 0.0006 0.0004 2.4939 -0.0473 -0.013523 2.979669 11.65 
2.8580 2 1 1 0x0 3.9838 4.0162 3.98 4.02 1.0132 1.0563 0.0004 0.0007 2.4957 -0.0474 -0.016227 2.979685 11.65 
2.8600 2 1 1 0x0 3.9838 4.0162 3.98 4.02 0.8969 0.7697 0.0003 0.0005 2.4977 -0.0474 -0.016227 2.979669 11.65 
2.8620 2 1 1 0x0 3.9865 4.0135 3.99 4.01 0.8940 0.9704 0.0005 0.0003 2.4995 -0.0474 -0.013523 2.979644 11.65 
2.8640 2 1 1 0x0 3.9838 4.0162 3.98 4.02 1.0600 1.0168 0.0004 0.0005 2.5014 -0.0474 -0.016227 2.979658 11.65 
2.8660 2 1 1 0x0 3.9865 4.0135 3.99 4.01 1.0637 0.9082 0.0006 0.0004 2.5032 -0.0475 -0.013523 2.979655 11.65 
2.8680 2 1 1 0x0 3.9865 4.0135 3.99 4.01 0.8403 0.9969 0.0005 0.0002 2.5052 -0.0475 -0.013523 2.979638 11.64 
2.8700 2 1 1 0x0 3.9838 4.0162 3.98 4.02 1.0402 1.0446 0.0002 0.0005 2.5070 -0.0475 -0.016227 2.979655 11.65 
2.8720 2 1 1 0x0 3.9865 4.0135 3.99 4.01 1.0406 0.8183 0.0005 0.0003 2.5089 -0.0476 -0.013523 2.979663 11.65 
2.8740 2 1 1 0x0 3.9838 4.0162 3.98 4.02 0.9320 0.7884 0.0004 0.0006 2.5107 -0.0476 -0.016227 2.979663 11.65 
2.8760 2 1 1 0x0 3.9865 4.0135 3.99 4.01 0.9286 1.0067 0.0006 0.0004 2.5125 -0.0476 -0.013523 2.979669 11.65 
2.8780 2 1 1 0x0 3.9865 4.0135 3.99 4.01 1.0158 0.9178 0.0005 0.0002 2.5145 -0.0476 -0.013523 2.979676 11.65 
2.8800 2 1 1 0x0 3.9838 4.0162 3.98 4.02 0.7813 0.9354 0.0003 0.0005 2.5164 -0.0477 -0.016227 2.979662 11.66 
2.8820 2 1 1 0x0 3.9865 4.0135 3.99 4.01 0.8215 1.0332 0.0005 0.0003 2.5182 -0.0477 -0.013523 2.979657 11.65 
2.8840 2 1 1 0x0 3.9838 4.0162 3.98 4.02 1.0673 1.0113 0.0003 0.0006 2.5200 -0.0477 -0.016227 2.979672 11.65 
2.8860 2 1 1 0x0 3.9865 4.0135 3.99 4.01 0.9978 0.7951 0.0006 0.0004 2.5218 -0.0477 -0.013523 2.979642 11.66 
2.8880 2 1 1 0x0 3.9838 4.0162 3.98 4.02 0.9089 0.7665 0.0005 0.0007 2.5237 -0.0478 -0.016227 2.979620 11.65 
2.8900 2 1 1 0x0 3.9838 4.0162 3.98 4.02 1.0399 0.9748 0.0003 0.0005 2.5257 -0.0478 -0.016227 2.979639 11.65 
2.8920 2 1 1 0x0 3.9865 4.0135 3.99 4.01 1.0437 0.8871 0.0006 0.0003 2.5275 -0.0478 -0.013523 2.979646 11.65 
2.8940 2 1 1 0x0 3.9838 4.0162 3.98 4.02 0.7657 0.9031 0.0004 0.0005 2.5293 -0.0479 -0.016227 2.979645 11.65 
2.8960 2 1 1 0x0 3.9838 4.0162 3.98 4.02 1.0165 1.0037 0.0002 0.0004 2.5314 -0.0479 -0.016227 2.979664 11.65 
2.8980 2 1 1 0x0 3.9838 4.0162 3.98 4.02 1.0202 1.0530 0.0005 0.0007 2.5330 -0.0479 -0.016227 2.979670 11.66 
2.9000 2 1 1 0x0 3.9838 4.0162 3.98 4.02 0.8925 0.8133 0.0003 0.0005 2.5350 -0.0479 -0.016227 2.979647 11.66 
2.9020 2 1 1 0x0 3.9865 4.0135 3.99 4.01 0.8900 0.9685 0.0006 0.0003 2.5368 -0.0480 -0.013523 2.979662 11.65 
2.9040 2 1 1 0x0 3.9838 4.0162 3.98 4.02 1.0654 1.0143 0.0004 0.0005 2.5387 -0.0480 -0.016227 2.979657 11.65 
2.9060 2 1 1 0x0 3.9865 4.0135 3.99 4.01 1.0708 0.9108 0.0007 0.0004 2.5405 -0.0480 -0.013523 2.979649 11.65 
2.9080 2 1 1 0x0 3.9865 4.0135 3.99 4.01 0.7909 1.0654 0.0005 0.0002 2.5425 -0.0481 -0.013523 2.979654 11.65 
2.9100 2 1 1 0x0 3.9838 4.0162 3.98 4.02 1.0422 1.0423 0.0003 0.0005 2.5444 -0.0481 -0.016227 2.979675 11.65 
2.9120 2 1 1 0x0 3.9865 4.0135 3.99 4.01 1.0494 0.7777 0.0005 0.0003 2.5462 -0.0481 -0.013523 2.979662 11.65 
2.9140 2 1 1 0x0 3.9838 4.0162 3.98 4.02 0.9270 0.8349 0.0004 0.0005 2.5480 -0.0481 -0.016227 2.979662 11.65 
2.9160 2 1 1 0x0 3.9838 4.0162 3.98 4.02 1.0168 1.0732 0.0002 0.0004 2.5500 -0.0482 -0.016227 2.979683 11.65 
2.9180 2 1 1 0x0 3.9838 4.0162 3.98 4.02 1.0207 1.0505 0.0005 0.0006 2.5517 -0.0482 -0.016227 2.979668 11.66 
2.9200 2 1 1 0x0 3.9838 4.0162 3.98 4.02 0.8203 0.8819 0.0003 0.0004 2.5537 -0.0482 -0.016227 2.979651 11.65 
2.9220 2 1 1 0x0 3.9865 4.0135 3.99 4.01 0.8188 1.0299 0.0006 0.0003 2.5555 -0.0483 -0.013523 2.979678 11.66 
2.9240 2 1 1 0x0 3.9838 4.0162 3.98 4.02 1.0717 1.0085 0.0004 0.0005 2.5573 -0.0483 -0.016227 2.979669 11.66 
2.9260 2 1 1 0x0 3.9865 4.0135 3.99 4.01 1.0046 0.7567 0.0006 0.0003 2.5592 -0.0483 -0.013523 2.979652 11.66 
2.9280 2 1 1 0x0 3.9838 4.0162 3.98 4.02 0.9040 0.8103 0.0005 0.0006 2.5610 -0.0483 -0.016227 2.979672 11.65 
2.9300 2 1 1 0x0 3.9838 4.0162 3.98 4.02 0.9788 0.9731 0.0003 0.0004 2.5630 -0.0484 -0.016227 2.979696 11.65 
2.9320 2 1 1 0x0 3.9865 4.0135 3.99 4.01 1.0501 0.8890 0.0006 0.0002 2.5648 -0.0484 -0.013523 2.979682 11.65 
2.9340 2 1 1 0x0 3.9838 4.0162 3.98 4.02 0.8026 0.9059 0.0004 0.0005 2.5667 -0.0484 -0.016227 2.979694 11.65 
2.9360 2 1 1 0x0 3.9865 4.0135 3.99 4.01 0.8001 1.0727 0.0006 0.0003 2.5685 -0.0485 -0.013523 2.979703 11.65 
2.9380 2 1 1 0x0 3.9838 4.0162 3.98 4.02 1.0307 1.0502 0.0004 0.0006 2.5703 -0.0485 -0.016227 2.979689 11.64 
2.9400 2 1 1 0x0 3.9838 4.0162 3.98 4.02 0.8837 0.8148 0.0003 0.0004 2.5723 -0.0485 -0.016227 2.979703 11.65 
2.9420 2 1 1 0x0 3.9865 4.0135 3.99 4.01 0.8809 1.0334 0.0005 0.0002 2.5742 -0.0485 -0.013523 2.979713 11.65 
2.9440 2 1 1 0x0 3.9838 4.0162 3.98 4.02 1.0809 1.0123 0.0004 0.0005 2.5760 -0.0486 -0.016227 2.979697 11.65 
2.9460 2 1 1 0x0 3.9865 4.0135 3.99 4.01 1.0833 0.9688 0.0006 0.0003 2.5778 -0.0486 -0.013523 2.979689 11.65 
2.9480 2 1 1 0x0 3.9838 4.0162 3.98 4.02 0.8289 0.9257 0.0005 0.0006 2.5796 -0.0486 -0.016227 2.979711 11.65 
2.9500 2 1 1 0x0 3.9838 4.0162 3.98 4.02 0.9902 1.0470 0.0002 0.0004 2.5817 -0.0487 -0.016227 2.979712 11.66 
2.9520 2 1 1 0x0 3.9838 4.0162 3.98 4.02 1.0641 1.0265 0.0005 0.0007 2.5833 -0.0487 -0.016227 2.979714 11.66 
2.9540 2 1 1 0x0 3.9838 4.0162 3.98 4.02 0.9158 0.8299 0.0004 0.0005 2.5853 -0.0487 -0.016227 2.979734 11.65 
2.9560 2 1 1 0x0 3.9838 4.0162 3.98 4.02 1.0303 1.0092 0.0002 0.0003 2.5873 -0.0487 -0.016227 2.979733 11.65 
2.9580 2 1 1 0x0 3.9838 4.0162 3.98 4.02 1.0338 0.9899 0.0005 0.0005 2.5890 -0.0488 -0.016227 2.979731 11.65 
2.9600 2 1 1 0x0 3.9838 4.0162 3.98 4.02 0.7709 0.9913 0.0003 0.0004 2.5910 -0.0488 -0.016227 2.979735 11.65 
2.9620 2 1 1 0x0 3.9865 4.0135 3.99 4.01 0.8125 1.1189 0.0006 0.0002 2.5928 -0.0488 -0.013523 2.979736 11.65 
2.9640 2 1 1 0x0 3.9838 4.0162 3.98 4.02 1.0100 1.0195 0.0004 0.0005 2.5947 -0.0489 -0.016227 2.979721 11.65 
2.9660 2 1 1 0x0 3.9865 4.0135 3.99 4.01 1.0137 0.7900 0.0006 0.0003 2.5965 -0.0489 -0.013523 2.979724 11.65 
2.9680 2 1 1 0x0 3.9838 4.0162 3.98 4.02 0.8471 0.8021 0.0005 0.0005 2.5983 -0.0489 -0.016227 2.979729 11.65 
2.9700 2 1 1 0x0 3.9838 4.0162 3.98 4.02 1.0513 1.0551 0.0003 0.0004 2.6003 -0.0489 -0.016227 2.979730 11.64 
2.9720 2 1 1 0x0 3.9838 4.0162 3.98 4.02 0.9857 1.0327 0.0006 0.0006 2.6020 -0.0490 -0.016227 2.979740 11.65 
2.9740 2 1 1 0x0 3.9838 4.0162 3.98 4.02 0.7583 0.8951 0.0004 0.0004 2.6040 -0.0490 -0.016227 2.979749 11.65 
2.9760 2 1 1 0x0 3.9838 4.0162 3.98 4.02 1.0305 1.0137 0.0002 0.0003 2.6060 -0.0490 -0.016227 2.979739 11.65 
2.9780 2 1 1 0x0 3.9838 4.0162 3.98 4.02 1.0340 1.0646 0.0005 0.0005 2.6076 -0.0491 -0.016227 2.979738 11.65 
2.9800 2 1 1 0x0 3.9838 4.0162 3.98 4.02 0.8851 0.7649 0.0003 0.0004 2.6097 -0.0491 -0.016227 2.979748 11.65 
2.9820 2 1 1 0x0 3.9838 4.0162 3.98 4.02 0.8824 0.8196 0.0006 0.0006 2.6113 -0.0491 -0.016227 2.979733 11.66 
2.9840 2 1 1 0x0 3.9838 4.0162 3.98 4.02 1.0754 1.0254 0.0004 0.0004 2.6133 -0.0492 -0.016227 2.979730 11.65 
2.9860 2 1 1 0x0 3.9838 4.0162 3.98 4.02 0.8342 0.9008 0.0003 0.0002 2.6153 -0.0492 -0.016227 2.979749 11.65 
2.9880 2 1 1 0x0 3.9838 4.0162 3.98 4.02 0.7871 0.9175 0.0005 0.0005 2.6170 -0.0492 -0.016227 2.979737 11.65 
2.9900 2 1 1 0x0 3.9838 4.0162 3.98 4.02 1.0525 1.0567 0.0003 0.0003 2.6190 -0.0493 -0.016227 2.979733 11.65 
2.9920 2 1 1 0x0 3.9838 4.0162 3.98 4.02 0.9842 1.1103 0.0006 0.0006 2.6206 -0.0493 -0.016227 2.979748 11.65 
2.9940 2 1 1 0x0 3.9838 4.0162 3.98 4.02 0.9220 0.7822 0.0004 0.0004 2.6226 -0.0493 -0.016227 2.979750 11.65 
2.9960 2 1 1 0x0 3.9838 4.0162 3.98 4.02 1.0261 1.0154 0.0002 0.0002 2.6247 -0.0493 -0.016227 2.979740 11.65 
2.9980 2 1 1 0x0 3.9838 4.0162 3.98 4.02 1.0294 1.0667 0.0005 0.0005 2.6263 -0.0494 -0.016227 2.979759 11.65 
3.0000 2 1 1 0x0 3.9838 4.0162 3.98 4.02 0.8151 0.9252 0.0003 0.0003 2.6283 -0.0494 -0.016227 2.979758 11.66 
3.0020 2 1 1 0x0 3.9838 4.0162 3.98 4.02 0.8133 0.8872 0.0006 0.0006 2.6299 -0.0494 -0.016227 2.979741 11.66 
3.0040 2 1 1 0x0 3.9838 4.0162 3.98 4.02 1.0855 1.0240 0.0004 0.0004 2.6320 -0.0495 -0.016227 2.979758 11.66 
3.0060 2 1 1 0x0 3.9838 4.0162 3.98 4.02 1.0126 1.0037 0.0006 0.0006 2.6336 -0.0495 -0.016227 2.979779 11.65 
3.0080 2 1 1 0x0 3.9838 4.0162 3.98 4.02 0.9541 0.8005 0.0005 0.0005 2.6356 -0.0495 -0.016227 2.979762 11.65 
3.0100 2 1 1 0x0 3.9838 4.0162 3.98 4.02 1.0587 0.9872 0.0003 0.0002 2.6376 -0.0496 -0.016227 2.979765 11.66 
3.0120 2 1 1 0x0 3.9838 4.0162 3.98 4.02 0.9899 1.0346 0.0006 0.0005 2.6393 -0.0496 -0.016227 2.979793 11.66 
3.0140 2 1 1 0x0 3.9838 4.0162 3.98 4.02 0.7951 0.9503 0.0004 0.0003 2.6413 -0.0496 -0.016227 2.979785 11.66 
3.0160 2 1 1 0x0 3.9838 4.0162 3.98 4.02 0.7929 0.8571 0.0006 0.0006 2.6429 -0.0496 -0.016227 2.979769 11.65 
3.0180 2 1 1 0x0 3.9838 4.0162 3.98 4.02 0.9727 0.9969 0.0004 0.0004 2.6449 -0.0497 -0.016227 2.979771 11.65 
3.0200 2 1 1 0x0 3.9811 4.0189 3.98 4.02 0.8779 1.0468 0.0003 0.0007 2.6468 -0.0497 -0.018932 2.979761 11.65 
3.0220 2 1 1 0x0 3.9838 4.0162 3.98 4.02 0.8751 0.7744 0.0005 0.0005 2.6486 -0.0497 -0.016227 2.979756 11.65 
3.0240 2 1 1 0x0 3.9838 4.0162 3.98 4.02 1.0146 1.0307 0.0004 0.0003 2.6506 -0.0498 -0.016227 2.979767 11.65 
3.0260 2 1 1 0x0 3.9838 4.0162 3.98 4.02 1.0957 1.0104 0.0006 0.0005 2.6523 -0.0498 -0.016227 2.979770 11.65 
3.0280 2 1 1 0x0 3.9838 4.0162 3.98 4.02 0.7400 0.9119 0.0004 0.0004 2.6543 -0.0498 -0.016227 2.979766 11.65 
3.0300 2 1 1 0x0 3.9838 4.0162 3.98 4.02 1.0658 1.0638 0.0003 0.0002 2.6563 -0.0499 -0.016227 2.979775 11.66 
3.0320 2 1 1 0x0 3.9838 4.0162 3.98 4.02 0.9990 1.0412 0.0005 0.0004 2.6579 -0.0499 -0.016227 2.979782 11.65 
3.0340 2 1 1 0x0 3.9838 4.0162 3.98 4.02 0.8576 0.7780 0.0004 0.0003 2.6600 -0.0499 -0.016227 2.979774 11.65 
3.0360 2 1 1 0x0 3.9811 4.0189 3.98 4.02 1.0355 0.7502 0.0002 0.0005 2.6618 -0.0500 -0.018932 2.979775 11.65 
3.0380 2 1 1 0x0 3.9838 4.0162 3.98 4.02 1.0386 1.0034 0.0005 0.0003 2.6636 -0.0500 -0.016227 2.979781 11.65 
3.0400 2 1 1 0x0 3.9811 4.0189 3.98 4.02 0.8090 1.0532 0.0003 0.0006 2.6654 -0.0500 -0.018932 2.979784 11.65 
3.0420 2 1 1 0x0 3.9838 4.0162 3.98 4.02 0.8063 0.9337 0.0005 0.0004 2.6673 -0.0501 -0.016227 2.979783 11.66 
3.0440 2 1 1 0x0 3.9811 4.0189 3.98 4.02 1.0942 0.8438 0.0004 0.0006 2.6691 -0.0501 -0.018932 2.979793 11.66 
3.0460 2 1 1 0x0 3.9838 4.0162 3.98 4.02 1.1023 1.0154 0.0006 0.0005 2.6709 -0.0501 -0.016227 2.979787 11.65 
3.0480 2 1 1 0x0 3.9838 4.0162 3.98 4.02 0.8887 0.7922 0.0005 0.0003 2.6729 -0.0502 -0.016227 2.979790 11.65 
3.0500 2 1 1 0x0 3.9811 4.0189 3.98 4.02 0.9939 0.8506 0.0003 0.0005 2.6748 -0.0502 -0.018932 2.979820 11.65 
3.0520 2 1 1 0x0 3.9838 4.0162 3.98 4.02 0.9974 1.0493 0.0006 0.0003 2.6766 -0.0502 -0.016227 2.979812 11.66 
3.0540 2 1 1 0x0 3.9811 4.0189 3.98 4.02 0.8361 1.0280 0.0004 0.0006 2.6784 -0.0502 -0.018932 2.979799 11.66 
3.0560 2 1 1 0x0 3.9811 4.0189 3.98 4.02 1.0433 0.9556 0.0002 0.0004 2.6804 -0.0503 -0.018932 2.979806 11.66 
3.0580 2 1 1 0x0 3.9838 4.0162 3.98 4.02 1.0479 1.0847 0.0005 0.0002 2.6823 -0.0503 -0.016227 2.979800 11.65 
3.0600 2 1 1 0x0 3.9811 4.0189 3.98 4.02 0.8730 1.0623 0.0003 0.0005 2.6841 -0.0503 -0.018932 2.979781 11.65 
3.0620 2 1 1 0x0 3.9838 4.0162 3.98 4.02 0.8704 0.8071 0.0006 0.0003 2.6859 -0.0504 -0.016227 2.979789 11.66 
3.0640 2 1 1 0x0 3.9811 4.0189 3.98 4.02 1.0991 0.8205 0.0004 0.0005 2.6877 -0.0504 -0.018932 2.979804 11.66 
3.0660 2 1 1 0x0 3.9838 4.0162 3.98 4.02 1.0247 1.0242 0.0006 0.0003 2.6896 -0.0504 -0.016227 2.979793 11.66 
3.0680 2 1 1 0x0 3.9811 4.0189 3.98 4.02 0.8160 1.0041 0.0004 0.0006 2.6914 -0.0505 -0.018932 2.979804 11.65 
3.0700 2 1 1 0x0 3.9811 4.0189 3.98 4.02 1.0805 0.9175 0.0002 0.0004 2.6934 -0.0505 -0.018932 2.979827 11.65 
3.0720 2 1 1 0x0 3.9838 4.0162 3.98 4.02 1.0847 0.9877 0.0005 0.0003 2.6952 -0.0505 -0.016227 2.979807 11.66 
3.0740 2 1 1 0x0 3.9811 4.0189 3.98 4.02 0.8980 1.0373 0.0003 0.0005 2.6971 -0.0506 -0.018932 2.979797 11.65 
3.0760 2 1 1 0x0 3.9838 4.0162 3.98 4.02 0.8948 0.7794 0.0006 0.0003 2.6989 -0.0506 -0.016227 2.979820 11.65 
3.0780 2 1 1 0x0 3.9811 4.0189 3.98 4.02 1.0594 0.8358 0.0004 0.0006 2.7007 -0.0506 -0.018932 2.979809 11.67 
3.0800 2 1 1 0x0 3.9838 4.0162 3.98 4.02 0.9936 1.0029 0.0006 0.0004 2.7025 -0.0507 -0.016227 2.979804 11.66 
3.0820 2 1 1 0x0 3.9811 4.0189 3.98 4.02 0.8386 0.9829 0.0005 0.0006 2.7044 -0.0507 -0.018932 2.979817 11.66 
3.0840 2 1 1 0x0 3.9811 4.0189 3.98 4.02 1.0437 0.9359 0.0003 0.0005 2.7064 -0.0507 -0.018932 2.979838 11.65 
3.0860 2 1 1 0x0 3.9838 4.0162 3.98 4.02 1.0473 1.0339 0.0005 0.0003 2.7082 -0.0508 -0.016227 2.979831 11.65 
3.0880 2 1 1 0x0 3.9811 4.0189 3.98 4.02 0.8753 1.0135 0.0004 0.0006 2.7101 -0.0508 -0.018932 2.979840 11.65 
3.0900 2 1 1 0x0 3.9811 4.0189 3.98 4.02 1.0887 0.7937 0.0002 0.0004 2.7121 -0.0508 -0.018932 2.979854 11.64 
3.0920 2 1 1 0x0 3.9811 4.0189 3.98 4.02 1.0930 0.8062 0.0005 0.0006 2.7137 -0.0509 -0.018932 2.979846 11.65 
3.0940 2 1 1 0x0 3.9811 4.0189 3.98 4.02 0.8231 0.9792 0.0003 0.0004 2.7157 -0.0509 -0.018932 2.979856 11.65 
3.0960 2 1 1 0x0 3.9838 4.0162 3.98 4.02 0.8213 0.9393 0.0006 0.0003 2.7176 -0.0509 -0.016227 2.979862 11.65 
3.0980 2 1 1 0x0 3.9811 4.0189 3.98 4.02 1.0682 0.8999 0.0004 0.0005 2.7194 -0.0510 -0.018932 2.979846 11.65 
3.1000 2 1 1 0x0 3.9838 4.0162 3.98 4.02 1.0016 1.0101 0.0006 0.0004 2.7212 -0.0510 -0.016227 2.979837 11.65 
3.1020 2 1 1 0x0 3.9811 4.0189 3.98 4.02 0.8556 1.0594 0.0005 0.0006 2.7230 -0.0510 -0.018932 2.979842 11.65 
3.1040 2 1 1 0x0 3.9811 4.0189 3.98 4.02 1.0390 0.8098 0.0003 0.0004 2.7251 -0.0511 -0.018932 2.979843 11.65 
3.1060 2 1 1 0x0 3.9838 4.0162 3.98 4.02 1.0418 0.9734 0.0006 0.0002 2.7269 -0.0511 -0.016227 2.979834 11.65 
3.1080 2 1 1 0x0 3.9811 4.0189 3.98 4.02 0.7646 1.0195 0.0004 0.0005 2.7287 -0.0511 -0.018932 2.979845 11.65 
3.1100 2 1 1 0x0 3.9811 4.0189 3.98 4.02 1.0189 0.9047 0.0002 0.0003 2.7307 -0.0512 -0.018932 2.979835 11.65 
3.1120 2 1 1 0x0 3.9811 4.0189 3.98 4.02 1.0225 0.9210 0.0005 0.0005 2.7324 -0.0512 -0.018932 2.979829 11.65 
3.1140 2 1 1 0x0 3.9811 4.0189 3.98 4.02 0.8903 1.0527 0.0003 0.0004 2.7344 -0.0513 -0.018932 2.979839 11.65 
3.1160 2 1 1 0x0 3.9811 4.0189 3.98 4.02 0.8870 1.0318 0.0006 0.0006 2.7360 -0.0513 -0.018932 2.979826 11.65 
3.1180 2 1 1 0x0 3.9811 4.0189 3.98 4.02 1.0702 0.7823 0.0004 0.0004 2.7380 -0.0513 -0.018932 2.979822 11.65 
3.1200 2 1 1 0x0 3.9838 4.0162 3.98 4.02 1.0740 1.0163 0.0007 0.0002 2.7399 -0.0514 -0.016227 2.979827 11.66 
3.1220 2 1 1 0x0 3.9811 4.0189 3.98 4.02 0.7892 1.0685 0.0005 0.0005 2.7417 -0.0514 -0.018932 2.979829 11.66 
3.1240 2 1 1 0x0 3.9811 4.0189 3.98 4.02 0.9817 0.9231 0.0003 0.0003 2.7437 -0.0514 -0.018932 2.979817 11.65 
3.1260 2 1 1 0x0 3.9811 4.0189 3.98 4.02 1.0543 0.8845 0.0005 0.0006 2.7453 -0.0515 -0.018932 2.979822 11.66 
3.1280 2 1 1 0x0 3.9811 4.0189 3.98 4.02 0.9230 1.0288 0.0004 0.0004 2.7474 -0.0515 -0.018932 2.979826 11.65 
3.1300 2 1 1 0x0 3.9784 4.0216 3.98 4.02 1.0209 1.0818 0.0002 0.0007 2.7492 -0.0515 -0.021636 2.979810 11.65 
3.1320 2 1 1 0x0 3.9811 4.0189 3.98 4.02 1.0247 0.7555 0.0005 0.0005 2.7510 -0.0516 -0.018932 2.979808 11.66 
3.1340 2 1 1 0x0 3.9811 4.0189 3.98 4.02 0.8181 1.0660 0.0003 0.0003 2.7530 -0.0516 -0.018932 2.979807 11.65 
3.1360 2 1 1 0x0 3.9811 4.0189 3.98 4.02 0.8159 1.0423 0.0006 0.0005 2.7547 -0.0516 -0.018932 2.979790 11.65 
3.1380 2 1 1 0x0 3.9811 4.0189 3.98 4.02 1.0058 0.9430 0.0004 0.0003 2.7567 -0.0517 -0.018932 2.979778 11.65 
3.1400 2 1 1 0x0 3.9811 4.0189 3.98 4.02 1.0093 0.9028 0.0006 0.0006 2.7583 -0.0517 -0.018932 2.979794 11.66 
3.1420 2 1 1 0x0 3.9811 4.0189 3.98 4.02 0.8977 1.0776 0.0004 0.0004 2.7603 -0.0517 -0.018932 2.979786 11.65 
3.1440 2 1 1 0x0 3.9784 4.0216 3.98 4.02 1.0546 1.0552 0.0003 0.0007 2.7622 -0.0518 -0.021636 2.979780 11.65 
3.1460 2 1 1 0x0 3.9811 4.0189 3.98 4.02 0.9896 0.8113 0.0005 0.0005 2.7640 -0.0518 -0.018932 2.979791 11.65 
3.1480 2 1 1 0x0 3.9811 4.0189 3.98 4.02 0.7957 1.0378 0.0003 0.0003 2.7660 -0.0518 -0.018932 2.979798 11.66 
3.1500 2 1 1 0x0 3.9811 4.0189 3.98 4.02 0.7936 1.0168 0.0006 0.0006 2.7676 -0.0519 -0.018932 2.979789 11.66 
3.1520 2 1 1 0x0 3.9811 4.0189 3.98 4.02 1.0410 0.9664 0.0004 0.0004 2.7697 -0.0519 -0.018932 2.979791 11.65 
3.1540 2 1 1 0x0 3.9838 4.0162 3.98 4.02 1.0448 0.9986 0.0007 0.0002 2.7715 -0.0519 -0.016227 2.979784 11.65 
3.1560 2 1 1 0x0 3.9811 4.0189 3.98 4.02 0.9273 0.9795 0.0005 0.0005 2.7733 -0.0520 -0.018932 2.979764 11.65 
3.1580 2 1 1 0x0 3.9811 4.0189 3.98 4.02 1.0167 0.7735 0.0003 0.0003 2.7753 -0.0520 -0.018932 2.979771 11.65 
3.1600 2 1 1 0x0 3.9811 4.0189 3.98 4.02 1.0243 0.8294 0.0005 0.0005 2.7770 -0.0521 -0.018932 2.979789 11.65 
3.1620 2 1 1 0x0 3.9811 4.0189 3.98 4.02 0.7363 1.0102 0.0004 0.0003 2.7790 -0.0521 -0.018932 2.979790 11.65 
3.1640 2 1 1 0x0 3.9811 4.0189 3.98 4.02 0.8163 0.9911 0.0006 0.0006 2.7806 -0.0521 -0.018932 2.979791 11.65 
3.1660 2 1 1 0x0 3.9811 4.0189 3.98 4.02 1.0046 0.8749 0.0004 0.0004 2.7826 -0.0522 -0.018932 2.979786 11.65 
3.1680 2 1 1 0x0 3.9811 4.0189 3.98 4.02 0.9052 1.0426 0.0003 0.0002 2.7847 -0.0522 -0.018932 2.979780 11.65 
3.1700 2 1 1 0x0 3.9811 4.0189 3.98 4.02 0.9025 1.0961 0.0005 0.0005 2.7863 -0.0522 -0.018932 2.979791 11.65 
3.1720 2 1 1 0x0 3.9811 4.0189 3.98 4.02 1.0479 0.7493 0.0004 0.0003 2.7883 -0.0523 -0.018932 2.979807 11.65 
3.1740 2 1 1 0x0 3.9811 4.0189 3.98 4.02 1.0521 0.8018 0.0006 0.0006 2.7899 -0.0523 -0.018932 2.979790 11.65 
3.1760 2 1 1 0x0 3.9811 4.0189 3.98 4.02 0.8016 1.0553 0.0004 0.0003 2.7920 -0.0523 -0.018932 2.979786 11.65 
3.1780 2 1 1 0x0 3.9784 4.0216 3.98 4.02 1.0282 1.0336 0.0002 0.0006 2.7938 -0.0524 -0.021636 2.979796 11.65 
3.1800 2 1 1 0x0 3.9811 4.0189 3.98 4.02 1.0358 0.8945 0.0005 0.0004 2.7956 -0.0524 -0.018932 2.979813 11.65 
3.1820 2 1 1 0x0 3.9811 4.0189 3.98 4.02 0.9382 1.0904 0.0003 0.0003 2.7977 -0.0524 -0.018932 2.979816 11.65 
3.1840 2 1 1 0x0 3.9811 4.0189 3.98 4.02 0.9379 0.9961 0.0006 0.0005 2.7993 -0.0525 -0.018932 2.979840 11.65 
3.1860 2 1 1 0x0 3.9811 4.0189 3.98 4.02 1.0050 0.8046 0.0004 0.0004 2.8013 -0.0525 -0.018932 2.979844 11.65 
3.1880 2 1 1 0x0 3.9784 4.0216 3.98 4.02 0.8305 0.7750 0.0003 0.0006 2.8031 -0.0526 -0.021636 2.979830 11.64 
3.1900 2 1 1 0x0 3.9811 4.0189 3.98 4.02 0.7847 1.0298 0.0005 0.0004 2.8050 -0.0526 -0.018932 2.979847 11.65 
3.1920 2 1 1 0x0 3.9811 4.0189 3.98 4.02 1.0557 0.9542 0.0004 0.0002 2.8070 -0.0526 -0.018932 2.979845 11.66 
3.1940 2 1 1 0x0 3.9811 4.0189 3.98 4.02 1.0582 0.8606 0.0006 0.0005 2.8086 -0.0527 -0.018932 2.979836 11.66 
3.1960 2 1 1 0x0 3.9811 4.0189 3.98 4.02 0.8646 0.9923 0.0005 0.0004 2.8106 -0.0527 -0.018932 2.979844 11.65 
3.1980 2 1 1 0x0 3.9784 4.0216 3.98 4.02 1.1055 1.0417 0.0003 0.0006 2.8125 -0.0527 -0.021636 2.979847 11.65 
3.2000 2 1 1 0x0 3.9811 4.0189 3.98 4.02 1.0314 0.7771 0.0006 0.0004 2.8143 -0.0528 -0.018932 2.979852 11.65 
3.2020 2 1 1 0x0 3.9811 4.0189 3.98 4.02 0.8137 1.0236 0.0004 0.0002 2.8163 -0.0528 -0.018932 2.979842 11.66 
3.2040 2 1 1 0x0 3.9784 4.0216 3.98 4.02 0.8110 1.0049 0.0006 0.0005 2.8181 -0.0529 -0.021636 2.979858 11.65 
3.2060 2 1 1 0x0 3.9811 4.0189 3.98 4.02 1.0864 0.8632 0.0005 0.0003 2.8200 -0.0529 -0.018932 2.979867 11.65 
3.2079 2 1 1 0x0 3.9784 4.0216 3.98 4.02 0.8965 0.8783 0.0003 0.0006 2.8218 -0.0529 -0.021636 2.979850 11.65 
3.2099 2 1 1 0x0 3.9811 4.0189 3.98 4.02 0.8437 1.0367 0.0006 0.0004 2.8236 -0.0530 -0.018932 2.979843 11.65 
3.2119 2 1 1 0x0 3.9784 4.0216 3.98 4.02 1.0619 1.0162 0.0004 0.0007 2.8254 -0.0530 -0.021636 2.979832 11.65 
3.2139 2 1 1 0x0 3.9811 4.0189 3.98 4.02 1.0655 0.7517 0.0007 0.0005 2.8273 -0.0530 -0.018932 2.979823 11.65 
3.2159 2 1 1 0x0 3.9811 4.0189 3.98 4.02 0.7928 1.0018 0.0005 0.0003 2.8293 -0.0531 -0.018932 2.979838 11.65 
3.2179 2 1 1 0x0 3.9784 4.0216 3.98 4.02 1.0475 0.9827 0.0002 0.0005 2.8311 -0.0531 -0.021636 2.979843 11.65 
3.2199 2 1 1 0x0 3.9811 4.0189 3.98 4.02 1.0521 0.8802 0.0005 0.0004 2.8329 -0.0532 -0.018932 2.979836 11.65 
3.2219 8 1 1 0x1 -0.0189 0.0189 -0.02 0.02 0.8707 1.0352 0.0004 0.0002 2.8350 -0.0532 -0.018932 2.979840 11.66 
3.2239 8 1 1 0x0 -0.0189 0.0189 -0.02 0.02 0.9207 1.0154 0.0006 0.0005 2.8366 -0.0532 -0.018932 2.979841 11.66 
3.2259 8 1 1 0x0 -0.0216 0.0216 -0.02 0.02 1.0289 1.0676 0.0004 0.0007 2.8384 -0.0533 -0.021636 2.979832 11.66 
3.2279 8 1 1 0x0 -0.0189 0.0189 -0.02 0.02 0.9707 0.7622 0.0006 0.0004 2.8402 -0.0533 -0.018932 2.979836 11.66 
3.2299 8 1 1 0x0 -0.0216 0.0216 -0.02 0.02 0.8035 0.7348 0.0004 0.0006 2.8421 -0.0533 -0.021636 2.979841 11.67 
3.2319 8 1 1 0x0 -0.0189 0.0189 -0.02 0.02 0.7972 0.9684 0.0006 0.0004 2.8439 -0.0534 -0.018932 2.979830 11.67 
3.2339 8 1 1 0x0 -0.0216 0.0216 -0.02 0.02 0.9784 1.0179 0.0003 0.0005 2.8457 -0.0534 -0.021636 2.979830 11.67 
3.2359 8 1 1 0x0 -0.0189 0.0189 -0.02 0.02 0.9280 0.8062 0.0005 0.0003 2.8475 -0.0534 -0.018932 2.979837 11.66 
3.2379 8 1 1 0x0 -0.0189 0.0189 -0.02 0.02 1.0083 0.8646 0.0006 0.0004 2.8492 -0.0535 -0.018932 2.979837 11.66 
3.2399 8 1 1 0x0 -0.0216 0.0216 -0.02 0.02 0.8882 0.8290 0.0003 0.0006 2.8510 -0.0535 -0.021636 2.979839 11.66 
3.2419 8 1 1 0x0 -0.0189 0.0189 -0.02 0.02 0.8275 0.9744 0.0005 0.0003 2.8528 -0.0535 -0.018932 2.979847 11.66 
3.2439 8 1 1 0x0 -0.0189 0.0189 -0.02 0.02 0.8604 0.9017 0.0006 0.0004 2.8544 -0.0536 -0.018932 2.979840 11.66 
3.2459 8 1 1 0x0 -0.0216 0.0216 -0.02 0.02 0.9874 0.9459 0.0002 0.0005 2.8563 -0.0536 -0.021636 2.979837 11.66 
3.2479 8 1 1 0x0 -0.0216 0.0216 -0.02 0.02 0.9452 0.9331 0.0004 0.0006 2.8579 -0.0537 -0.021636 2.979844 11.66 
3.2499 8 1 1 0x0 -0.0216 0.0216 -0.02 0.02 0.9659 0.9792 0.0004 0.0007 2.8595 -0.0537 -0.021636 2.979845 11.66 
3.2519 8 1 1 0x0 -0.0216 0.0216 -0.02 0.02 0.9270 0.9671 0.0005 0.0007 2.8611 -0.0537 -0.021636 2.979846 11.65 
3.2539 8 1 1 0x0 -0.0189 0.0189 -0.02 0.02 0.9467 0.7038 0.0006 0.0003 2.8630 -0.0538 -0.018932 2.979862 11.66 
3.2559 8 1 1 0x0 -0.0189 0.0189 -0.02 0.02 0.9094 0.7114 0.0007 0.0004 2.8646 -0.0538 -0.018932 2.979831 11.67 
3.2579 8 1 1 0x0 -0.0189 0.0189 -0.02 0.02 0.9346 0.7185 0.0007 0.0004 2.8662 -0.0538 -0.018932 2.979836 11.67 
3.2599 8 1 1 0x0 -0.0189 0.0189 -0.02 0.02 0.8985 0.7261 0.0008 0.0005 2.8678 -0.0539 -0.018932 2.979846 11.67 
3.2619 8 1 1 0x0 -0.0216 0.0216 -0.02 0.02 0.7192 0.7338 0.0003 0.0005 2.8696 -0.0539 -0.021636 2.979912 11.66 
3.2639 8 1 1 0x0 -0.0216 0.0216 -0.02 0.02 0.6714 0.7061 0.0004 0.0005 2.8713 -0.0539 -0.021636 2.979952 11.66 
3.2659 8 1 1 0x0 -0.0216 0.0216 -0.02 0.02 0.7213 0.6801 0.0004 0.0005 2.8729 -0.0540 -0.021636 2.979902 11.67 
3.2679 8 1 1 0x0 -0.0216 0.0216 -0.02 0.02 0.7034 0.7191 0.0004 0.0005 2.8745 -0.0540 -0.021636 2.979939 11.66 
3.2699 8 1 1 0x0 -0.0216 0.0216 -0.02 0.02 0.6859 0.6610 0.0003 0.0005 2.8761 -0.0540 -0.021636 2.979924 11.66 
