%% logfile from REGBOT:
%  1    time 24.1464 sec, from Jasmin (81)
%  2  3  4  5   (mission 0), state 2, entered (thread 1, line 1), events 0x0 (bit-flags)
%  6  7 Motor velocity ref left, right: -1.0560 -0.5908
%  8  9 Motor voltage [V] left, right: -1.06 -0.59
% 10 13 Wheel velocity [m/s] left, right: -0.0000 -0.0000 delay 0.1000 0.0000 (sec)
% 14 15 16 17 Pose x,y,h,tilt [m,m,rad,rad]: 0.500698 -0.0324211 -0.23259 -0.715142
% 18    Battery voltage [V]
0.0080 2 1 0 0x0 0.0000 0.0000 0.00 0.00 0.0000 0.0000 0.1000 0.1000 0.0000 0.0000 0.000000 -0.729296 12.23 
0.0180 2 1 0 0x0 0.0000 0.0000 0.00 0.00 0.0000 0.0000 0.1000 0.1000 0.0000 0.0000 0.000000 -0.729381 12.23 
0.0280 2 1 0 0x0 0.0000 0.0000 0.00 0.00 0.0000 0.0000 0.1000 0.1000 0.0000 0.0000 0.000000 -0.729344 12.23 
0.0380 2 1 0 0x0 0.0000 0.0000 0.00 0.00 0.0000 0.0000 0.1000 0.1000 0.0000 0.0000 0.000000 -0.729205 12.22 
0.0480 2 1 0 0x0 0.0000 0.0000 0.00 0.00 0.0000 0.0000 0.1000 0.1000 0.0000 0.0000 0.000000 -0.729119 12.23 
0.0580 2 1 0 0x0 0.0000 0.0000 0.00 0.00 0.0000 0.0000 0.1000 0.1000 0.0000 0.0000 0.000000 -0.729122 12.22 
0.0680 2 1 0 0x0 0.0000 0.0000 0.00 0.00 0.0000 0.0000 0.1000 0.1000 0.0000 0.0000 0.000000 -0.729158 12.22 
0.0780 2 1 0 0x0 0.0000 0.0000 0.00 0.00 0.0000 0.0000 0.1000 0.1000 0.0000 0.0000 0.000000 -0.729280 12.22 
0.0880 2 1 0 0x0 0.0000 0.0000 0.00 0.00 0.0000 0.0000 0.1000 0.1000 0.0000 0.0000 0.000000 -0.729376 12.23 
0.0980 2 1 0 0x0 0.0000 0.0000 0.00 0.00 0.0000 0.0000 0.1000 0.1000 0.0000 0.0000 0.000000 -0.729373 12.23 
0.1080 2 1 1 0x0 2.9973 3.0027 3.00 3.00 0.1132 0.0004 0.0020 0.1000 0.0006 -0.0000 -0.002705 -0.729399 12.18 
0.1180 2 1 1 0x0 3.0000 3.0000 3.00 3.00 0.2112 0.2181 0.0022 0.0012 0.0028 -0.0000 0.000000 -0.731697 12.17 
0.1280 2 1 1 0x0 3.0054 2.9946 3.01 2.99 0.1914 0.2770 0.0027 0.0018 0.0049 -0.0000 0.005409 -0.744177 12.18 
0.1380 2 1 1 0x0 3.0189 2.9811 3.02 2.98 0.1015 0.3180 0.0046 0.0016 0.0071 0.0000 0.018932 -0.746719 12.16 
0.1480 2 1 1 0x0 3.0270 2.9730 3.03 2.97 0.1641 0.2990 0.0020 0.0018 0.0093 0.0001 0.027045 -0.747358 12.17 
0.1580 2 1 1 0x0 3.0297 2.9703 3.03 2.97 0.2609 0.2617 0.0020 0.0020 0.0116 0.0001 0.029750 -0.751821 12.17 
0.1680 2 1 1 0x0 3.0297 2.9703 3.03 2.97 0.2334 0.2239 0.0011 0.0010 0.0140 0.0002 0.029750 -0.756957 12.17 
0.1780 2 1 1 0x0 3.0270 2.9730 3.03 2.97 0.2163 0.2064 0.0018 0.0025 0.0158 0.0003 0.027045 -0.759657 12.16 
0.1880 2 1 1 0x0 3.0243 2.9757 3.02 2.98 0.2994 0.2662 0.0011 0.0013 0.0185 0.0003 0.024341 -0.762143 12.17 
0.1980 2 1 1 0x0 3.0216 2.9784 3.02 2.98 0.2739 0.3024 0.0012 0.0018 0.0211 0.0004 0.021636 -0.767139 12.17 
0.2080 2 1 1 0x0 3.0189 2.9811 3.02 2.98 0.2685 0.2426 0.0009 0.0017 0.0241 0.0005 0.018932 -0.771006 12.18 
0.2180 2 1 1 0x0 3.0162 2.9838 3.02 2.98 0.2876 0.3356 0.0010 0.0016 0.0272 0.0005 0.016227 -0.772929 12.18 
0.2280 2 1 1 0x0 3.0162 2.9838 3.02 2.98 0.3285 0.3603 0.0016 0.0012 0.0304 0.0006 0.016227 -0.773523 12.18 
0.2380 2 1 1 0x0 3.0108 2.9892 3.01 2.99 0.3597 0.4073 0.0010 0.0015 0.0341 0.0006 0.010818 -0.774225 12.18 
0.2480 2 1 1 0x0 3.0108 2.9892 3.01 2.99 0.3843 0.4323 0.0013 0.0008 0.0381 0.0007 0.010818 -0.777390 12.18 
0.2580 2 1 1 0x0 3.0081 2.9919 3.01 2.99 0.4814 0.5005 0.0010 0.0012 0.0424 0.0007 0.008114 -0.782003 12.18 
0.2680 2 1 1 0x0 3.0054 2.9946 3.01 2.99 0.4357 0.4389 0.0009 0.0013 0.0466 0.0007 0.005409 -0.784137 12.19 
0.2780 2 1 1 0x0 3.0054 2.9946 3.01 2.99 0.4949 0.3891 0.0012 0.0007 0.0511 0.0008 0.005409 -0.786692 12.18 
0.2880 2 1 1 0x0 3.0000 3.0000 3.00 3.00 0.4817 0.4974 0.0005 0.0008 0.0560 0.0008 -0.000000 -0.791021 12.18 
0.2980 2 1 1 0x0 2.9946 3.0054 2.99 3.01 0.5878 0.4428 0.0008 0.0010 0.0608 0.0008 -0.005409 -0.791330 12.19 
0.3080 2 1 1 0x0 2.9919 3.0081 2.99 3.01 0.4508 0.4559 0.0007 0.0006 0.0659 0.0007 -0.008114 -0.793073 12.19 
0.3180 2 1 1 0x0 2.9892 3.0108 2.99 3.01 0.5936 0.4580 0.0006 0.0007 0.0710 0.0007 -0.010818 -0.794000 12.18 
0.3280 2 1 1 0x0 2.9865 3.0135 2.99 3.01 0.5277 0.4903 0.0009 0.0009 0.0761 0.0006 -0.013523 -0.796422 12.19 
0.3380 2 1 1 0x0 2.9838 3.0162 2.98 3.02 0.4850 0.6082 0.0006 0.0007 0.0815 0.0005 -0.016227 -0.798340 12.19 
0.3480 2 1 1 0x0 2.9784 3.0216 2.98 3.02 0.5157 0.5373 0.0005 0.0011 0.0868 0.0004 -0.021636 -0.797493 12.19 
0.3580 2 1 1 0x0 2.9757 3.0243 2.98 3.02 0.5105 0.4746 0.0009 0.0011 0.0923 0.0003 -0.024341 -0.797905 12.20 
0.3680 2 1 1 0x0 2.9730 3.0270 2.97 3.03 0.6625 0.5109 0.0006 0.0004 0.0982 0.0002 -0.027045 -0.801422 12.20 
0.3780 2 1 1 0x0 2.9675 3.0325 2.97 3.03 0.5818 0.5782 0.0004 0.0004 0.1038 -0.0000 -0.032454 -0.802494 12.19 
0.3880 2 1 1 0x0 2.9648 3.0352 2.96 3.04 0.4882 0.4475 0.0010 0.0005 0.1093 -0.0002 -0.035159 -0.801974 12.21 
0.3980 2 1 1 0x0 2.9594 3.0406 2.96 3.04 0.6661 0.6167 0.0008 0.0009 0.1150 -0.0004 -0.040568 -0.802683 12.20 
0.4080 2 1 1 0x0 2.9567 3.0433 2.96 3.04 0.5595 0.6179 0.0007 0.0005 0.1209 -0.0007 -0.043273 -0.805902 12.20 
0.4180 2 1 1 0x0 2.9513 3.0487 2.95 3.05 0.6574 0.4664 0.0004 0.0006 0.1265 -0.0009 -0.048682 -0.805517 12.20 
0.4280 2 1 1 0x0 2.9486 3.0514 2.95 3.05 0.6525 0.6327 0.0008 0.0010 0.1320 -0.0012 -0.051386 -0.803251 12.21 
0.4380 2 1 1 0x0 2.9486 3.0514 2.95 3.05 0.5976 0.4840 0.0008 0.0004 0.1381 -0.0015 -0.051386 -0.808577 12.21 
0.4480 2 1 1 0x0 2.9432 3.0568 2.94 3.06 0.6246 0.5285 0.0006 0.0008 0.1442 -0.0019 -0.056795 -0.817550 12.20 
0.4580 2 1 1 0x0 2.9351 3.0649 2.94 3.06 0.5773 0.5977 0.0004 0.0011 0.1500 -0.0022 -0.064909 -0.820709 12.20 
0.4680 2 1 1 0x0 2.9351 3.0649 2.94 3.06 0.5302 0.6495 0.0007 0.0007 0.1557 -0.0026 -0.064909 -0.816596 12.21 
0.4780 2 1 1 0x0 2.9351 3.0649 2.94 3.06 0.7021 0.4924 0.0008 0.0005 0.1618 -0.0030 -0.064909 -0.822504 12.21 
0.4880 2 1 1 0x0 2.9270 3.0730 2.93 3.07 0.7005 0.5892 0.0005 0.0011 0.1676 -0.0034 -0.073023 -0.833504 12.21 
0.4980 2 1 1 0x0 2.9243 3.0757 2.92 3.08 0.5702 0.6405 0.0008 0.0007 0.1735 -0.0038 -0.075727 -0.833697 12.20 
0.5080 2 1 1 0x0 2.9216 3.0784 2.92 3.08 0.6922 0.6382 0.0007 0.0006 0.1794 -0.0043 -0.078432 -0.830069 12.21 
0.5180 2 1 1 0x0 2.9216 3.0784 2.92 3.08 0.5673 0.5342 0.0009 0.0004 0.1854 -0.0047 -0.078432 -0.834604 12.21 
0.5280 2 1 1 0x0 2.9162 3.0838 2.92 3.08 0.5730 0.5261 0.0008 0.0006 0.1915 -0.0052 -0.083841 -0.842041 12.20 
0.5380 2 1 1 0x0 2.9108 3.0892 2.91 3.09 0.5361 0.5029 0.0006 0.0005 0.1976 -0.0058 -0.089250 -0.840182 12.22 
0.5480 2 1 1 0x0 2.9080 3.0920 2.91 3.09 0.5811 0.6571 0.0005 0.0004 0.2038 -0.0064 -0.091954 -0.845369 12.21 
0.5580 2 1 1 0x0 2.9053 3.0947 2.91 3.09 0.7048 0.6482 0.0008 0.0009 0.2097 -0.0069 -0.094659 -0.846241 12.22 
0.5680 2 1 1 0x0 2.9053 3.0947 2.91 3.09 0.5829 0.5078 0.0008 0.0005 0.2157 -0.0075 -0.094659 -0.844754 12.20 
0.5780 2 1 1 0x0 2.8999 3.1001 2.90 3.10 0.5779 0.5571 0.0004 0.0008 0.2218 -0.0081 -0.100068 -0.844540 12.21 
0.5880 2 1 1 0x0 2.8999 3.1001 2.90 3.10 0.6912 0.6436 0.0007 0.0006 0.2279 -0.0087 -0.100068 -0.842545 12.21 
0.5980 2 1 1 0x0 2.8972 3.1028 2.90 3.10 0.6849 0.4967 0.0006 0.0005 0.2341 -0.0093 -0.102773 -0.843363 12.20 
0.6080 2 1 1 0x0 2.8918 3.1082 2.89 3.11 0.7086 0.5642 0.0004 0.0009 0.2402 -0.0100 -0.108182 -0.843717 12.21 
0.6180 2 1 1 0x0 2.8891 3.1109 2.89 3.11 0.6987 0.6641 0.0003 0.0006 0.2464 -0.0106 -0.110886 -0.842807 12.21 
0.6280 2 1 1 0x0 2.8891 3.1109 2.89 3.11 0.5762 0.5179 0.0009 0.0005 0.2525 -0.0113 -0.110886 -0.843917 12.20 
0.6380 2 1 1 0x0 2.8864 3.1136 2.89 3.11 0.5621 0.6341 0.0008 0.0004 0.2587 -0.0120 -0.113591 -0.846080 12.21 
0.6480 2 1 1 0x0 2.8810 3.1190 2.88 3.12 0.5640 0.6545 0.0006 0.0008 0.2647 -0.0127 -0.119000 -0.841897 12.21 
0.6580 2 1 1 0x0 2.8810 3.1190 2.88 3.12 0.6943 0.5243 0.0009 0.0007 0.2708 -0.0135 -0.119000 -0.841945 12.21 
0.6680 2 1 1 0x0 2.8783 3.1217 2.88 3.12 0.7227 0.7077 0.0007 0.0009 0.2770 -0.0142 -0.121704 -0.842568 12.21 
0.6780 2 1 1 0x0 2.8756 3.1244 2.88 3.12 0.7158 0.5577 0.0005 0.0008 0.2833 -0.0150 -0.124409 -0.844033 12.21 
0.6880 2 1 1 0x0 2.8756 3.1244 2.88 3.12 0.6099 0.6991 0.0009 0.0008 0.2893 -0.0157 -0.124409 -0.844240 12.22 
0.6980 2 1 1 0x0 2.8729 3.1271 2.87 3.13 0.5632 0.5373 0.0006 0.0010 0.2956 -0.0165 -0.127113 -0.845711 12.21 
0.7080 2 1 1 0x0 2.8729 3.1271 2.87 3.13 0.6937 0.6593 0.0006 0.0007 0.3016 -0.0173 -0.127113 -0.843231 12.21 
0.7180 2 1 1 0x0 2.8729 3.1271 2.87 3.13 0.5653 0.5906 0.0009 0.0005 0.3076 -0.0181 -0.127113 -0.840443 12.20 
0.7280 2 1 1 0x0 2.8702 3.1298 2.87 3.13 0.5432 0.6846 0.0005 0.0003 0.3139 -0.0189 -0.129818 -0.841435 12.20 
0.7380 2 1 1 0x0 2.8675 3.1325 2.87 3.13 0.5472 0.5466 0.0004 0.0006 0.3201 -0.0197 -0.132523 -0.845272 12.21 
0.7480 2 1 1 0x0 2.8675 3.1325 2.87 3.13 0.7161 0.6191 0.0008 0.0006 0.3261 -0.0205 -0.132523 -0.845336 12.21 
0.7580 2 1 1 0x0 2.8621 3.1379 2.86 3.14 0.6915 0.6395 0.0004 0.0008 0.3322 -0.0213 -0.137932 -0.841319 12.21 
0.7680 2 1 1 0x0 2.8621 3.1379 2.86 3.14 0.5746 0.5348 0.0006 0.0007 0.3382 -0.0222 -0.137932 -0.842346 12.20 
0.7780 2 1 1 0x0 2.8594 3.1406 2.86 3.14 0.5980 0.6894 0.0004 0.0010 0.3444 -0.0230 -0.140636 -0.847750 12.21 
0.7880 2 1 1 0x0 2.8621 3.1379 2.86 3.14 0.6937 0.6621 0.0007 0.0004 0.3506 -0.0239 -0.137932 -0.851132 12.20 
0.7980 2 1 1 0x0 2.8594 3.1406 2.86 3.14 0.5139 0.6569 0.0006 0.0006 0.3565 -0.0247 -0.140636 -0.845196 12.20 
0.8080 2 1 1 0x0 2.8594 3.1406 2.86 3.14 0.6708 0.5445 0.0006 0.0008 0.3625 -0.0256 -0.140636 -0.858486 12.22 
0.8180 2 1 1 0x0 2.8621 3.1379 2.86 3.14 0.6151 0.5899 0.0008 0.0008 0.3687 -0.0264 -0.137932 -0.871529 12.21 
0.8280 2 1 1 0x0 2.8621 3.1379 2.86 3.14 0.5929 0.4941 0.0006 0.0007 0.3751 -0.0273 -0.137932 -0.871362 12.21 
0.8380 2 1 1 0x0 2.8567 3.1433 2.86 3.14 0.5943 0.5599 0.0004 0.0008 0.3812 -0.0282 -0.143341 -0.868428 12.21 
0.8480 2 1 1 0x0 2.8567 3.1433 2.86 3.14 0.6930 0.6936 0.0008 0.0010 0.3872 -0.0290 -0.143341 -0.877811 12.20 
0.8580 2 1 1 0x0 2.8567 3.1433 2.86 3.14 0.7223 0.6911 0.0006 0.0008 0.3936 -0.0299 -0.143341 -0.877945 12.21 
0.8680 2 1 1 0x0 2.8594 3.1406 2.86 3.14 0.5515 0.7221 0.0009 0.0007 0.3998 -0.0308 -0.140636 -0.877207 12.21 
0.8780 2 1 1 0x0 2.8594 3.1406 2.86 3.14 0.5530 0.6882 0.0007 0.0004 0.4063 -0.0318 -0.140636 -0.881620 12.22 
0.8880 2 1 1 0x0 2.8567 3.1433 2.86 3.14 0.5769 0.5231 0.0004 0.0004 0.4125 -0.0326 -0.143341 -0.879927 12.21 
0.8980 2 1 1 0x0 2.8567 3.1433 2.86 3.14 0.7053 0.7105 0.0008 0.0006 0.4185 -0.0335 -0.143341 -0.882667 12.22 
0.9080 2 1 1 0x0 2.8567 3.1433 2.86 3.14 0.7018 0.7074 0.0006 0.0005 0.4249 -0.0345 -0.143341 -0.882990 12.21 
0.9180 2 1 1 0x0 2.8567 3.1433 2.86 3.14 0.5663 0.5809 0.0008 0.0007 0.4310 -0.0353 -0.143341 -0.879156 12.21 
0.9280 2 1 1 0x0 2.8567 3.1433 2.86 3.14 0.6954 0.6674 0.0007 0.0007 0.4370 -0.0362 -0.143341 -0.877581 12.21 
0.9380 2 1 1 0x0 2.8594 3.1406 2.86 3.14 0.5243 0.6972 0.0009 0.0005 0.4432 -0.0371 -0.140636 -0.878654 12.20 
0.9480 2 1 1 0x0 2.8594 3.1406 2.86 3.14 0.5575 0.6929 0.0005 0.0005 0.4496 -0.0380 -0.140636 -0.879118 12.21 
0.9580 2 1 1 0x0 2.8594 3.1406 2.86 3.14 0.7049 0.5411 0.0008 0.0008 0.4557 -0.0389 -0.140636 -0.880265 12.21 
0.9680 2 1 1 0x0 2.8594 3.1406 2.86 3.14 0.7093 0.5615 0.0005 0.0005 0.4621 -0.0398 -0.140636 -0.881008 12.21 
0.9780 2 1 1 0x0 2.8594 3.1406 2.86 3.14 0.5638 0.6758 0.0008 0.0009 0.4681 -0.0406 -0.140636 -0.881018 12.21 
0.9880 2 1 1 0x0 2.8594 3.1406 2.86 3.14 0.6872 0.5773 0.0009 0.0007 0.4741 -0.0415 -0.140636 -0.878538 12.21 
0.9980 2 1 1 0x0 2.8567 3.1433 2.86 3.14 0.6678 0.7011 0.0005 0.0008 0.4804 -0.0424 -0.143341 -0.877629 12.22 
1.0080 2 1 1 0x0 2.8594 3.1406 2.86 3.14 0.5409 0.6989 0.0007 0.0006 0.4866 -0.0433 -0.140636 -0.880243 12.21 
1.0180 2 1 1 0x0 2.8594 3.1406 2.86 3.14 0.7066 0.5563 0.0010 0.0009 0.4926 -0.0441 -0.140636 -0.882811 12.21 
1.0280 2 1 1 0x0 2.8567 3.1433 2.86 3.14 0.6928 0.6909 0.0004 0.0009 0.4988 -0.0450 -0.143341 -0.880716 12.21 
1.0380 2 1 1 0x0 2.8594 3.1406 2.86 3.14 0.5959 0.7275 0.0006 0.0004 0.5051 -0.0459 -0.140636 -0.883073 12.20 
1.0480 2 1 1 0x0 2.8594 3.1406 2.86 3.14 0.6978 0.6159 0.0009 0.0008 0.5111 -0.0467 -0.140636 -0.891740 12.21 
1.0580 2 1 1 0x0 2.8567 3.1433 2.86 3.14 0.6704 0.6514 0.0005 0.0010 0.5173 -0.0476 -0.143341 -0.889559 12.21 
1.0680 2 1 1 0x0 2.8567 3.1433 2.86 3.14 0.5548 0.5440 0.0007 0.0008 0.5233 -0.0485 -0.143341 -0.887310 12.21 
1.0780 2 1 1 0x0 2.8594 3.1406 2.86 3.14 0.7184 0.5434 0.0009 0.0004 0.5296 -0.0494 -0.140636 -0.898394 12.21 
1.0880 2 1 1 0x0 2.8594 3.1406 2.86 3.14 0.7204 0.5649 0.0006 0.0004 0.5360 -0.0503 -0.140636 -0.909378 12.22 
1.0980 2 1 1 0x0 2.8594 3.1406 2.86 3.14 0.5563 0.6741 0.0008 0.0008 0.5420 -0.0511 -0.140636 -0.905864 12.21 
1.1080 2 1 1 0x0 2.8594 3.1406 2.86 3.14 0.6738 0.6046 0.0008 0.0008 0.5480 -0.0520 -0.140636 -0.908563 12.21 
1.1180 2 1 1 0x0 2.8594 3.1406 2.86 3.14 0.6802 0.6309 0.0005 0.0007 0.5545 -0.0529 -0.140636 -0.914652 12.21 
1.1280 2 1 1 0x0 2.8594 3.1406 2.86 3.14 0.5368 0.6368 0.0008 0.0007 0.5605 -0.0538 -0.140636 -0.908306 12.22 
1.1380 2 1 1 0x0 2.8567 3.1433 2.86 3.14 0.5342 0.5384 0.0005 0.0008 0.5667 -0.0546 -0.143341 -0.904680 12.21 
1.1480 2 1 1 0x0 2.8594 3.1406 2.86 3.14 0.6825 0.5385 0.0007 0.0006 0.5729 -0.0555 -0.140636 -0.902239 12.21 
1.1580 2 1 1 0x0 2.8567 3.1433 2.86 3.14 0.7180 0.7134 0.0004 0.0010 0.5792 -0.0564 -0.143341 -0.903303 12.21 
1.1680 2 1 1 0x0 2.8594 3.1406 2.86 3.14 0.5839 0.7435 0.0008 0.0010 0.5854 -0.0573 -0.140636 -0.908389 12.21 
1.1780 2 1 1 0x0 2.8594 3.1406 2.86 3.14 0.5819 0.6766 0.0005 0.0006 0.5918 -0.0582 -0.140636 -0.908682 12.21 
1.1880 2 1 1 0x0 2.8594 3.1406 2.86 3.14 0.6911 0.6012 0.0007 0.0006 0.5978 -0.0591 -0.140636 -0.906159 12.21 
1.1980 2 1 1 0x0 2.8594 3.1406 2.86 3.14 0.6921 0.6545 0.0004 0.0005 0.6043 -0.0600 -0.140636 -0.907893 12.21 
1.2080 2 1 1 0x0 2.8621 3.1379 2.86 3.14 0.5461 0.6936 0.0006 0.0010 0.6105 -0.0608 -0.137932 -0.904560 12.21 
1.2180 2 1 1 0x0 2.8621 3.1379 2.86 3.14 0.6975 0.6964 0.0009 0.0004 0.6165 -0.0617 -0.137932 -0.902882 12.21 
1.2280 2 1 1 0x0 2.8621 3.1379 2.86 3.14 0.7000 0.7278 0.0005 0.0003 0.6230 -0.0626 -0.137932 -0.905392 12.20 
1.2380 2 1 1 0x0 2.8621 3.1379 2.86 3.14 0.5947 0.5622 0.0008 0.0008 0.6290 -0.0634 -0.137932 -0.903891 12.21 
1.2480 2 1 1 0x0 2.8594 3.1406 2.86 3.14 0.5892 0.7110 0.0004 0.0010 0.6352 -0.0643 -0.140636 -0.903200 12.21 
1.2580 2 1 1 0x0 2.8621 3.1379 2.86 3.14 0.7152 0.7098 0.0006 0.0006 0.6414 -0.0652 -0.137932 -0.902069 12.21 
1.2680 2 1 1 0x0 2.8648 3.1352 2.86 3.14 0.5540 0.7392 0.0009 0.0006 0.6477 -0.0660 -0.135227 -0.905768 12.21 
1.2780 2 1 1 0x0 2.8648 3.1352 2.86 3.14 0.5276 0.6699 0.0004 0.0004 0.6541 -0.0669 -0.135227 -0.908784 12.21 
1.2880 2 1 1 0x0 2.8621 3.1379 2.86 3.14 0.6825 0.6605 0.0003 0.0008 0.6599 -0.0677 -0.137932 -0.903412 12.21 
1.2980 2 1 1 0x0 2.8648 3.1352 2.86 3.14 0.6937 0.5398 0.0010 0.0007 0.6658 -0.0685 -0.135227 -0.902518 12.21 
1.3080 2 1 1 0x0 2.8648 3.1352 2.86 3.14 0.7027 0.5601 0.0005 0.0005 0.6722 -0.0694 -0.135227 -0.908426 12.21 
1.3180 2 1 1 0x0 2.7899 3.0549 2.79 3.05 0.5452 0.5421 0.0009 0.0004 0.6784 -0.0702 -0.132523 -0.915320 12.21 
1.3280 2 1 1 0x0 2.6361 2.9065 2.64 2.91 0.6735 0.5560 0.0010 0.0009 0.6842 -0.0710 -0.135227 -0.908977 12.21 
1.3380 2 1 1 0x0 2.4745 2.7449 2.47 2.74 0.5446 0.6443 0.0006 0.0007 0.6903 -0.0718 -0.135227 -0.920635 12.22 
1.3480 2 1 1 0x0 2.3237 2.5942 2.32 2.59 0.4879 0.6366 0.0005 0.0011 0.6959 -0.0726 -0.135227 -0.931408 12.22 
1.3580 2 1 1 0x0 2.1747 2.4344 2.17 2.43 0.6078 0.5204 0.0009 0.0004 0.7015 -0.0733 -0.129818 -0.926461 12.22 
1.3680 2 1 1 0x0 2.0210 2.2860 2.02 2.29 0.6530 0.6605 0.0008 0.0009 0.7070 -0.0740 -0.132523 -0.921689 12.22 
1.3780 2 1 1 0x0 1.8457 2.1107 1.85 2.11 0.5211 0.5673 0.0005 0.0007 0.7130 -0.0749 -0.132523 -0.924936 12.22 
1.3880 2 1 1 0x0 1.6875 1.9417 1.69 1.94 0.6032 0.6306 0.0007 0.0004 0.7186 -0.0756 -0.127113 -0.922311 12.23 
1.3980 2 1 1 0x0 1.5307 1.7795 1.53 1.78 0.4764 0.6005 0.0009 0.0005 0.7241 -0.0763 -0.124409 -0.919630 12.22 
1.4080 2 1 1 0x0 1.3746 1.6234 1.37 1.62 0.5291 0.4787 0.0004 0.0009 0.7293 -0.0769 -0.124409 -0.918949 12.23 
1.4180 2 1 1 0x0 1.2339 1.4719 1.23 1.47 0.4045 0.5508 0.0005 0.0004 0.7341 -0.0775 -0.119000 -0.913088 12.22 
1.4280 2 1 1 0x0 1.0927 1.3253 1.09 1.33 0.5097 0.5467 0.0010 0.0006 0.7388 -0.0781 -0.116295 -0.908633 12.22 
1.4380 2 1 1 0x0 0.9568 1.1786 0.96 1.18 0.4304 0.5229 0.0015 0.0008 0.7432 -0.0786 -0.110886 -0.903845 12.23 
1.4480 2 1 1 0x0 0.8299 1.0408 0.83 1.04 0.3257 0.3993 0.0012 0.0011 0.7472 -0.0790 -0.105477 -0.898385 12.22 
1.4580 2 1 1 0x0 0.6978 0.8980 0.70 0.90 0.4137 0.4669 0.0017 0.0011 0.7513 -0.0794 -0.100068 -0.894066 12.22 
1.4680 2 1 1 0x0 0.5745 0.7638 0.57 0.76 0.3264 0.4138 0.0018 0.0012 0.7549 -0.0798 -0.094659 -0.890250 12.23 
1.4780 2 1 1 0x0 0.4497 0.6337 0.45 0.63 0.3475 0.3424 0.0011 0.0012 0.7583 -0.0801 -0.091954 -0.883581 12.22 
1.4880 2 1 1 0x0 0.3291 0.5022 0.33 0.50 0.2716 0.3999 0.0012 0.0012 0.7616 -0.0804 -0.086545 -0.878122 12.22 
1.4980 2 1 1 0x0 0.2075 0.3752 0.21 0.38 0.2896 0.3681 0.0008 0.0014 0.7646 -0.0807 -0.083841 -0.874906 12.22 
1.5080 2 1 1 0x0 0.1005 0.2519 0.10 0.25 0.2171 0.3572 0.0025 0.0017 0.7672 -0.0809 -0.075727 -0.870938 12.22 
1.5180 2 1 1 0x0 -0.0174 0.1286 -0.02 0.13 0.1973 0.2548 0.0019 0.0019 0.7698 -0.0811 -0.073023 -0.869746 12.23 
1.5280 2 1 1 0x0 -0.1308 0.0045 -0.13 0.00 0.1919 0.2931 0.0018 0.0014 0.7723 -0.0812 -0.067613 -0.866544 12.22 
1.5380 2 1 1 0x0 -0.2354 -0.1109 -0.24 -0.11 0.1689 0.2530 0.0013 0.0014 0.7743 -0.0814 -0.062204 -0.862318 12.22 
1.5480 2 1 1 0x0 -0.3313 -0.2177 -0.33 -0.22 0.1387 0.1833 0.0035 0.0019 0.7759 -0.0815 -0.056795 -0.857990 12.22 
1.5580 2 1 1 0x0 -0.4418 -0.3336 -0.44 -0.33 0.1351 0.2344 0.0027 0.0027 0.7777 -0.0816 -0.054091 -0.854383 12.22 
1.5680 2 1 1 0x0 -0.5469 -0.4495 -0.55 -0.45 0.1470 0.1764 0.0039 0.0024 0.7794 -0.0816 -0.048682 -0.852734 12.22 
1.5780 2 1 1 0x0 -0.6519 -0.5600 -0.65 -0.56 0.1224 0.1405 0.0045 0.0026 0.7808 -0.0817 -0.045977 -0.849778 12.22 
1.5880 2 1 1 0x0 -0.7613 -0.6748 -0.76 -0.67 0.1178 0.1504 0.0039 0.0023 0.7822 -0.0818 -0.043273 -0.846220 12.22 
1.5980 2 1 1 0x0 -0.8601 -0.7790 -0.86 -0.78 0.1095 0.1443 0.0063 0.0039 0.7832 -0.0818 -0.040568 -0.843552 12.22 
1.6080 2 1 1 0x0 -0.9628 -0.8871 -0.96 -0.89 0.0951 0.1041 0.0075 0.0042 0.7842 -0.0819 -0.037864 -0.840310 12.22 
1.6180 2 1 1 0x0 -1.0650 -0.9893 -1.07 -0.99 0.0741 0.0854 0.0068 0.0064 0.7850 -0.0819 -0.037864 -0.836350 12.23 
1.6280 2 1 1 0x0 -1.1571 -1.0814 -1.16 -1.08 0.0453 0.0464 0.0096 0.0114 0.7854 -0.0819 -0.037864 -0.830430 12.22 
1.6380 2 1 1 0x0 -1.2439 -1.1736 -1.24 -1.17 0.0268 0.0364 0.0196 0.0132 0.7856 -0.0819 -0.035159 -0.824129 12.22 
1.6480 2 1 1 0x0 -1.3306 -1.2603 -1.33 -1.26 0.0161 0.0230 0.0296 0.0232 0.7856 -0.0819 -0.035159 -0.819344 12.21 
1.6580 2 1 1 0x0 -1.4213 -1.3510 -1.42 -1.35 0.0115 0.0147 0.0396 0.0332 0.7856 -0.0819 -0.035159 -0.818266 12.20 
1.6680 2 1 1 0x0 -1.5016 -1.4312 -1.50 -1.43 -0.0102 -0.0140 0.0252 0.0232 0.7852 -0.0819 -0.035159 -0.818822 12.20 
1.6780 2 1 1 0x0 -1.5754 -1.5105 -1.58 -1.51 -0.0740 -0.0283 0.0032 0.0116 0.7846 -0.0819 -0.032454 -0.818210 12.20 
1.6880 2 1 1 0x0 -1.6491 -1.5842 -1.65 -1.58 -0.0988 -0.0749 0.0031 0.0059 0.7838 -0.0819 -0.032454 -0.814309 12.20 
1.6980 2 1 1 0x0 -1.7222 -1.6519 -1.72 -1.65 -0.1116 -0.1060 0.0047 0.0027 0.7828 -0.0818 -0.035159 -0.809343 12.21 
1.7080 2 1 1 0x0 -1.7934 -1.7285 -1.79 -1.73 -0.0913 -0.1002 0.0031 0.0043 0.7818 -0.0818 -0.032454 -0.806191 12.20 
1.7180 2 1 1 0x0 -1.8674 -1.8079 -1.87 -1.81 -0.1309 -0.1112 0.0022 0.0058 0.7808 -0.0818 -0.029750 -0.805749 12.20 
1.7280 2 1 1 0x0 -1.9353 -1.8704 -1.94 -1.87 -0.1228 -0.1464 0.0028 0.0015 0.7794 -0.0817 -0.032454 -0.805492 12.20 
1.7380 2 1 1 0x0 -2.0007 -1.9412 -2.00 -1.94 -0.1583 -0.1367 0.0018 0.0034 0.7779 -0.0817 -0.029750 -0.802945 12.19 
1.7480 2 1 1 0x0 -2.0647 -2.0052 -2.06 -2.01 -0.1801 -0.1473 0.0030 0.0030 0.7763 -0.0816 -0.029750 -0.798698 12.20 
1.7580 2 1 1 0x0 -2.1173 -2.0578 -2.12 -2.06 -0.2184 -0.1947 0.0024 0.0014 0.7743 -0.0816 -0.029750 -0.794725 12.19 
1.7680 2 1 1 0x0 -2.1770 -2.1229 -2.18 -2.12 -0.1694 -0.2038 0.0023 0.0021 0.7725 -0.0815 -0.027045 -0.793615 12.20 
1.7780 2 1 1 0x0 -2.2345 -2.1804 -2.23 -2.18 -0.2475 -0.1935 0.0024 0.0021 0.7704 -0.0815 -0.027045 -0.792381 12.19 
1.7880 2 1 1 0x0 -2.2798 -2.2257 -2.28 -2.23 -0.2525 -0.2348 0.0016 0.0016 0.7680 -0.0814 -0.027045 -0.789469 12.19 
1.7980 2 1 1 0x0 -2.3234 -2.2639 -2.32 -2.26 -0.2835 -0.2963 0.0015 0.0012 0.7654 -0.0813 -0.029750 -0.784779 12.18 
1.8080 2 1 1 0x0 -2.3700 -2.3050 -2.37 -2.31 -0.2790 -0.2702 0.0019 0.0010 0.7627 -0.0812 -0.032454 -0.780787 12.19 
1.8180 2 1 1 0x0 -2.4185 -2.3482 -2.42 -2.35 -0.2732 -0.3296 0.0021 0.0009 0.7601 -0.0811 -0.035159 -0.779874 12.19 
1.8280 2 1 1 0x0 -2.4547 -2.3789 -2.45 -2.38 -0.2429 -0.3534 0.0013 0.0007 0.7571 -0.0810 -0.037864 -0.779242 12.19 
1.8380 2 1 1 0x0 -2.4928 -2.4117 -2.49 -2.41 -0.2949 -0.4041 0.0010 0.0011 0.7540 -0.0809 -0.040568 -0.776444 12.19 
1.8480 2 1 1 0x0 -2.5286 -2.4366 -2.53 -2.44 -0.2790 -0.3324 0.0010 0.0010 0.7508 -0.0808 -0.045977 -0.774051 12.19 
1.8580 2 1 1 0x0 -2.5565 -2.4591 -2.56 -2.46 -0.3016 -0.4067 0.0007 0.0010 0.7473 -0.0806 -0.048682 -0.772110 12.18 
1.8680 2 1 1 0x0 -2.5865 -2.4837 -2.59 -2.48 -0.3454 -0.3408 0.0008 0.0015 0.7439 -0.0804 -0.051386 -0.769944 12.19 
1.8780 2 1 1 0x0 -2.6136 -2.5000 -2.61 -2.50 -0.3263 -0.4097 0.0014 0.0010 0.7402 -0.0802 -0.056795 -0.769459 12.19 
1.8880 2 1 1 0x0 -2.6282 -2.5038 -2.63 -2.50 -0.3953 -0.4467 0.0011 0.0006 0.7362 -0.0800 -0.062204 -0.766825 12.19 
1.8980 2 1 1 0x0 -2.6489 -2.5191 -2.65 -2.52 -0.3141 -0.4634 0.0010 0.0007 0.7323 -0.0798 -0.064909 -0.764821 12.19 
1.9080 2 1 1 0x0 -2.6707 -2.5355 -2.67 -2.54 -0.4289 -0.4543 0.0011 0.0011 0.7285 -0.0795 -0.067613 -0.765485 12.20 
1.9180 2 1 1 0x0 -2.6792 -2.5385 -2.68 -2.54 -0.4247 -0.4097 0.0006 0.0009 0.7243 -0.0792 -0.070318 -0.763958 12.19 
1.9280 2 1 1 0x0 -2.6984 -2.5469 -2.70 -2.55 -0.3438 -0.4887 0.0012 0.0011 0.7202 -0.0789 -0.075727 -0.761713 12.20 
1.9380 2 1 1 0x0 -2.7042 -2.5419 -2.70 -2.54 -0.3699 -0.5043 0.0006 0.0006 0.7158 -0.0786 -0.081136 -0.762745 12.19 
1.9480 2 1 1 0x0 -2.7205 -2.5420 -2.72 -2.54 -0.4537 -0.5228 0.0016 0.0004 0.7115 -0.0782 -0.089250 -0.761742 12.20 
1.9580 2 1 1 0x0 -2.7273 -2.5379 -2.73 -2.54 -0.4557 -0.5254 0.0013 0.0004 0.7071 -0.0778 -0.094659 -0.760461 12.20 
1.9680 2 1 1 0x0 -2.7291 -2.5397 -2.73 -2.54 -0.3971 -0.4542 0.0007 0.0010 0.7026 -0.0774 -0.094659 -0.761211 12.20 
1.9780 2 1 1 0x0 -2.7267 -2.5320 -2.73 -2.53 -0.4897 -0.4683 0.0009 0.0008 0.6980 -0.0769 -0.097363 -0.761734 12.20 
1.9880 2 1 1 0x0 -2.7247 -2.5246 -2.72 -2.52 -0.4201 -0.4971 0.0009 0.0009 0.6933 -0.0765 -0.100068 -0.758160 12.19 
1.9980 2 1 1 0x0 -2.7183 -2.5073 -2.72 -2.51 -0.4917 -0.5346 0.0010 0.0005 0.6885 -0.0760 -0.105477 -0.755933 12.20 
2.0080 2 1 1 0x0 -2.7160 -2.4996 -2.72 -2.50 -0.4067 -0.5376 0.0008 0.0007 0.6839 -0.0755 -0.108182 -0.755816 12.20 
2.0180 2 1 1 0x0 -2.7134 -2.4916 -2.71 -2.49 -0.5188 -0.5413 0.0013 0.0009 0.6792 -0.0750 -0.110886 -0.753397 12.20 
2.0280 2 1 1 0x0 -2.7004 -2.4786 -2.70 -2.48 -0.4927 -0.5461 0.0007 0.0012 0.6744 -0.0744 -0.110886 -0.750663 12.20 
2.0380 2 1 1 0x0 -2.7016 -2.4636 -2.70 -2.46 -0.4809 -0.4532 0.0012 0.0007 0.6697 -0.0739 -0.119000 -0.754542 12.20 
2.0480 2 1 1 0x0 -2.6865 -2.4485 -2.69 -2.45 -0.5183 -0.4493 0.0005 0.0011 0.6649 -0.0733 -0.119000 -0.757266 12.20 
2.0580 2 1 1 0x0 -2.6663 -2.4229 -2.67 -2.42 -0.5743 -0.5299 0.0007 0.0006 0.6599 -0.0727 -0.121704 -0.758880 12.21 
2.0680 2 1 1 0x0 -2.6597 -2.4109 -2.66 -2.41 -0.3887 -0.5751 0.0013 0.0009 0.6553 -0.0721 -0.124409 -0.756083 12.20 
2.0780 2 1 1 0x0 -2.6430 -2.3779 -2.64 -2.38 -0.4680 -0.5984 0.0013 0.0006 0.6502 -0.0715 -0.132523 -0.755874 12.21 
2.0880 2 1 1 0x0 -2.6391 -2.3578 -2.64 -2.36 -0.4744 -0.4587 0.0012 0.0006 0.6456 -0.0708 -0.140636 -0.760335 12.20 
2.0980 2 1 1 0x0 -2.6140 -2.3273 -2.61 -2.33 -0.5320 -0.6074 0.0006 0.0008 0.6406 -0.0701 -0.143341 -0.762945 12.20 
2.1080 2 1 1 0x0 -2.5841 -2.2866 -2.58 -2.29 -0.5257 -0.6111 0.0007 0.0008 0.6354 -0.0694 -0.148750 -0.761347 12.21 
2.1180 2 1 1 0x0 -2.5631 -2.2493 -2.56 -2.25 -0.3721 -0.6117 0.0008 0.0005 0.6303 -0.0686 -0.156863 -0.758551 12.21 
2.1280 2 1 1 0x0 -2.5547 -2.2247 -2.55 -2.22 -0.3813 -0.4866 0.0013 0.0005 0.6257 -0.0678 -0.164977 -0.760583 12.20 
2.1380 2 1 1 0x0 -2.5384 -2.2030 -2.54 -2.20 -0.4884 -0.4685 0.0008 0.0006 0.6211 -0.0671 -0.167681 -0.770858 12.20 
2.1480 2 1 1 0x0 -2.5156 -2.1694 -2.52 -2.17 -0.3756 -0.6244 0.0008 0.0008 0.6163 -0.0663 -0.173090 -0.772755 12.21 
2.1580 2 1 1 0x0 -2.4965 -2.1287 -2.50 -2.13 -0.4103 -0.5784 0.0011 0.0006 0.6116 -0.0654 -0.183909 -0.770524 12.21 
2.1680 2 1 1 0x0 -2.4700 -2.0914 -2.47 -2.09 -0.4733 -0.5472 0.0006 0.0006 0.6068 -0.0645 -0.189318 -0.768788 12.20 
2.1780 2 1 1 0x0 -2.4517 -2.0568 -2.45 -2.06 -0.4513 -0.5628 0.0011 0.0007 0.6022 -0.0636 -0.197431 -0.770533 12.20 
2.1880 2 1 1 0x0 -2.4309 -2.0198 -2.43 -2.02 -0.4647 -0.4833 0.0014 0.0006 0.5976 -0.0627 -0.205545 -0.770832 12.21 
2.1980 2 1 1 0x0 -2.3984 -1.9765 -2.40 -1.98 -0.3551 -0.5671 0.0007 0.0004 0.5929 -0.0617 -0.210954 -0.769742 12.21 
2.2080 2 1 1 0x0 -2.3781 -1.9453 -2.38 -1.95 -0.3705 -0.5519 0.0008 0.0007 0.5885 -0.0607 -0.216363 -0.770829 12.21 
2.2180 2 1 1 0x0 -2.3550 -1.9115 -2.36 -1.91 -0.3401 -0.5569 0.0006 0.0010 0.5841 -0.0597 -0.221772 -0.772932 12.21 
2.2280 2 1 1 0x0 -2.3344 -1.8692 -2.33 -1.87 -0.4024 -0.4961 0.0009 0.0005 0.5798 -0.0587 -0.232590 -0.774860 12.21 
2.2380 2 1 1 0x0 -2.3201 -1.8441 -2.32 -1.84 -0.3756 -0.5061 0.0014 0.0009 0.5758 -0.0578 -0.237999 -0.778205 12.22 
2.2480 2 1 1 0x0 -2.2885 -1.8016 -2.29 -1.80 -0.3143 -0.5647 0.0007 0.0009 0.5715 -0.0567 -0.243408 -0.777208 12.22 
2.2580 2 1 1 0x0 -2.2644 -1.7613 -2.26 -1.76 -0.3812 -0.5102 0.0006 0.0009 0.5674 -0.0557 -0.251522 -0.778436 12.22 
2.2680 2 1 1 0x0 -2.2420 -1.7281 -2.24 -1.73 -0.4176 -0.4004 0.0017 0.0013 0.5635 -0.0546 -0.256931 -0.781152 12.21 
2.2780 2 1 1 0x0 -2.2126 -1.6825 -2.21 -1.68 -0.3957 -0.4006 0.0008 0.0009 0.5593 -0.0535 -0.265045 -0.781696 12.22 
2.2880 2 1 1 0x0 -2.1949 -1.6486 -2.19 -1.65 -0.3686 -0.5022 0.0012 0.0013 0.5556 -0.0525 -0.273158 -0.781031 12.22 
2.2980 2 1 1 0x0 -2.1743 -1.6118 -2.17 -1.61 -0.3836 -0.4124 0.0013 0.0009 0.5519 -0.0515 -0.281272 -0.784329 12.21 
2.3080 2 1 1 0x0 -2.1451 -1.5771 -2.15 -1.58 -0.3059 -0.3743 0.0008 0.0014 0.5482 -0.0504 -0.283977 -0.788771 12.21 
2.3180 2 1 1 0x0 -2.1188 -1.5346 -2.12 -1.53 -0.2747 -0.4489 0.0009 0.0012 0.5445 -0.0493 -0.292090 -0.787492 12.22 
2.3280 2 1 1 0x0 -2.1035 -1.5031 -2.10 -1.50 -0.3211 -0.4241 0.0012 0.0009 0.5412 -0.0483 -0.300204 -0.791701 12.21 
2.3380 2 1 1 0x0 -2.0752 -1.4640 -2.08 -1.46 -0.3454 -0.4241 0.0011 0.0005 0.5377 -0.0472 -0.305613 -0.799206 12.21 
2.3480 2 1 1 0x0 -2.0540 -1.4266 -2.05 -1.43 -0.2852 -0.4663 0.0019 0.0006 0.5345 -0.0461 -0.313727 -0.797791 12.21 
2.3580 2 1 1 0x0 -2.0305 -1.3868 -2.03 -1.39 -0.2978 -0.4057 0.0017 0.0007 0.5312 -0.0451 -0.321840 -0.799106 12.22 
2.3680 2 1 1 0x0 -2.0080 -1.3535 -2.01 -1.35 -0.2434 -0.3498 0.0011 0.0011 0.5281 -0.0440 -0.327250 -0.803007 12.21 
2.3780 2 1 1 0x0 -1.9830 -1.3177 -1.98 -1.32 -0.3069 -0.4129 0.0008 0.0016 0.5250 -0.0430 -0.332659 -0.805443 12.21 
2.3880 2 1 1 0x0 -1.9607 -1.2738 -1.96 -1.27 -0.3048 -0.3998 0.0021 0.0008 0.5220 -0.0419 -0.343477 -0.806281 12.22 
2.3980 2 1 1 0x0 -1.9349 -1.2426 -1.93 -1.24 -0.2372 -0.3655 0.0011 0.0017 0.5191 -0.0409 -0.346181 -0.807181 12.21 
2.4080 2 1 1 0x0 -1.9161 -1.2129 -1.92 -1.21 -0.2586 -0.3591 0.0021 0.0019 0.5164 -0.0399 -0.351591 -0.806592 12.22 
2.4180 2 1 1 0x0 -1.8800 -1.1660 -1.88 -1.17 -0.2760 -0.3090 0.0011 0.0010 0.5134 -0.0388 -0.357000 -0.807301 12.22 
2.4280 2 1 1 0x0 -1.8561 -1.1313 -1.86 -1.13 -0.2703 -0.3132 0.0013 0.0015 0.5107 -0.0378 -0.362409 -0.805710 12.21 
2.4380 2 1 1 0x0 -1.8253 -1.0842 -1.83 -1.08 -0.2503 -0.3779 0.0009 0.0009 0.5079 -0.0367 -0.370522 -0.805670 12.21 
2.4480 2 1 1 0x0 -1.8065 -1.0493 -1.81 -1.05 -0.2162 -0.3446 0.0023 0.0009 0.5055 -0.0357 -0.378636 -0.804494 12.22 
2.4580 2 1 1 0x0 -1.7796 -1.0169 -1.78 -1.02 -0.1896 -0.2614 0.0011 0.0015 0.5030 -0.0347 -0.381341 -0.806497 12.22 
2.4680 2 1 1 0x0 -1.7596 -0.9861 -1.76 -0.99 -0.2485 -0.3061 0.0016 0.0014 0.5007 -0.0338 -0.386750 -0.809842 12.22 
2.4780 2 1 1 0x0 -1.7370 -0.9527 -1.74 -0.95 -0.1905 -0.2818 0.0023 0.0013 0.4985 -0.0329 -0.392159 -0.811123 12.22 
2.4880 2 1 1 0x0 -1.7119 -0.9168 -1.71 -0.92 -0.2207 -0.3014 0.0025 0.0012 0.4962 -0.0320 -0.397568 -0.810538 12.22 
2.4980 2 1 1 0x0 -1.6887 -0.8882 -1.69 -0.89 -0.1706 -0.2760 0.0016 0.0019 0.4942 -0.0311 -0.400273 -0.810348 12.21 
2.5080 2 1 1 0x0 -1.6728 -0.8615 -1.67 -0.86 -0.1426 -0.2777 0.0026 0.0024 0.4923 -0.0303 -0.405682 -0.811591 12.22 
2.5180 2 1 1 0x0 -1.6541 -0.8319 -1.65 -0.83 -0.1465 -0.2553 0.0031 0.0028 0.4905 -0.0295 -0.411091 -0.812068 12.22 
2.5280 2 1 1 0x0 -1.6327 -0.7997 -1.63 -0.80 -0.1441 -0.2384 0.0026 0.0021 0.4886 -0.0287 -0.416500 -0.812678 12.21 
2.5380 2 1 1 0x0 -1.6087 -0.7649 -1.61 -0.76 -0.1601 -0.2374 0.0028 0.0010 0.4868 -0.0278 -0.421909 -0.815001 12.21 
2.5480 2 1 1 0x0 -1.5915 -0.7477 -1.59 -0.75 -0.1529 -0.2167 0.0033 0.0031 0.4853 -0.0272 -0.421909 -0.814825 12.21 
2.5580 2 1 1 0x0 -1.5674 -0.7182 -1.57 -0.72 -0.1472 -0.1663 0.0035 0.0027 0.4836 -0.0264 -0.424614 -0.814426 12.21 
2.5680 2 1 1 0x0 -1.5409 -0.6862 -1.54 -0.69 -0.1406 -0.2130 0.0030 0.0017 0.4819 -0.0257 -0.427318 -0.814554 12.21 
2.5780 2 1 1 0x0 -1.5170 -0.6623 -1.52 -0.66 -0.1484 -0.1903 0.0030 0.0029 0.4805 -0.0250 -0.427318 -0.815151 12.21 
2.5880 2 1 1 0x0 -1.4867 -0.6267 -1.49 -0.63 -0.1415 -0.1708 0.0027 0.0015 0.4788 -0.0243 -0.430023 -0.814924 12.22 
2.5980 2 1 1 0x0 -1.4591 -0.5991 -1.46 -0.60 -0.1229 -0.1610 0.0018 0.0020 0.4773 -0.0236 -0.430023 -0.814180 12.22 
2.6080 2 1 1 0x0 -1.4394 -0.5740 -1.44 -0.57 -0.1416 -0.1469 0.0030 0.0017 0.4760 -0.0230 -0.432727 -0.813802 12.22 
2.6180 2 1 1 0x0 -1.4177 -0.5468 -1.42 -0.55 -0.1160 -0.1643 0.0034 0.0017 0.4748 -0.0224 -0.435432 -0.814244 12.22 
2.6280 2 1 1 0x0 -1.3940 -0.5177 -1.39 -0.52 -0.1227 -0.1495 0.0023 0.0015 0.4735 -0.0218 -0.438137 -0.813327 12.22 
2.6380 2 1 1 0x0 -1.3829 -0.5012 -1.38 -0.50 -0.1100 -0.1815 0.0049 0.0037 0.4726 -0.0214 -0.440841 -0.813402 12.21 
2.6480 2 1 1 0x0 -1.3652 -0.4727 -1.37 -0.47 -0.0999 -0.1516 0.0060 0.0026 0.4715 -0.0208 -0.446250 -0.812855 12.21 
2.6580 2 1 1 0x0 -1.3501 -0.4522 -1.35 -0.45 -0.0931 -0.1305 0.0069 0.0038 0.4705 -0.0204 -0.448955 -0.814316 12.23 
2.6680 2 1 1 0x0 -1.3234 -0.4255 -1.32 -0.43 -0.0858 -0.1353 0.0027 0.0046 0.4694 -0.0199 -0.448955 -0.815104 12.22 
2.6780 2 1 1 0x0 -1.3002 -0.3915 -1.30 -0.39 -0.0718 -0.1364 0.0033 0.0015 0.4683 -0.0193 -0.454364 -0.815347 12.22 
2.6880 2 1 1 0x0 -1.2845 -0.3758 -1.28 -0.38 -0.0706 -0.1194 0.0030 0.0046 0.4676 -0.0190 -0.454364 -0.814243 12.22 
2.6980 2 1 1 0x0 -1.2724 -0.3528 -1.27 -0.35 -0.0756 -0.0893 0.0074 0.0028 0.4669 -0.0186 -0.459773 -0.814208 12.23 
2.7080 2 1 1 0x0 -1.2530 -0.3334 -1.25 -0.33 -0.0653 -0.0902 0.0043 0.0042 0.4662 -0.0183 -0.459773 -0.815409 12.22 
2.7180 2 1 1 0x0 -1.2420 -0.3170 -1.24 -0.32 -0.0573 -0.0827 0.0077 0.0056 0.4656 -0.0180 -0.462478 -0.815654 12.22 
2.7280 2 1 1 0x0 -1.2151 -0.2847 -1.22 -0.28 -0.0561 -0.0899 0.0047 0.0025 0.4647 -0.0175 -0.465182 -0.815286 12.22 
2.7380 2 1 1 0x0 -1.2058 -0.2754 -1.21 -0.28 -0.0632 -0.0707 0.0078 0.0074 0.4643 -0.0174 -0.465182 -0.815140 12.22 
2.7480 2 1 1 0x0 -1.1904 -0.2547 -1.19 -0.25 -0.0459 -0.0729 0.0102 0.0070 0.4638 -0.0171 -0.467887 -0.815252 12.22 
2.7580 2 1 1 0x0 -1.1736 -0.2325 -1.17 -0.23 -0.0507 -0.0621 0.0118 0.0052 0.4633 -0.0168 -0.470591 -0.815347 12.22 
2.7680 2 1 1 0x0 -1.1599 -0.2188 -1.16 -0.22 -0.0343 -0.0751 0.0119 0.0092 0.4629 -0.0166 -0.470591 -0.815470 12.22 
2.7780 2 1 1 0x0 -1.1407 -0.1941 -1.14 -0.19 -0.0501 -0.0613 0.0119 0.0062 0.4624 -0.0163 -0.473296 -0.815176 12.23 
2.7880 2 1 1 0x0 -1.1247 -0.1781 -1.12 -0.18 -0.0387 -0.0505 0.0126 0.0089 0.4620 -0.0162 -0.473296 -0.814574 12.23 
2.7980 2 1 1 0x0 -1.1078 -0.1612 -1.11 -0.16 -0.0428 -0.0606 0.0126 0.0115 0.4616 -0.0160 -0.473296 -0.813304 12.21 
2.8080 2 1 1 0x0 -1.0853 -0.1333 -1.09 -0.13 -0.0313 -0.0514 0.0114 0.0052 0.4611 -0.0157 -0.476000 -0.813235 12.23 
2.8180 2 1 1 0x0 -1.0662 -0.1142 -1.07 -0.11 -0.0306 -0.0386 0.0083 0.0060 0.4607 -0.0155 -0.476000 -0.813322 12.22 
2.8280 2 1 1 0x0 -1.0564 -0.0989 -1.06 -0.10 -0.0306 -0.0487 0.0183 0.0066 0.4606 -0.0154 -0.478705 -0.813332 12.22 
2.8380 2 1 1 0x0 -1.0357 -0.0782 -1.04 -0.08 -0.0254 -0.0418 0.0137 0.0076 0.4602 -0.0152 -0.478705 -0.812790 12.22 
2.8480 2 1 1 0x0 -1.0142 -0.0568 -1.01 -0.06 -0.0288 -0.0389 0.0086 0.0075 0.4598 -0.0150 -0.478705 -0.812348 12.22 
2.8580 2 1 1 0x0 -1.0066 -0.0492 -1.01 -0.05 -0.0288 -0.0389 0.0186 0.0175 0.4598 -0.0150 -0.478705 -0.811930 12.22 
2.8680 2 1 1 0x0 -0.9835 -0.0261 -0.98 -0.03 -0.0194 -0.0320 0.0112 0.0160 0.4595 -0.0149 -0.478705 -0.810808 12.22 
2.8780 2 1 1 0x0 -0.9702 -0.0074 -0.97 -0.01 -0.0194 -0.0378 0.0212 0.0143 0.4593 -0.0148 -0.481409 -0.810302 12.23 
2.8880 2 1 1 0x0 -0.9462 0.0166 -0.95 0.02 -0.0237 -0.0300 0.0122 0.0121 0.4589 -0.0146 -0.481409 -0.809988 12.22 
2.8980 2 1 1 0x0 -0.9318 0.0365 -0.93 0.04 -0.0237 -0.0304 0.0222 0.0087 0.4588 -0.0145 -0.484114 -0.809717 12.23 
2.9080 2 1 1 0x0 -0.9211 0.0472 -0.92 0.05 -0.0172 -0.0304 0.0322 0.0187 0.4588 -0.0145 -0.484114 -0.809219 12.22 
2.9180 2 1 1 0x0 -0.8955 0.0727 -0.90 0.07 -0.0154 -0.0232 0.0205 0.0133 0.4584 -0.0143 -0.484114 -0.808783 12.22 
2.9280 2 1 1 0x0 -0.8839 0.0843 -0.88 0.08 -0.0154 -0.0232 0.0305 0.0233 0.4584 -0.0143 -0.484114 -0.808611 12.22 
2.9380 2 1 1 0x0 -0.8670 0.1066 -0.87 0.11 -0.0154 -0.0189 0.0405 0.0138 0.4582 -0.0142 -0.486819 -0.808583 12.23 
2.9480 2 1 1 0x0 -0.8542 0.1194 -0.85 0.12 -0.0109 -0.0189 0.0505 0.0238 0.4582 -0.0142 -0.486819 -0.808363 12.23 
2.9580 2 1 1 0x0 -0.8406 0.1331 -0.84 0.13 -0.0086 -0.0189 0.0605 0.0338 0.4582 -0.0142 -0.486819 -0.808057 12.23 
2.9680 2 1 1 0x0 -0.8263 0.1474 -0.83 0.15 -0.0071 -0.0123 0.0705 0.0438 0.4582 -0.0142 -0.486819 -0.807814 12.22 
2.9780 2 1 1 0x0 -0.8114 0.1622 -0.81 0.16 -0.0060 -0.0094 0.0805 0.0538 0.4582 -0.0142 -0.486819 -0.807574 12.22 
2.9880 2 1 1 0x0 -0.7961 0.1775 -0.80 0.18 -0.0052 -0.0076 0.0905 0.0638 0.4582 -0.0142 -0.486819 -0.806866 12.22 
2.9980 2 1 1 0x0 -0.7805 0.1931 -0.78 0.19 -0.0046 -0.0064 0.1000 0.0738 0.4582 -0.0142 -0.486819 -0.805932 12.22 
3.0080 2 1 1 0x0 -0.7645 0.2091 -0.76 0.21 -0.0042 -0.0056 0.1000 0.0838 0.4582 -0.0142 -0.486819 -0.805036 12.22 
3.0180 2 1 1 0x0 -0.7483 0.2253 -0.75 0.23 -0.0038 -0.0049 0.1000 0.0938 0.4582 -0.0142 -0.486819 -0.804336 12.22 
3.0280 2 1 1 0x0 -0.7319 0.2417 -0.73 0.24 -0.0035 -0.0044 0.1000 0.1000 0.4582 -0.0142 -0.486819 -0.803695 12.23 
3.0380 2 1 1 0x0 -0.7154 0.2583 -0.72 0.26 -0.0032 -0.0039 0.1000 0.1000 0.4582 -0.0142 -0.486819 -0.803190 12.22 
3.0480 2 1 1 0x0 -0.6987 0.2750 -0.70 0.27 -0.0030 -0.0036 0.1000 0.1000 0.4582 -0.0142 -0.486819 -0.802765 12.22 
3.0580 2 1 1 0x0 -0.6819 0.2918 -0.68 0.29 -0.0028 -0.0033 0.1000 0.1000 0.4582 -0.0142 -0.486819 -0.802206 12.22 
3.0680 2 1 1 0x0 -0.6649 0.3087 -0.66 0.31 -0.0026 -0.0030 0.1000 0.1000 0.4582 -0.0142 -0.486819 -0.801555 12.22 
3.0780 2 1 1 0x0 -0.6480 0.3257 -0.65 0.33 -0.0024 -0.0028 0.1000 0.1000 0.4582 -0.0142 -0.486819 -0.800852 12.22 
3.0880 2 1 1 0x0 -0.6309 0.3427 -0.63 0.34 -0.0023 -0.0027 0.1000 0.1000 0.4582 -0.0142 -0.486819 -0.800184 12.23 
3.0980 2 1 1 0x0 -0.6138 0.3598 -0.61 0.36 -0.0022 -0.0025 0.1000 0.1000 0.4582 -0.0142 -0.486819 -0.799647 12.22 
3.1080 2 1 1 0x0 -0.5967 0.3770 -0.60 0.38 -0.0021 -0.0023 0.1000 0.1000 0.4582 -0.0142 -0.486819 -0.799188 12.22 
3.1180 2 1 1 0x0 -0.5795 0.3942 -0.58 0.39 -0.0000 -0.0022 0.1000 0.1000 0.4582 -0.0142 -0.486819 -0.798693 12.21 
3.1280 2 1 1 0x0 -0.5623 0.4114 -0.56 0.41 -0.0000 -0.0021 0.1000 0.1000 0.4582 -0.0142 -0.486819 -0.798125 12.22 
3.1380 2 1 1 0x0 -0.5450 0.4286 -0.55 0.43 -0.0000 -0.0000 0.1000 0.1000 0.4582 -0.0142 -0.486819 -0.797492 12.21 
3.1480 2 1 1 0x0 -0.5278 0.4459 -0.53 0.45 -0.0000 -0.0000 0.1000 0.1000 0.4582 -0.0142 -0.486819 -0.796891 12.23 
3.1580 2 1 1 0x0 -0.5105 0.4631 -0.51 0.46 -0.0000 -0.0000 0.1000 0.1000 0.4582 -0.0142 -0.486819 -0.796374 12.22 
3.1680 2 1 1 0x0 -0.4932 0.4804 -0.49 0.48 -0.0000 -0.0000 0.1000 0.1000 0.4582 -0.0142 -0.486819 -0.795906 12.22 
3.1780 2 1 1 0x0 -0.4759 0.4977 -0.48 0.50 -0.0000 -0.0000 0.1000 0.1000 0.4582 -0.0142 -0.486819 -0.795425 12.21 
3.1880 2 1 1 0x0 -0.4586 0.5150 -0.46 0.51 -0.0000 -0.0000 0.1000 0.1000 0.4582 -0.0142 -0.486819 -0.794909 12.23 
3.1980 2 1 1 0x0 -0.4413 0.5323 -0.44 0.53 -0.0000 -0.0000 0.1000 0.1000 0.4582 -0.0142 -0.486819 -0.794334 12.21 
3.2079 2 1 1 0x0 -0.4240 0.5496 -0.42 0.55 -0.0000 -0.0000 0.1000 0.1000 0.4582 -0.0142 -0.486819 -0.793788 12.23 
3.2179 2 1 1 0x0 -0.4067 0.5669 -0.41 0.57 -0.0000 -0.0000 0.1000 0.1000 0.4582 -0.0142 -0.486819 -0.793276 12.21 
3.2279 2 1 1 0x0 -0.3894 0.5842 -0.39 0.58 -0.0000 -0.0000 0.1000 0.1000 0.4582 -0.0142 -0.486819 -0.792821 12.23 
3.2379 2 1 1 0x0 -0.3721 0.6016 -0.37 0.60 -0.0000 -0.0000 0.1000 0.1000 0.4582 -0.0142 -0.486819 -0.792322 12.22 
3.2479 2 1 1 0x0 -0.3547 0.6189 -0.35 0.62 -0.0000 -0.0000 0.1000 0.1000 0.4582 -0.0142 -0.486819 -0.791810 12.21 
3.2579 2 1 1 0x0 -0.3374 0.6362 -0.34 0.64 -0.0000 -0.0000 0.1000 0.1000 0.4582 -0.0142 -0.486819 -0.791292 12.23 
3.2679 2 1 1 0x0 -0.3201 0.6536 -0.32 0.65 -0.0000 -0.0000 0.1000 0.1000 0.4582 -0.0142 -0.486819 -0.790793 12.22 
3.2779 2 1 1 0x0 -0.3027 0.6709 -0.30 0.67 -0.0000 -0.0000 0.1000 0.1000 0.4582 -0.0142 -0.486819 -0.790321 12.21 
3.2879 2 1 1 0x0 -0.2854 0.6882 -0.29 0.69 -0.0000 -0.0000 0.1000 0.1000 0.4582 -0.0142 -0.486819 -0.789866 12.22 
3.2979 2 1 1 0x0 -0.2681 0.7056 -0.27 0.71 -0.0000 -0.0000 0.1000 0.1000 0.4582 -0.0142 -0.486819 -0.789415 12.22 
3.3079 2 1 1 0x0 -0.2507 0.7229 -0.25 0.72 -0.0000 -0.0000 0.1000 0.1000 0.4582 -0.0142 -0.486819 -0.788933 12.22 
3.3179 2 1 1 0x0 -0.2334 0.7403 -0.23 0.74 -0.0000 -0.0000 0.1000 0.1000 0.4582 -0.0142 -0.486819 -0.788426 12.22 
3.3279 2 1 1 0x0 -0.2160 0.7576 -0.22 0.76 -0.0000 -0.0000 0.1000 0.1000 0.4582 -0.0142 -0.486819 -0.787946 12.22 
3.3379 2 1 1 0x0 -0.1987 0.7749 -0.20 0.77 -0.0000 -0.0000 0.1000 0.1000 0.4582 -0.0142 -0.486819 -0.787475 12.22 
3.3479 2 1 1 0x0 -0.1814 0.7923 -0.18 0.79 -0.0000 -0.0000 0.1000 0.1000 0.4582 -0.0142 -0.486819 -0.787040 12.22 
3.3579 2 1 1 0x0 -0.1640 0.8096 -0.16 0.81 -0.0000 -0.0000 0.1000 0.1000 0.4582 -0.0142 -0.486819 -0.786617 12.20 
3.3679 2 1 1 0x0 -0.1467 0.8270 -0.15 0.83 -0.0000 -0.0000 0.1000 0.1000 0.4582 -0.0142 -0.486819 -0.786164 12.22 
3.3779 2 1 1 0x0 -0.1293 0.8443 -0.13 0.84 -0.0000 -0.0000 0.1000 0.1000 0.4582 -0.0142 -0.486819 -0.785704 12.22 
3.3879 2 1 1 0x0 -0.1120 0.8616 -0.11 0.86 -0.0000 -0.0000 0.1000 0.1000 0.4582 -0.0142 -0.486819 -0.785248 12.22 
3.3979 2 1 1 0x0 -0.0947 0.8790 -0.09 0.88 -0.0000 -0.0000 0.1000 0.1000 0.4582 -0.0142 -0.486819 -0.784844 12.21 
3.4079 2 1 1 0x0 -0.0773 0.8963 -0.08 0.90 -0.0000 -0.0000 0.1000 0.1000 0.4582 -0.0142 -0.486819 -0.784518 12.22 
3.4179 2 1 1 0x0 -0.0600 0.9137 -0.06 0.91 -0.0000 -0.0000 0.1000 0.1000 0.4582 -0.0142 -0.486819 -0.784175 12.21 
3.4279 2 1 1 0x0 -0.0426 0.9310 -0.04 0.93 -0.0000 -0.0000 0.1000 0.1000 0.4582 -0.0142 -0.486819 -0.783780 12.22 
3.4379 2 1 1 0x0 -0.0253 0.9484 -0.03 0.95 -0.0000 -0.0000 0.1000 0.1000 0.4582 -0.0142 -0.486819 -0.783404 12.23 
3.4479 2 1 1 0x0 -0.0079 0.9657 -0.01 0.97 -0.0000 -0.0000 0.1000 0.1000 0.4582 -0.0142 -0.486819 -0.783060 12.21 
3.4579 2 1 1 0x0 0.0094 0.9830 0.01 0.98 -0.0000 -0.0000 0.1000 0.1000 0.4582 -0.0142 -0.486819 -0.782752 12.22 
3.4679 2 1 1 0x0 0.0267 1.0004 0.03 1.00 -0.0000 -0.0000 0.1000 0.1000 0.4582 -0.0142 -0.486819 -0.782301 12.23 
3.4779 2 1 1 0x0 0.0441 1.0177 0.04 1.02 -0.0000 -0.0000 0.1000 0.1000 0.4582 -0.0142 -0.486819 -0.781744 12.20 
3.4879 2 1 1 0x0 0.0614 1.0351 0.06 1.04 -0.0000 -0.0000 0.1000 0.1000 0.4582 -0.0142 -0.486819 -0.781298 12.22 
3.4979 2 1 1 0x0 0.0747 1.0429 0.07 1.04 -0.0000 0.0007 0.1000 0.1000 0.4584 -0.0143 -0.484114 -0.780950 12.23 
3.5079 2 1 1 0x0 0.0926 1.0608 0.09 1.06 -0.0000 0.0007 0.1000 0.1000 0.4584 -0.0143 -0.484114 -0.780584 12.22 
3.5179 2 1 1 0x0 0.1104 1.0786 0.11 1.08 -0.0000 0.0007 0.1000 0.1000 0.4584 -0.0143 -0.484114 -0.780198 12.22 
3.5279 2 1 1 0x0 0.1281 1.0963 0.13 1.10 -0.0000 0.0007 0.1000 0.1000 0.4584 -0.0143 -0.484114 -0.779836 12.22 
3.5379 2 1 1 0x0 0.1457 1.1139 0.15 1.11 -0.0000 0.0007 0.1000 0.1000 0.4584 -0.0143 -0.484114 -0.779532 12.21 
3.5479 2 1 1 0x0 0.1632 1.1315 0.16 1.13 -0.0000 0.0007 0.1000 0.1000 0.4584 -0.0143 -0.484114 -0.779231 12.22 
3.5579 2 1 1 0x0 0.1807 1.1490 0.18 1.15 -0.0000 0.0007 0.1000 0.1000 0.4584 -0.0143 -0.484114 -0.778915 12.22 
3.5679 2 1 1 0x0 0.1982 1.1664 0.20 1.17 -0.0000 0.0007 0.1000 0.1000 0.4584 -0.0143 -0.484114 -0.778586 12.22 
3.5779 2 1 1 0x0 0.2156 1.1838 0.22 1.18 -0.0000 0.0007 0.1000 0.1000 0.4584 -0.0143 -0.484114 -0.778297 12.21 
3.5879 2 1 1 0x0 0.2330 1.2012 0.23 1.20 -0.0000 0.0007 0.1000 0.1000 0.4584 -0.0143 -0.484114 -0.778028 12.21 
3.5979 2 1 1 0x0 0.2464 1.2092 0.25 1.21 -0.0000 0.0042 0.1000 0.0575 0.4586 -0.0144 -0.481409 -0.777755 12.22 
3.6079 2 1 1 0x0 0.2643 1.2272 0.26 1.23 -0.0000 0.0042 0.1000 0.0675 0.4586 -0.0144 -0.481409 -0.777456 12.22 
3.6179 2 1 1 0x0 0.2821 1.2449 0.28 1.24 -0.0000 0.0042 0.1000 0.0775 0.4586 -0.0144 -0.481409 -0.777159 12.22 
3.6279 2 1 1 0x0 0.2998 1.2626 0.30 1.26 -0.0000 0.0042 0.1000 0.0875 0.4586 -0.0144 -0.481409 -0.776890 12.21 
3.6379 2 1 1 0x0 0.3079 1.2762 0.31 1.28 0.0006 0.0042 0.1000 0.0975 0.4588 -0.0145 -0.484114 -0.776597 12.22 
3.6479 2 1 1 0x0 0.3219 1.2848 0.32 1.28 0.0006 0.0078 0.1000 0.0329 0.4589 -0.0146 -0.481409 -0.776394 12.22 
3.6579 2 1 1 0x0 0.3404 1.3033 0.34 1.30 0.0006 0.0078 0.1000 0.0429 0.4589 -0.0146 -0.481409 -0.777089 12.21 
3.6679 2 1 1 0x0 0.3547 1.3121 0.35 1.31 0.0006 0.0223 0.1000 0.0177 0.4591 -0.0147 -0.478705 -0.777256 12.21 
3.6779 2 1 1 0x0 0.3688 1.3208 0.37 1.32 0.0006 0.0225 0.1000 0.0096 0.4593 -0.0148 -0.476000 -0.776747 12.21 
3.6879 2 1 1 0x0 0.3877 1.3397 0.39 1.34 0.0006 0.0225 0.1000 0.0196 0.4593 -0.0148 -0.476000 -0.776295 12.23 
3.6979 2 1 1 0x0 0.3930 1.3450 0.39 1.35 0.0070 0.0329 0.0382 0.0144 0.4597 -0.0149 -0.476000 -0.776121 12.21 
3.7079 2 1 1 0x0 0.4081 1.3547 0.41 1.35 0.0070 0.0281 0.0482 0.0110 0.4598 -0.0150 -0.473296 -0.776048 12.21 
3.7179 2 1 1 0x0 0.4234 1.3646 0.42 1.36 0.0070 0.0414 0.0582 0.0089 0.4600 -0.0151 -0.470591 -0.776348 12.21 
3.7279 2 1 1 0x0 0.4294 1.3706 0.43 1.37 0.0137 0.0372 0.0243 0.0086 0.4604 -0.0153 -0.470591 -0.776268 12.21 
3.7379 2 1 1 0x0 0.4454 1.3812 0.45 1.38 0.0137 0.0465 0.0343 0.0087 0.4606 -0.0154 -0.467887 -0.775972 12.21 
3.7479 2 1 1 0x0 0.4613 1.3917 0.46 1.39 0.0137 0.0387 0.0443 0.0091 0.4607 -0.0155 -0.465182 -0.775764 12.21 
3.7579 2 1 1 0x0 0.4680 1.3984 0.47 1.40 0.0134 0.0518 0.0243 0.0100 0.4611 -0.0157 -0.465182 -0.775867 12.21 
3.7679 2 1 1 0x0 0.4749 1.4053 0.47 1.41 0.0297 0.0460 0.0124 0.0117 0.4615 -0.0159 -0.465182 -0.776456 12.21 
3.7779 2 1 1 0x0 0.4776 1.4026 0.48 1.40 0.0280 0.0442 0.0083 0.0052 0.4620 -0.0161 -0.462478 -0.776401 12.21 
3.7879 2 1 1 0x0 0.4854 1.4103 0.49 1.41 0.0380 0.0664 0.0057 0.0076 0.4624 -0.0163 -0.462478 -0.776642 12.22 
3.7979 2 1 1 0x0 0.4990 1.4132 0.50 1.41 0.0380 0.0739 0.0157 0.0051 0.4627 -0.0165 -0.457068 -0.777255 12.21 
3.8079 2 1 1 0x0 0.5031 1.4118 0.50 1.41 0.0355 0.0801 0.0147 0.0032 0.4633 -0.0168 -0.454364 -0.777263 12.21 
3.8179 2 1 1 0x0 0.5123 1.4210 0.51 1.42 0.0408 0.0643 0.0140 0.0075 0.4636 -0.0169 -0.454364 -0.776774 12.21 
3.8279 2 1 1 0x0 0.5173 1.4206 0.52 1.42 0.0375 0.0802 0.0136 0.0065 0.4642 -0.0172 -0.451659 -0.776001 12.22 
3.8379 2 1 1 0x0 0.5083 1.4063 0.51 1.41 0.0480 0.0965 0.0051 0.0025 0.4651 -0.0176 -0.448955 -0.776465 12.22 
3.8479 2 1 1 0x0 0.5146 1.4071 0.51 1.41 0.0562 0.1007 0.0072 0.0036 0.4657 -0.0179 -0.446250 -0.776804 12.21 
3.8579 2 1 1 0x0 0.5209 1.4080 0.52 1.41 0.0468 0.0949 0.0093 0.0038 0.4662 -0.0182 -0.443546 -0.776571 12.21 
3.8679 2 1 1 0x0 0.5177 1.4048 0.52 1.40 0.0476 0.0983 0.0043 0.0048 0.4669 -0.0185 -0.443546 -0.776009 12.21 
3.8779 2 1 1 0x0 0.5205 1.3967 0.52 1.40 0.0669 0.0954 0.0070 0.0026 0.4677 -0.0189 -0.438137 -0.776038 12.21 
3.8879 2 1 1 0x0 0.5181 1.3944 0.52 1.39 0.0691 0.0961 0.0034 0.0046 0.4684 -0.0192 -0.438137 -0.775976 12.21 
3.8979 2 1 1 0x0 0.5216 1.3871 0.52 1.39 0.0620 0.1028 0.0071 0.0023 0.4691 -0.0196 -0.432727 -0.775077 12.21 
3.9079 2 1 1 0x0 0.5199 1.3853 0.52 1.39 0.0639 0.1156 0.0048 0.0044 0.4699 -0.0199 -0.432727 -0.774138 12.21 
3.9179 2 1 1 0x0 0.5281 1.3882 0.53 1.39 0.0799 0.0991 0.0091 0.0058 0.4704 -0.0201 -0.430023 -0.774207 12.22 
3.9279 2 1 1 0x0 0.5220 1.3767 0.52 1.38 0.0674 0.0734 0.0068 0.0035 0.4714 -0.0206 -0.427318 -0.774336 12.21 
3.9379 2 1 1 0x0 0.5202 1.3748 0.52 1.37 0.0686 0.0951 0.0037 0.0045 0.4721 -0.0209 -0.427318 -0.773397 12.20 
3.9479 2 1 1 0x0 0.5280 1.3773 0.53 1.38 0.0472 0.0723 0.0064 0.0056 0.4726 -0.0212 -0.424614 -0.772848 12.21 
3.9579 2 1 1 0x0 0.5355 1.3793 0.54 1.38 0.0652 0.0858 0.0090 0.0065 0.4732 -0.0214 -0.421909 -0.771876 12.22 
3.9679 2 1 1 0x0 0.5281 1.3665 0.53 1.37 0.0623 0.0953 0.0043 0.0026 0.4741 -0.0218 -0.419205 -0.771565 12.22 
3.9779 2 1 1 0x0 0.5348 1.3678 0.53 1.37 0.0460 0.0859 0.0067 0.0028 0.4747 -0.0221 -0.416500 -0.771076 12.22 
3.9879 2 1 1 0x0 0.5409 1.3685 0.54 1.37 0.0547 0.1030 0.0086 0.0028 0.4752 -0.0223 -0.413795 -0.770414 12.21 
3.9979 2 1 1 0x0 0.5368 1.3644 0.54 1.36 0.0641 0.0879 0.0042 0.0025 0.4760 -0.0226 -0.413795 -0.771229 12.22 
4.0079 2 1 1 0x0 0.5466 1.3742 0.55 1.37 0.0409 0.0727 0.0061 0.0074 0.4764 -0.0228 -0.413795 -0.770863 12.22 
4.0179 2 1 1 0x0 0.5514 1.3736 0.55 1.37 0.0564 0.0648 0.0075 0.0059 0.4769 -0.0230 -0.411091 -0.769971 12.22 
4.0279 2 1 1 0x0 0.5556 1.3724 0.56 1.37 0.0422 0.0742 0.0091 0.0053 0.4775 -0.0233 -0.408386 -0.769679 12.22 
4.0379 2 1 1 0x0 0.5595 1.3709 0.56 1.37 0.0493 0.0759 0.0102 0.0052 0.4780 -0.0235 -0.405682 -0.769856 12.22 
4.0479 2 1 1 0x0 0.5629 1.3688 0.56 1.37 0.0377 0.0694 0.0107 0.0050 0.4786 -0.0238 -0.402977 -0.769571 12.22 
4.0579 2 1 1 0x0 0.5660 1.3666 0.57 1.37 0.0513 0.0795 0.0114 0.0047 0.4791 -0.0240 -0.400273 -0.769264 12.22 
4.0679 2 1 1 0x0 0.5590 1.3595 0.56 1.36 0.0551 0.0817 0.0042 0.0057 0.4799 -0.0243 -0.400273 -0.770426 12.20 
4.0779 2 1 1 0x0 0.5574 1.3471 0.56 1.35 0.0442 0.1054 0.0059 0.0026 0.4806 -0.0246 -0.394864 -0.770818 12.21 
4.0879 2 1 1 0x0 0.5602 1.3445 0.56 1.34 0.0513 0.0994 0.0074 0.0038 0.4812 -0.0249 -0.392159 -0.770458 12.21 
4.0979 2 1 1 0x0 0.5628 1.3417 0.56 1.34 0.0430 0.0953 0.0087 0.0050 0.4818 -0.0251 -0.389454 -0.769264 12.21 
4.1079 2 1 1 0x0 0.5651 1.3386 0.57 1.34 0.0507 0.0983 0.0100 0.0054 0.4823 -0.0253 -0.386750 -0.767803 12.22 
4.1179 2 1 1 0x0 0.5572 1.3307 0.56 1.33 0.0636 0.1033 0.0036 0.0064 0.4831 -0.0256 -0.386750 -0.767550 12.22 
4.1279 2 1 1 0x0 0.5592 1.3273 0.56 1.33 0.0475 0.0865 0.0061 0.0070 0.4836 -0.0259 -0.384045 -0.768154 12.21 
4.1379 2 1 1 0x0 0.5610 1.3237 0.56 1.32 0.0582 0.0900 0.0084 0.0074 0.4842 -0.0261 -0.381341 -0.767974 12.22 
4.1479 2 1 1 0x0 0.5622 1.3195 0.56 1.32 0.0463 0.0837 0.0105 0.0060 0.4848 -0.0263 -0.378636 -0.767064 12.21 
4.1579 2 1 1 0x0 0.5631 1.3150 0.56 1.31 0.0522 0.0810 0.0122 0.0057 0.4853 -0.0265 -0.375932 -0.766420 12.21 
4.1679 2 1 1 0x0 0.5535 1.3054 0.55 1.31 0.0503 0.0848 0.0053 0.0043 0.4861 -0.0268 -0.375932 -0.766343 12.22 
4.1779 2 1 1 0x0 0.5536 1.3001 0.55 1.30 0.0470 0.0799 0.0070 0.0037 0.4867 -0.0271 -0.373227 -0.766623 12.21 
4.1879 2 1 1 0x0 0.5579 1.3043 0.56 1.30 0.0539 0.0606 0.0089 0.0079 0.4870 -0.0272 -0.373227 -0.766783 12.22 
4.1979 2 1 1 0x0 0.5569 1.2980 0.56 1.30 0.0404 0.0584 0.0101 0.0051 0.4876 -0.0274 -0.370522 -0.765813 12.23 
4.2079 2 1 1 0x0 0.5601 1.3011 0.56 1.30 0.0484 0.0689 0.0109 0.0087 0.4880 -0.0276 -0.370522 -0.765086 12.22 
4.2179 2 1 1 0x0 0.5582 1.2938 0.56 1.29 0.0369 0.0765 0.0112 0.0063 0.4886 -0.0278 -0.367818 -0.764986 12.22 
4.2279 2 1 1 0x0 0.5560 1.2862 0.56 1.29 0.0433 0.0720 0.0110 0.0045 0.4891 -0.0280 -0.365113 -0.764354 12.22 
4.2379 2 1 1 0x0 0.5576 1.2878 0.56 1.29 0.0317 0.0523 0.0099 0.0078 0.4895 -0.0282 -0.365113 -0.763400 12.22 
4.2479 2 1 1 0x0 0.5588 1.2890 0.56 1.29 0.0410 0.0635 0.0086 0.0107 0.4899 -0.0283 -0.365113 -0.762521 12.22 
4.2579 2 1 1 0x0 0.5549 1.2798 0.55 1.28 0.0406 0.0570 0.0086 0.0054 0.4904 -0.0285 -0.362409 -0.762237 12.21 
4.2679 2 1 1 0x0 0.5553 1.2801 0.56 1.28 0.0464 0.0442 0.0093 0.0073 0.4908 -0.0287 -0.362409 -0.762678 12.22 
4.2779 2 1 1 0x0 0.5551 1.2799 0.56 1.28 0.0359 0.0513 0.0093 0.0087 0.4912 -0.0288 -0.362409 -0.762625 12.22 
4.2879 2 1 1 0x0 0.5543 1.2791 0.55 1.28 0.0301 0.0457 0.0069 0.0103 0.4916 -0.0290 -0.362409 -0.762361 12.22 
4.2979 2 1 1 0x0 0.5631 1.2825 0.56 1.28 0.0301 0.0490 0.0169 0.0118 0.4918 -0.0290 -0.359704 -0.761465 12.22 
4.3079 2 1 1 0x0 0.5565 1.2705 0.56 1.27 0.0212 0.0535 0.0105 0.0047 0.4923 -0.0292 -0.357000 -0.761102 12.21 
4.3179 2 1 1 0x0 0.5643 1.2729 0.56 1.27 0.0212 0.0495 0.0205 0.0068 0.4925 -0.0293 -0.354295 -0.761626 12.21 
4.3279 2 1 1 0x0 0.5620 1.2706 0.56 1.27 0.0301 0.0626 0.0142 0.0095 0.4929 -0.0294 -0.354295 -0.762335 12.21 
4.3379 2 1 1 0x0 0.5549 1.2581 0.55 1.26 0.0282 0.0584 0.0103 0.0052 0.4935 -0.0297 -0.351591 -0.762897 12.22 
4.3479 2 1 1 0x0 0.5525 1.2556 0.55 1.26 0.0441 0.0572 0.0085 0.0082 0.4939 -0.0298 -0.351591 -0.762988 12.21 
4.3579 2 1 1 0x0 0.5455 1.2433 0.55 1.24 0.0366 0.0611 0.0084 0.0055 0.4944 -0.0300 -0.348886 -0.763213 12.21 
4.3679 2 1 1 0x0 0.5388 1.2312 0.54 1.23 0.0521 0.0712 0.0089 0.0036 0.4950 -0.0302 -0.346181 -0.763046 12.22 
4.3779 2 1 1 0x0 0.5368 1.2292 0.54 1.23 0.0415 0.0821 0.0101 0.0082 0.4954 -0.0304 -0.346181 -0.762893 12.22 
4.3879 2 1 1 0x0 0.5304 1.2173 0.53 1.22 0.0520 0.0769 0.0114 0.0063 0.4960 -0.0306 -0.343477 -0.761831 12.22 
4.3979 2 1 1 0x0 0.5239 1.2054 0.52 1.21 0.0386 0.0812 0.0122 0.0051 0.4965 -0.0308 -0.340772 -0.760956 12.22 
4.4079 2 1 1 0x0 0.5174 1.1935 0.52 1.19 0.0477 0.0694 0.0127 0.0032 0.4971 -0.0310 -0.338068 -0.760736 12.22 
4.4179 2 1 1 0x0 0.5056 1.1871 0.51 1.19 0.0538 0.0673 0.0060 0.0073 0.4977 -0.0312 -0.340772 -0.760344 12.22 
4.4279 2 1 1 0x0 0.4988 1.1750 0.50 1.17 0.0372 0.0523 0.0067 0.0046 0.4983 -0.0314 -0.338068 -0.760297 12.22 
4.4379 2 1 1 0x0 0.4964 1.1725 0.50 1.17 0.0438 0.0633 0.0067 0.0075 0.4986 -0.0315 -0.338068 -0.759625 12.22 
4.4479 2 1 1 0x0 0.4890 1.1597 0.49 1.16 0.0338 0.0676 0.0060 0.0044 0.4992 -0.0317 -0.335363 -0.758986 12.22 
4.4579 2 1 1 0x0 0.4957 1.1610 0.50 1.16 0.0338 0.0499 0.0160 0.0074 0.4994 -0.0318 -0.332659 -0.758300 12.22 
4.4679 2 1 1 0x0 0.4876 1.1475 0.49 1.15 0.0361 0.0539 0.0144 0.0038 0.5000 -0.0320 -0.329954 -0.758143 12.23 
4.4779 2 1 1 0x0 0.4837 1.1436 0.48 1.14 0.0281 0.0635 0.0115 0.0069 0.5004 -0.0321 -0.329954 -0.757627 12.22 
4.4879 2 1 1 0x0 0.4791 1.1391 0.48 1.14 0.0347 0.0461 0.0085 0.0093 0.5008 -0.0322 -0.329954 -0.756718 12.21 
4.4979 2 1 1 0x0 0.4743 1.1342 0.47 1.13 0.0328 0.0564 0.0064 0.0113 0.5011 -0.0324 -0.329954 -0.756184 12.22 
4.5079 2 1 1 0x0 0.4746 1.1237 0.47 1.12 0.0328 0.0511 0.0164 0.0051 0.5015 -0.0325 -0.324545 -0.756058 12.22 
4.5179 2 1 1 0x0 0.4692 1.1183 0.47 1.12 0.0393 0.0418 0.0151 0.0062 0.5019 -0.0326 -0.324545 -0.755620 12.22 
4.5279 2 1 1 0x0 0.4633 1.1124 0.46 1.11 0.0266 0.0505 0.0123 0.0074 0.5023 -0.0328 -0.324545 -0.755479 12.22 
4.5379 2 1 1 0x0 0.4568 1.1059 0.46 1.11 0.0296 0.0406 0.0078 0.0083 0.5027 -0.0329 -0.324545 -0.755000 12.22 
4.5479 2 1 1 0x0 0.4601 1.1038 0.46 1.10 0.0296 0.0447 0.0178 0.0088 0.5029 -0.0329 -0.321840 -0.754278 12.23 
4.5579 2 1 1 0x0 0.4527 1.0964 0.45 1.10 0.0216 0.0338 0.0116 0.0083 0.5033 -0.0331 -0.321840 -0.753569 12.22 
4.5679 2 1 1 0x0 0.4549 1.0931 0.45 1.09 0.0216 0.0387 0.0216 0.0070 0.5034 -0.0331 -0.319136 -0.753004 12.22 
4.5779 2 1 1 0x0 0.4510 1.0946 0.45 1.09 0.0197 0.0387 0.0119 0.0170 0.5036 -0.0332 -0.321840 -0.752500 12.23 
4.5879 2 1 1 0x0 0.4521 1.0904 0.45 1.09 0.0197 0.0251 0.0219 0.0137 0.5038 -0.0333 -0.319136 -0.751537 12.21 
4.5978 2 1 1 0x0 0.4570 1.0952 0.46 1.10 0.0197 0.0251 0.0319 0.0237 0.5038 -0.0333 -0.319136 -0.750485 12.22 
4.6078 2 1 1 0x0 0.4566 1.0895 0.46 1.09 0.0128 0.0210 0.0419 0.0159 0.5040 -0.0333 -0.316431 -0.750332 12.22 
4.6178 2 1 1 0x0 0.4504 1.0886 0.45 1.09 0.0106 0.0210 0.0224 0.0259 0.5042 -0.0334 -0.319136 -0.750553 12.21 
4.6278 2 1 1 0x0 0.4536 1.0919 0.45 1.09 0.0106 0.0154 0.0324 0.0359 0.5042 -0.0334 -0.319136 -0.750514 12.22 
4.6378 2 1 1 0x0 0.4462 1.0899 0.45 1.09 0.0188 0.0112 0.0125 0.0459 0.5044 -0.0335 -0.321840 -0.750350 12.22 
4.6478 2 1 1 0x0 0.4443 1.0826 0.44 1.08 0.0188 0.0096 0.0225 0.0251 0.5046 -0.0335 -0.319136 -0.750371 12.21 
4.6578 2 1 1 0x0 0.4467 1.0850 0.45 1.08 0.0188 0.0096 0.0325 0.0351 0.5046 -0.0335 -0.319136 -0.750309 12.22 
4.6678 2 1 1 0x0 0.4484 1.0867 0.45 1.09 0.0128 0.0096 0.0425 0.0451 0.5046 -0.0335 -0.319136 -0.749908 12.22 
4.6778 2 1 1 0x0 0.4495 1.0878 0.45 1.09 0.0097 0.0096 0.0525 0.0551 0.5046 -0.0335 -0.319136 -0.749332 12.22 
4.6878 2 1 1 0x0 0.4502 1.0885 0.45 1.09 0.0078 0.0096 0.0625 0.0651 0.5046 -0.0335 -0.319136 -0.748983 12.22 
4.6978 2 1 1 0x0 0.4466 1.0795 0.45 1.08 0.0066 0.0090 0.0725 0.0315 0.5048 -0.0336 -0.316431 -0.748923 12.22 
4.7078 2 1 1 0x0 0.4472 1.0800 0.45 1.08 0.0057 0.0090 0.0825 0.0415 0.5048 -0.0336 -0.316431 -0.748786 12.23 
4.7178 2 1 1 0x0 0.4473 1.0802 0.45 1.08 0.0050 0.0090 0.0925 0.0515 0.5048 -0.0336 -0.316431 -0.748575 12.22 
4.7278 2 1 1 0x0 0.4472 1.0801 0.45 1.08 0.0044 0.0090 0.1000 0.0615 0.5048 -0.0336 -0.316431 -0.748441 12.22 
4.7378 2 1 1 0x0 0.4468 1.0797 0.45 1.08 0.0040 0.0083 0.1000 0.0715 0.5048 -0.0336 -0.316431 -0.748487 12.22 
4.7478 2 1 1 0x0 0.4462 1.0791 0.45 1.08 0.0036 0.0069 0.1000 0.0815 0.5048 -0.0336 -0.316431 -0.748530 12.22 
4.7578 2 1 1 0x0 0.4455 1.0784 0.45 1.08 0.0033 0.0059 0.1000 0.0915 0.5048 -0.0336 -0.316431 -0.748502 12.23 
4.7678 2 1 1 0x0 0.4446 1.0775 0.44 1.08 0.0031 0.0051 0.1000 0.1000 0.5048 -0.0336 -0.316431 -0.748354 12.22 
4.7778 2 1 1 0x0 0.4436 1.0765 0.44 1.08 0.0029 0.0046 0.1000 0.1000 0.5048 -0.0336 -0.316431 -0.748170 12.22 
4.7878 2 1 1 0x0 0.4425 1.0754 0.44 1.08 0.0027 0.0041 0.1000 0.1000 0.5048 -0.0336 -0.316431 -0.748080 12.22 
4.7978 2 1 1 0x0 0.4414 1.0742 0.44 1.07 0.0025 0.0037 0.1000 0.1000 0.5048 -0.0336 -0.316431 -0.748113 12.22 
4.8078 2 1 1 0x0 0.4402 1.0730 0.44 1.07 0.0024 0.0034 0.1000 0.1000 0.5048 -0.0336 -0.316431 -0.748127 12.22 
4.8178 2 1 1 0x0 0.4389 1.0717 0.44 1.07 0.0022 0.0031 0.1000 0.1000 0.5048 -0.0336 -0.316431 -0.748071 12.22 
4.8278 2 1 1 0x0 0.4376 1.0704 0.44 1.07 0.0021 0.0029 0.1000 0.1000 0.5048 -0.0336 -0.316431 -0.747944 12.22 
4.8378 2 1 1 0x0 0.4362 1.0691 0.44 1.07 0.0000 0.0027 0.1000 0.1000 0.5048 -0.0336 -0.316431 -0.747816 12.22 
4.8478 2 1 1 0x0 0.4348 1.0677 0.43 1.07 0.0000 0.0026 0.1000 0.1000 0.5048 -0.0336 -0.316431 -0.747732 12.22 
4.8578 2 1 1 0x0 0.4334 1.0663 0.43 1.07 0.0000 0.0024 0.1000 0.1000 0.5048 -0.0336 -0.316431 -0.747716 12.22 
4.8678 2 1 1 0x0 0.4320 1.0649 0.43 1.06 0.0000 0.0023 0.1000 0.1000 0.5048 -0.0336 -0.316431 -0.747711 12.21 
4.8778 2 1 1 0x0 0.4306 1.0634 0.43 1.06 0.0000 0.0021 0.1000 0.1000 0.5048 -0.0336 -0.316431 -0.747639 12.22 
4.8878 2 1 1 0x0 0.4291 1.0620 0.43 1.06 0.0000 0.0020 0.1000 0.1000 0.5048 -0.0336 -0.316431 -0.747516 12.22 
4.8978 2 1 1 0x0 0.4276 1.0605 0.43 1.06 0.0000 0.0000 0.1000 0.1000 0.5048 -0.0336 -0.316431 -0.747387 12.22 
4.9078 2 1 1 0x0 0.4262 1.0590 0.43 1.06 0.0000 0.0000 0.1000 0.1000 0.5048 -0.0336 -0.316431 -0.747320 12.22 
4.9178 2 1 1 0x0 0.4247 1.0576 0.42 1.06 0.0000 0.0000 0.1000 0.1000 0.5048 -0.0336 -0.316431 -0.747323 12.22 
4.9278 2 1 1 0x0 0.4232 1.0561 0.42 1.06 0.0000 0.0000 0.1000 0.1000 0.5048 -0.0336 -0.316431 -0.747302 12.22 
4.9378 2 1 1 0x0 0.4217 1.0546 0.42 1.05 0.0000 0.0000 0.1000 0.1000 0.5048 -0.0336 -0.316431 -0.747233 12.22 
4.9478 2 1 1 0x0 0.4202 1.0531 0.42 1.05 0.0000 0.0000 0.1000 0.1000 0.5048 -0.0336 -0.316431 -0.747115 12.22 
4.9578 2 1 1 0x0 0.4187 1.0516 0.42 1.05 0.0000 0.0000 0.1000 0.1000 0.5048 -0.0336 -0.316431 -0.747041 12.23 
4.9678 2 1 1 0x0 0.4173 1.0501 0.42 1.05 0.0000 0.0000 0.1000 0.1000 0.5048 -0.0336 -0.316431 -0.746996 12.23 
4.9778 2 1 1 0x0 0.4157 1.0486 0.42 1.05 0.0000 0.0000 0.1000 0.1000 0.5048 -0.0336 -0.316431 -0.746971 12.22 
4.9878 2 1 1 0x0 0.4142 1.0471 0.41 1.05 0.0000 0.0000 0.1000 0.1000 0.5048 -0.0336 -0.316431 -0.746951 12.22 
4.9978 2 1 1 0x0 0.4127 1.0456 0.41 1.05 0.0000 0.0000 0.1000 0.1000 0.5048 -0.0336 -0.316431 -0.746871 12.22 
5.0078 2 1 1 0x0 0.4112 1.0441 0.41 1.04 0.0000 0.0000 0.1000 0.1000 0.5048 -0.0336 -0.316431 -0.746792 12.22 
5.0178 2 1 1 0x0 0.4097 1.0425 0.41 1.04 0.0000 0.0000 0.1000 0.1000 0.5048 -0.0336 -0.316431 -0.746715 12.22 
5.0278 2 1 1 0x0 0.4082 1.0410 0.41 1.04 0.0000 0.0000 0.1000 0.1000 0.5048 -0.0336 -0.316431 -0.746677 12.22 
5.0378 2 1 1 0x0 0.4067 1.0395 0.41 1.04 0.0000 0.0000 0.1000 0.1000 0.5048 -0.0336 -0.316431 -0.746626 12.23 
5.0478 2 1 1 0x0 0.4051 1.0380 0.41 1.04 0.0000 0.0000 0.1000 0.1000 0.5048 -0.0336 -0.316431 -0.746564 12.22 
5.0578 2 1 1 0x0 0.4036 1.0365 0.40 1.04 0.0000 0.0000 0.1000 0.1000 0.5048 -0.0336 -0.316431 -0.746504 12.22 
5.0678 2 1 1 0x0 0.4021 1.0350 0.40 1.03 0.0000 0.0000 0.1000 0.1000 0.5048 -0.0336 -0.316431 -0.746456 12.22 
5.0778 2 1 1 0x0 0.4006 1.0335 0.40 1.03 0.0000 0.0000 0.1000 0.1000 0.5048 -0.0336 -0.316431 -0.746438 12.22 
5.0878 2 1 1 0x0 0.3991 1.0319 0.40 1.03 0.0000 0.0000 0.1000 0.1000 0.5048 -0.0336 -0.316431 -0.746427 12.22 
5.0978 2 1 1 0x0 0.3976 1.0304 0.40 1.03 0.0000 0.0000 0.1000 0.1000 0.5048 -0.0336 -0.316431 -0.746415 12.22 
5.1078 2 1 1 0x0 0.3961 1.0289 0.40 1.03 0.0000 0.0000 0.1000 0.1000 0.5048 -0.0336 -0.316431 -0.746363 12.21 
5.1178 2 1 1 0x0 0.3945 1.0274 0.39 1.03 0.0000 0.0000 0.1000 0.1000 0.5048 -0.0336 -0.316431 -0.746295 12.22 
5.1278 2 1 1 0x0 0.3930 1.0259 0.39 1.03 0.0000 0.0000 0.1000 0.1000 0.5048 -0.0336 -0.316431 -0.746225 12.22 
5.1378 2 1 1 0x0 0.3915 1.0244 0.39 1.02 0.0000 0.0000 0.1000 0.1000 0.5048 -0.0336 -0.316431 -0.746190 12.21 
5.1478 2 1 1 0x0 0.3900 1.0229 0.39 1.02 0.0000 0.0000 0.1000 0.1000 0.5048 -0.0336 -0.316431 -0.746173 12.22 
5.1578 2 1 1 0x0 0.3885 1.0213 0.39 1.02 0.0000 0.0000 0.1000 0.1000 0.5048 -0.0336 -0.316431 -0.746179 12.22 
5.1678 2 1 1 0x0 0.3870 1.0198 0.39 1.02 0.0000 0.0000 0.1000 0.1000 0.5048 -0.0336 -0.316431 -0.746117 12.22 
5.1778 2 1 1 0x0 0.3855 1.0183 0.39 1.02 0.0000 0.0000 0.1000 0.1000 0.5048 -0.0336 -0.316431 -0.746041 12.21 
5.1878 2 1 1 0x0 0.3839 1.0168 0.38 1.02 0.0000 0.0000 0.1000 0.1000 0.5048 -0.0336 -0.316431 -0.746007 12.22 
5.1978 2 1 1 0x0 0.3824 1.0153 0.38 1.02 0.0000 0.0000 0.1000 0.1000 0.5048 -0.0336 -0.316431 -0.745978 12.22 
5.2078 2 1 1 0x0 0.3809 1.0138 0.38 1.01 0.0000 0.0000 0.1000 0.1000 0.5048 -0.0336 -0.316431 -0.745968 12.22 
5.2178 2 1 1 0x0 0.3794 1.0123 0.38 1.01 0.0000 0.0000 0.1000 0.1000 0.5048 -0.0336 -0.316431 -0.745933 12.23 
5.2278 2 1 1 0x0 0.3779 1.0108 0.38 1.01 0.0000 0.0000 0.1000 0.1000 0.5048 -0.0336 -0.316431 -0.745871 12.22 
5.2378 2 1 1 0x0 0.3764 1.0092 0.38 1.01 0.0000 0.0000 0.1000 0.1000 0.5048 -0.0336 -0.316431 -0.745822 12.23 
5.2478 2 1 1 0x0 0.3749 1.0077 0.37 1.01 0.0000 0.0000 0.1000 0.1000 0.5048 -0.0336 -0.316431 -0.745774 12.22 
5.2578 2 1 1 0x0 0.3733 1.0062 0.37 1.01 0.0000 0.0000 0.1000 0.1000 0.5048 -0.0336 -0.316431 -0.745767 12.22 
5.2678 2 1 1 0x0 0.3718 1.0047 0.37 1.00 0.0000 0.0000 0.1000 0.1000 0.5048 -0.0336 -0.316431 -0.745728 12.22 
5.2778 2 1 1 0x0 0.3703 1.0032 0.37 1.00 0.0000 0.0000 0.1000 0.1000 0.5048 -0.0336 -0.316431 -0.745681 12.22 
5.2878 2 1 1 0x0 0.3688 1.0017 0.37 1.00 0.0000 0.0000 0.1000 0.1000 0.5048 -0.0336 -0.316431 -0.745598 12.21 
5.2978 2 1 1 0x0 0.3673 1.0002 0.37 1.00 0.0000 0.0000 0.1000 0.1000 0.5048 -0.0336 -0.316431 -0.745520 12.23 
5.3078 2 1 1 0x0 0.3658 0.9986 0.37 1.00 0.0000 0.0000 0.1000 0.1000 0.5048 -0.0336 -0.316431 -0.745476 12.22 
5.3178 2 1 1 0x0 0.3643 0.9971 0.36 1.00 0.0000 0.0000 0.1000 0.1000 0.5048 -0.0336 -0.316431 -0.745463 12.23 
5.3278 2 1 1 0x0 0.3627 0.9956 0.36 1.00 0.0000 0.0000 0.1000 0.1000 0.5048 -0.0336 -0.316431 -0.745460 12.22 
5.3378 2 1 1 0x0 0.3612 0.9941 0.36 0.99 0.0000 0.0000 0.1000 0.1000 0.5048 -0.0336 -0.316431 -0.745414 12.21 
5.3478 2 1 1 0x0 0.3597 0.9926 0.36 0.99 0.0000 0.0000 0.1000 0.1000 0.5048 -0.0336 -0.316431 -0.745350 12.22 
5.3578 2 1 1 0x0 0.3582 0.9911 0.36 0.99 0.0000 0.0000 0.1000 0.1000 0.5048 -0.0336 -0.316431 -0.745300 12.22 
5.3678 2 1 1 0x0 0.3567 0.9896 0.36 0.99 0.0000 0.0000 0.1000 0.1000 0.5048 -0.0336 -0.316431 -0.745301 12.22 
5.3778 2 1 1 0x0 0.3552 0.9880 0.36 0.99 0.0000 0.0000 0.1000 0.1000 0.5048 -0.0336 -0.316431 -0.745271 12.22 
5.3878 2 1 1 0x0 0.3537 0.9865 0.35 0.99 0.0000 0.0000 0.1000 0.1000 0.5048 -0.0336 -0.316431 -0.745251 12.22 
5.3978 2 1 1 0x0 0.3522 0.9850 0.35 0.99 0.0000 0.0000 0.1000 0.1000 0.5048 -0.0336 -0.316431 -0.745217 12.22 
5.4078 2 1 1 0x0 0.3506 0.9835 0.35 0.98 0.0000 0.0000 0.1000 0.1000 0.5048 -0.0336 -0.316431 -0.745178 12.22 
5.4178 2 1 1 0x0 0.3491 0.9820 0.35 0.98 0.0000 0.0000 0.1000 0.1000 0.5048 -0.0336 -0.316431 -0.745119 12.22 
5.4278 2 1 1 0x0 0.3476 0.9805 0.35 0.98 0.0000 0.0000 0.1000 0.1000 0.5048 -0.0336 -0.316431 -0.745103 12.22 
5.4378 2 1 1 0x0 0.3461 0.9790 0.35 0.98 0.0000 0.0000 0.1000 0.1000 0.5048 -0.0336 -0.316431 -0.745079 12.22 
5.4478 2 1 1 0x0 0.3446 0.9774 0.34 0.98 0.0000 0.0000 0.1000 0.1000 0.5048 -0.0336 -0.316431 -0.745037 12.22 
5.4578 2 1 1 0x0 0.3431 0.9759 0.34 0.98 0.0000 0.0000 0.1000 0.1000 0.5048 -0.0336 -0.316431 -0.745002 12.22 
5.4678 2 1 1 0x0 0.3416 0.9744 0.34 0.97 0.0000 0.0000 0.1000 0.1000 0.5048 -0.0336 -0.316431 -0.744990 12.22 
5.4778 2 1 1 0x0 0.3400 0.9729 0.34 0.97 0.0000 0.0000 0.1000 0.1000 0.5048 -0.0336 -0.316431 -0.744994 12.22 
5.4878 2 1 1 0x0 0.3385 0.9714 0.34 0.97 0.0000 0.0000 0.1000 0.1000 0.5048 -0.0336 -0.316431 -0.744954 12.22 
5.4978 2 1 1 0x0 0.3370 0.9699 0.34 0.97 0.0000 0.0000 0.1000 0.1000 0.5048 -0.0336 -0.316431 -0.744933 12.22 
5.5078 2 1 1 0x0 0.3355 0.9684 0.34 0.97 0.0000 0.0000 0.1000 0.1000 0.5048 -0.0336 -0.316431 -0.744919 12.22 
5.5178 2 1 1 0x0 0.3340 0.9668 0.33 0.97 0.0000 0.0000 0.1000 0.1000 0.5048 -0.0336 -0.316431 -0.744873 12.22 
5.5278 2 1 1 0x0 0.3325 0.9653 0.33 0.97 0.0000 0.0000 0.1000 0.1000 0.5048 -0.0336 -0.316431 -0.744832 12.22 
5.5378 2 1 1 0x0 0.3310 0.9638 0.33 0.96 0.0000 0.0000 0.1000 0.1000 0.5048 -0.0336 -0.316431 -0.744783 12.22 
5.5478 2 1 1 0x0 0.3294 0.9623 0.33 0.96 0.0000 0.0000 0.1000 0.1000 0.5048 -0.0336 -0.316431 -0.744776 12.22 
5.5578 2 1 1 0x0 0.3279 0.9608 0.33 0.96 0.0000 0.0000 0.1000 0.1000 0.5048 -0.0336 -0.316431 -0.744737 12.22 
5.5678 2 1 1 0x0 0.3264 0.9593 0.33 0.96 0.0000 0.0000 0.1000 0.1000 0.5048 -0.0336 -0.316431 -0.744722 12.22 
5.5778 2 1 1 0x0 0.3249 0.9578 0.32 0.96 0.0000 0.0000 0.1000 0.1000 0.5048 -0.0336 -0.316431 -0.744687 12.22 
5.5878 2 1 1 0x0 0.3234 0.9562 0.32 0.96 0.0000 0.0000 0.1000 0.1000 0.5048 -0.0336 -0.316431 -0.744649 12.23 
5.5978 2 1 1 0x0 0.3219 0.9547 0.32 0.95 0.0000 0.0000 0.1000 0.1000 0.5048 -0.0336 -0.316431 -0.744615 12.21 
5.6078 2 1 1 0x0 0.3204 0.9532 0.32 0.95 0.0000 0.0000 0.1000 0.1000 0.5048 -0.0336 -0.316431 -0.744584 12.22 
5.6178 2 1 1 0x0 0.3188 0.9517 0.32 0.95 0.0000 0.0000 0.1000 0.1000 0.5048 -0.0336 -0.316431 -0.744574 12.22 
5.6278 2 1 1 0x0 0.3173 0.9502 0.32 0.95 0.0000 0.0000 0.1000 0.1000 0.5048 -0.0336 -0.316431 -0.744566 12.22 
5.6378 2 1 1 0x0 0.3158 0.9487 0.32 0.95 0.0000 0.0000 0.1000 0.1000 0.5048 -0.0336 -0.316431 -0.744537 12.22 
5.6478 2 1 1 0x0 0.3143 0.9472 0.31 0.95 0.0000 0.0000 0.1000 0.1000 0.5048 -0.0336 -0.316431 -0.744480 12.22 
5.6578 2 1 1 0x0 0.3128 0.9456 0.31 0.95 0.0000 0.0000 0.1000 0.1000 0.5048 -0.0336 -0.316431 -0.744462 12.23 
5.6678 2 1 1 0x0 0.3113 0.9441 0.31 0.94 0.0000 0.0000 0.1000 0.1000 0.5048 -0.0336 -0.316431 -0.744427 12.22 
5.6778 2 1 1 0x0 0.3098 0.9426 0.31 0.94 0.0000 0.0000 0.1000 0.1000 0.5048 -0.0336 -0.316431 -0.744368 12.22 
5.6878 2 1 1 0x0 0.3082 0.9411 0.31 0.94 0.0000 0.0000 0.1000 0.1000 0.5048 -0.0336 -0.316431 -0.744359 12.22 
5.6978 2 1 1 0x0 0.3067 0.9396 0.31 0.94 0.0000 0.0000 0.1000 0.1000 0.5048 -0.0336 -0.316431 -0.744323 12.22 
5.7078 2 1 1 0x0 0.3052 0.9381 0.31 0.94 0.0000 0.0000 0.1000 0.1000 0.5048 -0.0336 -0.316431 -0.744328 12.22 
5.7178 2 1 1 0x0 0.3037 0.9366 0.30 0.94 0.0000 0.0000 0.1000 0.1000 0.5048 -0.0336 -0.316431 -0.744307 12.22 
5.7278 2 1 1 0x0 0.3022 0.9351 0.30 0.94 0.0000 0.0000 0.1000 0.1000 0.5048 -0.0336 -0.316431 -0.744268 12.23 
5.7378 2 1 1 0x0 0.3007 0.9335 0.30 0.93 0.0000 0.0000 0.1000 0.1000 0.5048 -0.0336 -0.316431 -0.744253 12.22 
5.7478 2 1 1 0x0 0.2992 0.9320 0.30 0.93 0.0000 0.0000 0.1000 0.1000 0.5048 -0.0336 -0.316431 -0.744229 12.22 
5.7578 2 1 1 0x0 0.2976 0.9305 0.30 0.93 0.0000 0.0000 0.1000 0.1000 0.5048 -0.0336 -0.316431 -0.744222 12.22 
5.7678 2 1 1 0x0 0.2961 0.9290 0.30 0.93 0.0000 0.0000 0.1000 0.1000 0.5048 -0.0336 -0.316431 -0.744178 12.22 
5.7778 2 1 1 0x0 0.2946 0.9275 0.29 0.93 0.0000 0.0000 0.1000 0.1000 0.5048 -0.0336 -0.316431 -0.744150 12.22 
5.7878 2 1 1 0x0 0.2931 0.9260 0.29 0.93 0.0000 0.0000 0.1000 0.1000 0.5048 -0.0336 -0.316431 -0.744103 12.22 
5.7978 2 1 1 0x0 0.2916 0.9245 0.29 0.92 0.0000 0.0000 0.1000 0.1000 0.5048 -0.0336 -0.316431 -0.744085 12.22 
5.8078 2 1 1 0x0 0.2901 0.9229 0.29 0.92 0.0000 0.0000 0.1000 0.1000 0.5048 -0.0336 -0.316431 -0.744053 12.22 
5.8178 2 1 1 0x0 0.2886 0.9214 0.29 0.92 0.0000 0.0000 0.1000 0.1000 0.5048 -0.0336 -0.316431 -0.744036 12.22 
5.8278 2 1 1 0x0 0.2871 0.9199 0.29 0.92 0.0000 0.0000 0.1000 0.1000 0.5048 -0.0336 -0.316431 -0.744007 12.21 
5.8378 2 1 1 0x0 0.2855 0.9184 0.29 0.92 0.0000 0.0000 0.1000 0.1000 0.5048 -0.0336 -0.316431 -0.743960 12.23 
5.8478 2 1 1 0x0 0.2840 0.9169 0.28 0.92 0.0000 0.0000 0.1000 0.1000 0.5048 -0.0336 -0.316431 -0.743929 12.22 
5.8578 2 1 1 0x0 0.2825 0.9154 0.28 0.92 0.0000 0.0000 0.1000 0.1000 0.5048 -0.0336 -0.316431 -0.743919 12.22 
5.8678 2 1 1 0x0 0.2810 0.9139 0.28 0.91 0.0000 0.0000 0.1000 0.1000 0.5048 -0.0336 -0.316431 -0.743912 12.22 
5.8778 2 1 1 0x0 0.2795 0.9123 0.28 0.91 0.0000 0.0000 0.1000 0.1000 0.5048 -0.0336 -0.316431 -0.743906 12.23 
5.8878 2 1 1 0x0 0.2780 0.9108 0.28 0.91 0.0000 0.0000 0.1000 0.1000 0.5048 -0.0336 -0.316431 -0.743901 12.22 
5.8978 2 1 1 0x0 0.2765 0.9093 0.28 0.91 0.0000 0.0000 0.1000 0.1000 0.5048 -0.0336 -0.316431 -0.743859 12.22 
5.9078 2 1 1 0x0 0.2749 0.9078 0.27 0.91 0.0000 0.0000 0.1000 0.1000 0.5048 -0.0336 -0.316431 -0.743820 12.22 
5.9178 2 1 1 0x0 0.2734 0.9063 0.27 0.91 0.0000 0.0000 0.1000 0.1000 0.5048 -0.0336 -0.316431 -0.743790 12.22 
5.9278 2 1 1 0x0 0.2719 0.9048 0.27 0.90 0.0000 0.0000 0.1000 0.1000 0.5048 -0.0336 -0.316431 -0.743778 12.22 
5.9378 2 1 1 0x0 0.2704 0.9033 0.27 0.90 0.0000 0.0000 0.1000 0.1000 0.5048 -0.0336 -0.316431 -0.743751 12.22 
5.9478 2 1 1 0x0 0.2689 0.9017 0.27 0.90 0.0000 0.0000 0.1000 0.1000 0.5048 -0.0336 -0.316431 -0.743714 12.23 
5.9578 2 1 1 0x0 0.2674 0.9002 0.27 0.90 0.0000 0.0000 0.1000 0.1000 0.5048 -0.0336 -0.316431 -0.743684 12.23 
5.9678 2 1 1 0x0 0.2659 0.8987 0.27 0.90 0.0000 0.0000 0.1000 0.1000 0.5048 -0.0336 -0.316431 -0.743657 12.22 
5.9777 2 1 1 0x0 0.2643 0.8972 0.26 0.90 0.0000 0.0000 0.1000 0.1000 0.5048 -0.0336 -0.316431 -0.743624 12.22 
5.9877 2 1 1 0x0 0.2628 0.8957 0.26 0.90 0.0000 0.0000 0.1000 0.1000 0.5048 -0.0336 -0.316431 -0.743618 12.22 
5.9977 2 1 1 0x0 0.2613 0.8942 0.26 0.89 0.0000 0.0000 0.1000 0.1000 0.5048 -0.0336 -0.316431 -0.743578 12.22 
6.0077 2 1 1 0x0 0.2598 0.8927 0.26 0.89 0.0000 0.0000 0.1000 0.1000 0.5048 -0.0336 -0.316431 -0.743564 12.22 
6.0177 2 1 1 0x0 0.2583 0.8911 0.26 0.89 0.0000 0.0000 0.1000 0.1000 0.5048 -0.0336 -0.316431 -0.743555 12.22 
6.0277 2 1 1 0x0 0.2568 0.8896 0.26 0.89 0.0000 0.0000 0.1000 0.1000 0.5048 -0.0336 -0.316431 -0.743535 12.22 
6.0377 2 1 1 0x0 0.2553 0.8881 0.26 0.89 0.0000 0.0000 0.1000 0.1000 0.5048 -0.0336 -0.316431 -0.743519 12.21 
6.0477 2 1 1 0x0 0.2537 0.8866 0.25 0.89 0.0000 0.0000 0.1000 0.1000 0.5048 -0.0336 -0.316431 -0.743488 12.23 
6.0577 2 1 1 0x0 0.2522 0.8851 0.25 0.89 0.0000 0.0000 0.1000 0.1000 0.5048 -0.0336 -0.316431 -0.743450 12.22 
6.0677 2 1 1 0x0 0.2507 0.8836 0.25 0.88 0.0000 0.0000 0.1000 0.1000 0.5048 -0.0336 -0.316431 -0.743422 12.21 
6.0777 2 1 1 0x0 0.2492 0.8821 0.25 0.88 0.0000 0.0000 0.1000 0.1000 0.5048 -0.0336 -0.316431 -0.743406 12.23 
6.0877 2 1 1 0x0 0.2477 0.8805 0.25 0.88 0.0000 0.0000 0.1000 0.1000 0.5048 -0.0336 -0.316431 -0.743380 12.23 
6.0977 2 1 1 0x0 0.2462 0.8790 0.25 0.88 0.0000 0.0000 0.1000 0.1000 0.5048 -0.0336 -0.316431 -0.743345 12.22 
6.1077 2 1 1 0x0 0.2447 0.8775 0.24 0.88 0.0000 0.0000 0.1000 0.1000 0.5048 -0.0336 -0.316431 -0.743312 12.22 
6.1177 2 1 1 0x0 0.2431 0.8760 0.24 0.88 0.0000 0.0000 0.1000 0.1000 0.5048 -0.0336 -0.316431 -0.743306 12.22 
6.1277 2 1 1 0x0 0.2416 0.8745 0.24 0.87 0.0000 0.0000 0.1000 0.1000 0.5048 -0.0336 -0.316431 -0.743324 12.22 
6.1377 2 1 1 0x0 0.2401 0.8730 0.24 0.87 0.0000 0.0000 0.1000 0.1000 0.5048 -0.0336 -0.316431 -0.743308 12.22 
6.1477 2 1 1 0x0 0.2386 0.8715 0.24 0.87 0.0000 0.0000 0.1000 0.1000 0.5048 -0.0336 -0.316431 -0.743289 12.22 
6.1577 2 1 1 0x0 0.2371 0.8700 0.24 0.87 0.0000 0.0000 0.1000 0.1000 0.5048 -0.0336 -0.316431 -0.743286 12.22 
6.1677 2 1 1 0x0 0.2356 0.8684 0.24 0.87 0.0000 0.0000 0.1000 0.1000 0.5048 -0.0336 -0.316431 -0.743279 12.23 
6.1777 2 1 1 0x0 0.2341 0.8669 0.23 0.87 0.0000 0.0000 0.1000 0.1000 0.5048 -0.0336 -0.316431 -0.743259 12.22 
6.1877 2 1 1 0x0 0.2325 0.8654 0.23 0.87 0.0000 0.0000 0.1000 0.1000 0.5048 -0.0336 -0.316431 -0.743241 12.21 
6.1977 2 1 1 0x0 0.2310 0.8639 0.23 0.86 0.0000 0.0000 0.1000 0.1000 0.5048 -0.0336 -0.316431 -0.743231 12.23 
6.2077 2 1 1 0x0 0.2295 0.8624 0.23 0.86 0.0000 0.0000 0.1000 0.1000 0.5048 -0.0336 -0.316431 -0.743223 12.22 
6.2177 2 1 1 0x0 0.2280 0.8609 0.23 0.86 0.0000 0.0000 0.1000 0.1000 0.5048 -0.0336 -0.316431 -0.743194 12.22 
6.2277 2 1 1 0x0 0.2265 0.8594 0.23 0.86 0.0000 0.0000 0.1000 0.1000 0.5048 -0.0336 -0.316431 -0.743192 12.22 
6.2377 2 1 1 0x0 0.2250 0.8578 0.22 0.86 0.0000 0.0000 0.1000 0.1000 0.5048 -0.0336 -0.316431 -0.743171 12.22 
6.2477 2 1 1 0x0 0.2235 0.8563 0.22 0.86 0.0000 0.0000 0.1000 0.1000 0.5048 -0.0336 -0.316431 -0.743180 12.22 
6.2577 2 1 1 0x0 0.2219 0.8548 0.22 0.85 0.0000 0.0000 0.1000 0.1000 0.5048 -0.0336 -0.316431 -0.743174 12.23 
6.2677 2 1 1 0x0 0.2204 0.8533 0.22 0.85 0.0000 0.0000 0.1000 0.1000 0.5048 -0.0336 -0.316431 -0.743148 12.22 
6.2777 2 1 1 0x0 0.2189 0.8518 0.22 0.85 0.0000 0.0000 0.1000 0.1000 0.5048 -0.0336 -0.316431 -0.743140 12.21 
6.2877 2 1 1 0x0 0.2174 0.8503 0.22 0.85 0.0000 0.0000 0.1000 0.1000 0.5048 -0.0336 -0.316431 -0.743120 12.23 
6.2977 2 1 1 0x0 0.2159 0.8488 0.22 0.85 0.0000 0.0000 0.1000 0.1000 0.5048 -0.0336 -0.316431 -0.743112 12.23 
6.3077 2 1 1 0x0 0.2144 0.8472 0.21 0.85 0.0000 0.0000 0.1000 0.1000 0.5048 -0.0336 -0.316431 -0.743100 12.23 
6.3177 2 1 1 0x0 0.2129 0.8457 0.21 0.85 0.0000 0.0000 0.1000 0.1000 0.5048 -0.0336 -0.316431 -0.743111 12.22 
6.3277 2 1 1 0x0 0.2114 0.8442 0.21 0.84 0.0000 0.0000 0.1000 0.1000 0.5048 -0.0336 -0.316431 -0.743085 12.23 
6.3377 2 1 1 0x0 0.2098 0.8427 0.21 0.84 0.0000 0.0000 0.1000 0.1000 0.5048 -0.0336 -0.316431 -0.743100 12.23 
6.3477 2 1 1 0x0 0.2083 0.8412 0.21 0.84 0.0000 0.0000 0.1000 0.1000 0.5048 -0.0336 -0.316431 -0.743080 12.22 
6.3577 2 1 1 0x0 0.2068 0.8397 0.21 0.84 0.0000 0.0000 0.1000 0.1000 0.5048 -0.0336 -0.316431 -0.743056 12.22 
6.3677 2 1 1 0x0 0.2053 0.8382 0.21 0.84 0.0000 0.0000 0.1000 0.1000 0.5048 -0.0336 -0.316431 -0.743024 12.22 
6.3777 2 1 1 0x0 0.2038 0.8366 0.20 0.84 0.0000 0.0000 0.1000 0.1000 0.5048 -0.0336 -0.316431 -0.743021 12.22 
6.3877 2 1 1 0x0 0.2023 0.8351 0.20 0.84 0.0000 0.0000 0.1000 0.1000 0.5048 -0.0336 -0.316431 -0.743045 12.22 
6.3977 2 1 1 0x0 0.2008 0.8336 0.20 0.83 0.0000 0.0000 0.1000 0.1000 0.5048 -0.0336 -0.316431 -0.743034 12.22 
6.4077 2 1 1 0x0 0.1992 0.8321 0.20 0.83 0.0000 0.0000 0.1000 0.1000 0.5048 -0.0336 -0.316431 -0.743047 12.22 
6.4177 2 1 1 0x0 0.1977 0.8306 0.20 0.83 0.0000 0.0000 0.1000 0.1000 0.5048 -0.0336 -0.316431 -0.743023 12.22 
6.4277 2 1 1 0x0 0.1962 0.8291 0.20 0.83 0.0000 0.0000 0.1000 0.1000 0.5048 -0.0336 -0.316431 -0.743001 12.22 
6.4377 2 1 1 0x0 0.1947 0.8276 0.19 0.83 0.0000 0.0000 0.1000 0.1000 0.5048 -0.0336 -0.316431 -0.742999 12.22 
6.4477 2 1 1 0x0 0.1932 0.8260 0.19 0.83 0.0000 0.0000 0.1000 0.1000 0.5048 -0.0336 -0.316431 -0.743007 12.22 
6.4577 2 1 1 0x0 0.1917 0.8245 0.19 0.82 0.0000 0.0000 0.1000 0.1000 0.5048 -0.0336 -0.316431 -0.743008 12.21 
6.4677 2 1 1 0x0 0.1902 0.8230 0.19 0.82 0.0000 0.0000 0.1000 0.1000 0.5048 -0.0336 -0.316431 -0.742997 12.22 
6.4777 2 1 1 0x0 0.1886 0.8215 0.19 0.82 0.0000 0.0000 0.1000 0.1000 0.5048 -0.0336 -0.316431 -0.742971 12.22 
6.4877 2 1 1 0x0 0.1871 0.8200 0.19 0.82 0.0000 0.0000 0.1000 0.1000 0.5048 -0.0336 -0.316431 -0.742970 12.22 
6.4977 2 1 1 0x0 0.1856 0.8185 0.19 0.82 0.0000 0.0000 0.1000 0.1000 0.5048 -0.0336 -0.316431 -0.742969 12.23 
6.5077 2 1 1 0x0 0.1841 0.8170 0.18 0.82 0.0000 0.0000 0.1000 0.1000 0.5048 -0.0336 -0.316431 -0.742971 12.22 
6.5177 2 1 1 0x0 0.1826 0.8154 0.18 0.82 0.0000 0.0000 0.1000 0.1000 0.5048 -0.0336 -0.316431 -0.742969 12.23 
6.5277 2 1 1 0x0 0.1811 0.8139 0.18 0.81 0.0000 0.0000 0.1000 0.1000 0.5048 -0.0336 -0.316431 -0.742948 12.22 
6.5377 2 1 1 0x0 0.1796 0.8124 0.18 0.81 0.0000 0.0000 0.1000 0.1000 0.5048 -0.0336 -0.316431 -0.742939 12.22 
6.5477 2 1 1 0x0 0.1780 0.8109 0.18 0.81 0.0000 0.0000 0.1000 0.1000 0.5048 -0.0336 -0.316431 -0.742945 12.22 
6.5577 2 1 1 0x0 0.1765 0.8094 0.18 0.81 0.0000 0.0000 0.1000 0.1000 0.5048 -0.0336 -0.316431 -0.742934 12.23 
6.5677 2 1 1 0x0 0.1750 0.8079 0.18 0.81 0.0000 0.0000 0.1000 0.1000 0.5048 -0.0336 -0.316431 -0.742942 12.22 
6.5777 2 1 1 0x0 0.1735 0.8064 0.17 0.81 0.0000 0.0000 0.1000 0.1000 0.5048 -0.0336 -0.316431 -0.742926 12.22 
6.5877 2 1 1 0x0 0.1720 0.8049 0.17 0.80 0.0000 0.0000 0.1000 0.1000 0.5048 -0.0336 -0.316431 -0.742898 12.22 
6.5977 2 1 1 0x0 0.1705 0.8033 0.17 0.80 0.0000 0.0000 0.1000 0.1000 0.5048 -0.0336 -0.316431 -0.742910 12.22 
6.6077 2 1 1 0x0 0.1690 0.8018 0.17 0.80 0.0000 0.0000 0.1000 0.1000 0.5048 -0.0336 -0.316431 -0.742919 12.22 
6.6177 2 1 1 0x0 0.1674 0.8003 0.17 0.80 0.0000 0.0000 0.1000 0.1000 0.5048 -0.0336 -0.316431 -0.742916 12.22 
6.6277 2 1 1 0x0 0.1659 0.7988 0.17 0.80 0.0000 0.0000 0.1000 0.1000 0.5048 -0.0336 -0.316431 -0.742946 12.22 
6.6377 2 1 1 0x0 0.1644 0.7973 0.16 0.80 0.0000 0.0000 0.1000 0.1000 0.5048 -0.0336 -0.316431 -0.742942 12.22 
6.6477 2 1 1 0x0 0.1629 0.7958 0.16 0.80 0.0000 0.0000 0.1000 0.1000 0.5048 -0.0336 -0.316431 -0.742969 12.22 
6.6577 2 1 1 0x0 0.1614 0.7943 0.16 0.79 0.0000 0.0000 0.1000 0.1000 0.5048 -0.0336 -0.316431 -0.742974 12.22 
6.6677 2 1 1 0x0 0.1599 0.7927 0.16 0.79 0.0000 0.0000 0.1000 0.1000 0.5048 -0.0336 -0.316431 -0.742996 12.22 
6.6777 2 1 1 0x0 0.1584 0.7912 0.16 0.79 0.0000 0.0000 0.1000 0.1000 0.5048 -0.0336 -0.316431 -0.742998 12.22 
6.6877 2 1 1 0x0 0.1568 0.7897 0.16 0.79 0.0000 0.0000 0.1000 0.1000 0.5048 -0.0336 -0.316431 -0.743006 12.22 
6.6977 2 1 1 0x0 0.1553 0.7882 0.16 0.79 0.0000 0.0000 0.1000 0.1000 0.5048 -0.0336 -0.316431 -0.742990 12.22 
6.7077 2 1 1 0x0 0.1538 0.7867 0.15 0.79 0.0000 0.0000 0.1000 0.1000 0.5048 -0.0336 -0.316431 -0.743012 12.22 
6.7177 2 1 1 0x0 0.1523 0.7852 0.15 0.79 0.0000 0.0000 0.1000 0.1000 0.5048 -0.0336 -0.316431 -0.743021 12.22 
6.7277 2 1 1 0x0 0.1508 0.7837 0.15 0.78 0.0000 0.0000 0.1000 0.1000 0.5048 -0.0336 -0.316431 -0.743021 12.22 
6.7377 2 1 1 0x0 0.1493 0.7821 0.15 0.78 0.0000 0.0000 0.1000 0.1000 0.5048 -0.0336 -0.316431 -0.743019 12.22 
6.7477 2 1 1 0x0 0.1478 0.7806 0.15 0.78 0.0000 0.0000 0.1000 0.1000 0.5048 -0.0336 -0.316431 -0.743026 12.23 
6.7577 2 1 1 0x0 0.1463 0.7791 0.15 0.78 0.0000 0.0000 0.1000 0.1000 0.5048 -0.0336 -0.316431 -0.743030 12.22 
6.7677 2 1 1 0x0 0.1447 0.7776 0.14 0.78 0.0000 0.0000 0.1000 0.1000 0.5048 -0.0336 -0.316431 -0.742897 12.22 
6.7777 2 1 1 0x0 0.1432 0.7761 0.14 0.78 0.0000 0.0000 0.1000 0.1000 0.5048 -0.0336 -0.316431 -0.742863 12.22 
6.7877 2 1 1 0x0 0.1462 0.7845 0.15 0.78 0.0000 -0.0002 0.1000 0.1000 0.5046 -0.0335 -0.319136 -0.744146 12.22 
6.7977 2 1 1 0x0 0.1345 0.7782 0.13 0.78 0.0002 -0.0002 0.1000 0.1000 0.5048 -0.0336 -0.321840 -0.745174 12.22 
6.8077 2 1 1 0x0 0.1331 0.7768 0.13 0.78 0.0002 -0.0002 0.1000 0.1000 0.5048 -0.0336 -0.321840 -0.745303 12.22 
6.8177 2 1 1 0x0 0.1223 0.7713 0.12 0.77 0.0219 -0.0002 0.0177 0.1000 0.5050 -0.0337 -0.324545 -0.745955 12.21 
6.8277 2 1 1 0x0 0.1118 0.7663 0.11 0.77 0.0324 -0.0002 0.0122 0.1000 0.5052 -0.0337 -0.327250 -0.746817 12.22 
6.8377 2 1 1 0x0 0.0920 0.7574 0.09 0.76 0.0495 -0.0002 0.0044 0.1000 0.5056 -0.0338 -0.332659 -0.747921 12.22 
6.8477 2 1 1 0x0 0.0830 0.7537 0.08 0.75 0.0668 -0.0002 0.0072 0.1000 0.5058 -0.0339 -0.335363 -0.748372 12.22 
6.8577 2 1 1 0x0 0.0645 0.7460 0.06 0.75 0.0784 -0.0002 0.0052 0.1000 0.5061 -0.0340 -0.340772 -0.748720 12.22 
6.8677 2 1 1 0x0 0.0466 0.7390 0.05 0.74 0.0832 -0.0002 0.0038 0.1000 0.5065 -0.0342 -0.346181 -0.749186 12.22 
6.8777 2 1 1 0x0 0.0391 0.7369 0.04 0.74 0.0655 -0.0002 0.0083 0.1000 0.5067 -0.0343 -0.348886 -0.750157 12.21 
6.8877 2 1 1 0x0 0.0219 0.7304 0.02 0.73 0.0513 -0.0002 0.0055 0.1000 0.5071 -0.0344 -0.354295 -0.750428 12.22 
6.8977 2 1 1 0x0 0.0144 0.7284 0.01 0.73 0.0432 -0.0002 0.0069 0.1000 0.5073 -0.0345 -0.357000 -0.748893 12.23 
6.9077 2 1 1 0x0 0.0166 0.7306 0.02 0.73 0.0333 -0.0002 0.0169 0.1000 0.5073 -0.0345 -0.357000 -0.747017 12.22 
6.9177 2 1 1 0x0 0.0179 0.7319 0.02 0.73 0.0183 -0.0002 0.0269 0.1000 0.5073 -0.0345 -0.357000 -0.745346 12.22 
6.9277 2 1 1 0x0 0.0186 0.7326 0.02 0.73 0.0126 -0.0002 0.0369 0.1000 0.5073 -0.0345 -0.357000 -0.743983 12.23 
6.9377 2 1 1 0x0 0.0186 0.7326 0.02 0.73 0.0096 -0.0002 0.0469 0.1000 0.5073 -0.0345 -0.357000 -0.743538 12.22 
6.9477 2 1 1 0x0 0.0183 0.7323 0.02 0.73 0.0078 -0.0002 0.0569 0.1000 0.5073 -0.0345 -0.357000 -0.744583 12.22 
6.9577 2 1 1 0x0 0.0175 0.7315 0.02 0.73 0.0065 -0.0002 0.0669 0.1000 0.5073 -0.0345 -0.357000 -0.747361 12.22 
6.9677 2 1 1 0x0 0.0164 0.7304 0.02 0.73 0.0056 -0.0002 0.0769 0.1000 0.5073 -0.0345 -0.357000 -0.750516 12.22 
6.9777 2 1 1 0x0 0.0151 0.7291 0.02 0.73 0.0049 -0.0002 0.0869 0.1000 0.5073 -0.0345 -0.357000 -0.752629 12.22 
6.9877 2 1 1 0x0 0.0136 0.7276 0.01 0.73 0.0044 -0.0000 0.0969 0.1000 0.5073 -0.0345 -0.357000 -0.753950 12.22 
6.9977 2 1 1 0x0 0.0119 0.7259 0.01 0.73 0.0040 -0.0000 0.1000 0.1000 0.5073 -0.0345 -0.357000 -0.754773 12.23 
7.0077 2 1 1 0x0 0.0100 0.7240 0.01 0.72 0.0036 -0.0000 0.1000 0.1000 0.5073 -0.0345 -0.357000 -0.755746 12.23 
7.0177 2 1 1 0x0 0.0081 0.7221 0.01 0.72 0.0033 -0.0000 0.1000 0.1000 0.5073 -0.0345 -0.357000 -0.757277 12.22 
7.0277 2 1 1 0x0 0.0060 0.7200 0.01 0.72 0.0031 -0.0000 0.1000 0.1000 0.5073 -0.0345 -0.357000 -0.759685 12.22 
7.0377 2 1 1 0x0 0.0039 0.7179 0.00 0.72 0.0029 -0.0000 0.1000 0.1000 0.5073 -0.0345 -0.357000 -0.763295 12.22 
7.0477 2 1 1 0x0 0.0017 0.7157 0.00 0.72 0.0027 -0.0000 0.1000 0.1000 0.5073 -0.0345 -0.357000 -0.767945 12.22 
7.0577 2 1 1 0x0 -0.0005 0.7135 -0.00 0.71 0.0025 -0.0000 0.1000 0.1000 0.5073 -0.0345 -0.357000 -0.773755 12.22 
7.0677 2 1 1 0x0 -0.0028 0.7112 -0.00 0.71 0.0024 -0.0000 0.1000 0.1000 0.5073 -0.0345 -0.357000 -0.779967 12.22 
7.0777 2 1 1 0x0 -0.0052 0.7088 -0.01 0.71 0.0022 -0.0000 0.1000 0.1000 0.5073 -0.0345 -0.357000 -0.786217 12.22 
7.0877 2 1 1 0x0 -0.0075 0.7065 -0.01 0.71 0.0021 -0.0000 0.1000 0.1000 0.5073 -0.0345 -0.357000 -0.792340 12.22 
7.0977 2 1 1 0x0 -0.0099 0.7041 -0.01 0.70 0.0000 -0.0000 0.1000 0.1000 0.5073 -0.0345 -0.357000 -0.798337 12.22 
7.1077 2 1 1 0x0 -0.0123 0.7017 -0.01 0.70 0.0000 -0.0000 0.1000 0.1000 0.5073 -0.0345 -0.357000 -0.804173 12.22 
7.1177 2 1 1 0x0 -0.0147 0.6993 -0.01 0.70 0.0000 -0.0000 0.1000 0.1000 0.5073 -0.0345 -0.357000 -0.809567 12.22 
7.1277 2 1 1 0x0 -0.0172 0.6968 -0.02 0.70 0.0000 -0.0000 0.1000 0.1000 0.5073 -0.0345 -0.357000 -0.814118 12.22 
7.1377 2 1 1 0x0 -0.0196 0.6944 -0.02 0.69 0.0000 -0.0000 0.1000 0.1000 0.5073 -0.0345 -0.357000 -0.817885 12.23 
7.1477 2 1 1 0x0 -0.0221 0.6919 -0.02 0.69 0.0000 -0.0000 0.1000 0.1000 0.5073 -0.0345 -0.357000 -0.820725 12.21 
7.1577 2 1 1 0x0 -0.0245 0.6895 -0.02 0.69 0.0000 -0.0000 0.1000 0.1000 0.5073 -0.0345 -0.357000 -0.822359 12.23 
7.1677 2 1 1 0x0 -0.0270 0.6870 -0.03 0.69 0.0000 -0.0000 0.1000 0.1000 0.5073 -0.0345 -0.357000 -0.822634 12.22 
7.1777 2 1 1 0x0 -0.0295 0.6845 -0.03 0.68 0.0000 -0.0000 0.1000 0.1000 0.5073 -0.0345 -0.357000 -0.822020 12.21 
7.1877 2 1 1 0x0 -0.0319 0.6821 -0.03 0.68 0.0000 -0.0000 0.1000 0.1000 0.5073 -0.0345 -0.357000 -0.820669 12.22 
7.1977 2 1 1 0x0 -0.0344 0.6796 -0.03 0.68 0.0000 -0.0000 0.1000 0.1000 0.5073 -0.0345 -0.357000 -0.818590 12.22 
7.2077 2 1 1 0x0 -0.0369 0.6771 -0.04 0.68 0.0000 -0.0000 0.1000 0.1000 0.5073 -0.0345 -0.357000 -0.816011 12.21 
7.2177 2 1 1 0x0 -0.0394 0.6746 -0.04 0.67 0.0000 -0.0000 0.1000 0.1000 0.5073 -0.0345 -0.357000 -0.813019 12.22 
7.2277 2 1 1 0x0 -0.0419 0.6721 -0.04 0.67 0.0000 -0.0000 0.1000 0.1000 0.5073 -0.0345 -0.357000 -0.809912 12.22 
7.2377 2 1 1 0x0 -0.0444 0.6696 -0.04 0.67 0.0000 -0.0000 0.1000 0.1000 0.5073 -0.0345 -0.357000 -0.806955 12.22 
7.2477 2 1 1 0x0 -0.0469 0.6671 -0.05 0.67 0.0000 -0.0000 0.1000 0.1000 0.5073 -0.0345 -0.357000 -0.804212 12.23 
7.2577 2 1 1 0x0 -0.0494 0.6646 -0.05 0.66 0.0000 -0.0000 0.1000 0.1000 0.5073 -0.0345 -0.357000 -0.802319 12.22 
7.2677 2 1 1 0x0 -0.0519 0.6621 -0.05 0.66 0.0000 -0.0000 0.1000 0.1000 0.5073 -0.0345 -0.357000 -0.801477 12.22 
7.2777 2 1 1 0x0 -0.0543 0.6597 -0.05 0.66 0.0000 -0.0000 0.1000 0.1000 0.5073 -0.0345 -0.357000 -0.801334 12.22 
7.2877 2 1 1 0x0 -0.0568 0.6572 -0.06 0.66 0.0000 -0.0000 0.1000 0.1000 0.5073 -0.0345 -0.357000 -0.801597 12.22 
7.2977 2 1 1 0x0 -0.0593 0.6547 -0.06 0.65 0.0000 -0.0000 0.1000 0.1000 0.5073 -0.0345 -0.357000 -0.802037 12.22 
7.3077 2 1 1 0x0 -0.0618 0.6522 -0.06 0.65 0.0000 -0.0000 0.1000 0.1000 0.5073 -0.0345 -0.357000 -0.802524 12.22 
7.3177 2 1 1 0x0 -0.0643 0.6497 -0.06 0.65 0.0000 -0.0000 0.1000 0.1000 0.5073 -0.0345 -0.357000 -0.803167 12.22 
7.3277 2 1 1 0x0 -0.0668 0.6472 -0.07 0.65 0.0000 -0.0000 0.1000 0.1000 0.5073 -0.0345 -0.357000 -0.804109 12.22 
7.3377 2 1 1 0x0 -0.0693 0.6447 -0.07 0.64 0.0000 -0.0000 0.1000 0.1000 0.5073 -0.0345 -0.357000 -0.805227 12.22 
7.3477 2 1 1 0x0 -0.0718 0.6422 -0.07 0.64 0.0000 -0.0000 0.1000 0.1000 0.5073 -0.0345 -0.357000 -0.806326 12.22 
7.3576 2 1 1 0x0 -0.0743 0.6397 -0.07 0.64 0.0000 -0.0000 0.1000 0.1000 0.5073 -0.0345 -0.357000 -0.807373 12.22 
7.3676 2 1 1 0x0 -0.0768 0.6372 -0.08 0.64 0.0000 -0.0000 0.1000 0.1000 0.5073 -0.0345 -0.357000 -0.808171 12.22 
7.3776 2 1 1 0x0 -0.0793 0.6347 -0.08 0.63 0.0000 -0.0000 0.1000 0.1000 0.5073 -0.0345 -0.357000 -0.808625 12.22 
7.3876 2 1 1 0x0 -0.0818 0.6322 -0.08 0.63 0.0000 -0.0000 0.1000 0.1000 0.5073 -0.0345 -0.357000 -0.808969 12.22 
7.3976 2 1 1 0x0 -0.0843 0.6297 -0.08 0.63 0.0000 -0.0000 0.1000 0.1000 0.5073 -0.0345 -0.357000 -0.809255 12.23 
7.4076 2 1 1 0x0 -0.0868 0.6272 -0.09 0.63 0.0000 -0.0000 0.1000 0.1000 0.5073 -0.0345 -0.357000 -0.809592 12.22 
7.4176 2 1 1 0x0 -0.0893 0.6247 -0.09 0.62 0.0000 -0.0000 0.1000 0.1000 0.5073 -0.0345 -0.357000 -0.809937 12.22 
7.4276 2 1 1 0x0 -0.0918 0.6222 -0.09 0.62 0.0000 -0.0000 0.1000 0.1000 0.5073 -0.0345 -0.357000 -0.809993 12.22 
7.4376 2 1 1 0x0 -0.0943 0.6197 -0.09 0.62 0.0000 -0.0000 0.1000 0.1000 0.5073 -0.0345 -0.357000 -0.809654 12.22 
7.4476 2 1 1 0x0 -0.0968 0.6172 -0.10 0.62 0.0000 -0.0000 0.1000 0.1000 0.5073 -0.0345 -0.357000 -0.808824 12.22 
7.4576 2 1 1 0x0 -0.0993 0.6147 -0.10 0.61 0.0000 -0.0000 0.1000 0.1000 0.5073 -0.0345 -0.357000 -0.807335 12.23 
7.4676 2 1 1 0x0 -0.1018 0.6122 -0.10 0.61 0.0000 -0.0000 0.1000 0.1000 0.5073 -0.0345 -0.357000 -0.804914 12.22 
7.4776 2 1 1 0x0 -0.1043 0.6097 -0.10 0.61 0.0000 -0.0000 0.1000 0.1000 0.5073 -0.0345 -0.357000 -0.800982 12.22 
7.4876 2 1 1 0x0 -0.1068 0.6072 -0.11 0.61 0.0000 -0.0000 0.1000 0.1000 0.5073 -0.0345 -0.357000 -0.794895 12.23 
7.4976 2 1 1 0x0 -0.1093 0.6047 -0.11 0.60 0.0000 -0.0000 0.1000 0.1000 0.5073 -0.0345 -0.357000 -0.786516 12.22 
7.5076 2 1 1 0x0 -0.1118 0.6022 -0.11 0.60 0.0000 -0.0000 0.1000 0.1000 0.5073 -0.0345 -0.357000 -0.776498 12.22 
7.5176 2 1 1 0x0 -0.1045 0.6040 -0.10 0.60 -0.0007 -0.0000 0.1000 0.1000 0.5071 -0.0344 -0.354295 -0.765749 12.20 
7.5276 2 1 1 0x0 -0.0980 0.6052 -0.10 0.61 -0.0478 -0.0000 0.0088 0.1000 0.5069 -0.0343 -0.351591 -0.755493 12.22 
7.5376 2 1 1 0x0 -0.0824 0.6100 -0.08 0.61 -0.0767 -0.0000 0.0049 0.1000 0.5065 -0.0342 -0.346181 -0.746413 12.22 
7.5476 2 1 1 0x0 -0.0774 0.6096 -0.08 0.61 -0.0627 -0.0000 0.0090 0.1000 0.5063 -0.0341 -0.343477 -0.738413 12.22 
7.5576 2 1 1 0x0 -0.0631 0.6131 -0.06 0.61 -0.0547 -0.0000 0.0062 0.1000 0.5059 -0.0340 -0.338068 -0.731267 12.22 
7.5676 2 1 1 0x0 -0.0590 0.6117 -0.06 0.61 -0.0639 -0.0000 0.0093 0.1000 0.5058 -0.0339 -0.335363 -0.724867 12.22 
7.5776 2 1 1 0x0 -0.0451 0.6149 -0.05 0.61 -0.0561 -0.0000 0.0038 0.1000 0.5054 -0.0338 -0.329954 -0.718908 12.23 
7.5876 2 1 1 0x0 -0.0413 0.6132 -0.04 0.61 -0.0510 -0.0000 0.0062 0.1000 0.5052 -0.0337 -0.327250 -0.713357 12.22 
7.5976 2 1 1 0x0 -0.0376 0.6115 -0.04 0.61 -0.0602 -0.0000 0.0089 0.1000 0.5050 -0.0337 -0.324545 -0.708007 12.22 
7.6076 2 1 1 0x0 -0.0338 0.6098 -0.03 0.61 -0.0451 -0.0000 0.0110 0.1000 0.5048 -0.0336 -0.321840 -0.702637 12.22 
7.6176 2 1 1 0x0 -0.0300 0.6083 -0.03 0.61 -0.0478 -0.0000 0.0122 0.1000 0.5046 -0.0335 -0.319136 -0.697470 12.22 
7.6276 2 1 1 0x0 -0.0259 0.6069 -0.03 0.61 -0.0394 -0.0000 0.0128 0.1000 0.5044 -0.0335 -0.316431 -0.693029 12.22 
7.6376 2 1 1 0x0 -0.0219 0.6056 -0.02 0.61 -0.0467 -0.0000 0.0133 0.1000 0.5042 -0.0334 -0.313727 -0.689762 12.23 
7.6476 2 1 1 0x0 -0.0079 0.6087 -0.01 0.61 -0.0608 -0.0000 0.0063 0.1000 0.5038 -0.0333 -0.308318 -0.688085 12.22 
7.6576 2 1 1 0x0 -0.0039 0.6073 -0.00 0.61 -0.0471 -0.0000 0.0086 0.1000 0.5036 -0.0332 -0.305613 -0.688080 12.22 
7.6676 2 1 1 0x0 0.0004 0.6062 0.00 0.61 -0.0388 -0.0000 0.0091 0.1000 0.5034 -0.0332 -0.302908 -0.689742 12.22 
7.6776 2 1 1 0x0 -0.0049 0.6009 -0.00 0.60 -0.0293 -0.0000 0.0191 0.1000 0.5034 -0.0332 -0.302908 -0.693208 12.22 
7.6876 2 1 1 0x0 -0.0094 0.5964 -0.01 0.60 -0.0170 -0.0000 0.0291 0.1000 0.5034 -0.0332 -0.302908 -0.698357 12.23 
7.6976 2 1 1 0x0 -0.0132 0.5926 -0.01 0.59 -0.0120 -0.0000 0.0391 0.1000 0.5034 -0.0332 -0.302908 -0.704092 12.22 
7.7076 2 1 1 0x0 -0.0166 0.5892 -0.02 0.59 -0.0092 -0.0000 0.0491 0.1000 0.5034 -0.0332 -0.302908 -0.709463 12.22 
7.7176 2 1 1 0x0 -0.0195 0.5863 -0.02 0.59 -0.0075 -0.0000 0.0591 0.1000 0.5034 -0.0332 -0.302908 -0.714601 12.22 
7.7276 2 1 1 0x0 -0.0221 0.5837 -0.02 0.58 -0.0064 -0.0000 0.0691 0.1000 0.5034 -0.0332 -0.302908 -0.719927 12.22 
7.7376 2 1 1 0x0 -0.0244 0.5814 -0.02 0.58 -0.0055 -0.0000 0.0791 0.1000 0.5034 -0.0332 -0.302908 -0.725215 12.22 
7.7476 2 1 1 0x0 -0.0310 0.5694 -0.03 0.57 -0.0048 0.0004 0.0891 0.1000 0.5036 -0.0332 -0.300204 -0.729322 12.22 
7.7576 2 1 1 0x0 -0.0322 0.5682 -0.03 0.57 -0.0043 0.0004 0.0991 0.1000 0.5036 -0.0332 -0.300204 -0.731702 12.22 
7.7676 2 1 1 0x0 -0.0334 0.5670 -0.03 0.57 -0.0039 0.0004 0.1000 0.1000 0.5036 -0.0332 -0.300204 -0.734847 12.23 
7.7776 2 1 1 0x0 -0.0346 0.5658 -0.03 0.57 -0.0036 0.0004 0.1000 0.1000 0.5036 -0.0332 -0.300204 -0.740145 12.23 
7.7876 2 1 1 0x0 -0.0357 0.5647 -0.04 0.56 -0.0033 0.0004 0.1000 0.1000 0.5036 -0.0332 -0.300204 -0.747307 12.22 
7.7976 2 1 1 0x0 -0.0368 0.5636 -0.04 0.56 -0.0030 0.0004 0.1000 0.1000 0.5036 -0.0332 -0.300204 -0.756501 12.22 
7.8076 2 1 1 0x0 -0.0380 0.5624 -0.04 0.56 -0.0028 0.0004 0.1000 0.1000 0.5036 -0.0332 -0.300204 -0.766008 12.22 
7.8176 2 1 1 0x0 -0.0391 0.5613 -0.04 0.56 -0.0026 0.0004 0.1000 0.1000 0.5036 -0.0332 -0.300204 -0.773884 12.23 
7.8276 2 1 1 0x0 -0.0402 0.5602 -0.04 0.56 -0.0025 0.0004 0.1000 0.1000 0.5036 -0.0332 -0.300204 -0.779725 12.22 
7.8376 2 1 1 0x0 -0.0413 0.5591 -0.04 0.56 -0.0023 0.0004 0.1000 0.1000 0.5036 -0.0332 -0.300204 -0.783273 12.22 
7.8476 2 1 1 0x0 -0.0423 0.5581 -0.04 0.56 -0.0022 0.0004 0.1000 0.1000 0.5036 -0.0332 -0.300204 -0.784508 12.22 
7.8576 2 1 1 0x0 -0.0434 0.5570 -0.04 0.56 -0.0021 0.0004 0.1000 0.1000 0.5036 -0.0332 -0.300204 -0.784002 12.23 
7.8676 2 1 1 0x0 -0.0445 0.5559 -0.04 0.56 -0.0000 0.0004 0.1000 0.1000 0.5036 -0.0332 -0.300204 -0.782979 12.22 
7.8776 2 1 1 0x0 -0.0456 0.5548 -0.05 0.55 -0.0000 0.0004 0.1000 0.1000 0.5036 -0.0332 -0.300204 -0.782373 12.21 
7.8876 2 1 1 0x0 -0.0467 0.5538 -0.05 0.55 -0.0000 0.0004 0.1000 0.1000 0.5036 -0.0332 -0.300204 -0.783194 12.22 
7.8976 2 1 1 0x0 -0.0477 0.5527 -0.05 0.55 -0.0000 0.0004 0.1000 0.1000 0.5036 -0.0332 -0.300204 -0.784443 12.21 
7.9076 2 1 1 0x0 -0.0488 0.5516 -0.05 0.55 -0.0000 0.0004 0.1000 0.1000 0.5036 -0.0332 -0.300204 -0.784803 12.22 
7.9176 2 1 1 0x0 -0.0498 0.5506 -0.05 0.55 -0.0000 0.0004 0.1000 0.1000 0.5036 -0.0332 -0.300204 -0.783609 12.22 
7.9276 2 1 1 0x0 -0.0509 0.5495 -0.05 0.55 -0.0000 0.0004 0.1000 0.1000 0.5036 -0.0332 -0.300204 -0.780880 12.23 
7.9376 2 1 1 0x0 -0.0519 0.5485 -0.05 0.55 -0.0000 0.0004 0.1000 0.1000 0.5036 -0.0332 -0.300204 -0.777077 12.21 
7.9476 2 1 1 0x0 -0.0530 0.5474 -0.05 0.55 -0.0000 0.0000 0.1000 0.1000 0.5036 -0.0332 -0.300204 -0.772683 12.23 
7.9576 2 1 1 0x0 -0.0540 0.5464 -0.05 0.55 -0.0000 0.0000 0.1000 0.1000 0.5036 -0.0332 -0.300204 -0.767542 12.22 
7.9676 2 1 1 0x0 -0.0551 0.5453 -0.06 0.55 -0.0000 0.0000 0.1000 0.1000 0.5036 -0.0332 -0.300204 -0.761340 12.22 
7.9776 2 1 1 0x0 -0.0561 0.5443 -0.06 0.54 -0.0000 0.0000 0.1000 0.1000 0.5036 -0.0332 -0.300204 -0.753813 12.22 
7.9876 2 1 1 0x0 -0.0572 0.5432 -0.06 0.54 -0.0000 0.0000 0.1000 0.1000 0.5036 -0.0332 -0.300204 -0.744377 12.22 
7.9976 2 1 1 0x0 -0.0583 0.5421 -0.06 0.54 -0.0000 0.0000 0.1000 0.1000 0.5036 -0.0332 -0.300204 -0.732645 12.22 
8.0076 2 1 1 0x0 -0.0593 0.5411 -0.06 0.54 -0.0000 0.0000 0.1000 0.1000 0.5036 -0.0332 -0.300204 -0.718405 12.22 
8.0176 2 1 1 0x0 -0.0604 0.5400 -0.06 0.54 -0.0000 0.0000 0.1000 0.1000 0.5036 -0.0332 -0.300204 -0.701668 12.22 
8.0276 2 1 1 0x0 -0.0614 0.5390 -0.06 0.54 -0.0000 0.0000 0.1000 0.1000 0.5036 -0.0332 -0.300204 -0.683832 12.22 
8.0376 2 1 1 0x0 -0.0625 0.5379 -0.06 0.54 -0.0000 0.0000 0.1000 0.1000 0.5036 -0.0332 -0.300204 -0.666852 12.22 
8.0476 2 1 1 0x0 -0.0635 0.5369 -0.06 0.54 -0.0000 0.0000 0.1000 0.1000 0.5036 -0.0332 -0.300204 -0.652316 12.22 
8.0576 2 1 1 0x0 -0.0646 0.5358 -0.06 0.54 -0.0000 0.0000 0.1000 0.1000 0.5036 -0.0332 -0.300204 -0.640739 12.22 
8.0676 2 1 1 0x0 -0.0656 0.5348 -0.07 0.53 -0.0000 0.0000 0.1000 0.1000 0.5036 -0.0332 -0.300204 -0.632654 12.22 
8.0776 2 1 1 0x0 -0.0667 0.5337 -0.07 0.53 -0.0000 0.0000 0.1000 0.1000 0.5036 -0.0332 -0.300204 -0.628118 12.22 
8.0876 2 1 1 0x0 -0.0678 0.5327 -0.07 0.53 -0.0000 0.0000 0.1000 0.1000 0.5036 -0.0332 -0.300204 -0.626385 12.22 
8.0976 2 1 1 0x0 -0.0688 0.5316 -0.07 0.53 -0.0000 0.0000 0.1000 0.1000 0.5036 -0.0332 -0.300204 -0.626032 12.22 
8.1076 2 1 1 0x0 -0.0741 0.5209 -0.07 0.52 -0.0000 0.0000 0.1000 0.1000 0.5038 -0.0333 -0.297499 -0.626420 12.22 
8.1177 2 1 1 0x0 -0.0746 0.5204 -0.07 0.52 -0.0000 0.0000 0.1000 0.1000 0.5038 -0.0333 -0.297499 -0.627447 12.22 
8.1277 2 1 1 0x0 -0.0751 0.5199 -0.08 0.52 -0.0000 0.0000 0.1000 0.1000 0.5038 -0.0333 -0.297499 -0.628906 12.22 
8.1377 2 1 1 0x0 -0.0758 0.5192 -0.08 0.52 -0.0000 0.0000 0.1000 0.1000 0.5038 -0.0333 -0.297499 -0.630212 12.22 
8.1477 2 1 1 0x0 -0.0766 0.5184 -0.08 0.52 -0.0000 0.0000 0.1000 0.1000 0.5038 -0.0333 -0.297499 -0.630568 12.22 
8.1577 2 1 1 0x0 -0.0774 0.5176 -0.08 0.52 -0.0000 0.0000 0.1000 0.1000 0.5038 -0.0333 -0.297499 -0.628925 12.22 
8.1677 2 1 1 0x0 -0.0783 0.5167 -0.08 0.52 -0.0000 0.0000 0.1000 0.1000 0.5038 -0.0333 -0.297499 -0.625198 12.22 
8.1777 2 1 1 0x0 -0.0792 0.5158 -0.08 0.52 -0.0000 0.0000 0.1000 0.1000 0.5038 -0.0333 -0.297499 -0.619918 12.22 
8.1877 2 1 1 0x0 -0.0847 0.5049 -0.08 0.50 -0.0000 0.0000 0.1000 0.1000 0.5040 -0.0333 -0.294795 -0.613676 12.21 
8.1977 2 1 1 0x0 -0.0850 0.5046 -0.08 0.50 -0.0000 0.0000 0.1000 0.1000 0.5040 -0.0333 -0.294795 -0.606404 12.22 
8.2077 2 1 1 0x0 -0.0855 0.5041 -0.09 0.50 -0.0000 0.0000 0.1000 0.1000 0.5040 -0.0333 -0.294795 -0.597974 12.22 
8.2177 2 1 1 0x0 -0.0861 0.5035 -0.09 0.50 -0.0000 0.0000 0.1000 0.1000 0.5040 -0.0333 -0.294795 -0.588841 12.21 
8.2277 2 1 1 0x0 -0.0868 0.5028 -0.09 0.50 -0.0000 0.0000 0.1000 0.1000 0.5040 -0.0333 -0.294795 -0.579708 12.22 
8.2377 2 1 1 0x0 -0.0915 0.4927 -0.09 0.49 -0.0000 0.0000 0.1000 0.1000 0.5042 -0.0334 -0.292090 -0.571495 12.22 
8.2477 2 1 1 0x0 -0.0919 0.4923 -0.09 0.49 -0.0000 0.0000 0.1000 0.1000 0.5042 -0.0334 -0.292090 -0.564672 12.22 
8.2577 2 1 1 0x0 -0.0924 0.4918 -0.09 0.49 -0.0000 0.0000 0.1000 0.1000 0.5042 -0.0334 -0.292090 -0.559421 12.22 
8.2677 2 1 1 0x0 -0.0930 0.4912 -0.09 0.49 -0.0000 0.0000 0.1000 0.1000 0.5042 -0.0334 -0.292090 -0.555413 12.22 
8.2777 2 1 1 0x0 -0.0938 0.4904 -0.09 0.49 -0.0000 0.0000 0.1000 0.1000 0.5042 -0.0334 -0.292090 -0.551873 12.22 
8.2877 2 1 1 0x0 -0.0946 0.4896 -0.09 0.49 -0.0000 0.0000 0.1000 0.1000 0.5042 -0.0334 -0.292090 -0.548285 12.22 
8.2977 2 1 1 0x0 -0.0955 0.4887 -0.10 0.49 -0.0000 0.0000 0.1000 0.1000 0.5042 -0.0334 -0.292090 -0.544620 12.22 
8.3077 2 1 1 0x0 -0.0965 0.4877 -0.10 0.49 -0.0000 0.0000 0.1000 0.1000 0.5042 -0.0334 -0.292090 -0.541222 12.22 
8.3177 2 1 1 0x0 -0.0976 0.4866 -0.10 0.49 -0.0000 0.0000 0.1000 0.1000 0.5042 -0.0334 -0.292090 -0.538309 12.22 
8.3277 2 1 1 0x0 -0.0986 0.4855 -0.10 0.49 -0.0000 0.0000 0.1000 0.1000 0.5042 -0.0334 -0.292090 -0.535946 12.22 
8.3377 2 1 1 0x0 -0.0998 0.4844 -0.10 0.48 -0.0000 0.0000 0.1000 0.1000 0.5042 -0.0334 -0.292090 -0.534185 12.22 
8.3477 2 1 1 0x0 -0.1009 0.4833 -0.10 0.48 -0.0000 0.0000 0.1000 0.1000 0.5042 -0.0334 -0.292090 -0.533202 12.22 
8.3577 2 1 1 0x0 -0.1021 0.4821 -0.10 0.48 -0.0000 0.0000 0.1000 0.1000 0.5042 -0.0334 -0.292090 -0.533581 12.22 
8.3678 2 1 1 0x0 -0.1033 0.4809 -0.10 0.48 -0.0000 0.0000 0.1000 0.1000 0.5042 -0.0334 -0.292090 -0.535125 12.23 
8.3778 2 1 1 0x0 -0.1045 0.4797 -0.10 0.48 -0.0000 0.0000 0.1000 0.1000 0.5042 -0.0334 -0.292090 -0.537278 12.22 
8.3878 2 1 1 0x0 -0.1057 0.4785 -0.11 0.48 -0.0000 0.0000 0.1000 0.1000 0.5042 -0.0334 -0.292090 -0.539578 12.22 
8.3978 2 1 1 0x0 -0.1069 0.4772 -0.11 0.48 -0.0000 0.0000 0.1000 0.1000 0.5042 -0.0334 -0.292090 -0.541770 12.23 
8.4078 2 1 1 0x0 -0.1082 0.4760 -0.11 0.48 -0.0000 0.0000 0.1000 0.1000 0.5042 -0.0334 -0.292090 -0.544770 12.22 
8.4178 2 1 1 0x0 -0.1094 0.4747 -0.11 0.47 -0.0000 0.0000 0.1000 0.1000 0.5042 -0.0334 -0.292090 -0.548278 12.22 
8.4278 2 1 1 0x0 -0.1107 0.4735 -0.11 0.47 -0.0000 0.0000 0.1000 0.1000 0.5042 -0.0334 -0.292090 -0.551742 12.23 
8.4378 2 1 1 0x0 -0.1120 0.4722 -0.11 0.47 -0.0000 0.0000 0.1000 0.1000 0.5042 -0.0334 -0.292090 -0.555164 12.22 
8.4478 2 1 1 0x0 -0.1132 0.4710 -0.11 0.47 -0.0000 0.0000 0.1000 0.1000 0.5042 -0.0334 -0.292090 -0.556691 12.22 
8.4578 2 1 1 0x0 -0.1145 0.4697 -0.11 0.47 -0.0000 0.0000 0.1000 0.1000 0.5042 -0.0334 -0.292090 -0.554408 12.22 
8.4678 2 1 1 0x0 -0.1157 0.4684 -0.12 0.47 -0.0000 0.0000 0.1000 0.1000 0.5042 -0.0334 -0.292090 -0.548772 12.22 
8.4778 2 1 1 0x0 -0.1170 0.4671 -0.12 0.47 -0.0000 0.0000 0.1000 0.1000 0.5042 -0.0334 -0.292090 -0.541284 12.22 
8.4878 2 1 1 0x0 -0.1183 0.4659 -0.12 0.47 -0.0000 0.0000 0.1000 0.1000 0.5042 -0.0334 -0.292090 -0.532675 12.22 
8.4978 2 1 1 0x0 -0.1196 0.4646 -0.12 0.46 -0.0000 0.0000 0.1000 0.1000 0.5042 -0.0334 -0.292090 -0.523056 12.23 
8.5078 2 1 1 0x0 -0.1209 0.4633 -0.12 0.46 -0.0000 0.0000 0.1000 0.1000 0.5042 -0.0334 -0.292090 -0.512526 12.22 
8.5178 2 1 1 0x0 -0.1222 0.4620 -0.12 0.46 -0.0000 0.0000 0.1000 0.1000 0.5042 -0.0334 -0.292090 -0.502497 12.22 
8.5278 2 1 1 0x0 -0.1235 0.4607 -0.12 0.46 -0.0000 0.0000 0.1000 0.1000 0.5042 -0.0334 -0.292090 -0.494539 12.23 
8.5378 2 1 1 0x0 -0.1247 0.4594 -0.12 0.46 -0.0000 0.0000 0.1000 0.1000 0.5042 -0.0334 -0.292090 -0.488720 12.22 
8.5478 2 1 1 0x0 -0.1260 0.4582 -0.13 0.46 -0.0000 0.0000 0.1000 0.1000 0.5042 -0.0334 -0.292090 -0.484999 12.22 
8.5578 2 1 1 0x0 -0.1273 0.4569 -0.13 0.46 -0.0000 0.0000 0.1000 0.1000 0.5042 -0.0334 -0.292090 -0.482907 12.23 
8.5678 2 1 1 0x0 -0.1286 0.4556 -0.13 0.46 -0.0000 0.0000 0.1000 0.1000 0.5042 -0.0334 -0.292090 -0.482045 12.22 
8.5778 2 1 1 0x0 -0.1299 0.4543 -0.13 0.45 -0.0000 0.0000 0.1000 0.1000 0.5042 -0.0334 -0.292090 -0.482239 12.22 
8.5878 2 1 1 0x0 -0.1312 0.4530 -0.13 0.45 -0.0000 0.0000 0.1000 0.1000 0.5042 -0.0334 -0.292090 -0.483563 12.22 
8.5978 2 1 1 0x0 -0.1325 0.4517 -0.13 0.45 -0.0000 0.0000 0.1000 0.1000 0.5042 -0.0334 -0.292090 -0.485615 12.22 
8.6078 2 1 1 0x0 -0.1337 0.4504 -0.13 0.45 -0.0000 0.0000 0.1000 0.1000 0.5042 -0.0334 -0.292090 -0.488346 12.22 
8.6179 2 1 1 0x0 -0.1350 0.4492 -0.14 0.45 -0.0000 0.0000 0.1000 0.1000 0.5042 -0.0334 -0.292090 -0.491668 12.22 
8.6279 2 1 1 0x0 -0.1363 0.4479 -0.14 0.45 -0.0000 0.0000 0.1000 0.1000 0.5042 -0.0334 -0.292090 -0.495498 12.22 
8.6379 2 1 1 0x0 -0.1277 0.4510 -0.13 0.45 -0.0000 0.0000 0.1000 0.1000 0.5040 -0.0333 -0.289386 -0.499738 12.22 
8.6479 2 1 1 0x0 -0.1297 0.4491 -0.13 0.45 -0.0000 0.0000 0.1000 0.1000 0.5040 -0.0333 -0.289386 -0.504136 12.22 
8.6579 2 1 1 0x0 -0.1220 0.4514 -0.12 0.45 -0.0000 0.0000 0.1000 0.1000 0.5038 -0.0333 -0.286681 -0.508674 12.22 
8.6679 2 1 1 0x0 -0.1242 0.4491 -0.12 0.45 -0.0000 0.0000 0.1000 0.1000 0.5038 -0.0333 -0.286681 -0.513333 12.22 
8.6779 2 1 1 0x0 -0.1263 0.4470 -0.13 0.45 -0.0000 0.0000 0.1000 0.1000 0.5038 -0.0333 -0.286681 -0.518166 12.22 
8.6879 2 1 1 0x0 -0.1282 0.4451 -0.13 0.45 -0.0000 0.0000 0.1000 0.1000 0.5038 -0.0333 -0.286681 -0.524172 12.22 
8.6979 2 1 1 0x0 -0.1300 0.4434 -0.13 0.44 -0.0000 0.0000 0.1000 0.1000 0.5038 -0.0333 -0.286681 -0.532229 12.22 
8.7079 2 1 1 0x0 -0.1316 0.4417 -0.13 0.44 -0.0000 0.0000 0.1000 0.1000 0.5038 -0.0333 -0.286681 -0.542502 12.22 
8.7179 2 1 1 0x0 -0.1332 0.4402 -0.13 0.44 -0.0000 0.0000 0.1000 0.1000 0.5038 -0.0333 -0.286681 -0.554680 12.21 
8.7279 2 1 1 0x0 -0.1347 0.4387 -0.13 0.44 -0.0000 0.0000 0.1000 0.1000 0.5038 -0.0333 -0.286681 -0.568256 12.22 
8.7379 2 1 1 0x0 -0.1267 0.4413 -0.13 0.44 -0.0000 0.0000 0.1000 0.1000 0.5036 -0.0332 -0.283977 -0.582413 12.22 
8.7479 2 1 1 0x0 -0.1286 0.4393 -0.13 0.44 -0.0000 0.0000 0.1000 0.1000 0.5036 -0.0332 -0.283977 -0.596301 12.22 
8.7579 2 1 1 0x0 -0.1304 0.4376 -0.13 0.44 -0.0000 0.0000 0.1000 0.1000 0.5036 -0.0332 -0.283977 -0.609271 12.22 
8.7679 2 1 1 0x0 -0.1320 0.4359 -0.13 0.44 -0.0000 0.0000 0.1000 0.1000 0.5036 -0.0332 -0.283977 -0.621010 12.22 
8.7779 2 1 1 0x0 -0.1241 0.4384 -0.12 0.44 -0.0100 0.0000 0.0276 0.1000 0.5034 -0.0332 -0.281272 -0.631110 12.22 
8.7879 2 1 1 0x0 -0.1262 0.4364 -0.13 0.44 -0.0100 0.0000 0.0376 0.1000 0.5034 -0.0332 -0.281272 -0.639146 12.22 
8.7979 2 1 1 0x0 -0.1280 0.4345 -0.13 0.43 -0.0100 0.0000 0.0476 0.1000 0.5034 -0.0332 -0.281272 -0.644706 12.22 
8.8079 2 1 1 0x0 -0.1297 0.4329 -0.13 0.43 -0.0100 0.0000 0.0576 0.1000 0.5034 -0.0332 -0.281272 -0.647912 12.23 
8.8179 2 1 1 0x0 -0.1312 0.4313 -0.13 0.43 -0.0086 0.0000 0.0676 0.1000 0.5034 -0.0332 -0.281272 -0.649477 12.21 
8.8279 2 1 1 0x0 -0.1327 0.4299 -0.13 0.43 -0.0071 0.0000 0.0776 0.1000 0.5034 -0.0332 -0.281272 -0.650522 12.22 
8.8379 2 1 1 0x0 -0.1341 0.4285 -0.13 0.43 -0.0060 0.0000 0.0876 0.1000 0.5034 -0.0332 -0.281272 -0.651955 12.22 
8.8479 2 1 1 0x0 -0.1354 0.4272 -0.14 0.43 -0.0053 0.0000 0.0976 0.1000 0.5034 -0.0332 -0.281272 -0.653901 12.22 
8.8579 2 1 1 0x0 -0.1366 0.4259 -0.14 0.43 -0.0046 0.0000 0.1000 0.1000 0.5034 -0.0332 -0.281272 -0.656391 12.22 
8.8680 2 1 1 0x0 -0.1378 0.4247 -0.14 0.42 -0.0042 0.0000 0.1000 0.1000 0.5034 -0.0332 -0.281272 -0.659400 12.23 
8.8780 2 1 1 0x0 -0.1390 0.4236 -0.14 0.42 -0.0038 0.0000 0.1000 0.1000 0.5034 -0.0332 -0.281272 -0.663075 12.22 
8.8880 2 1 1 0x0 -0.1401 0.4225 -0.14 0.42 -0.0035 0.0000 0.1000 0.1000 0.5034 -0.0332 -0.281272 -0.667177 12.23 
8.8980 2 1 1 0x0 -0.1412 0.4214 -0.14 0.42 -0.0032 0.0000 0.1000 0.1000 0.5034 -0.0332 -0.281272 -0.671229 12.22 
8.9080 2 1 1 0x0 -0.1423 0.4203 -0.14 0.42 -0.0030 0.0000 0.1000 0.1000 0.5034 -0.0332 -0.281272 -0.674714 12.22 
8.9180 2 1 1 0x0 -0.1433 0.4192 -0.14 0.42 -0.0028 0.0000 0.1000 0.1000 0.5034 -0.0332 -0.281272 -0.677449 12.22 
8.9280 2 1 1 0x0 -0.1444 0.4182 -0.14 0.42 -0.0026 0.0000 0.1000 0.1000 0.5034 -0.0332 -0.281272 -0.678996 12.22 
8.9380 2 1 1 0x0 -0.1454 0.4171 -0.15 0.42 -0.0024 0.0000 0.1000 0.1000 0.5034 -0.0332 -0.281272 -0.679711 12.22 
8.9480 2 1 1 0x0 -0.1464 0.4161 -0.15 0.42 -0.0023 0.0000 0.1000 0.1000 0.5034 -0.0332 -0.281272 -0.679386 12.22 
8.9580 2 1 1 0x0 -0.1474 0.4151 -0.15 0.42 -0.0022 0.0000 0.1000 0.1000 0.5034 -0.0332 -0.281272 -0.679310 12.23 
8.9680 2 1 1 0x0 -0.1484 0.4141 -0.15 0.41 -0.0021 0.0000 0.1000 0.1000 0.5034 -0.0332 -0.281272 -0.679371 12.21 
8.9780 2 1 1 0x0 -0.1494 0.4131 -0.15 0.41 -0.0000 0.0000 0.1000 0.1000 0.5034 -0.0332 -0.281272 -0.679962 12.22 
8.9880 2 1 1 0x0 -0.1504 0.4121 -0.15 0.41 -0.0000 0.0000 0.1000 0.1000 0.5034 -0.0332 -0.281272 -0.681455 12.22 
8.9980 2 1 1 0x0 -0.1514 0.4111 -0.15 0.41 -0.0000 0.0000 0.1000 0.1000 0.5034 -0.0332 -0.281272 -0.683693 12.22 
9.0080 2 1 1 0x0 -0.1524 0.4101 -0.15 0.41 -0.0000 0.0000 0.1000 0.1000 0.5034 -0.0332 -0.281272 -0.686761 12.22 
9.0180 2 1 1 0x0 -0.1534 0.4091 -0.15 0.41 -0.0000 0.0000 0.1000 0.1000 0.5034 -0.0332 -0.281272 -0.690609 12.22 
9.0280 2 1 1 0x0 -0.1544 0.4081 -0.15 0.41 -0.0000 0.0000 0.1000 0.1000 0.5034 -0.0332 -0.281272 -0.695459 12.22 
9.0380 2 1 1 0x0 -0.1554 0.4072 -0.16 0.41 -0.0000 0.0000 0.1000 0.1000 0.5034 -0.0332 -0.281272 -0.701709 12.22 
9.0480 2 1 1 0x0 -0.1564 0.4062 -0.16 0.41 -0.0000 0.0000 0.1000 0.1000 0.5034 -0.0332 -0.281272 -0.709192 12.21 
9.0580 2 1 1 0x0 -0.1573 0.4052 -0.16 0.41 -0.0000 0.0000 0.1000 0.1000 0.5034 -0.0332 -0.281272 -0.717015 12.22 
9.0680 2 1 1 0x0 -0.1583 0.4042 -0.16 0.40 -0.0000 0.0000 0.1000 0.1000 0.5034 -0.0332 -0.281272 -0.724016 12.22 
9.0780 2 1 1 0x0 -0.1593 0.4032 -0.16 0.40 -0.0000 0.0000 0.1000 0.1000 0.5034 -0.0332 -0.281272 -0.729373 12.22 
9.0880 2 1 1 0x0 -0.1603 0.4023 -0.16 0.40 -0.0000 0.0000 0.1000 0.1000 0.5034 -0.0332 -0.281272 -0.732635 12.22 
9.0980 2 1 1 0x0 -0.1613 0.4013 -0.16 0.40 -0.0000 0.0000 0.1000 0.1000 0.5034 -0.0332 -0.281272 -0.733742 12.22 
9.1081 2 1 1 0x0 -0.1622 0.4003 -0.16 0.40 -0.0000 0.0000 0.1000 0.1000 0.5034 -0.0332 -0.281272 -0.732829 12.22 
9.1181 2 1 1 0x0 -0.1632 0.3993 -0.16 0.40 -0.0000 0.0000 0.1000 0.1000 0.5034 -0.0332 -0.281272 -0.730358 12.23 
9.1281 2 1 1 0x0 -0.1642 0.3984 -0.16 0.40 -0.0000 0.0000 0.1000 0.1000 0.5034 -0.0332 -0.281272 -0.727067 12.22 
9.1381 2 1 1 0x0 -0.1652 0.3974 -0.17 0.40 -0.0000 0.0000 0.1000 0.1000 0.5034 -0.0332 -0.281272 -0.723741 12.23 
9.1481 2 1 1 0x0 -0.1661 0.3964 -0.17 0.40 -0.0000 0.0000 0.1000 0.1000 0.5034 -0.0332 -0.281272 -0.720670 12.22 
9.1581 2 1 1 0x0 -0.1671 0.3954 -0.17 0.40 -0.0000 0.0000 0.1000 0.1000 0.5034 -0.0332 -0.281272 -0.717699 12.22 
9.1681 2 1 1 0x0 -0.1681 0.3945 -0.17 0.39 -0.0000 0.0000 0.1000 0.1000 0.5034 -0.0332 -0.281272 -0.714467 12.22 
9.1781 2 1 1 0x0 -0.1691 0.3935 -0.17 0.39 -0.0000 0.0000 0.1000 0.1000 0.5034 -0.0332 -0.281272 -0.711024 12.22 
9.1881 2 1 1 0x0 -0.1700 0.3925 -0.17 0.39 -0.0000 0.0000 0.1000 0.1000 0.5034 -0.0332 -0.281272 -0.707569 12.22 
9.1981 2 1 1 0x0 -0.1710 0.3915 -0.17 0.39 -0.0000 0.0000 0.1000 0.1000 0.5034 -0.0332 -0.281272 -0.703941 12.22 
9.2081 2 1 1 0x0 -0.1720 0.3905 -0.17 0.39 -0.0000 0.0000 0.1000 0.1000 0.5034 -0.0332 -0.281272 -0.699905 12.22 
9.2181 2 1 1 0x0 -0.1730 0.3896 -0.17 0.39 -0.0000 0.0000 0.1000 0.1000 0.5034 -0.0332 -0.281272 -0.695236 12.22 
9.2281 2 1 1 0x0 -0.1740 0.3886 -0.17 0.39 -0.0000 0.0000 0.1000 0.1000 0.5034 -0.0332 -0.281272 -0.689756 12.22 
9.2381 2 1 1 0x0 -0.1749 0.3876 -0.17 0.39 -0.0000 0.0000 0.1000 0.1000 0.5034 -0.0332 -0.281272 -0.683559 12.22 
9.2481 2 1 1 0x0 -0.1759 0.3866 -0.18 0.39 -0.0000 0.0000 0.1000 0.1000 0.5034 -0.0332 -0.281272 -0.677217 12.22 
9.2581 2 1 1 0x0 -0.1769 0.3857 -0.18 0.39 -0.0000 0.0000 0.1000 0.1000 0.5034 -0.0332 -0.281272 -0.671468 12.22 
9.2681 2 1 1 0x0 -0.1779 0.3847 -0.18 0.38 -0.0000 0.0000 0.1000 0.1000 0.5034 -0.0332 -0.281272 -0.666686 12.22 
9.2781 2 1 1 0x0 -0.1788 0.3837 -0.18 0.38 -0.0000 0.0000 0.1000 0.1000 0.5034 -0.0332 -0.281272 -0.662959 12.22 
9.2881 2 1 1 0x0 -0.1798 0.3827 -0.18 0.38 -0.0000 0.0000 0.1000 0.1000 0.5034 -0.0332 -0.281272 -0.659894 12.22 
9.2981 2 1 1 0x0 -0.1808 0.3817 -0.18 0.38 -0.0000 0.0000 0.1000 0.1000 0.5034 -0.0332 -0.281272 -0.656964 12.22 
9.3081 2 1 1 0x0 -0.1818 0.3808 -0.18 0.38 -0.0000 0.0000 0.1000 0.1000 0.5034 -0.0332 -0.281272 -0.653738 12.22 
9.3181 2 1 1 0x0 -0.1828 0.3798 -0.18 0.38 -0.0000 0.0000 0.1000 0.1000 0.5034 -0.0332 -0.281272 -0.649987 12.22 
9.3281 2 1 1 0x0 -0.1837 0.3788 -0.18 0.38 -0.0000 0.0000 0.1000 0.1000 0.5034 -0.0332 -0.281272 -0.645659 12.22 
9.3381 2 1 1 0x0 -0.1847 0.3778 -0.18 0.38 -0.0000 0.0000 0.1000 0.1000 0.5034 -0.0332 -0.281272 -0.641046 12.22 
9.3481 2 1 1 0x0 -0.1953 0.3727 -0.20 0.37 0.0007 0.0000 0.1000 0.1000 0.5036 -0.0332 -0.283977 -0.636190 12.21 
9.3582 2 1 1 0x0 -0.1957 0.3723 -0.20 0.37 0.0007 0.0000 0.1000 0.1000 0.5036 -0.0332 -0.283977 -0.631284 12.22 
9.3682 2 1 1 0x0 -0.2055 0.3679 -0.21 0.37 0.0256 0.0000 0.0179 0.1000 0.5038 -0.0333 -0.286681 -0.626488 12.22 
9.3782 2 1 1 0x0 -0.2150 0.3638 -0.21 0.36 0.0363 0.0000 0.0143 0.1000 0.5040 -0.0333 -0.289386 -0.621426 12.23 
9.3882 2 1 1 0x0 -0.2242 0.3600 -0.22 0.36 0.0315 0.0000 0.0123 0.1000 0.5042 -0.0334 -0.292090 -0.615563 12.22 
9.3982 2 1 1 0x0 -0.2236 0.3606 -0.22 0.36 0.0256 0.0000 0.0223 0.1000 0.5042 -0.0334 -0.292090 -0.608896 12.23 
9.4082 2 1 1 0x0 -0.2233 0.3609 -0.22 0.36 0.0157 0.0000 0.0323 0.1000 0.5042 -0.0334 -0.292090 -0.601771 12.22 
9.4182 2 1 1 0x0 -0.2233 0.3609 -0.22 0.36 0.0113 0.0000 0.0423 0.1000 0.5042 -0.0334 -0.292090 -0.594778 12.23 
9.4282 2 1 1 0x0 -0.2235 0.3606 -0.22 0.36 0.0088 0.0000 0.0523 0.1000 0.5042 -0.0334 -0.292090 -0.588126 12.22 
9.4382 2 1 1 0x0 -0.2239 0.3602 -0.22 0.36 0.0073 0.0000 0.0623 0.1000 0.5042 -0.0334 -0.292090 -0.581625 12.22 
9.4482 2 1 1 0x0 -0.2245 0.3597 -0.22 0.36 0.0062 0.0000 0.0723 0.1000 0.5042 -0.0334 -0.292090 -0.575053 12.22 
9.4582 2 1 1 0x0 -0.2252 0.3590 -0.23 0.36 0.0053 0.0000 0.0823 0.1000 0.5042 -0.0334 -0.292090 -0.568208 12.22 
9.4682 2 1 1 0x0 -0.2260 0.3582 -0.23 0.36 0.0047 0.0000 0.0923 0.1000 0.5042 -0.0334 -0.292090 -0.561208 12.22 
9.4782 2 1 1 0x0 -0.2269 0.3573 -0.23 0.36 0.0042 0.0000 0.1000 0.1000 0.5042 -0.0334 -0.292090 -0.553944 12.22 
9.4882 2 1 1 0x0 -0.2279 0.3563 -0.23 0.36 0.0038 0.0000 0.1000 0.1000 0.5042 -0.0334 -0.292090 -0.546408 12.21 
9.4982 2 1 1 0x0 -0.2289 0.3553 -0.23 0.36 0.0035 0.0000 0.1000 0.1000 0.5042 -0.0334 -0.292090 -0.538639 12.22 
9.5082 2 1 1 0x0 -0.2299 0.3543 -0.23 0.35 0.0032 0.0000 0.1000 0.1000 0.5042 -0.0334 -0.292090 -0.531006 12.22 
9.5182 2 1 1 0x0 -0.2310 0.3531 -0.23 0.35 0.0030 0.0000 0.1000 0.1000 0.5042 -0.0334 -0.292090 -0.524313 12.22 
9.5282 2 1 1 0x0 -0.2322 0.3520 -0.23 0.35 0.0028 0.0000 0.1000 0.1000 0.5042 -0.0334 -0.292090 -0.519150 12.22 
9.5382 2 1 1 0x0 -0.2333 0.3509 -0.23 0.35 0.0026 0.0000 0.1000 0.1000 0.5042 -0.0334 -0.292090 -0.515765 12.22 
9.5482 2 1 1 0x0 -0.2345 0.3497 -0.23 0.35 0.0024 0.0000 0.1000 0.1000 0.5042 -0.0334 -0.292090 -0.514515 12.22 
9.5582 2 1 1 0x0 -0.2357 0.3485 -0.24 0.35 0.0023 0.0000 0.1000 0.1000 0.5042 -0.0334 -0.292090 -0.515316 12.21 
9.5682 2 1 1 0x0 -0.2369 0.3473 -0.24 0.35 0.0022 0.0000 0.1000 0.1000 0.5042 -0.0334 -0.292090 -0.517924 12.22 
9.5782 2 1 1 0x0 -0.2382 0.3460 -0.24 0.35 0.0021 0.0000 0.1000 0.1000 0.5042 -0.0334 -0.292090 -0.521630 12.23 
9.5882 2 1 1 0x0 -0.2394 0.3448 -0.24 0.34 0.0000 0.0000 0.1000 0.1000 0.5042 -0.0334 -0.292090 -0.525645 12.22 
9.5982 2 1 1 0x0 -0.2406 0.3435 -0.24 0.34 0.0000 0.0000 0.1000 0.1000 0.5042 -0.0334 -0.292090 -0.529308 12.23 
9.6083 2 1 1 0x0 -0.2419 0.3423 -0.24 0.34 0.0000 0.0000 0.1000 0.1000 0.5042 -0.0334 -0.292090 -0.532200 12.22 
9.6183 2 1 1 0x0 -0.2432 0.3410 -0.24 0.34 0.0000 0.0000 0.1000 0.1000 0.5042 -0.0334 -0.292090 -0.534298 12.23 
9.6283 2 1 1 0x0 -0.2444 0.3398 -0.24 0.34 0.0000 0.0000 0.1000 0.1000 0.5042 -0.0334 -0.292090 -0.535599 12.23 
9.6383 2 1 1 0x0 -0.2457 0.3385 -0.25 0.34 0.0000 0.0000 0.1000 0.1000 0.5042 -0.0334 -0.292090 -0.535933 12.23 
9.6483 2 1 1 0x0 -0.2469 0.3372 -0.25 0.34 0.0000 0.0000 0.1000 0.1000 0.5042 -0.0334 -0.292090 -0.535274 12.22 
9.6583 2 1 1 0x0 -0.2482 0.3360 -0.25 0.34 0.0000 0.0000 0.1000 0.1000 0.5042 -0.0334 -0.292090 -0.533314 12.22 
9.6683 2 1 1 0x0 -0.2495 0.3347 -0.25 0.33 0.0000 0.0000 0.1000 0.1000 0.5042 -0.0334 -0.292090 -0.530536 12.22 
9.6783 2 1 1 0x0 -0.2508 0.3334 -0.25 0.33 0.0000 0.0000 0.1000 0.1000 0.5042 -0.0334 -0.292090 -0.528099 12.23 
9.6883 2 1 1 0x0 -0.2604 0.3130 -0.26 0.31 0.0000 0.0674 0.1000 0.0054 0.5046 -0.0335 -0.286681 -0.539178 12.23 
9.6983 2 1 1 0x0 -0.2688 0.2937 -0.27 0.29 0.0000 0.0739 0.1000 0.0055 0.5050 -0.0336 -0.281272 -0.552823 12.21 
9.7083 2 1 1 0x0 -0.2720 0.2851 -0.27 0.29 0.0000 0.0540 0.1000 0.0101 0.5052 -0.0337 -0.278567 -0.561133 12.23 
9.7183 2 1 1 0x0 -0.2749 0.2768 -0.27 0.28 0.0000 0.0496 0.1000 0.0134 0.5054 -0.0337 -0.275863 -0.569217 12.22 
9.7283 2 1 1 0x0 -0.2778 0.2686 -0.28 0.27 0.0000 0.0405 0.1000 0.0143 0.5056 -0.0338 -0.273158 -0.577489 12.22 
9.7383 2 1 1 0x0 -0.2810 0.2599 -0.28 0.26 0.0000 0.0244 0.1000 0.0110 0.5058 -0.0338 -0.270454 -0.582512 12.22 
9.7483 2 1 1 0x0 -0.2798 0.2611 -0.28 0.26 0.0000 0.0244 0.1000 0.0210 0.5058 -0.0338 -0.270454 -0.583972 12.23 
9.7583 2 1 1 0x0 -0.2791 0.2618 -0.28 0.26 0.0000 0.0179 0.1000 0.0310 0.5058 -0.0338 -0.270454 -0.584116 12.22 
9.7683 2 1 1 0x0 -0.2830 0.2525 -0.28 0.25 0.0000 0.0162 0.1000 0.0202 0.5060 -0.0339 -0.267749 -0.583905 12.22 
9.7783 2 1 1 0x0 -0.2826 0.2529 -0.28 0.25 0.0000 0.0162 0.1000 0.0302 0.5060 -0.0339 -0.267749 -0.584367 12.22 
9.7883 2 1 1 0x0 -0.2826 0.2529 -0.28 0.25 0.0000 0.0147 0.1000 0.0402 0.5060 -0.0339 -0.267749 -0.586196 12.22 
9.7983 2 1 1 0x0 -0.2870 0.2431 -0.29 0.24 0.0000 0.0135 0.1000 0.0227 0.5062 -0.0339 -0.265045 -0.589556 12.22 
9.8083 2 1 1 0x0 -0.2915 0.2332 -0.29 0.23 0.0000 0.0249 0.1000 0.0095 0.5064 -0.0340 -0.262340 -0.594325 12.22 
9.8183 2 1 1 0x0 -0.2913 0.2334 -0.29 0.23 0.0000 0.0249 0.1000 0.0195 0.5064 -0.0340 -0.262340 -0.600304 12.22 
9.8283 2 1 1 0x0 -0.2956 0.2237 -0.30 0.22 0.0000 0.0271 0.1000 0.0139 0.5066 -0.0341 -0.259636 -0.607298 12.23 
9.8383 2 1 1 0x0 -0.2997 0.2142 -0.30 0.21 0.0000 0.0383 0.1000 0.0111 0.5068 -0.0341 -0.256931 -0.615037 12.23 
9.8483 2 1 1 0x0 -0.3037 0.2047 -0.30 0.20 0.0000 0.0342 0.1000 0.0098 0.5070 -0.0342 -0.254226 -0.623288 12.22 
9.8584 2 1 1 0x0 -0.3075 0.1955 -0.31 0.20 0.0000 0.0451 0.1000 0.0094 0.5071 -0.0342 -0.251522 -0.632465 12.22 
9.8684 2 1 1 0x0 -0.3113 0.1863 -0.31 0.19 0.0000 0.0343 0.1000 0.0090 0.5073 -0.0343 -0.248817 -0.642558 12.22 
9.8784 2 1 1 0x0 -0.3151 0.1772 -0.32 0.18 0.0000 0.0379 0.1000 0.0077 0.5075 -0.0343 -0.246113 -0.653154 12.22 
9.8884 2 1 1 0x0 -0.3144 0.1779 -0.31 0.18 0.0000 0.0379 0.1000 0.0177 0.5075 -0.0343 -0.246113 -0.664067 12.22 
9.8984 2 1 1 0x0 -0.3181 0.1687 -0.32 0.17 0.0000 0.0328 0.1000 0.0162 0.5077 -0.0344 -0.243408 -0.668305 12.22 
9.9084 2 1 1 0x0 -0.3180 0.1689 -0.32 0.17 0.0000 0.0203 0.1000 0.0262 0.5077 -0.0344 -0.243408 -0.664126 12.23 
9.9184 2 1 1 0x0 -0.3183 0.1685 -0.32 0.17 0.0000 0.0135 0.1000 0.0362 0.5077 -0.0344 -0.243408 -0.660238 12.23 
9.9284 2 1 1 0x0 -0.3190 0.1678 -0.32 0.17 0.0000 0.0101 0.1000 0.0462 0.5077 -0.0344 -0.243408 -0.660769 12.22 
9.9384 2 1 1 0x0 -0.3161 0.1762 -0.32 0.18 0.0000 -0.0095 0.1000 0.0287 0.5075 -0.0343 -0.246113 -0.663955 12.22 
9.9484 2 1 1 0x0 -0.3180 0.1742 -0.32 0.17 0.0000 -0.0095 0.1000 0.0387 0.5075 -0.0343 -0.246113 -0.667092 12.21 
9.9584 2 1 1 0x0 -0.3200 0.1722 -0.32 0.17 0.0000 -0.0095 0.1000 0.0487 0.5075 -0.0343 -0.246113 -0.667392 12.22 
9.9684 2 1 1 0x0 -0.3181 0.1796 -0.32 0.18 0.0000 -0.0132 0.1000 0.0220 0.5073 -0.0343 -0.248817 -0.667236 12.22 
9.9784 2 1 1 0x0 -0.3164 0.1866 -0.32 0.19 0.0000 -0.0263 0.1000 0.0089 0.5071 -0.0342 -0.251522 -0.667213 12.22 
9.9884 2 1 1 0x0 -0.3198 0.1832 -0.32 0.18 0.0000 -0.0263 0.1000 0.0189 0.5071 -0.0342 -0.251522 -0.667399 12.22 
9.9984 2 1 1 0x0 -0.3188 0.1897 -0.32 0.19 0.0000 -0.0240 0.1000 0.0128 0.5070 -0.0342 -0.254226 -0.668086 12.22 
10.0084 2 1 1 0x0 -0.3225 0.1860 -0.32 0.19 0.0000 -0.0240 0.1000 0.0227 0.5070 -0.0342 -0.254226 -0.668906 12.22 
10.0184 2 1 1 0x0 -0.3219 0.1919 -0.32 0.19 0.0000 -0.0253 0.1000 0.0163 0.5068 -0.0341 -0.256931 -0.669391 12.22 
10.0284 2 1 1 0x0 -0.3258 0.1881 -0.33 0.19 0.0000 -0.0222 0.1000 0.0263 0.5068 -0.0341 -0.256931 -0.669679 12.22 
10.0384 2 1 1 0x0 -0.3254 0.1939 -0.33 0.19 0.0000 -0.0218 0.1000 0.0190 0.5066 -0.0341 -0.259636 -0.669856 12.22 
10.0484 2 1 1 0x0 -0.3249 0.1998 -0.32 0.20 0.0000 -0.0250 0.1000 0.0116 0.5064 -0.0340 -0.262340 -0.669960 12.22 
10.0584 2 1 1 0x0 -0.3291 0.1956 -0.33 0.20 0.0000 -0.0250 0.1000 0.0216 0.5064 -0.0340 -0.262340 -0.670266 12.22 
10.0684 2 1 1 0x0 -0.3329 0.1918 -0.33 0.19 0.0000 -0.0173 0.1000 0.0316 0.5064 -0.0340 -0.262340 -0.670470 12.21 
10.0784 2 1 1 0x0 -0.3323 0.1978 -0.33 0.20 0.0000 -0.0151 0.1000 0.0200 0.5062 -0.0339 -0.265045 -0.670646 12.22 
10.0884 2 1 1 0x0 -0.3361 0.1940 -0.34 0.19 0.0000 -0.0151 0.1000 0.0300 0.5062 -0.0339 -0.265045 -0.670995 12.22 
10.0985 2 1 1 0x0 -0.3397 0.1904 -0.34 0.19 0.0000 -0.0151 0.1000 0.0400 0.5062 -0.0339 -0.265045 -0.671336 12.22 
10.1085 2 1 1 0x0 -0.3388 0.1967 -0.34 0.20 0.0000 -0.0136 0.1000 0.0216 0.5060 -0.0339 -0.267749 -0.671997 12.22 
10.1185 2 1 1 0x0 -0.3424 0.1931 -0.34 0.19 0.0000 -0.0136 0.1000 0.0316 0.5060 -0.0339 -0.267749 -0.673212 12.22 
10.1285 2 1 1 0x0 -0.3458 0.1897 -0.35 0.19 0.0000 -0.0136 0.1000 0.0416 0.5060 -0.0339 -0.267749 -0.673974 12.22 
10.1385 2 1 1 0x0 -0.3488 0.1867 -0.35 0.19 0.0000 -0.0111 0.1000 0.0516 0.5060 -0.0339 -0.267749 -0.674241 12.22 
10.1485 2 1 1 0x0 -0.3422 0.1879 -0.34 0.19 -0.0005 -0.0087 0.1000 0.0616 0.5058 -0.0338 -0.265045 -0.674236 12.22 
10.1585 2 1 1 0x0 -0.3455 0.1846 -0.35 0.18 -0.0005 -0.0072 0.1000 0.0716 0.5058 -0.0338 -0.265045 -0.674481 12.23 
10.1685 2 1 1 0x0 -0.3388 0.1859 -0.34 0.19 -0.0173 -0.0061 0.0138 0.0816 0.5056 -0.0338 -0.262340 -0.675090 12.22 
10.1785 2 1 1 0x0 -0.3422 0.1824 -0.34 0.18 -0.0173 -0.0053 0.0238 0.0916 0.5056 -0.0338 -0.262340 -0.675428 12.22 
10.1885 2 1 1 0x0 -0.3410 0.1891 -0.34 0.19 -0.0173 -0.0048 0.0338 0.0441 0.5054 -0.0337 -0.265045 -0.675729 12.22 
10.1985 2 1 1 0x0 -0.3353 0.1894 -0.34 0.19 -0.0178 -0.0048 0.0208 0.0541 0.5052 -0.0337 -0.262340 -0.676394 12.22 
10.2085 2 1 1 0x0 -0.3391 0.1856 -0.34 0.19 -0.0178 -0.0048 0.0308 0.0641 0.5052 -0.0337 -0.262340 -0.677019 12.22 
10.2185 2 1 1 0x0 -0.3332 0.1861 -0.33 0.19 -0.0199 -0.0048 0.0192 0.0740 0.5050 -0.0336 -0.259636 -0.677213 12.22 
10.2285 2 1 1 0x0 -0.3368 0.1824 -0.34 0.18 -0.0199 -0.0048 0.0292 0.0840 0.5050 -0.0336 -0.259636 -0.677633 12.22 
10.2385 2 1 1 0x0 -0.3401 0.1792 -0.34 0.18 -0.0140 -0.0048 0.0392 0.0941 0.5050 -0.0336 -0.259636 -0.678234 12.22 
10.2485 2 1 1 0x0 -0.3335 0.1804 -0.33 0.18 -0.0117 -0.0048 0.0217 0.1000 0.5048 -0.0336 -0.256931 -0.678773 12.22 
10.2585 2 1 1 0x0 -0.3368 0.1771 -0.34 0.18 -0.0117 -0.0048 0.0317 0.1000 0.5048 -0.0336 -0.256931 -0.679271 12.22 
10.2685 2 1 1 0x0 -0.3398 0.1740 -0.34 0.17 -0.0117 -0.0048 0.0417 0.1000 0.5048 -0.0336 -0.256931 -0.679716 12.22 
10.2785 2 1 1 0x0 -0.3426 0.1713 -0.34 0.17 -0.0117 -0.0044 0.0517 0.1000 0.5048 -0.0336 -0.256931 -0.680130 12.21 
10.2885 2 1 1 0x0 -0.3357 0.1728 -0.34 0.17 -0.0110 -0.0040 0.0259 0.1000 0.5046 -0.0335 -0.254226 -0.680443 12.22 
10.2985 2 1 1 0x0 -0.3386 0.1699 -0.34 0.17 -0.0110 -0.0036 0.0359 0.1000 0.5046 -0.0335 -0.254226 -0.680635 12.22 
10.3085 2 1 1 0x0 -0.3313 0.1717 -0.33 0.17 -0.0152 -0.0033 0.0141 0.1000 0.5044 -0.0335 -0.251522 -0.680889 12.21 
10.3185 2 1 1 0x0 -0.3344 0.1687 -0.33 0.17 -0.0152 -0.0031 0.0241 0.1000 0.5044 -0.0335 -0.251522 -0.681139 12.21 
10.3285 2 1 1 0x0 -0.3372 0.1659 -0.34 0.17 -0.0152 -0.0029 0.0341 0.1000 0.5044 -0.0335 -0.251522 -0.681599 12.22 
10.3385 2 1 1 0x0 -0.3397 0.1633 -0.34 0.16 -0.0132 -0.0027 0.0441 0.1000 0.5044 -0.0335 -0.251522 -0.682183 12.22 
10.3486 2 1 1 0x0 -0.3420 0.1610 -0.34 0.16 -0.0100 -0.0025 0.0541 0.1000 0.5044 -0.0335 -0.251522 -0.682811 12.22 
10.3586 2 1 1 0x0 -0.3442 0.1589 -0.34 0.16 -0.0080 -0.0024 0.0641 0.1000 0.5044 -0.0335 -0.251522 -0.683177 12.22 
10.3686 2 1 1 0x0 -0.3462 0.1569 -0.35 0.16 -0.0067 -0.0022 0.0741 0.1000 0.5044 -0.0335 -0.251522 -0.683647 12.22 
10.3786 2 1 1 0x0 -0.3481 0.1550 -0.35 0.15 -0.0057 -0.0021 0.0841 0.1000 0.5044 -0.0335 -0.251522 -0.683761 12.23 
10.3886 2 1 1 0x0 -0.3499 0.1532 -0.35 0.15 -0.0050 -0.0000 0.0941 0.1000 0.5044 -0.0335 -0.251522 -0.683716 12.23 
10.3986 2 1 1 0x0 -0.3516 0.1514 -0.35 0.15 -0.0045 -0.0000 0.1000 0.1000 0.5044 -0.0335 -0.251522 -0.684012 12.22 
10.4086 2 1 1 0x0 -0.3533 0.1498 -0.35 0.15 -0.0040 -0.0000 0.1000 0.1000 0.5044 -0.0335 -0.251522 -0.684518 12.22 
10.4186 2 1 1 0x0 -0.3549 0.1482 -0.35 0.15 -0.0037 -0.0000 0.1000 0.1000 0.5044 -0.0335 -0.251522 -0.684905 12.23 
10.4286 2 1 1 0x0 -0.3564 0.1466 -0.36 0.15 -0.0034 -0.0000 0.1000 0.1000 0.5044 -0.0335 -0.251522 -0.685013 12.23 
10.4386 2 1 1 0x0 -0.3579 0.1451 -0.36 0.15 -0.0031 -0.0000 0.1000 0.1000 0.5044 -0.0335 -0.251522 -0.685217 12.23 
10.4486 2 1 1 0x0 -0.3594 0.1436 -0.36 0.14 -0.0029 -0.0000 0.1000 0.1000 0.5044 -0.0335 -0.251522 -0.685565 12.22 
10.4586 2 1 1 0x0 -0.3609 0.1421 -0.36 0.14 -0.0027 -0.0000 0.1000 0.1000 0.5044 -0.0335 -0.251522 -0.685813 12.23 
10.4686 2 1 1 0x0 -0.3624 0.1407 -0.36 0.14 -0.0025 -0.0000 0.1000 0.1000 0.5044 -0.0335 -0.251522 -0.686023 12.22 
10.4786 2 1 1 0x0 -0.3638 0.1393 -0.36 0.14 -0.0024 -0.0000 0.1000 0.1000 0.5044 -0.0335 -0.251522 -0.686383 12.22 
10.4886 2 1 1 0x0 -0.3652 0.1378 -0.37 0.14 -0.0022 -0.0000 0.1000 0.1000 0.5044 -0.0335 -0.251522 -0.686779 12.22 
10.4986 2 1 1 0x0 -0.3666 0.1364 -0.37 0.14 -0.0021 -0.0000 0.1000 0.1000 0.5044 -0.0335 -0.251522 -0.687022 12.23 
10.5086 2 1 1 0x0 -0.3680 0.1350 -0.37 0.14 -0.0000 -0.0000 0.1000 0.1000 0.5044 -0.0335 -0.251522 -0.687318 12.22 
10.5186 2 1 1 0x0 -0.3694 0.1336 -0.37 0.13 -0.0000 -0.0000 0.1000 0.1000 0.5044 -0.0335 -0.251522 -0.687587 12.22 
10.5286 2 1 1 0x0 -0.3708 0.1323 -0.37 0.13 -0.0000 -0.0000 0.1000 0.1000 0.5044 -0.0335 -0.251522 -0.687856 12.22 
10.5386 2 1 1 0x0 -0.3722 0.1309 -0.37 0.13 -0.0000 -0.0000 0.1000 0.1000 0.5044 -0.0335 -0.251522 -0.688147 12.22 
10.5486 2 1 1 0x0 -0.3735 0.1295 -0.37 0.13 -0.0000 -0.0000 0.1000 0.1000 0.5044 -0.0335 -0.251522 -0.688505 12.22 
10.5586 2 1 1 0x0 -0.3749 0.1281 -0.37 0.13 -0.0000 -0.0000 0.1000 0.1000 0.5044 -0.0335 -0.251522 -0.688838 12.22 
10.5686 2 1 1 0x0 -0.3763 0.1267 -0.38 0.13 -0.0000 -0.0000 0.1000 0.1000 0.5044 -0.0335 -0.251522 -0.688950 12.22 
10.5786 2 1 1 0x0 -0.3777 0.1254 -0.38 0.13 -0.0000 -0.0000 0.1000 0.1000 0.5044 -0.0335 -0.251522 -0.689172 12.22 
10.5886 2 1 1 0x0 -0.3790 0.1240 -0.38 0.12 -0.0000 -0.0000 0.1000 0.1000 0.5044 -0.0335 -0.251522 -0.689410 12.22 
10.5987 2 1 1 0x0 -0.3804 0.1227 -0.38 0.12 -0.0000 -0.0000 0.1000 0.1000 0.5044 -0.0335 -0.251522 -0.689380 12.22 
10.6087 2 1 1 0x0 -0.3817 0.1213 -0.38 0.12 -0.0000 -0.0000 0.1000 0.1000 0.5044 -0.0335 -0.251522 -0.689331 12.22 
10.6187 2 1 1 0x0 -0.3831 0.1199 -0.38 0.12 -0.0000 -0.0000 0.1000 0.1000 0.5044 -0.0335 -0.251522 -0.689652 12.22 
10.6287 2 1 1 0x0 -0.3845 0.1186 -0.38 0.12 -0.0000 -0.0000 0.1000 0.1000 0.5044 -0.0335 -0.251522 -0.690167 12.23 
10.6387 2 1 1 0x0 -0.3858 0.1172 -0.39 0.12 -0.0000 -0.0000 0.1000 0.1000 0.5044 -0.0335 -0.251522 -0.690394 12.22 
10.6487 2 1 1 0x0 -0.3872 0.1159 -0.39 0.12 -0.0000 -0.0000 0.1000 0.1000 0.5044 -0.0335 -0.251522 -0.690435 12.22 
10.6587 2 1 1 0x0 -0.3885 0.1145 -0.39 0.11 -0.0000 -0.0000 0.1000 0.1000 0.5044 -0.0335 -0.251522 -0.690584 12.23 
10.6687 2 1 1 0x0 -0.3899 0.1132 -0.39 0.11 -0.0000 -0.0000 0.1000 0.1000 0.5044 -0.0335 -0.251522 -0.691017 12.22 
10.6787 2 1 1 0x0 -0.3912 0.1118 -0.39 0.11 -0.0000 -0.0000 0.1000 0.1000 0.5044 -0.0335 -0.251522 -0.691353 12.22 
10.6887 2 1 1 0x0 -0.3926 0.1105 -0.39 0.11 -0.0000 -0.0000 0.1000 0.1000 0.5044 -0.0335 -0.251522 -0.691446 12.22 
10.6987 2 1 1 0x0 -0.3939 0.1091 -0.39 0.11 -0.0000 -0.0000 0.1000 0.1000 0.5044 -0.0335 -0.251522 -0.691587 12.22 
10.7087 2 1 1 0x0 -0.3953 0.1077 -0.40 0.11 -0.0000 -0.0000 0.1000 0.1000 0.5044 -0.0335 -0.251522 -0.691929 12.22 
10.7187 2 1 1 0x0 -0.3967 0.1064 -0.40 0.11 -0.0000 -0.0000 0.1000 0.1000 0.5044 -0.0335 -0.251522 -0.692214 12.22 
10.7287 2 1 1 0x0 -0.3980 0.1050 -0.40 0.11 -0.0000 -0.0000 0.1000 0.1000 0.5044 -0.0335 -0.251522 -0.692381 12.22 
10.7387 2 1 1 0x0 -0.3994 0.1037 -0.40 0.10 -0.0000 -0.0000 0.1000 0.1000 0.5044 -0.0335 -0.251522 -0.692532 12.22 
10.7487 2 1 1 0x0 -0.4007 0.1023 -0.40 0.10 -0.0000 -0.0000 0.1000 0.1000 0.5044 -0.0335 -0.251522 -0.692810 12.22 
10.7587 2 1 1 0x0 -0.4021 0.1010 -0.40 0.10 -0.0000 -0.0000 0.1000 0.1000 0.5044 -0.0335 -0.251522 -0.693078 12.22 
10.7687 2 1 1 0x0 -0.4034 0.0996 -0.40 0.10 -0.0000 -0.0000 0.1000 0.1000 0.5044 -0.0335 -0.251522 -0.693320 12.22 
10.7787 2 1 1 0x0 -0.4048 0.0982 -0.40 0.10 -0.0000 -0.0000 0.1000 0.1000 0.5044 -0.0335 -0.251522 -0.693576 12.22 
10.7887 2 1 1 0x0 -0.4062 0.0969 -0.41 0.10 -0.0000 -0.0000 0.1000 0.1000 0.5044 -0.0335 -0.251522 -0.694189 12.22 
10.7987 2 1 1 0x0 -0.3981 0.0996 -0.40 0.10 -0.0008 -0.0000 0.1000 0.1000 0.5042 -0.0334 -0.248817 -0.695800 12.23 
10.8087 2 1 1 0x0 -0.4000 0.0976 -0.40 0.10 -0.0008 -0.0000 0.1000 0.1000 0.5042 -0.0334 -0.248817 -0.696556 12.22 
10.8187 2 1 1 0x0 -0.3925 0.0998 -0.39 0.10 -0.0221 -0.0000 0.0179 0.1000 0.5040 -0.0334 -0.246113 -0.695912 12.21 
10.8287 2 1 1 0x0 -0.3992 0.0876 -0.40 0.09 -0.0221 0.0006 0.0279 0.1000 0.5042 -0.0334 -0.243408 -0.696164 12.22 
10.8387 2 1 1 0x0 -0.4006 0.0862 -0.40 0.09 -0.0141 0.0006 0.0379 0.1000 0.5042 -0.0334 -0.243408 -0.696591 12.21 
10.8488 2 1 1 0x0 -0.4020 0.0848 -0.40 0.08 -0.0105 0.0006 0.0479 0.1000 0.5042 -0.0334 -0.243408 -0.696163 12.22 
10.8588 2 1 1 0x0 -0.4076 0.0738 -0.41 0.07 -0.0083 0.0146 0.0579 0.0180 0.5044 -0.0335 -0.240704 -0.696323 12.22 
10.8688 2 1 1 0x0 -0.4084 0.0730 -0.41 0.07 -0.0069 0.0146 0.0679 0.0280 0.5044 -0.0335 -0.240704 -0.697234 12.22 
10.8788 2 1 1 0x0 -0.4135 0.0625 -0.41 0.06 -0.0059 0.0205 0.0779 0.0142 0.5046 -0.0335 -0.237999 -0.696799 12.22 
10.8888 2 1 1 0x0 -0.4139 0.0621 -0.41 0.06 -0.0052 0.0205 0.0879 0.0242 0.5046 -0.0335 -0.237999 -0.696729 12.23 
10.8988 2 1 1 0x0 -0.4188 0.0518 -0.42 0.05 -0.0046 0.0175 0.0979 0.0127 0.5048 -0.0336 -0.235295 -0.697365 12.22 
10.9088 2 1 1 0x0 -0.4189 0.0517 -0.42 0.05 -0.0041 0.0175 0.1000 0.0227 0.5048 -0.0336 -0.235295 -0.696992 12.23 
10.9188 2 1 1 0x0 -0.4192 0.0514 -0.42 0.05 -0.0037 0.0175 0.1000 0.0327 0.5048 -0.0336 -0.235295 -0.696564 12.22 
10.9288 2 1 1 0x0 -0.4197 0.0509 -0.42 0.05 -0.0034 0.0131 0.1000 0.0427 0.5048 -0.0336 -0.235295 -0.696988 12.22 
10.9388 2 1 1 0x0 -0.4204 0.0501 -0.42 0.05 -0.0032 0.0099 0.1000 0.0527 0.5048 -0.0336 -0.235295 -0.696732 12.23 
10.9488 2 1 1 0x0 -0.4213 0.0493 -0.42 0.05 -0.0029 0.0079 0.1000 0.0627 0.5048 -0.0336 -0.235295 -0.696247 12.22 
10.9588 2 1 1 0x0 -0.4223 0.0483 -0.42 0.05 -0.0027 0.0066 0.1000 0.0727 0.5048 -0.0336 -0.235295 -0.696204 12.22 
10.9688 2 1 1 0x0 -0.4326 0.0434 -0.43 0.04 0.0027 0.0057 0.0840 0.0827 0.5050 -0.0336 -0.237999 -0.696090 12.22 
10.9788 2 1 1 0x0 -0.4332 0.0428 -0.43 0.04 0.0027 0.0050 0.0940 0.0927 0.5050 -0.0336 -0.237999 -0.696841 12.21 
10.9888 2 1 1 0x0 -0.4434 0.0380 -0.44 0.04 0.0193 0.0045 0.0188 0.1000 0.5052 -0.0337 -0.240704 -0.696824 12.22 
10.9988 2 1 1 0x0 -0.4534 0.0334 -0.45 0.03 0.0279 0.0040 0.0110 0.1000 0.5054 -0.0337 -0.243408 -0.697988 12.22 
11.0088 2 1 1 0x0 -0.4534 0.0334 -0.45 0.03 0.0279 0.0037 0.0210 0.1000 0.5054 -0.0337 -0.243408 -0.699023 12.22 
11.0188 2 1 1 0x0 -0.4636 0.0286 -0.46 0.03 0.0178 0.0034 0.0123 0.1000 0.5056 -0.0338 -0.246113 -0.699043 12.22 
11.0288 2 1 1 0x0 -0.4635 0.0287 -0.46 0.03 0.0178 0.0031 0.0223 0.1000 0.5056 -0.0338 -0.246113 -0.700115 12.22 
11.0388 2 1 1 0x0 -0.4638 0.0285 -0.46 0.03 0.0178 0.0029 0.0323 0.1000 0.5056 -0.0338 -0.246113 -0.699744 12.22 
11.0488 2 1 1 0x0 -0.4643 0.0280 -0.46 0.03 0.0131 0.0027 0.0423 0.1000 0.5056 -0.0338 -0.246113 -0.700336 12.22 
11.0588 2 1 1 0x0 -0.4650 0.0272 -0.47 0.03 0.0099 0.0025 0.0523 0.1000 0.5056 -0.0338 -0.246113 -0.700371 12.22 
11.0688 2 1 1 0x0 -0.4660 0.0263 -0.47 0.03 0.0080 0.0024 0.0623 0.1000 0.5056 -0.0338 -0.246113 -0.700338 12.23 
11.0788 2 1 1 0x0 -0.4670 0.0252 -0.47 0.03 0.0067 0.0022 0.0723 0.1000 0.5056 -0.0338 -0.246113 -0.701111 12.23 
11.0889 2 1 1 0x0 -0.4683 0.0240 -0.47 0.02 0.0057 0.0021 0.0823 0.1000 0.5056 -0.0338 -0.246113 -0.700987 12.22 
11.0989 2 1 1 0x0 -0.4696 0.0226 -0.47 0.02 0.0050 0.0000 0.0923 0.1000 0.5056 -0.0338 -0.246113 -0.701849 12.22 
11.1089 2 1 1 0x0 -0.4710 0.0212 -0.47 0.02 0.0045 0.0000 0.1000 0.1000 0.5056 -0.0338 -0.246113 -0.701707 12.22 
11.1189 2 1 1 0x0 -0.4818 0.0158 -0.48 0.02 0.0044 0.0000 0.0551 0.1000 0.5058 -0.0338 -0.248817 -0.701921 12.22 
11.1289 2 1 1 0x0 -0.4828 0.0148 -0.48 0.01 0.0044 0.0000 0.0651 0.1000 0.5058 -0.0338 -0.248817 -0.702232 12.23 
11.1389 2 1 1 0x0 -0.4840 0.0137 -0.48 0.01 0.0044 0.0000 0.0751 0.1000 0.5058 -0.0338 -0.248817 -0.702109 12.22 
11.1489 2 1 1 0x0 -0.4853 0.0124 -0.49 0.01 0.0044 0.0000 0.0851 0.1000 0.5058 -0.0338 -0.248817 -0.702442 12.22 
11.1589 2 1 1 0x0 -0.4867 0.0110 -0.49 0.01 0.0044 0.0000 0.0951 0.1000 0.5058 -0.0338 -0.248817 -0.702046 12.22 
11.1689 2 1 1 0x0 -0.4881 0.0095 -0.49 0.01 0.0044 0.0000 0.1000 0.1000 0.5058 -0.0338 -0.248817 -0.701849 12.21 
11.1789 2 1 1 0x0 -0.4897 0.0079 -0.49 0.01 0.0044 0.0000 0.1000 0.1000 0.5058 -0.0338 -0.248817 -0.701715 12.22 
11.1889 2 1 1 0x0 -0.4913 0.0063 -0.49 0.01 0.0044 0.0000 0.1000 0.1000 0.5058 -0.0338 -0.248817 -0.701553 12.22 
11.1989 2 1 1 0x0 -0.5025 0.0006 -0.50 0.00 0.0049 0.0000 0.0480 0.1000 0.5060 -0.0339 -0.251522 -0.701977 12.22 
11.2089 2 1 1 0x0 -0.5036 -0.0005 -0.50 -0.00 0.0049 0.0000 0.0580 0.1000 0.5060 -0.0339 -0.251522 -0.702063 12.23 
11.2189 2 1 1 0x0 -0.5144 -0.0059 -0.51 -0.01 0.0201 0.0000 0.0166 0.1000 0.5062 -0.0339 -0.254226 -0.702496 12.22 
11.2289 2 1 1 0x0 -0.5249 -0.0110 -0.52 -0.01 0.0323 0.0000 0.0102 0.1000 0.5064 -0.0340 -0.256931 -0.702910 12.23 
11.2389 2 1 1 0x0 -0.5351 -0.0158 -0.54 -0.02 0.0351 0.0000 0.0081 0.1000 0.5066 -0.0340 -0.259636 -0.703140 12.22 
11.2489 2 1 1 0x0 -0.5352 -0.0159 -0.54 -0.02 0.0351 0.0000 0.0181 0.1000 0.5066 -0.0340 -0.259636 -0.703692 12.22 
11.2589 2 1 1 0x0 -0.5451 -0.0204 -0.55 -0.02 0.0272 0.0000 0.0149 0.1000 0.5068 -0.0341 -0.262340 -0.703673 12.22 
11.2689 2 1 1 0x0 -0.5549 -0.0248 -0.55 -0.02 0.0326 0.0000 0.0112 0.1000 0.5070 -0.0341 -0.265045 -0.703716 12.22 
11.2789 2 1 1 0x0 -0.5549 -0.0248 -0.55 -0.02 0.0271 0.0000 0.0212 0.1000 0.5070 -0.0341 -0.265045 -0.703348 12.23 
11.2889 2 1 1 0x0 -0.5652 -0.0297 -0.57 -0.03 0.0163 0.0000 0.0126 0.1000 0.5072 -0.0342 -0.267749 -0.703009 12.22 
11.2989 2 1 1 0x0 -0.5652 -0.0297 -0.57 -0.03 0.0163 0.0000 0.0226 0.1000 0.5072 -0.0342 -0.267749 -0.702965 12.22 
11.3089 2 1 1 0x0 -0.5657 -0.0302 -0.57 -0.03 0.0163 0.0000 0.0326 0.1000 0.5072 -0.0342 -0.267749 -0.702549 12.22 
11.3189 2 1 1 0x0 -0.5665 -0.0310 -0.57 -0.03 0.0135 0.0000 0.0426 0.1000 0.5072 -0.0342 -0.267749 -0.702273 12.22 
11.3289 2 1 1 0x0 -0.5677 -0.0322 -0.57 -0.03 0.0101 0.0000 0.0526 0.1000 0.5072 -0.0342 -0.267749 -0.702304 12.22 
11.3390 2 1 1 0x0 -0.5690 -0.0335 -0.57 -0.03 0.0081 0.0000 0.0626 0.1000 0.5072 -0.0342 -0.267749 -0.702835 12.22 
11.3490 2 1 1 0x0 -0.5705 -0.0350 -0.57 -0.04 0.0067 0.0000 0.0726 0.1000 0.5072 -0.0342 -0.267749 -0.703160 12.22 
11.3590 2 1 1 0x0 -0.5722 -0.0367 -0.57 -0.04 0.0058 0.0000 0.0826 0.1000 0.5072 -0.0342 -0.267749 -0.703206 12.22 
11.3690 2 1 1 0x0 -0.5741 -0.0386 -0.57 -0.04 0.0051 0.0000 0.0926 0.1000 0.5072 -0.0342 -0.267749 -0.703096 12.23 
11.3790 2 1 1 0x0 -0.5760 -0.0405 -0.58 -0.04 0.0045 0.0000 0.1000 0.1000 0.5072 -0.0342 -0.267749 -0.703095 12.22 
11.3890 2 1 1 0x0 -0.5780 -0.0425 -0.58 -0.04 0.0041 0.0000 0.1000 0.1000 0.5072 -0.0342 -0.267749 -0.703554 12.22 
11.3990 2 1 1 0x0 -0.5801 -0.0446 -0.58 -0.04 0.0037 0.0000 0.1000 0.1000 0.5072 -0.0342 -0.267749 -0.704082 12.23 
11.4090 2 1 1 0x0 -0.5822 -0.0467 -0.58 -0.05 0.0034 0.0000 0.1000 0.1000 0.5072 -0.0342 -0.267749 -0.704142 12.22 
11.4190 2 1 1 0x0 -0.5844 -0.0489 -0.58 -0.05 0.0031 0.0000 0.1000 0.1000 0.5072 -0.0342 -0.267749 -0.703997 12.22 
11.4290 2 1 1 0x0 -0.5964 -0.0555 -0.60 -0.06 0.0029 0.0000 0.0712 0.1000 0.5074 -0.0342 -0.270454 -0.703875 12.22 
11.4390 2 1 1 0x0 -0.5981 -0.0572 -0.60 -0.06 0.0029 0.0000 0.0812 0.1000 0.5074 -0.0342 -0.270454 -0.703756 12.23 
11.4490 2 1 1 0x0 -0.5999 -0.0590 -0.60 -0.06 0.0029 0.0000 0.0912 0.1000 0.5074 -0.0342 -0.270454 -0.703961 12.23 
11.4590 2 1 1 0x0 -0.6018 -0.0609 -0.60 -0.06 0.0029 0.0000 0.1000 0.1000 0.5074 -0.0342 -0.270454 -0.704310 12.23 
11.4690 2 1 1 0x0 -0.6038 -0.0629 -0.60 -0.06 0.0029 0.0000 0.1000 0.1000 0.5074 -0.0342 -0.270454 -0.704497 12.23 
11.4790 2 1 1 0x0 -0.6059 -0.0650 -0.61 -0.06 0.0029 0.0000 0.1000 0.1000 0.5074 -0.0342 -0.270454 -0.704587 12.23 
11.4890 2 1 1 0x0 -0.6081 -0.0672 -0.61 -0.07 0.0029 0.0000 0.1000 0.1000 0.5074 -0.0342 -0.270454 -0.704724 12.22 
11.4990 2 1 1 0x0 -0.6103 -0.0694 -0.61 -0.07 0.0029 0.0000 0.1000 0.1000 0.5074 -0.0342 -0.270454 -0.704830 12.22 
11.5090 2 1 1 0x0 -0.6126 -0.0717 -0.61 -0.07 0.0029 0.0000 0.1000 0.1000 0.5074 -0.0342 -0.270454 -0.704974 12.23 
11.5190 2 1 1 0x0 -0.6149 -0.0740 -0.61 -0.07 0.0029 0.0000 0.1000 0.1000 0.5074 -0.0342 -0.270454 -0.705124 12.23 
11.5290 2 1 1 0x0 -0.6172 -0.0763 -0.62 -0.08 0.0029 0.0000 0.1000 0.1000 0.5074 -0.0342 -0.270454 -0.705288 12.22 
11.5390 2 1 1 0x0 -0.6196 -0.0787 -0.62 -0.08 0.0029 0.0000 0.1000 0.1000 0.5074 -0.0342 -0.270454 -0.705422 12.22 
11.5490 2 1 1 0x0 -0.6220 -0.0811 -0.62 -0.08 0.0029 0.0000 0.1000 0.1000 0.5074 -0.0342 -0.270454 -0.705639 12.22 
11.5590 2 1 1 0x0 -0.6244 -0.0835 -0.62 -0.08 0.0029 0.0000 0.1000 0.1000 0.5074 -0.0342 -0.270454 -0.705644 12.21 
11.5690 2 1 1 0x0 -0.6268 -0.0859 -0.63 -0.09 0.0029 0.0000 0.1000 0.1000 0.5074 -0.0342 -0.270454 -0.705955 12.22 
11.5790 2 1 1 0x0 -0.6293 -0.0884 -0.63 -0.09 0.0027 0.0000 0.1000 0.1000 0.5074 -0.0342 -0.270454 -0.705992 12.22 
11.5891 2 1 1 0x0 -0.6317 -0.0908 -0.63 -0.09 0.0025 0.0000 0.1000 0.1000 0.5074 -0.0342 -0.270454 -0.705947 12.21 
11.5991 2 1 1 0x0 -0.6342 -0.0933 -0.63 -0.09 0.0024 0.0000 0.1000 0.1000 0.5074 -0.0342 -0.270454 -0.706109 12.22 
11.6091 2 1 1 0x0 -0.6366 -0.0957 -0.64 -0.10 0.0022 0.0000 0.1000 0.1000 0.5074 -0.0342 -0.270454 -0.706322 12.21 
11.6191 2 1 1 0x0 -0.6391 -0.0982 -0.64 -0.10 0.0021 0.0000 0.1000 0.1000 0.5074 -0.0342 -0.270454 -0.706444 12.22 
11.6291 2 1 1 0x0 -0.6416 -0.1007 -0.64 -0.10 0.0000 0.0000 0.1000 0.1000 0.5074 -0.0342 -0.270454 -0.706457 12.22 
11.6391 2 1 1 0x0 -0.6400 -0.0937 -0.64 -0.09 0.0000 -0.0006 0.1000 0.1000 0.5072 -0.0342 -0.273158 -0.706505 12.23 
11.6491 2 1 1 0x0 -0.6430 -0.0967 -0.64 -0.10 0.0000 -0.0006 0.1000 0.1000 0.5072 -0.0342 -0.273158 -0.706728 12.22 
11.6591 2 1 1 0x0 -0.6460 -0.0997 -0.65 -0.10 0.0000 -0.0006 0.1000 0.1000 0.5072 -0.0342 -0.273158 -0.706973 12.22 
11.6691 2 1 1 0x0 -0.6488 -0.1025 -0.65 -0.10 0.0000 -0.0006 0.1000 0.1000 0.5072 -0.0342 -0.273158 -0.707161 12.22 
11.6791 2 1 1 0x0 -0.6516 -0.1053 -0.65 -0.11 0.0000 -0.0006 0.1000 0.1000 0.5072 -0.0342 -0.273158 -0.707324 12.22 
11.6891 2 1 1 0x0 -0.6543 -0.1080 -0.65 -0.11 0.0000 -0.0006 0.1000 0.1000 0.5072 -0.0342 -0.273158 -0.707504 12.22 
11.6991 2 1 1 0x0 -0.6570 -0.1107 -0.66 -0.11 0.0000 -0.0006 0.1000 0.1000 0.5072 -0.0342 -0.273158 -0.707621 12.23 
11.7091 2 1 1 0x0 -0.6596 -0.1133 -0.66 -0.11 0.0000 -0.0006 0.1000 0.1000 0.5072 -0.0342 -0.273158 -0.707579 12.22 
11.7191 2 1 1 0x0 -0.6622 -0.1159 -0.66 -0.12 0.0000 -0.0006 0.1000 0.1000 0.5072 -0.0342 -0.273158 -0.707516 12.22 
11.7291 2 1 1 0x0 -0.6647 -0.1184 -0.66 -0.12 0.0000 -0.0006 0.1000 0.1000 0.5072 -0.0342 -0.273158 -0.707544 12.22 
11.7391 2 1 1 0x0 -0.6673 -0.1209 -0.67 -0.12 0.0000 -0.0006 0.1000 0.1000 0.5072 -0.0342 -0.273158 -0.707615 12.22 
11.7491 2 1 1 0x0 -0.6698 -0.1234 -0.67 -0.12 0.0000 -0.0006 0.1000 0.1000 0.5072 -0.0342 -0.273158 -0.707595 12.22 
11.7591 2 1 1 0x0 -0.6723 -0.1259 -0.67 -0.13 0.0000 -0.0006 0.1000 0.1000 0.5072 -0.0342 -0.273158 -0.707661 12.22 
11.7691 2 1 1 0x0 -0.6747 -0.1284 -0.67 -0.13 0.0000 -0.0006 0.1000 0.1000 0.5072 -0.0342 -0.273158 -0.707704 12.22 
11.7791 2 1 1 0x0 -0.6772 -0.1309 -0.68 -0.13 0.0000 -0.0006 0.1000 0.1000 0.5072 -0.0342 -0.273158 -0.707785 12.22 
11.7891 2 1 1 0x0 -0.6797 -0.1333 -0.68 -0.13 0.0000 -0.0006 0.1000 0.1000 0.5072 -0.0342 -0.273158 -0.708183 12.22 
11.7991 2 1 1 0x0 -0.6821 -0.1358 -0.68 -0.14 0.0000 -0.0006 0.1000 0.1000 0.5072 -0.0342 -0.273158 -0.708332 12.22 
11.8091 2 1 1 0x0 -0.6846 -0.1382 -0.68 -0.14 0.0000 -0.0006 0.1000 0.1000 0.5072 -0.0342 -0.273158 -0.707962 12.22 
11.8191 2 1 1 0x0 -0.6870 -0.1407 -0.69 -0.14 0.0000 -0.0006 0.1000 0.1000 0.5072 -0.0342 -0.273158 -0.707878 12.22 
11.8292 2 1 1 0x0 -0.6894 -0.1431 -0.69 -0.14 0.0000 -0.0006 0.1000 0.1000 0.5072 -0.0342 -0.273158 -0.707763 12.22 
11.8392 2 1 1 0x0 -0.6919 -0.1456 -0.69 -0.15 0.0000 -0.0000 0.1000 0.1000 0.5072 -0.0342 -0.273158 -0.708050 12.22 
11.8492 2 1 1 0x0 -0.6943 -0.1480 -0.69 -0.15 0.0000 -0.0000 0.1000 0.1000 0.5072 -0.0342 -0.273158 -0.708238 12.22 
11.8592 2 1 1 0x0 -0.6967 -0.1504 -0.70 -0.15 0.0000 -0.0000 0.1000 0.1000 0.5072 -0.0342 -0.273158 -0.708375 12.22 
11.8692 2 1 1 0x0 -0.6991 -0.1528 -0.70 -0.15 0.0000 -0.0000 0.1000 0.1000 0.5072 -0.0342 -0.273158 -0.708476 12.22 
11.8792 2 1 1 0x0 -0.7016 -0.1552 -0.70 -0.16 0.0000 -0.0000 0.1000 0.1000 0.5072 -0.0342 -0.273158 -0.708425 12.22 
11.8892 2 1 1 0x0 -0.7040 -0.1577 -0.70 -0.16 0.0000 -0.0000 0.1000 0.1000 0.5072 -0.0342 -0.273158 -0.708589 12.22 
11.8992 2 1 1 0x0 -0.7064 -0.1601 -0.71 -0.16 0.0000 -0.0000 0.1000 0.1000 0.5072 -0.0342 -0.273158 -0.708696 12.23 
11.9092 2 1 1 0x0 -0.7088 -0.1625 -0.71 -0.16 0.0000 -0.0000 0.1000 0.1000 0.5072 -0.0342 -0.273158 -0.708777 12.23 
11.9192 2 1 1 0x0 -0.7112 -0.1649 -0.71 -0.16 0.0000 -0.0000 0.1000 0.1000 0.5072 -0.0342 -0.273158 -0.708868 12.23 
11.9292 2 1 1 0x0 -0.7136 -0.1673 -0.71 -0.17 0.0000 -0.0000 0.1000 0.1000 0.5072 -0.0342 -0.273158 -0.708915 12.22 
11.9392 2 1 1 0x0 -0.7161 -0.1697 -0.72 -0.17 0.0000 -0.0000 0.1000 0.1000 0.5072 -0.0342 -0.273158 -0.708999 12.22 
11.9492 2 1 1 0x0 -0.7089 -0.1679 -0.71 -0.17 -0.0008 -0.0000 0.1000 0.1000 0.5070 -0.0341 -0.270454 -0.709077 12.22 
11.9592 2 1 1 0x0 -0.7119 -0.1710 -0.71 -0.17 -0.0008 -0.0000 0.1000 0.1000 0.5070 -0.0341 -0.270454 -0.709172 12.23 
11.9692 2 1 1 0x0 -0.7148 -0.1739 -0.71 -0.17 -0.0008 -0.0000 0.1000 0.1000 0.5070 -0.0341 -0.270454 -0.709247 12.23 
11.9792 2 1 1 0x0 -0.7176 -0.1767 -0.72 -0.18 -0.0008 -0.0000 0.1000 0.1000 0.5070 -0.0341 -0.270454 -0.709250 12.23 
11.9892 2 1 1 0x0 -0.7204 -0.1794 -0.72 -0.18 -0.0008 -0.0000 0.1000 0.1000 0.5070 -0.0341 -0.270454 -0.709083 12.22 
11.9992 2 1 1 0x0 -0.7230 -0.1821 -0.72 -0.18 -0.0008 -0.0000 0.1000 0.1000 0.5070 -0.0341 -0.270454 -0.709295 12.23 
12.0092 2 1 1 0x0 -0.7256 -0.1847 -0.73 -0.18 -0.0008 -0.0000 0.1000 0.1000 0.5070 -0.0341 -0.270454 -0.709615 12.22 
12.0192 2 1 1 0x0 -0.7282 -0.1873 -0.73 -0.19 -0.0008 -0.0000 0.1000 0.1000 0.5070 -0.0341 -0.270454 -0.709853 12.22 
12.0292 2 1 1 0x0 -0.7307 -0.1898 -0.73 -0.19 -0.0008 -0.0000 0.1000 0.1000 0.5070 -0.0341 -0.270454 -0.709855 12.22 
12.0392 2 1 1 0x0 -0.7332 -0.1923 -0.73 -0.19 -0.0008 -0.0000 0.1000 0.1000 0.5070 -0.0341 -0.270454 -0.709793 12.22 
12.0492 2 1 1 0x0 -0.7356 -0.1947 -0.74 -0.19 -0.0008 -0.0000 0.1000 0.1000 0.5070 -0.0341 -0.270454 -0.709846 12.22 
12.0592 2 1 1 0x0 -0.7381 -0.1972 -0.74 -0.20 -0.0008 -0.0000 0.1000 0.1000 0.5070 -0.0341 -0.270454 -0.709994 12.22 
12.0692 2 1 1 0x0 -0.7405 -0.1996 -0.74 -0.20 -0.0008 -0.0000 0.1000 0.1000 0.5070 -0.0341 -0.270454 -0.710066 12.22 
12.0793 2 1 1 0x0 -0.7429 -0.2020 -0.74 -0.20 -0.0008 -0.0000 0.1000 0.1000 0.5070 -0.0341 -0.270454 -0.710156 12.22 
12.0893 2 1 1 0x0 -0.7453 -0.2044 -0.75 -0.20 -0.0008 -0.0000 0.1000 0.1000 0.5070 -0.0341 -0.270454 -0.710352 12.22 
12.0993 2 1 1 0x0 -0.7477 -0.2068 -0.75 -0.21 -0.0008 -0.0000 0.1000 0.1000 0.5070 -0.0341 -0.270454 -0.710312 12.22 
12.1093 2 1 1 0x0 -0.7501 -0.2092 -0.75 -0.21 -0.0008 -0.0000 0.1000 0.1000 0.5070 -0.0341 -0.270454 -0.710313 12.22 
12.1193 2 1 1 0x0 -0.7525 -0.2116 -0.75 -0.21 -0.0008 -0.0000 0.1000 0.1000 0.5070 -0.0341 -0.270454 -0.710299 12.23 
12.1293 2 1 1 0x0 -0.7548 -0.2139 -0.75 -0.21 -0.0008 -0.0000 0.1000 0.1000 0.5070 -0.0341 -0.270454 -0.710275 12.23 
12.1393 2 1 1 0x0 -0.7572 -0.2163 -0.76 -0.22 -0.0008 -0.0000 0.1000 0.1000 0.5070 -0.0341 -0.270454 -0.710387 12.23 
12.1493 2 1 1 0x0 -0.7596 -0.2187 -0.76 -0.22 -0.0000 -0.0000 0.1000 0.1000 0.5070 -0.0341 -0.270454 -0.710424 12.22 
12.1593 2 1 1 0x0 -0.7619 -0.2210 -0.76 -0.22 -0.0000 -0.0000 0.1000 0.1000 0.5070 -0.0341 -0.270454 -0.710374 12.23 
12.1693 2 1 1 0x0 -0.7598 -0.2134 -0.76 -0.21 -0.0000 -0.0008 0.1000 0.1000 0.5068 -0.0341 -0.273158 -0.710329 12.23 
12.1793 2 1 1 0x0 -0.7628 -0.2165 -0.76 -0.22 -0.0000 -0.0008 0.1000 0.1000 0.5068 -0.0341 -0.273158 -0.710407 12.22 
12.1893 2 1 1 0x0 -0.7657 -0.2193 -0.77 -0.22 -0.0000 -0.0008 0.1000 0.1000 0.5068 -0.0341 -0.273158 -0.710511 12.22 
12.1993 2 1 1 0x0 -0.7684 -0.2221 -0.77 -0.22 -0.0000 -0.0008 0.1000 0.1000 0.5068 -0.0341 -0.273158 -0.710810 12.23 
12.2093 2 1 1 0x0 -0.7711 -0.2248 -0.77 -0.22 -0.0000 -0.0008 0.1000 0.1000 0.5068 -0.0341 -0.273158 -0.711076 12.22 
12.2193 2 1 1 0x0 -0.7737 -0.2274 -0.77 -0.23 -0.0000 -0.0008 0.1000 0.1000 0.5068 -0.0341 -0.273158 -0.711251 12.22 
12.2293 2 1 1 0x0 -0.7763 -0.2300 -0.78 -0.23 -0.0000 -0.0008 0.1000 0.1000 0.5068 -0.0341 -0.273158 -0.711166 12.23 
12.2393 2 1 1 0x0 -0.7788 -0.2325 -0.78 -0.23 -0.0000 -0.0008 0.1000 0.1000 0.5068 -0.0341 -0.273158 -0.711086 12.22 
12.2493 2 1 1 0x0 -0.7812 -0.2349 -0.78 -0.23 -0.0000 -0.0008 0.1000 0.1000 0.5068 -0.0341 -0.273158 -0.711091 12.22 
12.2593 2 1 1 0x0 -0.7837 -0.2373 -0.78 -0.24 -0.0000 -0.0008 0.1000 0.1000 0.5068 -0.0341 -0.273158 -0.711215 12.22 
12.2693 2 1 1 0x0 -0.7861 -0.2397 -0.79 -0.24 -0.0000 -0.0008 0.1000 0.1000 0.5068 -0.0341 -0.273158 -0.711237 12.23 
12.2793 2 1 1 0x0 -0.7884 -0.2421 -0.79 -0.24 -0.0000 -0.0008 0.1000 0.1000 0.5068 -0.0341 -0.273158 -0.711140 12.22 
12.2893 2 1 1 0x0 -0.7908 -0.2445 -0.79 -0.24 -0.0000 -0.0008 0.1000 0.1000 0.5068 -0.0341 -0.273158 -0.711118 12.23 
12.2993 2 1 1 0x0 -0.7931 -0.2468 -0.79 -0.25 -0.0000 -0.0008 0.1000 0.1000 0.5068 -0.0341 -0.273158 -0.711199 12.22 
12.3093 2 1 1 0x0 -0.7955 -0.2491 -0.80 -0.25 -0.0000 -0.0008 0.1000 0.1000 0.5068 -0.0341 -0.273158 -0.711401 12.22 
12.3193 2 1 1 0x0 -0.7978 -0.2515 -0.80 -0.25 -0.0000 -0.0008 0.1000 0.1000 0.5068 -0.0341 -0.273158 -0.711508 12.22 
12.3294 2 1 1 0x0 -0.8001 -0.2538 -0.80 -0.25 -0.0000 -0.0008 0.1000 0.1000 0.5068 -0.0341 -0.273158 -0.711605 12.22 
12.3394 2 1 1 0x0 -0.8024 -0.2561 -0.80 -0.26 -0.0000 -0.0008 0.1000 0.1000 0.5068 -0.0341 -0.273158 -0.711670 12.22 
12.3494 2 1 1 0x0 -0.8047 -0.2584 -0.80 -0.26 -0.0000 -0.0008 0.1000 0.1000 0.5068 -0.0341 -0.273158 -0.711618 12.23 
12.3594 2 1 1 0x0 -0.8070 -0.2606 -0.81 -0.26 -0.0000 -0.0008 0.1000 0.1000 0.5068 -0.0341 -0.273158 -0.711558 12.22 
12.3694 2 1 1 0x0 -0.8092 -0.2629 -0.81 -0.26 -0.0000 -0.0000 0.1000 0.1000 0.5068 -0.0341 -0.273158 -0.711587 12.22 
12.3794 2 1 1 0x0 -0.8115 -0.2652 -0.81 -0.27 -0.0000 -0.0000 0.1000 0.1000 0.5068 -0.0341 -0.273158 -0.711657 12.22 
12.3894 2 1 1 0x0 -0.8138 -0.2675 -0.81 -0.27 -0.0000 -0.0000 0.1000 0.1000 0.5068 -0.0341 -0.273158 -0.711657 12.22 
12.3994 2 1 1 0x0 -0.8161 -0.2698 -0.82 -0.27 -0.0000 -0.0000 0.1000 0.1000 0.5068 -0.0341 -0.273158 -0.711715 12.22 
12.4094 2 1 1 0x0 -0.8184 -0.2720 -0.82 -0.27 -0.0000 -0.0000 0.1000 0.1000 0.5068 -0.0341 -0.273158 -0.711894 12.22 
12.4194 2 1 1 0x0 -0.8206 -0.2743 -0.82 -0.27 -0.0000 -0.0000 0.1000 0.1000 0.5068 -0.0341 -0.273158 -0.712018 12.23 
12.4294 2 1 1 0x0 -0.8229 -0.2766 -0.82 -0.28 -0.0000 -0.0000 0.1000 0.1000 0.5068 -0.0341 -0.273158 -0.712077 12.22 
12.4394 2 1 1 0x0 -0.8252 -0.2788 -0.83 -0.28 -0.0000 -0.0000 0.1000 0.1000 0.5068 -0.0341 -0.273158 -0.712085 12.22 
12.4494 2 1 1 0x0 -0.8274 -0.2811 -0.83 -0.28 -0.0000 -0.0000 0.1000 0.1000 0.5068 -0.0341 -0.273158 -0.712176 12.23 
12.4594 2 1 1 0x0 -0.8297 -0.2834 -0.83 -0.28 -0.0000 -0.0000 0.1000 0.1000 0.5068 -0.0341 -0.273158 -0.712059 12.22 
12.4694 2 1 1 0x0 -0.8319 -0.2856 -0.83 -0.29 -0.0000 -0.0000 0.1000 0.1000 0.5068 -0.0341 -0.273158 -0.711979 12.22 
12.4794 2 1 1 0x0 -0.8342 -0.2879 -0.83 -0.29 -0.0000 -0.0000 0.1000 0.1000 0.5068 -0.0341 -0.273158 -0.712093 12.22 
12.4894 2 1 1 0x0 -0.8365 -0.2902 -0.84 -0.29 -0.0000 -0.0000 0.1000 0.1000 0.5068 -0.0341 -0.273158 -0.712332 12.22 
12.4994 2 1 1 0x0 -0.8387 -0.2924 -0.84 -0.29 -0.0000 -0.0000 0.1000 0.1000 0.5068 -0.0341 -0.273158 -0.712298 12.23 
12.5094 2 1 1 0x0 -0.8410 -0.2947 -0.84 -0.29 -0.0000 -0.0000 0.1000 0.1000 0.5068 -0.0341 -0.273158 -0.712241 12.22 
12.5194 2 1 1 0x0 -0.8433 -0.2970 -0.84 -0.30 -0.0000 -0.0000 0.1000 0.1000 0.5068 -0.0341 -0.273158 -0.712419 12.23 
12.5294 2 1 1 0x0 -0.8455 -0.2992 -0.85 -0.30 -0.0000 -0.0000 0.1000 0.1000 0.5068 -0.0341 -0.273158 -0.712553 12.22 
12.5394 2 1 1 0x0 -0.8478 -0.3015 -0.85 -0.30 -0.0000 -0.0000 0.1000 0.1000 0.5068 -0.0341 -0.273158 -0.712311 12.23 
12.5494 2 1 1 0x0 -0.8501 -0.3038 -0.85 -0.30 -0.0000 -0.0000 0.1000 0.1000 0.5068 -0.0341 -0.273158 -0.712088 12.22 
12.5594 2 1 1 0x0 -0.8523 -0.3060 -0.85 -0.31 -0.0000 -0.0000 0.1000 0.1000 0.5068 -0.0341 -0.273158 -0.711833 12.22 
12.5694 2 1 1 0x0 -0.8502 -0.2985 -0.85 -0.30 -0.0000 -0.0010 0.1000 0.1000 0.5066 -0.0340 -0.275863 -0.711862 12.23 
12.5795 2 1 1 0x0 -0.8531 -0.3014 -0.85 -0.30 -0.0000 -0.0010 0.1000 0.1000 0.5066 -0.0340 -0.275863 -0.711933 12.23 
12.5895 2 1 1 0x0 -0.8559 -0.3042 -0.86 -0.30 -0.0000 -0.0010 0.1000 0.1000 0.5066 -0.0340 -0.275863 -0.711902 12.21 
12.5995 2 1 1 0x0 -0.8586 -0.3069 -0.86 -0.31 -0.0000 -0.0010 0.1000 0.1000 0.5066 -0.0340 -0.275863 -0.711889 12.22 
12.6095 2 1 1 0x0 -0.8569 -0.2998 -0.86 -0.30 -0.0000 -0.0107 0.1000 0.0227 0.5064 -0.0340 -0.278567 -0.711804 12.21 
12.6195 2 1 1 0x0 -0.8503 -0.2985 -0.85 -0.30 -0.0006 -0.0107 0.1000 0.0327 0.5062 -0.0339 -0.275863 -0.711521 12.22 
12.6295 2 1 1 0x0 -0.8539 -0.3021 -0.85 -0.30 -0.0006 -0.0107 0.1000 0.0427 0.5062 -0.0339 -0.275863 -0.711823 12.23 
12.6395 2 1 1 0x0 -0.8572 -0.3054 -0.86 -0.31 -0.0006 -0.0107 0.1000 0.0527 0.5062 -0.0339 -0.275863 -0.712324 12.22 
12.6495 2 1 1 0x0 -0.8603 -0.3085 -0.86 -0.31 -0.0006 -0.0093 0.1000 0.0627 0.5062 -0.0339 -0.275863 -0.712917 12.22 
12.6595 2 1 1 0x0 -0.8632 -0.3114 -0.86 -0.31 -0.0006 -0.0075 0.1000 0.0727 0.5062 -0.0339 -0.275863 -0.712981 12.22 
12.6695 2 1 1 0x0 -0.8659 -0.3142 -0.87 -0.31 -0.0006 -0.0064 0.1000 0.0827 0.5062 -0.0339 -0.275863 -0.712621 12.22 
12.6795 2 1 1 0x0 -0.8685 -0.3168 -0.87 -0.32 -0.0006 -0.0055 0.1000 0.0927 0.5062 -0.0339 -0.275863 -0.712521 12.22 
12.6895 2 1 1 0x0 -0.8711 -0.3193 -0.87 -0.32 -0.0006 -0.0048 0.1000 0.1000 0.5062 -0.0339 -0.275863 -0.712694 12.22 
12.6995 2 1 1 0x0 -0.8735 -0.3218 -0.87 -0.32 -0.0006 -0.0043 0.1000 0.1000 0.5062 -0.0339 -0.275863 -0.712894 12.22 
12.7095 2 1 1 0x0 -0.8759 -0.3241 -0.88 -0.32 -0.0006 -0.0039 0.1000 0.1000 0.5062 -0.0339 -0.275863 -0.712841 12.22 
12.7195 2 1 1 0x0 -0.8782 -0.3264 -0.88 -0.33 -0.0006 -0.0036 0.1000 0.1000 0.5062 -0.0339 -0.275863 -0.712820 12.21 
12.7295 2 1 1 0x0 -0.8804 -0.3287 -0.88 -0.33 -0.0006 -0.0033 0.1000 0.1000 0.5062 -0.0339 -0.275863 -0.712791 12.22 
12.7395 2 1 1 0x0 -0.8826 -0.3309 -0.88 -0.33 -0.0006 -0.0030 0.1000 0.1000 0.5062 -0.0339 -0.275863 -0.712838 12.23 
12.7495 2 1 1 0x0 -0.8848 -0.3331 -0.88 -0.33 -0.0006 -0.0028 0.1000 0.1000 0.5062 -0.0339 -0.275863 -0.712973 12.23 
12.7595 2 1 1 0x0 -0.8870 -0.3353 -0.89 -0.34 -0.0006 -0.0026 0.1000 0.1000 0.5062 -0.0339 -0.275863 -0.713131 12.23 
12.7695 2 1 1 0x0 -0.8891 -0.3374 -0.89 -0.34 -0.0006 -0.0025 0.1000 0.1000 0.5062 -0.0339 -0.275863 -0.712872 12.22 
12.7795 2 1 1 0x0 -0.8913 -0.3395 -0.89 -0.34 -0.0006 -0.0023 0.1000 0.1000 0.5062 -0.0339 -0.275863 -0.712762 12.23 
12.7895 2 1 1 0x0 -0.8934 -0.3416 -0.89 -0.34 -0.0006 -0.0022 0.1000 0.1000 0.5062 -0.0339 -0.275863 -0.713083 12.23 
12.7995 2 1 1 0x0 -0.8955 -0.3437 -0.90 -0.34 -0.0006 -0.0021 0.1000 0.1000 0.5062 -0.0339 -0.275863 -0.713028 12.23 
12.8095 2 1 1 0x0 -0.8975 -0.3458 -0.90 -0.35 -0.0006 -0.0000 0.1000 0.1000 0.5062 -0.0339 -0.275863 -0.712356 12.22 
12.8196 2 1 1 0x0 -0.8996 -0.3479 -0.90 -0.35 -0.0000 -0.0000 0.1000 0.1000 0.5062 -0.0339 -0.275863 -0.711769 12.23 
12.8296 2 1 1 0x0 -0.8977 -0.3405 -0.90 -0.34 -0.0000 -0.0019 0.1000 0.1000 0.5060 -0.0338 -0.278567 -0.711425 12.23 
12.8396 2 1 1 0x0 -0.9003 -0.3432 -0.90 -0.34 -0.0000 -0.0019 0.1000 0.1000 0.5060 -0.0338 -0.278567 -0.711121 12.22 
12.8496 2 1 1 0x0 -0.8988 -0.3363 -0.90 -0.34 -0.0000 -0.0218 0.1000 0.0181 0.5058 -0.0338 -0.281272 -0.711045 12.23 
12.8596 2 1 1 0x0 -0.8977 -0.3297 -0.90 -0.33 -0.0000 -0.0299 0.1000 0.0120 0.5056 -0.0337 -0.283977 -0.711454 12.23 
12.8696 2 1 1 0x0 -0.9010 -0.3331 -0.90 -0.33 -0.0000 -0.0299 0.1000 0.0220 0.5056 -0.0337 -0.283977 -0.711742 12.23 
12.8796 2 1 1 0x0 -0.9000 -0.3266 -0.90 -0.33 -0.0000 -0.0203 0.1000 0.0152 0.5054 -0.0337 -0.286681 -0.711991 12.23 
12.8896 2 1 1 0x0 -0.8937 -0.3257 -0.89 -0.33 -0.0015 -0.0203 0.1000 0.0252 0.5052 -0.0336 -0.283977 -0.712079 12.23 
12.8996 2 1 1 0x0 -0.8931 -0.3197 -0.89 -0.32 -0.0015 -0.0179 0.1000 0.0138 0.5050 -0.0336 -0.286681 -0.712273 12.22 
12.9096 2 1 1 0x0 -0.8971 -0.3238 -0.90 -0.32 -0.0015 -0.0179 0.1000 0.0238 0.5050 -0.0336 -0.286681 -0.713075 12.23 
12.9196 2 1 1 0x0 -0.9007 -0.3274 -0.90 -0.33 -0.0015 -0.0179 0.1000 0.0338 0.5050 -0.0336 -0.286681 -0.713936 12.22 
12.9296 2 1 1 0x0 -0.9040 -0.3306 -0.90 -0.33 -0.0015 -0.0125 0.1000 0.0438 0.5050 -0.0336 -0.286681 -0.713988 12.23 
12.9396 2 1 1 0x0 -0.9069 -0.3336 -0.91 -0.33 -0.0015 -0.0096 0.1000 0.0538 0.5050 -0.0336 -0.286681 -0.713467 12.23 
12.9496 2 1 1 0x0 -0.9096 -0.3363 -0.91 -0.34 -0.0015 -0.0077 0.1000 0.0638 0.5050 -0.0336 -0.286681 -0.713187 12.23 
12.9596 2 1 1 0x0 -0.9121 -0.3388 -0.91 -0.34 -0.0015 -0.0065 0.1000 0.0738 0.5050 -0.0336 -0.286681 -0.713103 12.23 
12.9696 2 1 1 0x0 -0.9145 -0.3411 -0.91 -0.34 -0.0015 -0.0056 0.1000 0.0838 0.5050 -0.0336 -0.286681 -0.712948 12.23 
12.9796 2 1 1 0x0 -0.9167 -0.3433 -0.92 -0.34 -0.0015 -0.0049 0.1000 0.0938 0.5050 -0.0336 -0.286681 -0.712821 12.23 
12.9896 2 1 1 0x0 -0.9188 -0.3454 -0.92 -0.35 -0.0015 -0.0044 0.1000 0.1000 0.5050 -0.0336 -0.286681 -0.712830 12.23 
12.9996 2 1 1 0x0 -0.9208 -0.3474 -0.92 -0.35 -0.0015 -0.0040 0.1000 0.1000 0.5050 -0.0336 -0.286681 -0.712643 12.23 
13.0096 2 1 1 0x0 -0.9227 -0.3494 -0.92 -0.35 -0.0015 -0.0036 0.1000 0.1000 0.5050 -0.0336 -0.286681 -0.710445 12.23 
13.0196 2 1 1 0x0 -0.9246 -0.3512 -0.92 -0.35 -0.0015 -0.0033 0.1000 0.1000 0.5050 -0.0336 -0.286681 -0.712144 12.23 
13.0296 2 1 1 0x0 -0.9223 -0.3435 -0.92 -0.34 -0.0015 -0.0032 0.1000 0.0692 0.5048 -0.0335 -0.289386 -0.712386 12.22 
13.0396 2 1 1 0x0 -0.9246 -0.3459 -0.92 -0.35 -0.0015 -0.0032 0.1000 0.0792 0.5048 -0.0335 -0.289386 -0.712888 12.23 
13.0496 2 1 1 0x0 -0.9175 -0.3442 -0.92 -0.34 -0.0026 -0.0032 0.0863 0.0892 0.5046 -0.0334 -0.286681 -0.713542 12.23 
13.0596 2 1 1 0x0 -0.9202 -0.3468 -0.92 -0.35 -0.0026 -0.0032 0.0963 0.0992 0.5046 -0.0334 -0.286681 -0.713571 12.22 
13.0697 2 1 1 0x0 -0.9226 -0.3492 -0.92 -0.35 -0.0026 -0.0032 0.1000 0.1000 0.5046 -0.0334 -0.286681 -0.713563 12.23 
13.0797 2 1 1 0x0 -0.9248 -0.3515 -0.92 -0.35 -0.0026 -0.0032 0.1000 0.1000 0.5046 -0.0334 -0.286681 -0.713370 12.22 
13.0897 2 1 1 0x0 -0.9269 -0.3536 -0.93 -0.35 -0.0026 -0.0032 0.1000 0.1000 0.5046 -0.0334 -0.286681 -0.713039 12.23 
13.0997 2 1 1 0x0 -0.9289 -0.3556 -0.93 -0.36 -0.0026 -0.0032 0.1000 0.1000 0.5046 -0.0334 -0.286681 -0.713100 12.22 
13.1097 2 1 1 0x0 -0.9308 -0.3575 -0.93 -0.36 -0.0026 -0.0032 0.1000 0.1000 0.5046 -0.0334 -0.286681 -0.713603 12.23 
13.1197 2 1 1 0x0 -0.9326 -0.3593 -0.93 -0.36 -0.0026 -0.0032 0.1000 0.1000 0.5046 -0.0334 -0.286681 -0.714141 12.22 
13.1297 2 1 1 0x0 -0.9344 -0.3610 -0.93 -0.36 -0.0026 -0.0032 0.1000 0.1000 0.5046 -0.0334 -0.286681 -0.714555 12.24 
13.1397 2 1 1 0x0 -0.9360 -0.3627 -0.94 -0.36 -0.0026 -0.0032 0.1000 0.1000 0.5046 -0.0334 -0.286681 -0.715116 12.23 
13.1497 2 1 1 0x0 -0.9377 -0.3643 -0.94 -0.36 -0.0026 -0.0032 0.1000 0.1000 0.5046 -0.0334 -0.286681 -0.715530 12.23 
13.1597 2 1 1 0x0 -0.9393 -0.3659 -0.94 -0.37 -0.0026 -0.0030 0.1000 0.1000 0.5046 -0.0334 -0.286681 -0.715660 12.23 
13.1697 2 1 1 0x0 -0.9409 -0.3675 -0.94 -0.37 -0.0026 -0.0028 0.1000 0.1000 0.5046 -0.0334 -0.286681 -0.715309 12.23 
13.1797 2 1 1 0x0 -0.9463 -0.3784 -0.95 -0.38 -0.0026 0.0028 0.1000 0.0825 0.5048 -0.0335 -0.283977 -0.714786 12.23 
13.1897 2 1 1 0x0 -0.9473 -0.3794 -0.95 -0.38 -0.0026 0.0028 0.1000 0.0925 0.5048 -0.0335 -0.283977 -0.713917 12.23 
13.1997 2 1 1 0x0 -0.9484 -0.3804 -0.95 -0.38 -0.0025 0.0028 0.1000 0.1000 0.5048 -0.0335 -0.283977 -0.712931 12.23 
13.2097 2 1 1 0x0 -0.9495 -0.3816 -0.95 -0.38 -0.0024 0.0028 0.1000 0.1000 0.5048 -0.0335 -0.283977 -0.712406 12.23 
13.2197 2 1 1 0x0 -0.9508 -0.3828 -0.95 -0.38 -0.0023 0.0028 0.1000 0.1000 0.5048 -0.0335 -0.283977 -0.712544 12.23 
13.2297 2 1 1 0x0 -0.9520 -0.3841 -0.95 -0.38 -0.0021 0.0028 0.1000 0.1000 0.5048 -0.0335 -0.283977 -0.712876 12.22 
13.2397 2 1 1 0x0 -0.9533 -0.3854 -0.95 -0.39 -0.0020 0.0028 0.1000 0.1000 0.5048 -0.0335 -0.283977 -0.713061 12.23 
13.2497 2 1 1 0x0 -0.9547 -0.3867 -0.95 -0.39 -0.0000 0.0028 0.1000 0.1000 0.5048 -0.0335 -0.283977 -0.712958 12.23 
13.2597 2 1 1 0x0 -0.9561 -0.3881 -0.96 -0.39 -0.0000 0.0028 0.1000 0.1000 0.5048 -0.0335 -0.283977 -0.713059 12.22 
13.2697 2 1 1 0x0 -0.9575 -0.3895 -0.96 -0.39 -0.0000 0.0028 0.1000 0.1000 0.5048 -0.0335 -0.283977 -0.712991 12.23 
13.2797 2 1 1 0x0 -0.9589 -0.3909 -0.96 -0.39 -0.0000 0.0028 0.1000 0.1000 0.5048 -0.0335 -0.283977 -0.712744 12.22 
13.2897 2 1 1 0x0 -0.9603 -0.3924 -0.96 -0.39 -0.0000 0.0028 0.1000 0.1000 0.5048 -0.0335 -0.283977 -0.712716 12.23 
13.2997 2 1 1 0x0 -0.9618 -0.3938 -0.96 -0.39 -0.0000 0.0028 0.1000 0.1000 0.5048 -0.0335 -0.283977 -0.712950 12.22 
13.3097 2 1 1 0x0 -0.9633 -0.3953 -0.96 -0.40 -0.0000 0.0028 0.1000 0.1000 0.5048 -0.0335 -0.283977 -0.712992 12.22 
13.3198 2 1 1 0x0 -0.9647 -0.3968 -0.96 -0.40 -0.0000 0.0027 0.1000 0.1000 0.5048 -0.0335 -0.283977 -0.712967 12.22 
13.3298 2 1 1 0x0 -0.9662 -0.3982 -0.97 -0.40 -0.0000 0.0025 0.1000 0.1000 0.5048 -0.0335 -0.283977 -0.712942 12.23 
13.3398 2 1 1 0x0 -0.9677 -0.3997 -0.97 -0.40 -0.0000 0.0024 0.1000 0.1000 0.5048 -0.0335 -0.283977 -0.713029 12.23 
13.3498 2 1 1 0x0 -0.9692 -0.4012 -0.97 -0.40 -0.0000 0.0023 0.1000 0.1000 0.5048 -0.0335 -0.283977 -0.713042 12.23 
13.3598 2 1 1 0x0 -0.9707 -0.4027 -0.97 -0.40 -0.0000 0.0021 0.1000 0.1000 0.5048 -0.0335 -0.283977 -0.712824 12.23 
13.3698 2 1 1 0x0 -0.9722 -0.4042 -0.97 -0.40 -0.0000 0.0020 0.1000 0.1000 0.5048 -0.0335 -0.283977 -0.712510 12.23 
13.3798 2 1 1 0x0 -0.9639 -0.4014 -0.96 -0.40 -0.0012 0.0000 0.1000 0.1000 0.5046 -0.0334 -0.281272 -0.712711 12.23 
13.3898 2 1 1 0x0 -0.9661 -0.4035 -0.97 -0.40 -0.0012 0.0000 0.1000 0.1000 0.5046 -0.0334 -0.281272 -0.712869 12.22 
13.3998 2 1 1 0x0 -0.9681 -0.4055 -0.97 -0.41 -0.0012 0.0000 0.1000 0.1000 0.5046 -0.0334 -0.281272 -0.712981 12.22 
13.4098 2 1 1 0x0 -0.9700 -0.4074 -0.97 -0.41 -0.0012 0.0000 0.1000 0.1000 0.5046 -0.0334 -0.281272 -0.713097 12.22 
13.4198 2 1 1 0x0 -0.9718 -0.4092 -0.97 -0.41 -0.0012 0.0000 0.1000 0.1000 0.5046 -0.0334 -0.281272 -0.713155 12.23 
13.4298 2 1 1 0x0 -0.9735 -0.4110 -0.97 -0.41 -0.0012 0.0000 0.1000 0.1000 0.5046 -0.0334 -0.281272 -0.712952 12.22 
13.4398 2 1 1 0x0 -0.9752 -0.4127 -0.98 -0.41 -0.0012 0.0000 0.1000 0.1000 0.5046 -0.0334 -0.281272 -0.712913 12.22 
13.4498 2 1 1 0x0 -0.9769 -0.4143 -0.98 -0.41 -0.0012 0.0000 0.1000 0.1000 0.5046 -0.0334 -0.281272 -0.713021 12.22 
13.4598 2 1 1 0x0 -0.9785 -0.4159 -0.98 -0.42 -0.0012 0.0000 0.1000 0.1000 0.5046 -0.0334 -0.281272 -0.713022 12.22 
13.4698 2 1 1 0x0 -0.9801 -0.4175 -0.98 -0.42 -0.0012 0.0000 0.1000 0.1000 0.5046 -0.0334 -0.281272 -0.712951 12.22 
13.4798 2 1 1 0x0 -0.9816 -0.4191 -0.98 -0.42 -0.0012 0.0000 0.1000 0.1000 0.5046 -0.0334 -0.281272 -0.712995 12.22 
13.4898 2 1 1 0x0 -0.9831 -0.4206 -0.98 -0.42 -0.0012 0.0000 0.1000 0.1000 0.5046 -0.0334 -0.281272 -0.713115 12.22 
13.4998 2 1 1 0x0 -0.9847 -0.4221 -0.98 -0.42 -0.0012 0.0000 0.1000 0.1000 0.5046 -0.0334 -0.281272 -0.713108 12.22 
13.5098 2 1 1 0x0 -0.9862 -0.4236 -0.99 -0.42 -0.0012 0.0000 0.1000 0.1000 0.5046 -0.0334 -0.281272 -0.713018 12.22 
13.5198 2 1 1 0x0 -0.9877 -0.4251 -0.99 -0.43 -0.0012 0.0000 0.1000 0.1000 0.5046 -0.0334 -0.281272 -0.713003 12.22 
13.5298 2 1 1 0x0 -0.9891 -0.4266 -0.99 -0.43 -0.0012 0.0000 0.1000 0.1000 0.5046 -0.0334 -0.281272 -0.713073 12.23 
13.5398 2 1 1 0x0 -0.9906 -0.4281 -0.99 -0.43 -0.0012 0.0000 0.1000 0.1000 0.5046 -0.0334 -0.281272 -0.713047 12.22 
13.5498 2 1 1 0x0 -0.9921 -0.4295 -0.99 -0.43 -0.0012 0.0000 0.1000 0.1000 0.5046 -0.0334 -0.281272 -0.713035 12.22 
13.5598 2 1 1 0x0 -0.9935 -0.4310 -0.99 -0.43 -0.0012 0.0000 0.1000 0.1000 0.5046 -0.0334 -0.281272 -0.713063 12.22 
13.5699 2 1 1 0x0 -0.9950 -0.4324 -0.99 -0.43 -0.0012 0.0000 0.1000 0.1000 0.5046 -0.0334 -0.281272 -0.713127 12.22 
13.5799 2 1 1 0x0 -0.9964 -0.4339 -1.00 -0.43 -0.0000 0.0000 0.1000 0.1000 0.5046 -0.0334 -0.281272 -0.713152 12.23 
13.5899 2 1 1 0x0 -0.9979 -0.4353 -1.00 -0.44 -0.0000 0.0000 0.1000 0.1000 0.5046 -0.0334 -0.281272 -0.713186 12.23 
13.5999 2 1 1 0x0 -0.9993 -0.4368 -1.00 -0.44 -0.0000 0.0000 0.1000 0.1000 0.5046 -0.0334 -0.281272 -0.713197 12.23 
13.6099 2 1 1 0x0 -1.0008 -0.4382 -1.00 -0.44 -0.0000 0.0000 0.1000 0.1000 0.5046 -0.0334 -0.281272 -0.713215 12.23 
13.6199 2 1 1 0x0 -1.0022 -0.4397 -1.00 -0.44 -0.0000 0.0000 0.1000 0.1000 0.5046 -0.0334 -0.281272 -0.713231 12.23 
13.6299 2 1 1 0x0 -1.0036 -0.4411 -1.00 -0.44 -0.0000 0.0000 0.1000 0.1000 0.5046 -0.0334 -0.281272 -0.713222 12.23 
13.6399 2 1 1 0x0 -1.0051 -0.4425 -1.01 -0.44 -0.0000 0.0000 0.1000 0.1000 0.5046 -0.0334 -0.281272 -0.713244 12.23 
13.6499 2 1 1 0x0 -1.0065 -0.4440 -1.01 -0.44 -0.0000 0.0000 0.1000 0.1000 0.5046 -0.0334 -0.281272 -0.713303 12.23 
13.6599 2 1 1 0x0 -1.0079 -0.4454 -1.01 -0.45 -0.0000 0.0000 0.1000 0.1000 0.5046 -0.0334 -0.281272 -0.713315 12.23 
13.6699 2 1 1 0x0 -1.0094 -0.4468 -1.01 -0.45 -0.0000 0.0000 0.1000 0.1000 0.5046 -0.0334 -0.281272 -0.713284 12.23 
13.6799 2 1 1 0x0 -1.0108 -0.4483 -1.01 -0.45 -0.0000 0.0000 0.1000 0.1000 0.5046 -0.0334 -0.281272 -0.713260 12.23 
13.6899 2 1 1 0x0 -1.0122 -0.4497 -1.01 -0.45 -0.0000 0.0000 0.1000 0.1000 0.5046 -0.0334 -0.281272 -0.713233 12.23 
13.6999 2 1 1 0x0 -1.0137 -0.4511 -1.01 -0.45 -0.0000 0.0000 0.1000 0.1000 0.5046 -0.0334 -0.281272 -0.713193 12.23 
13.7099 2 1 1 0x0 -1.0151 -0.4525 -1.02 -0.45 -0.0000 0.0000 0.1000 0.1000 0.5046 -0.0334 -0.281272 -0.713153 12.23 
13.7199 2 1 1 0x0 -1.0165 -0.4540 -1.02 -0.45 -0.0000 0.0000 0.1000 0.1000 0.5046 -0.0334 -0.281272 -0.713115 12.23 
13.7299 2 1 1 0x0 -1.0180 -0.4554 -1.02 -0.46 -0.0000 0.0000 0.1000 0.1000 0.5046 -0.0334 -0.281272 -0.713118 12.23 
13.7399 2 1 1 0x0 -1.0194 -0.4568 -1.02 -0.46 -0.0000 0.0000 0.1000 0.1000 0.5046 -0.0334 -0.281272 -0.713085 12.23 
13.7499 2 1 1 0x0 -1.0208 -0.4583 -1.02 -0.46 -0.0000 0.0000 0.1000 0.1000 0.5046 -0.0334 -0.281272 -0.713070 12.22 
13.7599 2 1 1 0x0 -1.0223 -0.4597 -1.02 -0.46 -0.0000 0.0000 0.1000 0.1000 0.5046 -0.0334 -0.281272 -0.713088 12.23 
13.7699 2 1 1 0x0 -1.0237 -0.4611 -1.02 -0.46 -0.0000 0.0000 0.1000 0.1000 0.5046 -0.0334 -0.281272 -0.713103 12.23 
13.7799 2 1 1 0x0 -1.0251 -0.4626 -1.03 -0.46 -0.0000 0.0000 0.1000 0.1000 0.5046 -0.0334 -0.281272 -0.713058 12.23 
13.7899 2 1 1 0x0 -1.0266 -0.4640 -1.03 -0.46 -0.0000 0.0000 0.1000 0.1000 0.5046 -0.0334 -0.281272 -0.713057 12.23 
13.7999 2 1 1 0x0 -1.0280 -0.4654 -1.03 -0.47 -0.0000 0.0000 0.1000 0.1000 0.5046 -0.0334 -0.281272 -0.713088 12.23 
13.8100 2 1 1 0x0 -1.0294 -0.4669 -1.03 -0.47 -0.0000 0.0000 0.1000 0.1000 0.5046 -0.0334 -0.281272 -0.713118 12.23 
13.8200 2 1 1 0x0 -1.0309 -0.4683 -1.03 -0.47 -0.0000 0.0000 0.1000 0.1000 0.5046 -0.0334 -0.281272 -0.713150 12.23 
13.8300 2 1 1 0x0 -1.0323 -0.4697 -1.03 -0.47 -0.0000 0.0000 0.1000 0.1000 0.5046 -0.0334 -0.281272 -0.713206 12.23 
13.8400 2 1 1 0x0 -1.0337 -0.4712 -1.03 -0.47 -0.0000 0.0000 0.1000 0.1000 0.5046 -0.0334 -0.281272 -0.713246 12.22 
13.8500 2 1 1 0x0 -1.0352 -0.4726 -1.04 -0.47 -0.0000 0.0000 0.1000 0.1000 0.5046 -0.0334 -0.281272 -0.713275 12.22 
13.8600 2 1 1 0x0 -1.0366 -0.4740 -1.04 -0.47 -0.0000 0.0000 0.1000 0.1000 0.5046 -0.0334 -0.281272 -0.713302 12.23 
13.8700 2 1 1 0x0 -1.0380 -0.4755 -1.04 -0.48 -0.0000 0.0000 0.1000 0.1000 0.5046 -0.0334 -0.281272 -0.713308 12.23 
13.8800 2 1 1 0x0 -1.0395 -0.4769 -1.04 -0.48 -0.0000 0.0000 0.1000 0.1000 0.5046 -0.0334 -0.281272 -0.713333 12.23 
13.8900 2 1 1 0x0 -1.0409 -0.4783 -1.04 -0.48 -0.0000 0.0000 0.1000 0.1000 0.5046 -0.0334 -0.281272 -0.713366 12.23 
13.9000 2 1 1 0x0 -1.0423 -0.4798 -1.04 -0.48 -0.0000 0.0000 0.1000 0.1000 0.5046 -0.0334 -0.281272 -0.713362 12.23 
13.9100 2 1 1 0x0 -1.0438 -0.4812 -1.04 -0.48 -0.0000 0.0000 0.1000 0.1000 0.5046 -0.0334 -0.281272 -0.713368 12.23 
13.9200 2 1 1 0x0 -1.0452 -0.4826 -1.05 -0.48 -0.0000 0.0000 0.1000 0.1000 0.5046 -0.0334 -0.281272 -0.713389 12.23 
13.9300 2 1 1 0x0 -1.0466 -0.4841 -1.05 -0.48 -0.0000 0.0000 0.1000 0.1000 0.5046 -0.0334 -0.281272 -0.713379 12.23 
13.9400 2 1 1 0x0 -1.0480 -0.4855 -1.05 -0.49 -0.0000 0.0000 0.1000 0.1000 0.5046 -0.0334 -0.281272 -0.713348 12.23 
13.9500 2 1 1 0x0 -1.0495 -0.4869 -1.05 -0.49 -0.0000 0.0000 0.1000 0.1000 0.5046 -0.0334 -0.281272 -0.713353 12.23 
13.9600 2 1 1 0x0 -1.0509 -0.4884 -1.05 -0.49 -0.0000 0.0000 0.1000 0.1000 0.5046 -0.0334 -0.281272 -0.713316 12.23 
13.9700 2 1 1 0x0 -1.0523 -0.4898 -1.05 -0.49 -0.0000 0.0000 0.1000 0.1000 0.5046 -0.0334 -0.281272 -0.713283 12.23 
13.9800 2 1 1 0x0 -1.0538 -0.4912 -1.05 -0.49 -0.0000 0.0000 0.1000 0.1000 0.5046 -0.0334 -0.281272 -0.713267 12.22 
13.9900 2 1 1 0x0 -1.0552 -0.4927 -1.06 -0.49 -0.0000 0.0000 0.1000 0.1000 0.5046 -0.0334 -0.281272 -0.713258 12.23 
14.0000 2 1 1 0x0 -1.0566 -0.4941 -1.06 -0.49 -0.0000 0.0000 0.1000 0.1000 0.5046 -0.0334 -0.281272 -0.713249 12.22 
14.0100 2 1 1 0x0 -1.0581 -0.4955 -1.06 -0.50 -0.0000 0.0000 0.1000 0.1000 0.5046 -0.0334 -0.281272 -0.713250 12.23 
14.0200 2 1 1 0x0 -1.0595 -0.4970 -1.06 -0.50 -0.0000 0.0000 0.1000 0.1000 0.5046 -0.0334 -0.281272 -0.713285 12.23 
14.0300 2 1 1 0x0 -1.0609 -0.4984 -1.06 -0.50 -0.0000 0.0000 0.1000 0.1000 0.5046 -0.0334 -0.281272 -0.713290 12.23 
14.0400 2 1 1 0x0 -1.0624 -0.4998 -1.06 -0.50 -0.0000 0.0000 0.1000 0.1000 0.5046 -0.0334 -0.281272 -0.713274 12.24 
14.0500 2 1 1 0x0 -1.0638 -0.5013 -1.06 -0.50 -0.0000 0.0000 0.1000 0.1000 0.5046 -0.0334 -0.281272 -0.713280 12.23 
14.0601 2 1 1 0x0 -1.0652 -0.5027 -1.07 -0.50 -0.0000 0.0000 0.1000 0.1000 0.5046 -0.0334 -0.281272 -0.713285 12.23 
14.0701 2 1 1 0x0 -1.0667 -0.5041 -1.07 -0.50 -0.0000 0.0000 0.1000 0.1000 0.5046 -0.0334 -0.281272 -0.713296 12.23 
14.0801 2 1 1 0x0 -1.0681 -0.5056 -1.07 -0.51 -0.0000 0.0000 0.1000 0.1000 0.5046 -0.0334 -0.281272 -0.713306 12.23 
14.0901 2 1 1 0x0 -1.0695 -0.5070 -1.07 -0.51 -0.0000 0.0000 0.1000 0.1000 0.5046 -0.0334 -0.281272 -0.713331 12.23 
14.1001 2 1 1 0x0 -1.0710 -0.5084 -1.07 -0.51 -0.0000 0.0000 0.1000 0.1000 0.5046 -0.0334 -0.281272 -0.713323 12.23 
14.1101 2 1 1 0x0 -1.0724 -0.5099 -1.07 -0.51 -0.0000 0.0000 0.1000 0.1000 0.5046 -0.0334 -0.281272 -0.713311 12.23 
14.1201 2 1 1 0x0 -1.0738 -0.5113 -1.07 -0.51 -0.0000 0.0000 0.1000 0.1000 0.5046 -0.0334 -0.281272 -0.713297 12.23 
14.1301 2 1 1 0x0 -1.0753 -0.5127 -1.08 -0.51 -0.0000 0.0000 0.1000 0.1000 0.5046 -0.0334 -0.281272 -0.713286 12.23 
14.1401 2 1 1 0x0 -1.0767 -0.5142 -1.08 -0.51 -0.0000 0.0000 0.1000 0.1000 0.5046 -0.0334 -0.281272 -0.713302 12.23 
14.1501 2 1 1 0x0 -1.0781 -0.5156 -1.08 -0.52 -0.0000 0.0000 0.1000 0.1000 0.5046 -0.0334 -0.281272 -0.713306 12.23 
14.1601 2 1 1 0x0 -1.0796 -0.5170 -1.08 -0.52 -0.0000 0.0000 0.1000 0.1000 0.5046 -0.0334 -0.281272 -0.713299 12.23 
14.1701 2 1 1 0x0 -1.0810 -0.5185 -1.08 -0.52 -0.0000 0.0000 0.1000 0.1000 0.5046 -0.0334 -0.281272 -0.713288 12.23 
14.1801 2 1 1 0x0 -1.0824 -0.5199 -1.08 -0.52 -0.0000 0.0000 0.1000 0.1000 0.5046 -0.0334 -0.281272 -0.713305 12.23 
14.1901 2 1 1 0x0 -1.0839 -0.5213 -1.08 -0.52 -0.0000 0.0000 0.1000 0.1000 0.5046 -0.0334 -0.281272 -0.713301 12.22 
14.2001 2 1 1 0x0 -1.0853 -0.5228 -1.09 -0.52 -0.0000 0.0000 0.1000 0.1000 0.5046 -0.0334 -0.281272 -0.713326 12.23 
14.2101 2 1 1 0x0 -1.0867 -0.5242 -1.09 -0.52 -0.0000 0.0000 0.1000 0.1000 0.5046 -0.0334 -0.281272 -0.713325 12.23 
14.2201 2 1 1 0x0 -1.0882 -0.5256 -1.09 -0.53 -0.0000 0.0000 0.1000 0.1000 0.5046 -0.0334 -0.281272 -0.713329 12.22 
14.2301 2 1 1 0x0 -1.0896 -0.5271 -1.09 -0.53 -0.0000 0.0000 0.1000 0.1000 0.5046 -0.0334 -0.281272 -0.713341 12.23 
14.2401 2 1 1 0x0 -1.0910 -0.5285 -1.09 -0.53 -0.0000 0.0000 0.1000 0.1000 0.5046 -0.0334 -0.281272 -0.713334 12.23 
14.2501 2 1 1 0x0 -1.0925 -0.5299 -1.09 -0.53 -0.0000 0.0000 0.1000 0.1000 0.5046 -0.0334 -0.281272 -0.713321 12.23 
14.2601 2 1 1 0x0 -1.0939 -0.5314 -1.09 -0.53 -0.0000 0.0000 0.1000 0.1000 0.5046 -0.0334 -0.281272 -0.713311 12.23 
14.2701 2 1 1 0x0 -1.0953 -0.5328 -1.10 -0.53 -0.0000 0.0000 0.1000 0.1000 0.5046 -0.0334 -0.281272 -0.713303 12.23 
14.2801 2 1 1 0x0 -1.0968 -0.5342 -1.10 -0.53 -0.0000 0.0000 0.1000 0.1000 0.5046 -0.0334 -0.281272 -0.713270 12.23 
14.2901 2 1 1 0x0 -1.0982 -0.5357 -1.10 -0.54 -0.0000 0.0000 0.1000 0.1000 0.5046 -0.0334 -0.281272 -0.713269 12.23 
14.3001 2 1 1 0x0 -1.0996 -0.5371 -1.10 -0.54 -0.0000 0.0000 0.1000 0.1000 0.5046 -0.0334 -0.281272 -0.713308 12.23 
14.3102 2 1 1 0x0 -1.1011 -0.5385 -1.10 -0.54 -0.0000 0.0000 0.1000 0.1000 0.5046 -0.0334 -0.281272 -0.713278 12.23 
14.3202 2 1 1 0x0 -1.1025 -0.5400 -1.10 -0.54 -0.0000 0.0000 0.1000 0.1000 0.5046 -0.0334 -0.281272 -0.713288 12.23 
14.3302 2 1 1 0x0 -1.1039 -0.5414 -1.10 -0.54 -0.0000 0.0000 0.1000 0.1000 0.5046 -0.0334 -0.281272 -0.713311 12.23 
14.3402 2 1 1 0x0 -1.1054 -0.5428 -1.11 -0.54 -0.0000 0.0000 0.1000 0.1000 0.5046 -0.0334 -0.281272 -0.713326 12.23 
14.3502 2 1 1 0x0 -1.1068 -0.5443 -1.11 -0.54 -0.0000 0.0000 0.1000 0.1000 0.5046 -0.0334 -0.281272 -0.713293 12.23 
14.3602 2 1 1 0x0 -1.1082 -0.5457 -1.11 -0.55 -0.0000 0.0000 0.1000 0.1000 0.5046 -0.0334 -0.281272 -0.713318 12.22 
14.3702 2 1 1 0x0 -1.1097 -0.5471 -1.11 -0.55 -0.0000 0.0000 0.1000 0.1000 0.5046 -0.0334 -0.281272 -0.713329 12.23 
14.3802 2 1 1 0x0 -1.1111 -0.5486 -1.11 -0.55 -0.0000 0.0000 0.1000 0.1000 0.5046 -0.0334 -0.281272 -0.713286 12.23 
14.3902 2 1 1 0x0 -1.1125 -0.5500 -1.11 -0.55 -0.0000 0.0000 0.1000 0.1000 0.5046 -0.0334 -0.281272 -0.713298 12.23 
14.4002 2 1 1 0x0 -1.1140 -0.5514 -1.11 -0.55 -0.0000 0.0000 0.1000 0.1000 0.5046 -0.0334 -0.281272 -0.713347 12.23 
14.4102 2 1 1 0x0 -1.1154 -0.5529 -1.12 -0.55 -0.0000 0.0000 0.1000 0.1000 0.5046 -0.0334 -0.281272 -0.713352 12.23 
14.4202 2 1 1 0x0 -1.1168 -0.5543 -1.12 -0.55 -0.0000 0.0000 0.1000 0.1000 0.5046 -0.0334 -0.281272 -0.713328 12.23 
14.4302 2 1 1 0x0 -1.1183 -0.5557 -1.12 -0.56 -0.0000 0.0000 0.1000 0.1000 0.5046 -0.0334 -0.281272 -0.713330 12.23 
14.4402 2 1 1 0x0 -1.1197 -0.5572 -1.12 -0.56 -0.0000 0.0000 0.1000 0.1000 0.5046 -0.0334 -0.281272 -0.713346 12.22 
14.4502 2 1 1 0x0 -1.1211 -0.5586 -1.12 -0.56 -0.0000 0.0000 0.1000 0.1000 0.5046 -0.0334 -0.281272 -0.713355 12.23 
14.4602 2 1 1 0x0 -1.1226 -0.5600 -1.12 -0.56 -0.0000 0.0000 0.1000 0.1000 0.5046 -0.0334 -0.281272 -0.713350 12.23 
14.4702 2 1 1 0x0 -1.1240 -0.5614 -1.12 -0.56 -0.0000 0.0000 0.1000 0.1000 0.5046 -0.0334 -0.281272 -0.713374 12.23 
14.4802 2 1 1 0x0 -1.1254 -0.5629 -1.13 -0.56 -0.0000 0.0000 0.1000 0.1000 0.5046 -0.0334 -0.281272 -0.713408 12.23 
14.4902 2 1 1 0x0 -1.1269 -0.5643 -1.13 -0.56 -0.0000 0.0000 0.1000 0.1000 0.5046 -0.0334 -0.281272 -0.713451 12.23 
14.5002 2 1 1 0x0 -1.1283 -0.5657 -1.13 -0.57 -0.0000 0.0000 0.1000 0.1000 0.5046 -0.0334 -0.281272 -0.713449 12.22 
14.5102 2 1 1 0x0 -1.1297 -0.5672 -1.13 -0.57 -0.0000 0.0000 0.1000 0.1000 0.5046 -0.0334 -0.281272 -0.713457 12.23 
14.5202 2 1 1 0x0 -1.1312 -0.5686 -1.13 -0.57 -0.0000 0.0000 0.1000 0.1000 0.5046 -0.0334 -0.281272 -0.713488 12.23 
14.5302 2 1 1 0x0 -1.1326 -0.5700 -1.13 -0.57 -0.0000 0.0000 0.1000 0.1000 0.5046 -0.0334 -0.281272 -0.713499 12.23 
14.5402 2 1 1 0x0 -1.1340 -0.5715 -1.13 -0.57 -0.0000 0.0000 0.1000 0.1000 0.5046 -0.0334 -0.281272 -0.713495 12.22 
14.5503 2 1 1 0x0 -1.1355 -0.5729 -1.14 -0.57 -0.0000 0.0000 0.1000 0.1000 0.5046 -0.0334 -0.281272 -0.713518 12.23 
14.5603 2 1 1 0x0 -1.1369 -0.5743 -1.14 -0.57 -0.0000 0.0000 0.1000 0.1000 0.5046 -0.0334 -0.281272 -0.713533 12.23 
14.5703 2 1 1 0x0 -1.1383 -0.5758 -1.14 -0.58 -0.0000 0.0000 0.1000 0.1000 0.5046 -0.0334 -0.281272 -0.713516 12.23 
14.5803 2 1 1 0x0 -1.1398 -0.5772 -1.14 -0.58 -0.0000 0.0000 0.1000 0.1000 0.5046 -0.0334 -0.281272 -0.713508 12.23 
14.5903 2 1 1 0x0 -1.1412 -0.5786 -1.14 -0.58 -0.0000 0.0000 0.1000 0.1000 0.5046 -0.0334 -0.281272 -0.713497 12.22 
14.6003 2 1 1 0x0 -1.1426 -0.5801 -1.14 -0.58 -0.0000 0.0000 0.1000 0.1000 0.5046 -0.0334 -0.281272 -0.713517 12.23 
14.6103 2 1 1 0x0 -1.1441 -0.5815 -1.14 -0.58 -0.0000 0.0000 0.1000 0.1000 0.5046 -0.0334 -0.281272 -0.713535 12.23 
14.6203 2 1 1 0x0 -1.1455 -0.5829 -1.15 -0.58 -0.0000 0.0000 0.1000 0.1000 0.5046 -0.0334 -0.281272 -0.713544 12.23 
14.6303 2 1 1 0x0 -1.1469 -0.5844 -1.15 -0.58 -0.0000 0.0000 0.1000 0.1000 0.5046 -0.0334 -0.281272 -0.713538 12.22 
14.6403 2 1 1 0x0 -1.1484 -0.5858 -1.15 -0.59 -0.0000 0.0000 0.1000 0.1000 0.5046 -0.0334 -0.281272 -0.713528 12.23 
14.6503 2 1 1 0x0 -1.1498 -0.5872 -1.15 -0.59 -0.0000 0.0000 0.1000 0.1000 0.5046 -0.0334 -0.281272 -0.713509 12.23 
14.6603 2 1 1 0x0 -1.1512 -0.5887 -1.15 -0.59 -0.0000 0.0000 0.1000 0.1000 0.5046 -0.0334 -0.281272 -0.713459 12.23 
14.6703 2 1 1 0x0 -1.1527 -0.5901 -1.15 -0.59 -0.0000 0.0000 0.1000 0.1000 0.5046 -0.0334 -0.281272 -0.713472 12.23 
14.6803 2 1 1 0x0 -1.1541 -0.5915 -1.15 -0.59 -0.0000 0.0000 0.1000 0.1000 0.5046 -0.0334 -0.281272 -0.713496 12.23 
14.6903 2 1 1 0x0 -1.1555 -0.5930 -1.16 -0.59 -0.0000 0.0000 0.1000 0.1000 0.5046 -0.0334 -0.281272 -0.713498 12.23 
14.7003 2 1 1 0x0 -1.1569 -0.5944 -1.16 -0.59 -0.0000 0.0000 0.1000 0.1000 0.5046 -0.0334 -0.281272 -0.713507 12.23 
14.7103 2 1 1 0x0 -1.1584 -0.5958 -1.16 -0.60 -0.0000 0.0000 0.1000 0.1000 0.5046 -0.0334 -0.281272 -0.713523 12.23 
14.7203 2 1 1 0x0 -1.1598 -0.5973 -1.16 -0.60 -0.0000 0.0000 0.1000 0.1000 0.5046 -0.0334 -0.281272 -0.713520 12.23 
14.7303 2 1 1 0x0 -1.1612 -0.5987 -1.16 -0.60 -0.0000 0.0000 0.1000 0.1000 0.5046 -0.0334 -0.281272 -0.713533 12.23 
14.7403 2 1 1 0x0 -1.1627 -0.6001 -1.16 -0.60 -0.0000 0.0000 0.1000 0.1000 0.5046 -0.0334 -0.281272 -0.713515 12.23 
14.7503 2 1 1 0x0 -1.1641 -0.6016 -1.16 -0.60 -0.0000 0.0000 0.1000 0.1000 0.5046 -0.0334 -0.281272 -0.713477 12.23 
14.7603 2 1 1 0x0 -1.1655 -0.6030 -1.17 -0.60 -0.0000 0.0000 0.1000 0.1000 0.5046 -0.0334 -0.281272 -0.713473 12.23 
14.7703 2 1 1 0x0 -1.1670 -0.6044 -1.17 -0.60 -0.0000 0.0000 0.1000 0.1000 0.5046 -0.0334 -0.281272 -0.713485 12.23 
14.7803 2 1 1 0x0 -1.1684 -0.6059 -1.17 -0.61 -0.0000 0.0000 0.1000 0.1000 0.5046 -0.0334 -0.281272 -0.713507 12.23 
14.7903 2 1 1 0x0 -1.1698 -0.6073 -1.17 -0.61 -0.0000 0.0000 0.1000 0.1000 0.5046 -0.0334 -0.281272 -0.713520 12.24 
14.8004 2 1 1 0x0 -1.1713 -0.6087 -1.17 -0.61 -0.0000 0.0000 0.1000 0.1000 0.5046 -0.0334 -0.281272 -0.713553 12.23 
14.8104 2 1 1 0x0 -1.1727 -0.6102 -1.17 -0.61 -0.0000 0.0000 0.1000 0.1000 0.5046 -0.0334 -0.281272 -0.713584 12.22 
14.8204 2 1 1 0x0 -1.1741 -0.6116 -1.17 -0.61 -0.0000 0.0000 0.1000 0.1000 0.5046 -0.0334 -0.281272 -0.713581 12.22 
14.8304 2 1 1 0x0 -1.1756 -0.6130 -1.18 -0.61 -0.0000 0.0000 0.1000 0.1000 0.5046 -0.0334 -0.281272 -0.713550 12.22 
14.8404 2 1 1 0x0 -1.1770 -0.6145 -1.18 -0.61 -0.0000 0.0000 0.1000 0.1000 0.5046 -0.0334 -0.281272 -0.713545 12.23 
14.8504 2 1 1 0x0 -1.1784 -0.6159 -1.18 -0.62 -0.0000 0.0000 0.1000 0.1000 0.5046 -0.0334 -0.281272 -0.713519 12.23 
14.8604 2 1 1 0x0 -1.1799 -0.6173 -1.18 -0.62 -0.0000 0.0000 0.1000 0.1000 0.5046 -0.0334 -0.281272 -0.713502 12.22 
14.8704 2 1 1 0x0 -1.1813 -0.6188 -1.18 -0.62 -0.0000 0.0000 0.1000 0.1000 0.5046 -0.0334 -0.281272 -0.713468 12.23 
14.8804 2 1 1 0x0 -1.1827 -0.6202 -1.18 -0.62 -0.0000 0.0000 0.1000 0.1000 0.5046 -0.0334 -0.281272 -0.713461 12.23 
14.8904 2 1 1 0x0 -1.1842 -0.6216 -1.18 -0.62 -0.0000 0.0000 0.1000 0.1000 0.5046 -0.0334 -0.281272 -0.713463 12.23 
14.9004 2 1 1 0x0 -1.1856 -0.6231 -1.19 -0.62 -0.0000 0.0000 0.1000 0.1000 0.5046 -0.0334 -0.281272 -0.713453 12.23 
14.9104 2 1 1 0x0 -1.1870 -0.6245 -1.19 -0.62 -0.0000 0.0000 0.1000 0.1000 0.5046 -0.0334 -0.281272 -0.713466 12.23 
14.9204 2 1 1 0x0 -1.1885 -0.6259 -1.19 -0.63 -0.0000 0.0000 0.1000 0.1000 0.5046 -0.0334 -0.281272 -0.713469 12.23 
14.9304 2 1 1 0x0 -1.1899 -0.6274 -1.19 -0.63 -0.0000 0.0000 0.1000 0.1000 0.5046 -0.0334 -0.281272 -0.713494 12.23 
14.9404 2 1 1 0x0 -1.1913 -0.6288 -1.19 -0.63 -0.0000 0.0000 0.1000 0.1000 0.5046 -0.0334 -0.281272 -0.713513 12.23 
14.9504 2 1 1 0x0 -1.1928 -0.6302 -1.19 -0.63 -0.0000 0.0000 0.1000 0.1000 0.5046 -0.0334 -0.281272 -0.713519 12.23 
14.9604 2 1 1 0x0 -1.1942 -0.6317 -1.19 -0.63 -0.0000 0.0000 0.1000 0.1000 0.5046 -0.0334 -0.281272 -0.713533 12.22 
14.9704 2 1 1 0x0 -1.1956 -0.6331 -1.20 -0.63 -0.0000 0.0000 0.1000 0.1000 0.5046 -0.0334 -0.281272 -0.713537 12.23 
14.9804 2 1 1 0x0 -1.1971 -0.6345 -1.20 -0.63 -0.0000 0.0000 0.1000 0.1000 0.5046 -0.0334 -0.281272 -0.713544 12.23 
14.9904 2 1 1 0x0 -1.1985 -0.6360 -1.20 -0.64 -0.0000 0.0000 0.1000 0.1000 0.5046 -0.0334 -0.281272 -0.713535 12.23 
15.0004 2 1 1 0x0 -1.1999 -0.6374 -1.20 -0.64 -0.0000 0.0000 0.1000 0.1000 0.5046 -0.0334 -0.281272 -0.713498 12.23 
15.0104 2 1 1 0x0 -1.2014 -0.6388 -1.20 -0.64 -0.0000 0.0000 0.1000 0.1000 0.5046 -0.0334 -0.281272 -0.713494 12.23 
15.0204 2 1 1 0x0 -1.2028 -0.6403 -1.20 -0.64 -0.0000 0.0000 0.1000 0.1000 0.5046 -0.0334 -0.281272 -0.713492 12.23 
15.0304 2 1 1 0x0 -1.2042 -0.6417 -1.20 -0.64 -0.0000 0.0000 0.1000 0.1000 0.5046 -0.0334 -0.281272 -0.713484 12.23 
15.0404 2 1 1 0x0 -1.2057 -0.6431 -1.21 -0.64 -0.0000 0.0000 0.1000 0.1000 0.5046 -0.0334 -0.281272 -0.713481 12.23 
15.0505 2 1 1 0x0 -1.2071 -0.6446 -1.21 -0.64 -0.0000 0.0000 0.1000 0.1000 0.5046 -0.0334 -0.281272 -0.713491 12.23 
15.0605 2 1 1 0x0 -1.2085 -0.6460 -1.21 -0.65 -0.0000 0.0000 0.1000 0.1000 0.5046 -0.0334 -0.281272 -0.713529 12.23 
15.0705 2 1 1 0x0 -1.2100 -0.6474 -1.21 -0.65 -0.0000 0.0000 0.1000 0.1000 0.5046 -0.0334 -0.281272 -0.713512 12.22 
15.0805 2 1 1 0x0 -1.2114 -0.6489 -1.21 -0.65 -0.0000 0.0000 0.1000 0.1000 0.5046 -0.0334 -0.281272 -0.713518 12.23 
15.0905 2 1 1 0x0 -1.2128 -0.6503 -1.21 -0.65 -0.0000 0.0000 0.1000 0.1000 0.5046 -0.0334 -0.281272 -0.713542 12.23 
15.1005 2 1 1 0x0 -1.2143 -0.6517 -1.21 -0.65 -0.0000 0.0000 0.1000 0.1000 0.5046 -0.0334 -0.281272 -0.713540 12.23 
15.1105 2 1 1 0x0 -1.2157 -0.6532 -1.22 -0.65 -0.0000 0.0000 0.1000 0.1000 0.5046 -0.0334 -0.281272 -0.713494 12.22 
15.1205 2 1 1 0x0 -1.2077 -0.6506 -1.21 -0.65 -0.0000 0.0000 0.1000 0.1000 0.5044 -0.0334 -0.278567 -0.713033 12.22 
15.1305 2 1 1 0x0 -1.2097 -0.6526 -1.21 -0.65 -0.0000 0.0000 0.1000 0.1000 0.5044 -0.0334 -0.278567 -0.712579 12.22 
15.1405 2 1 1 0x0 -1.2116 -0.6545 -1.21 -0.65 -0.0000 0.0000 0.1000 0.1000 0.5044 -0.0334 -0.278567 -0.712383 12.22 
15.1505 2 1 1 0x0 -1.2039 -0.6522 -1.20 -0.65 -0.0000 0.0000 0.1000 0.1000 0.5042 -0.0333 -0.275863 -0.712198 12.22 
15.1605 2 1 1 0x0 -1.2062 -0.6545 -1.21 -0.65 -0.0000 0.0000 0.1000 0.1000 0.5042 -0.0333 -0.275863 -0.712073 12.22 
15.1705 2 1 1 0x0 -1.1989 -0.6526 -1.20 -0.65 -0.0000 0.0000 0.1000 0.1000 0.5040 -0.0333 -0.273158 -0.711930 12.22 
15.1805 2 1 1 0x0 -1.1917 -0.6508 -1.19 -0.65 -0.0248 0.0000 0.0104 0.1000 0.5038 -0.0332 -0.270454 -0.711689 12.22 
15.1905 2 1 1 0x0 -1.1847 -0.6492 -1.18 -0.65 -0.0355 0.0000 0.0065 0.1000 0.5036 -0.0332 -0.267749 -0.711469 12.22 
15.2005 2 1 1 0x0 -1.1880 -0.6525 -1.19 -0.65 -0.0355 0.0000 0.0165 0.1000 0.5036 -0.0332 -0.267749 -0.711376 12.23 
15.2105 2 1 1 0x0 -1.1815 -0.6514 -1.18 -0.65 -0.0342 0.0000 0.0148 0.1000 0.5035 -0.0331 -0.265045 -0.711197 12.23 
15.2205 2 1 1 0x0 -1.1752 -0.6505 -1.18 -0.65 -0.0405 0.0000 0.0139 0.1000 0.5033 -0.0331 -0.262340 -0.711272 12.22 
15.2305 2 1 1 0x0 -1.1690 -0.6497 -1.17 -0.65 -0.0324 0.0000 0.0126 0.1000 0.5031 -0.0330 -0.259636 -0.711379 12.23 
15.2405 2 1 1 0x0 -1.1629 -0.6490 -1.16 -0.65 -0.0430 0.0000 0.0117 0.1000 0.5029 -0.0330 -0.256931 -0.711563 12.22 
15.2505 2 1 1 0x0 -1.1568 -0.6484 -1.16 -0.65 -0.0336 0.0000 0.0109 0.1000 0.5027 -0.0329 -0.254226 -0.711982 12.22 
15.2605 2 1 1 0x0 -1.1508 -0.6477 -1.15 -0.65 -0.0354 0.0000 0.0091 0.1000 0.5025 -0.0329 -0.251522 -0.711827 12.22 
15.2705 2 1 1 0x0 -1.1545 -0.6515 -1.15 -0.65 -0.0354 0.0000 0.0191 0.1000 0.5025 -0.0329 -0.251522 -0.712301 12.22 
15.2805 2 1 1 0x0 -1.1483 -0.6507 -1.15 -0.65 -0.0279 0.0000 0.0161 0.1000 0.5023 -0.0328 -0.248817 -0.712565 12.22 
15.2905 2 1 1 0x0 -1.1422 -0.6500 -1.14 -0.65 -0.0363 0.0000 0.0133 0.1000 0.5021 -0.0328 -0.246113 -0.712646 12.22 
15.3006 2 1 1 0x0 -1.1358 -0.6490 -1.14 -0.65 -0.0278 0.0000 0.0104 0.1000 0.5019 -0.0327 -0.243408 -0.712784 12.22 
15.3106 2 1 1 0x0 -1.1295 -0.6480 -1.13 -0.65 -0.0336 0.0000 0.0071 0.1000 0.5017 -0.0327 -0.240704 -0.713015 12.22 
15.3206 2 1 1 0x0 -1.1330 -0.6516 -1.13 -0.65 -0.0336 0.0000 0.0171 0.1000 0.5017 -0.0327 -0.240704 -0.713170 12.22 
15.3306 2 1 1 0x0 -1.1264 -0.6504 -1.13 -0.65 -0.0250 0.0000 0.0129 0.1000 0.5015 -0.0326 -0.237999 -0.713487 12.22 
15.3406 2 1 1 0x0 -1.1295 -0.6535 -1.13 -0.65 -0.0250 0.0000 0.0229 0.1000 0.5015 -0.0326 -0.237999 -0.713935 12.22 
15.3506 2 1 1 0x0 -1.1225 -0.6519 -1.12 -0.65 -0.0210 0.0000 0.0151 0.1000 0.5013 -0.0326 -0.235295 -0.714241 12.21 
15.3606 2 1 1 0x0 -1.1253 -0.6547 -1.13 -0.65 -0.0210 0.0000 0.0251 0.1000 0.5013 -0.0326 -0.235295 -0.714407 12.22 
15.3706 2 1 1 0x0 -1.1276 -0.6570 -1.13 -0.66 -0.0160 0.0000 0.0351 0.1000 0.5013 -0.0326 -0.235295 -0.714440 12.21 
15.3806 2 1 1 0x0 -1.1154 -0.6448 -1.12 -0.64 -0.0123 -0.0000 0.0190 0.1000 0.5009 -0.0325 -0.235295 -0.714451 12.22 
15.3906 2 1 1 0x0 -1.1183 -0.6477 -1.12 -0.65 -0.0123 -0.0000 0.0290 0.1000 0.5009 -0.0325 -0.235295 -0.714521 12.22 
15.4006 2 1 1 0x0 -1.1206 -0.6500 -1.12 -0.65 -0.0123 -0.0000 0.0390 0.1000 0.5009 -0.0325 -0.235295 -0.714617 12.21 
15.4106 2 1 1 0x0 -1.1226 -0.6520 -1.12 -0.65 -0.0123 -0.0000 0.0490 0.1000 0.5009 -0.0325 -0.235295 -0.714693 12.22 
15.4206 2 1 1 0x0 -1.1145 -0.6493 -1.11 -0.65 -0.0108 -0.0000 0.0238 0.1000 0.5007 -0.0324 -0.232590 -0.714767 12.22 
15.4306 2 1 1 0x0 -1.1164 -0.6512 -1.12 -0.65 -0.0108 -0.0000 0.0338 0.1000 0.5007 -0.0324 -0.232590 -0.714915 12.22 
15.4406 2 1 1 0x0 -1.1180 -0.6528 -1.12 -0.65 -0.0108 -0.0000 0.0438 0.1000 0.5007 -0.0324 -0.232590 -0.715046 12.22 
15.4506 2 1 1 0x0 -1.1192 -0.6541 -1.12 -0.65 -0.0108 -0.0000 0.0538 0.1000 0.5007 -0.0324 -0.232590 -0.715136 12.22 
15.4606 2 1 1 0x0 -1.1203 -0.6551 -1.12 -0.66 -0.0090 -0.0000 0.0638 0.1000 0.5007 -0.0324 -0.232590 -0.715141 12.23 
15.4706 2 1 1 0x0 -1.1211 -0.6559 -1.12 -0.66 -0.0074 -0.0000 0.0738 0.1000 0.5007 -0.0324 -0.232590 -0.715111 12.22 
15.4806 2 1 1 0x0 -1.1218 -0.6566 -1.12 -0.66 -0.0062 -0.0000 0.0838 0.1000 0.5007 -0.0324 -0.232590 -0.715084 12.22 
15.4906 2 1 1 0x0 -1.1223 -0.6571 -1.12 -0.66 -0.0054 -0.0000 0.0938 0.1000 0.5007 -0.0324 -0.232590 -0.715115 12.23 
15.5006 2 1 1 0x0 -1.1227 -0.6576 -1.12 -0.66 -0.0048 -0.0000 0.1000 0.1000 0.5007 -0.0324 -0.232590 -0.715160 12.23 
15.5106 2 1 1 0x0 -1.1231 -0.6579 -1.12 -0.66 -0.0043 -0.0000 0.1000 0.1000 0.5007 -0.0324 -0.232590 -0.715135 12.23 
15.5206 2 1 1 0x0 -1.1233 -0.6582 -1.12 -0.66 -0.0039 -0.0000 0.1000 0.1000 0.5007 -0.0324 -0.232590 -0.715080 12.22 
15.5306 2 1 1 0x0 -1.1235 -0.6584 -1.12 -0.66 -0.0035 -0.0000 0.1000 0.1000 0.5007 -0.0324 -0.232590 -0.715040 12.22 
15.5407 2 1 1 0x0 -1.1237 -0.6585 -1.12 -0.66 -0.0032 -0.0000 0.1000 0.1000 0.5007 -0.0324 -0.232590 -0.715062 12.22 
15.5507 2 1 1 0x0 -1.1238 -0.6586 -1.12 -0.66 -0.0030 -0.0000 0.1000 0.1000 0.5007 -0.0324 -0.232590 -0.715080 12.22 
15.5607 2 1 1 0x0 -1.1239 -0.6587 -1.12 -0.66 -0.0028 -0.0000 0.1000 0.1000 0.5007 -0.0324 -0.232590 -0.715087 12.22 
15.5707 2 1 1 0x0 -1.1239 -0.6588 -1.12 -0.66 -0.0026 -0.0000 0.1000 0.1000 0.5007 -0.0324 -0.232590 -0.715045 12.22 
15.5807 2 1 1 0x0 -1.1240 -0.6588 -1.12 -0.66 -0.0025 -0.0000 0.1000 0.1000 0.5007 -0.0324 -0.232590 -0.715037 12.22 
15.5907 2 1 1 0x0 -1.1240 -0.6588 -1.12 -0.66 -0.0023 -0.0000 0.1000 0.1000 0.5007 -0.0324 -0.232590 -0.715034 12.23 
15.6007 2 1 1 0x0 -1.1240 -0.6588 -1.12 -0.66 -0.0022 -0.0000 0.1000 0.1000 0.5007 -0.0324 -0.232590 -0.715033 12.22 
15.6107 2 1 1 0x0 -1.1239 -0.6588 -1.12 -0.66 -0.0021 -0.0000 0.1000 0.1000 0.5007 -0.0324 -0.232590 -0.715028 12.22 
15.6207 2 1 1 0x0 -1.1239 -0.6587 -1.12 -0.66 -0.0000 -0.0000 0.1000 0.1000 0.5007 -0.0324 -0.232590 -0.715016 12.22 
15.6307 2 1 1 0x0 -1.1239 -0.6587 -1.12 -0.66 -0.0000 -0.0000 0.1000 0.1000 0.5007 -0.0324 -0.232590 -0.715033 12.22 
15.6407 2 1 1 0x0 -1.1238 -0.6586 -1.12 -0.66 -0.0000 -0.0000 0.1000 0.1000 0.5007 -0.0324 -0.232590 -0.715065 12.22 
15.6507 2 1 1 0x0 -1.1238 -0.6586 -1.12 -0.66 -0.0000 -0.0000 0.1000 0.1000 0.5007 -0.0324 -0.232590 -0.715060 12.21 
15.6607 2 1 1 0x0 -1.1237 -0.6585 -1.12 -0.66 -0.0000 -0.0000 0.1000 0.1000 0.5007 -0.0324 -0.232590 -0.715055 12.21 
15.6707 2 1 1 0x0 -1.1236 -0.6585 -1.12 -0.66 -0.0000 -0.0000 0.1000 0.1000 0.5007 -0.0324 -0.232590 -0.715064 12.22 
15.6807 2 1 1 0x0 -1.1236 -0.6584 -1.12 -0.66 -0.0000 -0.0000 0.1000 0.1000 0.5007 -0.0324 -0.232590 -0.715107 12.22 
15.6907 2 1 1 0x0 -1.1235 -0.6584 -1.12 -0.66 -0.0000 -0.0000 0.1000 0.1000 0.5007 -0.0324 -0.232590 -0.715118 12.22 
15.7007 2 1 1 0x0 -1.1235 -0.6583 -1.12 -0.66 -0.0000 -0.0000 0.1000 0.1000 0.5007 -0.0324 -0.232590 -0.715098 12.22 
15.7107 2 1 1 0x0 -1.1234 -0.6582 -1.12 -0.66 -0.0000 -0.0000 0.1000 0.1000 0.5007 -0.0324 -0.232590 -0.715088 12.22 
15.7207 2 1 1 0x0 -1.1233 -0.6581 -1.12 -0.66 -0.0000 -0.0000 0.1000 0.1000 0.5007 -0.0324 -0.232590 -0.715091 12.22 
15.7307 2 1 1 0x0 -1.1232 -0.6580 -1.12 -0.66 -0.0000 -0.0000 0.1000 0.1000 0.5007 -0.0324 -0.232590 -0.715086 12.22 
15.7407 2 1 1 0x0 -1.1231 -0.6580 -1.12 -0.66 -0.0000 -0.0000 0.1000 0.1000 0.5007 -0.0324 -0.232590 -0.715099 12.22 
15.7507 2 1 1 0x0 -1.1231 -0.6579 -1.12 -0.66 -0.0000 -0.0000 0.1000 0.1000 0.5007 -0.0324 -0.232590 -0.715102 12.23 
15.7607 2 1 1 0x0 -1.1230 -0.6578 -1.12 -0.66 -0.0000 -0.0000 0.1000 0.1000 0.5007 -0.0324 -0.232590 -0.715105 12.22 
15.7707 2 1 1 0x0 -1.1229 -0.6577 -1.12 -0.66 -0.0000 -0.0000 0.1000 0.1000 0.5007 -0.0324 -0.232590 -0.715115 12.22 
15.7807 2 1 1 0x0 -1.1228 -0.6576 -1.12 -0.66 -0.0000 -0.0000 0.1000 0.1000 0.5007 -0.0324 -0.232590 -0.715111 12.21 
15.7908 2 1 1 0x0 -1.1227 -0.6576 -1.12 -0.66 -0.0000 -0.0000 0.1000 0.1000 0.5007 -0.0324 -0.232590 -0.715101 12.22 
15.8008 2 1 1 0x0 -1.1227 -0.6575 -1.12 -0.66 -0.0000 -0.0000 0.1000 0.1000 0.5007 -0.0324 -0.232590 -0.715098 12.23 
15.8108 2 1 1 0x0 -1.1226 -0.6574 -1.12 -0.66 -0.0000 -0.0000 0.1000 0.1000 0.5007 -0.0324 -0.232590 -0.715098 12.23 
15.8208 2 1 1 0x0 -1.1225 -0.6573 -1.12 -0.66 -0.0000 -0.0000 0.1000 0.1000 0.5007 -0.0324 -0.232590 -0.715094 12.22 
15.8308 2 1 1 0x0 -1.1224 -0.6572 -1.12 -0.66 -0.0000 -0.0000 0.1000 0.1000 0.5007 -0.0324 -0.232590 -0.715109 12.22 
15.8408 2 1 1 0x0 -1.1223 -0.6572 -1.12 -0.66 -0.0000 -0.0000 0.1000 0.1000 0.5007 -0.0324 -0.232590 -0.715148 12.22 
15.8508 2 1 1 0x0 -1.1223 -0.6571 -1.12 -0.66 -0.0000 -0.0000 0.1000 0.1000 0.5007 -0.0324 -0.232590 -0.715143 12.22 
15.8608 2 1 1 0x0 -1.1222 -0.6570 -1.12 -0.66 -0.0000 -0.0000 0.1000 0.1000 0.5007 -0.0324 -0.232590 -0.715150 12.22 
15.8708 2 1 1 0x0 -1.1221 -0.6569 -1.12 -0.66 -0.0000 -0.0000 0.1000 0.1000 0.5007 -0.0324 -0.232590 -0.715135 12.22 
15.8808 2 1 1 0x0 -1.1220 -0.6568 -1.12 -0.66 -0.0000 -0.0000 0.1000 0.1000 0.5007 -0.0324 -0.232590 -0.715134 12.22 
15.8908 2 1 1 0x0 -1.1219 -0.6568 -1.12 -0.66 -0.0000 -0.0000 0.1000 0.1000 0.5007 -0.0324 -0.232590 -0.715157 12.22 
15.9008 2 1 1 0x0 -1.1219 -0.6567 -1.12 -0.66 -0.0000 -0.0000 0.1000 0.1000 0.5007 -0.0324 -0.232590 -0.715160 12.22 
15.9108 2 1 1 0x0 -1.1218 -0.6566 -1.12 -0.66 -0.0000 -0.0000 0.1000 0.1000 0.5007 -0.0324 -0.232590 -0.715159 12.22 
15.9208 2 1 1 0x0 -1.1217 -0.6565 -1.12 -0.66 -0.0000 -0.0000 0.1000 0.1000 0.5007 -0.0324 -0.232590 -0.715146 12.22 
15.9308 2 1 1 0x0 -1.1216 -0.6564 -1.12 -0.66 -0.0000 -0.0000 0.1000 0.1000 0.5007 -0.0324 -0.232590 -0.715124 12.22 
15.9408 2 1 1 0x0 -1.1215 -0.6564 -1.12 -0.66 -0.0000 -0.0000 0.1000 0.1000 0.5007 -0.0324 -0.232590 -0.715121 12.22 
15.9508 2 1 1 0x0 -1.1215 -0.6563 -1.12 -0.66 -0.0000 -0.0000 0.1000 0.1000 0.5007 -0.0324 -0.232590 -0.715091 12.22 
15.9608 2 1 1 0x0 -1.1214 -0.6562 -1.12 -0.66 -0.0000 -0.0000 0.1000 0.1000 0.5007 -0.0324 -0.232590 -0.715087 12.22 
15.9708 2 1 1 0x0 -1.1213 -0.6561 -1.12 -0.66 -0.0000 -0.0000 0.1000 0.1000 0.5007 -0.0324 -0.232590 -0.715071 12.22 
15.9808 2 1 1 0x0 -1.1212 -0.6560 -1.12 -0.66 -0.0000 -0.0000 0.1000 0.1000 0.5007 -0.0324 -0.232590 -0.715061 12.22 
15.9908 2 1 1 0x0 -1.1211 -0.6560 -1.12 -0.66 -0.0000 -0.0000 0.1000 0.1000 0.5007 -0.0324 -0.232590 -0.715049 12.23 
16.0008 2 1 1 0x0 -1.1211 -0.6559 -1.12 -0.66 -0.0000 -0.0000 0.1000 0.1000 0.5007 -0.0324 -0.232590 -0.715045 12.22 
16.0108 2 1 1 0x0 -1.1210 -0.6558 -1.12 -0.66 -0.0000 -0.0000 0.1000 0.1000 0.5007 -0.0324 -0.232590 -0.715053 12.22 
16.0208 2 1 1 0x0 -1.1209 -0.6557 -1.12 -0.66 -0.0000 -0.0000 0.1000 0.1000 0.5007 -0.0324 -0.232590 -0.715041 12.22 
16.0308 2 1 1 0x0 -1.1208 -0.6556 -1.12 -0.66 -0.0000 -0.0000 0.1000 0.1000 0.5007 -0.0324 -0.232590 -0.715036 12.22 
16.0408 2 1 1 0x0 -1.1207 -0.6556 -1.12 -0.66 -0.0000 -0.0000 0.1000 0.1000 0.5007 -0.0324 -0.232590 -0.715052 12.23 
16.0508 2 1 1 0x0 -1.1207 -0.6555 -1.12 -0.66 -0.0000 -0.0000 0.1000 0.1000 0.5007 -0.0324 -0.232590 -0.715080 12.22 
16.0608 2 1 1 0x0 -1.1206 -0.6554 -1.12 -0.66 -0.0000 -0.0000 0.1000 0.1000 0.5007 -0.0324 -0.232590 -0.715108 12.22 
16.0708 2 1 1 0x0 -1.1205 -0.6553 -1.12 -0.66 -0.0000 -0.0000 0.1000 0.1000 0.5007 -0.0324 -0.232590 -0.715106 12.22 
16.0808 2 1 1 0x0 -1.1204 -0.6552 -1.12 -0.66 -0.0000 -0.0000 0.1000 0.1000 0.5007 -0.0324 -0.232590 -0.715082 12.23 
16.0908 2 1 1 0x0 -1.1203 -0.6552 -1.12 -0.66 -0.0000 -0.0000 0.1000 0.1000 0.5007 -0.0324 -0.232590 -0.715059 12.22 
16.1008 2 1 1 0x0 -1.1203 -0.6551 -1.12 -0.66 -0.0000 -0.0000 0.1000 0.1000 0.5007 -0.0324 -0.232590 -0.715022 12.21 
16.1108 2 1 1 0x0 -1.1202 -0.6550 -1.12 -0.65 -0.0000 -0.0000 0.1000 0.1000 0.5007 -0.0324 -0.232590 -0.715030 12.22 
16.1208 2 1 1 0x0 -1.1201 -0.6549 -1.12 -0.65 -0.0000 -0.0000 0.1000 0.1000 0.5007 -0.0324 -0.232590 -0.715035 12.22 
16.1308 2 1 1 0x0 -1.1200 -0.6548 -1.12 -0.65 -0.0000 -0.0000 0.1000 0.1000 0.5007 -0.0324 -0.232590 -0.715017 12.22 
16.1408 2 1 1 0x0 -1.1199 -0.6548 -1.12 -0.65 -0.0000 -0.0000 0.1000 0.1000 0.5007 -0.0324 -0.232590 -0.715012 12.22 
16.1508 2 1 1 0x0 -1.1199 -0.6547 -1.12 -0.65 -0.0000 -0.0000 0.1000 0.1000 0.5007 -0.0324 -0.232590 -0.715016 12.22 
16.1607 2 1 1 0x0 -1.1198 -0.6546 -1.12 -0.65 -0.0000 -0.0000 0.1000 0.1000 0.5007 -0.0324 -0.232590 -0.715038 12.22 
16.1707 2 1 1 0x0 -1.1197 -0.6545 -1.12 -0.65 -0.0000 -0.0000 0.1000 0.1000 0.5007 -0.0324 -0.232590 -0.715041 12.21 
16.1807 2 1 1 0x0 -1.1196 -0.6544 -1.12 -0.65 -0.0000 -0.0000 0.1000 0.1000 0.5007 -0.0324 -0.232590 -0.715054 12.22 
16.1907 2 1 1 0x0 -1.1195 -0.6544 -1.12 -0.65 -0.0000 -0.0000 0.1000 0.1000 0.5007 -0.0324 -0.232590 -0.715065 12.21 
16.2007 2 1 1 0x0 -1.1195 -0.6543 -1.12 -0.65 -0.0000 -0.0000 0.1000 0.1000 0.5007 -0.0324 -0.232590 -0.715091 12.22 
16.2107 2 1 1 0x0 -1.1194 -0.6542 -1.12 -0.65 -0.0000 -0.0000 0.1000 0.1000 0.5007 -0.0324 -0.232590 -0.715110 12.22 
16.2207 2 1 1 0x0 -1.1193 -0.6541 -1.12 -0.65 -0.0000 -0.0000 0.1000 0.1000 0.5007 -0.0324 -0.232590 -0.715112 12.22 
16.2307 2 1 1 0x0 -1.1192 -0.6540 -1.12 -0.65 -0.0000 -0.0000 0.1000 0.1000 0.5007 -0.0324 -0.232590 -0.715138 12.22 
16.2407 2 1 1 0x0 -1.1191 -0.6540 -1.12 -0.65 -0.0000 -0.0000 0.1000 0.1000 0.5007 -0.0324 -0.232590 -0.715157 12.22 
16.2507 2 1 1 0x0 -1.1191 -0.6539 -1.12 -0.65 -0.0000 -0.0000 0.1000 0.1000 0.5007 -0.0324 -0.232590 -0.715166 12.22 
16.2607 2 1 1 0x0 -1.1190 -0.6538 -1.12 -0.65 -0.0000 -0.0000 0.1000 0.1000 0.5007 -0.0324 -0.232590 -0.715148 12.22 
16.2707 2 1 1 0x0 -1.1189 -0.6537 -1.12 -0.65 -0.0000 -0.0000 0.1000 0.1000 0.5007 -0.0324 -0.232590 -0.715148 12.22 
16.2807 2 1 1 0x0 -1.1188 -0.6536 -1.12 -0.65 -0.0000 -0.0000 0.1000 0.1000 0.5007 -0.0324 -0.232590 -0.715162 12.23 
16.2907 2 1 1 0x0 -1.1187 -0.6536 -1.12 -0.65 -0.0000 -0.0000 0.1000 0.1000 0.5007 -0.0324 -0.232590 -0.715184 12.22 
16.3007 2 1 1 0x0 -1.1187 -0.6535 -1.12 -0.65 -0.0000 -0.0000 0.1000 0.1000 0.5007 -0.0324 -0.232590 -0.715178 12.21 
16.3107 2 1 1 0x0 -1.1186 -0.6534 -1.12 -0.65 -0.0000 -0.0000 0.1000 0.1000 0.5007 -0.0324 -0.232590 -0.715149 12.22 
16.3207 2 1 1 0x0 -1.1185 -0.6533 -1.12 -0.65 -0.0000 -0.0000 0.1000 0.1000 0.5007 -0.0324 -0.232590 -0.715120 12.22 
16.3307 2 1 1 0x0 -1.1184 -0.6532 -1.12 -0.65 -0.0000 -0.0000 0.1000 0.1000 0.5007 -0.0324 -0.232590 -0.715106 12.22 
16.3406 2 1 1 0x0 -1.1183 -0.6532 -1.12 -0.65 -0.0000 -0.0000 0.1000 0.1000 0.5007 -0.0324 -0.232590 -0.715121 12.22 
16.3506 2 1 1 0x0 -1.1183 -0.6531 -1.12 -0.65 -0.0000 -0.0000 0.1000 0.1000 0.5007 -0.0324 -0.232590 -0.715146 12.22 
16.3606 2 1 1 0x0 -1.1182 -0.6530 -1.12 -0.65 -0.0000 -0.0000 0.1000 0.1000 0.5007 -0.0324 -0.232590 -0.715153 12.22 
16.3706 2 1 1 0x0 -1.1181 -0.6529 -1.12 -0.65 -0.0000 -0.0000 0.1000 0.1000 0.5007 -0.0324 -0.232590 -0.715142 12.22 
16.3806 2 1 1 0x0 -1.1180 -0.6528 -1.12 -0.65 -0.0000 -0.0000 0.1000 0.1000 0.5007 -0.0324 -0.232590 -0.715156 12.21 
16.3906 2 1 1 0x0 -1.1179 -0.6528 -1.12 -0.65 -0.0000 -0.0000 0.1000 0.1000 0.5007 -0.0324 -0.232590 -0.715158 12.21 
16.4006 2 1 1 0x0 -1.1179 -0.6527 -1.12 -0.65 -0.0000 -0.0000 0.1000 0.1000 0.5007 -0.0324 -0.232590 -0.715160 12.22 
16.4106 2 1 1 0x0 -1.1178 -0.6526 -1.12 -0.65 -0.0000 -0.0000 0.1000 0.1000 0.5007 -0.0324 -0.232590 -0.715163 12.22 
16.4206 2 1 1 0x0 -1.1177 -0.6525 -1.12 -0.65 -0.0000 -0.0000 0.1000 0.1000 0.5007 -0.0324 -0.232590 -0.715195 12.22 
16.4306 2 1 1 0x0 -1.1176 -0.6524 -1.12 -0.65 -0.0000 -0.0000 0.1000 0.1000 0.5007 -0.0324 -0.232590 -0.715204 12.22 
16.4406 2 1 1 0x0 -1.1175 -0.6524 -1.12 -0.65 -0.0000 -0.0000 0.1000 0.1000 0.5007 -0.0324 -0.232590 -0.715192 12.21 
16.4506 2 1 1 0x0 -1.1175 -0.6523 -1.12 -0.65 -0.0000 -0.0000 0.1000 0.1000 0.5007 -0.0324 -0.232590 -0.715181 12.21 
16.4606 2 1 1 0x0 -1.1174 -0.6522 -1.12 -0.65 -0.0000 -0.0000 0.1000 0.1000 0.5007 -0.0324 -0.232590 -0.715186 12.22 
16.4706 2 1 1 0x0 -1.1173 -0.6521 -1.12 -0.65 -0.0000 -0.0000 0.1000 0.1000 0.5007 -0.0324 -0.232590 -0.715181 12.21 
16.4806 2 1 1 0x0 -1.1172 -0.6520 -1.12 -0.65 -0.0000 -0.0000 0.1000 0.1000 0.5007 -0.0324 -0.232590 -0.715174 12.22 
16.4906 2 1 1 0x0 -1.1171 -0.6520 -1.12 -0.65 -0.0000 -0.0000 0.1000 0.1000 0.5007 -0.0324 -0.232590 -0.715172 12.22 
16.5006 2 1 1 0x0 -1.1171 -0.6519 -1.12 -0.65 -0.0000 -0.0000 0.1000 0.1000 0.5007 -0.0324 -0.232590 -0.715161 12.22 
16.5106 2 1 1 0x0 -1.1170 -0.6518 -1.12 -0.65 -0.0000 -0.0000 0.1000 0.1000 0.5007 -0.0324 -0.232590 -0.715130 12.22 
16.5205 2 1 1 0x0 -1.1169 -0.6517 -1.12 -0.65 -0.0000 -0.0000 0.1000 0.1000 0.5007 -0.0324 -0.232590 -0.715113 12.21 
16.5305 2 1 1 0x0 -1.1168 -0.6516 -1.12 -0.65 -0.0000 -0.0000 0.1000 0.1000 0.5007 -0.0324 -0.232590 -0.715109 12.22 
16.5405 2 1 1 0x0 -1.1167 -0.6516 -1.12 -0.65 -0.0000 -0.0000 0.1000 0.1000 0.5007 -0.0324 -0.232590 -0.715107 12.22 
16.5505 2 1 1 0x0 -1.1167 -0.6515 -1.12 -0.65 -0.0000 -0.0000 0.1000 0.1000 0.5007 -0.0324 -0.232590 -0.715122 12.23 
16.5605 2 1 1 0x0 -1.1166 -0.6514 -1.12 -0.65 -0.0000 -0.0000 0.1000 0.1000 0.5007 -0.0324 -0.232590 -0.715130 12.22 
16.5705 2 1 1 0x0 -1.1165 -0.6513 -1.12 -0.65 -0.0000 -0.0000 0.1000 0.1000 0.5007 -0.0324 -0.232590 -0.715144 12.22 
16.5805 2 1 1 0x0 -1.1164 -0.6512 -1.12 -0.65 -0.0000 -0.0000 0.1000 0.1000 0.5007 -0.0324 -0.232590 -0.715147 12.21 
16.5905 2 1 1 0x0 -1.1163 -0.6512 -1.12 -0.65 -0.0000 -0.0000 0.1000 0.1000 0.5007 -0.0324 -0.232590 -0.715160 12.22 
16.6005 2 1 1 0x0 -1.1163 -0.6511 -1.12 -0.65 -0.0000 -0.0000 0.1000 0.1000 0.5007 -0.0324 -0.232590 -0.715176 12.22 
16.6105 2 1 1 0x0 -1.1162 -0.6510 -1.12 -0.65 -0.0000 -0.0000 0.1000 0.1000 0.5007 -0.0324 -0.232590 -0.715171 12.22 
16.6205 2 1 1 0x0 -1.1161 -0.6509 -1.12 -0.65 -0.0000 -0.0000 0.1000 0.1000 0.5007 -0.0324 -0.232590 -0.715149 12.22 
16.6305 2 1 1 0x0 -1.1160 -0.6508 -1.12 -0.65 -0.0000 -0.0000 0.1000 0.1000 0.5007 -0.0324 -0.232590 -0.715130 12.22 
16.6405 2 1 1 0x0 -1.1159 -0.6508 -1.12 -0.65 -0.0000 -0.0000 0.1000 0.1000 0.5007 -0.0324 -0.232590 -0.715125 12.22 
16.6505 2 1 1 0x0 -1.1159 -0.6507 -1.12 -0.65 -0.0000 -0.0000 0.1000 0.1000 0.5007 -0.0324 -0.232590 -0.715132 12.22 
16.6605 2 1 1 0x0 -1.1158 -0.6506 -1.12 -0.65 -0.0000 -0.0000 0.1000 0.1000 0.5007 -0.0324 -0.232590 -0.715121 12.22 
16.6705 2 1 1 0x0 -1.1157 -0.6505 -1.12 -0.65 -0.0000 -0.0000 0.1000 0.1000 0.5007 -0.0324 -0.232590 -0.715084 12.22 
16.6805 2 1 1 0x0 -1.1156 -0.6504 -1.12 -0.65 -0.0000 -0.0000 0.1000 0.1000 0.5007 -0.0324 -0.232590 -0.715058 12.22 
16.6905 2 1 1 0x0 -1.1155 -0.6504 -1.12 -0.65 -0.0000 -0.0000 0.1000 0.1000 0.5007 -0.0324 -0.232590 -0.715068 12.22 
16.7005 2 1 1 0x0 -1.1155 -0.6503 -1.12 -0.65 -0.0000 -0.0000 0.1000 0.1000 0.5007 -0.0324 -0.232590 -0.715049 12.22 
16.7104 2 1 1 0x0 -1.1154 -0.6502 -1.12 -0.65 -0.0000 -0.0000 0.1000 0.1000 0.5007 -0.0324 -0.232590 -0.715050 12.22 
16.7204 2 1 1 0x0 -1.1153 -0.6501 -1.12 -0.65 -0.0000 -0.0000 0.1000 0.1000 0.5007 -0.0324 -0.232590 -0.715026 12.22 
16.7304 2 1 1 0x0 -1.1152 -0.6500 -1.12 -0.65 -0.0000 -0.0000 0.1000 0.1000 0.5007 -0.0324 -0.232590 -0.715009 12.21 
16.7404 2 1 1 0x0 -1.1151 -0.6500 -1.12 -0.65 -0.0000 -0.0000 0.1000 0.1000 0.5007 -0.0324 -0.232590 -0.715015 12.22 
16.7504 2 1 1 0x0 -1.1151 -0.6499 -1.12 -0.65 -0.0000 -0.0000 0.1000 0.0000 0.5007 -0.0324 -0.232590 -0.715040 12.22 
16.7604 2 1 1 0x0 -1.1150 -0.6498 -1.11 -0.65 -0.0000 -0.0000 0.1000 0.0000 0.5007 -0.0324 -0.232590 -0.715064 12.21 
16.7704 2 1 1 0x0 -1.1149 -0.6497 -1.11 -0.65 -0.0000 -0.0000 0.1000 0.0000 0.5007 -0.0324 -0.232590 -0.715079 12.22 
16.7804 2 1 1 0x0 -1.1148 -0.6496 -1.11 -0.65 -0.0000 -0.0000 0.1000 0.0000 0.5007 -0.0324 -0.232590 -0.715104 12.23 
16.7904 2 1 1 0x0 -1.1147 -0.6496 -1.11 -0.65 -0.0000 -0.0000 0.1000 0.0000 0.5007 -0.0324 -0.232590 -0.715105 12.23 
16.8004 2 1 1 0x0 -1.1147 -0.6495 -1.11 -0.65 -0.0000 -0.0000 0.1000 0.0000 0.5007 -0.0324 -0.232590 -0.715110 12.23 
16.8104 2 1 1 0x0 -1.1146 -0.6494 -1.11 -0.65 -0.0000 -0.0000 0.1000 0.0000 0.5007 -0.0324 -0.232590 -0.715111 12.22 
16.8204 2 1 1 0x0 -1.1145 -0.6493 -1.11 -0.65 -0.0000 -0.0000 0.1000 0.0000 0.5007 -0.0324 -0.232590 -0.715125 12.23 
16.8304 2 1 1 0x0 -1.1144 -0.6492 -1.11 -0.65 -0.0000 -0.0000 0.1000 0.0000 0.5007 -0.0324 -0.232590 -0.715103 12.23 
16.8404 2 1 1 0x0 -1.1143 -0.6492 -1.11 -0.65 -0.0000 -0.0000 0.1000 0.0000 0.5007 -0.0324 -0.232590 -0.715089 12.22 
16.8504 2 1 1 0x0 -1.1143 -0.6491 -1.11 -0.65 -0.0000 -0.0000 0.1000 0.0000 0.5007 -0.0324 -0.232590 -0.715079 12.22 
16.8604 2 1 1 0x0 -1.1142 -0.6490 -1.11 -0.65 -0.0000 -0.0000 0.1000 0.0000 0.5007 -0.0324 -0.232590 -0.715089 12.23 
16.8704 2 1 1 0x0 -1.1141 -0.6489 -1.11 -0.65 -0.0000 -0.0000 0.1000 0.0000 0.5007 -0.0324 -0.232590 -0.715068 12.23 
16.8804 2 1 1 0x0 -1.1140 -0.6488 -1.11 -0.65 -0.0000 -0.0000 0.1000 0.0000 0.5007 -0.0324 -0.232590 -0.715049 12.22 
16.8903 2 1 1 0x0 -1.1139 -0.6488 -1.11 -0.65 -0.0000 -0.0000 0.1000 0.0000 0.5007 -0.0324 -0.232590 -0.715047 12.21 
16.9003 2 1 1 0x0 -1.1139 -0.6487 -1.11 -0.65 -0.0000 -0.0000 0.1000 0.0000 0.5007 -0.0324 -0.232590 -0.715053 12.22 
16.9103 2 1 1 0x0 -1.1138 -0.6486 -1.11 -0.65 -0.0000 -0.0000 0.1000 0.0000 0.5007 -0.0324 -0.232590 -0.715065 12.23 
16.9203 2 1 1 0x0 -1.1137 -0.6485 -1.11 -0.65 -0.0000 -0.0000 0.1000 0.0000 0.5007 -0.0324 -0.232590 -0.715070 12.22 
16.9303 2 1 1 0x0 -1.1136 -0.6484 -1.11 -0.65 -0.0000 -0.0000 0.1000 0.0000 0.5007 -0.0324 -0.232590 -0.715066 12.22 
16.9403 2 1 1 0x0 -1.1135 -0.6484 -1.11 -0.65 -0.0000 -0.0000 0.1000 0.0000 0.5007 -0.0324 -0.232590 -0.715054 12.22 
16.9503 2 1 1 0x0 -1.1135 -0.6483 -1.11 -0.65 -0.0000 -0.0000 0.1000 0.0000 0.5007 -0.0324 -0.232590 -0.715057 12.23 
16.9603 2 1 1 0x0 -1.1134 -0.6482 -1.11 -0.65 -0.0000 -0.0000 0.1000 0.0000 0.5007 -0.0324 -0.232590 -0.715029 12.22 
16.9703 2 1 1 0x0 -1.1133 -0.6481 -1.11 -0.65 -0.0000 -0.0000 0.1000 0.0000 0.5007 -0.0324 -0.232590 -0.715033 12.22 
16.9803 2 1 1 0x0 -1.1132 -0.6480 -1.11 -0.65 -0.0000 -0.0000 0.1000 0.0000 0.5007 -0.0324 -0.232590 -0.715016 12.22 
16.9903 2 1 1 0x0 -1.1131 -0.6480 -1.11 -0.65 -0.0000 -0.0000 0.1000 0.0000 0.5007 -0.0324 -0.232590 -0.714995 12.23 
17.0003 2 1 1 0x0 -1.1131 -0.6479 -1.11 -0.65 -0.0000 -0.0000 0.1000 0.0000 0.5007 -0.0324 -0.232590 -0.714978 12.22 
17.0103 2 1 1 0x0 -1.1130 -0.6478 -1.11 -0.65 -0.0000 -0.0000 0.1000 0.0000 0.5007 -0.0324 -0.232590 -0.714954 12.22 
17.0203 2 1 1 0x0 -1.1129 -0.6477 -1.11 -0.65 -0.0000 -0.0000 0.1000 0.0000 0.5007 -0.0324 -0.232590 -0.714921 12.22 
17.0303 2 1 1 0x0 -1.1128 -0.6476 -1.11 -0.65 -0.0000 -0.0000 0.1000 0.0000 0.5007 -0.0324 -0.232590 -0.714879 12.22 
17.0403 2 1 1 0x0 -1.1127 -0.6476 -1.11 -0.65 -0.0000 -0.0000 0.1000 0.0000 0.5007 -0.0324 -0.232590 -0.714851 12.22 
17.0503 2 1 1 0x0 -1.1127 -0.6475 -1.11 -0.65 -0.0000 -0.0000 0.1000 0.0000 0.5007 -0.0324 -0.232590 -0.714861 12.23 
17.0603 2 1 1 0x0 -1.1126 -0.6474 -1.11 -0.65 -0.0000 -0.0000 0.1000 0.0000 0.5007 -0.0324 -0.232590 -0.714890 12.23 
17.0702 2 1 1 0x0 -1.1125 -0.6473 -1.11 -0.65 -0.0000 -0.0000 0.1000 0.0000 0.5007 -0.0324 -0.232590 -0.714878 12.22 
17.0802 2 1 1 0x0 -1.1124 -0.6472 -1.11 -0.65 -0.0000 -0.0000 0.1000 0.0000 0.5007 -0.0324 -0.232590 -0.714896 12.22 
17.0902 2 1 1 0x0 -1.1123 -0.6472 -1.11 -0.65 -0.0000 -0.0000 0.1000 0.0000 0.5007 -0.0324 -0.232590 -0.714912 12.22 
17.1002 2 1 1 0x0 -1.1123 -0.6471 -1.11 -0.65 -0.0000 -0.0000 0.1000 0.0000 0.5007 -0.0324 -0.232590 -0.714903 12.22 
17.1102 2 1 1 0x0 -1.1122 -0.6470 -1.11 -0.65 -0.0000 -0.0000 0.1000 0.0000 0.5007 -0.0324 -0.232590 -0.714930 12.22 
17.1202 2 1 1 0x0 -1.1121 -0.6469 -1.11 -0.65 -0.0000 -0.0000 0.1000 0.0000 0.5007 -0.0324 -0.232590 -0.714938 12.22 
17.1302 2 1 1 0x0 -1.1120 -0.6468 -1.11 -0.65 -0.0000 -0.0000 0.1000 0.0000 0.5007 -0.0324 -0.232590 -0.714935 12.22 
17.1402 2 1 1 0x0 -1.1119 -0.6468 -1.11 -0.65 -0.0000 -0.0000 0.1000 0.0000 0.5007 -0.0324 -0.232590 -0.714907 12.23 
17.1502 2 1 1 0x0 -1.1119 -0.6467 -1.11 -0.65 -0.0000 -0.0000 0.1000 0.0000 0.5007 -0.0324 -0.232590 -0.714895 12.22 
17.1602 2 1 1 0x0 -1.1118 -0.6466 -1.11 -0.65 -0.0000 -0.0000 0.1000 0.0000 0.5007 -0.0324 -0.232590 -0.714889 12.22 
17.1702 2 1 1 0x0 -1.1117 -0.6465 -1.11 -0.65 -0.0000 -0.0000 0.1000 0.0000 0.5007 -0.0324 -0.232590 -0.714875 12.22 
17.1802 2 1 1 0x0 -1.1116 -0.6464 -1.11 -0.65 -0.0000 -0.0000 0.1000 0.0000 0.5007 -0.0324 -0.232590 -0.714854 12.22 
17.1902 2 1 1 0x0 -1.1115 -0.6464 -1.11 -0.65 -0.0000 -0.0000 0.1000 0.0000 0.5007 -0.0324 -0.232590 -0.714829 12.22 
17.2002 2 1 1 0x0 -1.1115 -0.6463 -1.11 -0.65 -0.0000 -0.0000 0.1000 0.0000 0.5007 -0.0324 -0.232590 -0.714813 12.22 
17.2102 2 1 1 0x0 -1.1114 -0.6462 -1.11 -0.65 -0.0000 -0.0000 0.1000 0.0000 0.5007 -0.0324 -0.232590 -0.714816 12.22 
17.2202 2 1 1 0x0 -1.1113 -0.6461 -1.11 -0.65 -0.0000 -0.0000 0.1000 0.0000 0.5007 -0.0324 -0.232590 -0.714817 12.22 
17.2302 2 1 1 0x0 -1.1112 -0.6461 -1.11 -0.65 -0.0000 -0.0000 0.1000 0.0000 0.5007 -0.0324 -0.232590 -0.714851 12.22 
17.2402 2 1 1 0x0 -1.1112 -0.6460 -1.11 -0.65 -0.0000 -0.0000 0.1000 0.0000 0.5007 -0.0324 -0.232590 -0.714861 12.23 
17.2501 2 1 1 0x0 -1.1111 -0.6459 -1.11 -0.65 -0.0000 -0.0000 0.1000 0.0000 0.5007 -0.0324 -0.232590 -0.714866 12.22 
17.2601 2 1 1 0x0 -1.1110 -0.6458 -1.11 -0.65 -0.0000 -0.0000 0.1000 0.0000 0.5007 -0.0324 -0.232590 -0.714871 12.22 
17.2701 2 1 1 0x0 -1.1109 -0.6457 -1.11 -0.65 -0.0000 -0.0000 0.1000 0.0000 0.5007 -0.0324 -0.232590 -0.714861 12.22 
17.2801 2 1 1 0x0 -1.1108 -0.6457 -1.11 -0.65 -0.0000 -0.0000 0.1000 0.0000 0.5007 -0.0324 -0.232590 -0.714886 12.23 
17.2901 2 1 1 0x0 -1.1108 -0.6456 -1.11 -0.65 -0.0000 -0.0000 0.1000 0.0000 0.5007 -0.0324 -0.232590 -0.714864 12.22 
17.3001 2 1 1 0x0 -1.1107 -0.6455 -1.11 -0.65 -0.0000 -0.0000 0.1000 0.0000 0.5007 -0.0324 -0.232590 -0.714879 12.22 
17.3101 2 1 1 0x0 -1.1106 -0.6454 -1.11 -0.65 -0.0000 -0.0000 0.1000 0.0000 0.5007 -0.0324 -0.232590 -0.714881 12.22 
17.3201 2 1 1 0x0 -1.1105 -0.6453 -1.11 -0.65 -0.0000 -0.0000 0.1000 0.0000 0.5007 -0.0324 -0.232590 -0.714894 12.23 
17.3301 2 1 1 0x0 -1.1104 -0.6453 -1.11 -0.65 -0.0000 -0.0000 0.1000 0.0000 0.5007 -0.0324 -0.232590 -0.714901 12.23 
17.3401 2 1 1 0x0 -1.1104 -0.6452 -1.11 -0.65 -0.0000 -0.0000 0.1000 0.0000 0.5007 -0.0324 -0.232590 -0.714894 12.22 
17.3501 2 1 1 0x0 -1.1103 -0.6451 -1.11 -0.65 -0.0000 -0.0000 0.1000 0.0000 0.5007 -0.0324 -0.232590 -0.714917 12.22 
17.3601 2 1 1 0x0 -1.1102 -0.6450 -1.11 -0.65 -0.0000 -0.0000 0.1000 0.0000 0.5007 -0.0324 -0.232590 -0.714927 12.22 
17.3701 2 1 1 0x0 -1.1101 -0.6449 -1.11 -0.64 -0.0000 -0.0000 0.1000 0.0000 0.5007 -0.0324 -0.232590 -0.714911 12.23 
17.3801 2 1 1 0x0 -1.1100 -0.6449 -1.11 -0.64 -0.0000 -0.0000 0.1000 0.0000 0.5007 -0.0324 -0.232590 -0.714922 12.22 
17.3901 2 1 1 0x0 -1.1100 -0.6448 -1.11 -0.64 -0.0000 -0.0000 0.1000 0.0000 0.5007 -0.0324 -0.232590 -0.714914 12.22 
17.4001 2 1 1 0x0 -1.1099 -0.6447 -1.11 -0.64 -0.0000 -0.0000 0.1000 0.0000 0.5007 -0.0324 -0.232590 -0.714880 12.22 
17.4101 2 1 1 0x0 -1.1098 -0.6446 -1.11 -0.64 -0.0000 -0.0000 0.1000 0.0000 0.5007 -0.0324 -0.232590 -0.714863 12.22 
17.4201 2 1 1 0x0 -1.1097 -0.6445 -1.11 -0.64 -0.0000 -0.0000 0.1000 0.0000 0.5007 -0.0324 -0.232590 -0.714862 12.22 
17.4300 2 1 1 0x0 -1.1096 -0.6445 -1.11 -0.64 -0.0000 -0.0000 0.1000 0.0000 0.5007 -0.0324 -0.232590 -0.714900 12.22 
17.4400 2 1 1 0x0 -1.1096 -0.6444 -1.11 -0.64 -0.0000 -0.0000 0.1000 0.0000 0.5007 -0.0324 -0.232590 -0.714907 12.22 
17.4500 2 1 1 0x0 -1.1095 -0.6443 -1.11 -0.64 -0.0000 -0.0000 0.1000 0.0000 0.5007 -0.0324 -0.232590 -0.714908 12.22 
17.4600 2 1 1 0x0 -1.1094 -0.6442 -1.11 -0.64 -0.0000 -0.0000 0.1000 0.0000 0.5007 -0.0324 -0.232590 -0.714884 12.22 
17.4700 2 1 1 0x0 -1.1093 -0.6441 -1.11 -0.64 -0.0000 -0.0000 0.1000 0.0000 0.5007 -0.0324 -0.232590 -0.714911 12.22 
17.4800 2 1 1 0x0 -1.1092 -0.6441 -1.11 -0.64 -0.0000 -0.0000 0.1000 0.0000 0.5007 -0.0324 -0.232590 -0.714935 12.22 
17.4900 2 1 1 0x0 -1.1092 -0.6440 -1.11 -0.64 -0.0000 -0.0000 0.1000 0.0000 0.5007 -0.0324 -0.232590 -0.714939 12.23 
17.5000 2 1 1 0x0 -1.1091 -0.6439 -1.11 -0.64 -0.0000 -0.0000 0.1000 0.0000 0.5007 -0.0324 -0.232590 -0.714952 12.22 
17.5100 2 1 1 0x0 -1.1090 -0.6438 -1.11 -0.64 -0.0000 -0.0000 0.1000 0.0000 0.5007 -0.0324 -0.232590 -0.714928 12.22 
17.5200 2 1 1 0x0 -1.1089 -0.6437 -1.11 -0.64 -0.0000 -0.0000 0.1000 0.0000 0.5007 -0.0324 -0.232590 -0.714939 12.22 
17.5300 2 1 1 0x0 -1.1088 -0.6437 -1.11 -0.64 -0.0000 -0.0000 0.1000 0.0000 0.5007 -0.0324 -0.232590 -0.714930 12.23 
17.5400 2 1 1 0x0 -1.1088 -0.6436 -1.11 -0.64 -0.0000 -0.0000 0.1000 0.0000 0.5007 -0.0324 -0.232590 -0.714955 12.22 
17.5500 2 1 1 0x0 -1.1087 -0.6435 -1.11 -0.64 -0.0000 -0.0000 0.1000 0.0000 0.5007 -0.0324 -0.232590 -0.714959 12.22 
17.5600 2 1 1 0x0 -1.1086 -0.6434 -1.11 -0.64 -0.0000 -0.0000 0.1000 0.0000 0.5007 -0.0324 -0.232590 -0.714987 12.22 
17.5700 2 1 1 0x0 -1.1085 -0.6433 -1.11 -0.64 -0.0000 -0.0000 0.1000 0.0000 0.5007 -0.0324 -0.232590 -0.714967 12.22 
17.5800 2 1 1 0x0 -1.1084 -0.6433 -1.11 -0.64 -0.0000 -0.0000 0.1000 0.0000 0.5007 -0.0324 -0.232590 -0.714946 12.22 
17.5900 2 1 1 0x0 -1.1084 -0.6432 -1.11 -0.64 -0.0000 -0.0000 0.1000 0.0000 0.5007 -0.0324 -0.232590 -0.714945 12.22 
17.6000 2 1 1 0x0 -1.1083 -0.6431 -1.11 -0.64 -0.0000 -0.0000 0.1000 0.0000 0.5007 -0.0324 -0.232590 -0.714938 12.22 
17.6100 2 1 1 0x0 -1.1082 -0.6430 -1.11 -0.64 -0.0000 -0.0000 0.1000 0.0000 0.5007 -0.0324 -0.232590 -0.714956 12.23 
17.6199 2 1 1 0x0 -1.1081 -0.6429 -1.11 -0.64 -0.0000 -0.0000 0.1000 0.0000 0.5007 -0.0324 -0.232590 -0.714954 12.22 
17.6299 2 1 1 0x0 -1.1080 -0.6429 -1.11 -0.64 -0.0000 -0.0000 0.1000 0.0000 0.5007 -0.0324 -0.232590 -0.714977 12.22 
17.6399 2 1 1 0x0 -1.1080 -0.6428 -1.11 -0.64 -0.0000 -0.0000 0.1000 0.0000 0.5007 -0.0324 -0.232590 -0.714964 12.22 
17.6499 2 1 1 0x0 -1.1079 -0.6427 -1.11 -0.64 -0.0000 -0.0000 0.1000 0.0000 0.5007 -0.0324 -0.232590 -0.714988 12.22 
17.6599 2 1 1 0x0 -1.1078 -0.6426 -1.11 -0.64 -0.0000 -0.0000 0.1000 0.0000 0.5007 -0.0324 -0.232590 -0.714979 12.22 
17.6699 2 1 1 0x0 -1.1077 -0.6425 -1.11 -0.64 -0.0000 -0.0000 0.1000 0.0000 0.5007 -0.0324 -0.232590 -0.714991 12.22 
17.6799 2 1 1 0x0 -1.1076 -0.6425 -1.11 -0.64 -0.0000 -0.0000 0.1000 0.0000 0.5007 -0.0324 -0.232590 -0.714999 12.22 
17.6899 2 1 1 0x0 -1.1076 -0.6424 -1.11 -0.64 -0.0000 -0.0000 0.1000 0.0000 0.5007 -0.0324 -0.232590 -0.715011 12.22 
17.6999 2 1 1 0x0 -1.1075 -0.6423 -1.11 -0.64 -0.0000 -0.0000 0.1000 0.0000 0.5007 -0.0324 -0.232590 -0.715028 12.22 
17.7099 2 1 1 0x0 -1.1074 -0.6422 -1.11 -0.64 -0.0000 -0.0000 0.1000 0.0000 0.5007 -0.0324 -0.232590 -0.715009 12.22 
17.7199 2 1 1 0x0 -1.1073 -0.6421 -1.11 -0.64 -0.0000 -0.0000 0.1000 0.0000 0.5007 -0.0324 -0.232590 -0.714997 12.22 
17.7299 2 1 1 0x0 -1.1072 -0.6421 -1.11 -0.64 -0.0000 -0.0000 0.1000 0.0000 0.5007 -0.0324 -0.232590 -0.715002 12.22 
17.7399 2 1 1 0x0 -1.1072 -0.6420 -1.11 -0.64 -0.0000 -0.0000 0.1000 0.0000 0.5007 -0.0324 -0.232590 -0.715030 12.23 
17.7499 2 1 1 0x0 -1.1071 -0.6419 -1.11 -0.64 -0.0000 -0.0000 0.1000 0.0000 0.5007 -0.0324 -0.232590 -0.715032 12.22 
17.7599 2 1 1 0x0 -1.1070 -0.6418 -1.11 -0.64 -0.0000 -0.0000 0.1000 0.0000 0.5007 -0.0324 -0.232590 -0.715077 12.23 
17.7699 2 1 1 0x0 -1.1069 -0.6417 -1.11 -0.64 -0.0000 -0.0000 0.1000 0.0000 0.5007 -0.0324 -0.232590 -0.715084 12.22 
17.7799 2 1 1 0x0 -1.1068 -0.6417 -1.11 -0.64 -0.0000 -0.0000 0.1000 0.0000 0.5007 -0.0324 -0.232590 -0.715082 12.22 
17.7899 2 1 1 0x0 -1.1068 -0.6416 -1.11 -0.64 -0.0000 -0.0000 0.1000 0.0000 0.5007 -0.0324 -0.232590 -0.715073 12.22 
17.7998 2 1 1 0x0 -1.1067 -0.6415 -1.11 -0.64 -0.0000 -0.0000 0.1000 0.0000 0.5007 -0.0324 -0.232590 -0.715070 12.22 
17.8098 2 1 1 0x0 -1.1066 -0.6414 -1.11 -0.64 -0.0000 -0.0000 0.1000 0.0000 0.5007 -0.0324 -0.232590 -0.715048 12.23 
17.8198 2 1 1 0x0 -1.1065 -0.6413 -1.11 -0.64 -0.0000 -0.0000 0.1000 0.0000 0.5007 -0.0324 -0.232590 -0.715042 12.22 
17.8298 2 1 1 0x0 -1.1064 -0.6413 -1.11 -0.64 -0.0000 -0.0000 0.1000 0.0000 0.5007 -0.0324 -0.232590 -0.715036 12.22 
17.8398 2 1 1 0x0 -1.1064 -0.6412 -1.11 -0.64 -0.0000 -0.0000 0.1000 0.0000 0.5007 -0.0324 -0.232590 -0.715027 12.22 
17.8498 2 1 1 0x0 -1.1063 -0.6411 -1.11 -0.64 -0.0000 -0.0000 0.1000 0.0000 0.5007 -0.0324 -0.232590 -0.715029 12.22 
17.8598 2 1 1 0x0 -1.1062 -0.6410 -1.11 -0.64 -0.0000 -0.0000 0.1000 0.0000 0.5007 -0.0324 -0.232590 -0.715033 12.22 
17.8698 2 1 1 0x0 -1.1061 -0.6409 -1.11 -0.64 -0.0000 -0.0000 0.1000 0.0000 0.5007 -0.0324 -0.232590 -0.715035 12.22 
17.8798 2 1 1 0x0 -1.1060 -0.6409 -1.11 -0.64 -0.0000 -0.0000 0.1000 0.0000 0.5007 -0.0324 -0.232590 -0.715041 12.22 
17.8898 2 1 1 0x0 -1.1060 -0.6408 -1.11 -0.64 -0.0000 -0.0000 0.1000 0.0000 0.5007 -0.0324 -0.232590 -0.715038 12.22 
17.8998 2 1 1 0x0 -1.1059 -0.6407 -1.11 -0.64 -0.0000 -0.0000 0.1000 0.0000 0.5007 -0.0324 -0.232590 -0.715040 12.22 
17.9098 2 1 1 0x0 -1.1058 -0.6406 -1.11 -0.64 -0.0000 -0.0000 0.1000 0.0000 0.5007 -0.0324 -0.232590 -0.715049 12.22 
17.9198 2 1 1 0x0 -1.1057 -0.6405 -1.11 -0.64 -0.0000 -0.0000 0.1000 0.0000 0.5007 -0.0324 -0.232590 -0.715066 12.22 
17.9298 2 1 1 0x0 -1.1056 -0.6405 -1.11 -0.64 -0.0000 -0.0000 0.1000 0.0000 0.5007 -0.0324 -0.232590 -0.715048 12.22 
17.9398 2 1 1 0x0 -1.1056 -0.6404 -1.11 -0.64 -0.0000 -0.0000 0.1000 0.0000 0.5007 -0.0324 -0.232590 -0.715058 12.22 
17.9498 2 1 1 0x0 -1.1055 -0.6403 -1.11 -0.64 -0.0000 -0.0000 0.1000 0.0000 0.5007 -0.0324 -0.232590 -0.715040 12.22 
17.9598 2 1 1 0x0 -1.1054 -0.6402 -1.11 -0.64 -0.0000 -0.0000 0.1000 0.0000 0.5007 -0.0324 -0.232590 -0.715063 12.21 
17.9698 2 1 1 0x0 -1.1053 -0.6401 -1.11 -0.64 -0.0000 -0.0000 0.1000 0.0000 0.5007 -0.0324 -0.232590 -0.715071 12.22 
17.9797 2 1 1 0x0 -1.1052 -0.6401 -1.11 -0.64 -0.0000 -0.0000 0.1000 0.0000 0.5007 -0.0324 -0.232590 -0.715100 12.22 
17.9897 2 1 1 0x0 -1.1052 -0.6400 -1.11 -0.64 -0.0000 -0.0000 0.1000 0.0000 0.5007 -0.0324 -0.232590 -0.715106 12.22 
17.9997 2 1 1 0x0 -1.1051 -0.6399 -1.11 -0.64 -0.0000 -0.0000 0.1000 0.0000 0.5007 -0.0324 -0.232590 -0.715110 12.22 
18.0097 2 1 1 0x0 -1.1050 -0.6398 -1.11 -0.64 -0.0000 -0.0000 0.1000 0.0000 0.5007 -0.0324 -0.232590 -0.715110 12.22 
18.0197 2 1 1 0x0 -1.1049 -0.6397 -1.10 -0.64 -0.0000 -0.0000 0.1000 0.0000 0.5007 -0.0324 -0.232590 -0.715083 12.23 
18.0297 2 1 1 0x0 -1.1048 -0.6397 -1.10 -0.64 -0.0000 -0.0000 0.1000 0.0000 0.5007 -0.0324 -0.232590 -0.715119 12.23 
18.0397 2 1 1 0x0 -1.1048 -0.6396 -1.10 -0.64 -0.0000 -0.0000 0.1000 0.0000 0.5007 -0.0324 -0.232590 -0.715131 12.22 
18.0497 2 1 1 0x0 -1.1047 -0.6395 -1.10 -0.64 -0.0000 -0.0000 0.1000 0.0000 0.5007 -0.0324 -0.232590 -0.715108 12.22 
18.0597 2 1 1 0x0 -1.1046 -0.6394 -1.10 -0.64 -0.0000 -0.0000 0.1000 0.0000 0.5007 -0.0324 -0.232590 -0.715101 12.22 
18.0697 2 1 1 0x0 -1.1045 -0.6393 -1.10 -0.64 -0.0000 -0.0000 0.1000 0.0000 0.5007 -0.0324 -0.232590 -0.715115 12.22 
18.0797 2 1 1 0x0 -1.1044 -0.6393 -1.10 -0.64 -0.0000 -0.0000 0.1000 0.0000 0.5007 -0.0324 -0.232590 -0.715122 12.22 
18.0897 2 1 1 0x0 -1.1044 -0.6392 -1.10 -0.64 -0.0000 -0.0000 0.1000 0.0000 0.5007 -0.0324 -0.232590 -0.715122 12.22 
18.0997 2 1 1 0x0 -1.1043 -0.6391 -1.10 -0.64 -0.0000 -0.0000 0.1000 0.0000 0.5007 -0.0324 -0.232590 -0.715129 12.23 
18.1097 2 1 1 0x0 -1.1042 -0.6390 -1.10 -0.64 -0.0000 -0.0000 0.1000 0.0000 0.5007 -0.0324 -0.232590 -0.715101 12.22 
18.1197 2 1 1 0x0 -1.1041 -0.6389 -1.10 -0.64 -0.0000 -0.0000 0.1000 0.0000 0.5007 -0.0324 -0.232590 -0.715091 12.22 
18.1297 2 1 1 0x0 -1.1040 -0.6389 -1.10 -0.64 -0.0000 -0.0000 0.1000 0.0000 0.5007 -0.0324 -0.232590 -0.715094 12.22 
18.1397 2 1 1 0x0 -1.1040 -0.6388 -1.10 -0.64 -0.0000 -0.0000 0.1000 0.0000 0.5007 -0.0324 -0.232590 -0.715101 12.22 
18.1497 2 1 1 0x0 -1.1039 -0.6387 -1.10 -0.64 -0.0000 -0.0000 0.1000 0.0000 0.5007 -0.0324 -0.232590 -0.715096 12.23 
18.1596 2 1 1 0x0 -1.1038 -0.6386 -1.10 -0.64 -0.0000 -0.0000 0.1000 0.0000 0.5007 -0.0324 -0.232590 -0.715069 12.22 
18.1696 2 1 1 0x0 -1.1037 -0.6385 -1.10 -0.64 -0.0000 -0.0000 0.1000 0.0000 0.5007 -0.0324 -0.232590 -0.715056 12.22 
18.1796 2 1 1 0x0 -1.1036 -0.6385 -1.10 -0.64 -0.0000 -0.0000 0.1000 0.0000 0.5007 -0.0324 -0.232590 -0.715060 12.23 
18.1896 2 1 1 0x0 -1.1036 -0.6384 -1.10 -0.64 -0.0000 -0.0000 0.1000 0.0000 0.5007 -0.0324 -0.232590 -0.715057 12.22 
18.1996 2 1 1 0x0 -1.1035 -0.6383 -1.10 -0.64 -0.0000 -0.0000 0.1000 0.0000 0.5007 -0.0324 -0.232590 -0.715045 12.22 
18.2096 2 1 1 0x0 -1.1034 -0.6382 -1.10 -0.64 -0.0000 -0.0000 0.1000 0.0000 0.5007 -0.0324 -0.232590 -0.715041 12.22 
18.2196 2 1 1 0x0 -1.1033 -0.6381 -1.10 -0.64 -0.0000 -0.0000 0.1000 0.0000 0.5007 -0.0324 -0.232590 -0.715023 12.22 
18.2296 2 1 1 0x0 -1.1032 -0.6381 -1.10 -0.64 -0.0000 -0.0000 0.1000 0.0000 0.5007 -0.0324 -0.232590 -0.715017 12.22 
18.2396 2 1 1 0x0 -1.1032 -0.6380 -1.10 -0.64 -0.0000 -0.0000 0.1000 0.0000 0.5007 -0.0324 -0.232590 -0.715048 12.22 
18.2496 2 1 1 0x0 -1.1031 -0.6379 -1.10 -0.64 -0.0000 -0.0000 0.1000 0.0000 0.5007 -0.0324 -0.232590 -0.715057 12.22 
18.2596 2 1 1 0x0 -1.1030 -0.6378 -1.10 -0.64 -0.0000 -0.0000 0.1000 0.0000 0.5007 -0.0324 -0.232590 -0.715052 12.22 
18.2696 2 1 1 0x0 -1.1029 -0.6377 -1.10 -0.64 -0.0000 -0.0000 0.1000 0.0000 0.5007 -0.0324 -0.232590 -0.715048 12.22 
18.2796 2 1 1 0x0 -1.1028 -0.6377 -1.10 -0.64 -0.0000 -0.0000 0.1000 0.0000 0.5007 -0.0324 -0.232590 -0.715019 12.23 
18.2896 2 1 1 0x0 -1.1028 -0.6376 -1.10 -0.64 -0.0000 -0.0000 0.1000 0.0000 0.5007 -0.0324 -0.232590 -0.715040 12.23 
18.2996 2 1 1 0x0 -1.1027 -0.6375 -1.10 -0.64 -0.0000 -0.0000 0.1000 0.0000 0.5007 -0.0324 -0.232590 -0.715068 12.22 
18.3096 2 1 1 0x0 -1.1026 -0.6374 -1.10 -0.64 -0.0000 -0.0000 0.1000 0.0000 0.5007 -0.0324 -0.232590 -0.715066 12.22 
18.3196 2 1 1 0x0 -1.1025 -0.6373 -1.10 -0.64 -0.0000 -0.0000 0.1000 0.0000 0.5007 -0.0324 -0.232590 -0.715022 12.22 
18.3296 2 1 1 0x0 -1.1024 -0.6373 -1.10 -0.64 -0.0000 -0.0000 0.1000 0.0000 0.5007 -0.0324 -0.232590 -0.715025 12.22 
18.3396 2 1 1 0x0 -1.1024 -0.6372 -1.10 -0.64 -0.0000 -0.0000 0.1000 0.0000 0.5007 -0.0324 -0.232590 -0.715024 12.22 
18.3495 2 1 1 0x0 -1.1023 -0.6371 -1.10 -0.64 -0.0000 -0.0000 0.1000 0.0000 0.5007 -0.0324 -0.232590 -0.715009 12.23 
18.3595 2 1 1 0x0 -1.1022 -0.6370 -1.10 -0.64 -0.0000 -0.0000 0.1000 0.0000 0.5007 -0.0324 -0.232590 -0.715029 12.22 
18.3695 2 1 1 0x0 -1.1021 -0.6369 -1.10 -0.64 -0.0000 -0.0000 0.1000 0.0000 0.5007 -0.0324 -0.232590 -0.715011 12.23 
18.3795 2 1 1 0x0 -1.1020 -0.6369 -1.10 -0.64 -0.0000 -0.0000 0.1000 0.0000 0.5007 -0.0324 -0.232590 -0.714999 12.22 
18.3895 2 1 1 0x0 -1.1020 -0.6368 -1.10 -0.64 -0.0000 -0.0000 0.1000 0.0000 0.5007 -0.0324 -0.232590 -0.714978 12.22 
18.3995 2 1 1 0x0 -1.1019 -0.6367 -1.10 -0.64 -0.0000 -0.0000 0.1000 0.0000 0.5007 -0.0324 -0.232590 -0.714954 12.22 
18.4095 2 1 1 0x0 -1.1018 -0.6366 -1.10 -0.64 -0.0000 -0.0000 0.1000 0.0000 0.5007 -0.0324 -0.232590 -0.714961 12.22 
18.4195 2 1 1 0x0 -1.1017 -0.6365 -1.10 -0.64 -0.0000 -0.0000 0.1000 0.0000 0.5007 -0.0324 -0.232590 -0.714949 12.22 
18.4295 2 1 1 0x0 -1.1016 -0.6365 -1.10 -0.64 -0.0000 -0.0000 0.1000 0.0000 0.5007 -0.0324 -0.232590 -0.714999 12.23 
18.4395 2 1 1 0x0 -1.1016 -0.6364 -1.10 -0.64 -0.0000 -0.0000 0.1000 0.0000 0.5007 -0.0324 -0.232590 -0.714997 12.22 
18.4495 2 1 1 0x0 -1.1015 -0.6363 -1.10 -0.64 -0.0000 -0.0000 0.1000 0.0000 0.5007 -0.0324 -0.232590 -0.714993 12.22 
18.4595 2 1 1 0x0 -1.1014 -0.6362 -1.10 -0.64 -0.0000 -0.0000 0.1000 0.0000 0.5007 -0.0324 -0.232590 -0.715016 12.22 
18.4695 2 1 1 0x0 -1.1013 -0.6361 -1.10 -0.64 -0.0000 -0.0000 0.1000 0.0000 0.5007 -0.0324 -0.232590 -0.714996 12.23 
18.4795 2 1 1 0x0 -1.1012 -0.6361 -1.10 -0.64 -0.0000 -0.0000 0.1000 0.0000 0.5007 -0.0324 -0.232590 -0.715010 12.22 
18.4895 2 1 1 0x0 -1.1012 -0.6360 -1.10 -0.64 -0.0000 -0.0000 0.1000 0.0000 0.5007 -0.0324 -0.232590 -0.715002 12.22 
18.4995 2 1 1 0x0 -1.1011 -0.6359 -1.10 -0.64 -0.0000 -0.0000 0.1000 0.0000 0.5007 -0.0324 -0.232590 -0.714994 12.22 
18.5095 2 1 1 0x0 -1.1010 -0.6358 -1.10 -0.64 -0.0000 -0.0000 0.1000 0.0000 0.5007 -0.0324 -0.232590 -0.715005 12.22 
18.5195 2 1 1 0x0 -1.1009 -0.6357 -1.10 -0.64 -0.0000 -0.0000 0.1000 0.0000 0.5007 -0.0324 -0.232590 -0.715001 12.22 
18.5294 2 1 1 0x0 -1.1008 -0.6357 -1.10 -0.64 -0.0000 -0.0000 0.1000 0.0000 0.5007 -0.0324 -0.232590 -0.714987 12.23 
18.5394 2 1 1 0x0 -1.1008 -0.6356 -1.10 -0.64 -0.0000 -0.0000 0.1000 0.0000 0.5007 -0.0324 -0.232590 -0.714984 12.22 
18.5494 2 1 1 0x0 -1.1007 -0.6355 -1.10 -0.64 -0.0000 -0.0000 0.1000 0.0000 0.5007 -0.0324 -0.232590 -0.714992 12.22 
18.5594 2 1 1 0x0 -1.1006 -0.6354 -1.10 -0.64 -0.0000 -0.0000 0.1000 0.0000 0.5007 -0.0324 -0.232590 -0.715014 12.23 
18.5694 2 1 1 0x0 -1.1005 -0.6353 -1.10 -0.64 -0.0000 -0.0000 0.1000 0.0000 0.5007 -0.0324 -0.232590 -0.715010 12.22 
18.5794 2 1 1 0x0 -1.1004 -0.6353 -1.10 -0.64 -0.0000 -0.0000 0.1000 0.0000 0.5007 -0.0324 -0.232590 -0.715017 12.22 
18.5894 2 1 1 0x0 -1.1004 -0.6352 -1.10 -0.64 -0.0000 -0.0000 0.1000 0.0000 0.5007 -0.0324 -0.232590 -0.715019 12.22 
18.5994 2 1 1 0x0 -1.1003 -0.6351 -1.10 -0.64 -0.0000 -0.0000 0.1000 0.0000 0.5007 -0.0324 -0.232590 -0.715021 12.22 
18.6094 2 1 1 0x0 -1.1002 -0.6350 -1.10 -0.64 -0.0000 -0.0000 0.1000 0.0000 0.5007 -0.0324 -0.232590 -0.714995 12.22 
18.6194 2 1 1 0x0 -1.1001 -0.6349 -1.10 -0.63 -0.0000 -0.0000 0.1000 0.0000 0.5007 -0.0324 -0.232590 -0.715012 12.22 
18.6294 2 1 1 0x0 -1.1000 -0.6349 -1.10 -0.63 -0.0000 -0.0000 0.1000 0.0000 0.5007 -0.0324 -0.232590 -0.714996 12.22 
18.6394 2 1 1 0x0 -1.1000 -0.6348 -1.10 -0.63 -0.0000 -0.0000 0.1000 0.0000 0.5007 -0.0324 -0.232590 -0.714993 12.22 
18.6494 2 1 1 0x0 -1.0999 -0.6347 -1.10 -0.63 -0.0000 -0.0000 0.1000 0.0000 0.5007 -0.0324 -0.232590 -0.714961 12.22 
18.6594 2 1 1 0x0 -1.0998 -0.6346 -1.10 -0.63 -0.0000 -0.0000 0.1000 0.0000 0.5007 -0.0324 -0.232590 -0.714954 12.22 
18.6694 2 1 1 0x0 -1.0997 -0.6345 -1.10 -0.63 -0.0000 -0.0000 0.1000 0.0000 0.5007 -0.0324 -0.232590 -0.714965 12.23 
18.6794 2 1 1 0x0 -1.0996 -0.6345 -1.10 -0.63 -0.0000 -0.0000 0.1000 0.0000 0.5007 -0.0324 -0.232590 -0.714957 12.22 
18.6894 2 1 1 0x0 -1.0996 -0.6344 -1.10 -0.63 -0.0000 -0.0000 0.1000 0.0000 0.5007 -0.0324 -0.232590 -0.714944 12.22 
18.6994 2 1 1 0x0 -1.0995 -0.6343 -1.10 -0.63 -0.0000 -0.0000 0.1000 0.0000 0.5007 -0.0324 -0.232590 -0.714951 12.22 
18.7093 2 1 1 0x0 -1.0994 -0.6342 -1.10 -0.63 -0.0000 -0.0000 0.1000 0.0000 0.5007 -0.0324 -0.232590 -0.714955 12.22 
18.7193 2 1 1 0x0 -1.0993 -0.6341 -1.10 -0.63 -0.0000 -0.0000 0.1000 0.0000 0.5007 -0.0324 -0.232590 -0.714947 12.22 
18.7293 2 1 1 0x0 -1.0992 -0.6341 -1.10 -0.63 -0.0000 -0.0000 0.1000 0.0000 0.5007 -0.0324 -0.232590 -0.714933 12.22 
18.7393 2 1 1 0x0 -1.0992 -0.6340 -1.10 -0.63 -0.0000 -0.0000 0.1000 0.0000 0.5007 -0.0324 -0.232590 -0.714925 12.22 
18.7493 2 1 1 0x0 -1.0991 -0.6339 -1.10 -0.63 -0.0000 -0.0000 0.1000 0.0000 0.5007 -0.0324 -0.232590 -0.714949 12.23 
18.7593 2 1 1 0x0 -1.0990 -0.6338 -1.10 -0.63 -0.0000 -0.0000 0.1000 0.0000 0.5007 -0.0324 -0.232590 -0.714953 12.22 
18.7693 2 1 1 0x0 -1.0989 -0.6338 -1.10 -0.63 -0.0000 -0.0000 0.1000 0.0000 0.5007 -0.0324 -0.232590 -0.714960 12.22 
18.7793 2 1 1 0x0 -1.0989 -0.6337 -1.10 -0.63 -0.0000 -0.0000 0.1000 0.0000 0.5007 -0.0324 -0.232590 -0.714970 12.22 
18.7893 2 1 1 0x0 -1.0988 -0.6336 -1.10 -0.63 -0.0000 -0.0000 0.1000 0.0000 0.5007 -0.0324 -0.232590 -0.714954 12.23 
18.7993 2 1 1 0x0 -1.0987 -0.6335 -1.10 -0.63 -0.0000 -0.0000 0.1000 0.0000 0.5007 -0.0324 -0.232590 -0.714937 12.22 
18.8093 2 1 1 0x0 -1.0986 -0.6334 -1.10 -0.63 -0.0000 -0.0000 0.1000 0.0000 0.5007 -0.0324 -0.232590 -0.714944 12.22 
18.8193 2 1 1 0x0 -1.0985 -0.6334 -1.10 -0.63 -0.0000 -0.0000 0.1000 0.0000 0.5007 -0.0324 -0.232590 -0.714971 12.23 
18.8293 2 1 1 0x0 -1.0985 -0.6333 -1.10 -0.63 -0.0000 -0.0000 0.1000 0.0000 0.5007 -0.0324 -0.232590 -0.714974 12.22 
18.8393 2 1 1 0x0 -1.0984 -0.6332 -1.10 -0.63 -0.0000 -0.0000 0.1000 0.0000 0.5007 -0.0324 -0.232590 -0.714978 12.22 
18.8493 2 1 1 0x0 -1.0983 -0.6331 -1.10 -0.63 -0.0000 -0.0000 0.1000 0.0000 0.5007 -0.0324 -0.232590 -0.714977 12.22 
18.8593 2 1 1 0x0 -1.0982 -0.6330 -1.10 -0.63 -0.0000 -0.0000 0.1000 0.0000 0.5007 -0.0324 -0.232590 -0.714993 12.22 
18.8693 2 1 1 0x0 -1.0981 -0.6330 -1.10 -0.63 -0.0000 -0.0000 0.1000 0.0000 0.5007 -0.0324 -0.232590 -0.714971 12.23 
18.8793 2 1 1 0x0 -1.0981 -0.6329 -1.10 -0.63 -0.0000 -0.0000 0.1000 0.0000 0.5007 -0.0324 -0.232590 -0.714968 12.22 
18.8892 2 1 1 0x0 -1.0980 -0.6328 -1.10 -0.63 -0.0000 -0.0000 0.1000 0.0000 0.5007 -0.0324 -0.232590 -0.714978 12.22 
18.8992 2 1 1 0x0 -1.0979 -0.6327 -1.10 -0.63 -0.0000 -0.0000 0.1000 0.0000 0.5007 -0.0324 -0.232590 -0.714961 12.22 
18.9092 2 1 1 0x0 -1.0978 -0.6326 -1.10 -0.63 -0.0000 -0.0000 0.1000 0.0000 0.5007 -0.0324 -0.232590 -0.714943 12.23 
18.9192 2 1 1 0x0 -1.0977 -0.6326 -1.10 -0.63 -0.0000 -0.0000 0.1000 0.0000 0.5007 -0.0324 -0.232590 -0.714969 12.22 
18.9292 2 1 1 0x0 -1.0977 -0.6325 -1.10 -0.63 -0.0000 -0.0000 0.1000 0.0000 0.5007 -0.0324 -0.232590 -0.714958 12.22 
18.9392 2 1 1 0x0 -1.0976 -0.6324 -1.10 -0.63 -0.0000 -0.0000 0.1000 0.0000 0.5007 -0.0324 -0.232590 -0.714933 12.22 
18.9492 2 1 1 0x0 -1.0975 -0.6323 -1.10 -0.63 -0.0000 -0.0000 0.1000 0.0000 0.5007 -0.0324 -0.232590 -0.714926 12.22 
18.9592 2 1 1 0x0 -1.0974 -0.6322 -1.10 -0.63 -0.0000 -0.0000 0.1000 0.0000 0.5007 -0.0324 -0.232590 -0.714932 12.22 
18.9692 2 1 1 0x0 -1.0973 -0.6322 -1.10 -0.63 -0.0000 -0.0000 0.1000 0.0000 0.5007 -0.0324 -0.232590 -0.714906 12.22 
18.9792 2 1 1 0x0 -1.0973 -0.6321 -1.10 -0.63 -0.0000 -0.0000 0.1000 0.0000 0.5007 -0.0324 -0.232590 -0.714912 12.22 
18.9892 2 1 1 0x0 -1.0972 -0.6320 -1.10 -0.63 -0.0000 -0.0000 0.1000 0.0000 0.5007 -0.0324 -0.232590 -0.714916 12.21 
18.9992 2 1 1 0x0 -1.0971 -0.6319 -1.10 -0.63 -0.0000 -0.0000 0.0000 0.0000 0.5007 -0.0324 -0.232590 -0.714929 12.22 
19.0092 2 1 1 0x0 -1.0970 -0.6318 -1.10 -0.63 -0.0000 -0.0000 0.0000 0.0000 0.5007 -0.0324 -0.232590 -0.714946 12.22 
19.0192 2 1 1 0x0 -1.0969 -0.6318 -1.10 -0.63 -0.0000 -0.0000 0.0000 0.0000 0.5007 -0.0324 -0.232590 -0.714931 12.22 
19.0292 2 1 1 0x0 -1.0969 -0.6317 -1.10 -0.63 -0.0000 -0.0000 0.0000 0.0000 0.5007 -0.0324 -0.232590 -0.714898 12.22 
19.0392 2 1 1 0x0 -1.0968 -0.6316 -1.10 -0.63 -0.0000 -0.0000 0.0000 0.0000 0.5007 -0.0324 -0.232590 -0.714890 12.22 
19.0492 2 1 1 0x0 -1.0967 -0.6315 -1.10 -0.63 -0.0000 -0.0000 0.0000 0.0000 0.5007 -0.0324 -0.232590 -0.714886 12.22 
19.0592 2 1 1 0x0 -1.0966 -0.6314 -1.10 -0.63 -0.0000 -0.0000 0.0000 0.0000 0.5007 -0.0324 -0.232590 -0.714890 12.22 
19.0691 2 1 1 0x0 -1.0965 -0.6314 -1.10 -0.63 -0.0000 -0.0000 0.0000 0.0000 0.5007 -0.0324 -0.232590 -0.714882 12.22 
19.0791 2 1 1 0x0 -1.0965 -0.6313 -1.10 -0.63 -0.0000 -0.0000 0.0000 0.0000 0.5007 -0.0324 -0.232590 -0.714902 12.22 
19.0891 2 1 1 0x0 -1.0964 -0.6312 -1.10 -0.63 -0.0000 -0.0000 0.0000 0.0000 0.5007 -0.0324 -0.232590 -0.714919 12.22 
19.0991 2 1 1 0x0 -1.0963 -0.6311 -1.10 -0.63 -0.0000 -0.0000 0.0000 0.0000 0.5007 -0.0324 -0.232590 -0.714950 12.23 
19.1091 2 1 1 0x0 -1.0962 -0.6310 -1.10 -0.63 -0.0000 -0.0000 0.0000 0.0000 0.5007 -0.0324 -0.232590 -0.714939 12.22 
19.1191 2 1 1 0x0 -1.0961 -0.6310 -1.10 -0.63 -0.0000 -0.0000 0.0000 0.0000 0.5007 -0.0324 -0.232590 -0.714962 12.22 
19.1291 2 1 1 0x0 -1.0961 -0.6309 -1.10 -0.63 -0.0000 -0.0000 0.0000 0.0000 0.5007 -0.0324 -0.232590 -0.714963 12.22 
19.1391 2 1 1 0x0 -1.0960 -0.6308 -1.10 -0.63 -0.0000 -0.0000 0.0000 0.0000 0.5007 -0.0324 -0.232590 -0.714976 12.23 
19.1491 2 1 1 0x0 -1.0959 -0.6307 -1.10 -0.63 -0.0000 -0.0000 0.0000 0.0000 0.5007 -0.0324 -0.232590 -0.715006 12.22 
19.1591 2 1 1 0x0 -1.0958 -0.6306 -1.10 -0.63 -0.0000 -0.0000 0.0000 0.0000 0.5007 -0.0324 -0.232590 -0.715024 12.22 
19.1691 2 1 1 0x0 -1.0957 -0.6306 -1.10 -0.63 -0.0000 -0.0000 0.0000 0.0000 0.5007 -0.0324 -0.232590 -0.715006 12.21 
19.1791 2 1 1 0x0 -1.0957 -0.6305 -1.10 -0.63 -0.0000 -0.0000 0.0000 0.0000 0.5007 -0.0324 -0.232590 -0.715005 12.22 
19.1891 2 1 1 0x0 -1.0956 -0.6304 -1.10 -0.63 -0.0000 -0.0000 0.0000 0.0000 0.5007 -0.0324 -0.232590 -0.715004 12.22 
19.1991 2 1 1 0x0 -1.0955 -0.6303 -1.10 -0.63 -0.0000 -0.0000 0.0000 0.0000 0.5007 -0.0324 -0.232590 -0.714996 12.22 
19.2091 2 1 1 0x0 -1.0954 -0.6302 -1.10 -0.63 -0.0000 -0.0000 0.0000 0.0000 0.5007 -0.0324 -0.232590 -0.714972 12.22 
19.2191 2 1 1 0x0 -1.0953 -0.6302 -1.10 -0.63 -0.0000 -0.0000 0.0000 0.0000 0.5007 -0.0324 -0.232590 -0.714980 12.22 
19.2291 2 1 1 0x0 -1.0953 -0.6301 -1.10 -0.63 -0.0000 -0.0000 0.0000 0.0000 0.5007 -0.0324 -0.232590 -0.714983 12.22 
19.2391 2 1 1 0x0 -1.0952 -0.6300 -1.10 -0.63 -0.0000 -0.0000 0.0000 0.0000 0.5007 -0.0324 -0.232590 -0.714966 12.22 
19.2491 2 1 1 0x0 -1.0951 -0.6299 -1.10 -0.63 -0.0000 -0.0000 0.0000 0.0000 0.5007 -0.0324 -0.232590 -0.714968 12.22 
19.2590 2 1 1 0x0 -1.0950 -0.6298 -1.10 -0.63 -0.0000 -0.0000 0.0000 0.0000 0.5007 -0.0324 -0.232590 -0.714983 12.22 
19.2690 2 1 1 0x0 -1.0949 -0.6298 -1.09 -0.63 -0.0000 -0.0000 0.0000 0.0000 0.5007 -0.0324 -0.232590 -0.715006 12.22 
19.2790 2 1 1 0x0 -1.0949 -0.6297 -1.09 -0.63 -0.0000 -0.0000 0.0000 0.0000 0.5007 -0.0324 -0.232590 -0.714987 12.22 
19.2890 2 1 1 0x0 -1.0948 -0.6296 -1.09 -0.63 -0.0000 -0.0000 0.0000 0.0000 0.5007 -0.0324 -0.232590 -0.715005 12.22 
19.2990 2 1 1 0x0 -1.0947 -0.6295 -1.09 -0.63 -0.0000 -0.0000 0.0000 0.0000 0.5007 -0.0324 -0.232590 -0.715021 12.21 
19.3090 2 1 1 0x0 -1.0946 -0.6294 -1.09 -0.63 -0.0000 -0.0000 0.0000 0.0000 0.5007 -0.0324 -0.232590 -0.715036 12.22 
19.3190 2 1 1 0x0 -1.0945 -0.6294 -1.09 -0.63 -0.0000 -0.0000 0.0000 0.0000 0.5007 -0.0324 -0.232590 -0.715061 12.22 
19.3290 2 1 1 0x0 -1.0945 -0.6293 -1.09 -0.63 -0.0000 -0.0000 0.0000 0.0000 0.5007 -0.0324 -0.232590 -0.715071 12.22 
19.3390 2 1 1 0x0 -1.0944 -0.6292 -1.09 -0.63 -0.0000 -0.0000 0.0000 0.0000 0.5007 -0.0324 -0.232590 -0.715093 12.22 
19.3490 2 1 1 0x0 -1.0943 -0.6291 -1.09 -0.63 -0.0000 -0.0000 0.0000 0.0000 0.5007 -0.0324 -0.232590 -0.715078 12.22 
19.3590 2 1 1 0x0 -1.0942 -0.6290 -1.09 -0.63 -0.0000 -0.0000 0.0000 0.0000 0.5007 -0.0324 -0.232590 -0.715063 12.22 
19.3690 2 1 1 0x0 -1.0941 -0.6290 -1.09 -0.63 -0.0000 -0.0000 0.0000 0.0000 0.5007 -0.0324 -0.232590 -0.715048 12.22 
19.3790 2 1 1 0x0 -1.0941 -0.6289 -1.09 -0.63 -0.0000 -0.0000 0.0000 0.0000 0.5007 -0.0324 -0.232590 -0.715044 12.21 
19.3890 2 1 1 0x0 -1.0940 -0.6288 -1.09 -0.63 -0.0000 -0.0000 0.0000 0.0000 0.5007 -0.0324 -0.232590 -0.715039 12.22 
19.3990 2 1 1 0x0 -1.0939 -0.6287 -1.09 -0.63 -0.0000 -0.0000 0.0000 0.0000 0.5007 -0.0324 -0.232590 -0.715026 12.23 
19.4090 2 1 1 0x0 -1.0938 -0.6286 -1.09 -0.63 -0.0000 -0.0000 0.0000 0.0000 0.5007 -0.0324 -0.232590 -0.715049 12.22 
19.4190 2 1 1 0x0 -1.0937 -0.6286 -1.09 -0.63 -0.0000 -0.0000 0.0000 0.0000 0.5007 -0.0324 -0.232590 -0.715058 12.22 
19.4290 2 1 1 0x0 -1.0937 -0.6285 -1.09 -0.63 -0.0000 -0.0000 0.0000 0.0000 0.5007 -0.0324 -0.232590 -0.715047 12.22 
19.4389 2 1 1 0x0 -1.0936 -0.6284 -1.09 -0.63 -0.0000 -0.0000 0.0000 0.0000 0.5007 -0.0324 -0.232590 -0.715023 12.22 
19.4489 2 1 1 0x0 -1.0935 -0.6283 -1.09 -0.63 -0.0000 -0.0000 0.0000 0.0000 0.5007 -0.0324 -0.232590 -0.715010 12.22 
19.4589 2 1 1 0x0 -1.0934 -0.6282 -1.09 -0.63 -0.0000 -0.0000 0.0000 0.0000 0.5007 -0.0324 -0.232590 -0.714994 12.22 
19.4689 2 1 1 0x0 -1.0933 -0.6282 -1.09 -0.63 -0.0000 -0.0000 0.0000 0.0000 0.5007 -0.0324 -0.232590 -0.714994 12.22 
19.4789 2 1 1 0x0 -1.0933 -0.6281 -1.09 -0.63 -0.0000 -0.0000 0.0000 0.0000 0.5007 -0.0324 -0.232590 -0.714988 12.22 
19.4889 2 1 1 0x0 -1.0932 -0.6280 -1.09 -0.63 -0.0000 -0.0000 0.0000 0.0000 0.5007 -0.0324 -0.232590 -0.714999 12.22 
19.4989 2 1 1 0x0 -1.0931 -0.6279 -1.09 -0.63 -0.0000 -0.0000 0.0000 0.0000 0.5007 -0.0324 -0.232590 -0.715007 12.22 
19.5089 2 1 1 0x0 -1.0930 -0.6278 -1.09 -0.63 -0.0000 -0.0000 0.0000 0.0000 0.5007 -0.0324 -0.232590 -0.715026 12.22 
19.5189 2 1 1 0x0 -1.0929 -0.6278 -1.09 -0.63 -0.0000 -0.0000 0.0000 0.0000 0.5007 -0.0324 -0.232590 -0.715055 12.22 
19.5289 2 1 1 0x0 -1.0929 -0.6277 -1.09 -0.63 -0.0000 -0.0000 0.0000 0.0000 0.5007 -0.0324 -0.232590 -0.715070 12.22 
19.5389 2 1 1 0x0 -1.0928 -0.6276 -1.09 -0.63 -0.0000 -0.0000 0.0000 0.0000 0.5007 -0.0324 -0.232590 -0.715059 12.22 
19.5489 2 1 1 0x0 -1.0927 -0.6275 -1.09 -0.63 -0.0000 -0.0000 0.0000 0.0000 0.5007 -0.0324 -0.232590 -0.715052 12.22 
19.5589 2 1 1 0x0 -1.0926 -0.6274 -1.09 -0.63 -0.0000 -0.0000 0.0000 0.0000 0.5007 -0.0324 -0.232590 -0.715033 12.22 
19.5689 2 1 1 0x0 -1.0925 -0.6274 -1.09 -0.63 -0.0000 -0.0000 0.0000 0.0000 0.5007 -0.0324 -0.232590 -0.715010 12.22 
19.5789 2 1 1 0x0 -1.0925 -0.6273 -1.09 -0.63 -0.0000 -0.0000 0.0000 0.0000 0.5007 -0.0324 -0.232590 -0.715003 12.23 
19.5889 2 1 1 0x0 -1.0924 -0.6272 -1.09 -0.63 -0.0000 -0.0000 0.0000 0.0000 0.5007 -0.0324 -0.232590 -0.715004 12.22 
19.5989 2 1 1 0x0 -1.0923 -0.6271 -1.09 -0.63 -0.0000 -0.0000 0.0000 0.0000 0.5007 -0.0324 -0.232590 -0.714998 12.23 
19.6089 2 1 1 0x0 -1.0922 -0.6270 -1.09 -0.63 -0.0000 -0.0000 0.0000 0.0000 0.5007 -0.0324 -0.232590 -0.714983 12.22 
19.6188 2 1 1 0x0 -1.0921 -0.6270 -1.09 -0.63 -0.0000 -0.0000 0.0000 0.0000 0.5007 -0.0324 -0.232590 -0.715005 12.22 
19.6288 2 1 1 0x0 -1.0921 -0.6269 -1.09 -0.63 -0.0000 -0.0000 0.0000 0.0000 0.5007 -0.0324 -0.232590 -0.715010 12.22 
19.6388 2 1 1 0x0 -1.0920 -0.6268 -1.09 -0.63 -0.0000 -0.0000 0.0000 0.0000 0.5007 -0.0324 -0.232590 -0.715036 12.22 
19.6488 2 1 1 0x0 -1.0919 -0.6267 -1.09 -0.63 -0.0000 -0.0000 0.0000 0.0000 0.5007 -0.0324 -0.232590 -0.715050 12.22 
19.6588 2 1 1 0x0 -1.0918 -0.6266 -1.09 -0.63 -0.0000 -0.0000 0.0000 0.0000 0.5007 -0.0324 -0.232590 -0.715076 12.22 
19.6688 2 1 1 0x0 -1.0917 -0.6266 -1.09 -0.63 -0.0000 -0.0000 0.0000 0.0000 0.5007 -0.0324 -0.232590 -0.715065 12.22 
19.6788 2 1 1 0x0 -1.0917 -0.6265 -1.09 -0.63 -0.0000 -0.0000 0.0000 0.0000 0.5007 -0.0324 -0.232590 -0.715065 12.22 
19.6888 2 1 1 0x0 -1.0916 -0.6264 -1.09 -0.63 -0.0000 -0.0000 0.0000 0.0000 0.5007 -0.0324 -0.232590 -0.715074 12.22 
19.6988 2 1 1 0x0 -1.0915 -0.6263 -1.09 -0.63 -0.0000 -0.0000 0.0000 0.0000 0.5007 -0.0324 -0.232590 -0.715077 12.22 
19.7088 2 1 1 0x0 -1.0914 -0.6262 -1.09 -0.63 -0.0000 -0.0000 0.0000 0.0000 0.5007 -0.0324 -0.232590 -0.715095 12.22 
19.7188 2 1 1 0x0 -1.0913 -0.6262 -1.09 -0.63 -0.0000 -0.0000 0.0000 0.0000 0.5007 -0.0324 -0.232590 -0.715089 12.22 
19.7288 2 1 1 0x0 -1.0913 -0.6261 -1.09 -0.63 -0.0000 -0.0000 0.0000 0.0000 0.5007 -0.0324 -0.232590 -0.715104 12.22 
19.7388 2 1 1 0x0 -1.0912 -0.6260 -1.09 -0.63 -0.0000 -0.0000 0.0000 0.0000 0.5007 -0.0324 -0.232590 -0.715108 12.22 
19.7488 2 1 1 0x0 -1.0911 -0.6259 -1.09 -0.63 -0.0000 -0.0000 0.0000 0.0000 0.5007 -0.0324 -0.232590 -0.715128 12.22 
19.7588 2 1 1 0x0 -1.0910 -0.6258 -1.09 -0.63 -0.0000 -0.0000 0.0000 0.0000 0.5007 -0.0324 -0.232590 -0.715103 12.22 
19.7688 2 1 1 0x0 -1.0909 -0.6258 -1.09 -0.63 -0.0000 -0.0000 0.0000 0.0000 0.5007 -0.0324 -0.232590 -0.715102 12.22 
19.7788 2 1 1 0x0 -1.0909 -0.6257 -1.09 -0.63 -0.0000 -0.0000 0.0000 0.0000 0.5007 -0.0324 -0.232590 -0.715089 12.22 
19.7888 2 1 1 0x0 -1.0908 -0.6256 -1.09 -0.63 -0.0000 -0.0000 0.0000 0.0000 0.5007 -0.0324 -0.232590 -0.715071 12.22 
19.7987 2 1 1 0x0 -1.0907 -0.6255 -1.09 -0.63 -0.0000 -0.0000 0.0000 0.0000 0.5007 -0.0324 -0.232590 -0.715071 12.22 
19.8087 2 1 1 0x0 -1.0906 -0.6254 -1.09 -0.63 -0.0000 -0.0000 0.0000 0.0000 0.5007 -0.0324 -0.232590 -0.715072 12.22 
19.8187 2 1 1 0x0 -1.0905 -0.6254 -1.09 -0.63 -0.0000 -0.0000 0.0000 0.0000 0.5007 -0.0324 -0.232590 -0.715078 12.22 
19.8287 2 1 1 0x0 -1.0905 -0.6253 -1.09 -0.63 -0.0000 -0.0000 0.0000 0.0000 0.5007 -0.0324 -0.232590 -0.715074 12.22 
19.8387 2 1 1 0x0 -1.0904 -0.6252 -1.09 -0.63 -0.0000 -0.0000 0.0000 0.0000 0.5007 -0.0324 -0.232590 -0.715083 12.22 
19.8487 2 1 1 0x0 -1.0903 -0.6251 -1.09 -0.63 -0.0000 -0.0000 0.0000 0.0000 0.5007 -0.0324 -0.232590 -0.715120 12.22 
19.8587 2 1 1 0x0 -1.0902 -0.6250 -1.09 -0.63 -0.0000 -0.0000 0.0000 0.0000 0.5007 -0.0324 -0.232590 -0.715113 12.22 
19.8687 2 1 1 0x0 -1.0901 -0.6250 -1.09 -0.62 -0.0000 -0.0000 0.0000 0.0000 0.5007 -0.0324 -0.232590 -0.715099 12.22 
19.8787 2 1 1 0x0 -1.0901 -0.6249 -1.09 -0.62 -0.0000 -0.0000 0.0000 0.0000 0.5007 -0.0324 -0.232590 -0.715121 12.23 
19.8887 2 1 1 0x0 -1.0900 -0.6248 -1.09 -0.62 -0.0000 -0.0000 0.0000 0.0000 0.5007 -0.0324 -0.232590 -0.715118 12.22 
19.8987 2 1 1 0x0 -1.0899 -0.6247 -1.09 -0.62 -0.0000 -0.0000 0.0000 0.0000 0.5007 -0.0324 -0.232590 -0.715116 12.22 
19.9087 2 1 1 0x0 -1.0898 -0.6246 -1.09 -0.62 -0.0000 -0.0000 0.0000 0.0000 0.5007 -0.0324 -0.232590 -0.715139 12.22 
19.9187 2 1 1 0x0 -1.0897 -0.6246 -1.09 -0.62 -0.0000 -0.0000 0.0000 0.0000 0.5007 -0.0324 -0.232590 -0.715166 12.22 
19.9287 2 1 1 0x0 -1.0897 -0.6245 -1.09 -0.62 -0.0000 -0.0000 0.0000 0.0000 0.5007 -0.0324 -0.232590 -0.715157 12.23 
19.9387 2 1 1 0x0 -1.0896 -0.6244 -1.09 -0.62 -0.0000 -0.0000 0.0000 0.0000 0.5007 -0.0324 -0.232590 -0.715130 12.22 
19.9487 2 1 1 0x0 -1.0895 -0.6243 -1.09 -0.62 -0.0000 -0.0000 0.0000 0.0000 0.5007 -0.0324 -0.232590 -0.715095 12.22 
19.9587 2 1 1 0x0 -1.0894 -0.6242 -1.09 -0.62 -0.0000 -0.0000 0.0000 0.0000 0.5007 -0.0324 -0.232590 -0.715109 12.22 
19.9687 2 1 1 0x0 -1.0893 -0.6242 -1.09 -0.62 -0.0000 -0.0000 0.0000 0.0000 0.5007 -0.0324 -0.232590 -0.715098 12.22 
19.9786 2 1 1 0x0 -1.0893 -0.6241 -1.09 -0.62 -0.0000 -0.0000 0.0000 0.0000 0.5007 -0.0324 -0.232590 -0.715110 12.22 
19.9886 2 1 1 0x0 -1.0892 -0.6240 -1.09 -0.62 -0.0000 -0.0000 0.0000 0.0000 0.5007 -0.0324 -0.232590 -0.715112 12.22 
19.9986 2 1 1 0x0 -1.0891 -0.6239 -1.09 -0.62 -0.0000 -0.0000 0.0000 0.0000 0.5007 -0.0324 -0.232590 -0.715104 12.22 
20.0086 2 1 1 0x0 -1.0890 -0.6238 -1.09 -0.62 -0.0000 -0.0000 0.0000 0.0000 0.5007 -0.0324 -0.232590 -0.715113 12.22 
20.0186 2 1 1 0x0 -1.0889 -0.6238 -1.09 -0.62 -0.0000 -0.0000 0.0000 0.0000 0.5007 -0.0324 -0.232590 -0.715136 12.22 
20.0286 2 1 1 0x0 -1.0889 -0.6237 -1.09 -0.62 -0.0000 -0.0000 0.0000 0.0000 0.5007 -0.0324 -0.232590 -0.715149 12.22 
20.0386 2 1 1 0x0 -1.0888 -0.6236 -1.09 -0.62 -0.0000 -0.0000 0.0000 0.0000 0.5007 -0.0324 -0.232590 -0.715157 12.22 
20.0486 2 1 1 0x0 -1.0887 -0.6235 -1.09 -0.62 -0.0000 -0.0000 0.0000 0.0000 0.5007 -0.0324 -0.232590 -0.715166 12.22 
20.0586 2 1 1 0x0 -1.0886 -0.6234 -1.09 -0.62 -0.0000 -0.0000 0.0000 0.0000 0.5007 -0.0324 -0.232590 -0.715181 12.22 
20.0686 2 1 1 0x0 -1.0885 -0.6234 -1.09 -0.62 -0.0000 -0.0000 0.0000 0.0000 0.5007 -0.0324 -0.232590 -0.715176 12.22 
20.0786 2 1 1 0x0 -1.0885 -0.6233 -1.09 -0.62 -0.0000 -0.0000 0.0000 0.0000 0.5007 -0.0324 -0.232590 -0.715183 12.22 
20.0886 2 1 1 0x0 -1.0884 -0.6232 -1.09 -0.62 -0.0000 -0.0000 0.0000 0.0000 0.5007 -0.0324 -0.232590 -0.715191 12.22 
20.0986 2 1 1 0x0 -1.0883 -0.6231 -1.09 -0.62 -0.0000 -0.0000 0.0000 0.0000 0.5007 -0.0324 -0.232590 -0.715185 12.23 
20.1086 2 1 1 0x0 -1.0882 -0.6230 -1.09 -0.62 -0.0000 -0.0000 0.0000 0.0000 0.5007 -0.0324 -0.232590 -0.715164 12.22 
20.1186 2 1 1 0x0 -1.0881 -0.6230 -1.09 -0.62 -0.0000 -0.0000 0.0000 0.0000 0.5007 -0.0324 -0.232590 -0.715149 12.23 
20.1286 2 1 1 0x0 -1.0881 -0.6229 -1.09 -0.62 -0.0000 -0.0000 0.0000 0.0000 0.5007 -0.0324 -0.232590 -0.715135 12.22 
20.1386 2 1 1 0x0 -1.0880 -0.6228 -1.09 -0.62 -0.0000 -0.0000 0.0000 0.0000 0.5007 -0.0324 -0.232590 -0.715126 12.23 
20.1486 2 1 1 0x0 -1.0879 -0.6227 -1.09 -0.62 -0.0000 -0.0000 0.0000 0.0000 0.5007 -0.0324 -0.232590 -0.715110 12.22 
20.1586 2 1 1 0x0 -1.0878 -0.6226 -1.09 -0.62 -0.0000 -0.0000 0.0000 0.0000 0.5007 -0.0324 -0.232590 -0.715114 12.23 
20.1685 2 1 1 0x0 -1.0877 -0.6226 -1.09 -0.62 -0.0000 -0.0000 0.0000 0.0000 0.5007 -0.0324 -0.232590 -0.715108 12.23 
20.1785 2 1 1 0x0 -1.0877 -0.6225 -1.09 -0.62 -0.0000 -0.0000 0.0000 0.0000 0.5007 -0.0324 -0.232590 -0.715112 12.22 
20.1885 2 1 1 0x0 -1.0876 -0.6224 -1.09 -0.62 -0.0000 -0.0000 0.0000 0.0000 0.5007 -0.0324 -0.232590 -0.715121 12.23 
20.1985 2 1 1 0x0 -1.0875 -0.6223 -1.09 -0.62 -0.0000 -0.0000 0.0000 0.0075 0.5007 -0.0324 -0.232590 -0.715138 12.22 
20.2085 2 1 1 0x0 -1.0874 -0.6222 -1.09 -0.62 -0.0000 -0.0000 0.0000 0.0175 0.5007 -0.0324 -0.232590 -0.715144 12.21 
20.2185 2 1 1 0x0 -1.0873 -0.6222 -1.09 -0.62 -0.0000 -0.0000 0.0000 0.0275 0.5007 -0.0324 -0.232590 -0.715124 12.22 
20.2285 2 1 1 0x0 -1.0873 -0.6221 -1.09 -0.62 -0.0000 -0.0000 0.0000 0.0375 0.5007 -0.0324 -0.232590 -0.715140 12.22 
20.2385 2 1 1 0x0 -1.0872 -0.6220 -1.09 -0.62 -0.0000 -0.0000 0.0000 0.0475 0.5007 -0.0324 -0.232590 -0.715136 12.22 
20.2485 2 1 1 0x0 -1.0871 -0.6219 -1.09 -0.62 -0.0000 -0.0000 0.0000 0.0575 0.5007 -0.0324 -0.232590 -0.715116 12.22 
20.2585 2 1 1 0x0 -1.0870 -0.6218 -1.09 -0.62 -0.0000 -0.0000 0.0000 0.0675 0.5007 -0.0324 -0.232590 -0.715082 12.22 
20.2685 2 1 1 0x0 -1.0869 -0.6218 -1.09 -0.62 -0.0000 -0.0000 0.0000 0.0775 0.5007 -0.0324 -0.232590 -0.715068 12.22 
20.2785 2 1 1 0x0 -1.0869 -0.6217 -1.09 -0.62 -0.0000 -0.0000 0.0000 0.0875 0.5007 -0.0324 -0.232590 -0.715065 12.22 
20.2885 2 1 1 0x0 -1.0868 -0.6216 -1.09 -0.62 -0.0000 -0.0000 0.0000 0.0975 0.5007 -0.0324 -0.232590 -0.715065 12.22 
20.2985 2 1 1 0x0 -1.0867 -0.6215 -1.09 -0.62 -0.0000 -0.0000 0.0000 0.1000 0.5007 -0.0324 -0.232590 -0.715055 12.22 
20.3085 2 1 1 0x0 -1.0866 -0.6215 -1.09 -0.62 -0.0000 -0.0000 0.0000 0.1000 0.5007 -0.0324 -0.232590 -0.715061 12.22 
20.3185 2 1 1 0x0 -1.0866 -0.6214 -1.09 -0.62 -0.0000 -0.0000 0.0000 0.1000 0.5007 -0.0324 -0.232590 -0.715049 12.22 
20.3285 2 1 1 0x0 -1.0865 -0.6213 -1.09 -0.62 -0.0000 -0.0015 0.0000 0.1000 0.5007 -0.0324 -0.232590 -0.715044 12.22 
20.3385 2 1 1 0x0 -1.0864 -0.6212 -1.09 -0.62 -0.0000 -0.0015 0.0000 0.1000 0.5007 -0.0324 -0.232590 -0.715027 12.22 
20.3484 2 1 1 0x0 -1.0863 -0.6211 -1.09 -0.62 -0.0000 -0.0015 0.0000 0.1000 0.5007 -0.0324 -0.232590 -0.715059 12.22 
20.3584 2 1 1 0x0 -1.0862 -0.6211 -1.09 -0.62 -0.0000 -0.0015 0.0000 0.1000 0.5007 -0.0324 -0.232590 -0.715054 12.22 
20.3684 2 1 1 0x0 -1.0862 -0.6210 -1.09 -0.62 -0.0000 -0.0015 0.0000 0.1000 0.5007 -0.0324 -0.232590 -0.715047 12.22 
20.3784 2 1 1 0x0 -1.0861 -0.6209 -1.09 -0.62 -0.0000 -0.0015 0.0000 0.1000 0.5007 -0.0324 -0.232590 -0.715044 12.22 
20.3884 2 1 1 0x0 -1.0860 -0.6208 -1.09 -0.62 -0.0000 -0.0015 0.0000 0.1000 0.5007 -0.0324 -0.232590 -0.715050 12.21 
20.3984 2 1 1 0x0 -1.0859 -0.6207 -1.09 -0.62 -0.0000 -0.0015 0.0000 0.1000 0.5007 -0.0324 -0.232590 -0.715026 12.22 
20.4084 2 1 1 0x0 -1.0858 -0.6207 -1.09 -0.62 -0.0000 -0.0015 0.0000 0.1000 0.5007 -0.0324 -0.232590 -0.715028 12.22 
20.4184 2 1 1 0x0 -1.0858 -0.6206 -1.09 -0.62 -0.0000 -0.0015 0.0000 0.1000 0.5007 -0.0324 -0.232590 -0.715012 12.22 
20.4284 2 1 1 0x0 -1.0857 -0.6205 -1.09 -0.62 -0.0000 -0.0015 0.0000 0.1000 0.5007 -0.0324 -0.232590 -0.714998 12.22 
20.4384 2 1 1 0x0 -1.0856 -0.6204 -1.09 -0.62 -0.0000 -0.0015 0.0000 0.1000 0.5007 -0.0324 -0.232590 -0.714995 12.22 
20.4484 2 1 1 0x0 -1.0855 -0.6203 -1.09 -0.62 -0.0000 -0.0015 0.0000 0.1000 0.5007 -0.0324 -0.232590 -0.714993 12.22 
20.4584 2 1 1 0x0 -1.0854 -0.6203 -1.09 -0.62 -0.0000 -0.0015 0.0000 0.1000 0.5007 -0.0324 -0.232590 -0.715004 12.22 
20.4684 2 1 1 0x0 -1.0854 -0.6202 -1.09 -0.62 -0.0000 -0.0015 0.0000 0.1000 0.5007 -0.0324 -0.232590 -0.714998 12.22 
20.4784 2 1 1 0x0 -1.0853 -0.6201 -1.09 -0.62 -0.0000 -0.0015 0.0000 0.1000 0.5007 -0.0324 -0.232590 -0.714991 12.22 
20.4884 2 1 1 0x0 -1.0852 -0.6200 -1.09 -0.62 -0.0000 -0.0015 0.0000 0.1000 0.5007 -0.0324 -0.232590 -0.714995 12.22 
20.4984 2 1 1 0x0 -1.0851 -0.6199 -1.09 -0.62 -0.0000 -0.0015 0.0000 0.1000 0.5007 -0.0324 -0.232590 -0.714967 12.22 
20.5084 2 1 1 0x0 -1.0850 -0.6199 -1.09 -0.62 -0.0000 -0.0015 0.0000 0.1000 0.5007 -0.0324 -0.232590 -0.714962 12.22 
20.5184 2 1 1 0x0 -1.0850 -0.6198 -1.08 -0.62 -0.0000 -0.0015 0.0000 0.1000 0.5007 -0.0324 -0.232590 -0.714936 12.22 
20.5283 2 1 1 0x0 -1.0849 -0.6197 -1.08 -0.62 -0.0000 -0.0000 0.0000 0.1000 0.5007 -0.0324 -0.232590 -0.714936 12.23 
20.5383 2 1 1 0x0 -1.0848 -0.6196 -1.08 -0.62 -0.0000 -0.0000 0.0000 0.1000 0.5007 -0.0324 -0.232590 -0.714924 12.23 
20.5483 2 1 1 0x0 -1.0847 -0.6195 -1.08 -0.62 -0.0000 -0.0000 0.0000 0.1000 0.5007 -0.0324 -0.232590 -0.714910 12.22 
20.5583 2 1 1 0x0 -1.0846 -0.6195 -1.08 -0.62 -0.0000 -0.0000 0.0000 0.1000 0.5007 -0.0324 -0.232590 -0.714911 12.22 
20.5683 2 1 1 0x0 -1.0846 -0.6194 -1.08 -0.62 -0.0000 -0.0000 0.0000 0.1000 0.5007 -0.0324 -0.232590 -0.714938 12.22 
20.5783 2 1 1 0x0 -1.0845 -0.6193 -1.08 -0.62 -0.0000 -0.0000 0.0000 0.1000 0.5007 -0.0324 -0.232590 -0.714947 12.23 
20.5883 2 1 1 0x0 -1.0844 -0.6192 -1.08 -0.62 -0.0000 -0.0000 0.0000 0.1000 0.5007 -0.0324 -0.232590 -0.714950 12.22 
20.5983 2 1 1 0x0 -1.0843 -0.6191 -1.08 -0.62 -0.0000 -0.0000 0.0000 0.1000 0.5007 -0.0324 -0.232590 -0.714952 12.23 
20.6083 2 1 1 0x0 -1.0842 -0.6191 -1.08 -0.62 -0.0000 -0.0000 0.0000 0.1000 0.5007 -0.0324 -0.232590 -0.714934 12.22 
20.6183 2 1 1 0x0 -1.0842 -0.6190 -1.08 -0.62 -0.0000 -0.0000 0.0000 0.1000 0.5007 -0.0324 -0.232590 -0.714942 12.22 
20.6283 2 1 1 0x0 -1.0841 -0.6189 -1.08 -0.62 -0.0000 -0.0000 0.0000 0.1000 0.5007 -0.0324 -0.232590 -0.714938 12.22 
20.6383 2 1 1 0x0 -1.0840 -0.6188 -1.08 -0.62 -0.0000 -0.0000 0.0000 0.1000 0.5007 -0.0324 -0.232590 -0.714899 12.22 
20.6483 2 1 1 0x0 -1.0839 -0.6187 -1.08 -0.62 -0.0000 -0.0000 0.0000 0.1000 0.5007 -0.0324 -0.232590 -0.714889 12.22 
20.6583 2 1 1 0x0 -1.0838 -0.6187 -1.08 -0.62 -0.0000 -0.0000 0.0000 0.1000 0.5007 -0.0324 -0.232590 -0.714888 12.22 
20.6683 2 1 1 0x0 -1.0838 -0.6186 -1.08 -0.62 -0.0000 -0.0000 0.0000 0.1000 0.5007 -0.0324 -0.232590 -0.714869 12.22 
20.6783 2 1 1 0x0 -1.0837 -0.6185 -1.08 -0.62 -0.0000 -0.0000 0.0000 0.1000 0.5007 -0.0324 -0.232590 -0.714869 12.22 
20.6883 2 1 1 0x0 -1.0836 -0.6184 -1.08 -0.62 -0.0000 -0.0000 0.0000 0.1000 0.5007 -0.0324 -0.232590 -0.714863 12.23 
20.6983 2 1 1 0x0 -1.0835 -0.6183 -1.08 -0.62 -0.0000 -0.0000 0.0000 0.1000 0.5007 -0.0324 -0.232590 -0.714858 12.22 
20.7082 2 1 1 0x0 -1.0834 -0.6183 -1.08 -0.62 -0.0000 -0.0000 0.0000 0.1000 0.5007 -0.0324 -0.232590 -0.714862 12.22 
20.7182 2 1 1 0x0 -1.0834 -0.6182 -1.08 -0.62 -0.0000 -0.0000 0.0000 0.1000 0.5007 -0.0324 -0.232590 -0.714855 12.22 
20.7282 2 1 1 0x0 -1.0833 -0.6181 -1.08 -0.62 -0.0000 -0.0000 0.0000 0.1000 0.5007 -0.0324 -0.232590 -0.714876 12.22 
20.7382 2 1 1 0x0 -1.0832 -0.6180 -1.08 -0.62 -0.0000 -0.0000 0.0000 0.1000 0.5007 -0.0324 -0.232590 -0.714877 12.22 
20.7482 2 1 1 0x0 -1.0831 -0.6179 -1.08 -0.62 -0.0000 -0.0000 0.0000 0.1000 0.5007 -0.0324 -0.232590 -0.714884 12.22 
20.7582 2 1 1 0x0 -1.0830 -0.6179 -1.08 -0.62 -0.0000 -0.0000 0.0000 0.1000 0.5007 -0.0324 -0.232590 -0.714872 12.22 
20.7682 2 1 1 0x0 -1.0830 -0.6178 -1.08 -0.62 -0.0000 -0.0000 0.0000 0.1000 0.5007 -0.0324 -0.232590 -0.714854 12.22 
20.7782 2 1 1 0x0 -1.0829 -0.6177 -1.08 -0.62 -0.0000 -0.0000 0.0000 0.1000 0.5007 -0.0324 -0.232590 -0.714828 12.22 
20.7882 2 1 1 0x0 -1.0828 -0.6176 -1.08 -0.62 -0.0000 -0.0000 0.0000 0.1000 0.5007 -0.0324 -0.232590 -0.714819 12.22 
20.7982 2 1 1 0x0 -1.0827 -0.6175 -1.08 -0.62 -0.0000 -0.0000 0.0000 0.1000 0.5007 -0.0324 -0.232590 -0.714785 12.22 
20.8082 2 1 1 0x0 -1.0826 -0.6175 -1.08 -0.62 -0.0000 -0.0000 0.0000 0.1000 0.5007 -0.0324 -0.232590 -0.714753 12.22 
20.8182 2 1 1 0x0 -1.0826 -0.6174 -1.08 -0.62 -0.0000 -0.0000 0.0000 0.1000 0.5007 -0.0324 -0.232590 -0.714737 12.23 
20.8282 2 1 1 0x0 -1.0825 -0.6173 -1.08 -0.62 -0.0000 -0.0000 0.0000 0.1000 0.5007 -0.0324 -0.232590 -0.714704 12.22 
20.8382 2 1 1 0x0 -1.0824 -0.6172 -1.08 -0.62 -0.0000 -0.0000 0.0000 0.1000 0.5007 -0.0324 -0.232590 -0.714711 12.22 
20.8482 2 1 1 0x0 -1.0823 -0.6171 -1.08 -0.62 -0.0000 -0.0000 0.0000 0.1000 0.5007 -0.0324 -0.232590 -0.714722 12.22 
20.8582 2 1 1 0x0 -1.0822 -0.6171 -1.08 -0.62 -0.0000 -0.0000 0.0000 0.1000 0.5007 -0.0324 -0.232590 -0.714743 12.22 
20.8682 2 1 1 0x0 -1.0822 -0.6170 -1.08 -0.62 -0.0000 -0.0000 0.0000 0.1000 0.5007 -0.0324 -0.232590 -0.714753 12.22 
20.8782 2 1 1 0x0 -1.0821 -0.6169 -1.08 -0.62 -0.0000 -0.0000 0.0000 0.1000 0.5007 -0.0324 -0.232590 -0.714755 12.22 
20.8881 2 1 1 0x0 -1.0820 -0.6168 -1.08 -0.62 -0.0000 -0.0000 0.0000 0.1000 0.5007 -0.0324 -0.232590 -0.714780 12.22 
20.8981 2 1 1 0x0 -1.0819 -0.6167 -1.08 -0.62 -0.0000 -0.0000 0.0000 0.1000 0.5007 -0.0324 -0.232590 -0.714787 12.22 
20.9081 2 1 1 0x0 -1.0818 -0.6167 -1.08 -0.62 -0.0000 -0.0000 0.0000 0.1000 0.5007 -0.0324 -0.232590 -0.714795 12.23 
20.9181 2 1 1 0x0 -1.0818 -0.6166 -1.08 -0.62 -0.0000 -0.0000 0.0000 0.1000 0.5007 -0.0324 -0.232590 -0.714815 12.22 
20.9281 2 1 1 0x0 -1.0817 -0.6165 -1.08 -0.62 -0.0000 -0.0000 0.0000 0.1000 0.5007 -0.0324 -0.232590 -0.714831 12.22 
20.9381 2 1 1 0x0 -1.0816 -0.6164 -1.08 -0.62 -0.0000 -0.0000 0.0000 0.1000 0.5007 -0.0324 -0.232590 -0.714847 12.22 
20.9481 2 1 1 0x0 -1.0815 -0.6163 -1.08 -0.62 -0.0000 -0.0000 0.0000 0.1000 0.5007 -0.0324 -0.232590 -0.714836 12.22 
20.9581 2 1 1 0x0 -1.0814 -0.6163 -1.08 -0.62 -0.0000 -0.0000 0.0000 0.1000 0.5007 -0.0324 -0.232590 -0.714843 12.22 
20.9681 2 1 1 0x0 -1.0814 -0.6162 -1.08 -0.62 -0.0000 -0.0000 0.0000 0.1000 0.5007 -0.0324 -0.232590 -0.714834 12.22 
20.9781 2 1 1 0x0 -1.0813 -0.6161 -1.08 -0.62 -0.0000 -0.0000 0.0000 0.1000 0.5007 -0.0324 -0.232590 -0.714832 12.22 
20.9881 2 1 1 0x0 -1.0812 -0.6160 -1.08 -0.62 -0.0000 -0.0000 0.0000 0.1000 0.5007 -0.0324 -0.232590 -0.714843 12.22 
20.9981 2 1 1 0x0 -1.0811 -0.6159 -1.08 -0.62 -0.0000 -0.0000 0.0000 0.1000 0.5007 -0.0324 -0.232590 -0.714855 12.22 
21.0081 2 1 1 0x0 -1.0810 -0.6159 -1.08 -0.62 -0.0000 -0.0000 0.0000 0.1000 0.5007 -0.0324 -0.232590 -0.714856 12.22 
21.0181 2 1 1 0x0 -1.0810 -0.6158 -1.08 -0.62 -0.0000 -0.0000 0.0000 0.1000 0.5007 -0.0324 -0.232590 -0.714874 12.22 
21.0281 2 1 1 0x0 -1.0809 -0.6157 -1.08 -0.62 -0.0000 -0.0000 0.0000 0.1000 0.5007 -0.0324 -0.232590 -0.714883 12.22 
21.0381 2 1 1 0x0 -1.0808 -0.6156 -1.08 -0.62 -0.0000 -0.0000 0.0000 0.1000 0.5007 -0.0324 -0.232590 -0.714862 12.23 
21.0481 2 1 1 0x0 -1.0807 -0.6155 -1.08 -0.62 -0.0000 -0.0000 0.0000 0.1000 0.5007 -0.0324 -0.232590 -0.714889 12.22 
21.0581 2 1 1 0x0 -1.0806 -0.6155 -1.08 -0.62 -0.0000 -0.0000 0.0000 0.1000 0.5007 -0.0324 -0.232590 -0.714888 12.21 
21.0681 2 1 1 0x0 -1.0806 -0.6154 -1.08 -0.62 -0.0000 -0.0000 0.0000 0.1000 0.5007 -0.0324 -0.232590 -0.714893 12.22 
21.0780 2 1 1 0x0 -1.0805 -0.6153 -1.08 -0.62 -0.0000 -0.0000 0.0000 0.1000 0.5007 -0.0324 -0.232590 -0.714899 12.22 
21.0880 2 1 1 0x0 -1.0804 -0.6152 -1.08 -0.62 -0.0000 -0.0000 0.0000 0.1000 0.5007 -0.0324 -0.232590 -0.714906 12.22 
21.0980 2 1 1 0x0 -1.0803 -0.6151 -1.08 -0.62 -0.0000 -0.0000 0.0000 0.1000 0.5007 -0.0324 -0.232590 -0.714908 12.23 
21.1080 2 1 1 0x0 -1.0802 -0.6151 -1.08 -0.62 -0.0000 -0.0000 0.0000 0.1000 0.5007 -0.0324 -0.232590 -0.714911 12.23 
21.1180 2 1 1 0x0 -1.0802 -0.6150 -1.08 -0.61 -0.0000 -0.0000 0.0000 0.1000 0.5007 -0.0324 -0.232590 -0.714910 12.22 
21.1280 2 1 1 0x0 -1.0801 -0.6149 -1.08 -0.61 -0.0000 -0.0000 0.0000 0.1000 0.5007 -0.0324 -0.232590 -0.714918 12.22 
21.1380 2 1 1 0x0 -1.0800 -0.6148 -1.08 -0.61 -0.0000 -0.0000 0.0000 0.1000 0.5007 -0.0324 -0.232590 -0.714919 12.22 
21.1480 2 1 1 0x0 -1.0799 -0.6147 -1.08 -0.61 -0.0000 -0.0000 0.0000 0.1000 0.5007 -0.0324 -0.232590 -0.714932 12.22 
21.1580 2 1 1 0x0 -1.0798 -0.6147 -1.08 -0.61 -0.0000 -0.0000 0.0000 0.1000 0.5007 -0.0324 -0.232590 -0.714927 12.22 
21.1680 2 1 1 0x0 -1.0798 -0.6146 -1.08 -0.61 -0.0000 -0.0000 0.0000 0.1000 0.5007 -0.0324 -0.232590 -0.714939 12.22 
21.1780 2 1 1 0x0 -1.0797 -0.6145 -1.08 -0.61 -0.0000 -0.0000 0.0000 0.1000 0.5007 -0.0324 -0.232590 -0.714938 12.22 
21.1880 2 1 1 0x0 -1.0796 -0.6144 -1.08 -0.61 -0.0000 -0.0000 0.0000 0.1000 0.5007 -0.0324 -0.232590 -0.714960 12.22 
21.1980 2 1 1 0x0 -1.0795 -0.6143 -1.08 -0.61 -0.0000 -0.0000 0.0000 0.1000 0.5007 -0.0324 -0.232590 -0.714956 12.22 
21.2080 2 1 1 0x0 -1.0794 -0.6143 -1.08 -0.61 -0.0000 -0.0000 0.0000 0.1000 0.5007 -0.0324 -0.232590 -0.714987 12.22 
21.2180 2 1 1 0x0 -1.0794 -0.6142 -1.08 -0.61 -0.0000 -0.0000 0.0000 0.1000 0.5007 -0.0324 -0.232590 -0.715013 12.21 
21.2280 2 1 1 0x0 -1.0793 -0.6141 -1.08 -0.61 -0.0000 -0.0000 0.0000 0.1000 0.5007 -0.0324 -0.232590 -0.715018 12.22 
21.2380 2 1 1 0x0 -1.0792 -0.6140 -1.08 -0.61 -0.0000 -0.0000 0.0000 0.1000 0.5007 -0.0324 -0.232590 -0.714996 12.22 
21.2480 2 1 1 0x0 -1.0791 -0.6139 -1.08 -0.61 -0.0000 -0.0000 0.0000 0.1000 0.5007 -0.0324 -0.232590 -0.715003 12.23 
21.2579 2 1 1 0x0 -1.0790 -0.6139 -1.08 -0.61 -0.0000 -0.0000 0.0000 0.1000 0.5007 -0.0324 -0.232590 -0.715023 12.22 
21.2679 2 1 1 0x0 -1.0790 -0.6138 -1.08 -0.61 -0.0000 -0.0000 0.0000 0.1000 0.5007 -0.0324 -0.232590 -0.715028 12.23 
21.2779 2 1 1 0x0 -1.0789 -0.6137 -1.08 -0.61 -0.0000 -0.0000 0.0000 0.1000 0.5007 -0.0324 -0.232590 -0.715024 12.22 
21.2879 2 1 1 0x0 -1.0788 -0.6136 -1.08 -0.61 -0.0000 -0.0000 0.0000 0.1000 0.5007 -0.0324 -0.232590 -0.715032 12.22 
21.2979 2 1 1 0x0 -1.0787 -0.6135 -1.08 -0.61 -0.0000 -0.0000 0.0000 0.1000 0.5007 -0.0324 -0.232590 -0.715031 12.23 
21.3079 2 1 1 0x0 -1.0786 -0.6135 -1.08 -0.61 -0.0000 -0.0000 0.0000 0.1000 0.5007 -0.0324 -0.232590 -0.715051 12.22 
21.3179 2 1 1 0x0 -1.0786 -0.6134 -1.08 -0.61 -0.0000 -0.0000 0.0000 0.1000 0.5007 -0.0324 -0.232590 -0.715056 12.22 
21.3279 2 1 1 0x0 -1.0785 -0.6133 -1.08 -0.61 -0.0000 -0.0000 0.0000 0.1000 0.5007 -0.0324 -0.232590 -0.715037 12.22 
21.3379 2 1 1 0x0 -1.0784 -0.6132 -1.08 -0.61 -0.0000 -0.0000 0.0000 0.1000 0.5007 -0.0324 -0.232590 -0.715012 12.22 
21.3479 2 1 1 0x0 -1.0783 -0.6131 -1.08 -0.61 -0.0000 -0.0000 0.0000 0.1000 0.5007 -0.0324 -0.232590 -0.715038 12.22 
21.3579 2 1 1 0x0 -1.0782 -0.6131 -1.08 -0.61 -0.0000 -0.0000 0.0000 0.1000 0.5007 -0.0324 -0.232590 -0.715058 12.22 
21.3679 2 1 1 0x0 -1.0782 -0.6130 -1.08 -0.61 -0.0000 -0.0000 0.0000 0.1000 0.5007 -0.0324 -0.232590 -0.715076 12.22 
21.3779 2 1 1 0x0 -1.0781 -0.6129 -1.08 -0.61 -0.0000 -0.0000 0.0000 0.1000 0.5007 -0.0324 -0.232590 -0.715060 12.22 
21.3879 2 1 1 0x0 -1.0780 -0.6128 -1.08 -0.61 -0.0000 -0.0000 0.0000 0.1000 0.5007 -0.0324 -0.232590 -0.715047 12.22 
21.3979 2 1 1 0x0 -1.0779 -0.6127 -1.08 -0.61 -0.0000 -0.0000 0.0000 0.1000 0.5007 -0.0324 -0.232590 -0.715059 12.22 
21.4079 2 1 1 0x0 -1.0778 -0.6127 -1.08 -0.61 -0.0000 -0.0000 0.0000 0.1000 0.5007 -0.0324 -0.232590 -0.715051 12.22 
21.4179 2 1 1 0x0 -1.0778 -0.6126 -1.08 -0.61 -0.0000 -0.0000 0.0000 0.1000 0.5007 -0.0324 -0.232590 -0.715055 12.21 
21.4279 2 1 1 0x0 -1.0777 -0.6125 -1.08 -0.61 -0.0000 -0.0000 0.0000 0.1000 0.5007 -0.0324 -0.232590 -0.715049 12.22 
21.4378 2 1 1 0x0 -1.0776 -0.6124 -1.08 -0.61 -0.0000 -0.0000 0.0000 0.1000 0.5007 -0.0324 -0.232590 -0.715056 12.22 
21.4478 2 1 1 0x0 -1.0775 -0.6123 -1.08 -0.61 -0.0000 -0.0000 0.0000 0.1000 0.5007 -0.0324 -0.232590 -0.715064 12.22 
21.4578 2 1 1 0x0 -1.0774 -0.6123 -1.08 -0.61 -0.0000 -0.0000 0.0000 0.1000 0.5007 -0.0324 -0.232590 -0.715056 12.22 
21.4678 2 1 1 0x0 -1.0774 -0.6122 -1.08 -0.61 -0.0000 -0.0000 0.0000 0.1000 0.5007 -0.0324 -0.232590 -0.715076 12.22 
21.4778 2 1 1 0x0 -1.0773 -0.6121 -1.08 -0.61 -0.0000 -0.0000 0.0000 0.1000 0.5007 -0.0324 -0.232590 -0.715073 12.22 
21.4878 2 1 1 0x0 -1.0772 -0.6120 -1.08 -0.61 -0.0000 -0.0000 0.0000 0.1000 0.5007 -0.0324 -0.232590 -0.715079 12.21 
21.4978 2 1 1 0x0 -1.0771 -0.6119 -1.08 -0.61 -0.0000 -0.0000 0.0000 0.1000 0.5007 -0.0324 -0.232590 -0.715089 12.22 
21.5078 2 1 1 0x0 -1.0770 -0.6119 -1.08 -0.61 -0.0000 -0.0000 0.0000 0.1000 0.5007 -0.0324 -0.232590 -0.715075 12.22 
21.5178 2 1 1 0x0 -1.0770 -0.6118 -1.08 -0.61 -0.0000 -0.0000 0.0000 0.1000 0.5007 -0.0324 -0.232590 -0.715081 12.22 
21.5278 2 1 1 0x0 -1.0769 -0.6117 -1.08 -0.61 -0.0000 -0.0000 0.0000 0.1000 0.5007 -0.0324 -0.232590 -0.715088 12.22 
21.5378 2 1 1 0x0 -1.0768 -0.6116 -1.08 -0.61 -0.0000 -0.0000 0.0000 0.1000 0.5007 -0.0324 -0.232590 -0.715072 12.22 
21.5478 2 1 1 0x0 -1.0767 -0.6115 -1.08 -0.61 -0.0000 -0.0000 0.0000 0.1000 0.5007 -0.0324 -0.232590 -0.715064 12.22 
21.5578 2 1 1 0x0 -1.0766 -0.6115 -1.08 -0.61 -0.0000 -0.0000 0.0000 0.1000 0.5007 -0.0324 -0.232590 -0.715075 12.22 
21.5678 2 1 1 0x0 -1.0766 -0.6114 -1.08 -0.61 -0.0000 -0.0000 0.0000 0.1000 0.5007 -0.0324 -0.232590 -0.715079 12.22 
21.5778 2 1 1 0x0 -1.0765 -0.6113 -1.08 -0.61 -0.0000 -0.0000 0.0000 0.1000 0.5007 -0.0324 -0.232590 -0.715069 12.23 
21.5878 2 1 1 0x0 -1.0764 -0.6112 -1.08 -0.61 -0.0000 -0.0000 0.0000 0.1000 0.5007 -0.0324 -0.232590 -0.715066 12.22 
21.5978 2 1 1 0x0 -1.0763 -0.6111 -1.08 -0.61 -0.0000 -0.0000 0.0000 0.1000 0.5007 -0.0324 -0.232590 -0.715050 12.22 
21.6078 2 1 1 0x0 -1.0762 -0.6111 -1.08 -0.61 -0.0000 -0.0000 0.0000 0.1000 0.5007 -0.0324 -0.232590 -0.715036 12.22 
21.6177 2 1 1 0x0 -1.0762 -0.6110 -1.08 -0.61 -0.0000 -0.0000 0.0000 0.1000 0.5007 -0.0324 -0.232590 -0.715045 12.22 
21.6277 2 1 1 0x0 -1.0761 -0.6109 -1.08 -0.61 -0.0000 -0.0000 0.0000 0.1000 0.5007 -0.0324 -0.232590 -0.715048 12.22 
21.6377 2 1 1 0x0 -1.0760 -0.6108 -1.08 -0.61 -0.0000 -0.0000 0.0000 0.1000 0.5007 -0.0324 -0.232590 -0.715043 12.22 
21.6477 2 1 1 0x0 -1.0759 -0.6107 -1.08 -0.61 -0.0000 -0.0000 0.0000 0.1000 0.5007 -0.0324 -0.232590 -0.715028 12.22 
21.6577 2 1 1 0x0 -1.0758 -0.6107 -1.08 -0.61 -0.0000 -0.0000 0.0000 0.1000 0.5007 -0.0324 -0.232590 -0.715039 12.22 
21.6677 2 1 1 0x0 -1.0758 -0.6106 -1.08 -0.61 -0.0000 -0.0000 0.0000 0.1000 0.5007 -0.0324 -0.232590 -0.715044 12.22 
21.6777 2 1 1 0x0 -1.0757 -0.6105 -1.08 -0.61 -0.0000 -0.0000 0.0000 0.1000 0.5007 -0.0324 -0.232590 -0.715061 12.22 
21.6877 2 1 1 0x0 -1.0756 -0.6104 -1.08 -0.61 -0.0000 -0.0000 0.0000 0.1000 0.5007 -0.0324 -0.232590 -0.715066 12.22 
21.6977 2 1 1 0x0 -1.0755 -0.6103 -1.08 -0.61 -0.0000 -0.0000 0.0000 0.1000 0.5007 -0.0324 -0.232590 -0.715044 12.22 
21.7077 2 1 1 0x0 -1.0754 -0.6103 -1.08 -0.61 -0.0000 -0.0000 0.0000 0.1000 0.5007 -0.0324 -0.232590 -0.715041 12.22 
21.7177 2 1 1 0x0 -1.0754 -0.6102 -1.08 -0.61 -0.0000 -0.0000 0.0000 0.1000 0.5007 -0.0324 -0.232590 -0.715054 12.22 
21.7277 2 1 1 0x0 -1.0753 -0.6101 -1.08 -0.61 -0.0000 -0.0000 0.0000 0.1000 0.5007 -0.0324 -0.232590 -0.715069 12.23 
21.7377 2 1 1 0x0 -1.0752 -0.6100 -1.08 -0.61 -0.0000 -0.0000 0.0000 0.1000 0.5007 -0.0324 -0.232590 -0.715065 12.22 
21.7477 2 1 1 0x0 -1.0751 -0.6099 -1.08 -0.61 -0.0000 -0.0000 0.0000 0.1000 0.5007 -0.0324 -0.232590 -0.715046 12.22 
21.7577 2 1 1 0x0 -1.0750 -0.6099 -1.08 -0.61 -0.0000 -0.0000 0.0000 0.1000 0.5007 -0.0324 -0.232590 -0.715046 12.22 
21.7677 2 1 1 0x0 -1.0750 -0.6098 -1.07 -0.61 -0.0000 -0.0000 0.0000 0.1000 0.5007 -0.0324 -0.232590 -0.715056 12.22 
21.7777 2 1 1 0x0 -1.0749 -0.6097 -1.07 -0.61 -0.0000 -0.0000 0.0000 0.1000 0.5007 -0.0324 -0.232590 -0.715062 12.22 
21.7877 2 1 1 0x0 -1.0748 -0.6096 -1.07 -0.61 -0.0000 -0.0000 0.0000 0.1000 0.5007 -0.0324 -0.232590 -0.715105 12.22 
21.7976 2 1 1 0x0 -1.0747 -0.6095 -1.07 -0.61 -0.0000 -0.0000 0.0000 0.1000 0.5007 -0.0324 -0.232590 -0.715104 12.22 
21.8076 2 1 1 0x0 -1.0746 -0.6095 -1.07 -0.61 -0.0000 -0.0000 0.0000 0.1000 0.5007 -0.0324 -0.232590 -0.715124 12.22 
21.8176 2 1 1 0x0 -1.0746 -0.6094 -1.07 -0.61 -0.0000 -0.0000 0.0000 0.1000 0.5007 -0.0324 -0.232590 -0.715117 12.22 
21.8276 2 1 1 0x0 -1.0745 -0.6093 -1.07 -0.61 -0.0000 -0.0000 0.0000 0.1000 0.5007 -0.0324 -0.232590 -0.715104 12.22 
21.8376 2 1 1 0x0 -1.0744 -0.6092 -1.07 -0.61 -0.0000 -0.0000 0.0000 0.1000 0.5007 -0.0324 -0.232590 -0.715115 12.22 
21.8476 2 1 1 0x0 -1.0743 -0.6091 -1.07 -0.61 -0.0000 -0.0000 0.0000 0.1000 0.5007 -0.0324 -0.232590 -0.715106 12.22 
21.8576 2 1 1 0x0 -1.0743 -0.6091 -1.07 -0.61 -0.0000 -0.0000 0.0000 0.1000 0.5007 -0.0324 -0.232590 -0.715134 12.22 
21.8676 2 1 1 0x0 -1.0742 -0.6090 -1.07 -0.61 -0.0000 -0.0000 0.0000 0.1000 0.5007 -0.0324 -0.232590 -0.715122 12.22 
21.8776 2 1 1 0x0 -1.0741 -0.6089 -1.07 -0.61 -0.0000 -0.0000 0.0000 0.1000 0.5007 -0.0324 -0.232590 -0.715115 12.22 
21.8876 2 1 1 0x0 -1.0740 -0.6088 -1.07 -0.61 -0.0000 -0.0000 0.0000 0.1000 0.5007 -0.0324 -0.232590 -0.715093 12.23 
21.8976 2 1 1 0x0 -1.0739 -0.6088 -1.07 -0.61 -0.0000 -0.0000 0.0000 0.1000 0.5007 -0.0324 -0.232590 -0.715098 12.22 
21.9076 2 1 1 0x0 -1.0739 -0.6087 -1.07 -0.61 -0.0000 -0.0000 0.0000 0.1000 0.5007 -0.0324 -0.232590 -0.715116 12.22 
21.9176 2 1 1 0x0 -1.0738 -0.6086 -1.07 -0.61 -0.0000 -0.0000 0.0000 0.1000 0.5007 -0.0324 -0.232590 -0.715102 12.22 
21.9276 2 1 1 0x0 -1.0737 -0.6085 -1.07 -0.61 -0.0000 -0.0000 0.0000 0.1000 0.5007 -0.0324 -0.232590 -0.715110 12.23 
21.9376 2 1 1 0x0 -1.0736 -0.6084 -1.07 -0.61 -0.0000 -0.0000 0.0000 0.1000 0.5007 -0.0324 -0.232590 -0.715127 12.22 
21.9476 2 1 1 0x0 -1.0735 -0.6084 -1.07 -0.61 -0.0000 -0.0000 0.0000 0.1000 0.5007 -0.0324 -0.232590 -0.715129 12.23 
21.9576 2 1 1 0x0 -1.0735 -0.6083 -1.07 -0.61 -0.0000 -0.0000 0.0000 0.1000 0.5007 -0.0324 -0.232590 -0.715142 12.22 
21.9676 2 1 1 0x0 -1.0734 -0.6082 -1.07 -0.61 -0.0000 -0.0000 0.0000 0.1000 0.5007 -0.0324 -0.232590 -0.715122 12.22 
21.9776 2 1 1 0x0 -1.0733 -0.6081 -1.07 -0.61 -0.0000 -0.0000 0.0000 0.1000 0.5007 -0.0324 -0.232590 -0.715099 12.23 
21.9875 2 1 1 0x0 -1.0732 -0.6080 -1.07 -0.61 -0.0000 -0.0000 0.0000 0.1000 0.5007 -0.0324 -0.232590 -0.715080 12.22 
21.9975 2 1 1 0x0 -1.0731 -0.6080 -1.07 -0.61 -0.0000 -0.0000 0.0000 0.1000 0.5007 -0.0324 -0.232590 -0.715090 12.22 
22.0075 2 1 1 0x0 -1.0731 -0.6079 -1.07 -0.61 -0.0000 -0.0000 0.0000 0.1000 0.5007 -0.0324 -0.232590 -0.715101 12.22 
22.0175 2 1 1 0x0 -1.0730 -0.6078 -1.07 -0.61 -0.0000 -0.0000 0.0000 0.1000 0.5007 -0.0324 -0.232590 -0.715085 12.22 
22.0275 2 1 1 0x0 -1.0729 -0.6077 -1.07 -0.61 -0.0000 -0.0000 0.0000 0.1000 0.5007 -0.0324 -0.232590 -0.715067 12.22 
22.0375 2 1 1 0x0 -1.0728 -0.6076 -1.07 -0.61 -0.0000 -0.0000 0.0000 0.1000 0.5007 -0.0324 -0.232590 -0.715063 12.22 
22.0475 2 1 1 0x0 -1.0727 -0.6076 -1.07 -0.61 -0.0000 -0.0000 0.0000 0.1000 0.5007 -0.0324 -0.232590 -0.715039 12.22 
22.0575 2 1 1 0x0 -1.0727 -0.6075 -1.07 -0.61 -0.0000 -0.0000 0.0000 0.1000 0.5007 -0.0324 -0.232590 -0.715050 12.22 
22.0675 2 1 1 0x0 -1.0726 -0.6074 -1.07 -0.61 -0.0000 -0.0000 0.0000 0.1000 0.5007 -0.0324 -0.232590 -0.715058 12.22 
22.0775 2 1 1 0x0 -1.0725 -0.6073 -1.07 -0.61 -0.0000 -0.0000 0.0000 0.1000 0.5007 -0.0324 -0.232590 -0.715050 12.22 
22.0875 2 1 1 0x0 -1.0724 -0.6072 -1.07 -0.61 -0.0000 -0.0000 0.0000 0.1000 0.5007 -0.0324 -0.232590 -0.715035 12.22 
22.0975 2 1 1 0x0 -1.0723 -0.6072 -1.07 -0.61 -0.0000 -0.0000 0.0000 0.1000 0.5007 -0.0324 -0.232590 -0.715015 12.22 
22.1075 2 1 1 0x0 -1.0723 -0.6071 -1.07 -0.61 -0.0000 -0.0000 0.0000 0.1000 0.5007 -0.0324 -0.232590 -0.715011 12.22 
22.1175 2 1 1 0x0 -1.0722 -0.6070 -1.07 -0.61 -0.0000 -0.0000 0.0000 0.1000 0.5007 -0.0324 -0.232590 -0.715008 12.22 
22.1275 2 1 1 0x0 -1.0721 -0.6069 -1.07 -0.61 -0.0000 -0.0000 0.0000 0.1000 0.5007 -0.0324 -0.232590 -0.714998 12.22 
22.1375 2 1 1 0x0 -1.0720 -0.6068 -1.07 -0.61 -0.0000 -0.0000 0.0000 0.1000 0.5007 -0.0324 -0.232590 -0.715006 12.23 
22.1475 2 1 1 0x0 -1.0719 -0.6068 -1.07 -0.61 -0.0000 -0.0000 0.0000 0.1000 0.5007 -0.0324 -0.232590 -0.715001 12.23 
22.1575 2 1 1 0x0 -1.0719 -0.6067 -1.07 -0.61 -0.0000 -0.0000 0.0000 0.1000 0.5007 -0.0324 -0.232590 -0.715006 12.22 
22.1674 2 1 1 0x0 -1.0718 -0.6066 -1.07 -0.61 -0.0000 -0.0000 0.0000 0.1000 0.5007 -0.0324 -0.232590 -0.715002 12.22 
22.1774 2 1 1 0x0 -1.0717 -0.6065 -1.07 -0.61 -0.0000 -0.0000 0.0000 0.1000 0.5007 -0.0324 -0.232590 -0.714995 12.22 
22.1874 2 1 1 0x0 -1.0716 -0.6064 -1.07 -0.61 -0.0000 -0.0000 0.0000 0.1000 0.5007 -0.0324 -0.232590 -0.714977 12.22 
22.1974 2 1 1 0x0 -1.0715 -0.6064 -1.07 -0.61 -0.0000 -0.0000 0.0000 0.1000 0.5007 -0.0324 -0.232590 -0.714979 12.22 
22.2074 2 1 1 0x0 -1.0715 -0.6063 -1.07 -0.61 -0.0000 -0.0000 0.0000 0.1000 0.5007 -0.0324 -0.232590 -0.714966 12.22 
22.2174 2 1 1 0x0 -1.0714 -0.6062 -1.07 -0.61 -0.0000 -0.0000 0.0000 0.1000 0.5007 -0.0324 -0.232590 -0.714976 12.22 
22.2274 2 1 1 0x0 -1.0713 -0.6061 -1.07 -0.61 -0.0000 -0.0000 0.0000 0.1000 0.5007 -0.0324 -0.232590 -0.714977 12.22 
22.2374 2 1 1 0x0 -1.0712 -0.6060 -1.07 -0.61 -0.0000 -0.0000 0.0000 0.1000 0.5007 -0.0324 -0.232590 -0.714971 12.22 
22.2474 2 1 1 0x0 -1.0711 -0.6060 -1.07 -0.61 -0.0000 -0.0000 0.0000 0.1000 0.5007 -0.0324 -0.232590 -0.714952 12.21 
22.2574 2 1 1 0x0 -1.0711 -0.6059 -1.07 -0.61 -0.0000 -0.0000 0.0000 0.1000 0.5007 -0.0324 -0.232590 -0.714950 12.22 
22.2674 2 1 1 0x0 -1.0710 -0.6058 -1.07 -0.61 -0.0000 -0.0000 0.0000 0.1000 0.5007 -0.0324 -0.232590 -0.714939 12.22 
22.2774 2 1 1 0x0 -1.0709 -0.6057 -1.07 -0.61 -0.0000 -0.0000 0.0000 0.1000 0.5007 -0.0324 -0.232590 -0.714947 12.22 
22.2874 2 1 1 0x0 -1.0708 -0.6056 -1.07 -0.61 -0.0000 -0.0000 0.0000 0.1000 0.5007 -0.0324 -0.232590 -0.714965 12.23 
22.2974 2 1 1 0x0 -1.0707 -0.6056 -1.07 -0.61 -0.0000 -0.0000 0.0000 0.1000 0.5007 -0.0324 -0.232590 -0.714979 12.22 
22.3074 2 1 1 0x0 -1.0707 -0.6055 -1.07 -0.61 -0.0000 -0.0000 0.0000 0.1000 0.5007 -0.0324 -0.232590 -0.714990 12.22 
22.3174 2 1 1 0x0 -1.0706 -0.6054 -1.07 -0.61 -0.0000 -0.0000 0.0000 0.1000 0.5007 -0.0324 -0.232590 -0.714997 12.22 
22.3274 2 1 1 0x0 -1.0705 -0.6053 -1.07 -0.61 -0.0000 -0.0000 0.0000 0.1000 0.5007 -0.0324 -0.232590 -0.714997 12.22 
22.3374 2 1 1 0x0 -1.0704 -0.6052 -1.07 -0.61 -0.0000 -0.0000 0.0000 0.1000 0.5007 -0.0324 -0.232590 -0.714983 12.22 
22.3473 2 1 1 0x0 -1.0703 -0.6052 -1.07 -0.61 -0.0000 -0.0000 0.0000 0.1000 0.5007 -0.0324 -0.232590 -0.714994 12.22 
22.3573 2 1 1 0x0 -1.0703 -0.6051 -1.07 -0.61 -0.0000 -0.0000 0.0000 0.1000 0.5007 -0.0324 -0.232590 -0.714990 12.23 
22.3673 2 1 1 0x0 -1.0702 -0.6050 -1.07 -0.60 -0.0000 -0.0000 0.0000 0.1000 0.5007 -0.0324 -0.232590 -0.714991 12.22 
22.3773 2 1 1 0x0 -1.0701 -0.6049 -1.07 -0.60 -0.0000 -0.0000 0.0000 0.1000 0.5007 -0.0324 -0.232590 -0.715011 12.22 
22.3873 2 1 1 0x0 -1.0700 -0.6048 -1.07 -0.60 -0.0000 -0.0000 0.0000 0.1000 0.5007 -0.0324 -0.232590 -0.715015 12.22 
22.3973 2 1 1 0x0 -1.0699 -0.6048 -1.07 -0.60 -0.0000 -0.0000 0.0000 0.1000 0.5007 -0.0324 -0.232590 -0.714990 12.22 
22.4073 2 1 1 0x0 -1.0699 -0.6047 -1.07 -0.60 -0.0000 -0.0000 0.0000 0.1000 0.5007 -0.0324 -0.232590 -0.714963 12.23 
22.4173 2 1 1 0x0 -1.0698 -0.6046 -1.07 -0.60 -0.0000 -0.0000 0.0000 0.1000 0.5007 -0.0324 -0.232590 -0.714962 12.22 
22.4273 2 1 1 0x0 -1.0697 -0.6045 -1.07 -0.60 -0.0000 -0.0000 0.0000 0.1000 0.5007 -0.0324 -0.232590 -0.714975 12.22 
22.4373 2 1 1 0x0 -1.0696 -0.6044 -1.07 -0.60 -0.0000 -0.0000 0.0000 0.1000 0.5007 -0.0324 -0.232590 -0.714984 12.22 
22.4473 2 1 1 0x0 -1.0695 -0.6044 -1.07 -0.60 -0.0000 -0.0000 0.0000 0.1000 0.5007 -0.0324 -0.232590 -0.714981 12.23 
22.4573 2 1 1 0x0 -1.0695 -0.6043 -1.07 -0.60 -0.0000 -0.0000 0.0000 0.1000 0.5007 -0.0324 -0.232590 -0.714989 12.22 
22.4673 2 1 1 0x0 -1.0694 -0.6042 -1.07 -0.60 -0.0000 -0.0000 0.0000 0.1000 0.5007 -0.0324 -0.232590 -0.714984 12.22 
22.4773 2 1 1 0x0 -1.0693 -0.6041 -1.07 -0.60 -0.0000 -0.0000 0.0000 0.1000 0.5007 -0.0324 -0.232590 -0.714984 12.22 
22.4873 2 1 1 0x0 -1.0692 -0.6040 -1.07 -0.60 -0.0000 -0.0000 0.0000 0.1000 0.5007 -0.0324 -0.232590 -0.715009 12.22 
22.4973 2 1 1 0x0 -1.0691 -0.6040 -1.07 -0.60 -0.0000 -0.0000 0.0000 0.1000 0.5007 -0.0324 -0.232590 -0.715007 12.22 
22.5073 2 1 1 0x0 -1.0691 -0.6039 -1.07 -0.60 -0.0000 -0.0000 0.0000 0.1000 0.5007 -0.0324 -0.232590 -0.715016 12.22 
22.5173 2 1 1 0x0 -1.0690 -0.6038 -1.07 -0.60 -0.0000 -0.0000 0.0000 0.1000 0.5007 -0.0324 -0.232590 -0.715016 12.22 
22.5272 2 1 1 0x0 -1.0689 -0.6037 -1.07 -0.60 -0.0000 -0.0000 0.0000 0.1000 0.5007 -0.0324 -0.232590 -0.715021 12.22 
22.5372 2 1 1 0x0 -1.0688 -0.6036 -1.07 -0.60 -0.0000 -0.0000 0.0000 0.1000 0.5007 -0.0324 -0.232590 -0.715027 12.22 
22.5472 2 1 1 0x0 -1.0687 -0.6036 -1.07 -0.60 -0.0000 -0.0000 0.0000 0.1000 0.5007 -0.0324 -0.232590 -0.715006 12.22 
22.5572 2 1 1 0x0 -1.0687 -0.6035 -1.07 -0.60 -0.0000 -0.0000 0.0055 0.1000 0.5007 -0.0324 -0.232590 -0.714987 12.22 
22.5672 2 1 1 0x0 -1.0686 -0.6034 -1.07 -0.60 -0.0000 -0.0000 0.0155 0.1000 0.5007 -0.0324 -0.232590 -0.714964 12.22 
22.5772 2 1 1 0x0 -1.0685 -0.6033 -1.07 -0.60 -0.0108 -0.0000 0.0255 0.1000 0.5007 -0.0324 -0.232590 -0.714961 12.22 
22.5872 2 1 1 0x0 -1.0684 -0.6032 -1.07 -0.60 -0.0108 -0.0000 0.0355 0.1000 0.5007 -0.0324 -0.232590 -0.714948 12.22 
22.5972 2 1 1 0x0 -1.0683 -0.6032 -1.07 -0.60 -0.0108 -0.0000 0.0455 0.1000 0.5007 -0.0324 -0.232590 -0.714941 12.22 
22.6072 2 1 1 0x0 -1.0683 -0.6031 -1.07 -0.60 -0.0108 -0.0000 0.0555 0.1000 0.5007 -0.0324 -0.232590 -0.714936 12.21 
22.6172 2 1 1 0x0 -1.0682 -0.6030 -1.07 -0.60 -0.0087 -0.0000 0.0655 0.1000 0.5007 -0.0324 -0.232590 -0.714927 12.22 
22.6272 2 1 1 0x0 -1.0681 -0.6029 -1.07 -0.60 -0.0072 -0.0000 0.0755 0.1000 0.5007 -0.0324 -0.232590 -0.714938 12.22 
22.6372 2 1 1 0x0 -1.0680 -0.6028 -1.07 -0.60 -0.0061 -0.0000 0.0855 0.1000 0.5007 -0.0324 -0.232590 -0.714947 12.23 
22.6472 2 1 1 0x0 -1.0679 -0.6028 -1.07 -0.60 -0.0053 -0.0000 0.0955 0.1000 0.5007 -0.0324 -0.232590 -0.714980 12.23 
22.6572 2 1 1 0x0 -1.0679 -0.6027 -1.07 -0.60 -0.0047 -0.0000 0.1000 0.1000 0.5007 -0.0324 -0.232590 -0.714945 12.23 
22.6672 2 1 1 0x0 -1.0678 -0.6026 -1.07 -0.60 -0.0042 -0.0000 0.1000 0.1000 0.5007 -0.0324 -0.232590 -0.714949 12.23 
22.6772 2 1 1 0x0 -1.0677 -0.6025 -1.07 -0.60 -0.0038 -0.0000 0.1000 0.1000 0.5007 -0.0324 -0.232590 -0.714954 12.22 
22.6872 2 1 1 0x0 -1.0676 -0.6024 -1.07 -0.60 -0.0035 -0.0000 0.1000 0.1000 0.5007 -0.0324 -0.232590 -0.714964 12.23 
22.6972 2 1 1 0x0 -1.0675 -0.6024 -1.07 -0.60 -0.0032 -0.0000 0.1000 0.1000 0.5007 -0.0324 -0.232590 -0.714949 12.23 
22.7071 2 1 1 0x0 -1.0675 -0.6023 -1.07 -0.60 -0.0030 -0.0000 0.1000 0.1000 0.5007 -0.0324 -0.232590 -0.714963 12.22 
22.7171 2 1 1 0x0 -1.0674 -0.6022 -1.07 -0.60 -0.0028 -0.0000 0.1000 0.1000 0.5007 -0.0324 -0.232590 -0.714955 12.22 
22.7271 2 1 1 0x0 -1.0673 -0.6021 -1.07 -0.60 -0.0026 -0.0000 0.1000 0.1000 0.5007 -0.0324 -0.232590 -0.714965 12.22 
22.7371 2 1 1 0x0 -1.0672 -0.6020 -1.07 -0.60 -0.0024 -0.0000 0.1000 0.1000 0.5007 -0.0324 -0.232590 -0.714936 12.22 
22.7471 2 1 1 0x0 -1.0671 -0.6020 -1.07 -0.60 -0.0023 -0.0000 0.1000 0.1000 0.5007 -0.0324 -0.232590 -0.714930 12.22 
22.7571 2 1 1 0x0 -1.0671 -0.6019 -1.07 -0.60 -0.0022 -0.0000 0.1000 0.1000 0.5007 -0.0324 -0.232590 -0.714936 12.22 
22.7671 2 1 1 0x0 -1.0670 -0.6018 -1.07 -0.60 -0.0021 -0.0000 0.1000 0.1000 0.5007 -0.0324 -0.232590 -0.714946 12.22 
22.7771 2 1 1 0x0 -1.0669 -0.6017 -1.07 -0.60 -0.0000 -0.0000 0.1000 0.1000 0.5007 -0.0324 -0.232590 -0.714987 12.22 
22.7871 2 1 1 0x0 -1.0668 -0.6016 -1.07 -0.60 -0.0000 -0.0000 0.1000 0.1000 0.5007 -0.0324 -0.232590 -0.715000 12.22 
22.7971 2 1 1 0x0 -1.0667 -0.6016 -1.07 -0.60 -0.0000 -0.0000 0.1000 0.1000 0.5007 -0.0324 -0.232590 -0.714999 12.22 
22.8071 2 1 1 0x0 -1.0667 -0.6015 -1.07 -0.60 -0.0000 -0.0000 0.1000 0.1000 0.5007 -0.0324 -0.232590 -0.715016 12.22 
22.8171 2 1 1 0x0 -1.0666 -0.6014 -1.07 -0.60 -0.0000 -0.0000 0.1000 0.1000 0.5007 -0.0324 -0.232590 -0.714999 12.22 
22.8271 2 1 1 0x0 -1.0665 -0.6013 -1.07 -0.60 -0.0000 -0.0000 0.1000 0.1000 0.5007 -0.0324 -0.232590 -0.714990 12.22 
22.8371 2 1 1 0x0 -1.0664 -0.6012 -1.07 -0.60 -0.0000 -0.0000 0.1000 0.1000 0.5007 -0.0324 -0.232590 -0.715008 12.22 
22.8471 2 1 1 0x0 -1.0663 -0.6012 -1.07 -0.60 -0.0000 -0.0000 0.1000 0.1000 0.5007 -0.0324 -0.232590 -0.715025 12.22 
22.8571 2 1 1 0x0 -1.0663 -0.6011 -1.07 -0.60 -0.0000 -0.0000 0.1000 0.1000 0.5007 -0.0324 -0.232590 -0.714993 12.22 
22.8671 2 1 1 0x0 -1.0662 -0.6010 -1.07 -0.60 -0.0000 -0.0000 0.1000 0.1000 0.5007 -0.0324 -0.232590 -0.714955 12.22 
22.8771 2 1 1 0x0 -1.0661 -0.6009 -1.07 -0.60 -0.0000 -0.0000 0.1000 0.1000 0.5007 -0.0324 -0.232590 -0.714948 12.22 
22.8871 2 1 1 0x0 -1.0660 -0.6008 -1.07 -0.60 -0.0000 -0.0000 0.1000 0.1000 0.5007 -0.0324 -0.232590 -0.714961 12.22 
22.8970 2 1 1 0x0 -1.0659 -0.6008 -1.07 -0.60 -0.0000 -0.0000 0.1000 0.1000 0.5007 -0.0324 -0.232590 -0.714976 12.22 
22.9070 2 1 1 0x0 -1.0659 -0.6007 -1.07 -0.60 -0.0000 -0.0000 0.1000 0.1000 0.5007 -0.0324 -0.232590 -0.714966 12.22 
22.9170 2 1 1 0x0 -1.0658 -0.6006 -1.07 -0.60 -0.0000 -0.0000 0.1000 0.1000 0.5007 -0.0324 -0.232590 -0.714976 12.22 
22.9270 2 1 1 0x0 -1.0657 -0.6005 -1.07 -0.60 -0.0000 -0.0000 0.1000 0.1000 0.5007 -0.0324 -0.232590 -0.714993 12.23 
22.9370 2 1 1 0x0 -1.0656 -0.6004 -1.07 -0.60 -0.0000 -0.0000 0.1000 0.1000 0.5007 -0.0324 -0.232590 -0.714983 12.23 
22.9470 2 1 1 0x0 -1.0655 -0.6004 -1.07 -0.60 -0.0000 -0.0000 0.1000 0.1000 0.5007 -0.0324 -0.232590 -0.714959 12.23 
22.9570 2 1 1 0x0 -1.0655 -0.6003 -1.07 -0.60 -0.0000 -0.0000 0.1000 0.1000 0.5007 -0.0324 -0.232590 -0.714974 12.22 
22.9670 2 1 1 0x0 -1.0654 -0.6002 -1.07 -0.60 -0.0000 -0.0000 0.1000 0.1000 0.5007 -0.0324 -0.232590 -0.714975 12.22 
22.9770 2 1 1 0x0 -1.0653 -0.6001 -1.07 -0.60 -0.0000 -0.0000 0.1000 0.1000 0.5007 -0.0324 -0.232590 -0.714968 12.22 
22.9870 2 1 1 0x0 -1.0652 -0.6000 -1.07 -0.60 -0.0000 -0.0000 0.1000 0.1000 0.5007 -0.0324 -0.232590 -0.714954 12.22 
22.9970 2 1 1 0x0 -1.0651 -0.6000 -1.07 -0.60 -0.0000 -0.0000 0.1000 0.1000 0.5007 -0.0324 -0.232590 -0.714936 12.22 
23.0070 2 1 1 0x0 -1.0651 -0.5999 -1.07 -0.60 -0.0000 -0.0000 0.1000 0.1000 0.5007 -0.0324 -0.232590 -0.714972 12.22 
23.0170 2 1 1 0x0 -1.0650 -0.5998 -1.06 -0.60 -0.0000 -0.0000 0.1000 0.1000 0.5007 -0.0324 -0.232590 -0.714970 12.21 
23.0270 2 1 1 0x0 -1.0649 -0.5997 -1.06 -0.60 -0.0000 -0.0000 0.1000 0.1000 0.5007 -0.0324 -0.232590 -0.714948 12.22 
23.0370 2 1 1 0x0 -1.0648 -0.5996 -1.06 -0.60 -0.0000 -0.0000 0.1000 0.1000 0.5007 -0.0324 -0.232590 -0.714963 12.22 
23.0470 2 1 1 0x0 -1.0647 -0.5996 -1.06 -0.60 -0.0000 -0.0000 0.1000 0.1000 0.5007 -0.0324 -0.232590 -0.714976 12.22 
23.0570 2 1 1 0x0 -1.0647 -0.5995 -1.06 -0.60 -0.0000 -0.0000 0.1000 0.1000 0.5007 -0.0324 -0.232590 -0.714985 12.22 
23.0670 2 1 1 0x0 -1.0646 -0.5994 -1.06 -0.60 -0.0000 -0.0000 0.1000 0.1000 0.5007 -0.0324 -0.232590 -0.714998 12.22 
23.0769 2 1 1 0x0 -1.0645 -0.5993 -1.06 -0.60 -0.0000 -0.0000 0.1000 0.1000 0.5007 -0.0324 -0.232590 -0.714984 12.22 
23.0869 2 1 1 0x0 -1.0644 -0.5992 -1.06 -0.60 -0.0000 -0.0000 0.1000 0.1000 0.5007 -0.0324 -0.232590 -0.714977 12.22 
23.0969 2 1 1 0x0 -1.0643 -0.5992 -1.06 -0.60 -0.0000 -0.0000 0.1000 0.1000 0.5007 -0.0324 -0.232590 -0.714974 12.22 
23.1069 2 1 1 0x0 -1.0643 -0.5991 -1.06 -0.60 -0.0000 -0.0000 0.1000 0.1000 0.5007 -0.0324 -0.232590 -0.714995 12.22 
23.1169 2 1 1 0x0 -1.0642 -0.5990 -1.06 -0.60 -0.0000 -0.0000 0.1000 0.1000 0.5007 -0.0324 -0.232590 -0.715013 12.22 
23.1269 2 1 1 0x0 -1.0641 -0.5989 -1.06 -0.60 -0.0000 -0.0000 0.1000 0.1000 0.5007 -0.0324 -0.232590 -0.715018 12.22 
23.1369 2 1 1 0x0 -1.0640 -0.5988 -1.06 -0.60 -0.0000 -0.0000 0.1000 0.1000 0.5007 -0.0324 -0.232590 -0.715004 12.22 
23.1469 2 1 1 0x0 -1.0639 -0.5988 -1.06 -0.60 -0.0000 -0.0000 0.1000 0.1000 0.5007 -0.0324 -0.232590 -0.714998 12.23 
23.1569 2 1 1 0x0 -1.0639 -0.5987 -1.06 -0.60 -0.0000 -0.0000 0.1000 0.1000 0.5007 -0.0324 -0.232590 -0.715004 12.22 
23.1669 2 1 1 0x0 -1.0638 -0.5986 -1.06 -0.60 -0.0000 -0.0000 0.1000 0.1000 0.5007 -0.0324 -0.232590 -0.715005 12.22 
23.1769 2 1 1 0x0 -1.0637 -0.5985 -1.06 -0.60 -0.0000 -0.0000 0.1000 0.1000 0.5007 -0.0324 -0.232590 -0.715046 12.22 
23.1869 2 1 1 0x0 -1.0636 -0.5984 -1.06 -0.60 -0.0000 -0.0000 0.1000 0.1000 0.5007 -0.0324 -0.232590 -0.715062 12.22 
23.1969 2 1 1 0x0 -1.0635 -0.5984 -1.06 -0.60 -0.0000 -0.0000 0.1000 0.1000 0.5007 -0.0324 -0.232590 -0.715064 12.22 
23.2069 2 1 1 0x0 -1.0635 -0.5983 -1.06 -0.60 -0.0000 -0.0000 0.1000 0.1000 0.5007 -0.0324 -0.232590 -0.715036 12.22 
23.2169 2 1 1 0x0 -1.0634 -0.5982 -1.06 -0.60 -0.0000 -0.0000 0.1000 0.1000 0.5007 -0.0324 -0.232590 -0.715045 12.22 
23.2269 2 1 1 0x0 -1.0633 -0.5981 -1.06 -0.60 -0.0000 -0.0000 0.1000 0.1000 0.5007 -0.0324 -0.232590 -0.715054 12.22 
23.2369 2 1 1 0x0 -1.0632 -0.5980 -1.06 -0.60 -0.0000 -0.0000 0.1000 0.1000 0.5007 -0.0324 -0.232590 -0.715049 12.22 
23.2469 2 1 1 0x0 -1.0631 -0.5980 -1.06 -0.60 -0.0000 -0.0000 0.1000 0.1000 0.5007 -0.0324 -0.232590 -0.715062 12.22 
23.2568 2 1 1 0x0 -1.0631 -0.5979 -1.06 -0.60 -0.0000 -0.0000 0.1000 0.1000 0.5007 -0.0324 -0.232590 -0.715077 12.23 
23.2668 2 1 1 0x0 -1.0630 -0.5978 -1.06 -0.60 -0.0000 -0.0000 0.1000 0.1000 0.5007 -0.0324 -0.232590 -0.715095 12.22 
23.2768 2 1 1 0x0 -1.0629 -0.5977 -1.06 -0.60 -0.0000 -0.0000 0.1000 0.1000 0.5007 -0.0324 -0.232590 -0.715103 12.22 
23.2868 2 1 1 0x0 -1.0628 -0.5976 -1.06 -0.60 -0.0000 -0.0000 0.1000 0.1000 0.5007 -0.0324 -0.232590 -0.715105 12.22 
23.2968 2 1 1 0x0 -1.0627 -0.5976 -1.06 -0.60 -0.0000 -0.0000 0.1000 0.1000 0.5007 -0.0324 -0.232590 -0.715106 12.23 
23.3068 2 1 1 0x0 -1.0627 -0.5975 -1.06 -0.60 -0.0000 -0.0000 0.1000 0.1000 0.5007 -0.0324 -0.232590 -0.715125 12.22 
23.3168 2 1 1 0x0 -1.0626 -0.5974 -1.06 -0.60 -0.0000 -0.0000 0.1000 0.1000 0.5007 -0.0324 -0.232590 -0.715105 12.22 
23.3268 2 1 1 0x0 -1.0625 -0.5973 -1.06 -0.60 -0.0000 -0.0000 0.1000 0.1000 0.5007 -0.0324 -0.232590 -0.715101 12.22 
23.3368 2 1 1 0x0 -1.0624 -0.5972 -1.06 -0.60 -0.0000 -0.0000 0.1000 0.1000 0.5007 -0.0324 -0.232590 -0.715108 12.22 
23.3468 2 1 1 0x0 -1.0623 -0.5972 -1.06 -0.60 -0.0000 -0.0000 0.1000 0.1000 0.5007 -0.0324 -0.232590 -0.715113 12.22 
23.3568 2 1 1 0x0 -1.0623 -0.5971 -1.06 -0.60 -0.0000 -0.0000 0.1000 0.1000 0.5007 -0.0324 -0.232590 -0.715108 12.22 
23.3668 2 1 1 0x0 -1.0622 -0.5970 -1.06 -0.60 -0.0000 -0.0000 0.1000 0.1000 0.5007 -0.0324 -0.232590 -0.715095 12.22 
23.3768 2 1 1 0x0 -1.0621 -0.5969 -1.06 -0.60 -0.0000 -0.0000 0.1000 0.1000 0.5007 -0.0324 -0.232590 -0.715083 12.21 
23.3868 2 1 1 0x0 -1.0620 -0.5968 -1.06 -0.60 -0.0000 -0.0000 0.1000 0.1000 0.5007 -0.0324 -0.232590 -0.715073 12.22 
23.3968 2 1 1 0x0 -1.0620 -0.5968 -1.06 -0.60 -0.0000 -0.0000 0.1000 0.1000 0.5007 -0.0324 -0.232590 -0.715064 12.22 
23.4068 2 1 1 0x0 -1.0619 -0.5967 -1.06 -0.60 -0.0000 -0.0000 0.1000 0.1000 0.5007 -0.0324 -0.232590 -0.715062 12.22 
23.4168 2 1 1 0x0 -1.0618 -0.5966 -1.06 -0.60 -0.0000 -0.0000 0.1000 0.1000 0.5007 -0.0324 -0.232590 -0.715042 12.22 
23.4268 2 1 1 0x0 -1.0617 -0.5965 -1.06 -0.60 -0.0000 -0.0000 0.1000 0.1000 0.5007 -0.0324 -0.232590 -0.715042 12.22 
23.4367 2 1 1 0x0 -1.0616 -0.5965 -1.06 -0.60 -0.0000 -0.0000 0.1000 0.1000 0.5007 -0.0324 -0.232590 -0.715045 12.23 
23.4467 2 1 1 0x0 -1.0616 -0.5964 -1.06 -0.60 -0.0000 -0.0000 0.1000 0.1000 0.5007 -0.0324 -0.232590 -0.715049 12.22 
23.4567 2 1 1 0x0 -1.0615 -0.5963 -1.06 -0.60 -0.0000 -0.0000 0.1000 0.1000 0.5007 -0.0324 -0.232590 -0.715031 12.22 
23.4667 2 1 1 0x0 -1.0614 -0.5962 -1.06 -0.60 -0.0000 -0.0000 0.1000 0.1000 0.5007 -0.0324 -0.232590 -0.715037 12.22 
23.4767 2 1 1 0x0 -1.0613 -0.5961 -1.06 -0.60 -0.0000 -0.0000 0.1000 0.1000 0.5007 -0.0324 -0.232590 -0.715046 12.22 
23.4867 2 1 1 0x0 -1.0612 -0.5961 -1.06 -0.60 -0.0000 -0.0000 0.1000 0.1000 0.5007 -0.0324 -0.232590 -0.715039 12.22 
23.4967 2 1 1 0x0 -1.0612 -0.5960 -1.06 -0.60 -0.0000 -0.0000 0.1000 0.1000 0.5007 -0.0324 -0.232590 -0.715048 12.22 
23.5067 2 1 1 0x0 -1.0611 -0.5959 -1.06 -0.60 -0.0000 -0.0000 0.1000 0.1000 0.5007 -0.0324 -0.232590 -0.715062 12.21 
23.5167 2 1 1 0x0 -1.0610 -0.5958 -1.06 -0.60 -0.0000 -0.0000 0.1000 0.1000 0.5007 -0.0324 -0.232590 -0.715079 12.22 
23.5267 2 1 1 0x0 -1.0609 -0.5957 -1.06 -0.60 -0.0000 -0.0000 0.1000 0.1000 0.5007 -0.0324 -0.232590 -0.715078 12.22 
23.5367 2 1 1 0x0 -1.0608 -0.5957 -1.06 -0.60 -0.0000 -0.0000 0.1000 0.1000 0.5007 -0.0324 -0.232590 -0.715096 12.22 
23.5467 2 1 1 0x0 -1.0608 -0.5956 -1.06 -0.60 -0.0000 -0.0000 0.1000 0.1000 0.5007 -0.0324 -0.232590 -0.715106 12.22 
23.5567 2 1 1 0x0 -1.0607 -0.5955 -1.06 -0.60 -0.0000 -0.0000 0.1000 0.1000 0.5007 -0.0324 -0.232590 -0.715129 12.22 
23.5667 2 1 1 0x0 -1.0606 -0.5954 -1.06 -0.60 -0.0000 -0.0000 0.1000 0.1000 0.5007 -0.0324 -0.232590 -0.715144 12.22 
23.5767 2 1 1 0x0 -1.0605 -0.5953 -1.06 -0.60 -0.0000 -0.0000 0.1000 0.1000 0.5007 -0.0324 -0.232590 -0.715173 12.22 
23.5867 2 1 1 0x0 -1.0604 -0.5953 -1.06 -0.60 -0.0000 -0.0000 0.1000 0.1000 0.5007 -0.0324 -0.232590 -0.715176 12.23 
23.5967 2 1 1 0x0 -1.0604 -0.5952 -1.06 -0.60 -0.0000 -0.0000 0.1000 0.1000 0.5007 -0.0324 -0.232590 -0.715176 12.22 
23.6067 2 1 1 0x0 -1.0603 -0.5951 -1.06 -0.60 -0.0000 -0.0000 0.1000 0.1000 0.5007 -0.0324 -0.232590 -0.715182 12.22 
23.6166 2 1 1 0x0 -1.0602 -0.5950 -1.06 -0.60 -0.0000 -0.0000 0.1000 0.1000 0.5007 -0.0324 -0.232590 -0.715180 12.22 
23.6266 2 1 1 0x0 -1.0601 -0.5949 -1.06 -0.59 -0.0000 -0.0000 0.1000 0.1000 0.5007 -0.0324 -0.232590 -0.715168 12.22 
23.6366 2 1 1 0x0 -1.0600 -0.5949 -1.06 -0.59 -0.0000 -0.0000 0.1000 0.1000 0.5007 -0.0324 -0.232590 -0.715175 12.22 
23.6466 2 1 1 0x0 -1.0600 -0.5948 -1.06 -0.59 -0.0000 -0.0000 0.1000 0.1000 0.5007 -0.0324 -0.232590 -0.715192 12.23 
23.6566 2 1 1 0x0 -1.0599 -0.5947 -1.06 -0.59 -0.0000 -0.0000 0.1000 0.1000 0.5007 -0.0324 -0.232590 -0.715181 12.22 
23.6666 2 1 1 0x0 -1.0598 -0.5946 -1.06 -0.59 -0.0000 -0.0000 0.1000 0.1000 0.5007 -0.0324 -0.232590 -0.715198 12.22 
23.6766 2 1 1 0x0 -1.0597 -0.5945 -1.06 -0.59 -0.0000 -0.0000 0.1000 0.1000 0.5007 -0.0324 -0.232590 -0.715213 12.22 
23.6866 2 1 1 0x0 -1.0596 -0.5945 -1.06 -0.59 -0.0000 -0.0000 0.1000 0.1000 0.5007 -0.0324 -0.232590 -0.715217 12.22 
23.6966 2 1 1 0x0 -1.0596 -0.5944 -1.06 -0.59 -0.0000 -0.0000 0.1000 0.1000 0.5007 -0.0324 -0.232590 -0.715210 12.22 
23.7066 2 1 1 0x0 -1.0595 -0.5943 -1.06 -0.59 -0.0000 -0.0000 0.1000 0.1000 0.5007 -0.0324 -0.232590 -0.715216 12.23 
23.7166 2 1 1 0x0 -1.0594 -0.5942 -1.06 -0.59 -0.0000 -0.0000 0.1000 0.1000 0.5007 -0.0324 -0.232590 -0.715209 12.22 
23.7266 2 1 1 0x0 -1.0593 -0.5941 -1.06 -0.59 -0.0000 -0.0000 0.1000 0.1000 0.5007 -0.0324 -0.232590 -0.715213 12.22 
23.7366 2 1 1 0x0 -1.0592 -0.5941 -1.06 -0.59 -0.0000 -0.0000 0.1000 0.1000 0.5007 -0.0324 -0.232590 -0.715213 12.22 
23.7466 2 1 1 0x0 -1.0592 -0.5940 -1.06 -0.59 -0.0000 -0.0000 0.1000 0.1000 0.5007 -0.0324 -0.232590 -0.715219 12.22 
23.7566 2 1 1 0x0 -1.0591 -0.5939 -1.06 -0.59 -0.0000 -0.0000 0.1000 0.1000 0.5007 -0.0324 -0.232590 -0.715231 12.22 
23.7666 2 1 1 0x0 -1.0590 -0.5938 -1.06 -0.59 -0.0000 -0.0000 0.1000 0.1000 0.5007 -0.0324 -0.232590 -0.715244 12.23 
23.7766 2 1 1 0x0 -1.0589 -0.5937 -1.06 -0.59 -0.0000 -0.0000 0.1000 0.1000 0.5007 -0.0324 -0.232590 -0.715240 12.22 
23.7866 2 1 1 0x0 -1.0588 -0.5937 -1.06 -0.59 -0.0000 -0.0000 0.1000 0.1000 0.5007 -0.0324 -0.232590 -0.715249 12.22 
23.7966 2 1 1 0x0 -1.0588 -0.5936 -1.06 -0.59 -0.0000 -0.0000 0.1000 0.1000 0.5007 -0.0324 -0.232590 -0.715261 12.22 
23.8065 2 1 1 0x0 -1.0587 -0.5935 -1.06 -0.59 -0.0000 -0.0000 0.1000 0.1000 0.5007 -0.0324 -0.232590 -0.715260 12.22 
23.8165 2 1 1 0x0 -1.0586 -0.5934 -1.06 -0.59 -0.0000 -0.0000 0.1000 0.1000 0.5007 -0.0324 -0.232590 -0.715247 12.22 
23.8265 2 1 1 0x0 -1.0585 -0.5933 -1.06 -0.59 -0.0000 -0.0000 0.1000 0.1000 0.5007 -0.0324 -0.232590 -0.715236 12.22 
23.8365 2 1 1 0x0 -1.0584 -0.5933 -1.06 -0.59 -0.0000 -0.0000 0.1000 0.1000 0.5007 -0.0324 -0.232590 -0.715221 12.22 
23.8465 2 1 1 0x0 -1.0584 -0.5932 -1.06 -0.59 -0.0000 -0.0000 0.1000 0.1000 0.5007 -0.0324 -0.232590 -0.715224 12.22 
23.8565 2 1 1 0x0 -1.0583 -0.5931 -1.06 -0.59 -0.0000 -0.0000 0.1000 0.1000 0.5007 -0.0324 -0.232590 -0.715245 12.22 
23.8665 2 1 1 0x0 -1.0582 -0.5930 -1.06 -0.59 -0.0000 -0.0000 0.1000 0.1000 0.5007 -0.0324 -0.232590 -0.715236 12.22 
23.8765 2 1 1 0x0 -1.0581 -0.5929 -1.06 -0.59 -0.0000 -0.0000 0.1000 0.1000 0.5007 -0.0324 -0.232590 -0.715227 12.22 
23.8865 2 1 1 0x0 -1.0580 -0.5929 -1.06 -0.59 -0.0000 -0.0000 0.1000 0.1000 0.5007 -0.0324 -0.232590 -0.715239 12.22 
23.8965 2 1 1 0x0 -1.0580 -0.5928 -1.06 -0.59 -0.0000 -0.0000 0.1000 0.1000 0.5007 -0.0324 -0.232590 -0.715248 12.22 
23.9065 2 1 1 0x0 -1.0579 -0.5927 -1.06 -0.59 -0.0000 -0.0000 0.1000 0.0000 0.5007 -0.0324 -0.232590 -0.715210 12.22 
23.9165 2 1 1 0x0 -1.0578 -0.5926 -1.06 -0.59 -0.0000 -0.0000 0.1000 0.0000 0.5007 -0.0324 -0.232590 -0.715214 12.23 
23.9265 2 1 1 0x0 -1.0577 -0.5925 -1.06 -0.59 -0.0000 -0.0000 0.1000 0.0000 0.5007 -0.0324 -0.232590 -0.715228 12.22 
23.9365 2 1 1 0x0 -1.0576 -0.5925 -1.06 -0.59 -0.0000 -0.0000 0.1000 0.0000 0.5007 -0.0324 -0.232590 -0.715202 12.22 
23.9465 2 1 1 0x0 -1.0576 -0.5924 -1.06 -0.59 -0.0000 -0.0000 0.1000 0.0000 0.5007 -0.0324 -0.232590 -0.715190 12.22 
23.9565 2 1 1 0x0 -1.0575 -0.5923 -1.06 -0.59 -0.0000 -0.0000 0.1000 0.0000 0.5007 -0.0324 -0.232590 -0.715179 12.22 
23.9665 2 1 1 0x0 -1.0574 -0.5922 -1.06 -0.59 -0.0000 -0.0000 0.1000 0.0000 0.5007 -0.0324 -0.232590 -0.715164 12.22 
23.9765 2 1 1 0x0 -1.0573 -0.5921 -1.06 -0.59 -0.0000 -0.0000 0.1000 0.0000 0.5007 -0.0324 -0.232590 -0.715172 12.22 
23.9864 2 1 1 0x0 -1.0572 -0.5921 -1.06 -0.59 -0.0000 -0.0000 0.1000 0.0000 0.5007 -0.0324 -0.232590 -0.715180 12.22 
23.9964 2 1 1 0x0 -1.0572 -0.5920 -1.06 -0.59 -0.0000 -0.0000 0.1000 0.0000 0.5007 -0.0324 -0.232590 -0.715172 12.22 
24.0064 2 1 1 0x0 -1.0571 -0.5919 -1.06 -0.59 -0.0000 -0.0000 0.1000 0.0000 0.5007 -0.0324 -0.232590 -0.715177 12.22 
24.0164 2 1 1 0x0 -1.0570 -0.5918 -1.06 -0.59 -0.0000 -0.0000 0.1000 0.0000 0.5007 -0.0324 -0.232590 -0.715178 12.22 
24.0264 2 1 1 0x0 -1.0569 -0.5917 -1.06 -0.59 -0.0000 -0.0000 0.1000 0.0000 0.5007 -0.0324 -0.232590 -0.715180 12.21 
24.0364 2 1 1 0x0 -1.0568 -0.5917 -1.06 -0.59 -0.0000 -0.0000 0.1000 0.0000 0.5007 -0.0324 -0.232590 -0.715198 12.22 
24.0464 2 1 1 0x0 -1.0568 -0.5916 -1.06 -0.59 -0.0000 -0.0000 0.1000 0.0000 0.5007 -0.0324 -0.232590 -0.715172 12.22 
24.0564 2 1 1 0x0 -1.0567 -0.5915 -1.06 -0.59 -0.0000 -0.0000 0.1000 0.0000 0.5007 -0.0324 -0.232590 -0.715174 12.22 
24.0664 2 1 1 0x0 -1.0566 -0.5914 -1.06 -0.59 -0.0000 -0.0000 0.1000 0.0000 0.5007 -0.0324 -0.232590 -0.715181 12.22 
24.0764 2 1 1 0x0 -1.0565 -0.5913 -1.06 -0.59 -0.0000 -0.0000 0.1000 0.0000 0.5007 -0.0324 -0.232590 -0.715203 12.22 
24.0864 2 1 1 0x0 -1.0564 -0.5913 -1.06 -0.59 -0.0000 -0.0000 0.1000 0.0000 0.5007 -0.0324 -0.232590 -0.715190 12.22 
24.0964 2 1 1 0x0 -1.0564 -0.5912 -1.06 -0.59 -0.0000 -0.0000 0.1000 0.0000 0.5007 -0.0324 -0.232590 -0.715169 12.22 
24.1064 2 1 1 0x0 -1.0563 -0.5911 -1.06 -0.59 -0.0000 -0.0000 0.1000 0.0000 0.5007 -0.0324 -0.232590 -0.715176 12.22 
24.1164 2 1 1 0x0 -1.0562 -0.5910 -1.06 -0.59 -0.0000 -0.0000 0.1000 0.0000 0.5007 -0.0324 -0.232590 -0.715169 12.22 
24.1264 2 1 1 0x0 -1.0561 -0.5909 -1.06 -0.59 -0.0000 -0.0000 0.1000 0.0000 0.5007 -0.0324 -0.232590 -0.715157 12.22 
24.1364 2 1 1 0x0 -1.0560 -0.5909 -1.06 -0.59 -0.0000 -0.0000 0.1000 0.0000 0.5007 -0.0324 -0.232590 -0.715153 12.22 
