%% logfile from REGBOT:
%  1    time 24.1823 sec, from Jasmin (81)
%  2  3  4  5   (mission 0), state 2, entered (thread 1, line 1), events 0x0 (bit-flags)
%  6  7 Motor velocity ref left, right: -0.0033 0.0183
%  8  9 Motor voltage [V] left, right: -0.00 0.02
% 10 13 Wheel velocity [m/s] left, right: 0.0000 0.0000 delay 0.1000 0.1000 (sec)
% 14 15 16 17 Pose x,y,h,tilt [m,m,rad,rad]: 0.499512 -0.101842 -0.0108181 -0.711253
% 18    Battery voltage [V]
0.0040 2 1 0 0x0 0.0000 0.0000 0.00 0.00 0.0000 0.0000 0.1000 0.0000 0.0000 0.0000 0.000000 -0.251984 12.24 
0.0140 2 1 0 0x0 0.0000 0.0000 0.00 0.00 0.0000 0.0000 0.1000 0.0000 0.0000 0.0000 0.000000 -0.251613 12.24 
0.0240 2 1 0 0x0 0.0000 0.0000 0.00 0.00 0.0000 0.0000 0.1000 0.0000 0.0000 0.0000 0.000000 -0.251189 12.24 
0.0340 2 1 0 0x0 0.0000 0.0000 0.00 0.00 0.0000 0.0000 0.1000 0.0000 0.0000 0.0000 0.000000 -0.250832 12.24 
0.0440 2 1 0 0x0 0.0000 0.0000 0.00 0.00 0.0000 0.0000 0.1000 0.0000 0.0000 0.0000 0.000000 -0.250582 12.25 
0.0540 2 1 0 0x0 0.0000 0.0000 0.00 0.00 0.0000 0.0000 0.1000 0.0000 0.0000 0.0000 0.000000 -0.250469 12.24 
0.0640 2 1 0 0x0 0.0000 0.0000 0.00 0.00 0.0000 0.0000 0.1000 0.0000 0.0000 0.0000 0.000000 -0.250524 12.25 
0.0740 2 1 0 0x0 0.0000 0.0000 0.00 0.00 0.0000 0.0000 0.1000 0.0000 0.0000 0.0000 0.000000 -0.250630 12.24 
0.0840 2 1 0 0x0 0.0000 0.0000 0.00 0.00 0.0000 0.0000 0.1000 0.0000 0.0000 0.0000 0.000000 -0.250691 12.24 
0.0940 2 1 0 0x0 0.0000 0.0000 0.00 0.00 0.0000 0.0000 0.1000 0.0000 0.0000 0.0000 0.000000 -0.250653 12.24 
0.1040 2 1 1 0x0 3.0000 3.0000 3.00 3.00 0.0000 0.0000 0.1000 0.0000 0.0000 0.0000 0.000000 -0.250400 12.20 
0.1140 2 1 1 0x0 3.0000 3.0000 3.00 3.00 0.2036 0.2678 0.0026 0.0022 0.0016 -0.0000 -0.000000 -0.250878 12.20 
0.1240 2 1 1 0x0 3.0027 2.9973 3.00 3.00 0.1251 0.1400 0.0027 0.0025 0.0030 0.0000 0.002705 -0.265782 12.19 
0.1340 2 1 1 0x0 3.0000 3.0000 3.00 3.00 0.1977 0.2076 0.0021 0.0025 0.0049 0.0000 -0.000000 -0.282197 12.19 
0.1440 2 1 1 0x0 3.0000 3.0000 3.00 3.00 0.2081 0.1945 0.0021 0.0026 0.0069 0.0000 -0.000000 -0.300599 12.20 
0.1540 2 1 1 0x0 3.0000 3.0000 3.00 3.00 0.2224 0.2463 0.0018 0.0020 0.0093 0.0000 -0.000000 -0.319059 12.19 
0.1640 2 1 1 0x0 2.9973 3.0027 3.00 3.00 0.3189 0.2234 0.0009 0.0022 0.0120 0.0000 -0.002705 -0.339206 12.20 
0.1740 2 1 1 0x0 2.9973 3.0027 3.00 3.00 0.2761 0.3240 0.0010 0.0018 0.0148 -0.0000 -0.002705 -0.358198 12.20 
0.1840 2 1 1 0x0 2.9973 3.0027 3.00 3.00 0.3142 0.2743 0.0007 0.0019 0.0176 -0.0000 -0.002705 -0.376150 12.20 
0.1940 2 1 1 0x0 2.9973 3.0027 3.00 3.00 0.2763 0.3035 0.0013 0.0016 0.0205 -0.0000 -0.002705 -0.393973 12.20 
0.2040 2 1 1 0x0 3.0000 3.0000 3.00 3.00 0.3502 0.3468 0.0020 0.0009 0.0235 -0.0000 -0.000000 -0.411369 12.19 
0.2140 2 1 1 0x0 2.9946 3.0054 2.99 3.01 0.3072 0.2734 0.0010 0.0018 0.0268 -0.0000 -0.005409 -0.429984 12.19 
0.2240 2 1 1 0x0 2.9973 3.0027 3.00 3.00 0.2938 0.3803 0.0011 0.0009 0.0302 -0.0000 -0.002705 -0.447694 12.19 
0.2340 2 1 1 0x0 2.9946 3.0054 2.99 3.01 0.4107 0.3865 0.0010 0.0016 0.0337 -0.0000 -0.005409 -0.467200 12.20 
0.2440 2 1 1 0x0 2.9946 3.0054 2.99 3.01 0.4528 0.4459 0.0005 0.0010 0.0377 -0.0001 -0.005409 -0.489137 12.20 
0.2540 2 1 1 0x0 2.9946 3.0054 2.99 3.01 0.5071 0.4862 0.0011 0.0013 0.0418 -0.0001 -0.005409 -0.515721 12.20 
0.2640 2 1 1 0x0 2.9946 3.0054 2.99 3.01 0.5439 0.5600 0.0008 0.0009 0.0467 -0.0001 -0.005409 -0.546719 12.20 
0.2740 2 1 1 0x0 2.9946 3.0054 2.99 3.01 0.5226 0.5276 0.0008 0.0008 0.0519 -0.0001 -0.005409 -0.586526 12.20 
0.2840 2 1 1 0x0 2.9919 3.0081 2.99 3.01 0.6780 0.5051 0.0006 0.0010 0.0578 -0.0002 -0.008114 -0.635376 12.22 
0.2940 2 1 1 0x0 2.9919 3.0081 2.99 3.01 0.5554 0.6832 0.0008 0.0009 0.0639 -0.0002 -0.008114 -0.687171 12.23 
0.3040 2 1 1 0x0 2.9919 3.0081 2.99 3.01 0.5573 0.7206 0.0005 0.0003 0.0704 -0.0003 -0.008114 -0.746721 12.23 
0.3140 2 1 1 0x0 2.9892 3.0108 2.99 3.01 0.6781 0.5349 0.0008 0.0007 0.0763 -0.0003 -0.010818 -0.758118 12.22 
0.3240 2 1 1 0x0 2.9784 3.0216 2.98 3.02 0.5264 0.4025 0.0005 0.0012 0.0815 -0.0004 -0.021636 -0.776725 12.22 
0.3340 2 1 1 0x0 2.9757 3.0243 2.98 3.02 0.4972 0.5520 0.0007 0.0006 0.0870 -0.0005 -0.024341 -0.780547 12.21 
0.3440 2 1 1 0x0 2.9757 3.0243 2.98 3.02 0.2413 0.3796 0.0014 0.0013 0.0911 -0.0006 -0.024341 -0.775683 12.19 
0.3540 2 1 1 0x0 2.9730 3.0270 2.97 3.03 0.5035 0.4344 0.0005 0.0012 0.0945 -0.0007 -0.027045 -0.779161 12.19 
0.3640 2 1 1 0x0 2.9730 3.0270 2.97 3.03 0.4453 0.4209 0.0013 0.0012 0.0986 -0.0008 -0.027045 -0.782557 12.20 
0.3740 2 1 1 0x0 2.9703 3.0297 2.97 3.03 0.4727 0.3709 0.0011 0.0013 0.1024 -0.0009 -0.029750 -0.784611 12.21 
0.3840 2 1 1 0x0 2.9675 3.0325 2.97 3.03 0.4182 0.3511 0.0009 0.0013 0.1067 -0.0011 -0.032454 -0.787374 12.20 
0.3940 2 1 1 0x0 2.9675 3.0325 2.97 3.03 0.5344 0.4601 0.0013 0.0005 0.1111 -0.0012 -0.032454 -0.791815 12.20 
0.4040 2 1 1 0x0 2.9648 3.0352 2.96 3.04 0.3755 0.4322 0.0011 0.0005 0.1154 -0.0014 -0.035159 -0.791699 12.20 
0.4140 2 1 1 0x0 2.9594 3.0406 2.96 3.04 0.4387 0.5159 0.0007 0.0013 0.1199 -0.0015 -0.040568 -0.791699 12.20 
0.4240 2 1 1 0x0 2.9621 3.0379 2.96 3.04 0.4492 0.4727 0.0008 0.0005 0.1249 -0.0017 -0.037864 -0.795362 12.20 
0.4340 2 1 1 0x0 2.9675 3.0325 2.97 3.03 0.4213 0.5293 0.0010 0.0004 0.1302 -0.0019 -0.032454 -0.794870 12.21 
0.4440 2 1 1 0x0 2.9621 3.0379 2.96 3.04 0.6002 0.4839 0.0004 0.0005 0.1351 -0.0021 -0.037864 -0.793440 12.20 
0.4540 2 1 1 0x0 2.9594 3.0406 2.96 3.04 0.5416 0.5546 0.0006 0.0005 0.1401 -0.0023 -0.040568 -0.795264 12.20 
0.4640 2 1 1 0x0 2.9594 3.0406 2.96 3.04 0.6165 0.5521 0.0011 0.0004 0.1454 -0.0025 -0.040568 -0.798748 12.21 
0.4740 2 1 1 0x0 2.9567 3.0433 2.96 3.04 0.6130 0.5327 0.0009 0.0004 0.1509 -0.0028 -0.043273 -0.799114 12.21 
0.4840 2 1 1 0x0 2.9486 3.0514 2.95 3.05 0.6240 0.4720 0.0009 0.0010 0.1559 -0.0030 -0.051386 -0.801040 12.19 
0.4940 2 1 1 0x0 2.9432 3.0568 2.94 3.06 0.5558 0.6140 0.0005 0.0006 0.1616 -0.0033 -0.056795 -0.803982 12.22 
0.5040 2 1 1 0x0 2.9432 3.0568 2.94 3.06 0.5401 0.6389 0.0005 0.0006 0.1673 -0.0037 -0.056795 -0.803739 12.22 
0.5140 2 1 1 0x0 2.9405 3.0595 2.94 3.06 0.5456 0.4341 0.0008 0.0009 0.1727 -0.0040 -0.059500 -0.799967 12.21 
0.5240 2 1 1 0x0 2.9324 3.0676 2.93 3.07 0.6944 0.5247 0.0007 0.0007 0.1782 -0.0043 -0.067613 -0.800590 12.22 
0.5340 2 1 1 0x0 2.9270 3.0730 2.93 3.07 0.5366 0.6053 0.0007 0.0009 0.1839 -0.0047 -0.073023 -0.801571 12.22 
0.5440 2 1 1 0x0 2.9216 3.0784 2.92 3.08 0.6738 0.4587 0.0005 0.0011 0.1895 -0.0051 -0.078432 -0.802273 12.22 
0.5540 2 1 1 0x0 2.9162 3.0838 2.92 3.08 0.5717 0.5608 0.0004 0.0006 0.1952 -0.0056 -0.083841 -0.801887 12.22 
0.5640 2 1 1 0x0 2.9108 3.0892 2.91 3.09 0.6809 0.5112 0.0004 0.0009 0.2009 -0.0061 -0.089250 -0.805062 12.21 
0.5740 2 1 1 0x0 2.9080 3.0920 2.91 3.09 0.5300 0.5047 0.0005 0.0008 0.2067 -0.0066 -0.091954 -0.811768 12.23 
0.5840 2 1 1 0x0 2.9053 3.0947 2.91 3.09 0.6676 0.5116 0.0006 0.0007 0.2126 -0.0072 -0.094659 -0.812547 12.23 
0.5940 2 1 1 0x0 2.8999 3.1001 2.90 3.10 0.5358 0.6293 0.0005 0.0004 0.2182 -0.0077 -0.100068 -0.808727 12.21 
0.6040 2 1 1 0x0 2.8945 3.1055 2.89 3.11 0.6716 0.4924 0.0006 0.0010 0.2239 -0.0083 -0.105477 -0.820677 12.23 
0.6140 2 1 1 0x0 2.8918 3.1082 2.89 3.11 0.7015 0.6823 0.0003 0.0004 0.2301 -0.0090 -0.108182 -0.833336 12.23 
0.6240 2 1 1 0x0 2.8918 3.1082 2.89 3.11 0.6459 0.5965 0.0010 0.0007 0.2358 -0.0096 -0.108182 -0.834652 12.23 
0.6340 2 1 1 0x0 2.8837 3.1163 2.88 3.12 0.5540 0.5698 0.0004 0.0010 0.2412 -0.0102 -0.116295 -0.829811 12.22 
0.6440 2 1 1 0x0 2.8837 3.1163 2.88 3.12 0.5310 0.6183 0.0008 0.0007 0.2469 -0.0108 -0.116295 -0.832553 12.22 
0.6540 2 1 1 0x0 2.8810 3.1190 2.88 3.12 0.6947 0.6190 0.0010 0.0005 0.2527 -0.0115 -0.119000 -0.839864 12.23 
0.6640 2 1 1 0x0 2.8756 3.1244 2.88 3.12 0.6936 0.6158 0.0007 0.0006 0.2587 -0.0123 -0.124409 -0.839044 12.23 
0.6740 2 1 1 0x0 2.8702 3.1298 2.87 3.13 0.5401 0.4815 0.0005 0.0007 0.2644 -0.0130 -0.129818 -0.834384 12.22 
0.6840 2 1 1 0x0 2.8702 3.1298 2.87 3.13 0.5358 0.5208 0.0009 0.0004 0.2700 -0.0137 -0.129818 -0.833468 12.22 
0.6940 2 1 1 0x0 2.8648 3.1352 2.86 3.14 0.6890 0.6319 0.0010 0.0011 0.2756 -0.0145 -0.135227 -0.835426 12.22 
0.7040 2 1 1 0x0 2.8594 3.1406 2.86 3.14 0.7280 0.6065 0.0007 0.0009 0.2817 -0.0153 -0.140636 -0.837356 12.23 
0.7140 2 1 1 0x0 2.8567 3.1433 2.86 3.14 0.6920 0.5367 0.0004 0.0006 0.2879 -0.0162 -0.143341 -0.846222 12.23 
0.7240 2 1 1 0x0 2.8540 3.1460 2.85 3.15 0.6033 0.5576 0.0008 0.0010 0.2933 -0.0170 -0.146045 -0.843807 12.23 
0.7340 2 1 1 0x0 2.8540 3.1460 2.85 3.15 0.6416 0.6838 0.0008 0.0009 0.2989 -0.0178 -0.146045 -0.843327 12.23 
0.7440 2 1 1 0x0 2.8540 3.1460 2.85 3.15 0.5960 0.5696 0.0006 0.0007 0.3049 -0.0187 -0.146045 -0.844771 12.23 
0.7540 2 1 1 0x0 2.8513 3.1487 2.85 3.15 0.6794 0.4589 0.0007 0.0006 0.3108 -0.0196 -0.148750 -0.843820 12.22 
0.7640 2 1 1 0x0 2.8513 3.1487 2.85 3.15 0.6446 0.5713 0.0011 0.0005 0.3164 -0.0204 -0.148750 -0.841345 12.23 
0.7740 2 1 1 0x0 2.8485 3.1515 2.85 3.15 0.6188 0.5088 0.0009 0.0008 0.3222 -0.0213 -0.151454 -0.841732 12.22 
0.7840 2 1 1 0x0 2.8458 3.1542 2.85 3.15 0.6597 0.5559 0.0008 0.0010 0.3280 -0.0222 -0.154159 -0.843642 12.23 
0.7940 2 1 1 0x0 2.8431 3.1569 2.84 3.16 0.5310 0.4949 0.0005 0.0010 0.3338 -0.0231 -0.156863 -0.850129 12.23 
0.8040 2 1 1 0x0 2.8458 3.1542 2.85 3.15 0.5728 0.6773 0.0006 0.0005 0.3396 -0.0240 -0.154159 -0.845973 12.22 
0.8140 2 1 1 0x0 2.8485 3.1515 2.85 3.15 0.5280 0.5974 0.0010 0.0004 0.3454 -0.0249 -0.151454 -0.848243 12.23 
0.8240 2 1 1 0x0 2.8485 3.1515 2.85 3.15 0.6485 0.6468 0.0010 0.0004 0.3515 -0.0259 -0.151454 -0.852449 12.23 
0.8340 2 1 1 0x0 2.8458 3.1542 2.85 3.15 0.5558 0.6181 0.0004 0.0005 0.3573 -0.0268 -0.154159 -0.849932 12.23 
0.8440 2 1 1 0x0 2.8458 3.1542 2.85 3.15 0.5189 0.6673 0.0004 0.0009 0.3629 -0.0276 -0.154159 -0.850847 12.23 
0.8540 2 1 1 0x0 2.8513 3.1487 2.85 3.15 0.5524 0.6998 0.0009 0.0006 0.3689 -0.0285 -0.148750 -0.862062 12.23 
0.8640 2 1 1 0x0 2.8513 3.1487 2.85 3.15 0.6098 0.6672 0.0003 0.0005 0.3753 -0.0295 -0.148750 -0.869095 12.23 
0.8740 2 1 1 0x0 2.8513 3.1487 2.85 3.15 0.6006 0.6649 0.0012 0.0004 0.3809 -0.0303 -0.148750 -0.863675 12.22 
0.8840 2 1 1 0x0 2.8540 3.1460 2.85 3.15 0.5466 0.5859 0.0005 0.0005 0.3868 -0.0312 -0.146045 -0.866729 12.23 
0.8940 2 1 1 0x0 2.8540 3.1460 2.85 3.15 0.6692 0.6624 0.0003 0.0005 0.3928 -0.0321 -0.146045 -0.878473 12.23 
0.9040 2 1 1 0x0 2.8540 3.1460 2.85 3.15 0.6491 0.6300 0.0010 0.0008 0.3984 -0.0329 -0.146045 -0.878838 12.23 
0.9140 2 1 1 0x0 2.8540 3.1460 2.85 3.15 0.6228 0.6274 0.0007 0.0008 0.4040 -0.0337 -0.146045 -0.874836 12.23 
0.9240 2 1 1 0x0 2.8567 3.1433 2.86 3.14 0.6595 0.5392 0.0009 0.0005 0.4098 -0.0346 -0.143341 -0.872819 12.23 
0.9340 2 1 1 0x0 2.8540 3.1460 2.85 3.15 0.5735 0.5507 0.0005 0.0009 0.4157 -0.0354 -0.146045 -0.873008 12.23 
0.9440 2 1 1 0x0 2.8567 3.1433 2.86 3.14 0.5019 0.6571 0.0006 0.0004 0.4215 -0.0363 -0.143341 -0.871310 12.23 
0.9540 2 1 1 0x0 2.8567 3.1433 2.86 3.14 0.5363 0.6792 0.0006 0.0008 0.4271 -0.0371 -0.143341 -0.867567 12.23 
0.9640 2 1 1 0x0 2.8594 3.1406 2.86 3.14 0.4897 0.5738 0.0007 0.0007 0.4329 -0.0379 -0.140636 -0.865538 12.23 
0.9740 2 1 1 0x0 2.8621 3.1379 2.86 3.14 0.5422 0.6509 0.0008 0.0005 0.4387 -0.0387 -0.137932 -0.863855 12.23 
0.9840 2 1 1 0x0 2.8621 3.1379 2.86 3.14 0.6777 0.5463 0.0005 0.0007 0.4448 -0.0396 -0.137932 -0.869180 12.23 
0.9940 2 1 1 0x0 2.8648 3.1352 2.86 3.14 0.6691 0.7030 0.0010 0.0010 0.4506 -0.0404 -0.135227 -0.873922 12.23 
1.0040 2 1 1 0x0 2.8675 3.1325 2.87 3.13 0.5891 0.5351 0.0007 0.0006 0.4564 -0.0412 -0.132523 -0.869894 12.23 
1.0140 2 1 1 0x0 2.8675 3.1325 2.87 3.13 0.6302 0.5296 0.0006 0.0008 0.4621 -0.0419 -0.132523 -0.868234 12.23 
1.0240 2 1 1 0x0 2.8702 3.1298 2.87 3.13 0.6154 0.6699 0.0007 0.0010 0.4679 -0.0427 -0.129818 -0.866348 12.23 
1.0340 2 1 1 0x0 2.8729 3.1271 2.87 3.13 0.6277 0.5767 0.0007 0.0005 0.4737 -0.0434 -0.127113 -0.864321 12.22 
1.0440 2 1 1 0x0 2.8756 3.1244 2.88 3.12 0.6413 0.6753 0.0007 0.0004 0.4796 -0.0442 -0.124409 -0.863028 12.23 
1.0540 2 1 1 0x0 2.8756 3.1244 2.88 3.12 0.6466 0.6682 0.0008 0.0010 0.4852 -0.0449 -0.124409 -0.861522 12.22 
1.0640 2 1 1 0x0 2.8756 3.1244 2.88 3.12 0.5616 0.5804 0.0004 0.0007 0.4912 -0.0456 -0.124409 -0.863800 12.23 
1.0740 2 1 1 0x0 2.8756 3.1244 2.88 3.12 0.6742 0.6986 0.0003 0.0009 0.4973 -0.0464 -0.124409 -0.866906 12.22 
1.0840 2 1 1 0x0 2.8810 3.1190 2.88 3.12 0.6426 0.6438 0.0006 0.0003 0.5033 -0.0471 -0.119000 -0.864822 12.23 
1.0940 2 1 1 0x0 2.8810 3.1190 2.88 3.12 0.6352 0.6674 0.0005 0.0006 0.5090 -0.0478 -0.119000 -0.861045 12.23 
1.1040 2 1 1 0x0 2.8837 3.1163 2.88 3.12 0.6600 0.5833 0.0008 0.0007 0.5148 -0.0485 -0.116295 -0.862625 12.23 
1.1140 2 1 1 0x0 2.8837 3.1163 2.88 3.12 0.6151 0.6129 0.0009 0.0003 0.5208 -0.0492 -0.116295 -0.865734 12.23 
1.1240 2 1 1 0x0 2.8810 3.1190 2.88 3.12 0.6593 0.6644 0.0009 0.0004 0.5267 -0.0499 -0.119000 -0.866118 12.23 
1.1340 2 1 1 0x0 2.8810 3.1190 2.88 3.12 0.5343 0.6089 0.0007 0.0004 0.5327 -0.0506 -0.119000 -0.875233 12.23 
1.1440 2 1 1 0x0 2.8810 3.1190 2.88 3.12 0.6971 0.7220 0.0007 0.0007 0.5388 -0.0513 -0.119000 -0.883196 12.22 
1.1540 2 1 1 0x0 2.8810 3.1190 2.88 3.12 0.5128 0.4877 0.0004 0.0007 0.5448 -0.0521 -0.119000 -0.881766 12.23 
1.1640 2 1 1 0x0 2.8837 3.1163 2.88 3.12 0.6537 0.5672 0.0010 0.0004 0.5502 -0.0527 -0.116295 -0.880000 12.23 
1.1740 2 1 1 0x0 2.8837 3.1163 2.88 3.12 0.6091 0.6853 0.0007 0.0005 0.5563 -0.0534 -0.116295 -0.894926 12.23 
1.1840 2 1 1 0x0 2.8837 3.1163 2.88 3.12 0.6861 0.5451 0.0009 0.0010 0.5623 -0.0541 -0.116295 -0.905360 12.23 
1.1940 2 1 1 0x0 2.8810 3.1190 2.88 3.12 0.5065 0.5139 0.0010 0.0006 0.5682 -0.0548 -0.119000 -0.903100 12.23 
1.2040 2 1 1 0x0 2.8783 3.1217 2.88 3.12 0.6765 0.5465 0.0005 0.0008 0.5740 -0.0555 -0.121704 -0.902312 12.23 
1.2140 2 1 1 0x0 2.8756 3.1244 2.88 3.12 0.5767 0.5383 0.0005 0.0010 0.5799 -0.0562 -0.124409 -0.903967 12.23 
1.2240 2 1 1 0x0 2.8729 3.1271 2.87 3.13 0.6318 0.4967 0.0003 0.0010 0.5857 -0.0570 -0.127113 -0.903446 12.23 
1.2340 2 1 1 0x0 2.8756 3.1244 2.88 3.12 0.6415 0.6447 0.0004 0.0005 0.5915 -0.0577 -0.124409 -0.900336 12.22 
1.2440 2 1 1 0x0 2.8756 3.1244 2.88 3.12 0.6438 0.6165 0.0007 0.0004 0.5972 -0.0584 -0.124409 -0.898195 12.22 
1.2540 2 1 1 0x0 2.8729 3.1271 2.87 3.13 0.5259 0.6649 0.0005 0.0008 0.6030 -0.0591 -0.127113 -0.896890 12.23 
1.2640 2 1 1 0x0 2.8729 3.1271 2.87 3.13 0.6581 0.5843 0.0004 0.0006 0.6090 -0.0599 -0.127113 -0.899066 12.23 
1.2740 2 1 1 0x0 2.8729 3.1271 2.87 3.13 0.6541 0.5016 0.0008 0.0008 0.6147 -0.0606 -0.127113 -0.903729 12.23 
1.2840 2 1 1 0x0 2.8729 3.1271 2.87 3.13 0.5862 0.5276 0.0008 0.0008 0.6203 -0.0614 -0.127113 -0.899653 12.22 
1.2940 2 1 1 0x0 2.8756 3.1244 2.88 3.12 0.6665 0.6600 0.0005 0.0003 0.6261 -0.0621 -0.124409 -0.898984 12.23 
1.3040 2 1 1 0x0 2.8756 3.1244 2.88 3.12 0.6597 0.6524 0.0009 0.0009 0.6318 -0.0628 -0.124409 -0.899646 12.22 
1.3140 2 1 1 0x0 2.8756 3.1244 2.88 3.12 0.5306 0.5483 0.0005 0.0005 0.6378 -0.0636 -0.124409 -0.899333 12.22 
1.3240 2 1 1 0x0 2.8756 3.1244 2.88 3.12 0.4661 0.4749 0.0004 0.0007 0.6435 -0.0643 -0.124409 -0.895076 12.23 
1.3340 2 1 1 0x0 2.8756 3.1244 2.88 3.12 0.5587 0.5527 0.0007 0.0008 0.6491 -0.0650 -0.124409 -0.893124 12.23 
1.3440 2 1 1 0x0 2.8756 3.1244 2.88 3.12 0.6554 0.6519 0.0004 0.0004 0.6551 -0.0657 -0.124409 -0.894179 12.23 
1.3540 2 1 1 0x0 2.8756 3.1244 2.88 3.12 0.6431 0.6727 0.0009 0.0009 0.6608 -0.0664 -0.124409 -0.897187 12.23 
1.3640 2 1 1 0x0 2.8783 3.1217 2.88 3.12 0.6237 0.5570 0.0010 0.0008 0.6666 -0.0671 -0.121704 -0.896973 12.22 
1.3740 2 1 1 0x0 2.8783 3.1217 2.88 3.12 0.6390 0.5302 0.0010 0.0008 0.6722 -0.0678 -0.121704 -0.891798 12.23 
1.3840 2 1 1 0x0 2.8783 3.1217 2.88 3.12 0.6097 0.6719 0.0004 0.0006 0.6783 -0.0686 -0.121704 -0.893467 12.22 
1.3940 2 1 1 0x0 2.8756 3.1244 2.88 3.12 0.6397 0.6391 0.0004 0.0009 0.6841 -0.0693 -0.124409 -0.896869 12.22 
1.4040 2 1 1 0x0 2.8756 3.1244 2.88 3.12 0.6409 0.6397 0.0006 0.0007 0.6898 -0.0700 -0.124409 -0.895031 12.22 
1.4140 2 1 1 0x0 2.8756 3.1244 2.88 3.12 0.6448 0.6621 0.0008 0.0010 0.6954 -0.0707 -0.124409 -0.896249 12.23 
1.4240 2 1 1 0x0 2.8756 3.1244 2.88 3.12 0.5278 0.5175 0.0007 0.0008 0.7014 -0.0714 -0.124409 -0.905330 12.23 
1.4340 2 1 1 0x0 2.8756 3.1244 2.88 3.12 0.6504 0.6100 0.0006 0.0006 0.7075 -0.0722 -0.124409 -0.906000 12.22 
1.4440 2 1 1 0x0 2.8729 3.1271 2.87 3.13 0.6526 0.4833 0.0009 0.0004 0.7129 -0.0729 -0.127113 -0.902763 12.22 
1.4540 2 1 1 0x0 2.8729 3.1271 2.87 3.13 0.5234 0.6934 0.0008 0.0003 0.7189 -0.0737 -0.127113 -0.909084 12.23 
1.4640 2 1 1 0x0 2.8702 3.1298 2.87 3.13 0.7085 0.6553 0.0009 0.0009 0.7248 -0.0744 -0.129818 -0.920443 12.24 
1.4740 2 1 1 0x0 2.8675 3.1325 2.87 3.13 0.5660 0.6005 0.0006 0.0009 0.7306 -0.0752 -0.132523 -0.917909 12.22 
1.4840 2 1 1 0x0 2.8648 3.1352 2.86 3.14 0.5179 0.4757 0.0009 0.0010 0.7360 -0.0759 -0.135227 -0.913354 12.22 
1.4940 2 1 1 0x0 2.8051 3.0810 2.81 3.08 0.7025 0.5317 0.0007 0.0008 0.7419 -0.0767 -0.137932 -0.917674 12.23 
1.5040 2 1 1 0x0 2.4357 2.7169 2.44 2.72 0.5805 0.4737 0.0007 0.0005 0.7477 -0.0775 -0.140636 -0.918743 12.23 
1.5140 2 1 1 0x0 2.0894 2.3761 2.09 2.38 0.4654 0.5750 0.0005 0.0007 0.7531 -0.0783 -0.143341 -0.917169 12.24 
1.5240 2 1 1 0x0 1.7813 2.0680 1.78 2.07 0.4213 0.5291 0.0005 0.0011 0.7579 -0.0790 -0.143341 -0.912012 12.24 
1.5340 2 1 1 0x0 1.4632 1.7498 1.46 1.75 0.4654 0.4644 0.0004 0.0006 0.7627 -0.0797 -0.143341 -0.905510 12.24 
1.5440 2 1 1 0x0 1.1592 1.4567 1.16 1.46 0.4480 0.4907 0.0012 0.0010 0.7672 -0.0804 -0.148750 -0.901938 12.24 
1.5540 2 1 1 0x0 0.8234 1.1209 0.82 1.12 0.3976 0.5077 0.0007 0.0007 0.7720 -0.0811 -0.148750 -0.898580 12.24 
1.5640 2 1 1 0x0 0.5073 0.8048 0.51 0.80 0.4468 0.4561 0.0005 0.0015 0.7764 -0.0817 -0.148750 -0.896235 12.23 
1.5740 2 1 1 0x0 0.2394 0.5369 0.24 0.54 0.3592 0.4416 0.0013 0.0015 0.7800 -0.0823 -0.148750 -0.884679 12.24 
1.5840 2 1 1 0x0 -0.0687 0.2288 -0.07 0.23 0.3508 0.4293 0.0008 0.0013 0.7840 -0.0829 -0.148750 -0.878834 12.23 
1.5940 2 1 1 0x0 -0.3403 -0.0482 -0.34 -0.05 0.3045 0.3325 0.0014 0.0015 0.7874 -0.0834 -0.146045 -0.872743 12.24 
1.6040 2 1 1 0x0 -0.6067 -0.3254 -0.61 -0.33 0.2819 0.4055 0.0013 0.0011 0.7906 -0.0838 -0.140636 -0.865074 12.23 
1.6140 2 1 1 0x0 -0.8733 -0.5975 -0.87 -0.60 0.2475 0.3397 0.0009 0.0013 0.7936 -0.0843 -0.137932 -0.861519 12.23 
1.6240 2 1 1 0x0 -1.1056 -0.8406 -1.11 -0.84 0.2199 0.2793 0.0018 0.0018 0.7961 -0.0846 -0.132523 -0.856741 12.23 
1.6340 2 1 1 0x0 -1.3338 -1.0850 -1.33 -1.08 0.1516 0.2452 0.0018 0.0010 0.7983 -0.0849 -0.124409 -0.850182 12.22 
1.6440 2 1 1 0x0 -1.5069 -1.2689 -1.51 -1.27 0.1339 0.2142 0.0055 0.0031 0.7995 -0.0850 -0.119000 -0.842186 12.22 
1.6540 2 1 1 0x0 -1.6958 -1.4687 -1.70 -1.47 0.0578 0.1643 0.0059 0.0035 0.8007 -0.0852 -0.113591 -0.832878 12.22 
1.6640 2 1 1 0x0 -1.8431 -1.6267 -1.84 -1.63 0.0327 0.1130 0.0159 0.0073 0.8011 -0.0852 -0.108182 -0.820172 12.22 
1.6740 2 1 1 0x0 -1.9906 -1.7905 -1.99 -1.79 -0.0242 0.0534 0.0140 0.0049 0.8013 -0.0852 -0.100068 -0.807727 12.21 
1.6840 2 1 1 0x0 -2.1305 -1.9357 -2.13 -1.94 -0.0475 0.0365 0.0114 0.0149 0.8011 -0.0852 -0.097363 -0.795004 12.21 
1.6940 2 1 1 0x0 -2.2568 -2.0675 -2.26 -2.07 -0.0839 -0.0225 0.0072 0.0121 0.8005 -0.0851 -0.094659 -0.784990 12.21 
1.7040 2 1 1 0x0 -2.4084 -2.2299 -2.41 -2.23 -0.0822 -0.0225 0.0065 0.0221 0.8001 -0.0851 -0.089250 -0.777429 12.20 
1.7140 2 1 1 0x0 -2.5429 -2.3752 -2.54 -2.38 -0.1017 -0.0266 0.0040 0.0154 0.7993 -0.0850 -0.083841 -0.771680 12.20 
1.7240 2 1 1 0x0 -2.6761 -2.5138 -2.68 -2.51 -0.1464 -0.0646 0.0039 0.0046 0.7983 -0.0850 -0.081136 -0.767252 12.20 
1.7340 2 1 1 0x0 -2.8031 -2.6516 -2.80 -2.65 -0.1851 -0.0906 0.0032 0.0038 0.7970 -0.0849 -0.075727 -0.764209 12.19 
1.7440 2 1 1 0x0 -2.9225 -2.7873 -2.92 -2.79 -0.1787 -0.1135 0.0020 0.0047 0.7956 -0.0848 -0.067613 -0.762446 12.19 
1.7540 2 1 1 0x0 -3.0397 -2.9153 -3.04 -2.92 -0.2269 -0.0951 0.0019 0.0036 0.7940 -0.0847 -0.062204 -0.762243 12.18 
1.7640 2 1 1 0x0 -3.0541 -2.9459 -3.05 -2.95 -0.2771 -0.1607 0.0016 0.0040 0.7922 -0.0846 -0.054091 -0.763399 12.18 
1.7740 2 1 1 0x0 -3.0487 -2.9513 -3.05 -2.95 -0.2356 -0.1683 0.0009 0.0012 0.7898 -0.0844 -0.048682 -0.764368 12.18 
1.7840 2 1 1 0x0 -3.0406 -2.9594 -3.04 -2.96 -0.3250 -0.1653 0.0011 0.0027 0.7875 -0.0843 -0.040568 -0.767080 12.18 
1.7940 2 1 1 0x0 -3.0352 -2.9648 -3.04 -2.96 -0.2916 -0.2318 0.0017 0.0025 0.7851 -0.0842 -0.035159 -0.772517 12.18 
1.8040 2 1 1 0x0 -3.0297 -2.9703 -3.03 -2.97 -0.3148 -0.2666 0.0016 0.0010 0.7823 -0.0841 -0.029750 -0.780113 12.18 
1.8140 2 1 1 0x0 -3.0270 -2.9730 -3.03 -2.97 -0.4422 -0.4011 0.0015 0.0005 0.7788 -0.0841 -0.027045 -0.788208 12.19 
1.8240 2 1 1 0x0 -3.0243 -2.9757 -3.02 -2.98 -0.4355 -0.4503 0.0010 0.0007 0.7745 -0.0840 -0.024341 -0.790232 12.19 
1.8340 2 1 1 0x0 -3.0135 -2.9865 -3.01 -2.99 -0.4271 -0.3405 0.0005 0.0012 0.7705 -0.0839 -0.013523 -0.780495 12.19 
1.8440 2 1 1 0x0 -3.0054 -2.9946 -3.01 -2.99 -0.4986 -0.3774 0.0006 0.0018 0.7666 -0.0838 -0.005409 -0.777096 12.20 
1.8540 2 1 1 0x0 -3.0000 -3.0000 -3.00 -3.00 -0.4143 -0.3322 0.0010 0.0009 0.7626 -0.0838 0.000000 -0.775782 12.19 
1.8640 2 1 1 0x0 -2.9919 -3.0081 -2.99 -3.01 -0.4261 -0.3850 0.0007 0.0009 0.7583 -0.0838 0.008114 -0.777524 12.20 
1.8740 2 1 1 0x0 -2.9838 -3.0162 -2.98 -3.02 -0.4536 -0.3670 0.0010 0.0014 0.7541 -0.0839 0.016227 -0.774428 12.20 
1.8840 2 1 1 0x0 -2.9784 -3.0216 -2.98 -3.02 -0.5643 -0.4412 0.0010 0.0005 0.7492 -0.0840 0.021636 -0.771745 12.20 
1.8940 2 1 1 0x0 -2.9703 -3.0297 -2.97 -3.03 -0.5124 -0.4733 0.0008 0.0012 0.7445 -0.0841 0.029750 -0.769482 12.20 
1.9040 2 1 1 0x0 -2.9648 -3.0352 -2.96 -3.04 -0.5866 -0.3863 0.0010 0.0009 0.7397 -0.0843 0.035159 -0.768668 12.20 
1.9140 2 1 1 0x0 -2.9594 -3.0406 -2.96 -3.04 -0.6075 -0.3868 0.0007 0.0006 0.7344 -0.0845 0.040568 -0.768389 12.20 
1.9240 2 1 1 0x0 -2.9486 -3.0514 -2.95 -3.05 -0.5841 -0.4337 0.0005 0.0011 0.7295 -0.0847 0.051386 -0.769293 12.21 
1.9340 2 1 1 0x0 -2.9432 -3.0568 -2.94 -3.06 -0.6686 -0.4902 0.0003 0.0010 0.7243 -0.0850 0.056795 -0.775714 12.21 
1.9440 2 1 1 0x0 -2.9405 -3.0595 -2.94 -3.06 -0.6499 -0.5629 0.0008 0.0008 0.7188 -0.0853 0.059500 -0.773041 12.20 
1.9540 2 1 1 0x0 -2.9351 -3.0649 -2.94 -3.06 -0.5675 -0.4832 0.0005 0.0009 0.7131 -0.0856 0.064909 -0.767504 12.21 
1.9640 2 1 1 0x0 -2.9351 -3.0649 -2.94 -3.06 -0.5779 -0.5889 0.0010 0.0009 0.7079 -0.0860 0.064909 -0.767514 12.21 
1.9740 2 1 1 0x0 -2.9351 -3.0649 -2.94 -3.06 -0.6026 -0.5856 0.0007 0.0004 0.7022 -0.0863 0.064909 -0.767842 12.22 
1.9840 2 1 1 0x0 -2.9351 -3.0649 -2.94 -3.06 -0.6396 -0.6366 0.0007 0.0004 0.6965 -0.0867 0.064909 -0.767292 12.21 
1.9940 2 1 1 0x0 -2.9351 -3.0649 -2.94 -3.06 -0.6254 -0.6420 0.0007 0.0007 0.6909 -0.0871 0.064909 -0.764609 12.22 
2.0040 2 1 1 0x0 -2.9324 -3.0676 -2.93 -3.07 -0.6191 -0.4631 0.0009 0.0009 0.6854 -0.0875 0.067614 -0.763138 12.22 
2.0140 2 1 1 0x0 -2.9324 -3.0676 -2.93 -3.07 -0.6369 -0.5981 0.0010 0.0010 0.6797 -0.0878 0.067614 -0.766240 12.22 
2.0240 2 1 1 0x0 -2.9324 -3.0676 -2.93 -3.07 -0.4945 -0.6177 0.0006 0.0005 0.6737 -0.0883 0.067614 -0.766182 12.21 
2.0340 2 1 1 0x0 -2.9297 -3.0703 -2.93 -3.07 -0.6344 -0.6510 0.0004 0.0010 0.6678 -0.0887 0.070318 -0.766180 12.21 
2.0440 2 1 1 0x0 -2.9324 -3.0676 -2.93 -3.07 -0.6655 -0.5971 0.0008 0.0007 0.6619 -0.0891 0.067614 -0.760731 12.21 
2.0540 2 1 1 0x0 -2.9324 -3.0676 -2.93 -3.07 -0.5019 -0.6802 0.0007 0.0007 0.6559 -0.0895 0.067614 -0.757635 12.22 
2.0640 2 1 1 0x0 -2.9351 -3.0649 -2.94 -3.06 -0.5323 -0.5068 0.0009 0.0006 0.6500 -0.0899 0.064909 -0.758073 12.22 
2.0740 2 1 1 0x0 -2.8688 -3.0040 -2.87 -3.00 -0.6565 -0.6151 0.0004 0.0009 0.6441 -0.0903 0.067614 -0.761372 12.22 
2.0840 2 1 1 0x0 -2.7986 -2.9284 -2.80 -2.93 -0.6705 -0.6296 0.0010 0.0007 0.6382 -0.0906 0.064909 -0.763536 12.23 
2.0940 2 1 1 0x0 -2.7196 -2.8548 -2.72 -2.85 -0.5631 -0.6073 0.0010 0.0008 0.6324 -0.0910 0.067614 -0.762321 12.22 
2.1040 2 1 1 0x0 -2.6369 -2.7776 -2.64 -2.78 -0.6211 -0.6368 0.0006 0.0009 0.6265 -0.0914 0.070318 -0.763154 12.23 
2.1140 2 1 1 0x0 -2.5666 -2.7073 -2.57 -2.71 -0.6043 -0.6141 0.0006 0.0011 0.6208 -0.0918 0.070318 -0.763678 12.23 
2.1240 2 1 1 0x0 -2.4963 -2.6261 -2.50 -2.63 -0.4764 -0.5435 0.0010 0.0004 0.6152 -0.0922 0.064909 -0.765896 12.23 
2.1340 2 1 1 0x0 -2.4265 -2.5617 -2.43 -2.56 -0.5099 -0.6155 0.0004 0.0010 0.6097 -0.0926 0.067614 -0.765720 12.23 
2.1440 2 1 1 0x0 -2.3727 -2.4971 -2.37 -2.50 -0.4996 -0.5650 0.0011 0.0004 0.6044 -0.0929 0.062204 -0.766443 12.23 
2.1540 2 1 1 0x0 -2.3182 -2.4480 -2.32 -2.45 -0.5750 -0.5703 0.0012 0.0008 0.5994 -0.0932 0.064909 -0.771917 12.22 
2.1640 2 1 1 0x0 -2.2566 -2.3918 -2.26 -2.39 -0.4648 -0.5536 0.0010 0.0012 0.5943 -0.0936 0.067614 -0.777567 12.24 
2.1740 2 1 1 0x0 -2.1763 -2.3115 -2.18 -2.31 -0.5934 -0.4560 0.0011 0.0005 0.5891 -0.0939 0.067614 -0.775021 12.23 
2.1840 2 1 1 0x0 -2.1128 -2.2588 -2.11 -2.26 -0.4690 -0.5168 0.0006 0.0011 0.5842 -0.0943 0.073023 -0.778463 12.23 
2.1940 2 1 1 0x0 -2.0632 -2.2039 -2.06 -2.20 -0.4788 -0.4958 0.0006 0.0005 0.5796 -0.0946 0.070318 -0.784281 12.24 
2.2040 2 1 1 0x0 -2.0281 -2.1741 -2.03 -2.17 -0.4149 -0.4695 0.0005 0.0013 0.5753 -0.0949 0.073023 -0.785954 12.23 
2.2140 2 1 1 0x0 -1.9736 -2.1196 -1.97 -2.12 -0.5109 -0.4138 0.0012 0.0013 0.5709 -0.0952 0.073023 -0.785944 12.24 
2.2240 2 1 1 0x0 -1.9119 -2.0580 -1.91 -2.06 -0.4116 -0.4682 0.0009 0.0011 0.5664 -0.0956 0.073023 -0.788212 12.24 
2.2340 2 1 1 0x0 -1.8705 -2.0166 -1.87 -2.02 -0.3784 -0.4420 0.0011 0.0012 0.5624 -0.0959 0.073023 -0.793252 12.23 
2.2440 2 1 1 0x0 -1.8208 -1.9669 -1.82 -1.97 -0.3757 -0.4566 0.0013 0.0014 0.5583 -0.0962 0.073023 -0.793762 12.23 
2.2540 2 1 1 0x0 -1.7531 -1.8938 -1.75 -1.89 -0.3437 -0.3529 0.0012 0.0007 0.5541 -0.0965 0.070318 -0.793693 12.24 
2.2640 2 1 1 0x0 -1.6906 -1.8313 -1.69 -1.83 -0.4226 -0.3834 0.0016 0.0006 0.5500 -0.0967 0.070318 -0.793476 12.22 
2.2740 2 1 1 0x0 -1.6658 -1.8010 -1.67 -1.80 -0.3209 -0.4075 0.0015 0.0012 0.5466 -0.0970 0.067614 -0.795805 12.24 
2.2840 2 1 1 0x0 -1.6156 -1.7508 -1.62 -1.75 -0.3668 -0.3080 0.0009 0.0009 0.5429 -0.0972 0.067614 -0.797323 12.23 
2.2940 2 1 1 0x0 -1.5858 -1.7210 -1.59 -1.72 -0.3488 -0.2840 0.0012 0.0011 0.5397 -0.0975 0.067614 -0.800349 12.24 
2.3040 2 1 1 0x0 -1.5591 -1.6997 -1.56 -1.70 -0.3504 -0.3309 0.0010 0.0020 0.5367 -0.0977 0.070318 -0.803318 12.23 
2.3140 2 1 1 0x0 -1.5126 -1.6532 -1.51 -1.65 -0.3674 -0.3085 0.0013 0.0011 0.5334 -0.0979 0.070318 -0.804193 12.23 
2.3240 2 1 1 0x0 -1.4819 -1.6333 -1.48 -1.63 -0.3097 -0.2992 0.0007 0.0022 0.5306 -0.0981 0.075727 -0.803570 12.24 
2.3340 2 1 1 0x0 -1.4483 -1.5998 -1.45 -1.60 -0.2711 -0.2302 0.0009 0.0015 0.5278 -0.0983 0.075727 -0.804545 12.24 
2.3440 2 1 1 0x0 -1.4359 -1.5873 -1.44 -1.59 -0.2481 -0.2242 0.0021 0.0017 0.5253 -0.0985 0.075727 -0.805389 12.23 
2.3540 2 1 1 0x0 -1.4100 -1.5723 -1.41 -1.57 -0.2794 -0.2319 0.0015 0.0029 0.5229 -0.0987 0.081136 -0.804907 12.24 
2.3640 2 1 1 0x0 -1.3819 -1.5441 -1.38 -1.54 -0.2587 -0.2452 0.0017 0.0016 0.5205 -0.0989 0.081136 -0.806968 12.23 
2.3740 2 1 1 0x0 -1.3467 -1.5089 -1.35 -1.51 -0.2692 -0.2525 0.0016 0.0009 0.5181 -0.0991 0.081136 -0.809663 12.23 
2.3840 2 1 1 0x0 -1.3171 -1.4848 -1.32 -1.48 -0.2651 -0.2067 0.0014 0.0020 0.5158 -0.0993 0.083841 -0.810497 12.23 
2.3940 2 1 1 0x0 -1.2819 -1.4550 -1.28 -1.46 -0.2508 -0.2189 0.0010 0.0028 0.5136 -0.0994 0.086545 -0.810627 12.24 
2.4040 2 1 1 0x0 -1.2693 -1.4478 -1.27 -1.45 -0.1889 -0.1802 0.0016 0.0034 0.5118 -0.0996 0.089250 -0.809795 12.24 
2.4140 2 1 1 0x0 -1.2497 -1.4336 -1.25 -1.43 -0.2101 -0.1826 0.0014 0.0037 0.5100 -0.0998 0.091954 -0.809428 12.24 
2.4240 2 1 1 0x0 -1.2405 -1.4244 -1.24 -1.42 -0.1769 -0.1646 0.0021 0.0035 0.5084 -0.0999 0.091954 -0.809938 12.23 
2.4340 2 1 1 0x0 -1.2246 -1.4085 -1.22 -1.41 -0.1713 -0.1697 0.0020 0.0029 0.5067 -0.1001 0.091954 -0.812001 12.23 
2.4440 2 1 1 0x0 -1.2199 -1.3984 -1.22 -1.40 -0.1313 -0.1717 0.0038 0.0028 0.5053 -0.1002 0.089250 -0.812342 12.24 
2.4540 2 1 1 0x0 -1.1926 -1.3711 -1.19 -1.37 -0.1293 -0.1617 0.0029 0.0017 0.5037 -0.1003 0.089250 -0.811656 12.24 
2.4640 2 1 1 0x0 -1.1890 -1.3675 -1.19 -1.37 -0.1368 -0.1143 0.0036 0.0029 0.5025 -0.1004 0.089250 -0.810894 12.24 
2.4740 2 1 1 0x0 -1.1798 -1.3583 -1.18 -1.36 -0.1216 -0.1377 0.0038 0.0033 0.5013 -0.1005 0.089250 -0.810715 12.23 
2.4840 2 1 1 0x0 -1.1660 -1.3445 -1.17 -1.34 -0.1289 -0.1171 0.0038 0.0034 0.5001 -0.1007 0.089250 -0.810200 12.23 
2.4940 2 1 1 0x0 -1.1473 -1.3258 -1.15 -1.33 -0.0997 -0.1198 0.0031 0.0024 0.4989 -0.1008 0.089250 -0.809740 12.23 
2.5040 2 1 1 0x0 -1.1358 -1.3197 -1.14 -1.32 -0.1137 -0.1126 0.0019 0.0049 0.4978 -0.1009 0.091954 -0.809846 12.24 
2.5140 2 1 1 0x0 -1.1254 -1.3039 -1.13 -1.30 -0.1107 -0.0894 0.0036 0.0025 0.4968 -0.1010 0.089250 -0.809914 12.23 
2.5240 2 1 1 0x0 -1.1228 -1.3013 -1.12 -1.30 -0.1059 -0.0779 0.0056 0.0036 0.4960 -0.1010 0.089250 -0.809762 12.23 
2.5340 2 1 1 0x0 -1.1163 -1.2948 -1.12 -1.29 -0.1013 -0.0760 0.0068 0.0037 0.4952 -0.1011 0.089250 -0.809528 12.24 
2.5440 2 1 1 0x0 -1.1063 -1.2848 -1.11 -1.28 -0.0905 -0.0736 0.0074 0.0041 0.4944 -0.1012 0.089250 -0.809279 12.24 
2.5540 2 1 1 0x0 -1.0927 -1.2712 -1.09 -1.27 -0.0806 -0.0703 0.0071 0.0036 0.4936 -0.1012 0.089250 -0.809021 12.24 
2.5640 2 1 1 0x0 -1.0876 -1.2716 -1.09 -1.27 -0.0756 -0.0744 0.0056 0.0080 0.4930 -0.1013 0.091954 -0.809206 12.24 
2.5740 2 1 1 0x0 -1.0844 -1.2629 -1.08 -1.26 -0.0556 -0.0671 0.0092 0.0056 0.4924 -0.1014 0.089250 -0.809007 12.23 
2.5840 2 1 1 0x0 -1.0613 -1.2398 -1.06 -1.24 -0.0514 -0.0757 0.0052 0.0041 0.4916 -0.1014 0.089250 -0.807972 12.23 
2.5940 2 1 1 0x0 -1.0643 -1.2428 -1.06 -1.24 -0.0552 -0.0543 0.0076 0.0077 0.4912 -0.1015 0.089250 -0.806729 12.23 
2.6040 2 1 1 0x0 -1.0528 -1.2259 -1.05 -1.23 -0.0370 -0.0655 0.0084 0.0056 0.4906 -0.1015 0.086545 -0.806572 12.23 
2.6140 2 1 1 0x0 -1.0391 -1.2068 -1.04 -1.21 -0.0453 -0.0626 0.0085 0.0036 0.4900 -0.1016 0.083841 -0.806379 12.23 
2.6240 2 1 1 0x0 -1.0358 -1.2034 -1.04 -1.20 -0.0410 -0.0758 0.0090 0.0077 0.4896 -0.1016 0.083841 -0.805389 12.23 
2.6340 2 1 1 0x0 -1.0188 -1.1811 -1.02 -1.18 -0.0414 -0.0643 0.0092 0.0060 0.4890 -0.1017 0.081136 -0.804127 12.23 
2.6440 2 1 1 0x0 -1.0112 -1.1735 -1.01 -1.17 -0.0285 -0.0548 0.0072 0.0092 0.4886 -0.1017 0.081136 -0.804055 12.23 
2.6540 2 1 1 0x0 -1.0080 -1.1594 -1.01 -1.16 -0.0285 -0.0654 0.0172 0.0069 0.4882 -0.1017 0.075727 -0.803657 12.23 
2.6640 2 1 1 0x0 -0.9863 -1.1323 -0.99 -1.13 -0.0319 -0.0600 0.0137 0.0050 0.4875 -0.1018 0.073023 -0.803228 12.23 
2.6740 2 1 1 0x0 -0.9746 -1.1206 -0.97 -1.12 -0.0237 -0.0727 0.0088 0.0088 0.4871 -0.1018 0.073023 -0.802940 12.23 
2.6840 2 1 1 0x0 -0.9676 -1.1029 -0.97 -1.10 -0.0237 -0.0671 0.0188 0.0060 0.4867 -0.1018 0.067614 -0.802538 12.23 
2.6940 2 1 1 0x0 -0.9531 -1.0883 -0.95 -1.09 -0.0215 -0.0548 0.0108 0.0093 0.4863 -0.1018 0.067614 -0.802013 12.24 
2.7040 2 1 1 0x0 -0.9436 -1.0680 -0.94 -1.07 -0.0215 -0.0579 0.0208 0.0060 0.4859 -0.1019 0.062204 -0.801785 12.24 
2.7140 2 1 1 0x0 -0.9439 -1.0629 -0.94 -1.06 -0.0190 -0.0559 0.0308 0.0088 0.4857 -0.1019 0.059500 -0.801876 12.23 
2.7240 2 1 1 0x0 -0.9423 -1.0559 -0.94 -1.06 -0.0129 -0.0479 0.0408 0.0110 0.4855 -0.1019 0.056795 -0.801252 12.23 
2.7340 2 1 1 0x0 -0.9116 -1.0198 -0.91 -1.02 -0.0119 -0.0523 0.0243 0.0054 0.4849 -0.1019 0.054091 -0.800166 12.24 
2.7440 2 1 1 0x0 -0.8917 -0.9999 -0.89 -1.00 -0.0282 -0.0463 0.0100 0.0071 0.4845 -0.1020 0.054091 -0.799631 12.23 
2.7540 2 1 1 0x0 -0.8884 -0.9911 -0.89 -0.99 -0.0282 -0.0385 0.0200 0.0075 0.4843 -0.1020 0.051386 -0.799800 12.23 
2.7640 2 1 1 0x0 -0.8664 -0.9692 -0.87 -0.97 -0.0197 -0.0390 0.0125 0.0070 0.4839 -0.1020 0.051386 -0.799490 12.24 
2.7740 2 1 1 0x0 -0.8729 -0.9756 -0.87 -0.98 -0.0197 -0.0390 0.0225 0.0170 0.4839 -0.1020 0.051386 -0.799065 12.24 
2.7840 2 1 1 0x0 -0.8657 -0.9631 -0.87 -0.96 -0.0197 -0.0264 0.0325 0.0141 0.4837 -0.1020 0.048682 -0.799274 12.23 
2.7940 2 1 1 0x0 -0.8570 -0.9490 -0.86 -0.95 -0.0126 -0.0283 0.0425 0.0093 0.4835 -0.1020 0.045977 -0.798863 12.23 
2.8040 2 1 1 0x0 -0.8590 -0.9510 -0.86 -0.95 -0.0096 -0.0283 0.0525 0.0193 0.4835 -0.1020 0.045977 -0.798164 12.23 
2.8140 2 1 1 0x0 -0.8591 -0.9511 -0.86 -0.95 -0.0078 -0.0184 0.0625 0.0293 0.4835 -0.1020 0.045977 -0.798516 12.23 
2.8240 2 1 1 0x0 -0.8304 -0.9224 -0.83 -0.92 -0.0074 -0.0155 0.0346 0.0190 0.4831 -0.1020 0.045977 -0.798848 12.24 
2.8340 2 1 1 0x0 -0.8299 -0.9219 -0.83 -0.92 -0.0074 -0.0155 0.0446 0.0290 0.4831 -0.1020 0.045977 -0.798545 12.23 
2.8440 2 1 1 0x0 -0.8279 -0.9199 -0.83 -0.92 -0.0074 -0.0155 0.0546 0.0390 0.4831 -0.1020 0.045977 -0.798400 12.23 
2.8540 2 1 1 0x0 -0.8247 -0.9166 -0.82 -0.92 -0.0074 -0.0113 0.0646 0.0490 0.4831 -0.1020 0.045977 -0.798048 12.23 
2.8640 2 1 1 0x0 -0.8204 -0.9123 -0.82 -0.91 -0.0074 -0.0088 0.0746 0.0590 0.4831 -0.1020 0.045977 -0.797147 12.23 
2.8740 2 1 1 0x0 -0.8152 -0.9072 -0.82 -0.91 -0.0074 -0.0073 0.0846 0.0690 0.4831 -0.1020 0.045977 -0.796327 12.23 
2.8840 2 1 1 0x0 -0.8094 -0.9013 -0.81 -0.90 -0.0061 -0.0062 0.0946 0.0790 0.4831 -0.1020 0.045977 -0.795849 12.24 
2.8940 2 1 1 0x0 -0.8029 -0.8949 -0.80 -0.89 -0.0053 -0.0053 0.1000 0.0890 0.4831 -0.1020 0.045977 -0.795411 12.23 
2.9040 2 1 1 0x0 -0.7960 -0.8880 -0.80 -0.89 -0.0047 -0.0047 0.1000 0.0990 0.4831 -0.1020 0.045977 -0.794984 12.23 
2.9140 2 1 1 0x0 -0.7887 -0.8807 -0.79 -0.88 -0.0042 -0.0042 0.1000 0.1000 0.4831 -0.1020 0.045977 -0.794515 12.24 
2.9240 2 1 1 0x0 -0.7811 -0.8731 -0.78 -0.87 -0.0038 -0.0038 0.1000 0.1000 0.4831 -0.1020 0.045977 -0.793930 12.23 
2.9340 2 1 1 0x0 -0.7732 -0.8652 -0.77 -0.87 -0.0035 -0.0035 0.1000 0.1000 0.4831 -0.1020 0.045977 -0.793319 12.23 
2.9440 2 1 1 0x0 -0.7651 -0.8571 -0.77 -0.86 -0.0032 -0.0032 0.1000 0.1000 0.4831 -0.1020 0.045977 -0.792702 12.24 
2.9540 2 1 1 0x0 -0.7569 -0.8488 -0.76 -0.85 -0.0030 -0.0030 0.1000 0.1000 0.4831 -0.1020 0.045977 -0.792144 12.24 
2.9640 2 1 1 0x0 -0.7485 -0.8404 -0.75 -0.84 -0.0028 -0.0028 0.1000 0.1000 0.4831 -0.1020 0.045977 -0.791745 12.23 
2.9740 2 1 1 0x0 -0.7399 -0.8319 -0.74 -0.83 -0.0026 -0.0026 0.1000 0.1000 0.4831 -0.1020 0.045977 -0.791354 12.24 
2.9840 2 1 1 0x0 -0.7313 -0.8232 -0.73 -0.82 -0.0024 -0.0024 0.1000 0.1000 0.4831 -0.1020 0.045977 -0.790836 12.23 
2.9940 2 1 1 0x0 -0.7226 -0.8145 -0.72 -0.81 -0.0023 -0.0023 0.1000 0.1000 0.4831 -0.1020 0.045977 -0.790253 12.23 
3.0040 2 1 1 0x0 -0.7138 -0.8058 -0.71 -0.81 -0.0022 -0.0022 0.1000 0.1000 0.4831 -0.1020 0.045977 -0.789696 12.24 
3.0140 2 1 1 0x0 -0.7050 -0.7969 -0.70 -0.80 -0.0021 -0.0021 0.1000 0.1000 0.4831 -0.1020 0.045977 -0.789211 12.24 
3.0240 2 1 1 0x0 -0.6961 -0.7880 -0.70 -0.79 -0.0000 -0.0000 0.1000 0.1000 0.4831 -0.1020 0.045977 -0.788793 12.23 
3.0340 2 1 1 0x0 -0.6872 -0.7791 -0.69 -0.78 -0.0000 -0.0000 0.1000 0.1000 0.4831 -0.1020 0.045977 -0.788381 12.23 
3.0440 2 1 1 0x0 -0.6782 -0.7702 -0.68 -0.77 -0.0000 -0.0000 0.1000 0.1000 0.4831 -0.1020 0.045977 -0.787911 12.24 
3.0540 2 1 1 0x0 -0.6693 -0.7612 -0.67 -0.76 -0.0000 -0.0000 0.1000 0.1000 0.4831 -0.1020 0.045977 -0.787399 12.24 
3.0640 2 1 1 0x0 -0.6602 -0.7522 -0.66 -0.75 -0.0000 -0.0000 0.1000 0.1000 0.4831 -0.1020 0.045977 -0.786861 12.24 
3.0740 2 1 1 0x0 -0.6512 -0.7432 -0.65 -0.74 -0.0000 -0.0000 0.1000 0.1000 0.4831 -0.1020 0.045977 -0.786364 12.24 
3.0840 2 1 1 0x0 -0.6422 -0.7342 -0.64 -0.73 -0.0000 -0.0000 0.1000 0.1000 0.4831 -0.1020 0.045977 -0.785935 12.24 
3.0940 2 1 1 0x0 -0.6332 -0.7251 -0.63 -0.73 -0.0000 -0.0000 0.1000 0.1000 0.4831 -0.1020 0.045977 -0.785535 12.24 
3.1040 2 1 1 0x0 -0.6241 -0.7161 -0.62 -0.72 -0.0000 -0.0000 0.1000 0.1000 0.4831 -0.1020 0.045977 -0.785105 12.23 
3.1140 2 1 1 0x0 -0.6151 -0.7070 -0.62 -0.71 -0.0000 -0.0000 0.1000 0.1000 0.4831 -0.1020 0.045977 -0.784634 12.24 
3.1240 2 1 1 0x0 -0.6060 -0.6980 -0.61 -0.70 -0.0000 -0.0000 0.1000 0.1000 0.4831 -0.1020 0.045977 -0.784146 12.24 
3.1340 2 1 1 0x0 -0.5970 -0.6889 -0.60 -0.69 -0.0000 -0.0000 0.1000 0.1000 0.4831 -0.1020 0.045977 -0.783692 12.24 
3.1440 2 1 1 0x0 -0.5879 -0.6798 -0.59 -0.68 -0.0000 -0.0000 0.1000 0.1000 0.4831 -0.1020 0.045977 -0.783272 12.24 
3.1540 2 1 1 0x0 -0.5788 -0.6707 -0.58 -0.67 -0.0000 -0.0000 0.1000 0.1000 0.4831 -0.1020 0.045977 -0.782890 12.24 
3.1640 2 1 1 0x0 -0.5697 -0.6617 -0.57 -0.66 -0.0000 -0.0000 0.1000 0.1000 0.4831 -0.1020 0.045977 -0.782519 12.24 
3.1740 2 1 1 0x0 -0.5606 -0.6526 -0.56 -0.65 -0.0000 -0.0000 0.1000 0.1000 0.4831 -0.1020 0.045977 -0.782121 12.24 
3.1840 2 1 1 0x0 -0.5515 -0.6435 -0.55 -0.64 -0.0000 -0.0000 0.1000 0.1000 0.4831 -0.1020 0.045977 -0.781673 12.24 
3.1940 2 1 1 0x0 -0.5424 -0.6344 -0.54 -0.63 -0.0000 -0.0000 0.1000 0.1000 0.4831 -0.1020 0.045977 -0.781233 12.24 
3.2040 2 1 1 0x0 -0.5333 -0.6253 -0.53 -0.63 -0.0000 -0.0000 0.1000 0.1000 0.4831 -0.1020 0.045977 -0.780822 12.24 
3.2139 2 1 1 0x0 -0.5242 -0.6162 -0.52 -0.62 -0.0000 -0.0000 0.1000 0.1000 0.4831 -0.1020 0.045977 -0.780471 12.24 
3.2239 2 1 1 0x0 -0.5151 -0.6071 -0.52 -0.61 -0.0000 -0.0000 0.1000 0.1000 0.4831 -0.1020 0.045977 -0.780090 12.24 
3.2339 2 1 1 0x0 -0.5061 -0.5980 -0.51 -0.60 -0.0000 -0.0000 0.1000 0.1000 0.4831 -0.1020 0.045977 -0.779697 12.25 
3.2439 2 1 1 0x0 -0.4970 -0.5889 -0.50 -0.59 -0.0000 -0.0000 0.1000 0.1000 0.4831 -0.1020 0.045977 -0.779290 12.24 
3.2539 2 1 1 0x0 -0.4879 -0.5798 -0.49 -0.58 -0.0000 -0.0000 0.1000 0.1000 0.4831 -0.1020 0.045977 -0.778876 12.24 
3.2639 2 1 1 0x0 -0.4788 -0.5707 -0.48 -0.57 -0.0000 -0.0000 0.1000 0.1000 0.4831 -0.1020 0.045977 -0.778499 12.24 
3.2739 2 1 1 0x0 -0.4697 -0.5616 -0.47 -0.56 -0.0000 -0.0000 0.1000 0.1000 0.4831 -0.1020 0.045977 -0.778163 12.24 
3.2839 2 1 1 0x0 -0.4606 -0.5525 -0.46 -0.55 -0.0000 -0.0000 0.1000 0.1000 0.4831 -0.1020 0.045977 -0.777831 12.24 
3.2939 2 1 1 0x0 -0.4515 -0.5435 -0.45 -0.54 -0.0000 -0.0000 0.1000 0.1000 0.4831 -0.1020 0.045977 -0.777453 12.24 
3.3039 2 1 1 0x0 -0.4424 -0.5344 -0.44 -0.53 -0.0000 -0.0000 0.1000 0.1000 0.4831 -0.1020 0.045977 -0.777089 12.24 
3.3139 2 1 1 0x0 -0.4333 -0.5253 -0.43 -0.53 -0.0000 -0.0000 0.1000 0.1000 0.4831 -0.1020 0.045977 -0.776712 12.24 
3.3239 2 1 1 0x0 -0.4242 -0.5162 -0.42 -0.52 -0.0000 -0.0000 0.1000 0.1000 0.4831 -0.1020 0.045977 -0.776372 12.24 
3.3339 2 1 1 0x0 -0.4151 -0.5071 -0.42 -0.51 -0.0000 -0.0000 0.1000 0.1000 0.4831 -0.1020 0.045977 -0.776038 12.24 
3.3439 2 1 1 0x0 -0.4060 -0.4980 -0.41 -0.50 -0.0000 -0.0000 0.1000 0.1000 0.4831 -0.1020 0.045977 -0.775725 12.24 
3.3539 2 1 1 0x0 -0.3969 -0.4889 -0.40 -0.49 -0.0000 -0.0000 0.1000 0.1000 0.4831 -0.1020 0.045977 -0.775369 12.24 
3.3639 2 1 1 0x0 -0.3879 -0.4798 -0.39 -0.48 -0.0000 -0.0000 0.1000 0.1000 0.4831 -0.1020 0.045977 -0.774999 12.24 
3.3739 2 1 1 0x0 -0.3788 -0.4707 -0.38 -0.47 -0.0000 -0.0000 0.1000 0.1000 0.4831 -0.1020 0.045977 -0.774623 12.24 
3.3839 2 1 1 0x0 -0.3697 -0.4616 -0.37 -0.46 -0.0000 -0.0000 0.1000 0.1000 0.4831 -0.1020 0.045977 -0.774273 12.24 
3.3939 2 1 1 0x0 -0.3606 -0.4525 -0.36 -0.45 -0.0000 -0.0000 0.1000 0.1000 0.4831 -0.1020 0.045977 -0.773945 12.24 
3.4039 2 1 1 0x0 -0.3515 -0.4434 -0.35 -0.44 -0.0000 -0.0000 0.1000 0.1000 0.4831 -0.1020 0.045977 -0.773568 12.24 
3.4139 2 1 1 0x0 -0.3424 -0.4344 -0.34 -0.43 -0.0000 -0.0000 0.1000 0.1000 0.4831 -0.1020 0.045977 -0.773253 12.24 
3.4239 2 1 1 0x0 -0.3333 -0.4253 -0.33 -0.43 -0.0000 -0.0000 0.1000 0.1000 0.4831 -0.1020 0.045977 -0.772924 12.24 
3.4339 2 1 1 0x0 -0.3242 -0.4162 -0.32 -0.42 -0.0000 -0.0000 0.1000 0.1000 0.4831 -0.1020 0.045977 -0.772563 12.24 
3.4439 2 1 1 0x0 -0.3151 -0.4071 -0.32 -0.41 -0.0000 -0.0000 0.1000 0.1000 0.4831 -0.1020 0.045977 -0.772274 12.24 
3.4539 2 1 1 0x0 -0.3060 -0.3980 -0.31 -0.40 -0.0000 -0.0000 0.1000 0.1000 0.4831 -0.1020 0.045977 -0.771990 12.24 
3.4639 2 1 1 0x0 -0.2969 -0.3889 -0.30 -0.39 -0.0000 -0.0000 0.1000 0.1000 0.4831 -0.1020 0.045977 -0.771718 12.24 
3.4739 2 1 1 0x0 -0.2878 -0.3798 -0.29 -0.38 -0.0000 -0.0000 0.1000 0.1000 0.4831 -0.1020 0.045977 -0.771424 12.24 
3.4839 2 1 1 0x0 -0.2788 -0.3707 -0.28 -0.37 -0.0000 -0.0000 0.1000 0.1000 0.4831 -0.1020 0.045977 -0.771141 12.24 
3.4939 2 1 1 0x0 -0.2697 -0.3616 -0.27 -0.36 -0.0000 -0.0000 0.1000 0.1000 0.4831 -0.1020 0.045977 -0.770860 12.24 
3.5039 2 1 1 0x0 -0.2606 -0.3525 -0.26 -0.35 -0.0000 -0.0000 0.1000 0.1000 0.4831 -0.1020 0.045977 -0.770549 12.24 
3.5139 2 1 1 0x0 -0.2515 -0.3434 -0.25 -0.34 -0.0000 -0.0000 0.1000 0.1000 0.4831 -0.1020 0.045977 -0.770274 12.24 
3.5239 2 1 1 0x0 -0.2424 -0.3343 -0.24 -0.33 -0.0000 -0.0000 0.1000 0.1000 0.4831 -0.1020 0.045977 -0.770035 12.24 
3.5339 2 1 1 0x0 -0.2333 -0.3252 -0.23 -0.33 -0.0000 -0.0000 0.1000 0.1000 0.4831 -0.1020 0.045977 -0.769808 12.24 
3.5439 2 1 1 0x0 -0.2242 -0.3162 -0.22 -0.32 -0.0000 -0.0000 0.1000 0.1000 0.4831 -0.1020 0.045977 -0.769558 12.24 
3.5539 2 1 1 0x0 -0.2151 -0.3071 -0.22 -0.31 -0.0000 -0.0000 0.1000 0.1000 0.4831 -0.1020 0.045977 -0.769267 12.24 
3.5639 2 1 1 0x0 -0.2060 -0.2980 -0.21 -0.30 -0.0000 -0.0000 0.1000 0.1000 0.4831 -0.1020 0.045977 -0.768960 12.24 
3.5739 2 1 1 0x0 -0.1969 -0.2889 -0.20 -0.29 -0.0000 -0.0000 0.1000 0.1000 0.4831 -0.1020 0.045977 -0.768647 12.24 
3.5839 2 1 1 0x0 -0.1878 -0.2798 -0.19 -0.28 -0.0000 -0.0000 0.1000 0.1000 0.4831 -0.1020 0.045977 -0.768320 12.24 
3.5939 2 1 1 0x0 -0.1787 -0.2707 -0.18 -0.27 -0.0000 -0.0000 0.1000 0.1000 0.4831 -0.1020 0.045977 -0.768066 12.24 
3.6039 2 1 1 0x0 -0.1696 -0.2616 -0.17 -0.26 -0.0000 -0.0000 0.1000 0.1000 0.4831 -0.1020 0.045977 -0.767814 12.24 
3.6139 2 1 1 0x0 -0.1606 -0.2525 -0.16 -0.25 -0.0000 -0.0000 0.1000 0.1000 0.4831 -0.1020 0.045977 -0.767600 12.24 
3.6239 2 1 1 0x0 -0.1515 -0.2434 -0.15 -0.24 -0.0000 -0.0000 0.1000 0.1000 0.4831 -0.1020 0.045977 -0.767293 12.24 
3.6339 2 1 1 0x0 -0.1424 -0.2343 -0.14 -0.23 -0.0000 -0.0000 0.1000 0.1000 0.4831 -0.1020 0.045977 -0.767018 12.23 
3.6439 2 1 1 0x0 -0.1333 -0.2252 -0.13 -0.23 -0.0000 -0.0000 0.1000 0.1000 0.4831 -0.1020 0.045977 -0.766830 12.24 
3.6539 2 1 1 0x0 -0.1242 -0.2161 -0.12 -0.22 -0.0000 -0.0000 0.1000 0.1000 0.4831 -0.1020 0.045977 -0.766564 12.24 
3.6639 2 1 1 0x0 -0.1151 -0.2070 -0.12 -0.21 -0.0000 -0.0000 0.1000 0.1000 0.4831 -0.1020 0.045977 -0.766297 12.24 
3.6739 2 1 1 0x0 -0.1060 -0.1980 -0.11 -0.20 -0.0000 -0.0000 0.1000 0.1000 0.4831 -0.1020 0.045977 -0.766070 12.24 
3.6839 2 1 1 0x0 -0.0969 -0.1889 -0.10 -0.19 -0.0000 -0.0000 0.1000 0.1000 0.4831 -0.1020 0.045977 -0.765933 12.24 
3.6939 2 1 1 0x0 -0.0878 -0.1798 -0.09 -0.18 -0.0000 -0.0000 0.1000 0.1000 0.4831 -0.1020 0.045977 -0.765639 12.24 
3.7039 2 1 1 0x0 -0.0787 -0.1707 -0.08 -0.17 -0.0000 -0.0000 0.1000 0.1000 0.4831 -0.1020 0.045977 -0.765281 12.24 
3.7139 2 1 1 0x0 -0.0696 -0.1616 -0.07 -0.16 -0.0000 -0.0000 0.1000 0.1000 0.4831 -0.1020 0.045977 -0.765074 12.24 
3.7239 2 1 1 0x0 -0.0605 -0.1525 -0.06 -0.15 -0.0000 -0.0000 0.1000 0.1000 0.4831 -0.1020 0.045977 -0.764931 12.24 
3.7339 2 1 1 0x0 -0.0514 -0.1434 -0.05 -0.14 -0.0000 -0.0000 0.1000 0.1000 0.4831 -0.1020 0.045977 -0.764673 12.24 
3.7439 2 1 1 0x0 -0.0423 -0.1343 -0.04 -0.13 -0.0000 -0.0000 0.1000 0.1000 0.4831 -0.1020 0.045977 -0.764362 12.24 
3.7539 2 1 1 0x0 -0.0333 -0.1252 -0.03 -0.13 -0.0000 -0.0000 0.1000 0.1000 0.4831 -0.1020 0.045977 -0.764144 12.24 
3.7639 2 1 1 0x0 -0.0242 -0.1161 -0.02 -0.12 -0.0000 -0.0000 0.1000 0.1000 0.4831 -0.1020 0.045977 -0.763966 12.24 
3.7739 2 1 1 0x0 -0.0151 -0.1070 -0.02 -0.11 -0.0000 -0.0000 0.1000 0.1000 0.4831 -0.1020 0.045977 -0.763732 12.24 
3.7839 2 1 1 0x0 -0.0060 -0.0979 -0.01 -0.10 -0.0000 -0.0000 0.1000 0.1000 0.4831 -0.1020 0.045977 -0.763488 12.24 
3.7939 2 1 1 0x0 0.0031 -0.0888 0.00 -0.09 -0.0000 -0.0000 0.1000 0.1000 0.4831 -0.1020 0.045977 -0.763321 12.24 
3.8039 2 1 1 0x0 0.0122 -0.0797 0.01 -0.08 -0.0000 -0.0000 0.1000 0.1000 0.4831 -0.1020 0.045977 -0.763120 12.24 
3.8139 2 1 1 0x0 0.0213 -0.0707 0.02 -0.07 -0.0000 -0.0000 0.1000 0.1000 0.4831 -0.1020 0.045977 -0.762826 12.24 
3.8239 2 1 1 0x0 0.0304 -0.0616 0.03 -0.06 -0.0000 -0.0000 0.1000 0.1000 0.4831 -0.1020 0.045977 -0.762558 12.24 
3.8339 2 1 1 0x0 0.0395 -0.0525 0.04 -0.05 -0.0000 -0.0000 0.1000 0.1000 0.4831 -0.1020 0.045977 -0.762438 12.24 
3.8439 2 1 1 0x0 0.0486 -0.0434 0.05 -0.04 -0.0000 -0.0000 0.1000 0.1000 0.4831 -0.1020 0.045977 -0.762254 12.24 
3.8539 2 1 1 0x0 0.0577 -0.0343 0.06 -0.03 -0.0000 -0.0000 0.1000 0.1000 0.4831 -0.1020 0.045977 -0.762015 12.24 
3.8639 2 1 1 0x0 0.0668 -0.0252 0.07 -0.03 -0.0000 -0.0000 0.1000 0.1000 0.4831 -0.1020 0.045977 -0.761769 12.24 
3.8739 2 1 1 0x0 0.0759 -0.0161 0.08 -0.02 -0.0000 -0.0000 0.1000 0.1000 0.4831 -0.1020 0.045977 -0.761600 12.24 
3.8839 2 1 1 0x0 0.0849 -0.0070 0.08 -0.01 -0.0000 -0.0000 0.1000 0.1000 0.4831 -0.1020 0.045977 -0.761423 12.23 
3.8939 2 1 1 0x0 0.0940 0.0021 0.09 0.00 -0.0000 -0.0000 0.1000 0.1000 0.4831 -0.1020 0.045977 -0.761155 12.24 
3.9039 2 1 1 0x0 0.1031 0.0112 0.10 0.01 -0.0000 -0.0000 0.1000 0.1000 0.4831 -0.1020 0.045977 -0.760960 12.24 
3.9139 2 1 1 0x0 0.1122 0.0203 0.11 0.02 -0.0000 -0.0000 0.1000 0.1000 0.4831 -0.1020 0.045977 -0.760807 12.24 
3.9239 2 1 1 0x0 0.1213 0.0294 0.12 0.03 -0.0000 -0.0000 0.1000 0.1000 0.4831 -0.1020 0.045977 -0.760613 12.24 
3.9339 2 1 1 0x0 0.1304 0.0385 0.13 0.04 -0.0000 -0.0000 0.1000 0.1000 0.4831 -0.1020 0.045977 -0.760390 12.23 
3.9439 2 1 1 0x0 0.1395 0.0475 0.14 0.05 -0.0000 -0.0000 0.1000 0.1000 0.4831 -0.1020 0.045977 -0.760191 12.24 
3.9539 2 1 1 0x0 0.1486 0.0566 0.15 0.06 -0.0000 -0.0000 0.1000 0.1000 0.4831 -0.1020 0.045977 -0.760055 12.24 
3.9639 2 1 1 0x0 0.1577 0.0657 0.16 0.07 -0.0000 -0.0000 0.1000 0.1000 0.4831 -0.1020 0.045977 -0.759869 12.24 
3.9739 2 1 1 0x0 0.1668 0.0748 0.17 0.07 -0.0000 -0.0000 0.1000 0.1000 0.4831 -0.1020 0.045977 -0.759671 12.24 
3.9839 2 1 1 0x0 0.1759 0.0839 0.18 0.08 -0.0000 -0.0000 0.1000 0.1000 0.4831 -0.1020 0.045977 -0.759483 12.24 
3.9939 2 1 1 0x0 0.1850 0.0930 0.18 0.09 -0.0000 -0.0000 0.1000 0.1000 0.4831 -0.1020 0.045977 -0.759352 12.24 
4.0039 2 1 1 0x0 0.1941 0.1021 0.19 0.10 -0.0000 -0.0000 0.1000 0.1000 0.4831 -0.1020 0.045977 -0.759157 12.23 
4.0139 2 1 1 0x0 0.2031 0.1112 0.20 0.11 -0.0000 -0.0000 0.1000 0.1000 0.4831 -0.1020 0.045977 -0.758965 12.24 
4.0239 2 1 1 0x0 0.2122 0.1203 0.21 0.12 -0.0000 -0.0000 0.1000 0.1000 0.4831 -0.1020 0.045977 -0.758775 12.24 
4.0339 2 1 1 0x0 0.2213 0.1294 0.22 0.13 -0.0000 -0.0000 0.1000 0.1000 0.4831 -0.1020 0.045977 -0.758598 12.24 
4.0439 2 1 1 0x0 0.2304 0.1385 0.23 0.14 -0.0000 -0.0000 0.1000 0.1000 0.4831 -0.1020 0.045977 -0.758439 12.24 
4.0539 2 1 1 0x0 0.2395 0.1476 0.24 0.15 -0.0000 -0.0000 0.1000 0.1000 0.4831 -0.1020 0.045977 -0.758228 12.24 
4.0639 2 1 1 0x0 0.2486 0.1567 0.25 0.16 -0.0000 -0.0000 0.1000 0.1000 0.4831 -0.1020 0.045977 -0.758098 12.23 
4.0739 2 1 1 0x0 0.2577 0.1658 0.26 0.17 -0.0000 -0.0000 0.1000 0.1000 0.4831 -0.1020 0.045977 -0.757978 12.24 
4.0839 2 1 1 0x0 0.2668 0.1748 0.27 0.17 -0.0000 -0.0000 0.1000 0.1000 0.4831 -0.1020 0.045977 -0.757796 12.24 
4.0939 2 1 1 0x0 0.2759 0.1839 0.28 0.18 -0.0000 -0.0000 0.1000 0.1000 0.4831 -0.1020 0.045977 -0.757619 12.24 
4.1039 2 1 1 0x0 0.2850 0.1930 0.28 0.19 -0.0000 -0.0000 0.1000 0.1000 0.4831 -0.1020 0.045977 -0.757461 12.24 
4.1139 2 1 1 0x0 0.2941 0.2021 0.29 0.20 -0.0000 -0.0000 0.1000 0.1000 0.4831 -0.1020 0.045977 -0.757342 12.24 
4.1239 2 1 1 0x0 0.3032 0.2112 0.30 0.21 -0.0000 -0.0000 0.1000 0.1000 0.4831 -0.1020 0.045977 -0.757152 12.24 
4.1339 2 1 1 0x0 0.3123 0.2203 0.31 0.22 -0.0000 -0.0000 0.1000 0.1000 0.4831 -0.1020 0.045977 -0.757003 12.24 
4.1439 2 1 1 0x0 0.3214 0.2294 0.32 0.23 -0.0000 -0.0000 0.1000 0.1000 0.4831 -0.1020 0.045977 -0.756870 12.24 
4.1539 2 1 1 0x0 0.3304 0.2385 0.33 0.24 -0.0000 -0.0000 0.1000 0.1000 0.4831 -0.1020 0.045977 -0.756737 12.24 
4.1639 2 1 1 0x0 0.3395 0.2476 0.34 0.25 -0.0000 -0.0000 0.1000 0.1000 0.4831 -0.1020 0.045977 -0.756571 12.24 
4.1739 2 1 1 0x0 0.3486 0.2567 0.35 0.26 -0.0000 -0.0000 0.1000 0.1000 0.4831 -0.1020 0.045977 -0.756425 12.24 
4.1839 2 1 1 0x0 0.3577 0.2658 0.36 0.27 -0.0000 -0.0000 0.1000 0.1000 0.4831 -0.1020 0.045977 -0.756271 12.24 
4.1939 2 1 1 0x0 0.3668 0.2749 0.37 0.27 -0.0000 -0.0000 0.1000 0.1000 0.4831 -0.1020 0.045977 -0.756128 12.24 
4.2039 2 1 1 0x0 0.3759 0.2840 0.38 0.28 -0.0000 -0.0000 0.1000 0.1000 0.4831 -0.1020 0.045977 -0.755970 12.24 
4.2139 2 1 1 0x0 0.3850 0.2930 0.38 0.29 -0.0000 -0.0000 0.1000 0.1000 0.4831 -0.1020 0.045977 -0.755822 12.24 
4.2239 2 1 1 0x0 0.3941 0.3021 0.39 0.30 -0.0000 -0.0000 0.1000 0.1000 0.4831 -0.1020 0.045977 -0.755691 12.24 
4.2339 2 1 1 0x0 0.4032 0.3112 0.40 0.31 -0.0000 -0.0000 0.1000 0.1000 0.4831 -0.1020 0.045977 -0.755518 12.24 
4.2439 2 1 1 0x0 0.4123 0.3203 0.41 0.32 -0.0000 -0.0000 0.1000 0.1000 0.4831 -0.1020 0.045977 -0.755375 12.25 
4.2539 2 1 1 0x0 0.4214 0.3294 0.42 0.33 -0.0000 -0.0000 0.1000 0.1000 0.4831 -0.1020 0.045977 -0.755253 12.24 
4.2639 2 1 1 0x0 0.4305 0.3385 0.43 0.34 -0.0000 -0.0000 0.1000 0.1000 0.4831 -0.1020 0.045977 -0.755154 12.24 
4.2739 2 1 1 0x0 0.4396 0.3476 0.44 0.35 -0.0000 -0.0000 0.1000 0.1000 0.4831 -0.1020 0.045977 -0.755042 12.24 
4.2839 2 1 1 0x0 0.4486 0.3567 0.45 0.36 -0.0000 -0.0000 0.1000 0.1000 0.4831 -0.1020 0.045977 -0.754911 12.24 
4.2939 2 1 1 0x0 0.4577 0.3658 0.46 0.37 -0.0000 -0.0000 0.1000 0.1000 0.4831 -0.1020 0.045977 -0.754796 12.24 
4.3039 2 1 1 0x0 0.4668 0.3749 0.47 0.37 -0.0000 -0.0000 0.1000 0.1000 0.4831 -0.1020 0.045977 -0.754666 12.24 
4.3139 2 1 1 0x0 0.4759 0.3840 0.48 0.38 -0.0000 -0.0000 0.1000 0.1000 0.4831 -0.1020 0.045977 -0.754517 12.24 
4.3239 2 1 1 0x0 0.4850 0.3931 0.49 0.39 -0.0000 -0.0000 0.1000 0.1000 0.4831 -0.1020 0.045977 -0.754384 12.24 
4.3339 2 1 1 0x0 0.4941 0.4022 0.49 0.40 -0.0000 -0.0000 0.1000 0.1000 0.4831 -0.1020 0.045977 -0.754260 12.24 
4.3439 2 1 1 0x0 0.5032 0.4112 0.50 0.41 -0.0000 -0.0000 0.1000 0.1000 0.4831 -0.1020 0.045977 -0.754156 12.24 
4.3539 2 1 1 0x0 0.5123 0.4203 0.51 0.42 -0.0000 -0.0000 0.1000 0.1000 0.4831 -0.1020 0.045977 -0.754024 12.23 
4.3639 2 1 1 0x0 0.5214 0.4294 0.52 0.43 -0.0000 -0.0000 0.1000 0.1000 0.4831 -0.1020 0.045977 -0.753892 12.24 
4.3739 2 1 1 0x0 0.5305 0.4385 0.53 0.44 -0.0000 -0.0000 0.1000 0.1000 0.4831 -0.1020 0.045977 -0.753772 12.24 
4.3839 2 1 1 0x0 0.5396 0.4476 0.54 0.45 -0.0000 -0.0000 0.1000 0.1000 0.4831 -0.1020 0.045977 -0.753679 12.24 
4.3939 2 1 1 0x0 0.5487 0.4567 0.55 0.46 -0.0000 -0.0000 0.1000 0.1000 0.4831 -0.1020 0.045977 -0.753560 12.24 
4.4039 2 1 1 0x0 0.5578 0.4658 0.56 0.47 -0.0000 -0.0000 0.1000 0.1000 0.4831 -0.1020 0.045977 -0.753444 12.24 
4.4139 2 1 1 0x0 0.5668 0.4749 0.57 0.47 -0.0000 -0.0000 0.1000 0.1000 0.4831 -0.1020 0.045977 -0.753356 12.23 
4.4239 2 1 1 0x0 0.5759 0.4840 0.58 0.48 -0.0000 -0.0000 0.1000 0.1000 0.4831 -0.1020 0.045977 -0.753232 12.24 
4.4339 2 1 1 0x0 0.5850 0.4931 0.59 0.49 -0.0000 -0.0000 0.1000 0.1000 0.4831 -0.1020 0.045977 -0.753108 12.24 
4.4439 2 1 1 0x0 0.5941 0.5022 0.59 0.50 -0.0000 -0.0000 0.1000 0.1000 0.4831 -0.1020 0.045977 -0.752985 12.24 
4.4539 2 1 1 0x0 0.6032 0.5113 0.60 0.51 -0.0000 -0.0000 0.1000 0.1000 0.4831 -0.1020 0.045977 -0.752887 12.24 
4.4639 2 1 1 0x0 0.6123 0.5204 0.61 0.52 -0.0000 -0.0000 0.1000 0.1000 0.4831 -0.1020 0.045977 -0.752769 12.24 
4.4739 2 1 1 0x0 0.6214 0.5295 0.62 0.53 -0.0000 -0.0000 0.1000 0.1000 0.4831 -0.1020 0.045977 -0.752656 12.24 
4.4839 2 1 1 0x0 0.6305 0.5385 0.63 0.54 -0.0000 -0.0000 0.1000 0.1000 0.4831 -0.1020 0.045977 -0.752564 12.24 
4.4939 2 1 1 0x0 0.6396 0.5476 0.64 0.55 -0.0000 -0.0000 0.1000 0.1000 0.4831 -0.1020 0.045977 -0.752459 12.24 
4.5039 2 1 1 0x0 0.6487 0.5567 0.65 0.56 -0.0000 -0.0000 0.1000 0.1000 0.4831 -0.1020 0.045977 -0.752333 12.24 
4.5139 2 1 1 0x0 0.6578 0.5658 0.66 0.57 -0.0000 -0.0000 0.1000 0.1000 0.4831 -0.1020 0.045977 -0.752227 12.24 
4.5239 2 1 1 0x0 0.6669 0.5749 0.67 0.57 -0.0000 -0.0000 0.1000 0.1000 0.4831 -0.1020 0.045977 -0.752093 12.24 
4.5339 2 1 1 0x0 0.6760 0.5840 0.68 0.58 -0.0000 -0.0000 0.1000 0.1000 0.4831 -0.1020 0.045977 -0.752000 12.24 
4.5439 2 1 1 0x0 0.6851 0.5931 0.69 0.59 -0.0000 -0.0000 0.1000 0.1000 0.4831 -0.1020 0.045977 -0.751913 12.24 
4.5539 2 1 1 0x0 0.6941 0.6022 0.69 0.60 -0.0000 -0.0000 0.1000 0.1000 0.4831 -0.1020 0.045977 -0.751798 12.24 
4.5639 2 1 1 0x0 0.7032 0.6113 0.70 0.61 -0.0000 -0.0000 0.1000 0.1000 0.4831 -0.1020 0.045977 -0.751712 12.23 
4.5739 2 1 1 0x0 0.7123 0.6204 0.71 0.62 -0.0000 -0.0000 0.1000 0.1000 0.4831 -0.1020 0.045977 -0.751631 12.24 
4.5839 2 1 1 0x0 0.7214 0.6295 0.72 0.63 -0.0000 -0.0000 0.1000 0.1000 0.4831 -0.1020 0.045977 -0.751547 12.24 
4.5938 2 1 1 0x0 0.7305 0.6386 0.73 0.64 -0.0000 -0.0000 0.1000 0.1000 0.4831 -0.1020 0.045977 -0.751465 12.24 
4.6038 2 1 1 0x0 0.7396 0.6477 0.74 0.65 -0.0000 -0.0000 0.1000 0.1000 0.4831 -0.1020 0.045977 -0.751365 12.24 
4.6138 2 1 1 0x0 0.7487 0.6567 0.75 0.66 -0.0000 -0.0000 0.1000 0.1000 0.4831 -0.1020 0.045977 -0.751254 12.24 
4.6238 2 1 1 0x0 0.7578 0.6658 0.76 0.67 -0.0000 -0.0000 0.1000 0.1000 0.4831 -0.1020 0.045977 -0.751178 12.24 
4.6338 2 1 1 0x0 0.7669 0.6749 0.77 0.67 -0.0000 -0.0000 0.1000 0.1000 0.4831 -0.1020 0.045977 -0.751082 12.24 
4.6438 2 1 1 0x0 0.7760 0.6840 0.78 0.68 -0.0000 -0.0000 0.1000 0.1000 0.4831 -0.1020 0.045977 -0.750992 12.24 
4.6538 2 1 1 0x0 0.7851 0.6931 0.79 0.69 -0.0000 -0.0000 0.1000 0.1000 0.4831 -0.1020 0.045977 -0.750889 12.24 
4.6638 2 1 1 0x0 0.7942 0.7022 0.79 0.70 -0.0000 -0.0000 0.1000 0.1000 0.4831 -0.1020 0.045977 -0.750778 12.24 
4.6738 2 1 1 0x0 0.8033 0.7113 0.80 0.71 -0.0000 -0.0000 0.1000 0.1000 0.4831 -0.1020 0.045977 -0.750695 12.23 
4.6838 2 1 1 0x0 0.8124 0.7204 0.81 0.72 -0.0000 -0.0000 0.1000 0.1000 0.4831 -0.1020 0.045977 -0.750597 12.24 
4.6938 2 1 1 0x0 0.8214 0.7295 0.82 0.73 -0.0000 -0.0000 0.1000 0.1000 0.4831 -0.1020 0.045977 -0.750511 12.24 
4.7038 2 1 1 0x0 0.8305 0.7386 0.83 0.74 -0.0000 -0.0000 0.1000 0.1000 0.4831 -0.1020 0.045977 -0.750417 12.24 
4.7138 2 1 1 0x0 0.8396 0.7477 0.84 0.75 -0.0000 -0.0000 0.1000 0.1000 0.4831 -0.1020 0.045977 -0.750301 12.24 
4.7238 2 1 1 0x0 0.8487 0.7568 0.85 0.76 -0.0000 -0.0000 0.1000 0.1000 0.4831 -0.1020 0.045977 -0.750210 12.24 
4.7338 2 1 1 0x0 0.8578 0.7659 0.86 0.77 -0.0000 -0.0000 0.1000 0.1000 0.4831 -0.1020 0.045977 -0.750139 12.24 
4.7438 2 1 1 0x0 0.8669 0.7749 0.87 0.77 -0.0000 -0.0000 0.1000 0.1000 0.4831 -0.1020 0.045977 -0.750042 12.25 
4.7538 2 1 1 0x0 0.8760 0.7840 0.88 0.78 -0.0000 -0.0000 0.1000 0.1000 0.4831 -0.1020 0.045977 -0.749995 12.24 
4.7638 2 1 1 0x0 0.8851 0.7931 0.89 0.79 -0.0000 -0.0000 0.1000 0.1000 0.4831 -0.1020 0.045977 -0.749903 12.24 
4.7738 2 1 1 0x0 0.8942 0.8022 0.89 0.80 -0.0000 -0.0000 0.1000 0.1000 0.4831 -0.1020 0.045977 -0.749830 12.24 
4.7838 2 1 1 0x0 0.9033 0.8113 0.90 0.81 -0.0000 -0.0000 0.1000 0.1000 0.4831 -0.1020 0.045977 -0.749755 12.24 
4.7938 2 1 1 0x0 0.9124 0.8204 0.91 0.82 -0.0000 -0.0000 0.1000 0.1000 0.4831 -0.1020 0.045977 -0.749691 12.24 
4.8038 2 1 1 0x0 0.9215 0.8295 0.92 0.83 -0.0000 -0.0000 0.1000 0.1000 0.4831 -0.1020 0.045977 -0.749620 12.24 
4.8138 2 1 1 0x0 0.9305 0.8386 0.93 0.84 -0.0000 -0.0000 0.1000 0.1000 0.4831 -0.1020 0.045977 -0.749550 12.24 
4.8238 2 1 1 0x0 0.9396 0.8477 0.94 0.85 -0.0000 -0.0000 0.1000 0.1000 0.4831 -0.1020 0.045977 -0.749447 12.24 
4.8338 2 1 1 0x0 0.9487 0.8568 0.95 0.86 -0.0000 -0.0000 0.1000 0.1000 0.4831 -0.1020 0.045977 -0.749336 12.25 
4.8438 2 1 1 0x0 0.9578 0.8659 0.96 0.87 -0.0000 -0.0000 0.1000 0.1000 0.4831 -0.1020 0.045977 -0.749262 12.24 
4.8538 2 1 1 0x0 0.9669 0.8750 0.97 0.87 -0.0000 -0.0000 0.1000 0.1000 0.4831 -0.1020 0.045977 -0.749167 12.24 
4.8638 2 1 1 0x0 0.9648 0.8675 0.96 0.87 -0.0000 0.0002 0.1000 0.1000 0.4833 -0.1020 0.048682 -0.749063 12.24 
4.8738 2 1 1 0x0 0.9751 0.8778 0.98 0.88 -0.0000 0.0002 0.1000 0.1000 0.4833 -0.1020 0.048682 -0.748981 12.24 
4.8838 2 1 1 0x0 0.9852 0.8878 0.99 0.89 -0.0000 0.0002 0.1000 0.1000 0.4833 -0.1020 0.048682 -0.748918 12.24 
4.8938 2 1 1 0x0 0.9950 0.8977 1.00 0.90 -0.0000 0.0002 0.1000 0.1000 0.4833 -0.1020 0.048682 -0.748868 12.24 
4.9038 2 1 1 0x0 1.0047 0.9074 1.00 0.91 -0.0000 0.0002 0.1000 0.1000 0.4833 -0.1020 0.048682 -0.748853 12.24 
4.9138 2 1 1 0x0 1.0143 0.9169 1.01 0.92 -0.0000 0.0002 0.1000 0.1000 0.4833 -0.1020 0.048682 -0.748815 12.24 
4.9238 2 1 1 0x0 1.0076 0.9156 1.01 0.92 0.0002 0.0002 0.1000 0.1000 0.4835 -0.1020 0.045977 -0.748725 12.23 
4.9338 2 1 1 0x0 1.0180 0.9261 1.02 0.93 0.0002 0.0002 0.1000 0.1000 0.4835 -0.1020 0.045977 -0.748646 12.24 
4.9438 2 1 1 0x0 1.0282 0.9363 1.03 0.94 0.0002 0.0002 0.1000 0.1000 0.4835 -0.1020 0.045977 -0.748560 12.24 
4.9538 2 1 1 0x0 1.0382 0.9462 1.04 0.95 0.0002 0.0002 0.1000 0.1000 0.4835 -0.1020 0.045977 -0.748485 12.23 
4.9638 2 1 1 0x0 1.0479 0.9559 1.05 0.96 0.0002 0.0002 0.1000 0.1000 0.4835 -0.1020 0.045977 -0.748420 12.24 
4.9738 2 1 1 0x0 1.0575 0.9655 1.06 0.97 0.0002 0.0002 0.1000 0.1000 0.4835 -0.1020 0.045977 -0.748331 12.24 
4.9838 2 1 1 0x0 1.0669 0.9749 1.07 0.97 0.0002 0.0002 0.1000 0.1000 0.4835 -0.1020 0.045977 -0.748262 12.23 
4.9938 2 1 1 0x0 1.0646 0.9673 1.06 0.97 0.0002 0.0030 0.1000 0.0682 0.4837 -0.1020 0.048682 -0.748232 12.24 
5.0038 2 1 1 0x0 1.0752 0.9778 1.08 0.98 0.0002 0.0030 0.1000 0.0782 0.4837 -0.1020 0.048682 -0.748189 12.23 
5.0138 2 1 1 0x0 1.0853 0.9880 1.09 0.99 0.0002 0.0030 0.1000 0.0882 0.4837 -0.1020 0.048682 -0.748118 12.23 
5.0238 2 1 1 0x0 1.0952 0.9979 1.10 1.00 0.0002 0.0030 0.1000 0.0982 0.4837 -0.1020 0.048682 -0.748079 12.23 
5.0338 2 1 1 0x0 1.1049 1.0076 1.10 1.01 0.0002 0.0030 0.1000 0.1000 0.4837 -0.1020 0.048682 -0.748014 12.24 
5.0438 2 1 1 0x0 1.1144 1.0171 1.11 1.02 0.0002 0.0030 0.1000 0.1000 0.4837 -0.1020 0.048682 -0.748009 12.24 
5.0538 2 1 1 0x0 1.1238 1.0264 1.12 1.03 0.0002 0.0030 0.1000 0.1000 0.4837 -0.1020 0.048682 -0.747936 12.24 
5.0638 2 1 1 0x0 1.1218 1.0191 1.12 1.02 0.0002 0.0061 0.1000 0.0382 0.4839 -0.1020 0.051386 -0.747903 12.23 
5.0738 2 1 1 0x0 1.1209 1.0127 1.12 1.01 0.0002 0.0370 0.1000 0.0094 0.4841 -0.1020 0.054091 -0.748039 12.24 
5.0838 2 1 1 0x0 1.1321 1.0239 1.13 1.02 0.0002 0.0292 0.1000 0.0194 0.4841 -0.1020 0.054091 -0.748228 12.24 
5.0938 2 1 1 0x0 1.1315 1.0179 1.13 1.02 0.0002 0.0198 0.1000 0.0137 0.4843 -0.1020 0.056795 -0.748122 12.23 
5.1038 2 1 1 0x0 1.1430 1.0295 1.14 1.03 0.0002 0.0198 0.1000 0.0237 0.4843 -0.1020 0.056795 -0.748231 12.24 
5.1138 2 1 1 0x0 1.1370 1.0288 1.14 1.03 0.0021 0.0173 0.0991 0.0337 0.4845 -0.1020 0.054091 -0.748303 12.23 
5.1238 2 1 1 0x0 1.1487 1.0406 1.15 1.04 0.0021 0.0121 0.1000 0.0437 0.4845 -0.1020 0.054091 -0.748218 12.24 
5.1338 2 1 1 0x0 1.1598 1.0516 1.16 1.05 0.0021 0.0093 0.1000 0.0537 0.4845 -0.1020 0.054091 -0.748333 12.23 
5.1438 2 1 1 0x0 1.1704 1.0622 1.17 1.06 0.0021 0.0076 0.1000 0.0637 0.4845 -0.1020 0.054091 -0.748450 12.23 
5.1538 2 1 1 0x0 1.1537 1.0455 1.15 1.05 0.0121 0.0074 0.0243 0.0359 0.4849 -0.1019 0.054091 -0.748484 12.23 
5.1638 2 1 1 0x0 1.1656 1.0574 1.17 1.06 0.0121 0.0074 0.0343 0.0459 0.4849 -0.1019 0.054091 -0.748464 12.24 
5.1738 2 1 1 0x0 1.1605 1.0578 1.16 1.06 0.0191 0.0074 0.0169 0.0559 0.4851 -0.1019 0.051386 -0.748454 12.23 
5.1838 2 1 1 0x0 1.1614 1.0532 1.16 1.05 0.0191 0.0127 0.0269 0.0224 0.4853 -0.1019 0.054091 -0.748486 12.23 
5.1938 2 1 1 0x0 1.1572 1.0545 1.16 1.05 0.0201 0.0127 0.0162 0.0324 0.4855 -0.1019 0.051386 -0.748582 12.24 
5.2038 2 1 1 0x0 1.1530 1.0557 1.15 1.06 0.0330 0.0127 0.0099 0.0424 0.4857 -0.1019 0.048682 -0.748918 12.22 
5.2138 2 1 1 0x0 1.1377 1.0403 1.14 1.04 0.0303 0.0131 0.0071 0.0209 0.4861 -0.1019 0.048682 -0.749287 12.24 
5.2238 2 1 1 0x0 1.1348 1.0429 1.13 1.04 0.0398 0.0131 0.0053 0.0309 0.4863 -0.1019 0.045977 -0.749365 12.23 
5.2338 2 1 1 0x0 1.1382 1.0409 1.14 1.04 0.0398 0.0210 0.0153 0.0158 0.4865 -0.1018 0.048682 -0.749498 12.23 
5.2438 2 1 1 0x0 1.1363 1.0443 1.14 1.04 0.0356 0.0210 0.0145 0.0258 0.4867 -0.1018 0.045977 -0.749481 12.23 
5.2538 2 1 1 0x0 1.1228 1.0308 1.12 1.03 0.0438 0.0173 0.0142 0.0144 0.4871 -0.1018 0.045977 -0.749509 12.23 
5.2638 2 1 1 0x0 1.1046 1.0235 1.10 1.02 0.0531 0.0173 0.0051 0.0244 0.4875 -0.1018 0.040568 -0.749772 12.23 
5.2738 2 1 1 0x0 1.0927 1.0116 1.09 1.01 0.0443 0.0267 0.0067 0.0150 0.4880 -0.1018 0.040568 -0.750030 12.23 
5.2838 2 1 1 0x0 1.0809 0.9998 1.08 1.00 0.0559 0.0249 0.0085 0.0093 0.4884 -0.1018 0.040568 -0.750232 12.24 
5.2938 2 1 1 0x0 1.0644 0.9941 1.06 0.99 0.0618 0.0249 0.0034 0.0193 0.4888 -0.1018 0.035159 -0.750267 12.24 
5.3038 2 1 1 0x0 1.0541 0.9838 1.05 0.98 0.0520 0.0297 0.0062 0.0143 0.4892 -0.1017 0.035159 -0.750347 12.23 
5.3138 2 1 1 0x0 1.0553 0.9904 1.06 0.99 0.0647 0.0232 0.0092 0.0243 0.4894 -0.1017 0.032454 -0.750350 12.23 
5.3238 2 1 1 0x0 1.0285 0.9690 1.03 0.97 0.0739 0.0224 0.0064 0.0184 0.4900 -0.1017 0.029750 -0.750418 12.24 
5.3338 2 1 1 0x0 1.0184 0.9589 1.02 0.96 0.0388 0.0300 0.0084 0.0126 0.4904 -0.1017 0.029750 -0.750128 12.24 
5.3438 2 1 1 0x0 1.0195 0.9655 1.02 0.97 0.0550 0.0256 0.0095 0.0226 0.4906 -0.1017 0.027045 -0.749272 12.24 
5.3538 2 1 1 0x0 1.0091 0.9550 1.01 0.95 0.0451 0.0253 0.0114 0.0178 0.4910 -0.1017 0.027045 -0.749132 12.24 
5.3638 2 1 1 0x0 0.9978 0.9437 1.00 0.94 0.0491 0.0236 0.0127 0.0112 0.4914 -0.1017 0.027045 -0.748637 12.23 
5.3738 2 1 1 0x0 0.9976 0.9489 1.00 0.95 0.0292 0.0236 0.0116 0.0212 0.4916 -0.1017 0.024341 -0.747753 12.24 
5.3838 2 1 1 0x0 1.0127 0.9641 1.01 0.96 0.0292 0.0179 0.0216 0.0312 0.4916 -0.1017 0.024341 -0.747198 12.24 
5.3938 2 1 1 0x0 1.0092 0.9660 1.01 0.97 0.0210 0.0124 0.0151 0.0412 0.4918 -0.1017 0.021636 -0.746899 12.23 
5.4038 2 1 1 0x0 1.0104 0.9617 1.01 0.96 0.0210 0.0107 0.0251 0.0236 0.4920 -0.1017 0.024341 -0.746511 12.24 
5.4138 2 1 1 0x0 1.0222 0.9735 1.02 0.97 0.0160 0.0107 0.0351 0.0336 0.4920 -0.1017 0.024341 -0.746290 12.23 
5.4238 2 1 1 0x0 1.0323 0.9836 1.03 0.98 0.0115 0.0107 0.0451 0.0436 0.4920 -0.1017 0.024341 -0.746272 12.23 
5.4338 2 1 1 0x0 1.0411 0.9924 1.04 0.99 0.0089 0.0107 0.0551 0.0536 0.4920 -0.1017 0.024341 -0.746207 12.24 
5.4438 2 1 1 0x0 1.0487 1.0000 1.05 1.00 0.0073 0.0091 0.0651 0.0636 0.4920 -0.1017 0.024341 -0.745919 12.23 
5.4538 2 1 1 0x0 1.0388 0.9955 1.04 1.00 0.0067 0.0074 0.0351 0.0736 0.4922 -0.1017 0.021636 -0.745851 12.24 
5.4638 2 1 1 0x0 1.0459 1.0027 1.05 1.00 0.0067 0.0063 0.0451 0.0836 0.4922 -0.1017 0.021636 -0.746474 12.23 
5.4738 2 1 1 0x0 1.0522 1.0089 1.05 1.01 0.0067 0.0054 0.0551 0.0936 0.4922 -0.1017 0.021636 -0.747184 12.23 
5.4838 2 1 1 0x0 1.0578 1.0145 1.06 1.01 0.0067 0.0048 0.0651 0.1000 0.4922 -0.1017 0.021636 -0.746941 12.23 
5.4938 2 1 1 0x0 1.0462 1.0083 1.05 1.01 0.0102 0.0043 0.0248 0.1000 0.4924 -0.1016 0.018932 -0.746716 12.23 
5.5038 2 1 1 0x0 1.0519 1.0140 1.05 1.01 0.0102 0.0039 0.0348 0.1000 0.4924 -0.1016 0.018932 -0.747040 12.24 
5.5138 2 1 1 0x0 1.0457 1.0024 1.05 1.00 0.0102 0.0037 0.0448 0.0591 0.4926 -0.1016 0.021636 -0.747595 12.23 
5.5238 2 1 1 0x0 1.0356 0.9977 1.04 1.00 0.0159 0.0037 0.0222 0.0691 0.4928 -0.1016 0.018932 -0.747641 12.23 
5.5338 2 1 1 0x0 1.0248 0.9923 1.02 0.99 0.0223 0.0037 0.0104 0.0791 0.4930 -0.1016 0.016227 -0.747452 12.24 
5.5438 2 1 1 0x0 1.0315 0.9990 1.03 1.00 0.0223 0.0037 0.0204 0.0891 0.4930 -0.1016 0.016227 -0.747643 12.23 
5.5538 2 1 1 0x0 1.0095 0.9770 1.01 0.98 0.0242 0.0101 0.0129 0.0235 0.4934 -0.1016 0.016227 -0.747880 12.23 
5.5638 2 1 1 0x0 1.0170 0.9845 1.02 0.98 0.0242 0.0101 0.0229 0.0335 0.4934 -0.1016 0.016227 -0.747847 12.24 
5.5738 2 1 1 0x0 1.0075 0.9805 1.01 0.98 0.0278 0.0101 0.0172 0.0435 0.4936 -0.1016 0.013523 -0.747737 12.24 
5.5838 2 1 1 0x0 0.9858 0.9588 0.99 0.96 0.0238 0.0129 0.0114 0.0178 0.4940 -0.1016 0.013523 -0.747653 12.24 
5.5938 2 1 1 0x0 0.9772 0.9556 0.98 0.96 0.0377 0.0129 0.0075 0.0278 0.4942 -0.1016 0.010818 -0.747750 12.23 
5.6038 2 1 1 0x0 0.9854 0.9637 0.99 0.96 0.0377 0.0129 0.0175 0.0378 0.4942 -0.1016 0.010818 -0.748042 12.24 
5.6138 2 1 1 0x0 0.9760 0.9598 0.98 0.96 0.0273 0.0129 0.0147 0.0478 0.4944 -0.1016 0.008114 -0.748006 12.23 
5.6238 2 1 1 0x0 0.9553 0.9391 0.96 0.94 0.0386 0.0104 0.0120 0.0227 0.4948 -0.1016 0.008114 -0.747870 12.24 
5.6338 2 1 1 0x0 0.9635 0.9473 0.96 0.95 0.0242 0.0104 0.0220 0.0327 0.4948 -0.1016 0.008114 -0.747450 12.24 
5.6438 2 1 1 0x0 0.9539 0.9430 0.95 0.94 0.0190 0.0104 0.0161 0.0427 0.4950 -0.1016 0.005409 -0.746633 12.24 
5.6538 2 1 1 0x0 0.9497 0.9334 0.95 0.93 0.0190 0.0146 0.0261 0.0194 0.4953 -0.1016 0.008114 -0.746403 12.24 
5.6638 2 1 1 0x0 0.9403 0.9295 0.94 0.93 0.0233 0.0146 0.0167 0.0294 0.4955 -0.1016 0.005409 -0.746274 12.24 
5.6738 2 1 1 0x0 0.9470 0.9362 0.95 0.94 0.0233 0.0146 0.0267 0.0394 0.4955 -0.1016 0.005409 -0.745786 12.24 
5.6838 2 1 1 0x0 0.9525 0.9417 0.95 0.94 0.0145 0.0114 0.0367 0.0494 0.4955 -0.1016 0.005409 -0.745339 12.23 
5.6938 2 1 1 0x0 0.9570 0.9462 0.96 0.95 0.0107 0.0089 0.0467 0.0594 0.4955 -0.1016 0.005409 -0.745119 12.24 
5.7038 2 1 1 0x0 0.9607 0.9499 0.96 0.95 0.0085 0.0073 0.0567 0.0694 0.4955 -0.1016 0.005409 -0.745105 12.24 
5.7138 2 1 1 0x0 0.9637 0.9529 0.96 0.95 0.0070 0.0062 0.0667 0.0794 0.4955 -0.1016 0.005409 -0.745093 12.23 
5.7238 2 1 1 0x0 0.9661 0.9553 0.97 0.96 0.0060 0.0054 0.0767 0.0894 0.4955 -0.1016 0.005409 -0.745213 12.24 
5.7338 2 1 1 0x0 0.9681 0.9573 0.97 0.96 0.0052 0.0047 0.0867 0.0994 0.4955 -0.1016 0.005409 -0.745272 12.24 
5.7438 2 1 1 0x0 0.9697 0.9589 0.97 0.96 0.0046 0.0042 0.0967 0.1000 0.4955 -0.1016 0.005409 -0.745103 12.24 
5.7538 2 1 1 0x0 0.9710 0.9602 0.97 0.96 0.0041 0.0038 0.1000 0.1000 0.4955 -0.1016 0.005409 -0.745016 12.24 
5.7638 2 1 1 0x0 0.9720 0.9612 0.97 0.96 0.0038 0.0035 0.1000 0.1000 0.4955 -0.1016 0.005409 -0.745062 12.23 
5.7738 2 1 1 0x0 0.9728 0.9620 0.97 0.96 0.0034 0.0032 0.1000 0.1000 0.4955 -0.1016 0.005409 -0.745009 12.24 
5.7838 2 1 1 0x0 0.9735 0.9627 0.97 0.96 0.0032 0.0030 0.1000 0.1000 0.4955 -0.1016 0.005409 -0.744931 12.23 
5.7938 2 1 1 0x0 0.9740 0.9632 0.97 0.96 0.0029 0.0028 0.1000 0.1000 0.4955 -0.1016 0.005409 -0.744981 12.25 
5.8038 2 1 1 0x0 0.9744 0.9636 0.97 0.96 0.0027 0.0026 0.1000 0.1000 0.4955 -0.1016 0.005409 -0.745016 12.23 
5.8138 2 1 1 0x0 0.9747 0.9638 0.97 0.96 0.0026 0.0025 0.1000 0.1000 0.4955 -0.1016 0.005409 -0.744938 12.24 
5.8238 2 1 1 0x0 0.9749 0.9641 0.97 0.96 0.0024 0.0023 0.1000 0.1000 0.4955 -0.1016 0.005409 -0.744811 12.24 
5.8338 2 1 1 0x0 0.9750 0.9642 0.98 0.96 0.0023 0.0022 0.1000 0.1000 0.4955 -0.1016 0.005409 -0.744803 12.24 
5.8438 2 1 1 0x0 0.9751 0.9643 0.98 0.96 0.0022 0.0021 0.1000 0.1000 0.4955 -0.1016 0.005409 -0.744860 12.23 
5.8538 2 1 1 0x0 0.9752 0.9644 0.98 0.96 0.0020 0.0000 0.1000 0.1000 0.4955 -0.1016 0.005409 -0.744853 12.24 
5.8638 2 1 1 0x0 0.9752 0.9644 0.98 0.96 0.0000 0.0000 0.1000 0.1000 0.4955 -0.1016 0.005409 -0.744786 12.24 
5.8738 2 1 1 0x0 0.9752 0.9644 0.98 0.96 0.0000 0.0000 0.1000 0.1000 0.4955 -0.1016 0.005409 -0.744791 12.24 
5.8838 2 1 1 0x0 0.9752 0.9643 0.98 0.96 0.0000 0.0000 0.1000 0.1000 0.4955 -0.1016 0.005409 -0.744795 12.24 
5.8938 2 1 1 0x0 0.9751 0.9643 0.98 0.96 0.0000 0.0000 0.1000 0.1000 0.4955 -0.1016 0.005409 -0.744711 12.23 
5.9038 2 1 1 0x0 0.9750 0.9642 0.98 0.96 0.0000 0.0000 0.1000 0.1000 0.4955 -0.1016 0.005409 -0.744630 12.24 
5.9138 2 1 1 0x0 0.9749 0.9641 0.97 0.96 0.0000 0.0000 0.1000 0.1000 0.4955 -0.1016 0.005409 -0.744631 12.24 
5.9238 2 1 1 0x0 0.9748 0.9640 0.97 0.96 0.0000 0.0000 0.1000 0.1000 0.4955 -0.1016 0.005409 -0.744659 12.23 
5.9338 2 1 1 0x0 0.9747 0.9639 0.97 0.96 0.0000 0.0000 0.1000 0.1000 0.4955 -0.1016 0.005409 -0.744600 12.24 
5.9438 2 1 1 0x0 0.9746 0.9638 0.97 0.96 0.0000 0.0000 0.1000 0.1000 0.4955 -0.1016 0.005409 -0.744535 12.24 
5.9538 2 1 1 0x0 0.9745 0.9637 0.97 0.96 0.0000 0.0000 0.1000 0.1000 0.4955 -0.1016 0.005409 -0.744513 12.24 
5.9638 2 1 1 0x0 0.9744 0.9636 0.97 0.96 0.0000 0.0000 0.1000 0.1000 0.4955 -0.1016 0.005409 -0.744495 12.24 
5.9737 2 1 1 0x0 0.9742 0.9634 0.97 0.96 0.0000 0.0000 0.1000 0.1000 0.4955 -0.1016 0.005409 -0.744461 12.24 
5.9837 2 1 1 0x0 0.9741 0.9633 0.97 0.96 0.0000 0.0000 0.1000 0.1000 0.4955 -0.1016 0.005409 -0.744438 12.23 
5.9937 2 1 1 0x0 0.9739 0.9631 0.97 0.96 0.0000 0.0000 0.1000 0.1000 0.4955 -0.1016 0.005409 -0.744429 12.24 
6.0037 2 1 1 0x0 0.9738 0.9630 0.97 0.96 0.0000 0.0000 0.1000 0.1000 0.4955 -0.1016 0.005409 -0.744392 12.24 
6.0137 2 1 1 0x0 0.9736 0.9628 0.97 0.96 0.0000 0.0000 0.1000 0.1000 0.4955 -0.1016 0.005409 -0.744313 12.24 
6.0237 2 1 1 0x0 0.9735 0.9627 0.97 0.96 0.0000 0.0000 0.1000 0.1000 0.4955 -0.1016 0.005409 -0.744256 12.24 
6.0337 2 1 1 0x0 0.9733 0.9625 0.97 0.96 0.0000 0.0000 0.1000 0.1000 0.4955 -0.1016 0.005409 -0.744256 12.24 
6.0437 2 1 1 0x0 0.9732 0.9624 0.97 0.96 0.0000 0.0000 0.1000 0.1000 0.4955 -0.1016 0.005409 -0.744268 12.24 
6.0537 2 1 1 0x0 0.9730 0.9622 0.97 0.96 0.0000 0.0000 0.1000 0.1000 0.4955 -0.1016 0.005409 -0.744250 12.23 
6.0637 2 1 1 0x0 0.9729 0.9621 0.97 0.96 0.0000 0.0000 0.1000 0.1000 0.4955 -0.1016 0.005409 -0.744237 12.24 
6.0737 2 1 1 0x0 0.9727 0.9619 0.97 0.96 0.0000 0.0000 0.1000 0.1000 0.4955 -0.1016 0.005409 -0.744256 12.24 
6.0837 2 1 1 0x0 0.9726 0.9618 0.97 0.96 0.0000 0.0000 0.1000 0.1000 0.4955 -0.1016 0.005409 -0.744244 12.24 
6.0937 2 1 1 0x0 0.9724 0.9616 0.97 0.96 0.0000 0.0000 0.1000 0.1000 0.4955 -0.1016 0.005409 -0.744213 12.24 
6.1037 2 1 1 0x0 0.9723 0.9615 0.97 0.96 0.0000 0.0000 0.1000 0.1000 0.4955 -0.1016 0.005409 -0.744218 12.24 
6.1137 2 1 1 0x0 0.9721 0.9613 0.97 0.96 0.0000 0.0000 0.1000 0.1000 0.4955 -0.1016 0.005409 -0.744251 12.24 
6.1237 2 1 1 0x0 0.9720 0.9611 0.97 0.96 0.0000 0.0000 0.1000 0.1000 0.4955 -0.1016 0.005409 -0.744233 12.24 
6.1337 2 1 1 0x0 0.9718 0.9610 0.97 0.96 0.0000 0.0000 0.1000 0.1000 0.4955 -0.1016 0.005409 -0.744191 12.23 
6.1437 2 1 1 0x0 0.9717 0.9608 0.97 0.96 0.0000 0.0000 0.1000 0.1000 0.4955 -0.1016 0.005409 -0.744144 12.23 
6.1537 2 1 1 0x0 0.9715 0.9607 0.97 0.96 0.0000 0.0000 0.1000 0.1000 0.4955 -0.1016 0.005409 -0.744121 12.23 
6.1637 2 1 1 0x0 0.9714 0.9605 0.97 0.96 0.0000 0.0000 0.1000 0.1000 0.4955 -0.1016 0.005409 -0.744101 12.23 
6.1737 2 1 1 0x0 0.9712 0.9604 0.97 0.96 0.0000 0.0000 0.1000 0.1000 0.4955 -0.1016 0.005409 -0.744078 12.24 
6.1837 2 1 1 0x0 0.9711 0.9602 0.97 0.96 0.0000 0.0000 0.1000 0.1000 0.4955 -0.1016 0.005409 -0.744067 12.23 
6.1937 2 1 1 0x0 0.9709 0.9601 0.97 0.96 0.0000 0.0000 0.1000 0.1000 0.4955 -0.1016 0.005409 -0.744063 12.24 
6.2037 2 1 1 0x0 0.9708 0.9599 0.97 0.96 0.0000 0.0000 0.1000 0.1000 0.4955 -0.1016 0.005409 -0.744033 12.24 
6.2137 2 1 1 0x0 0.9706 0.9598 0.97 0.96 0.0000 0.0000 0.1000 0.1000 0.4955 -0.1016 0.005409 -0.743984 12.23 
6.2237 2 1 1 0x0 0.9705 0.9596 0.97 0.96 0.0000 0.0000 0.1000 0.1000 0.4955 -0.1016 0.005409 -0.743966 12.23 
6.2337 2 1 1 0x0 0.9703 0.9595 0.97 0.96 0.0000 0.0000 0.1000 0.1000 0.4955 -0.1016 0.005409 -0.743937 12.24 
6.2437 2 1 1 0x0 0.9702 0.9593 0.97 0.96 0.0000 0.0000 0.1000 0.1000 0.4955 -0.1016 0.005409 -0.743923 12.24 
6.2537 2 1 1 0x0 0.9700 0.9592 0.97 0.96 0.0000 0.0000 0.1000 0.1000 0.4955 -0.1016 0.005409 -0.743907 12.24 
6.2637 2 1 1 0x0 0.9698 0.9590 0.97 0.96 0.0000 0.0000 0.1000 0.1000 0.4955 -0.1016 0.005409 -0.743899 12.24 
6.2737 2 1 1 0x0 0.9697 0.9589 0.97 0.96 0.0000 0.0000 0.1000 0.1000 0.4955 -0.1016 0.005409 -0.743926 12.24 
6.2837 2 1 1 0x0 0.9695 0.9587 0.97 0.96 0.0000 0.0000 0.1000 0.1000 0.4955 -0.1016 0.005409 -0.743917 12.24 
6.2937 2 1 1 0x0 0.9694 0.9586 0.97 0.96 0.0000 0.0000 0.1000 0.1000 0.4955 -0.1016 0.005409 -0.743893 12.23 
6.3037 2 1 1 0x0 0.9692 0.9584 0.97 0.96 0.0000 0.0000 0.1000 0.1000 0.4955 -0.1016 0.005409 -0.743887 12.24 
6.3137 2 1 1 0x0 0.9691 0.9583 0.97 0.96 0.0000 0.0000 0.1000 0.1000 0.4955 -0.1016 0.005409 -0.743877 12.24 
6.3237 2 1 1 0x0 0.9689 0.9581 0.97 0.96 0.0000 0.0000 0.1000 0.1000 0.4955 -0.1016 0.005409 -0.743879 12.24 
6.3337 2 1 1 0x0 0.9688 0.9580 0.97 0.96 0.0000 0.0000 0.1000 0.1000 0.4955 -0.1016 0.005409 -0.743866 12.24 
6.3437 2 1 1 0x0 0.9686 0.9578 0.97 0.96 0.0000 0.0000 0.1000 0.1000 0.4955 -0.1016 0.005409 -0.743851 12.24 
6.3537 2 1 1 0x0 0.9685 0.9577 0.97 0.96 0.0000 0.0000 0.1000 0.1000 0.4955 -0.1016 0.005409 -0.743825 12.24 
6.3637 2 1 1 0x0 0.9683 0.9575 0.97 0.96 0.0000 0.0000 0.1000 0.1000 0.4955 -0.1016 0.005409 -0.743796 12.23 
6.3737 2 1 1 0x0 0.9682 0.9574 0.97 0.96 0.0000 0.0000 0.1000 0.1000 0.4955 -0.1016 0.005409 -0.743811 12.24 
6.3837 2 1 1 0x0 0.9680 0.9572 0.97 0.96 0.0000 0.0000 0.1000 0.1000 0.4955 -0.1016 0.005409 -0.743811 12.24 
6.3937 2 1 1 0x0 0.9679 0.9571 0.97 0.96 0.0000 0.0000 0.1000 0.1000 0.4955 -0.1016 0.005409 -0.743796 12.23 
6.4037 2 1 1 0x0 0.9677 0.9569 0.97 0.96 0.0000 0.0000 0.1000 0.1000 0.4955 -0.1016 0.005409 -0.743747 12.24 
6.4137 2 1 1 0x0 0.9676 0.9568 0.97 0.96 0.0000 0.0000 0.1000 0.1000 0.4955 -0.1016 0.005409 -0.743733 12.23 
6.4237 2 1 1 0x0 0.9674 0.9566 0.97 0.96 0.0000 0.0000 0.1000 0.1000 0.4955 -0.1016 0.005409 -0.743712 12.24 
6.4337 2 1 1 0x0 0.9673 0.9565 0.97 0.96 0.0000 0.0000 0.1000 0.1000 0.4955 -0.1016 0.005409 -0.743704 12.23 
6.4437 2 1 1 0x0 0.9671 0.9563 0.97 0.96 0.0000 0.0000 0.1000 0.1000 0.4955 -0.1016 0.005409 -0.743690 12.24 
6.4537 2 1 1 0x0 0.9670 0.9562 0.97 0.96 0.0000 0.0000 0.1000 0.1000 0.4955 -0.1016 0.005409 -0.743664 12.24 
6.4637 2 1 1 0x0 0.9668 0.9560 0.97 0.96 0.0000 0.0000 0.1000 0.1000 0.4955 -0.1016 0.005409 -0.743652 12.24 
6.4737 2 1 1 0x0 0.9667 0.9559 0.97 0.96 0.0000 0.0000 0.1000 0.1000 0.4955 -0.1016 0.005409 -0.743623 12.24 
6.4837 2 1 1 0x0 0.9665 0.9557 0.97 0.96 0.0000 0.0000 0.1000 0.1000 0.4955 -0.1016 0.005409 -0.743607 12.23 
6.4937 2 1 1 0x0 0.9664 0.9555 0.97 0.96 0.0000 0.0000 0.1000 0.1000 0.4955 -0.1016 0.005409 -0.743592 12.24 
6.5037 2 1 1 0x0 0.9662 0.9554 0.97 0.96 0.0000 0.0000 0.1000 0.1000 0.4955 -0.1016 0.005409 -0.743578 12.24 
6.5137 2 1 1 0x0 0.9661 0.9552 0.97 0.96 0.0000 0.0000 0.1000 0.1000 0.4955 -0.1016 0.005409 -0.743553 12.24 
6.5237 2 1 1 0x0 0.9659 0.9551 0.97 0.96 0.0000 0.0000 0.1000 0.1000 0.4955 -0.1016 0.005409 -0.743530 12.24 
6.5337 2 1 1 0x0 0.9658 0.9549 0.97 0.95 0.0000 0.0000 0.1000 0.1000 0.4955 -0.1016 0.005409 -0.743519 12.24 
6.5437 2 1 1 0x0 0.9656 0.9548 0.97 0.95 0.0000 0.0000 0.1000 0.1000 0.4955 -0.1016 0.005409 -0.743469 12.24 
6.5537 2 1 1 0x0 0.9655 0.9546 0.97 0.95 0.0000 0.0000 0.1000 0.1000 0.4955 -0.1016 0.005409 -0.743473 12.24 
6.5637 2 1 1 0x0 0.9653 0.9545 0.97 0.95 0.0000 0.0000 0.1000 0.1000 0.4955 -0.1016 0.005409 -0.743459 12.24 
6.5737 2 1 1 0x0 0.9652 0.9543 0.97 0.95 0.0000 0.0000 0.1000 0.1000 0.4955 -0.1016 0.005409 -0.743435 12.24 
6.5837 2 1 1 0x0 0.9650 0.9542 0.97 0.95 0.0000 0.0000 0.1000 0.1000 0.4955 -0.1016 0.005409 -0.743399 12.23 
6.5937 2 1 1 0x0 0.9649 0.9540 0.96 0.95 0.0000 0.0000 0.1000 0.1000 0.4955 -0.1016 0.005409 -0.743370 12.24 
6.6037 2 1 1 0x0 0.9647 0.9539 0.96 0.95 0.0000 0.0000 0.1000 0.1000 0.4955 -0.1016 0.005409 -0.743345 12.24 
6.6137 2 1 1 0x0 0.9645 0.9537 0.96 0.95 0.0000 0.0000 0.1000 0.1000 0.4955 -0.1016 0.005409 -0.743333 12.24 
6.6237 2 1 1 0x0 0.9644 0.9536 0.96 0.95 0.0000 0.0000 0.1000 0.1000 0.4955 -0.1016 0.005409 -0.743320 12.24 
6.6337 2 1 1 0x0 0.9642 0.9534 0.96 0.95 0.0000 0.0000 0.1000 0.1000 0.4955 -0.1016 0.005409 -0.743304 12.24 
6.6437 2 1 1 0x0 0.9641 0.9533 0.96 0.95 0.0000 0.0000 0.1000 0.1000 0.4955 -0.1016 0.005409 -0.743305 12.24 
6.6537 2 1 1 0x0 0.9639 0.9531 0.96 0.95 0.0000 0.0000 0.1000 0.1000 0.4955 -0.1016 0.005409 -0.743309 12.24 
6.6637 2 1 1 0x0 0.9638 0.9530 0.96 0.95 0.0000 0.0000 0.1000 0.1000 0.4955 -0.1016 0.005409 -0.743303 12.23 
6.6737 2 1 1 0x0 0.9636 0.9528 0.96 0.95 0.0000 0.0000 0.1000 0.1000 0.4955 -0.1016 0.005409 -0.743288 12.24 
6.6837 2 1 1 0x0 0.9635 0.9527 0.96 0.95 0.0000 0.0000 0.1000 0.1000 0.4955 -0.1016 0.005409 -0.743297 12.24 
6.6937 2 1 1 0x0 0.9633 0.9525 0.96 0.95 0.0000 0.0000 0.1000 0.1000 0.4955 -0.1016 0.005409 -0.743283 12.24 
6.7037 2 1 1 0x0 0.9632 0.9524 0.96 0.95 0.0000 0.0000 0.1000 0.1000 0.4955 -0.1016 0.005409 -0.743250 12.24 
6.7137 2 1 1 0x0 0.9630 0.9522 0.96 0.95 0.0000 0.0000 0.1000 0.1000 0.4955 -0.1016 0.005409 -0.743245 12.24 
6.7237 2 1 1 0x0 0.9629 0.9521 0.96 0.95 0.0000 0.0000 0.1000 0.1000 0.4955 -0.1016 0.005409 -0.743246 12.24 
6.7337 2 1 1 0x0 0.9627 0.9519 0.96 0.95 0.0000 0.0000 0.1000 0.1000 0.4955 -0.1016 0.005409 -0.743224 12.24 
6.7437 2 1 1 0x0 0.9626 0.9518 0.96 0.95 0.0000 0.0000 0.1000 0.1000 0.4955 -0.1016 0.005409 -0.743205 12.24 
6.7537 2 1 1 0x0 0.9624 0.9516 0.96 0.95 0.0000 0.0000 0.1000 0.1000 0.4955 -0.1016 0.005409 -0.743183 12.24 
6.7637 2 1 1 0x0 0.9623 0.9515 0.96 0.95 0.0000 0.0000 0.1000 0.1000 0.4955 -0.1016 0.005409 -0.743170 12.24 
6.7737 2 1 1 0x0 0.9621 0.9513 0.96 0.95 0.0000 0.0000 0.1000 0.1000 0.4955 -0.1016 0.005409 -0.743152 12.24 
6.7837 2 1 1 0x0 0.9620 0.9512 0.96 0.95 0.0000 0.0000 0.1000 0.1000 0.4955 -0.1016 0.005409 -0.743158 12.24 
6.7937 2 1 1 0x0 0.9618 0.9510 0.96 0.95 0.0000 0.0000 0.1000 0.1000 0.4955 -0.1016 0.005409 -0.743142 12.23 
6.8037 2 1 1 0x0 0.9617 0.9509 0.96 0.95 0.0000 0.0000 0.1000 0.1000 0.4955 -0.1016 0.005409 -0.743138 12.24 
6.8137 2 1 1 0x0 0.9615 0.9507 0.96 0.95 0.0000 0.0000 0.1000 0.1000 0.4955 -0.1016 0.005409 -0.743144 12.24 
6.8237 2 1 1 0x0 0.9614 0.9506 0.96 0.95 0.0000 0.0000 0.1000 0.1000 0.4955 -0.1016 0.005409 -0.743122 12.24 
6.8337 2 1 1 0x0 0.9612 0.9504 0.96 0.95 0.0000 0.0000 0.1000 0.1000 0.4955 -0.1016 0.005409 -0.743115 12.24 
6.8437 2 1 1 0x0 0.9611 0.9502 0.96 0.95 0.0000 0.0000 0.1000 0.1000 0.4955 -0.1016 0.005409 -0.743092 12.24 
6.8537 2 1 1 0x0 0.9609 0.9501 0.96 0.95 0.0000 0.0000 0.1000 0.1000 0.4955 -0.1016 0.005409 -0.743062 12.24 
6.8637 2 1 1 0x0 0.9608 0.9499 0.96 0.95 0.0000 0.0000 0.1000 0.1000 0.4955 -0.1016 0.005409 -0.743049 12.24 
6.8737 2 1 1 0x0 0.9606 0.9498 0.96 0.95 0.0000 0.0000 0.1000 0.1000 0.4955 -0.1016 0.005409 -0.743058 12.24 
6.8837 2 1 1 0x0 0.9605 0.9496 0.96 0.95 0.0000 0.0000 0.1000 0.1000 0.4955 -0.1016 0.005409 -0.743050 12.24 
6.8937 2 1 1 0x0 0.9603 0.9495 0.96 0.95 0.0000 0.0000 0.1000 0.1000 0.4955 -0.1016 0.005409 -0.743019 12.24 
6.9037 2 1 1 0x0 0.9602 0.9493 0.96 0.95 0.0000 0.0000 0.1000 0.1000 0.4955 -0.1016 0.005409 -0.743016 12.24 
6.9137 2 1 1 0x0 0.9600 0.9492 0.96 0.95 0.0000 0.0000 0.1000 0.1000 0.4955 -0.1016 0.005409 -0.743015 12.24 
6.9237 2 1 1 0x0 0.9599 0.9490 0.96 0.95 0.0000 0.0000 0.1000 0.1000 0.4955 -0.1016 0.005409 -0.743009 12.24 
6.9337 2 1 1 0x0 0.9597 0.9489 0.96 0.95 0.0000 0.0000 0.1000 0.1000 0.4955 -0.1016 0.005409 -0.743007 12.24 
6.9437 2 1 1 0x0 0.9596 0.9487 0.96 0.95 0.0000 0.0000 0.1000 0.1000 0.4955 -0.1016 0.005409 -0.742999 12.23 
6.9537 2 1 1 0x0 0.9594 0.9486 0.96 0.95 0.0000 0.0000 0.1000 0.1000 0.4955 -0.1016 0.005409 -0.742976 12.24 
6.9637 2 1 1 0x0 0.9593 0.9484 0.96 0.95 0.0000 0.0000 0.1000 0.1000 0.4955 -0.1016 0.005409 -0.743004 12.24 
6.9737 2 1 1 0x0 0.9591 0.9483 0.96 0.95 0.0000 0.0000 0.1000 0.1000 0.4955 -0.1016 0.005409 -0.743054 12.24 
6.9837 2 1 1 0x0 0.9589 0.9481 0.96 0.95 0.0000 0.0000 0.1000 0.1000 0.4955 -0.1016 0.005409 -0.743042 12.23 
6.9937 2 1 1 0x0 0.9588 0.9480 0.96 0.95 0.0000 0.0000 0.1000 0.1000 0.4955 -0.1016 0.005409 -0.743120 12.24 
7.0037 2 1 1 0x0 0.9586 0.9478 0.96 0.95 0.0000 0.0000 0.1000 0.1000 0.4955 -0.1016 0.005409 -0.743211 12.24 
7.0137 2 1 1 0x0 0.9585 0.9477 0.96 0.95 0.0000 0.0000 0.1000 0.1000 0.4955 -0.1016 0.005409 -0.742961 12.24 
7.0237 2 1 1 0x0 0.9583 0.9475 0.96 0.95 0.0000 0.0000 0.1000 0.1000 0.4955 -0.1016 0.005409 -0.742759 12.24 
7.0337 2 1 1 0x0 0.9582 0.9474 0.96 0.95 0.0000 0.0000 0.1000 0.1000 0.4955 -0.1016 0.005409 -0.742663 12.24 
7.0437 2 1 1 0x0 0.9580 0.9472 0.96 0.95 0.0000 0.0000 0.1000 0.1000 0.4955 -0.1016 0.005409 -0.742702 12.24 
7.0537 2 1 1 0x0 0.9579 0.9471 0.96 0.95 0.0000 0.0000 0.1000 0.1000 0.4955 -0.1016 0.005409 -0.742787 12.24 
7.0637 2 1 1 0x0 0.9577 0.9469 0.96 0.95 0.0000 0.0000 0.1000 0.1000 0.4955 -0.1016 0.005409 -0.742840 12.23 
7.0737 2 1 1 0x0 0.9576 0.9468 0.96 0.95 0.0000 0.0000 0.1000 0.1000 0.4955 -0.1016 0.005409 -0.742733 12.24 
7.0837 2 1 1 0x0 0.9574 0.9466 0.96 0.95 0.0000 0.0000 0.1000 0.1000 0.4955 -0.1016 0.005409 -0.742448 12.24 
7.0937 2 1 1 0x0 0.9573 0.9465 0.96 0.95 0.0000 0.0000 0.1000 0.1000 0.4955 -0.1016 0.005409 -0.742205 12.23 
7.1037 2 1 1 0x0 0.9571 0.9463 0.96 0.95 0.0000 0.0000 0.1000 0.1000 0.4955 -0.1016 0.005409 -0.742024 12.24 
7.1137 2 1 1 0x0 0.9570 0.9462 0.96 0.95 0.0000 0.0000 0.1000 0.1000 0.4955 -0.1016 0.005409 -0.741921 12.24 
7.1237 2 1 1 0x0 0.9568 0.9460 0.96 0.95 0.0000 0.0000 0.1000 0.1000 0.4955 -0.1016 0.005409 -0.741933 12.24 
7.1337 2 1 1 0x0 0.9567 0.9459 0.96 0.95 0.0000 0.0000 0.1000 0.1000 0.4955 -0.1016 0.005409 -0.741963 12.24 
7.1437 2 1 1 0x0 0.9565 0.9457 0.96 0.95 0.0000 0.0000 0.1000 0.1000 0.4955 -0.1016 0.005409 -0.741919 12.24 
7.1537 2 1 1 0x0 0.9564 0.9456 0.96 0.95 0.0000 0.0000 0.1000 0.1000 0.4955 -0.1016 0.005409 -0.741813 12.24 
7.1637 2 1 1 0x0 0.9562 0.9454 0.96 0.95 0.0000 0.0000 0.1000 0.1000 0.4955 -0.1016 0.005409 -0.741788 12.24 
7.1737 2 1 1 0x0 0.9561 0.9453 0.96 0.95 0.0000 0.0000 0.1000 0.1000 0.4955 -0.1016 0.005409 -0.741752 12.24 
7.1837 2 1 1 0x0 0.9559 0.9451 0.96 0.95 0.0000 0.0000 0.1000 0.1000 0.4955 -0.1016 0.005409 -0.741725 12.24 
7.1937 2 1 1 0x0 0.9558 0.9450 0.96 0.94 0.0000 0.0000 0.1000 0.1000 0.4955 -0.1016 0.005409 -0.741663 12.24 
7.2037 2 1 1 0x0 0.9556 0.9448 0.96 0.94 0.0000 0.0000 0.1000 0.1000 0.4955 -0.1016 0.005409 -0.741473 12.24 
7.2137 2 1 1 0x0 0.9555 0.9446 0.96 0.94 0.0000 0.0000 0.1000 0.1000 0.4955 -0.1016 0.005409 -0.741154 12.24 
7.2237 2 1 1 0x0 0.9553 0.9445 0.96 0.94 0.0000 0.0000 0.1000 0.1000 0.4955 -0.1016 0.005409 -0.740759 12.23 
7.2337 2 1 1 0x0 0.9718 0.9555 0.97 0.96 -0.0003 0.0000 0.1000 0.1000 0.4953 -0.1016 0.008114 -0.740204 12.24 
7.2437 2 1 1 0x0 0.9704 0.9542 0.97 0.95 -0.0003 0.0000 0.1000 0.1000 0.4953 -0.1016 0.008114 -0.739351 12.24 
7.2537 2 1 1 0x0 0.9863 0.9647 0.99 0.96 -0.0177 0.0000 0.0127 0.1000 0.4950 -0.1016 0.010818 -0.738054 12.24 
7.2637 2 1 1 0x0 0.9841 0.9625 0.98 0.96 -0.0177 0.0000 0.0227 0.1000 0.4950 -0.1016 0.010818 -0.736382 12.23 
7.2737 2 1 1 0x0 0.9824 0.9607 0.98 0.96 -0.0177 0.0000 0.0327 0.1000 0.4950 -0.1016 0.010818 -0.734387 12.24 
7.2837 2 1 1 0x0 0.9809 0.9593 0.98 0.96 -0.0130 0.0000 0.0427 0.1000 0.4950 -0.1016 0.010818 -0.732185 12.23 
7.2937 2 1 1 0x0 0.9798 0.9581 0.98 0.96 -0.0098 0.0000 0.0527 0.1000 0.4950 -0.1016 0.010818 -0.729806 12.24 
7.3037 2 1 1 0x0 0.9789 0.9572 0.98 0.96 -0.0079 0.0000 0.0627 0.1000 0.4950 -0.1016 0.010818 -0.727110 12.24 
7.3137 2 1 1 0x0 0.9781 0.9565 0.98 0.96 -0.0066 0.0000 0.0727 0.1000 0.4950 -0.1016 0.010818 -0.723815 12.24 
7.3237 2 1 1 0x0 0.9943 0.9672 0.99 0.97 -0.0060 0.0000 0.0372 0.1000 0.4948 -0.1016 0.013523 -0.719803 12.24 
7.3337 2 1 1 0x0 0.9926 0.9656 0.99 0.97 -0.0060 0.0000 0.0472 0.1000 0.4948 -0.1016 0.013523 -0.714987 12.24 
7.3437 2 1 1 0x0 1.0080 0.9755 1.01 0.98 -0.0204 0.0000 0.0132 0.1000 0.4946 -0.1016 0.016227 -0.709333 12.24 
7.3536 2 1 1 0x0 1.0057 0.9733 1.01 0.97 -0.0204 0.0000 0.0232 0.1000 0.4946 -0.1016 0.016227 -0.702808 12.24 
7.3636 2 1 1 0x0 1.0039 0.9715 1.00 0.97 -0.0175 0.0000 0.0332 0.1000 0.4946 -0.1016 0.016227 -0.695972 12.23 
7.3736 2 1 1 0x0 1.0025 0.9701 1.00 0.97 -0.0122 0.0000 0.0432 0.1000 0.4946 -0.1016 0.016227 -0.689199 12.23 
7.3836 2 1 1 0x0 1.0015 0.9690 1.00 0.97 -0.0094 0.0000 0.0532 0.1000 0.4946 -0.1016 0.016227 -0.681573 12.23 
7.3936 2 1 1 0x0 1.0007 0.9682 1.00 0.97 -0.0076 0.0000 0.0632 0.1000 0.4946 -0.1016 0.016227 -0.673145 12.23 
7.4036 2 1 1 0x0 1.0001 0.9676 1.00 0.97 -0.0064 0.0000 0.0732 0.1000 0.4946 -0.1016 0.016227 -0.664064 12.23 
7.4136 2 1 1 0x0 0.9997 0.9673 1.00 0.97 -0.0055 0.0000 0.0832 0.1000 0.4946 -0.1016 0.016227 -0.654263 12.23 
7.4236 2 1 1 0x0 0.9995 0.9670 1.00 0.97 -0.0049 0.0000 0.0932 0.1000 0.4946 -0.1016 0.016227 -0.643813 12.23 
7.4336 2 1 1 0x0 0.9994 0.9669 1.00 0.97 -0.0044 0.0000 0.1000 0.1000 0.4946 -0.1016 0.016227 -0.632886 12.23 
7.4436 2 1 1 0x0 0.9994 0.9669 1.00 0.97 -0.0039 0.0000 0.1000 0.1000 0.4946 -0.1016 0.016227 -0.621661 12.23 
7.4536 2 1 1 0x0 0.9994 0.9670 1.00 0.97 -0.0036 0.0000 0.1000 0.1000 0.4946 -0.1016 0.016227 -0.610432 12.23 
7.4636 2 1 1 0x0 0.9996 0.9671 1.00 0.97 -0.0033 0.0000 0.1000 0.1000 0.4946 -0.1016 0.016227 -0.599095 12.23 
7.4736 2 1 1 0x0 0.9998 0.9673 1.00 0.97 -0.0030 0.0000 0.1000 0.1000 0.4946 -0.1016 0.016227 -0.587850 12.23 
7.4836 2 1 1 0x0 1.0000 0.9676 1.00 0.97 -0.0028 0.0000 0.1000 0.1000 0.4946 -0.1016 0.016227 -0.576637 12.23 
7.4936 2 1 1 0x0 1.0003 0.9679 1.00 0.97 -0.0026 0.0000 0.1000 0.1000 0.4946 -0.1016 0.016227 -0.565206 12.23 
7.5036 2 1 1 0x0 1.0119 0.9849 1.01 0.98 -0.0025 -0.0002 0.1000 0.1000 0.4944 -0.1016 0.013523 -0.553422 12.22 
7.5136 2 1 1 0x0 1.0110 0.9840 1.01 0.98 -0.0023 -0.0002 0.1000 0.1000 0.4944 -0.1016 0.013523 -0.541413 12.22 
7.5236 2 1 1 0x0 1.0104 0.9833 1.01 0.98 -0.0022 -0.0002 0.1000 0.1000 0.4944 -0.1016 0.013523 -0.529209 12.23 
7.5336 2 1 1 0x0 1.0100 0.9829 1.01 0.98 -0.0021 -0.0002 0.1000 0.1000 0.4944 -0.1016 0.013523 -0.516571 12.23 
7.5436 2 1 1 0x0 1.0097 0.9827 1.01 0.98 -0.0000 -0.0002 0.1000 0.1000 0.4944 -0.1016 0.013523 -0.503450 12.23 
7.5536 2 1 1 0x0 1.0097 0.9826 1.01 0.98 -0.0000 -0.0002 0.1000 0.1000 0.4944 -0.1016 0.013523 -0.489956 12.24 
7.5636 2 1 1 0x0 1.0097 0.9827 1.01 0.98 -0.0000 -0.0002 0.1000 0.1000 0.4944 -0.1016 0.013523 -0.476140 12.23 
7.5736 2 1 1 0x0 1.0098 0.9828 1.01 0.98 -0.0000 -0.0002 0.1000 0.1000 0.4944 -0.1016 0.013523 -0.462105 12.24 
7.5836 2 1 1 0x0 1.0101 0.9830 1.01 0.98 -0.0000 -0.0002 0.1000 0.1000 0.4944 -0.1016 0.013523 -0.448282 12.23 
7.5936 2 1 1 0x0 1.0104 0.9833 1.01 0.98 -0.0000 -0.0002 0.1000 0.1000 0.4944 -0.1016 0.013523 -0.434742 12.23 
7.6036 2 1 1 0x0 1.0107 0.9837 1.01 0.98 -0.0000 -0.0002 0.1000 0.1000 0.4944 -0.1016 0.013523 -0.421585 12.24 
7.6136 2 1 1 0x0 1.0111 0.9841 1.01 0.98 -0.0000 -0.0002 0.1000 0.1000 0.4944 -0.1016 0.013523 -0.408794 12.24 
7.6236 2 1 1 0x0 1.0115 0.9845 1.01 0.98 -0.0000 -0.0002 0.1000 0.1000 0.4944 -0.1016 0.013523 -0.396350 12.24 
7.6336 2 1 1 0x0 1.0120 0.9850 1.01 0.98 -0.0000 -0.0002 0.1000 0.1000 0.4944 -0.1016 0.013523 -0.384329 12.23 
7.6436 2 1 1 0x0 1.0125 0.9855 1.01 0.99 -0.0000 -0.0002 0.1000 0.1000 0.4944 -0.1016 0.013523 -0.372945 12.23 
7.6536 2 1 1 0x0 0.9959 0.9743 1.00 0.97 0.0013 -0.0002 0.1000 0.1000 0.4946 -0.1016 0.010818 -0.362542 12.23 
7.6636 2 1 1 0x0 0.9862 0.9591 0.99 0.96 0.0013 0.0025 0.1000 0.0825 0.4948 -0.1016 0.013523 -0.353211 12.23 
7.6736 2 1 1 0x0 0.9724 0.9507 0.97 0.95 0.0237 0.0025 0.0116 0.0925 0.4950 -0.1016 0.010818 -0.344932 12.23 
7.6836 2 1 1 0x0 0.9761 0.9544 0.98 0.95 0.0237 0.0025 0.0216 0.1000 0.4950 -0.1016 0.010818 -0.337565 12.24 
7.6936 2 1 1 0x0 0.9630 0.9467 0.96 0.95 0.0262 0.0025 0.0153 0.1000 0.4953 -0.1016 0.008114 -0.330914 12.23 
7.7036 2 1 1 0x0 0.9501 0.9393 0.95 0.94 0.0306 0.0025 0.0110 0.1000 0.4955 -0.1016 0.005409 -0.324568 12.23 
7.7136 2 1 1 0x0 0.9543 0.9435 0.95 0.94 0.0306 0.0025 0.0210 0.1000 0.4955 -0.1016 0.005409 -0.318233 12.23 
7.7236 2 1 1 0x0 0.9577 0.9469 0.96 0.95 0.0167 0.0025 0.0310 0.1000 0.4955 -0.1016 0.005409 -0.311361 12.23 
7.7336 2 1 1 0x0 0.9606 0.9497 0.96 0.95 0.0118 0.0025 0.0410 0.1000 0.4955 -0.1016 0.005409 -0.303767 12.23 
7.7436 2 1 1 0x0 0.9628 0.9520 0.96 0.95 0.0092 0.0025 0.0510 0.1000 0.4955 -0.1016 0.005409 -0.295520 12.24 
7.7536 2 1 1 0x0 0.9647 0.9539 0.96 0.95 0.0075 0.0025 0.0610 0.1000 0.4955 -0.1016 0.005409 -0.286789 12.23 
7.7636 2 1 1 0x0 0.9662 0.9554 0.97 0.96 0.0063 0.0025 0.0710 0.1000 0.4955 -0.1016 0.005409 -0.277687 12.23 
7.7736 2 1 1 0x0 0.9674 0.9566 0.97 0.96 0.0055 0.0025 0.0810 0.1000 0.4955 -0.1016 0.005409 -0.268047 12.23 
7.7836 2 1 1 0x0 0.9683 0.9575 0.97 0.96 0.0048 0.0025 0.0910 0.1000 0.4955 -0.1016 0.005409 -0.258104 12.23 
7.7936 2 1 1 0x0 0.9691 0.9583 0.97 0.96 0.0043 0.0025 0.1000 0.1000 0.4955 -0.1016 0.005409 -0.248111 12.23 
7.8036 2 1 1 0x0 0.9697 0.9589 0.97 0.96 0.0039 0.0025 0.1000 0.1000 0.4955 -0.1016 0.005409 -0.238649 12.23 
7.8136 2 1 1 0x0 0.9702 0.9594 0.97 0.96 0.0035 0.0025 0.1000 0.1000 0.4955 -0.1016 0.005409 -0.229989 12.23 
7.8236 2 1 1 0x0 0.9705 0.9597 0.97 0.96 0.0033 0.0025 0.1000 0.1000 0.4955 -0.1016 0.005409 -0.222287 12.23 
7.8336 2 1 1 0x0 0.9708 0.9600 0.97 0.96 0.0030 0.0024 0.1000 0.1000 0.4955 -0.1016 0.005409 -0.215777 12.24 
7.8436 2 1 1 0x0 0.9710 0.9602 0.97 0.96 0.0028 0.0022 0.1000 0.1000 0.4955 -0.1016 0.005409 -0.210520 12.24 
7.8536 2 1 1 0x0 0.9711 0.9603 0.97 0.96 0.0026 0.0021 0.1000 0.1000 0.4955 -0.1016 0.005409 -0.206219 12.24 
7.8636 2 1 1 0x0 0.9605 0.9442 0.96 0.94 0.0025 0.0021 0.1000 0.1000 0.4957 -0.1016 0.008114 -0.202530 12.23 
7.8736 2 1 1 0x0 0.9616 0.9454 0.96 0.95 0.0023 0.0021 0.1000 0.1000 0.4957 -0.1016 0.008114 -0.198974 12.23 
7.8836 2 1 1 0x0 0.9508 0.9292 0.95 0.93 0.0022 0.0146 0.1000 0.0141 0.4959 -0.1016 0.010818 -0.195113 12.23 
7.8936 2 1 1 0x0 0.9529 0.9312 0.95 0.93 0.0021 0.0146 0.1000 0.0241 0.4959 -0.1016 0.010818 -0.190509 12.23 
7.9036 2 1 1 0x0 0.9438 0.9168 0.94 0.92 0.0000 0.0345 0.1000 0.0144 0.4961 -0.1016 0.013523 -0.185647 12.24 
7.9136 2 1 1 0x0 0.9462 0.9191 0.95 0.92 0.0000 0.0219 0.1000 0.0244 0.4961 -0.1016 0.013523 -0.179868 12.23 
7.9236 2 1 1 0x0 0.9480 0.9209 0.95 0.92 0.0000 0.0142 0.1000 0.0344 0.4961 -0.1016 0.013523 -0.174030 12.24 
7.9336 2 1 1 0x0 0.9494 0.9223 0.95 0.92 0.0000 0.0105 0.1000 0.0444 0.4961 -0.1016 0.013523 -0.167872 12.23 
7.9436 2 1 1 0x0 0.9504 0.9233 0.95 0.92 0.0000 0.0084 0.1000 0.0544 0.4961 -0.1016 0.013523 -0.161982 12.23 
7.9536 2 1 1 0x0 0.9511 0.9241 0.95 0.92 0.0000 0.0069 0.1000 0.0644 0.4961 -0.1016 0.013523 -0.156560 12.23 
7.9636 2 1 1 0x0 0.9516 0.9246 0.95 0.92 0.0000 0.0059 0.1000 0.0744 0.4961 -0.1016 0.013523 -0.151691 12.23 
7.9736 2 1 1 0x0 0.9519 0.9249 0.95 0.92 0.0000 0.0052 0.1000 0.0844 0.4961 -0.1016 0.013523 -0.147729 12.24 
7.9836 2 1 1 0x0 0.9521 0.9251 0.95 0.93 0.0000 0.0046 0.1000 0.0944 0.4961 -0.1016 0.013523 -0.144695 12.23 
7.9936 2 1 1 0x0 0.9521 0.9251 0.95 0.93 0.0000 0.0041 0.1000 0.1000 0.4961 -0.1016 0.013523 -0.142408 12.23 
8.0036 2 1 1 0x0 0.9520 0.9250 0.95 0.92 0.0000 0.0037 0.1000 0.1000 0.4961 -0.1016 0.013523 -0.140788 12.23 
8.0136 2 1 1 0x0 0.9355 0.9139 0.94 0.91 0.0013 0.0034 0.1000 0.1000 0.4963 -0.1016 0.010818 -0.139765 12.23 
8.0236 2 1 1 0x0 0.9247 0.8977 0.92 0.90 0.0013 0.0032 0.1000 0.0646 0.4965 -0.1016 0.013523 -0.139103 12.23 
8.0336 2 1 1 0x0 0.9266 0.8996 0.93 0.90 0.0013 0.0032 0.1000 0.0746 0.4965 -0.1016 0.013523 -0.138470 12.23 
8.0436 2 1 1 0x0 0.9280 0.9010 0.93 0.90 0.0013 0.0032 0.1000 0.0846 0.4965 -0.1016 0.013523 -0.137400 12.23 
8.0536 2 1 1 0x0 0.9290 0.9020 0.93 0.90 0.0013 0.0032 0.1000 0.0946 0.4965 -0.1016 0.013523 -0.135839 12.23 
8.0636 2 1 1 0x0 0.9183 0.8858 0.92 0.89 0.0013 0.0105 0.1000 0.0215 0.4967 -0.1016 0.016227 -0.133625 12.24 
8.0736 2 1 1 0x0 0.9199 0.8875 0.92 0.89 0.0013 0.0105 0.1000 0.0315 0.4967 -0.1016 0.016227 -0.130222 12.24 
8.0836 2 1 1 0x0 0.9211 0.8887 0.92 0.89 0.0013 0.0105 0.1000 0.0415 0.4967 -0.1016 0.016227 -0.125472 12.23 
8.0936 2 1 1 0x0 0.9219 0.8894 0.92 0.89 0.0013 0.0105 0.1000 0.0515 0.4967 -0.1016 0.016227 -0.120033 12.23 
8.1036 2 1 1 0x0 0.9223 0.8899 0.92 0.89 0.0013 0.0096 0.1000 0.0615 0.4967 -0.1016 0.016227 -0.113876 12.23 
8.1136 2 1 1 0x0 0.9225 0.8901 0.92 0.89 0.0013 0.0078 0.1000 0.0715 0.4967 -0.1016 0.016227 -0.106997 12.23 
8.1237 2 1 1 0x0 0.9225 0.8900 0.92 0.89 0.0013 0.0065 0.1000 0.0815 0.4967 -0.1016 0.016227 -0.099588 12.23 
8.1337 2 1 1 0x0 0.9223 0.8898 0.92 0.89 0.0013 0.0056 0.1000 0.0915 0.4967 -0.1016 0.016227 -0.091836 12.23 
8.1437 2 1 1 0x0 0.9219 0.8894 0.92 0.89 0.0013 0.0049 0.1000 0.1000 0.4967 -0.1016 0.016227 -0.083807 12.24 
8.1537 2 1 1 0x0 0.9214 0.8890 0.92 0.89 0.0013 0.0044 0.1000 0.1000 0.4967 -0.1016 0.016227 -0.075534 12.23 
8.1637 2 1 1 0x0 0.9208 0.8884 0.92 0.89 0.0013 0.0040 0.1000 0.1000 0.4967 -0.1016 0.016227 -0.067029 12.23 
8.1737 2 1 1 0x0 0.9201 0.8877 0.92 0.89 0.0013 0.0036 0.1000 0.1000 0.4967 -0.1016 0.016227 -0.058444 12.23 
8.1837 2 1 1 0x0 0.9194 0.8870 0.92 0.89 0.0013 0.0033 0.1000 0.1000 0.4967 -0.1016 0.016227 -0.049706 12.24 
8.1937 2 1 1 0x0 0.9186 0.8862 0.92 0.89 0.0013 0.0031 0.1000 0.1000 0.4967 -0.1016 0.016227 -0.040883 12.23 
8.2037 2 1 1 0x0 0.9178 0.8853 0.92 0.89 0.0013 0.0029 0.1000 0.1000 0.4967 -0.1016 0.016227 -0.032163 12.23 
8.2137 2 1 1 0x0 0.9169 0.8844 0.92 0.88 0.0000 0.0027 0.1000 0.1000 0.4967 -0.1016 0.016227 -0.023708 12.23 
8.2237 2 1 1 0x0 0.9160 0.8835 0.92 0.88 0.0000 0.0025 0.1000 0.1000 0.4967 -0.1016 0.016227 -0.015696 12.23 
8.2337 2 1 1 0x0 0.9150 0.8826 0.92 0.88 0.0000 0.0024 0.1000 0.1000 0.4967 -0.1016 0.016227 -0.008215 12.23 
8.2437 2 1 1 0x0 0.9141 0.8816 0.91 0.88 0.0000 0.0022 0.1000 0.1000 0.4967 -0.1016 0.016227 -0.001442 12.24 
8.2537 2 1 1 0x0 0.9131 0.8806 0.91 0.88 0.0000 0.0021 0.1000 0.1000 0.4967 -0.1016 0.016227 0.004490 12.23 
8.2637 2 1 1 0x0 0.9121 0.8797 0.91 0.88 0.0000 0.0000 0.1000 0.1000 0.4967 -0.1016 0.016227 0.009587 12.23 
8.2737 2 1 1 0x0 0.9111 0.8787 0.91 0.88 0.0000 0.0000 0.1000 0.1000 0.4967 -0.1016 0.016227 0.013929 12.24 
8.2837 2 1 1 0x0 0.9101 0.8776 0.91 0.88 0.0000 0.0000 0.1000 0.1000 0.4967 -0.1016 0.016227 0.017588 12.24 
8.2937 2 1 1 0x0 0.8932 0.8661 0.89 0.87 0.0000 0.0000 0.1000 0.1000 0.4969 -0.1016 0.013523 0.020693 12.23 
8.3037 2 1 1 0x0 0.8932 0.8662 0.89 0.87 0.0000 0.0000 0.1000 0.1000 0.4969 -0.1016 0.013523 0.023365 12.23 
8.3137 2 1 1 0x0 0.8930 0.8660 0.89 0.87 0.0000 0.0000 0.1000 0.1000 0.4969 -0.1016 0.013523 0.025645 12.23 
8.3237 2 1 1 0x0 0.8927 0.8657 0.89 0.87 0.0000 0.0000 0.1000 0.1000 0.4969 -0.1016 0.013523 0.027489 12.23 
8.3337 2 1 1 0x0 0.8922 0.8652 0.89 0.87 0.0000 0.0000 0.1000 0.1000 0.4969 -0.1016 0.013523 0.028909 12.23 
8.3437 2 1 1 0x0 0.8916 0.8645 0.89 0.86 0.0000 0.0000 0.1000 0.1000 0.4969 -0.1016 0.013523 0.029844 12.23 
8.3537 2 1 1 0x0 0.8909 0.8638 0.89 0.86 0.0000 0.0000 0.1000 0.1000 0.4969 -0.1016 0.013523 0.030365 12.24 
8.3637 2 1 1 0x0 0.8900 0.8630 0.89 0.86 0.0000 0.0000 0.1000 0.1000 0.4969 -0.1016 0.013523 0.030502 12.24 
8.3738 2 1 1 0x0 0.8892 0.8621 0.89 0.86 0.0000 0.0000 0.1000 0.1000 0.4969 -0.1016 0.013523 0.030341 12.23 
8.3838 2 1 1 0x0 0.8882 0.8612 0.89 0.86 0.0000 0.0000 0.1000 0.1000 0.4969 -0.1016 0.013523 0.029876 12.23 
8.3938 2 1 1 0x0 0.8872 0.8602 0.89 0.86 0.0000 0.0000 0.1000 0.1000 0.4969 -0.1016 0.013523 0.029103 12.23 
8.4038 2 1 1 0x0 0.8862 0.8592 0.89 0.86 0.0000 0.0000 0.1000 0.1000 0.4969 -0.1016 0.013523 0.028016 12.23 
8.4138 2 1 1 0x0 0.8851 0.8581 0.89 0.86 0.0000 0.0000 0.1000 0.1000 0.4969 -0.1016 0.013523 0.026575 12.23 
8.4238 2 1 1 0x0 0.8841 0.8570 0.88 0.86 0.0000 0.0000 0.1000 0.1000 0.4969 -0.1016 0.013523 0.024831 12.24 
8.4338 2 1 1 0x0 0.8829 0.8559 0.88 0.86 0.0000 0.0000 0.1000 0.1000 0.4969 -0.1016 0.013523 0.022957 12.23 
8.4438 2 1 1 0x0 0.8818 0.8548 0.88 0.85 0.0000 0.0000 0.1000 0.1000 0.4969 -0.1016 0.013523 0.021045 12.23 
8.4538 2 1 1 0x0 0.8807 0.8537 0.88 0.85 0.0000 0.0000 0.1000 0.1000 0.4969 -0.1016 0.013523 0.019317 12.23 
8.4638 2 1 1 0x0 0.8795 0.8525 0.88 0.85 0.0000 0.0000 0.1000 0.1000 0.4969 -0.1016 0.013523 0.017811 12.22 
8.4738 2 1 1 0x0 0.8784 0.8513 0.88 0.85 0.0000 0.0000 0.1000 0.1000 0.4969 -0.1016 0.013523 0.016531 12.23 
8.4838 2 1 1 0x0 0.8772 0.8502 0.88 0.85 0.0000 0.0000 0.1000 0.1000 0.4969 -0.1016 0.013523 0.015476 12.24 
8.4938 2 1 1 0x0 0.8760 0.8490 0.88 0.85 0.0000 0.0000 0.1000 0.1000 0.4969 -0.1016 0.013523 0.014633 12.23 
8.5038 2 1 1 0x0 0.8749 0.8478 0.87 0.85 0.0000 0.0000 0.1000 0.1000 0.4969 -0.1016 0.013523 0.013891 12.24 
8.5138 2 1 1 0x0 0.8737 0.8466 0.87 0.85 0.0000 0.0000 0.1000 0.1000 0.4969 -0.1016 0.013523 0.013213 12.23 
8.5238 2 1 1 0x0 0.8725 0.8454 0.87 0.85 0.0000 0.0000 0.1000 0.1000 0.4969 -0.1016 0.013523 0.012592 12.23 
8.5338 2 1 1 0x0 0.8552 0.8336 0.86 0.83 0.0000 0.0000 0.1000 0.1000 0.4971 -0.1016 0.010818 0.012113 12.23 
8.5438 2 1 1 0x0 0.8552 0.8335 0.86 0.83 0.0000 0.0000 0.1000 0.1000 0.4971 -0.1016 0.010818 0.011733 12.23 
8.5538 2 1 1 0x0 0.8549 0.8332 0.85 0.83 0.0000 0.0000 0.1000 0.1000 0.4971 -0.1016 0.010818 0.011421 12.23 
8.5638 2 1 1 0x0 0.8544 0.8327 0.85 0.83 0.0000 0.0000 0.1000 0.1000 0.4971 -0.1016 0.010818 0.011348 12.23 
8.5738 2 1 1 0x0 0.8377 0.8215 0.84 0.82 0.0000 0.0000 0.1000 0.1000 0.4973 -0.1016 0.008114 0.011372 12.24 
8.5838 2 1 1 0x0 0.8380 0.8218 0.84 0.82 0.0000 0.0000 0.1000 0.1000 0.4973 -0.1016 0.008114 0.011519 12.23 
8.5938 2 1 1 0x0 0.8381 0.8218 0.84 0.82 0.0000 0.0000 0.1000 0.1000 0.4973 -0.1016 0.008114 0.011806 12.23 
8.6038 2 1 1 0x0 0.8378 0.8216 0.84 0.82 0.0000 0.0000 0.1000 0.1000 0.4973 -0.1016 0.008114 0.012140 12.23 
8.6139 2 1 1 0x0 0.8373 0.8211 0.84 0.82 0.0000 0.0000 0.1000 0.1000 0.4973 -0.1016 0.008114 0.012462 12.23 
8.6239 2 1 1 0x0 0.8367 0.8204 0.84 0.82 0.0000 0.0000 0.1000 0.1000 0.4973 -0.1016 0.008114 0.012830 12.23 
8.6339 2 1 1 0x0 0.8359 0.8196 0.84 0.82 0.0000 0.0000 0.1000 0.1000 0.4973 -0.1016 0.008114 0.013097 12.23 
8.6439 2 1 1 0x0 0.8349 0.8187 0.83 0.82 0.0000 0.0000 0.1000 0.1000 0.4973 -0.1016 0.008114 0.013178 12.24 
8.6539 2 1 1 0x0 0.8339 0.8177 0.83 0.82 0.0000 0.0000 0.1000 0.1000 0.4973 -0.1016 0.008114 0.012827 12.24 
8.6639 2 1 1 0x0 0.8328 0.8165 0.83 0.82 0.0000 0.0000 0.1000 0.1000 0.4973 -0.1016 0.008114 0.012484 12.24 
8.6739 2 1 1 0x0 0.8316 0.8153 0.83 0.82 0.0000 0.0000 0.1000 0.1000 0.4973 -0.1016 0.008114 0.012115 12.24 
8.6839 2 1 1 0x0 0.8303 0.8141 0.83 0.81 0.0000 0.0000 0.1000 0.1000 0.4973 -0.1016 0.008114 0.011394 12.23 
8.6939 2 1 1 0x0 0.8290 0.8128 0.83 0.81 0.0000 0.0000 0.1000 0.1000 0.4973 -0.1016 0.008114 0.010225 12.24 
8.7039 2 1 1 0x0 0.8277 0.8115 0.83 0.81 0.0000 0.0000 0.1000 0.1000 0.4973 -0.1016 0.008114 0.008546 12.24 
8.7139 2 1 1 0x0 0.8263 0.8101 0.83 0.81 0.0000 0.0000 0.1000 0.1000 0.4973 -0.1016 0.008114 0.006355 12.24 
8.7239 2 1 1 0x0 0.8410 0.8194 0.84 0.82 -0.0000 0.0000 0.1000 0.1000 0.4971 -0.1016 0.010818 0.003722 12.24 
8.7339 2 1 1 0x0 0.8385 0.8168 0.84 0.82 -0.0000 0.0000 0.1000 0.1000 0.4971 -0.1016 0.010818 0.000547 12.23 
8.7439 2 1 1 0x0 0.8362 0.8145 0.84 0.81 -0.0000 0.0000 0.1000 0.1000 0.4971 -0.1016 0.010818 -0.003056 12.24 
8.7539 2 1 1 0x0 0.8340 0.8124 0.83 0.81 -0.0000 0.0000 0.1000 0.1000 0.4971 -0.1016 0.010818 -0.006527 12.24 
8.7639 2 1 1 0x0 0.8320 0.8104 0.83 0.81 -0.0000 0.0000 0.1000 0.1000 0.4971 -0.1016 0.010818 -0.009466 12.25 
8.7739 2 1 1 0x0 0.8301 0.8085 0.83 0.81 -0.0000 0.0000 0.1000 0.1000 0.4971 -0.1016 0.010818 -0.012329 12.23 
8.7839 2 1 1 0x0 0.8283 0.8067 0.83 0.81 -0.0000 0.0000 0.1000 0.1000 0.4971 -0.1016 0.010818 -0.015034 12.24 
8.7939 2 1 1 0x0 0.8266 0.8050 0.83 0.81 -0.0000 0.0000 0.1000 0.1000 0.4971 -0.1016 0.010818 -0.017230 12.24 
8.8039 2 1 1 0x0 0.8250 0.8033 0.82 0.80 -0.0000 0.0000 0.1000 0.1000 0.4971 -0.1016 0.010818 -0.019151 12.24 
8.8139 2 1 1 0x0 0.8234 0.8018 0.82 0.80 -0.0000 0.0000 0.1000 0.1000 0.4971 -0.1016 0.010818 -0.020934 12.23 
8.8239 2 1 1 0x0 0.8218 0.8002 0.82 0.80 -0.0000 0.0000 0.1000 0.1000 0.4971 -0.1016 0.010818 -0.022617 12.24 
8.8339 2 1 1 0x0 0.8203 0.7987 0.82 0.80 -0.0000 0.0000 0.1000 0.1000 0.4971 -0.1016 0.010818 -0.024153 12.25 
8.8439 2 1 1 0x0 0.8188 0.7972 0.82 0.80 -0.0000 0.0000 0.1000 0.1000 0.4971 -0.1016 0.010818 -0.025404 12.24 
8.8539 2 1 1 0x0 0.8174 0.7957 0.82 0.80 -0.0000 0.0000 0.1000 0.1000 0.4971 -0.1016 0.010818 -0.026413 12.23 
8.8640 2 1 1 0x0 0.8159 0.7943 0.82 0.79 -0.0000 0.0000 0.1000 0.1000 0.4971 -0.1016 0.010818 -0.027229 12.24 
8.8740 2 1 1 0x0 0.8145 0.7929 0.81 0.79 -0.0000 0.0000 0.1000 0.1000 0.4971 -0.1016 0.010818 -0.027857 12.24 
8.8840 2 1 1 0x0 0.8131 0.7914 0.81 0.79 -0.0000 0.0000 0.1000 0.1000 0.4971 -0.1016 0.010818 -0.028347 12.24 
8.8940 2 1 1 0x0 0.8117 0.7901 0.81 0.79 -0.0000 0.0000 0.1000 0.1000 0.4971 -0.1016 0.010818 -0.028769 12.24 
8.9040 2 1 1 0x0 0.8103 0.7887 0.81 0.79 -0.0000 0.0000 0.1000 0.1000 0.4971 -0.1016 0.010818 -0.029195 12.24 
8.9140 2 1 1 0x0 0.8089 0.7873 0.81 0.79 -0.0000 0.0000 0.1000 0.1000 0.4971 -0.1016 0.010818 -0.029684 12.24 
8.9240 2 1 1 0x0 0.8075 0.7859 0.81 0.79 -0.0000 0.0000 0.1000 0.1000 0.4971 -0.1016 0.010818 -0.030299 12.24 
8.9340 2 1 1 0x0 0.8061 0.7845 0.81 0.78 -0.0000 0.0000 0.1000 0.1000 0.4971 -0.1016 0.010818 -0.031101 12.24 
8.9440 2 1 1 0x0 0.8048 0.7831 0.80 0.78 -0.0000 0.0000 0.1000 0.1000 0.4971 -0.1016 0.010818 -0.032203 12.24 
8.9540 2 1 1 0x0 0.8034 0.7818 0.80 0.78 -0.0000 0.0000 0.1000 0.1000 0.4971 -0.1016 0.010818 -0.033626 12.24 
8.9640 2 1 1 0x0 0.8021 0.7804 0.80 0.78 -0.0000 0.0000 0.1000 0.1000 0.4971 -0.1016 0.010818 -0.035396 12.24 
8.9740 2 1 1 0x0 0.8007 0.7791 0.80 0.78 -0.0000 0.0000 0.1000 0.1000 0.4971 -0.1016 0.010818 -0.037474 12.24 
8.9840 2 1 1 0x0 0.7994 0.7777 0.80 0.78 -0.0000 0.0000 0.1000 0.1000 0.4971 -0.1016 0.010818 -0.039766 12.23 
8.9940 2 1 1 0x0 0.7980 0.7764 0.80 0.78 -0.0000 0.0000 0.1000 0.1000 0.4971 -0.1016 0.010818 -0.042197 12.24 
9.0040 2 1 1 0x0 0.7967 0.7750 0.80 0.78 -0.0000 0.0000 0.1000 0.1000 0.4971 -0.1016 0.010818 -0.044626 12.23 
9.0140 2 1 1 0x0 0.7953 0.7737 0.80 0.77 -0.0000 0.0000 0.1000 0.1000 0.4971 -0.1016 0.010818 -0.046957 12.24 
9.0240 2 1 1 0x0 0.7940 0.7723 0.79 0.77 -0.0000 0.0000 0.1000 0.1000 0.4971 -0.1016 0.010818 -0.049022 12.24 
9.0340 2 1 1 0x0 0.7926 0.7710 0.79 0.77 -0.0000 0.0000 0.1000 0.1000 0.4971 -0.1016 0.010818 -0.051043 12.23 
9.0440 2 1 1 0x0 0.7913 0.7696 0.79 0.77 -0.0000 0.0000 0.1000 0.1000 0.4971 -0.1016 0.010818 -0.052947 12.24 
9.0540 2 1 1 0x0 0.7899 0.7683 0.79 0.77 -0.0000 0.0000 0.1000 0.1000 0.4971 -0.1016 0.010818 -0.054735 12.24 
9.0640 2 1 1 0x0 0.7886 0.7669 0.79 0.77 -0.0000 0.0000 0.1000 0.1000 0.4971 -0.1016 0.010818 -0.056540 12.23 
9.0740 2 1 1 0x0 0.7872 0.7656 0.79 0.77 -0.0000 0.0000 0.1000 0.1000 0.4971 -0.1016 0.010818 -0.058330 12.24 
9.0840 2 1 1 0x0 0.7859 0.7643 0.79 0.76 -0.0000 0.0000 0.1000 0.1000 0.4971 -0.1016 0.010818 -0.060219 12.24 
9.0940 2 1 1 0x0 0.7845 0.7629 0.78 0.76 -0.0000 0.0000 0.1000 0.1000 0.4971 -0.1016 0.010818 -0.062224 12.24 
9.1040 2 1 1 0x0 0.7832 0.7616 0.78 0.76 -0.0000 0.0000 0.1000 0.1000 0.4971 -0.1016 0.010818 -0.064373 12.24 
9.1141 2 1 1 0x0 0.7818 0.7602 0.78 0.76 -0.0000 0.0000 0.1000 0.1000 0.4971 -0.1016 0.010818 -0.066603 12.24 
9.1241 2 1 1 0x0 0.7805 0.7589 0.78 0.76 -0.0000 0.0000 0.1000 0.1000 0.4971 -0.1016 0.010818 -0.068981 12.24 
9.1341 2 1 1 0x0 0.7791 0.7575 0.78 0.76 -0.0000 0.0000 0.1000 0.1000 0.4971 -0.1016 0.010818 -0.071520 12.24 
9.1441 2 1 1 0x0 0.7778 0.7562 0.78 0.76 -0.0000 0.0000 0.1000 0.1000 0.4971 -0.1016 0.010818 -0.074240 12.24 
9.1541 2 1 1 0x0 0.7764 0.7548 0.78 0.75 -0.0000 0.0000 0.1000 0.1000 0.4971 -0.1016 0.010818 -0.077128 12.24 
9.1641 2 1 1 0x0 0.7751 0.7535 0.78 0.75 -0.0000 0.0000 0.1000 0.1000 0.4971 -0.1016 0.010818 -0.080233 12.24 
9.1741 2 1 1 0x0 0.7737 0.7521 0.77 0.75 -0.0000 0.0000 0.1000 0.1000 0.4971 -0.1016 0.010818 -0.083558 12.24 
9.1841 2 1 1 0x0 0.7724 0.7508 0.77 0.75 -0.0000 0.0000 0.1000 0.1000 0.4971 -0.1016 0.010818 -0.087129 12.24 
9.1941 2 1 1 0x0 0.7710 0.7494 0.77 0.75 -0.0000 0.0000 0.1000 0.1000 0.4971 -0.1016 0.010818 -0.090997 12.24 
9.2041 2 1 1 0x0 0.7697 0.7481 0.77 0.75 -0.0000 0.0000 0.1000 0.1000 0.4971 -0.1016 0.010818 -0.095167 12.24 
9.2141 2 1 1 0x0 0.7683 0.7467 0.77 0.75 -0.0000 0.0000 0.1000 0.1000 0.4971 -0.1016 0.010818 -0.099655 12.24 
9.2241 2 1 1 0x0 0.7670 0.7454 0.77 0.75 -0.0000 0.0000 0.1000 0.1000 0.4971 -0.1016 0.010818 -0.104491 12.23 
9.2341 2 1 1 0x0 0.7656 0.7440 0.77 0.74 -0.0000 0.0000 0.1000 0.1000 0.4971 -0.1016 0.010818 -0.109720 12.24 
9.2441 2 1 1 0x0 0.7643 0.7427 0.76 0.74 -0.0000 0.0000 0.1000 0.1000 0.4971 -0.1016 0.010818 -0.115346 12.24 
9.2541 2 1 1 0x0 0.7629 0.7413 0.76 0.74 -0.0000 0.0000 0.1000 0.1000 0.4971 -0.1016 0.010818 -0.121442 12.24 
9.2641 2 1 1 0x0 0.7616 0.7400 0.76 0.74 -0.0000 0.0000 0.1000 0.1000 0.4971 -0.1016 0.010818 -0.128020 12.24 
9.2741 2 1 1 0x0 0.7602 0.7386 0.76 0.74 -0.0000 0.0000 0.1000 0.1000 0.4971 -0.1016 0.010818 -0.135139 12.24 
9.2841 2 1 1 0x0 0.7589 0.7373 0.76 0.74 -0.0000 0.0000 0.1000 0.1000 0.4971 -0.1016 0.010818 -0.142829 12.24 
9.2941 2 1 1 0x0 0.7575 0.7359 0.76 0.74 -0.0000 0.0000 0.1000 0.1000 0.4971 -0.1016 0.010818 -0.151157 12.24 
9.3041 2 1 1 0x0 0.7562 0.7346 0.76 0.73 -0.0000 0.0000 0.1000 0.1000 0.4971 -0.1016 0.010818 -0.160158 12.24 
9.3141 2 1 1 0x0 0.7548 0.7332 0.75 0.73 -0.0000 0.0000 0.1000 0.1000 0.4971 -0.1016 0.010818 -0.169784 12.24 
9.3241 2 1 1 0x0 0.7535 0.7319 0.75 0.73 -0.0000 0.0000 0.1000 0.1000 0.4971 -0.1016 0.010818 -0.180207 12.24 
9.3341 2 1 1 0x0 0.7522 0.7305 0.75 0.73 -0.0000 0.0000 0.1000 0.1000 0.4971 -0.1016 0.010818 -0.191528 12.24 
9.3441 2 1 1 0x0 0.7508 0.7292 0.75 0.73 -0.0000 0.0000 0.1000 0.1000 0.4971 -0.1016 0.010818 -0.203861 12.24 
9.3541 2 1 1 0x0 0.7495 0.7278 0.75 0.73 -0.0000 0.0000 0.1000 0.1000 0.4971 -0.1016 0.010818 -0.217274 12.24 
9.3642 2 1 1 0x0 0.7481 0.7265 0.75 0.73 -0.0000 0.0000 0.1000 0.1000 0.4971 -0.1016 0.010818 -0.231926 12.24 
9.3742 2 1 1 0x0 0.7468 0.7251 0.75 0.73 -0.0000 0.0000 0.1000 0.1000 0.4971 -0.1016 0.010818 -0.247943 12.24 
9.3842 2 1 1 0x0 0.7454 0.7238 0.75 0.72 -0.0000 0.0000 0.1000 0.1000 0.4971 -0.1016 0.010818 -0.265508 12.24 
9.3942 2 1 1 0x0 0.7273 0.7111 0.73 0.71 0.0000 0.0000 0.1000 0.1000 0.4973 -0.1016 0.008114 -0.284657 12.23 
9.4042 2 1 1 0x0 0.7272 0.7110 0.73 0.71 0.0000 0.0000 0.1000 0.1000 0.4973 -0.1016 0.008114 -0.305081 12.24 
9.4142 2 1 1 0x0 0.7104 0.6996 0.71 0.70 0.0232 0.0000 0.0144 0.1000 0.4975 -0.1016 0.005409 -0.326939 12.25 
9.4242 2 1 1 0x0 0.6943 0.6889 0.69 0.69 0.0348 0.0000 0.0098 0.1000 0.4977 -0.1016 0.002705 -0.350526 12.24 
9.4342 2 1 1 0x0 0.6677 0.6623 0.67 0.66 0.0312 0.0000 0.0075 0.1000 0.4981 -0.1016 0.002705 -0.376055 12.23 
9.4442 2 1 1 0x0 0.6539 0.6539 0.65 0.65 0.0404 0.0000 0.0060 0.1000 0.4983 -0.1016 0.000000 -0.403756 12.24 
9.4542 2 1 1 0x0 0.6462 0.6408 0.65 0.64 0.0404 0.0000 0.0160 0.1000 0.4985 -0.1016 0.002705 -0.433780 12.24 
9.4642 2 1 1 0x0 0.6054 0.6054 0.61 0.61 0.0454 0.0000 0.0052 0.1000 0.4991 -0.1016 0.000000 -0.466284 12.24 
9.4742 2 1 1 0x0 0.5951 0.6005 0.60 0.60 0.0479 0.0000 0.0065 0.1000 0.4993 -0.1016 -0.002705 -0.501383 12.24 
9.4842 2 1 1 0x0 0.5624 0.5624 0.56 0.56 0.0544 0.0551 0.0086 0.0053 0.4999 -0.1016 0.000000 -0.539533 12.23 
9.4942 2 1 1 0x0 0.5259 0.5313 0.53 0.53 0.0681 0.0450 0.0042 0.0071 0.5005 -0.1016 -0.002705 -0.581149 12.23 
9.5042 2 1 1 0x0 0.5080 0.5134 0.51 0.51 0.0540 0.0623 0.0074 0.0093 0.5009 -0.1016 -0.002705 -0.625660 12.23 
9.5142 2 1 1 0x0 0.4626 0.4680 0.46 0.47 0.0581 0.0689 0.0044 0.0062 0.5017 -0.1016 -0.002705 -0.673726 12.24 
9.5242 2 1 1 0x0 0.4186 0.4240 0.42 0.42 0.0771 0.0798 0.0028 0.0041 0.5026 -0.1016 -0.002705 -0.721556 12.24 
9.5342 2 1 1 0x0 0.4209 0.4209 0.42 0.42 0.0400 0.0397 0.0128 0.0064 0.5028 -0.1016 0.000000 -0.730578 12.25 
9.5442 2 1 1 0x0 0.4497 0.4443 0.45 0.44 -0.0215 0.0397 0.0107 0.0164 0.5026 -0.1016 0.002705 -0.718201 12.24 
9.5542 2 1 1 0x0 0.5190 0.5028 0.52 0.50 -0.1504 -0.0214 0.0014 0.0118 0.5017 -0.1016 0.008114 -0.700740 12.23 
9.5642 2 1 1 0x0 0.6133 0.6025 0.61 0.60 -0.1226 -0.1387 0.0028 0.0017 0.5003 -0.1016 0.005409 -0.709545 12.23 
9.5742 2 1 1 0x0 0.6315 0.6207 0.63 0.62 -0.0766 -0.0936 0.0085 0.0080 0.4999 -0.1016 0.005409 -0.716744 12.23 
9.5842 2 1 1 0x0 0.6641 0.6479 0.66 0.65 -0.0636 -0.0565 0.0066 0.0123 0.4993 -0.1016 0.008114 -0.718535 12.24 
9.5942 2 1 1 0x0 0.7118 0.6848 0.71 0.68 -0.0850 -0.0308 0.0027 0.0121 0.4985 -0.1016 0.013523 -0.720623 12.24 
9.6043 2 1 1 0x0 0.7237 0.6967 0.72 0.70 -0.0443 -0.0502 0.0057 0.0114 0.4981 -0.1016 0.013523 -0.722044 12.24 
9.6143 2 1 1 0x0 0.7362 0.7092 0.74 0.71 -0.0390 -0.0284 0.0059 0.0103 0.4977 -0.1016 0.013523 -0.722218 12.24 
9.6243 2 1 1 0x0 0.7202 0.6932 0.72 0.69 -0.0390 -0.0284 0.0159 0.0203 0.4977 -0.1016 0.013523 -0.724026 12.24 
9.6343 2 1 1 0x0 0.7067 0.6797 0.71 0.68 -0.0196 -0.0175 0.0259 0.0303 0.4977 -0.1016 0.013523 -0.726088 12.24 
9.6443 2 1 1 0x0 0.6953 0.6683 0.70 0.67 -0.0132 -0.0122 0.0359 0.0403 0.4977 -0.1016 0.013523 -0.726556 12.24 
9.6543 2 1 1 0x0 0.6856 0.6586 0.69 0.66 -0.0100 -0.0094 0.0459 0.0503 0.4977 -0.1016 0.013523 -0.726700 12.24 
9.6643 2 1 1 0x0 0.6773 0.6503 0.68 0.65 -0.0080 -0.0076 0.0559 0.0603 0.4977 -0.1016 0.013523 -0.726664 12.23 
9.6743 2 1 1 0x0 0.6702 0.6432 0.67 0.64 -0.0067 -0.0064 0.0659 0.0703 0.4977 -0.1016 0.013523 -0.726618 12.24 
9.6843 2 1 1 0x0 0.6640 0.6370 0.66 0.64 -0.0057 -0.0055 0.0759 0.0803 0.4977 -0.1016 0.013523 -0.726688 12.24 
9.6943 2 1 1 0x0 0.6586 0.6316 0.66 0.63 -0.0050 -0.0049 0.0859 0.0903 0.4977 -0.1016 0.013523 -0.726709 12.24 
9.7043 2 1 1 0x0 0.6539 0.6268 0.65 0.63 -0.0045 -0.0044 0.0959 0.1000 0.4977 -0.1016 0.013523 -0.726848 12.24 
9.7143 2 1 1 0x0 0.6496 0.6226 0.65 0.62 -0.0040 -0.0039 0.1000 0.1000 0.4977 -0.1016 0.013523 -0.727125 12.24 
9.7243 2 1 1 0x0 0.6458 0.6187 0.65 0.62 -0.0037 -0.0036 0.1000 0.1000 0.4977 -0.1016 0.013523 -0.727171 12.24 
9.7343 2 1 1 0x0 0.6423 0.6153 0.64 0.62 -0.0034 -0.0033 0.1000 0.1000 0.4977 -0.1016 0.013523 -0.727196 12.23 
9.7443 2 1 1 0x0 0.6392 0.6121 0.64 0.61 -0.0031 -0.0030 0.1000 0.1000 0.4977 -0.1016 0.013523 -0.727286 12.24 
9.7543 2 1 1 0x0 0.6196 0.5979 0.62 0.60 0.0029 -0.0028 0.0719 0.1000 0.4979 -0.1016 0.010818 -0.727423 12.23 
9.7643 2 1 1 0x0 0.6181 0.5964 0.62 0.60 0.0029 -0.0026 0.0819 0.1000 0.4979 -0.1016 0.010818 -0.727564 12.24 
9.7743 2 1 1 0x0 0.6165 0.5949 0.62 0.59 0.0029 -0.0025 0.0919 0.1000 0.4979 -0.1016 0.010818 -0.727644 12.23 
9.7843 2 1 1 0x0 0.6149 0.5932 0.61 0.59 0.0029 -0.0023 0.1000 0.1000 0.4979 -0.1016 0.010818 -0.727727 12.24 
9.7943 2 1 1 0x0 0.6132 0.5915 0.61 0.59 0.0029 -0.0022 0.1000 0.1000 0.4979 -0.1016 0.010818 -0.727944 12.24 
9.8043 2 1 1 0x0 0.6114 0.5898 0.61 0.59 0.0029 -0.0021 0.1000 0.1000 0.4979 -0.1016 0.010818 -0.728128 12.24 
9.8143 2 1 1 0x0 0.6097 0.5880 0.61 0.59 0.0029 -0.0000 0.1000 0.1000 0.4979 -0.1016 0.010818 -0.728137 12.24 
9.8243 2 1 1 0x0 0.6078 0.5862 0.61 0.59 0.0029 -0.0000 0.1000 0.1000 0.4979 -0.1016 0.010818 -0.728214 12.24 
9.8343 2 1 1 0x0 0.6060 0.5844 0.61 0.58 0.0029 -0.0000 0.1000 0.1000 0.4979 -0.1016 0.010818 -0.728398 12.23 
9.8443 2 1 1 0x0 0.6041 0.5825 0.60 0.58 0.0029 -0.0000 0.1000 0.1000 0.4979 -0.1016 0.010818 -0.728591 12.24 
9.8544 2 1 1 0x0 0.6023 0.5806 0.60 0.58 0.0029 -0.0000 0.1000 0.1000 0.4979 -0.1016 0.010818 -0.728739 12.23 
9.8644 2 1 1 0x0 0.6004 0.5787 0.60 0.58 0.0029 -0.0000 0.1000 0.1000 0.4979 -0.1016 0.010818 -0.728866 12.24 
9.8744 2 1 1 0x0 0.5985 0.5768 0.60 0.58 0.0029 -0.0000 0.1000 0.1000 0.4979 -0.1016 0.010818 -0.728982 12.24 
9.8844 2 1 1 0x0 0.5965 0.5749 0.60 0.57 0.0029 -0.0000 0.1000 0.1000 0.4979 -0.1016 0.010818 -0.729094 12.24 
9.8944 2 1 1 0x0 0.5946 0.5730 0.59 0.57 0.0028 -0.0000 0.1000 0.1000 0.4979 -0.1016 0.010818 -0.729184 12.23 
9.9044 2 1 1 0x0 0.5927 0.5711 0.59 0.57 0.0026 -0.0000 0.1000 0.1000 0.4979 -0.1016 0.010818 -0.729316 12.24 
9.9144 2 1 1 0x0 0.5908 0.5691 0.59 0.57 0.0025 -0.0000 0.1000 0.1000 0.4979 -0.1016 0.010818 -0.729494 12.24 
9.9244 2 1 1 0x0 0.5888 0.5672 0.59 0.57 0.0023 -0.0000 0.1000 0.1000 0.4979 -0.1016 0.010818 -0.729613 12.24 
9.9344 2 1 1 0x0 0.5868 0.5652 0.59 0.57 0.0022 -0.0000 0.1000 0.1000 0.4979 -0.1016 0.010818 -0.729661 12.24 
9.9444 2 1 1 0x0 0.5849 0.5632 0.58 0.56 0.0021 -0.0000 0.1000 0.1000 0.4979 -0.1016 0.010818 -0.729773 12.24 
9.9544 2 1 1 0x0 0.5829 0.5613 0.58 0.56 0.0000 -0.0000 0.1000 0.1000 0.4979 -0.1016 0.010818 -0.729926 12.24 
9.9644 2 1 1 0x0 0.5809 0.5593 0.58 0.56 0.0000 -0.0000 0.1000 0.1000 0.4979 -0.1016 0.010818 -0.730058 12.23 
9.9744 2 1 1 0x0 0.5790 0.5573 0.58 0.56 0.0000 -0.0000 0.1000 0.1000 0.4979 -0.1016 0.010818 -0.730168 12.24 
9.9844 2 1 1 0x0 0.5770 0.5554 0.58 0.56 0.0000 -0.0000 0.1000 0.1000 0.4979 -0.1016 0.010818 -0.730316 12.24 
9.9944 2 1 1 0x0 0.5751 0.5534 0.58 0.55 0.0000 -0.0000 0.1000 0.1000 0.4979 -0.1016 0.010818 -0.730443 12.23 
10.0044 2 1 1 0x0 0.5731 0.5514 0.57 0.55 0.0000 -0.0000 0.1000 0.1000 0.4979 -0.1016 0.010818 -0.730521 12.24 
10.0144 2 1 1 0x0 0.5711 0.5495 0.57 0.55 0.0000 -0.0000 0.1000 0.1000 0.4979 -0.1016 0.010818 -0.730608 12.24 
10.0244 2 1 1 0x0 0.5692 0.5475 0.57 0.55 0.0000 -0.0000 0.1000 0.1000 0.4979 -0.1016 0.010818 -0.730760 12.23 
10.0344 2 1 1 0x0 0.5672 0.5456 0.57 0.55 0.0000 -0.0000 0.1000 0.1000 0.4979 -0.1016 0.010818 -0.730917 12.24 
10.0444 2 1 1 0x0 0.5652 0.5436 0.57 0.54 0.0000 -0.0000 0.1000 0.1000 0.4979 -0.1016 0.010818 -0.731035 12.24 
10.0544 2 1 1 0x0 0.5633 0.5416 0.56 0.54 0.0000 -0.0000 0.1000 0.1000 0.4979 -0.1016 0.010818 -0.731124 12.24 
10.0644 2 1 1 0x0 0.5613 0.5397 0.56 0.54 0.0000 -0.0000 0.1000 0.1000 0.4979 -0.1016 0.010818 -0.731217 12.23 
10.0744 2 1 1 0x0 0.5593 0.5377 0.56 0.54 0.0000 -0.0000 0.1000 0.1000 0.4979 -0.1016 0.010818 -0.731328 12.24 
10.0844 2 1 1 0x0 0.5574 0.5357 0.56 0.54 0.0000 -0.0000 0.1000 0.1000 0.4979 -0.1016 0.010818 -0.731432 12.23 
10.0944 2 1 1 0x0 0.5554 0.5338 0.56 0.53 0.0000 -0.0000 0.1000 0.1000 0.4979 -0.1016 0.010818 -0.731562 12.24 
10.1045 2 1 1 0x0 0.5534 0.5318 0.55 0.53 0.0000 -0.0000 0.1000 0.1000 0.4979 -0.1016 0.010818 -0.731696 12.24 
10.1145 2 1 1 0x0 0.5515 0.5298 0.55 0.53 0.0000 -0.0000 0.1000 0.1000 0.4979 -0.1016 0.010818 -0.731794 12.24 
10.1245 2 1 1 0x0 0.5495 0.5279 0.55 0.53 0.0000 -0.0000 0.1000 0.1000 0.4979 -0.1016 0.010818 -0.731865 12.24 
10.1345 2 1 1 0x0 0.5475 0.5259 0.55 0.53 0.0000 -0.0000 0.1000 0.1000 0.4979 -0.1016 0.010818 -0.731959 12.24 
10.1445 2 1 1 0x0 0.5456 0.5239 0.55 0.52 0.0000 -0.0000 0.1000 0.1000 0.4979 -0.1016 0.010818 -0.732087 12.24 
10.1545 2 1 1 0x0 0.5436 0.5220 0.54 0.52 0.0000 -0.0000 0.1000 0.1000 0.4979 -0.1016 0.010818 -0.732171 12.24 
10.1645 2 1 1 0x0 0.5416 0.5200 0.54 0.52 0.0000 -0.0000 0.1000 0.1000 0.4979 -0.1016 0.010818 -0.732279 12.24 
10.1745 2 1 1 0x0 0.5397 0.5180 0.54 0.52 0.0000 -0.0000 0.1000 0.1000 0.4979 -0.1016 0.010818 -0.732350 12.24 
10.1845 2 1 1 0x0 0.5377 0.5161 0.54 0.52 0.0000 -0.0000 0.1000 0.1000 0.4979 -0.1016 0.010818 -0.732435 12.24 
10.1945 2 1 1 0x0 0.5357 0.5141 0.54 0.51 0.0000 -0.0000 0.1000 0.1000 0.4979 -0.1016 0.010818 -0.732517 12.24 
10.2045 2 1 1 0x0 0.5338 0.5121 0.53 0.51 0.0000 -0.0000 0.1000 0.1000 0.4979 -0.1016 0.010818 -0.732593 12.24 
10.2145 2 1 1 0x0 0.5318 0.5102 0.53 0.51 0.0000 -0.0000 0.1000 0.1000 0.4979 -0.1016 0.010818 -0.732698 12.24 
10.2245 2 1 1 0x0 0.5298 0.5082 0.53 0.51 0.0000 -0.0000 0.1000 0.1000 0.4979 -0.1016 0.010818 -0.732820 12.24 
10.2345 2 1 1 0x0 0.5279 0.5062 0.53 0.51 0.0000 -0.0000 0.1000 0.1000 0.4979 -0.1016 0.010818 -0.732915 12.24 
10.2445 2 1 1 0x0 0.5259 0.5043 0.53 0.50 0.0000 -0.0000 0.1000 0.1000 0.4979 -0.1016 0.010818 -0.733010 12.23 
10.2545 2 1 1 0x0 0.5239 0.5023 0.52 0.50 0.0000 -0.0000 0.1000 0.1000 0.4979 -0.1016 0.010818 -0.733087 12.24 
10.2645 2 1 1 0x0 0.5220 0.5003 0.52 0.50 0.0000 -0.0000 0.1000 0.1000 0.4979 -0.1016 0.010818 -0.733158 12.24 
10.2745 2 1 1 0x0 0.5200 0.4984 0.52 0.50 0.0000 -0.0000 0.1000 0.1000 0.4979 -0.1016 0.010818 -0.733245 12.24 
10.2845 2 1 1 0x0 0.5180 0.4964 0.52 0.50 0.0000 -0.0000 0.1000 0.1000 0.4979 -0.1016 0.010818 -0.733327 12.24 
10.2945 2 1 1 0x0 0.5161 0.4944 0.52 0.49 0.0000 -0.0000 0.1000 0.1000 0.4979 -0.1016 0.010818 -0.733418 12.24 
10.3045 2 1 1 0x0 0.5141 0.4925 0.51 0.49 0.0000 -0.0000 0.1000 0.1000 0.4979 -0.1016 0.010818 -0.733486 12.24 
10.3145 2 1 1 0x0 0.5121 0.4905 0.51 0.49 0.0000 -0.0000 0.1000 0.1000 0.4979 -0.1016 0.010818 -0.733559 12.24 
10.3245 2 1 1 0x0 0.5102 0.4885 0.51 0.49 0.0000 -0.0000 0.1000 0.1000 0.4979 -0.1016 0.010818 -0.733657 12.24 
10.3345 2 1 1 0x0 0.5082 0.4866 0.51 0.49 0.0000 -0.0000 0.1000 0.1000 0.4979 -0.1016 0.010818 -0.733746 12.24 
10.3446 2 1 1 0x0 0.5063 0.4846 0.51 0.48 0.0000 -0.0000 0.1000 0.1000 0.4979 -0.1016 0.010818 -0.733831 12.24 
10.3546 2 1 1 0x0 0.5043 0.4826 0.50 0.48 0.0000 -0.0000 0.1000 0.1000 0.4979 -0.1016 0.010818 -0.733904 12.24 
10.3646 2 1 1 0x0 0.5023 0.4807 0.50 0.48 0.0000 -0.0000 0.1000 0.1000 0.4979 -0.1016 0.010818 -0.733979 12.24 
10.3746 2 1 1 0x0 0.5004 0.4787 0.50 0.48 0.0000 -0.0000 0.1000 0.1000 0.4979 -0.1016 0.010818 -0.734040 12.24 
10.3846 2 1 1 0x0 0.4984 0.4768 0.50 0.48 0.0000 -0.0000 0.1000 0.1000 0.4979 -0.1016 0.010818 -0.734112 12.23 
10.3946 2 1 1 0x0 0.4964 0.4748 0.50 0.47 0.0000 -0.0000 0.1000 0.1000 0.4979 -0.1016 0.010818 -0.734162 12.24 
10.4046 2 1 1 0x0 0.4945 0.4728 0.49 0.47 0.0000 -0.0000 0.1000 0.1000 0.4979 -0.1016 0.010818 -0.734249 12.24 
10.4146 2 1 1 0x0 0.4925 0.4709 0.49 0.47 0.0000 -0.0000 0.1000 0.1000 0.4979 -0.1016 0.010818 -0.734300 12.24 
10.4246 2 1 1 0x0 0.4905 0.4689 0.49 0.47 0.0000 -0.0000 0.1000 0.1000 0.4979 -0.1016 0.010818 -0.734569 12.23 
10.4346 2 1 1 0x0 0.4886 0.4669 0.49 0.47 0.0000 -0.0000 0.1000 0.1000 0.4979 -0.1016 0.010818 -0.735396 12.23 
10.4446 2 1 1 0x0 0.4866 0.4650 0.49 0.46 0.0000 -0.0000 0.1000 0.1000 0.4979 -0.1016 0.010818 -0.736081 12.23 
10.4546 2 1 1 0x0 0.4846 0.4630 0.48 0.46 0.0000 -0.0000 0.1000 0.1000 0.4979 -0.1016 0.010818 -0.736071 12.24 
10.4646 2 1 1 0x0 0.4827 0.4610 0.48 0.46 0.0000 -0.0000 0.1000 0.1000 0.4979 -0.1016 0.010818 -0.736690 12.24 
10.4746 2 1 1 0x0 0.4807 0.4591 0.48 0.46 0.0000 -0.0000 0.1000 0.1000 0.4979 -0.1016 0.010818 -0.737397 12.24 
10.4846 2 1 1 0x0 0.4787 0.4571 0.48 0.46 0.0000 -0.0000 0.1000 0.1000 0.4979 -0.1016 0.010818 -0.737855 12.23 
10.4946 2 1 1 0x0 0.4768 0.4551 0.48 0.46 0.0000 -0.0000 0.1000 0.1000 0.4979 -0.1016 0.010818 -0.738429 12.24 
10.5046 2 1 1 0x0 0.4748 0.4532 0.47 0.45 0.0000 -0.0000 0.1000 0.1000 0.4979 -0.1016 0.010818 -0.738678 12.24 
10.5146 2 1 1 0x0 0.4565 0.4403 0.46 0.44 0.0005 -0.0000 0.1000 0.1000 0.4981 -0.1016 0.008114 -0.738265 12.23 
10.5246 2 1 1 0x0 0.4279 0.4117 0.43 0.41 0.0309 0.0004 0.0101 0.1000 0.4985 -0.1016 0.008114 -0.737514 12.24 
10.5346 2 1 1 0x0 0.4123 0.4015 0.41 0.40 0.0342 0.0004 0.0076 0.1000 0.4987 -0.1016 0.005409 -0.736514 12.23 
10.5446 2 1 1 0x0 0.4144 0.4036 0.41 0.40 0.0342 0.0004 0.0176 0.1000 0.4987 -0.1016 0.005409 -0.735631 12.24 
10.5546 2 1 1 0x0 0.4043 0.3881 0.40 0.39 0.0187 0.0132 0.0276 0.0192 0.4989 -0.1016 0.008114 -0.735238 12.24 
10.5646 2 1 1 0x0 0.3898 0.3790 0.39 0.38 0.0160 0.0132 0.0190 0.0292 0.4991 -0.1016 0.005409 -0.735173 12.23 
10.5746 2 1 1 0x0 0.3920 0.3811 0.39 0.38 0.0160 0.0132 0.0290 0.0392 0.4991 -0.1016 0.005409 -0.734973 12.24 
10.5846 2 1 1 0x0 0.3932 0.3824 0.39 0.38 0.0160 0.0120 0.0390 0.0492 0.4991 -0.1016 0.005409 -0.735178 12.24 
10.5947 2 1 1 0x0 0.3937 0.3829 0.39 0.38 0.0112 0.0092 0.0490 0.0592 0.4991 -0.1016 0.005409 -0.736294 12.23 
10.6047 2 1 1 0x0 0.3936 0.3828 0.39 0.38 0.0088 0.0075 0.0590 0.0692 0.4991 -0.1016 0.005409 -0.736892 12.24 
10.6147 2 1 1 0x0 0.3770 0.3716 0.38 0.37 0.0085 0.0063 0.0323 0.0792 0.4993 -0.1016 0.002705 -0.737070 12.24 
10.6247 2 1 1 0x0 0.3771 0.3717 0.38 0.37 0.0085 0.0055 0.0423 0.0892 0.4993 -0.1016 0.002705 -0.737757 12.24 
10.6347 2 1 1 0x0 0.3607 0.3607 0.36 0.36 0.0201 0.0048 0.0182 0.0992 0.4995 -0.1016 0.000000 -0.738450 12.24 
10.6447 2 1 1 0x0 0.3439 0.3493 0.34 0.35 0.0247 0.0043 0.0098 0.1000 0.4997 -0.1016 -0.002705 -0.738318 12.24 
10.6547 2 1 1 0x0 0.3448 0.3502 0.34 0.35 0.0247 0.0039 0.0198 0.1000 0.4997 -0.1016 -0.002705 -0.737868 12.24 
10.6647 2 1 1 0x0 0.3449 0.3503 0.34 0.35 0.0188 0.0036 0.0298 0.1000 0.4997 -0.1016 -0.002705 -0.737447 12.24 
10.6747 2 1 1 0x0 0.3284 0.3392 0.33 0.34 0.0175 0.0033 0.0201 0.1000 0.4999 -0.1016 -0.005409 -0.736803 12.23 
10.6847 2 1 1 0x0 0.3285 0.3394 0.33 0.34 0.0175 0.0030 0.0301 0.1000 0.4999 -0.1016 -0.005409 -0.735947 12.24 
10.6947 2 1 1 0x0 0.3280 0.3389 0.33 0.34 0.0142 0.0028 0.0401 0.1000 0.4999 -0.1016 -0.005409 -0.735595 12.24 
10.7047 2 1 1 0x0 0.3270 0.3378 0.33 0.34 0.0105 0.0026 0.0501 0.1000 0.4999 -0.1016 -0.005409 -0.736056 12.24 
10.7147 2 1 1 0x0 0.3255 0.3364 0.33 0.34 0.0084 0.0025 0.0601 0.1000 0.4999 -0.1016 -0.005409 -0.737332 12.24 
10.7247 2 1 1 0x0 0.3237 0.3345 0.32 0.33 0.0069 0.0023 0.0701 0.1000 0.4999 -0.1016 -0.005409 -0.740026 12.24 
10.7347 2 1 1 0x0 0.3216 0.3324 0.32 0.33 0.0059 0.0022 0.0801 0.1000 0.4999 -0.1016 -0.005409 -0.745056 12.24 
10.7447 2 1 1 0x0 0.3192 0.3300 0.32 0.33 0.0052 0.0021 0.0901 0.1000 0.4999 -0.1016 -0.005409 -0.752676 12.24 
10.7547 2 1 1 0x0 0.3167 0.3275 0.32 0.33 0.0046 0.0000 0.1000 0.1000 0.4999 -0.1016 -0.005409 -0.761927 12.24 
10.7647 2 1 1 0x0 0.3139 0.3248 0.31 0.32 0.0041 0.0000 0.1000 0.1000 0.4999 -0.1016 -0.005409 -0.771444 12.23 
10.7747 2 1 1 0x0 0.3111 0.3219 0.31 0.32 0.0037 0.0000 0.1000 0.1000 0.4999 -0.1016 -0.005409 -0.780929 12.24 
10.7847 2 1 1 0x0 0.3081 0.3189 0.31 0.32 0.0034 0.0000 0.1000 0.1000 0.4999 -0.1016 -0.005409 -0.790542 12.23 
10.7947 2 1 1 0x0 0.3051 0.3159 0.31 0.32 0.0032 0.0000 0.1000 0.1000 0.4999 -0.1016 -0.005409 -0.800539 12.24 
10.8047 2 1 1 0x0 0.3019 0.3127 0.30 0.31 0.0029 0.0000 0.1000 0.1000 0.4999 -0.1016 -0.005409 -0.810886 12.24 
10.8147 2 1 1 0x0 0.2987 0.3095 0.30 0.31 0.0027 0.0000 0.1000 0.1000 0.4999 -0.1016 -0.005409 -0.821509 12.23 
10.8247 2 1 1 0x0 0.2955 0.3063 0.30 0.31 0.0026 0.0000 0.1000 0.1000 0.4999 -0.1016 -0.005409 -0.832372 12.24 
10.8347 2 1 1 0x0 0.2922 0.3030 0.29 0.30 0.0024 0.0000 0.1000 0.1000 0.4999 -0.1016 -0.005409 -0.843410 12.23 
10.8448 2 1 1 0x0 0.2889 0.2997 0.29 0.30 0.0023 0.0000 0.1000 0.1000 0.4999 -0.1016 -0.005409 -0.854522 12.24 
10.8548 2 1 1 0x0 0.2855 0.2963 0.29 0.30 0.0022 0.0000 0.1000 0.1000 0.4999 -0.1016 -0.005409 -0.865607 12.24 
10.8648 2 1 1 0x0 0.2821 0.2930 0.28 0.29 0.0020 0.0000 0.1000 0.1000 0.4999 -0.1016 -0.005409 -0.876397 12.24 
10.8748 2 1 1 0x0 0.2788 0.2896 0.28 0.29 0.0000 0.0000 0.1000 0.1000 0.4999 -0.1016 -0.005409 -0.886699 12.24 
10.8848 2 1 1 0x0 0.2754 0.2862 0.28 0.29 0.0000 0.0000 0.1000 0.1000 0.4999 -0.1016 -0.005409 -0.896442 12.24 
10.8948 2 1 1 0x0 0.2719 0.2827 0.27 0.28 0.0000 0.0000 0.1000 0.1000 0.4999 -0.1016 -0.005409 -0.905782 12.24 
10.9048 2 1 1 0x0 0.2685 0.2793 0.27 0.28 0.0000 0.0000 0.1000 0.1000 0.4999 -0.1016 -0.005409 -0.914876 12.24 
10.9148 2 1 1 0x0 0.2651 0.2759 0.27 0.28 0.0000 0.0000 0.1000 0.1000 0.4999 -0.1016 -0.005409 -0.923811 12.24 
10.9248 2 1 1 0x0 0.2616 0.2724 0.26 0.27 0.0000 0.0000 0.1000 0.1000 0.4999 -0.1016 -0.005409 -0.933083 12.24 
10.9348 2 1 1 0x0 0.2582 0.2690 0.26 0.27 0.0000 0.0000 0.1000 0.1000 0.4999 -0.1016 -0.005409 -0.942639 12.24 
10.9448 2 1 1 0x0 0.2547 0.2655 0.25 0.27 0.0000 0.0000 0.1000 0.1000 0.4999 -0.1016 -0.005409 -0.951971 12.24 
10.9548 2 1 1 0x0 0.2512 0.2621 0.25 0.26 0.0000 0.0000 0.1000 0.1000 0.4999 -0.1016 -0.005409 -0.960447 12.24 
10.9648 2 1 1 0x0 0.2478 0.2586 0.25 0.26 0.0000 0.0000 0.1000 0.1000 0.4999 -0.1016 -0.005409 -0.967922 12.24 
10.9748 2 1 1 0x0 0.2443 0.2551 0.24 0.26 0.0000 0.0000 0.1000 0.1000 0.4999 -0.1016 -0.005409 -0.974562 12.24 
10.9848 2 1 1 0x0 0.2408 0.2516 0.24 0.25 0.0000 0.0000 0.1000 0.1000 0.4999 -0.1016 -0.005409 -0.981140 12.24 
10.9948 2 1 1 0x0 0.2373 0.2481 0.24 0.25 0.0000 0.0000 0.1000 0.1000 0.4999 -0.1016 -0.005409 -0.988063 12.24 
11.0048 2 1 1 0x0 0.2338 0.2447 0.23 0.24 0.0000 0.0000 0.1000 0.1000 0.4999 -0.1016 -0.005409 -0.995589 12.24 
11.0148 2 1 1 0x0 0.2304 0.2412 0.23 0.24 0.0000 0.0000 0.1000 0.1000 0.4999 -0.1016 -0.005409 -1.003818 12.24 
11.0248 2 1 1 0x0 0.2269 0.2377 0.23 0.24 0.0000 0.0000 0.1000 0.1000 0.4999 -0.1016 -0.005409 -1.012849 12.24 
11.0348 2 1 1 0x0 0.2234 0.2342 0.22 0.23 0.0000 0.0000 0.1000 0.1000 0.4999 -0.1016 -0.005409 -1.022881 12.24 
11.0448 2 1 1 0x0 0.2199 0.2307 0.22 0.23 0.0000 0.0000 0.1000 0.1000 0.4999 -0.1016 -0.005409 -1.033810 12.24 
11.0548 2 1 1 0x0 0.2164 0.2273 0.22 0.23 0.0000 0.0000 0.1000 0.1000 0.4999 -0.1016 -0.005409 -1.045162 12.24 
11.0648 2 1 1 0x0 0.2130 0.2238 0.21 0.22 0.0000 0.0000 0.1000 0.1000 0.4999 -0.1016 -0.005409 -1.056527 12.24 
11.0748 2 1 1 0x0 0.2095 0.2203 0.21 0.22 0.0000 0.0000 0.1000 0.1000 0.4999 -0.1016 -0.005409 -1.067660 12.24 
11.0848 2 1 1 0x0 0.2060 0.2168 0.21 0.22 0.0000 0.0000 0.1000 0.1000 0.4999 -0.1016 -0.005409 -1.078125 12.24 
11.0949 2 1 1 0x0 0.2025 0.2133 0.20 0.21 0.0000 0.0000 0.1000 0.1000 0.4999 -0.1016 -0.005409 -1.087557 12.24 
11.1049 2 1 1 0x0 0.1990 0.2099 0.20 0.21 0.0000 0.0000 0.1000 0.1000 0.4999 -0.1016 -0.005409 -1.095145 12.24 
11.1149 2 1 1 0x0 0.1956 0.2064 0.20 0.21 0.0000 0.0000 0.1000 0.1000 0.4999 -0.1016 -0.005409 -1.100739 12.24 
11.1249 2 1 1 0x0 0.1921 0.2029 0.19 0.20 0.0000 0.0000 0.1000 0.1000 0.4999 -0.1016 -0.005409 -1.105485 12.24 
11.1349 2 1 1 0x0 0.1886 0.1994 0.19 0.20 0.0000 0.0000 0.1000 0.1000 0.4999 -0.1016 -0.005409 -1.110947 12.24 
11.1449 2 1 1 0x0 0.1851 0.1959 0.19 0.20 0.0000 0.0000 0.1000 0.1000 0.4999 -0.1016 -0.005409 -1.117696 12.24 
11.1549 2 1 1 0x0 0.1816 0.1925 0.18 0.19 0.0000 0.0000 0.1000 0.1000 0.4999 -0.1016 -0.005409 -1.125103 12.24 
11.1649 2 1 1 0x0 0.1782 0.1890 0.18 0.19 0.0000 0.0000 0.1000 0.1000 0.4999 -0.1016 -0.005409 -1.132738 12.24 
11.1749 2 1 1 0x0 0.1747 0.1855 0.17 0.19 0.0000 0.0000 0.1000 0.1000 0.4999 -0.1016 -0.005409 -1.141128 12.24 
11.1849 2 1 1 0x0 0.1712 0.1820 0.17 0.18 0.0000 0.0000 0.1000 0.1000 0.4999 -0.1016 -0.005409 -1.150620 12.24 
11.1949 2 1 1 0x0 0.1677 0.1785 0.17 0.18 0.0000 0.0000 0.1000 0.1000 0.4999 -0.1016 -0.005409 -1.160385 12.24 
11.2049 2 1 1 0x0 0.1642 0.1751 0.16 0.18 0.0000 0.0000 0.1000 0.1000 0.4999 -0.1016 -0.005409 -1.169211 12.24 
11.2149 2 1 1 0x0 0.1608 0.1716 0.16 0.17 0.0000 0.0000 0.1000 0.1000 0.4999 -0.1016 -0.005409 -1.176902 12.24 
11.2249 2 1 1 0x0 0.1573 0.1681 0.16 0.17 0.0000 0.0000 0.1000 0.1000 0.4999 -0.1016 -0.005409 -1.184234 12.24 
11.2349 2 1 1 0x0 0.1538 0.1646 0.15 0.16 0.0000 0.0000 0.1000 0.1000 0.4999 -0.1016 -0.005409 -1.191946 12.24 
11.2449 2 1 1 0x0 0.1503 0.1611 0.15 0.16 0.0000 0.0000 0.1000 0.1000 0.4999 -0.1016 -0.005409 -1.199855 12.24 
11.2549 2 1 1 0x0 0.1468 0.1577 0.15 0.16 0.0000 0.0000 0.1000 0.1000 0.4999 -0.1016 -0.005409 -1.207745 12.24 
11.2649 2 1 1 0x0 0.1434 0.1542 0.14 0.15 0.0000 0.0000 0.1000 0.1000 0.4999 -0.1016 -0.005409 -1.215661 12.23 
11.2749 2 1 1 0x0 0.1399 0.1507 0.14 0.15 0.0000 0.0000 0.1000 0.1000 0.4999 -0.1016 -0.005409 -1.223412 12.23 
11.2849 2 1 1 0x0 0.1364 0.1472 0.14 0.15 0.0000 0.0000 0.1000 0.1000 0.4999 -0.1016 -0.005409 -1.230305 12.24 
11.2949 2 1 1 0x0 0.1329 0.1437 0.13 0.14 0.0000 0.0000 0.1000 0.1000 0.4999 -0.1016 -0.005409 -1.237067 12.24 
11.3049 2 1 1 0x0 0.1294 0.1402 0.13 0.14 0.0000 0.0000 0.1000 0.1000 0.4999 -0.1016 -0.005409 -1.242549 12.24 
11.3149 2 1 1 0x0 0.1260 0.1368 0.13 0.14 0.0000 0.0000 0.1000 0.1000 0.4999 -0.1016 -0.005409 -1.246956 12.24 
11.3249 2 1 1 0x0 0.1225 0.1333 0.12 0.13 0.0000 0.0000 0.1000 0.1000 0.4999 -0.1016 -0.005409 -1.250607 12.24 
11.3350 2 1 1 0x0 0.1190 0.1298 0.12 0.13 0.0000 0.0000 0.1000 0.1000 0.4999 -0.1016 -0.005409 -1.253402 12.24 
11.3450 2 1 1 0x0 0.1155 0.1263 0.12 0.13 0.0000 0.0000 0.1000 0.1000 0.4999 -0.1016 -0.005409 -1.255091 12.23 
11.3550 2 1 1 0x0 0.1120 0.1228 0.11 0.12 0.0000 0.0000 0.1000 0.1000 0.4999 -0.1016 -0.005409 -1.255532 12.24 
11.3650 2 1 1 0x0 0.1085 0.1194 0.11 0.12 0.0000 0.0000 0.1000 0.1000 0.4999 -0.1016 -0.005409 -1.255346 12.24 
11.3750 2 1 1 0x0 0.1051 0.1159 0.11 0.12 0.0000 0.0000 0.1000 0.1000 0.4999 -0.1016 -0.005409 -1.254010 12.24 
11.3850 2 1 1 0x0 0.1016 0.1124 0.10 0.11 0.0000 0.0000 0.1000 0.1000 0.4999 -0.1016 -0.005409 -1.250860 12.24 
11.3950 2 1 1 0x0 0.0981 0.1089 0.10 0.11 0.0000 0.0000 0.1000 0.1000 0.4999 -0.1016 -0.005409 -1.247567 12.23 
11.4050 2 1 1 0x0 0.0946 0.1054 0.09 0.11 0.0000 0.0000 0.1000 0.1000 0.4999 -0.1016 -0.005409 -1.245946 12.23 
11.4150 2 1 1 0x0 0.0911 0.1020 0.09 0.10 0.0000 0.0000 0.1000 0.1000 0.4999 -0.1016 -0.005409 -1.245946 12.24 
11.4250 2 1 1 0x0 0.0877 0.0985 0.09 0.10 0.0000 0.0000 0.1000 0.1000 0.4999 -0.1016 -0.005409 -1.246254 12.24 
11.4350 2 1 1 0x0 0.0842 0.0950 0.08 0.10 0.0000 0.0000 0.1000 0.1000 0.4999 -0.1016 -0.005409 -1.246057 12.24 
11.4450 2 1 1 0x0 0.0807 0.0915 0.08 0.09 0.0000 0.0000 0.1000 0.1000 0.4999 -0.1016 -0.005409 -1.245315 12.24 
11.4550 2 1 1 0x0 0.0772 0.0880 0.08 0.09 0.0000 0.0000 0.1000 0.1000 0.4999 -0.1016 -0.005409 -1.244550 12.24 
11.4650 2 1 1 0x0 0.0737 0.0846 0.07 0.08 0.0000 0.0000 0.1000 0.1000 0.4999 -0.1016 -0.005409 -1.244171 12.23 
11.4750 2 1 1 0x0 0.0703 0.0811 0.07 0.08 0.0000 0.0000 0.1000 0.1000 0.4999 -0.1016 -0.005409 -1.244160 12.24 
11.4850 2 1 1 0x0 0.0668 0.0776 0.07 0.08 0.0000 0.0000 0.1000 0.1000 0.4999 -0.1016 -0.005409 -1.244328 12.24 
11.4950 2 1 1 0x0 0.0633 0.0741 0.06 0.07 0.0000 0.0000 0.1000 0.1000 0.4999 -0.1016 -0.005409 -1.244539 12.24 
11.5050 2 1 1 0x0 0.0598 0.0706 0.06 0.07 0.0000 0.0000 0.1000 0.1000 0.4999 -0.1016 -0.005409 -1.245042 12.24 
11.5150 2 1 1 0x0 0.0563 0.0672 0.06 0.07 0.0000 0.0000 0.1000 0.1000 0.4999 -0.1016 -0.005409 -1.246071 12.24 
11.5250 2 1 1 0x0 0.0529 0.0637 0.05 0.06 0.0000 0.0000 0.1000 0.1000 0.4999 -0.1016 -0.005409 -1.247432 12.24 
11.5350 2 1 1 0x0 0.0494 0.0602 0.05 0.06 0.0000 0.0000 0.1000 0.1000 0.4999 -0.1016 -0.005409 -1.248292 12.24 
11.5450 2 1 1 0x0 0.0459 0.0567 0.05 0.06 0.0000 0.0000 0.1000 0.1000 0.4999 -0.1016 -0.005409 -1.248797 12.24 
11.5550 2 1 1 0x0 0.0424 0.0532 0.04 0.05 0.0000 0.0000 0.1000 0.1000 0.4999 -0.1016 -0.005409 -1.249274 12.24 
11.5650 2 1 1 0x0 0.0389 0.0498 0.04 0.05 0.0000 0.0000 0.1000 0.1000 0.4999 -0.1016 -0.005409 -1.249435 12.24 
11.5750 2 1 1 0x0 0.0355 0.0463 0.04 0.05 0.0000 0.0000 0.1000 0.1000 0.4999 -0.1016 -0.005409 -1.249757 12.24 
11.5851 2 1 1 0x0 0.0320 0.0428 0.03 0.04 0.0000 0.0000 0.1000 0.1000 0.4999 -0.1016 -0.005409 -1.251354 12.24 
11.5951 2 1 1 0x0 0.0285 0.0393 0.03 0.04 0.0000 0.0000 0.1000 0.1000 0.4999 -0.1016 -0.005409 -1.254240 12.24 
11.6051 2 1 1 0x0 0.0250 0.0358 0.03 0.04 0.0000 0.0000 0.1000 0.1000 0.4999 -0.1016 -0.005409 -1.256940 12.24 
11.6151 2 1 1 0x0 0.0215 0.0324 0.02 0.03 0.0000 0.0000 0.1000 0.1000 0.4999 -0.1016 -0.005409 -1.257547 12.24 
11.6251 2 1 1 0x0 0.0181 0.0289 0.02 0.03 0.0000 0.0000 0.1000 0.1000 0.4999 -0.1016 -0.005409 -1.256653 12.23 
11.6351 2 1 1 0x0 0.0146 0.0254 0.01 0.03 0.0000 0.0000 0.1000 0.1000 0.4999 -0.1016 -0.005409 -1.254911 12.24 
11.6451 2 1 1 0x0 0.0111 0.0219 0.01 0.02 0.0000 0.0000 0.1000 0.1000 0.4999 -0.1016 -0.005409 -1.252434 12.24 
11.6551 2 1 1 0x0 0.0076 0.0184 0.01 0.02 0.0000 0.0000 0.1000 0.1000 0.4999 -0.1016 -0.005409 -1.249360 12.25 
11.6651 2 1 1 0x0 0.0041 0.0150 0.00 0.01 0.0000 0.0000 0.1000 0.1000 0.4999 -0.1016 -0.005409 -1.245957 12.24 
11.6751 2 1 1 0x0 0.0007 0.0115 0.00 0.01 0.0000 0.0000 0.1000 0.1000 0.4999 -0.1016 -0.005409 -1.241788 12.24 
11.6851 2 1 1 0x0 -0.0028 0.0080 -0.00 0.01 0.0000 0.0000 0.1000 0.1000 0.4999 -0.1016 -0.005409 -1.236237 12.23 
11.6951 2 1 1 0x0 -0.0063 0.0045 -0.01 0.00 0.0000 0.0000 0.1000 0.1000 0.4999 -0.1016 -0.005409 -1.228647 12.24 
11.7051 2 1 1 0x0 -0.0098 0.0010 -0.01 0.00 0.0000 0.0000 0.1000 0.1000 0.4999 -0.1016 -0.005409 -1.219578 12.24 
11.7151 2 1 1 0x0 -0.0133 -0.0024 -0.01 -0.00 0.0000 0.0000 0.1000 0.1000 0.4999 -0.1016 -0.005409 -1.209933 12.24 
11.7251 2 1 1 0x0 -0.0167 -0.0059 -0.02 -0.01 0.0000 0.0000 0.1000 0.1000 0.4999 -0.1016 -0.005409 -1.199342 12.24 
11.7351 2 1 1 0x0 -0.0202 -0.0094 -0.02 -0.01 0.0000 0.0000 0.1000 0.1000 0.4999 -0.1016 -0.005409 -1.187834 12.24 
11.7451 2 1 1 0x0 -0.0237 -0.0129 -0.02 -0.01 0.0000 0.0000 0.1000 0.1000 0.4999 -0.1016 -0.005409 -1.175359 12.24 
11.7551 2 1 1 0x0 -0.0272 -0.0164 -0.03 -0.02 0.0000 0.0000 0.1000 0.1000 0.4999 -0.1016 -0.005409 -1.162667 12.24 
11.7651 2 1 1 0x0 -0.0307 -0.0198 -0.03 -0.02 0.0000 0.0000 0.1000 0.1000 0.4999 -0.1016 -0.005409 -1.151273 12.24 
11.7751 2 1 1 0x0 -0.0341 -0.0233 -0.03 -0.02 0.0000 0.0000 0.1000 0.1000 0.4999 -0.1016 -0.005409 -1.142046 12.24 
11.7851 2 1 1 0x0 -0.0376 -0.0268 -0.04 -0.03 0.0000 0.0000 0.1000 0.1000 0.4999 -0.1016 -0.005409 -1.134310 12.24 
11.7951 2 1 1 0x0 -0.0411 -0.0303 -0.04 -0.03 0.0000 0.0000 0.1000 0.1000 0.4999 -0.1016 -0.005409 -1.127077 12.24 
11.8051 2 1 1 0x0 -0.0446 -0.0338 -0.04 -0.03 0.0000 0.0000 0.1000 0.1000 0.4999 -0.1016 -0.005409 -1.119676 12.23 
11.8151 2 1 1 0x0 -0.0481 -0.0372 -0.05 -0.04 0.0000 0.0000 0.1000 0.1000 0.4999 -0.1016 -0.005409 -1.111876 12.24 
11.8251 2 1 1 0x0 -0.0515 -0.0407 -0.05 -0.04 0.0000 0.0000 0.1000 0.1000 0.4999 -0.1016 -0.005409 -1.103152 12.24 
11.8352 2 1 1 0x0 -0.0550 -0.0442 -0.06 -0.04 0.0000 0.0000 0.1000 0.1000 0.4999 -0.1016 -0.005409 -1.093954 12.24 
11.8452 2 1 1 0x0 -0.0585 -0.0477 -0.06 -0.05 0.0000 0.0000 0.1000 0.1000 0.4999 -0.1016 -0.005409 -1.085148 12.24 
11.8552 2 1 1 0x0 -0.0620 -0.0512 -0.06 -0.05 0.0000 0.0000 0.1000 0.1000 0.4999 -0.1016 -0.005409 -1.076718 12.24 
11.8652 2 1 1 0x0 -0.0655 -0.0546 -0.07 -0.05 0.0000 0.0000 0.1000 0.1000 0.4999 -0.1016 -0.005409 -1.068720 12.24 
11.8752 2 1 1 0x0 -0.0689 -0.0581 -0.07 -0.06 0.0000 0.0000 0.1000 0.1000 0.4999 -0.1016 -0.005409 -1.061364 12.24 
11.8852 2 1 1 0x0 -0.0724 -0.0616 -0.07 -0.06 0.0000 0.0000 0.1000 0.1000 0.4999 -0.1016 -0.005409 -1.054438 12.24 
11.8952 2 1 1 0x0 -0.0759 -0.0651 -0.08 -0.07 0.0000 0.0000 0.1000 0.1000 0.4999 -0.1016 -0.005409 -1.047738 12.24 
11.9052 2 1 1 0x0 -0.0794 -0.0686 -0.08 -0.07 0.0000 0.0000 0.1000 0.1000 0.4999 -0.1016 -0.005409 -1.041804 12.24 
11.9152 2 1 1 0x0 -0.0829 -0.0720 -0.08 -0.07 0.0000 0.0000 0.1000 0.1000 0.4999 -0.1016 -0.005409 -1.036764 12.24 
11.9252 2 1 1 0x0 -0.0863 -0.0755 -0.09 -0.08 0.0000 0.0000 0.1000 0.1000 0.4999 -0.1016 -0.005409 -1.032332 12.24 
11.9352 2 1 1 0x0 -0.0898 -0.0790 -0.09 -0.08 0.0000 0.0000 0.1000 0.1000 0.4999 -0.1016 -0.005409 -1.028328 12.24 
11.9452 2 1 1 0x0 -0.0933 -0.0825 -0.09 -0.08 0.0000 0.0000 0.1000 0.1000 0.4999 -0.1016 -0.005409 -1.024754 12.24 
11.9552 2 1 1 0x0 -0.0968 -0.0860 -0.10 -0.09 0.0000 0.0000 0.1000 0.1000 0.4999 -0.1016 -0.005409 -1.021493 12.24 
11.9652 2 1 1 0x0 -0.1003 -0.0895 -0.10 -0.09 0.0000 0.0000 0.1000 0.1000 0.4999 -0.1016 -0.005409 -1.018235 12.24 
11.9752 2 1 1 0x0 -0.1037 -0.0929 -0.10 -0.09 0.0000 0.0000 0.1000 0.1000 0.4999 -0.1016 -0.005409 -1.015003 12.24 
11.9852 2 1 1 0x0 -0.1072 -0.0964 -0.11 -0.10 0.0000 0.0000 0.1000 0.1000 0.4999 -0.1016 -0.005409 -1.011557 12.24 
11.9952 2 1 1 0x0 -0.1107 -0.0999 -0.11 -0.10 0.0000 0.0000 0.1000 0.1000 0.4999 -0.1016 -0.005409 -1.007731 12.24 
12.0052 2 1 1 0x0 -0.1142 -0.1034 -0.11 -0.10 0.0000 0.0000 0.1000 0.1000 0.4999 -0.1016 -0.005409 -1.003441 12.24 
12.0152 2 1 1 0x0 -0.1177 -0.1069 -0.12 -0.11 0.0000 0.0000 0.1000 0.1000 0.4999 -0.1016 -0.005409 -0.998372 12.24 
12.0252 2 1 1 0x0 -0.1211 -0.1103 -0.12 -0.11 0.0000 0.0000 0.1000 0.1000 0.4999 -0.1016 -0.005409 -0.992555 12.23 
12.0352 2 1 1 0x0 -0.1246 -0.1138 -0.12 -0.11 0.0000 0.0000 0.1000 0.1000 0.4999 -0.1016 -0.005409 -0.986515 12.24 
12.0452 2 1 1 0x0 -0.1281 -0.1173 -0.13 -0.12 0.0000 0.0000 0.1000 0.1000 0.4999 -0.1016 -0.005409 -0.981418 12.24 
12.0552 2 1 1 0x0 -0.1316 -0.1208 -0.13 -0.12 0.0000 0.0000 0.1000 0.1000 0.4999 -0.1016 -0.005409 -0.977915 12.24 
12.0652 2 1 1 0x0 -0.1351 -0.1243 -0.14 -0.12 0.0000 0.0000 0.1000 0.1000 0.4999 -0.1016 -0.005409 -0.976215 12.24 
12.0752 2 1 1 0x0 -0.1386 -0.1277 -0.14 -0.13 0.0000 0.0000 0.1000 0.1000 0.4999 -0.1016 -0.005409 -0.975773 12.24 
12.0853 2 1 1 0x0 -0.1420 -0.1312 -0.14 -0.13 0.0000 0.0000 0.1000 0.1000 0.4999 -0.1016 -0.005409 -0.975877 12.24 
12.0953 2 1 1 0x0 -0.1455 -0.1347 -0.15 -0.13 0.0000 0.0000 0.1000 0.1000 0.4999 -0.1016 -0.005409 -0.975727 12.24 
12.1053 2 1 1 0x0 -0.1490 -0.1382 -0.15 -0.14 0.0000 0.0000 0.1000 0.1000 0.4999 -0.1016 -0.005409 -0.974846 12.24 
12.1153 2 1 1 0x0 -0.1525 -0.1417 -0.15 -0.14 0.0000 0.0000 0.1000 0.1000 0.4999 -0.1016 -0.005409 -0.973024 12.24 
12.1253 2 1 1 0x0 -0.1560 -0.1451 -0.16 -0.15 0.0000 0.0000 0.1000 0.1000 0.4999 -0.1016 -0.005409 -0.970300 12.24 
12.1353 2 1 1 0x0 -0.1594 -0.1486 -0.16 -0.15 0.0000 0.0000 0.1000 0.1000 0.4999 -0.1016 -0.005409 -0.966994 12.24 
12.1453 2 1 1 0x0 -0.1629 -0.1521 -0.16 -0.15 0.0000 0.0000 0.1000 0.1000 0.4999 -0.1016 -0.005409 -0.963402 12.23 
12.1553 2 1 1 0x0 -0.1664 -0.1556 -0.17 -0.16 0.0000 0.0000 0.1000 0.1000 0.4999 -0.1016 -0.005409 -0.960029 12.24 
12.1653 2 1 1 0x0 -0.1699 -0.1591 -0.17 -0.16 0.0000 0.0000 0.1000 0.1000 0.4999 -0.1016 -0.005409 -0.957218 12.24 
12.1753 2 1 1 0x0 -0.1734 -0.1625 -0.17 -0.16 0.0000 0.0000 0.1000 0.1000 0.4999 -0.1016 -0.005409 -0.955094 12.24 
12.1853 2 1 1 0x0 -0.1768 -0.1660 -0.18 -0.17 0.0000 0.0000 0.1000 0.1000 0.4999 -0.1016 -0.005409 -0.953365 12.24 
12.1953 2 1 1 0x0 -0.1803 -0.1695 -0.18 -0.17 0.0000 0.0000 0.1000 0.1000 0.4999 -0.1016 -0.005409 -0.951857 12.24 
12.2053 2 1 1 0x0 -0.1838 -0.1730 -0.18 -0.17 0.0000 0.0000 0.1000 0.1000 0.4999 -0.1016 -0.005409 -0.950162 12.24 
12.2153 2 1 1 0x0 -0.1873 -0.1765 -0.19 -0.18 0.0000 0.0000 0.1000 0.1000 0.4999 -0.1016 -0.005409 -0.948092 12.24 
12.2253 2 1 1 0x0 -0.1908 -0.1799 -0.19 -0.18 0.0000 0.0000 0.1000 0.1000 0.4999 -0.1016 -0.005409 -0.946105 12.24 
12.2353 2 1 1 0x0 -0.1942 -0.1834 -0.19 -0.18 0.0000 0.0000 0.1000 0.1000 0.4999 -0.1016 -0.005409 -0.944612 12.24 
12.2453 2 1 1 0x0 -0.1977 -0.1869 -0.20 -0.19 0.0000 0.0000 0.1000 0.1000 0.4999 -0.1016 -0.005409 -0.943622 12.24 
12.2553 2 1 1 0x0 -0.2012 -0.1904 -0.20 -0.19 0.0000 0.0000 0.1000 0.1000 0.4999 -0.1016 -0.005409 -0.942897 12.24 
12.2653 2 1 1 0x0 -0.2047 -0.1939 -0.20 -0.19 0.0000 0.0000 0.1000 0.1000 0.4999 -0.1016 -0.005409 -0.942342 12.24 
12.2753 2 1 1 0x0 -0.2082 -0.1973 -0.21 -0.20 0.0000 0.0000 0.1000 0.1000 0.4999 -0.1016 -0.005409 -0.942227 12.24 
12.2853 2 1 1 0x0 -0.2116 -0.2008 -0.21 -0.20 0.0000 0.0000 0.1000 0.1000 0.4999 -0.1016 -0.005409 -0.942867 12.24 
12.2953 2 1 1 0x0 -0.2151 -0.2043 -0.22 -0.20 0.0000 0.0000 0.1000 0.1000 0.4999 -0.1016 -0.005409 -0.944054 12.24 
12.3053 2 1 1 0x0 -0.2186 -0.2078 -0.22 -0.21 0.0000 0.0000 0.1000 0.1000 0.4999 -0.1016 -0.005409 -0.945333 12.23 
12.3153 2 1 1 0x0 -0.2221 -0.2113 -0.22 -0.21 0.0000 0.0000 0.1000 0.1000 0.4999 -0.1016 -0.005409 -0.946191 12.24 
12.3254 2 1 1 0x0 -0.2256 -0.2147 -0.23 -0.21 0.0000 0.0000 0.1000 0.1000 0.4999 -0.1016 -0.005409 -0.946401 12.24 
12.3354 2 1 1 0x0 -0.2290 -0.2182 -0.23 -0.22 0.0000 0.0000 0.1000 0.1000 0.4999 -0.1016 -0.005409 -0.946095 12.24 
12.3454 2 1 1 0x0 -0.2325 -0.2217 -0.23 -0.22 0.0000 0.0000 0.1000 0.1000 0.4999 -0.1016 -0.005409 -0.945429 12.24 
12.3554 2 1 1 0x0 -0.2360 -0.2252 -0.24 -0.23 0.0000 0.0000 0.1000 0.1000 0.4999 -0.1016 -0.005409 -0.944722 12.24 
12.3654 2 1 1 0x0 -0.2395 -0.2287 -0.24 -0.23 0.0000 0.0000 0.1000 0.1000 0.4999 -0.1016 -0.005409 -0.944335 12.24 
12.3754 2 1 1 0x0 -0.2430 -0.2321 -0.24 -0.23 0.0000 0.0000 0.1000 0.1000 0.4999 -0.1016 -0.005409 -0.944386 12.24 
12.3854 2 1 1 0x0 -0.2464 -0.2356 -0.25 -0.24 0.0000 0.0000 0.1000 0.1000 0.4999 -0.1016 -0.005409 -0.944356 12.24 
12.3954 2 1 1 0x0 -0.2499 -0.2391 -0.25 -0.24 0.0000 0.0000 0.1000 0.1000 0.4999 -0.1016 -0.005409 -0.943788 12.24 
12.4054 2 1 1 0x0 -0.2534 -0.2426 -0.25 -0.24 0.0000 0.0000 0.1000 0.1000 0.4999 -0.1016 -0.005409 -0.942453 12.24 
12.4154 2 1 1 0x0 -0.2569 -0.2461 -0.26 -0.25 0.0000 0.0000 0.1000 0.1000 0.4999 -0.1016 -0.005409 -0.940434 12.24 
12.4254 2 1 1 0x0 -0.2604 -0.2495 -0.26 -0.25 0.0000 0.0000 0.1000 0.1000 0.4999 -0.1016 -0.005409 -0.937929 12.24 
12.4354 2 1 1 0x0 -0.2638 -0.2530 -0.26 -0.25 0.0000 0.0000 0.1000 0.1000 0.4999 -0.1016 -0.005409 -0.935067 12.24 
12.4454 2 1 1 0x0 -0.2673 -0.2565 -0.27 -0.26 0.0000 0.0000 0.1000 0.1000 0.4999 -0.1016 -0.005409 -0.931677 12.25 
12.4554 2 1 1 0x0 -0.2708 -0.2600 -0.27 -0.26 0.0000 0.0000 0.1000 0.1000 0.4999 -0.1016 -0.005409 -0.927836 12.24 
12.4654 2 1 1 0x0 -0.2743 -0.2635 -0.27 -0.26 0.0000 0.0000 0.1000 0.1000 0.4999 -0.1016 -0.005409 -0.923921 12.24 
12.4754 2 1 1 0x0 -0.2778 -0.2669 -0.28 -0.27 0.0000 0.0000 0.1000 0.1000 0.4999 -0.1016 -0.005409 -0.920161 12.23 
12.4854 2 1 1 0x0 -0.2812 -0.2704 -0.28 -0.27 0.0000 0.0000 0.1000 0.1000 0.4999 -0.1016 -0.005409 -0.917041 12.24 
12.4954 2 1 1 0x0 -0.2847 -0.2739 -0.28 -0.27 0.0000 0.0000 0.1000 0.1000 0.4999 -0.1016 -0.005409 -0.914798 12.24 
12.5054 2 1 1 0x0 -0.2882 -0.2774 -0.29 -0.28 0.0000 0.0000 0.1000 0.1000 0.4999 -0.1016 -0.005409 -0.913366 12.23 
12.5154 2 1 1 0x0 -0.2917 -0.2809 -0.29 -0.28 0.0000 0.0000 0.1000 0.1000 0.4999 -0.1016 -0.005409 -0.912503 12.24 
12.5254 2 1 1 0x0 -0.2952 -0.2843 -0.30 -0.28 0.0000 0.0000 0.1000 0.1000 0.4999 -0.1016 -0.005409 -0.912023 12.24 
12.5354 2 1 1 0x0 -0.2986 -0.2878 -0.30 -0.29 0.0000 0.0000 0.1000 0.1000 0.4999 -0.1016 -0.005409 -0.911951 12.24 
12.5454 2 1 1 0x0 -0.3021 -0.2913 -0.30 -0.29 0.0000 0.0000 0.1000 0.1000 0.4999 -0.1016 -0.005409 -0.912440 12.23 
12.5554 2 1 1 0x0 -0.3056 -0.2948 -0.31 -0.29 0.0000 0.0000 0.1000 0.1000 0.4999 -0.1016 -0.005409 -0.913392 12.24 
12.5654 2 1 1 0x0 -0.3091 -0.2983 -0.31 -0.30 0.0000 0.0000 0.1000 0.1000 0.4999 -0.1016 -0.005409 -0.914584 12.23 
12.5755 2 1 1 0x0 -0.3126 -0.3017 -0.31 -0.30 0.0000 0.0000 0.1000 0.1000 0.4999 -0.1016 -0.005409 -0.915952 12.24 
12.5855 2 1 1 0x0 -0.3160 -0.3052 -0.32 -0.31 0.0000 0.0000 0.1000 0.1000 0.4999 -0.1016 -0.005409 -0.917581 12.24 
12.5955 2 1 1 0x0 -0.3195 -0.3087 -0.32 -0.31 0.0000 0.0000 0.1000 0.1000 0.4999 -0.1016 -0.005409 -0.919386 12.24 
12.6055 2 1 1 0x0 -0.3230 -0.3122 -0.32 -0.31 0.0000 0.0000 0.1000 0.1000 0.4999 -0.1016 -0.005409 -0.921493 12.24 
12.6155 2 1 1 0x0 -0.3265 -0.3157 -0.33 -0.32 0.0000 0.0000 0.1000 0.1000 0.4999 -0.1016 -0.005409 -0.924060 12.24 
12.6255 2 1 1 0x0 -0.3300 -0.3191 -0.33 -0.32 0.0000 0.0000 0.1000 0.1000 0.4999 -0.1016 -0.005409 -0.927276 12.24 
12.6355 2 1 1 0x0 -0.3334 -0.3226 -0.33 -0.32 0.0000 0.0000 0.1000 0.1000 0.4999 -0.1016 -0.005409 -0.931121 12.24 
12.6455 2 1 1 0x0 -0.3369 -0.3261 -0.34 -0.33 0.0000 0.0000 0.1000 0.1000 0.4999 -0.1016 -0.005409 -0.935426 12.24 
12.6555 2 1 1 0x0 -0.3404 -0.3296 -0.34 -0.33 0.0000 0.0000 0.1000 0.1000 0.4999 -0.1016 -0.005409 -0.939956 12.24 
12.6655 2 1 1 0x0 -0.3439 -0.3331 -0.34 -0.33 0.0000 0.0000 0.1000 0.1000 0.4999 -0.1016 -0.005409 -0.944101 12.24 
12.6755 2 1 1 0x0 -0.3474 -0.3366 -0.35 -0.34 0.0000 0.0000 0.1000 0.1000 0.4999 -0.1016 -0.005409 -0.947423 12.24 
12.6855 2 1 1 0x0 -0.3508 -0.3400 -0.35 -0.34 0.0000 0.0000 0.1000 0.1000 0.4999 -0.1016 -0.005409 -0.949522 12.24 
12.6955 2 1 1 0x0 -0.3543 -0.3435 -0.35 -0.34 0.0000 0.0000 0.1000 0.1000 0.4999 -0.1016 -0.005409 -0.950414 12.24 
12.7055 2 1 1 0x0 -0.3578 -0.3470 -0.36 -0.35 0.0000 0.0000 0.1000 0.1000 0.4999 -0.1016 -0.005409 -0.950336 12.24 
12.7155 2 1 1 0x0 -0.3613 -0.3505 -0.36 -0.35 0.0000 0.0000 0.1000 0.1000 0.4999 -0.1016 -0.005409 -0.949449 12.23 
12.7255 2 1 1 0x0 -0.3648 -0.3540 -0.36 -0.35 0.0000 0.0000 0.1000 0.1000 0.4999 -0.1016 -0.005409 -0.947950 12.24 
12.7355 2 1 1 0x0 -0.3683 -0.3574 -0.37 -0.36 0.0000 0.0000 0.1000 0.1000 0.4999 -0.1016 -0.005409 -0.946231 12.24 
12.7455 2 1 1 0x0 -0.3717 -0.3609 -0.37 -0.36 0.0000 0.0000 0.1000 0.1000 0.4999 -0.1016 -0.005409 -0.944601 12.24 
12.7555 2 1 1 0x0 -0.3752 -0.3644 -0.38 -0.36 0.0000 0.0000 0.1000 0.1000 0.4999 -0.1016 -0.005409 -0.942610 12.24 
12.7655 2 1 1 0x0 -0.3787 -0.3679 -0.38 -0.37 0.0000 0.0000 0.1000 0.1000 0.4999 -0.1016 -0.005409 -0.940369 12.23 
12.7755 2 1 1 0x0 -0.3822 -0.3714 -0.38 -0.37 0.0000 0.0000 0.1000 0.1000 0.4999 -0.1016 -0.005409 -0.938358 12.24 
12.7855 2 1 1 0x0 -0.3857 -0.3748 -0.39 -0.37 0.0000 0.0000 0.1000 0.1000 0.4999 -0.1016 -0.005409 -0.936943 12.24 
12.7955 2 1 1 0x0 -0.3891 -0.3783 -0.39 -0.38 0.0000 0.0000 0.1000 0.1000 0.4999 -0.1016 -0.005409 -0.936206 12.23 
12.8055 2 1 1 0x0 -0.3926 -0.3818 -0.39 -0.38 0.0000 0.0000 0.1000 0.1000 0.4999 -0.1016 -0.005409 -0.936009 12.24 
12.8155 2 1 1 0x0 -0.3961 -0.3853 -0.40 -0.39 0.0000 0.0000 0.1000 0.1000 0.4999 -0.1016 -0.005409 -0.936145 12.24 
12.8256 2 1 1 0x0 -0.3996 -0.3888 -0.40 -0.39 0.0000 0.0000 0.1000 0.1000 0.4999 -0.1016 -0.005409 -0.936496 12.23 
12.8356 2 1 1 0x0 -0.4031 -0.3922 -0.40 -0.39 0.0000 0.0000 0.1000 0.1000 0.4999 -0.1016 -0.005409 -0.936839 12.24 
12.8456 2 1 1 0x0 -0.4065 -0.3957 -0.41 -0.40 0.0000 0.0000 0.1000 0.1000 0.4999 -0.1016 -0.005409 -0.936829 12.24 
12.8556 2 1 1 0x0 -0.4100 -0.3992 -0.41 -0.40 0.0000 0.0000 0.1000 0.1000 0.4999 -0.1016 -0.005409 -0.936430 12.24 
12.8656 2 1 1 0x0 -0.4135 -0.4027 -0.41 -0.40 0.0000 0.0000 0.1000 0.1000 0.4999 -0.1016 -0.005409 -0.935866 12.24 
12.8756 2 1 1 0x0 -0.4170 -0.4062 -0.42 -0.41 0.0000 0.0000 0.1000 0.1000 0.4999 -0.1016 -0.005409 -0.935169 12.24 
12.8856 2 1 1 0x0 -0.4205 -0.4096 -0.42 -0.41 0.0000 0.0000 0.1000 0.1000 0.4999 -0.1016 -0.005409 -0.934326 12.24 
12.8956 2 1 1 0x0 -0.4239 -0.4131 -0.42 -0.41 0.0000 0.0000 0.1000 0.1000 0.4999 -0.1016 -0.005409 -0.933718 12.24 
12.9056 2 1 1 0x0 -0.4274 -0.4166 -0.43 -0.42 0.0000 0.0000 0.1000 0.1000 0.4999 -0.1016 -0.005409 -0.933822 12.25 
12.9156 2 1 1 0x0 -0.4309 -0.4201 -0.43 -0.42 0.0000 0.0000 0.1000 0.1000 0.4999 -0.1016 -0.005409 -0.935123 12.23 
12.9256 2 1 1 0x0 -0.4344 -0.4236 -0.43 -0.42 0.0000 0.0000 0.1000 0.1000 0.4999 -0.1016 -0.005409 -0.937610 12.24 
12.9356 2 1 1 0x0 -0.4379 -0.4270 -0.44 -0.43 0.0000 0.0000 0.1000 0.1000 0.4999 -0.1016 -0.005409 -0.940880 12.24 
12.9456 2 1 1 0x0 -0.4413 -0.4305 -0.44 -0.43 0.0000 0.0000 0.1000 0.1000 0.4999 -0.1016 -0.005409 -0.944727 12.24 
12.9556 2 1 1 0x0 -0.4448 -0.4340 -0.44 -0.43 0.0000 0.0000 0.1000 0.1000 0.4999 -0.1016 -0.005409 -0.948935 12.24 
12.9656 2 1 1 0x0 -0.4483 -0.4375 -0.45 -0.44 0.0000 0.0000 0.1000 0.1000 0.4999 -0.1016 -0.005409 -0.952874 12.24 
12.9756 2 1 1 0x0 -0.4518 -0.4410 -0.45 -0.44 0.0000 0.0000 0.1000 0.1000 0.4999 -0.1016 -0.005409 -0.955240 12.24 
12.9856 2 1 1 0x0 -0.4553 -0.4444 -0.46 -0.44 0.0000 0.0000 0.1000 0.1000 0.4999 -0.1016 -0.005409 -0.955064 12.24 
12.9956 2 1 1 0x0 -0.4587 -0.4479 -0.46 -0.45 0.0000 0.0000 0.1000 0.1000 0.4999 -0.1016 -0.005409 -0.952061 12.24 
13.0056 2 1 1 0x0 -0.4622 -0.4514 -0.46 -0.45 0.0000 0.0000 0.1000 0.1000 0.4999 -0.1016 -0.005409 -0.946681 12.24 
13.0156 2 1 1 0x0 -0.4657 -0.4549 -0.47 -0.45 0.0000 0.0000 0.1000 0.1000 0.4999 -0.1016 -0.005409 -0.939653 12.24 
13.0256 2 1 1 0x0 -0.4692 -0.4584 -0.47 -0.46 0.0000 0.0000 0.1000 0.1000 0.4999 -0.1016 -0.005409 -0.931822 12.24 
13.0356 2 1 1 0x0 -0.4727 -0.4618 -0.47 -0.46 0.0000 0.0000 0.1000 0.1000 0.4999 -0.1016 -0.005409 -0.923778 12.24 
13.0456 2 1 1 0x0 -0.4761 -0.4653 -0.48 -0.47 0.0000 0.0000 0.1000 0.1000 0.4999 -0.1016 -0.005409 -0.916003 12.24 
13.0556 2 1 1 0x0 -0.4796 -0.4688 -0.48 -0.47 0.0000 0.0000 0.1000 0.1000 0.4999 -0.1016 -0.005409 -0.909007 12.24 
13.0656 2 1 1 0x0 -0.4831 -0.4723 -0.48 -0.47 0.0000 0.0000 0.1000 0.1000 0.4999 -0.1016 -0.005409 -0.903213 12.24 
13.0757 2 1 1 0x0 -0.4866 -0.4758 -0.49 -0.48 0.0000 0.0000 0.1000 0.1000 0.4999 -0.1016 -0.005409 -0.898558 12.24 
13.0857 2 1 1 0x0 -0.4901 -0.4792 -0.49 -0.48 0.0000 0.0000 0.1000 0.1000 0.4999 -0.1016 -0.005409 -0.894621 12.24 
13.0957 2 1 1 0x0 -0.4935 -0.4827 -0.49 -0.48 0.0000 0.0000 0.1000 0.1000 0.4999 -0.1016 -0.005409 -0.890243 12.24 
13.1057 2 1 1 0x0 -0.4970 -0.4862 -0.50 -0.49 0.0000 0.0000 0.1000 0.1000 0.4999 -0.1016 -0.005409 -0.884758 12.24 
13.1157 2 1 1 0x0 -0.5116 -0.5062 -0.51 -0.51 0.0000 0.0002 0.1000 0.1000 0.5001 -0.1016 -0.002705 -0.878427 12.24 
13.1257 2 1 1 0x0 -0.5139 -0.5085 -0.51 -0.51 0.0000 0.0002 0.1000 0.1000 0.5001 -0.1016 -0.002705 -0.871297 12.24 
13.1357 2 1 1 0x0 -0.5164 -0.5110 -0.52 -0.51 0.0000 0.0002 0.1000 0.1000 0.5001 -0.1016 -0.002705 -0.863650 12.24 
13.1457 2 1 1 0x0 -0.5190 -0.5136 -0.52 -0.51 0.0000 0.0002 0.1000 0.1000 0.5001 -0.1016 -0.002705 -0.856086 12.24 
13.1557 2 1 1 0x0 -0.5219 -0.5165 -0.52 -0.52 0.0000 0.0002 0.1000 0.1000 0.5001 -0.1016 -0.002705 -0.848641 12.25 
13.1657 2 1 1 0x0 -0.5249 -0.5195 -0.52 -0.52 0.0000 0.0002 0.1000 0.1000 0.5001 -0.1016 -0.002705 -0.840825 12.24 
13.1757 2 1 1 0x0 -0.5280 -0.5226 -0.53 -0.52 0.0000 0.0002 0.1000 0.1000 0.5001 -0.1016 -0.002705 -0.832562 12.23 
13.1857 2 1 1 0x0 -0.5312 -0.5258 -0.53 -0.53 0.0000 0.0002 0.1000 0.1000 0.5001 -0.1016 -0.002705 -0.823971 12.24 
13.1957 2 1 1 0x0 -0.5345 -0.5291 -0.53 -0.53 0.0000 0.0002 0.1000 0.1000 0.5001 -0.1016 -0.002705 -0.815028 12.23 
13.2057 2 1 1 0x0 -0.5378 -0.5324 -0.54 -0.53 0.0000 0.0002 0.1000 0.1000 0.5001 -0.1016 -0.002705 -0.805917 12.23 
13.2157 2 1 1 0x0 -0.5412 -0.5358 -0.54 -0.54 0.0000 0.0002 0.1000 0.1000 0.5001 -0.1016 -0.002705 -0.797179 12.24 
13.2257 2 1 1 0x0 -0.5446 -0.5392 -0.54 -0.54 0.0000 0.0002 0.1000 0.1000 0.5001 -0.1016 -0.002705 -0.788955 12.24 
13.2357 2 1 1 0x0 -0.5481 -0.5427 -0.55 -0.54 0.0000 0.0002 0.1000 0.1000 0.5001 -0.1016 -0.002705 -0.780833 12.23 
13.2457 2 1 1 0x0 -0.5516 -0.5462 -0.55 -0.55 0.0000 0.0002 0.1000 0.1000 0.5001 -0.1016 -0.002705 -0.772335 12.24 
13.2557 2 1 1 0x0 -0.5551 -0.5497 -0.56 -0.55 0.0000 0.0002 0.1000 0.1000 0.5001 -0.1016 -0.002705 -0.763619 12.24 
13.2657 2 1 1 0x0 -0.5586 -0.5532 -0.56 -0.55 0.0000 0.0002 0.1000 0.1000 0.5001 -0.1016 -0.002705 -0.754082 12.23 
13.2757 2 1 1 0x0 -0.5622 -0.5568 -0.56 -0.56 0.0000 0.0002 0.1000 0.1000 0.5001 -0.1016 -0.002705 -0.743194 12.24 
13.2857 2 1 1 0x0 -0.5657 -0.5603 -0.57 -0.56 0.0000 0.0002 0.1000 0.1000 0.5001 -0.1016 -0.002705 -0.731306 12.23 
13.2957 2 1 1 0x0 -0.5693 -0.5639 -0.57 -0.56 0.0000 0.0002 0.1000 0.1000 0.5001 -0.1016 -0.002705 -0.719214 12.24 
13.3057 2 1 1 0x0 -0.5893 -0.5785 -0.59 -0.58 0.0002 0.0002 0.1000 0.1000 0.5003 -0.1016 -0.005409 -0.707595 12.24 
13.3158 2 1 1 0x0 -0.5917 -0.5809 -0.59 -0.58 0.0002 0.0000 0.1000 0.1000 0.5003 -0.1016 -0.005409 -0.696658 12.24 
13.3258 2 1 1 0x0 -0.5944 -0.5836 -0.59 -0.58 0.0002 0.0000 0.1000 0.1000 0.5003 -0.1016 -0.005409 -0.686338 12.23 
13.3358 2 1 1 0x0 -0.5972 -0.5864 -0.60 -0.59 0.0002 0.0000 0.1000 0.1000 0.5003 -0.1016 -0.005409 -0.676703 12.23 
13.3458 2 1 1 0x0 -0.6003 -0.5894 -0.60 -0.59 0.0002 0.0000 0.1000 0.1000 0.5003 -0.1016 -0.005409 -0.667911 12.24 
13.3558 2 1 1 0x0 -0.6034 -0.5926 -0.60 -0.59 0.0002 0.0000 0.1000 0.1000 0.5003 -0.1016 -0.005409 -0.660044 12.24 
13.3658 2 1 1 0x0 -0.6067 -0.5958 -0.61 -0.60 0.0002 0.0000 0.1000 0.1000 0.5003 -0.1016 -0.005409 -0.652996 12.23 
13.3758 2 1 1 0x0 -0.6379 -0.6271 -0.64 -0.63 0.0059 0.0015 0.0411 0.1000 0.5007 -0.1016 -0.005409 -0.646500 12.24 
13.3858 2 1 1 0x0 -0.6389 -0.6281 -0.64 -0.63 0.0059 0.0015 0.0511 0.1000 0.5007 -0.1016 -0.005409 -0.640434 12.24 
13.3958 2 1 1 0x0 -0.6404 -0.6296 -0.64 -0.63 0.0059 0.0015 0.0611 0.1000 0.5007 -0.1016 -0.005409 -0.634677 12.24 
13.4058 2 1 1 0x0 -0.6424 -0.6316 -0.64 -0.63 0.0059 0.0015 0.0711 0.1000 0.5007 -0.1016 -0.005409 -0.629170 12.24 
13.4158 2 1 1 0x0 -0.6448 -0.6340 -0.64 -0.63 0.0059 0.0015 0.0811 0.1000 0.5007 -0.1016 -0.005409 -0.624013 12.24 
13.4258 2 1 1 0x0 -0.6475 -0.6366 -0.65 -0.64 0.0059 0.0015 0.0911 0.1000 0.5007 -0.1016 -0.005409 -0.619576 12.24 
13.4358 2 1 1 0x0 -0.6504 -0.6396 -0.65 -0.64 0.0059 0.0015 0.1000 0.1000 0.5007 -0.1016 -0.005409 -0.615985 12.24 
13.4458 2 1 1 0x0 -0.6535 -0.6427 -0.65 -0.64 0.0053 0.0015 0.1000 0.1000 0.5007 -0.1016 -0.005409 -0.612652 12.24 
13.4558 2 1 1 0x0 -0.6568 -0.6460 -0.66 -0.65 0.0047 0.0015 0.1000 0.1000 0.5007 -0.1016 -0.005409 -0.609229 12.23 
13.4658 2 1 1 0x0 -0.6602 -0.6494 -0.66 -0.65 0.0042 0.0015 0.1000 0.1000 0.5007 -0.1016 -0.005409 -0.605102 12.24 
13.4758 2 1 1 0x0 -0.6638 -0.6530 -0.66 -0.65 0.0038 0.0015 0.1000 0.1000 0.5007 -0.1016 -0.005409 -0.599991 12.24 
13.4858 2 1 1 0x0 -0.6674 -0.6566 -0.67 -0.66 0.0035 0.0015 0.1000 0.1000 0.5007 -0.1016 -0.005409 -0.594067 12.24 
13.4958 2 1 1 0x0 -0.6712 -0.6604 -0.67 -0.66 0.0032 0.0015 0.1000 0.1000 0.5007 -0.1016 -0.005409 -0.587834 12.24 
13.5058 2 1 1 0x0 -0.6750 -0.6641 -0.67 -0.66 0.0030 0.0015 0.1000 0.1000 0.5007 -0.1016 -0.005409 -0.582029 12.23 
13.5158 2 1 1 0x0 -0.6788 -0.6680 -0.68 -0.67 0.0028 0.0015 0.1000 0.1000 0.5007 -0.1016 -0.005409 -0.576459 12.24 
13.5258 2 1 1 0x0 -0.6827 -0.6719 -0.68 -0.67 0.0026 0.0015 0.1000 0.1000 0.5007 -0.1016 -0.005409 -0.571126 12.24 
13.5358 2 1 1 0x0 -0.6866 -0.6758 -0.69 -0.68 0.0024 0.0015 0.1000 0.1000 0.5007 -0.1016 -0.005409 -0.566820 12.24 
13.5458 2 1 1 0x0 -0.6906 -0.6797 -0.69 -0.68 0.0023 0.0015 0.1000 0.1000 0.5007 -0.1016 -0.005409 -0.563706 12.23 
13.5558 2 1 1 0x0 -0.6945 -0.6837 -0.69 -0.68 0.0022 0.0015 0.1000 0.1000 0.5007 -0.1016 -0.005409 -0.561699 12.24 
13.5659 2 1 1 0x0 -0.7103 -0.7048 -0.71 -0.70 0.0021 0.0021 0.1000 0.0964 0.5009 -0.1016 -0.002705 -0.560577 12.23 
13.5759 2 1 1 0x0 -0.7129 -0.7075 -0.71 -0.71 0.0000 0.0021 0.1000 0.1000 0.5009 -0.1016 -0.002705 -0.559582 12.24 
13.5859 2 1 1 0x0 -0.7159 -0.7105 -0.72 -0.71 0.0000 0.0021 0.1000 0.1000 0.5009 -0.1016 -0.002705 -0.558288 12.24 
13.5959 2 1 1 0x0 -0.7191 -0.7136 -0.72 -0.71 0.0000 0.0021 0.1000 0.1000 0.5009 -0.1016 -0.002705 -0.556547 12.23 
13.6059 2 1 1 0x0 -0.7224 -0.7170 -0.72 -0.72 0.0000 0.0021 0.1000 0.1000 0.5009 -0.1016 -0.002705 -0.554661 12.24 
13.6159 2 1 1 0x0 -0.7259 -0.7205 -0.73 -0.72 0.0000 0.0021 0.1000 0.1000 0.5009 -0.1016 -0.002705 -0.552854 12.24 
13.6259 2 1 1 0x0 -0.7296 -0.7242 -0.73 -0.72 0.0000 0.0021 0.1000 0.1000 0.5009 -0.1016 -0.002705 -0.551044 12.24 
13.6359 2 1 1 0x0 -0.7333 -0.7279 -0.73 -0.73 0.0000 0.0021 0.1000 0.1000 0.5009 -0.1016 -0.002705 -0.549031 12.24 
13.6459 2 1 1 0x0 -0.7372 -0.7318 -0.74 -0.73 0.0000 0.0021 0.1000 0.1000 0.5009 -0.1016 -0.002705 -0.546514 12.24 
13.6559 2 1 1 0x0 -0.7411 -0.7357 -0.74 -0.74 0.0000 0.0021 0.1000 0.1000 0.5009 -0.1016 -0.002705 -0.543591 12.24 
13.6659 2 1 1 0x0 -0.7451 -0.7396 -0.75 -0.74 0.0000 0.0021 0.1000 0.1000 0.5009 -0.1016 -0.002705 -0.540994 12.24 
13.6759 2 1 1 0x0 -0.7606 -0.7606 -0.76 -0.76 0.0000 0.0037 0.1000 0.0560 0.5011 -0.1016 0.000000 -0.539266 12.24 
13.6859 2 1 1 0x0 -0.7634 -0.7634 -0.76 -0.76 0.0000 0.0037 0.1000 0.0660 0.5011 -0.1016 0.000000 -0.538730 12.24 
13.6959 2 1 1 0x0 -0.7664 -0.7664 -0.77 -0.77 0.0000 0.0037 0.1000 0.0760 0.5011 -0.1016 0.000000 -0.539475 12.24 
13.7059 2 1 1 0x0 -0.7697 -0.7697 -0.77 -0.77 0.0000 0.0037 0.1000 0.0860 0.5011 -0.1016 0.000000 -0.541792 12.24 
13.7159 2 1 1 0x0 -0.7732 -0.7732 -0.77 -0.77 0.0000 0.0037 0.1000 0.0960 0.5011 -0.1016 0.000000 -0.545709 12.24 
13.7259 2 1 1 0x0 -0.7768 -0.7768 -0.78 -0.78 0.0000 0.0037 0.1000 0.1000 0.5011 -0.1016 0.000000 -0.551034 12.24 
13.7359 2 1 1 0x0 -0.7806 -0.7806 -0.78 -0.78 0.0000 0.0037 0.1000 0.1000 0.5011 -0.1016 0.000000 -0.557029 12.24 
13.7459 2 1 1 0x0 -0.7845 -0.7845 -0.78 -0.78 0.0000 0.0037 0.1000 0.1000 0.5011 -0.1016 0.000000 -0.559323 12.23 
13.7559 2 1 1 0x0 -0.7885 -0.7885 -0.79 -0.79 0.0000 0.0037 0.1000 0.1000 0.5011 -0.1016 0.000000 -0.560458 12.24 
13.7659 2 1 1 0x0 -0.7925 -0.7925 -0.79 -0.79 0.0000 0.0037 0.1000 0.1000 0.5011 -0.1016 0.000000 -0.562387 12.24 
13.7759 2 1 1 0x0 -0.7966 -0.7966 -0.80 -0.80 0.0000 0.0037 0.1000 0.1000 0.5011 -0.1016 0.000000 -0.563867 12.24 
13.7859 2 1 1 0x0 -0.8008 -0.8008 -0.80 -0.80 0.0000 0.0037 0.1000 0.1000 0.5011 -0.1016 0.000000 -0.565400 12.24 
13.7959 2 1 1 0x0 -0.8050 -0.8050 -0.80 -0.80 0.0000 0.0033 0.1000 0.1000 0.5011 -0.1016 0.000000 -0.566685 12.24 
13.8059 2 1 1 0x0 -0.8092 -0.8092 -0.81 -0.81 0.0000 0.0031 0.1000 0.1000 0.5011 -0.1016 0.000000 -0.567218 12.24 
13.8160 2 1 1 0x0 -0.8134 -0.8134 -0.81 -0.81 0.0000 0.0029 0.1000 0.1000 0.5011 -0.1016 0.000000 -0.566737 12.24 
13.8260 2 1 1 0x0 -0.8177 -0.8177 -0.82 -0.82 0.0000 0.0027 0.1000 0.1000 0.5011 -0.1016 0.000000 -0.566182 12.23 
13.8360 2 1 1 0x0 -0.8220 -0.8220 -0.82 -0.82 0.0000 0.0025 0.1000 0.1000 0.5011 -0.1016 0.000000 -0.566079 12.23 
13.8460 2 1 1 0x0 -0.8263 -0.8263 -0.83 -0.83 0.0000 0.0024 0.1000 0.1000 0.5011 -0.1016 0.000000 -0.566130 12.24 
13.8560 2 1 1 0x0 -0.8307 -0.8307 -0.83 -0.83 0.0000 0.0022 0.1000 0.1000 0.5011 -0.1016 0.000000 -0.565901 12.24 
13.8660 2 1 1 0x0 -0.8350 -0.8350 -0.84 -0.84 0.0000 0.0021 0.1000 0.1000 0.5011 -0.1016 0.000000 -0.565424 12.24 
13.8760 2 1 1 0x0 -0.8232 -0.8286 -0.82 -0.83 -0.0008 0.0000 0.1000 0.1000 0.5009 -0.1016 0.002705 -0.564136 12.24 
13.8860 2 1 1 0x0 -0.8287 -0.8341 -0.83 -0.83 -0.0008 0.0000 0.1000 0.1000 0.5009 -0.1016 0.002705 -0.562010 12.24 
13.8960 2 1 1 0x0 -0.8339 -0.8393 -0.83 -0.84 -0.0008 0.0000 0.1000 0.1000 0.5009 -0.1016 0.002705 -0.559744 12.23 
13.9060 2 1 1 0x0 -0.8503 -0.8611 -0.85 -0.86 -0.0008 0.0018 0.1000 0.1000 0.5011 -0.1016 0.005409 -0.557926 12.24 
13.9160 2 1 1 0x0 -0.8540 -0.8648 -0.85 -0.86 -0.0008 0.0018 0.1000 0.1000 0.5011 -0.1016 0.005409 -0.557073 12.23 
13.9260 2 1 1 0x0 -0.8578 -0.8686 -0.86 -0.87 -0.0008 0.0018 0.1000 0.1000 0.5011 -0.1016 0.005409 -0.556416 12.24 
13.9360 2 1 1 0x0 -0.8617 -0.8725 -0.86 -0.87 -0.0008 0.0018 0.1000 0.1000 0.5011 -0.1016 0.005409 -0.555690 12.24 
13.9460 2 1 1 0x0 -0.8657 -0.8765 -0.87 -0.88 -0.0008 0.0018 0.1000 0.1000 0.5011 -0.1016 0.005409 -0.555333 12.24 
13.9560 2 1 1 0x0 -0.8698 -0.8806 -0.87 -0.88 -0.0008 0.0018 0.1000 0.1000 0.5011 -0.1016 0.005409 -0.555069 12.24 
13.9660 2 1 1 0x0 -0.8739 -0.8847 -0.87 -0.88 -0.0008 0.0018 0.1000 0.1000 0.5011 -0.1016 0.005409 -0.554717 12.24 
13.9760 2 1 1 0x0 -0.8612 -0.8775 -0.86 -0.88 -0.0039 0.0018 0.0547 0.1000 0.5009 -0.1016 0.008114 -0.554740 12.24 
13.9860 2 1 1 0x0 -0.8667 -0.8829 -0.87 -0.88 -0.0039 0.0018 0.0647 0.1000 0.5009 -0.1016 0.008114 -0.555908 12.24 
13.9960 2 1 1 0x0 -0.8719 -0.8882 -0.87 -0.89 -0.0039 0.0018 0.0747 0.1000 0.5009 -0.1016 0.008114 -0.557437 12.24 
14.0060 2 1 1 0x0 -0.8659 -0.8767 -0.87 -0.88 -0.0039 -0.0041 0.0847 0.0543 0.5007 -0.1016 0.005409 -0.558707 12.24 
14.0160 2 1 1 0x0 -0.8720 -0.8828 -0.87 -0.88 -0.0039 -0.0041 0.0947 0.0643 0.5007 -0.1016 0.005409 -0.559727 12.23 
14.0260 2 1 1 0x0 -0.8778 -0.8886 -0.88 -0.89 -0.0039 -0.0041 0.1000 0.0743 0.5007 -0.1016 0.005409 -0.561007 12.24 
14.0360 2 1 1 0x0 -0.8833 -0.8941 -0.88 -0.89 -0.0039 -0.0041 0.1000 0.0843 0.5007 -0.1016 0.005409 -0.562409 12.23 
14.0460 2 1 1 0x0 -0.8885 -0.8993 -0.89 -0.90 -0.0039 -0.0041 0.1000 0.0943 0.5007 -0.1016 0.005409 -0.564037 12.24 
14.0561 2 1 1 0x0 -0.8768 -0.8930 -0.88 -0.89 -0.0052 -0.0041 0.0431 0.1000 0.5005 -0.1016 0.008114 -0.565735 12.24 
14.0661 2 1 1 0x0 -0.8829 -0.8991 -0.88 -0.90 -0.0052 -0.0041 0.0531 0.1000 0.5005 -0.1016 0.008114 -0.567503 12.24 
14.0761 2 1 1 0x0 -0.8886 -0.9049 -0.89 -0.90 -0.0052 -0.0041 0.0631 0.1000 0.5005 -0.1016 0.008114 -0.569156 12.23 
14.0861 2 1 1 0x0 -0.8940 -0.9103 -0.89 -0.91 -0.0052 -0.0041 0.0731 0.1000 0.5005 -0.1016 0.008114 -0.570479 12.23 
14.0961 2 1 1 0x0 -0.8992 -0.9154 -0.90 -0.92 -0.0052 -0.0041 0.0831 0.1000 0.5005 -0.1016 0.008114 -0.571667 12.24 
14.1061 2 1 1 0x0 -0.8881 -0.9098 -0.89 -0.91 -0.0092 -0.0039 0.0319 0.1000 0.5003 -0.1016 0.010818 -0.573036 12.23 
14.1161 2 1 1 0x0 -0.8939 -0.9156 -0.89 -0.92 -0.0092 -0.0035 0.0419 0.1000 0.5003 -0.1016 0.010818 -0.574426 12.23 
14.1261 2 1 1 0x0 -0.8888 -0.9050 -0.89 -0.90 -0.0092 -0.0035 0.0519 0.0667 0.5001 -0.1016 0.008114 -0.575523 12.24 
14.1361 2 1 1 0x0 -0.8950 -0.9112 -0.90 -0.91 -0.0092 -0.0035 0.0619 0.0767 0.5001 -0.1016 0.008114 -0.576735 12.24 
14.1461 2 1 1 0x0 -0.9008 -0.9171 -0.90 -0.92 -0.0081 -0.0035 0.0719 0.0867 0.5001 -0.1016 0.008114 -0.578308 12.24 
14.1561 2 1 1 0x0 -0.9062 -0.9225 -0.91 -0.92 -0.0068 -0.0035 0.0819 0.0967 0.5001 -0.1016 0.008114 -0.579785 12.24 
14.1661 2 1 1 0x0 -0.9113 -0.9275 -0.91 -0.93 -0.0058 -0.0035 0.0919 0.1000 0.5001 -0.1016 0.008114 -0.580998 12.24 
14.1761 2 1 1 0x0 -0.9161 -0.9324 -0.92 -0.93 -0.0051 -0.0035 0.1000 0.1000 0.5001 -0.1016 0.008114 -0.582318 12.24 
14.1861 2 1 1 0x0 -0.9208 -0.9370 -0.92 -0.94 -0.0045 -0.0035 0.1000 0.1000 0.5001 -0.1016 0.008114 -0.583818 12.23 
14.1961 2 1 1 0x0 -0.9252 -0.9414 -0.93 -0.94 -0.0041 -0.0035 0.1000 0.1000 0.5001 -0.1016 0.008114 -0.585201 12.24 
14.2061 2 1 1 0x0 -0.9295 -0.9457 -0.93 -0.95 -0.0037 -0.0035 0.1000 0.1000 0.5001 -0.1016 0.008114 -0.586235 12.24 
14.2161 2 1 1 0x0 -0.9337 -0.9499 -0.93 -0.95 -0.0034 -0.0035 0.1000 0.1000 0.5001 -0.1016 0.008114 -0.587327 12.23 
14.2261 2 1 1 0x0 -0.9377 -0.9540 -0.94 -0.95 -0.0031 -0.0035 0.1000 0.1000 0.5001 -0.1016 0.008114 -0.588666 12.24 
14.2361 2 1 1 0x0 -0.9417 -0.9580 -0.94 -0.96 -0.0029 -0.0034 0.1000 0.1000 0.5001 -0.1016 0.008114 -0.589930 12.24 
14.2461 2 1 1 0x0 -0.9457 -0.9619 -0.95 -0.96 -0.0027 -0.0032 0.1000 0.1000 0.5001 -0.1016 0.008114 -0.591197 12.23 
14.2561 2 1 1 0x0 -0.9495 -0.9658 -0.95 -0.97 -0.0025 -0.0029 0.1000 0.1000 0.5001 -0.1016 0.008114 -0.592558 12.24 
14.2661 2 1 1 0x0 -0.9534 -0.9696 -0.95 -0.97 -0.0024 -0.0027 0.1000 0.1000 0.5001 -0.1016 0.008114 -0.593739 12.24 
14.2761 2 1 1 0x0 -0.9572 -0.9734 -0.96 -0.97 -0.0023 -0.0026 0.1000 0.1000 0.5001 -0.1016 0.008114 -0.594858 12.24 
14.2861 2 1 1 0x0 -0.9609 -0.9771 -0.96 -0.98 -0.0021 -0.0024 0.1000 0.1000 0.5001 -0.1016 0.008114 -0.595961 12.24 
14.2961 2 1 1 0x0 -0.9482 -0.9699 -0.95 -0.97 -0.0021 -0.0023 0.1000 0.1000 0.4999 -0.1016 0.010818 -0.597043 12.24 
14.3062 2 1 1 0x0 -0.9531 -0.9748 -0.95 -0.97 -0.0021 -0.0022 0.1000 0.1000 0.4999 -0.1016 0.010818 -0.598202 12.24 
14.3162 2 1 1 0x0 -0.9578 -0.9794 -0.96 -0.98 -0.0021 -0.0020 0.1000 0.1000 0.4999 -0.1016 0.010818 -0.599390 12.24 
14.3262 2 1 1 0x0 -0.9623 -0.9839 -0.96 -0.98 -0.0021 -0.0000 0.1000 0.1000 0.4999 -0.1016 0.010818 -0.600570 12.23 
14.3362 2 1 1 0x0 -0.9665 -0.9882 -0.97 -0.99 -0.0021 -0.0000 0.1000 0.1000 0.4999 -0.1016 0.010818 -0.601712 12.23 
14.3462 2 1 1 0x0 -0.9707 -0.9923 -0.97 -0.99 -0.0021 -0.0000 0.1000 0.1000 0.4999 -0.1016 0.010818 -0.602768 12.24 
14.3562 2 1 1 0x0 -0.9747 -0.9963 -0.97 -1.00 -0.0021 -0.0000 0.1000 0.1000 0.4999 -0.1016 0.010818 -0.603788 12.24 
14.3662 2 1 1 0x0 -0.9786 -1.0002 -0.98 -1.00 -0.0021 -0.0000 0.1000 0.1000 0.4999 -0.1016 0.010818 -0.604767 12.23 
14.3762 2 1 1 0x0 -0.9824 -1.0041 -0.98 -1.00 -0.0021 -0.0000 0.1000 0.1000 0.4999 -0.1016 0.010818 -0.605857 12.23 
14.3862 2 1 1 0x0 -0.9862 -1.0079 -0.99 -1.01 -0.0021 -0.0000 0.1000 0.1000 0.4999 -0.1016 0.010818 -0.606960 12.24 
14.3962 2 1 1 0x0 -0.9899 -1.0116 -0.99 -1.01 -0.0021 -0.0000 0.1000 0.1000 0.4999 -0.1016 0.010818 -0.608015 12.24 
14.4062 2 1 1 0x0 -0.9936 -1.0153 -0.99 -1.02 -0.0021 -0.0000 0.1000 0.1000 0.4999 -0.1016 0.010818 -0.609004 12.23 
14.4162 2 1 1 0x0 -0.9973 -1.0189 -1.00 -1.02 -0.0021 -0.0000 0.1000 0.1000 0.4999 -0.1016 0.010818 -0.609971 12.23 
14.4262 2 1 1 0x0 -1.0009 -1.0225 -1.00 -1.02 -0.0021 -0.0000 0.1000 0.1000 0.4999 -0.1016 0.010818 -0.610957 12.24 
14.4362 2 1 1 0x0 -1.0045 -1.0261 -1.00 -1.03 -0.0021 -0.0000 0.1000 0.1000 0.4999 -0.1016 0.010818 -0.611979 12.23 
14.4462 2 1 1 0x0 -1.0080 -1.0297 -1.01 -1.03 -0.0021 -0.0000 0.1000 0.1000 0.4999 -0.1016 0.010818 -0.612981 12.24 
14.4562 2 1 1 0x0 -1.0116 -1.0332 -1.01 -1.03 -0.0021 -0.0000 0.1000 0.1000 0.4999 -0.1016 0.010818 -0.613995 12.23 
14.4662 2 1 1 0x0 -1.0151 -1.0368 -1.02 -1.04 -0.0021 -0.0000 0.1000 0.1000 0.4999 -0.1016 0.010818 -0.614998 12.24 
14.4762 2 1 1 0x0 -1.0186 -1.0403 -1.02 -1.04 -0.0021 -0.0000 0.1000 0.1000 0.4999 -0.1016 0.010818 -0.615957 12.24 
14.4862 2 1 1 0x0 -1.0221 -1.0438 -1.02 -1.04 -0.0021 -0.0000 0.1000 0.1000 0.4999 -0.1016 0.010818 -0.616882 12.23 
14.4962 2 1 1 0x0 -1.0257 -1.0473 -1.03 -1.05 -0.0000 -0.0000 0.1000 0.1000 0.4999 -0.1016 0.010818 -0.617788 12.23 
14.5062 2 1 1 0x0 -1.0292 -1.0508 -1.03 -1.05 -0.0000 -0.0000 0.1000 0.1000 0.4999 -0.1016 0.010818 -0.618746 12.24 
14.5162 2 1 1 0x0 -1.0327 -1.0543 -1.03 -1.05 -0.0000 -0.0000 0.1000 0.1000 0.4999 -0.1016 0.010818 -0.619710 12.24 
14.5262 2 1 1 0x0 -1.0362 -1.0578 -1.04 -1.06 -0.0000 -0.0000 0.1000 0.1000 0.4999 -0.1016 0.010818 -0.620664 12.23 
14.5362 2 1 1 0x0 -1.0396 -1.0613 -1.04 -1.06 -0.0000 -0.0000 0.1000 0.1000 0.4999 -0.1016 0.010818 -0.621553 12.24 
14.5462 2 1 1 0x0 -1.0431 -1.0647 -1.04 -1.06 -0.0000 -0.0000 0.1000 0.1000 0.4999 -0.1016 0.010818 -0.622436 12.23 
14.5563 2 1 1 0x0 -1.0466 -1.0682 -1.05 -1.07 -0.0000 -0.0000 0.1000 0.1000 0.4999 -0.1016 0.010818 -0.623304 12.24 
14.5663 2 1 1 0x0 -1.0500 -1.0717 -1.05 -1.07 -0.0000 -0.0000 0.1000 0.1000 0.4999 -0.1016 0.010818 -0.624136 12.24 
14.5763 2 1 1 0x0 -1.0535 -1.0751 -1.05 -1.08 -0.0000 -0.0000 0.1000 0.1000 0.4999 -0.1016 0.010818 -0.625015 12.24 
14.5863 2 1 1 0x0 -1.0570 -1.0786 -1.06 -1.08 -0.0000 -0.0000 0.1000 0.1000 0.4999 -0.1016 0.010818 -0.625879 12.24 
14.5963 2 1 1 0x0 -1.0605 -1.0821 -1.06 -1.08 -0.0000 -0.0000 0.1000 0.1000 0.4999 -0.1016 0.010818 -0.626742 12.23 
14.6063 2 1 1 0x0 -1.0639 -1.0856 -1.06 -1.09 -0.0000 -0.0000 0.1000 0.1000 0.4999 -0.1016 0.010818 -0.627565 12.24 
14.6163 2 1 1 0x0 -1.0674 -1.0890 -1.07 -1.09 -0.0000 -0.0000 0.1000 0.1000 0.4999 -0.1016 0.010818 -0.628361 12.23 
14.6263 2 1 1 0x0 -1.0709 -1.0925 -1.07 -1.09 -0.0000 -0.0000 0.1000 0.1000 0.4999 -0.1016 0.010818 -0.629155 12.24 
14.6363 2 1 1 0x0 -1.0743 -1.0960 -1.07 -1.10 -0.0000 -0.0000 0.1000 0.1000 0.4999 -0.1016 0.010818 -0.630013 12.24 
14.6463 2 1 1 0x0 -1.0778 -1.0994 -1.08 -1.10 -0.0000 -0.0000 0.1000 0.1000 0.4999 -0.1016 0.010818 -0.630846 12.24 
14.6563 2 1 1 0x0 -1.0813 -1.1029 -1.08 -1.10 -0.0000 -0.0000 0.1000 0.1000 0.4999 -0.1016 0.010818 -0.631699 12.24 
14.6663 2 1 1 0x0 -1.0848 -1.1064 -1.08 -1.11 -0.0000 -0.0000 0.1000 0.1000 0.4999 -0.1016 0.010818 -0.632490 12.23 
14.6763 2 1 1 0x0 -1.0882 -1.1099 -1.09 -1.11 -0.0000 -0.0000 0.1000 0.1000 0.4999 -0.1016 0.010818 -0.633269 12.24 
14.6863 2 1 1 0x0 -1.0917 -1.1133 -1.09 -1.11 -0.0000 -0.0000 0.1000 0.1000 0.4999 -0.1016 0.010818 -0.634032 12.23 
14.6963 2 1 1 0x0 -1.0952 -1.1168 -1.10 -1.12 -0.0000 -0.0000 0.1000 0.1000 0.4999 -0.1016 0.010818 -0.634783 12.23 
14.7063 2 1 1 0x0 -1.0986 -1.1203 -1.10 -1.12 -0.0000 -0.0000 0.1000 0.1000 0.4999 -0.1016 0.010818 -0.635512 12.24 
14.7163 2 1 1 0x0 -1.1021 -1.1237 -1.10 -1.12 -0.0000 -0.0000 0.1000 0.1000 0.4999 -0.1016 0.010818 -0.636276 12.23 
14.7263 2 1 1 0x0 -1.1056 -1.1272 -1.11 -1.13 -0.0000 -0.0000 0.1000 0.1000 0.4999 -0.1016 0.010818 -0.637052 12.24 
14.7363 2 1 1 0x0 -1.1091 -1.1307 -1.11 -1.13 -0.0000 -0.0000 0.1000 0.1000 0.4999 -0.1016 0.010818 -0.637792 12.24 
14.7463 2 1 1 0x0 -1.1125 -1.1342 -1.11 -1.13 -0.0000 -0.0000 0.1000 0.1000 0.4999 -0.1016 0.010818 -0.638509 12.23 
14.7563 2 1 1 0x0 -1.1160 -1.1376 -1.12 -1.14 -0.0000 -0.0000 0.1000 0.1000 0.4999 -0.1016 0.010818 -0.639204 12.24 
14.7663 2 1 1 0x0 -1.1195 -1.1411 -1.12 -1.14 -0.0000 -0.0000 0.1000 0.1000 0.4999 -0.1016 0.010818 -0.639922 12.24 
14.7763 2 1 1 0x0 -1.1229 -1.1446 -1.12 -1.14 -0.0000 -0.0000 0.1000 0.1000 0.4999 -0.1016 0.010818 -0.640618 12.24 
14.7863 2 1 1 0x0 -1.1264 -1.1480 -1.13 -1.15 -0.0000 -0.0000 0.1000 0.1000 0.4999 -0.1016 0.010818 -0.641355 12.23 
14.7963 2 1 1 0x0 -1.1299 -1.1515 -1.13 -1.15 -0.0000 -0.0000 0.1000 0.1000 0.4999 -0.1016 0.010818 -0.642052 12.23 
14.8064 2 1 1 0x0 -1.1334 -1.1550 -1.13 -1.15 -0.0000 -0.0000 0.1000 0.1000 0.4999 -0.1016 0.010818 -0.642690 12.23 
14.8164 2 1 1 0x0 -1.1368 -1.1585 -1.14 -1.16 -0.0000 -0.0000 0.1000 0.1000 0.4999 -0.1016 0.010818 -0.642596 12.24 
14.8264 2 1 1 0x0 -1.1403 -1.1619 -1.14 -1.16 -0.0000 -0.0000 0.1000 0.1000 0.4999 -0.1016 0.010818 -0.642943 12.24 
14.8364 2 1 1 0x0 -1.1438 -1.1654 -1.14 -1.17 -0.0000 -0.0000 0.1000 0.1000 0.4999 -0.1016 0.010818 -0.643577 12.23 
14.8464 2 1 1 0x0 -1.1366 -1.1528 -1.14 -1.15 -0.0000 -0.0006 0.1000 0.1000 0.4997 -0.1016 0.008114 -0.644386 12.23 
14.8564 2 1 1 0x0 -1.1248 -1.1464 -1.12 -1.15 -0.0007 -0.0006 0.1000 0.1000 0.4995 -0.1016 0.010818 -0.644915 12.23 
14.8664 2 1 1 0x0 -1.1304 -1.1520 -1.13 -1.15 -0.0007 -0.0006 0.1000 0.1000 0.4995 -0.1016 0.010818 -0.645173 12.23 
14.8764 2 1 1 0x0 -1.1080 -1.1297 -1.11 -1.13 -0.0221 -0.0114 0.0164 0.0208 0.4991 -0.1016 0.010818 -0.645539 12.23 
14.8864 2 1 1 0x0 -1.1152 -1.1368 -1.12 -1.14 -0.0221 -0.0114 0.0264 0.0308 0.4991 -0.1016 0.010818 -0.646328 12.23 
14.8964 2 1 1 0x0 -1.1046 -1.1316 -1.10 -1.13 -0.0156 -0.0114 0.0141 0.0408 0.4989 -0.1016 0.013523 -0.646989 12.23 
14.9064 2 1 1 0x0 -1.1006 -1.1222 -1.10 -1.12 -0.0156 -0.0148 0.0241 0.0194 0.4987 -0.1016 0.010818 -0.647474 12.23 
14.9164 2 1 1 0x0 -1.1081 -1.1297 -1.11 -1.13 -0.0156 -0.0148 0.0341 0.0294 0.4987 -0.1016 0.010818 -0.648110 12.23 
14.9264 2 1 1 0x0 -1.0878 -1.1094 -1.09 -1.11 -0.0176 -0.0214 0.0196 0.0162 0.4983 -0.1017 0.010818 -0.648582 12.23 
14.9364 2 1 1 0x0 -1.0959 -1.1175 -1.10 -1.12 -0.0176 -0.0214 0.0296 0.0262 0.4983 -0.1017 0.010818 -0.648771 12.23 
14.9464 2 1 1 0x0 -1.0754 -1.0970 -1.08 -1.10 -0.0159 -0.0214 0.0153 0.0173 0.4979 -0.1017 0.010818 -0.649583 12.23 
14.9564 2 1 1 0x0 -1.0840 -1.1057 -1.08 -1.11 -0.0159 -0.0214 0.0253 0.0273 0.4979 -0.1017 0.010818 -0.650722 12.23 
14.9664 2 1 1 0x0 -1.0644 -1.0861 -1.06 -1.09 -0.0220 -0.0221 0.0133 0.0186 0.4975 -0.1017 0.010818 -0.651435 12.23 
14.9764 2 1 1 0x0 -1.0732 -1.0948 -1.07 -1.09 -0.0220 -0.0221 0.0233 0.0286 0.4975 -0.1017 0.010818 -0.651751 12.23 
14.9864 2 1 1 0x0 -1.0532 -1.0749 -1.05 -1.07 -0.0184 -0.0192 0.0130 0.0189 0.4971 -0.1017 0.010818 -0.652222 12.23 
14.9964 2 1 1 0x0 -1.0505 -1.0667 -1.05 -1.07 -0.0184 -0.0238 0.0230 0.0098 0.4969 -0.1017 0.008114 -0.653169 12.23 
15.0064 2 1 1 0x0 -1.0593 -1.0755 -1.06 -1.08 -0.0184 -0.0238 0.0330 0.0198 0.4969 -0.1017 0.008114 -0.654207 12.23 
15.0164 2 1 1 0x0 -1.0387 -1.0550 -1.04 -1.05 -0.0160 -0.0194 0.0194 0.0109 0.4965 -0.1017 0.008114 -0.654955 12.23 
15.0264 2 1 1 0x0 -1.0476 -1.0638 -1.05 -1.06 -0.0160 -0.0194 0.0294 0.0209 0.4965 -0.1017 0.008114 -0.655175 12.23 
15.0364 2 1 1 0x0 -1.0387 -1.0603 -1.04 -1.06 -0.0200 -0.0194 0.0166 0.0309 0.4963 -0.1017 0.010818 -0.655502 12.23 
15.0465 2 1 1 0x0 -1.0354 -1.0517 -1.04 -1.05 -0.0200 -0.0182 0.0266 0.0193 0.4961 -0.1017 0.008114 -0.656188 12.23 
15.0565 2 1 1 0x0 -1.0266 -1.0482 -1.03 -1.05 -0.0216 -0.0182 0.0171 0.0293 0.4959 -0.1017 0.010818 -0.657093 12.24 
15.0665 2 1 1 0x0 -1.0226 -1.0388 -1.02 -1.04 -0.0216 -0.0167 0.0271 0.0159 0.4957 -0.1017 0.008114 -0.657782 12.23 
15.0765 2 1 1 0x0 -1.0133 -1.0350 -1.01 -1.03 -0.0175 -0.0167 0.0161 0.0259 0.4955 -0.1017 0.010818 -0.658448 12.23 
15.0865 2 1 1 0x0 -1.0093 -1.0255 -1.01 -1.03 -0.0175 -0.0205 0.0261 0.0139 0.4953 -0.1017 0.008114 -0.659151 12.23 
15.0965 2 1 1 0x0 -1.0006 -1.0222 -1.00 -1.02 -0.0266 -0.0205 0.0169 0.0239 0.4950 -0.1017 0.010818 -0.659087 12.23 
15.1065 2 1 1 0x0 -0.9915 -1.0185 -0.99 -1.02 -0.0340 -0.0169 0.0133 0.0339 0.4948 -0.1017 0.013523 -0.658723 12.24 
15.1165 2 1 1 0x0 -0.9539 -0.9863 -0.95 -0.99 -0.0469 -0.0125 0.0056 0.0177 0.4942 -0.1017 0.016227 -0.658410 12.23 
15.1265 2 1 1 0x0 -0.9464 -0.9843 -0.95 -0.98 -0.0493 -0.0125 0.0071 0.0277 0.4940 -0.1017 0.018932 -0.658638 12.23 
15.1365 2 1 1 0x0 -0.9385 -0.9817 -0.94 -0.98 -0.0419 -0.0125 0.0082 0.0377 0.4938 -0.1017 0.021636 -0.659133 12.24 
15.1465 2 1 1 0x0 -0.9193 -0.9625 -0.92 -0.96 -0.0489 -0.0156 0.0092 0.0185 0.4934 -0.1017 0.021636 -0.659082 12.23 
15.1565 2 1 1 0x0 -0.9111 -0.9598 -0.91 -0.96 -0.0282 -0.0156 0.0078 0.0285 0.4932 -0.1017 0.024341 -0.659374 12.23 
15.1665 2 1 1 0x0 -0.9089 -0.9522 -0.91 -0.95 -0.0282 -0.0244 0.0178 0.0171 0.4930 -0.1017 0.021636 -0.659918 12.23 
15.1765 2 1 1 0x0 -0.9061 -0.9439 -0.91 -0.94 -0.0197 -0.0395 0.0278 0.0137 0.4928 -0.1017 0.018932 -0.661315 12.23 
15.1865 2 1 1 0x0 -0.8859 -0.9238 -0.89 -0.92 -0.0153 -0.0353 0.0174 0.0128 0.4924 -0.1017 0.018932 -0.662677 12.23 
15.1965 2 1 1 0x0 -0.8939 -0.9318 -0.89 -0.93 -0.0153 -0.0238 0.0274 0.0228 0.4924 -0.1017 0.018932 -0.664546 12.24 
15.2065 2 1 1 0x0 -0.9001 -0.9379 -0.90 -0.94 -0.0153 -0.0150 0.0374 0.0328 0.4924 -0.1017 0.018932 -0.666985 12.24 
15.2165 2 1 1 0x0 -0.9047 -0.9426 -0.90 -0.94 -0.0119 -0.0109 0.0474 0.0428 0.4924 -0.1017 0.018932 -0.667290 12.24 
15.2265 2 1 1 0x0 -0.9082 -0.9461 -0.91 -0.95 -0.0092 -0.0086 0.0574 0.0528 0.4924 -0.1017 0.018932 -0.667015 12.23 
15.2365 2 1 1 0x0 -0.8939 -0.9371 -0.89 -0.94 -0.0078 -0.0071 0.0281 0.0628 0.4922 -0.1017 0.021636 -0.667142 12.23 
15.2465 2 1 1 0x0 -0.8968 -0.9401 -0.90 -0.94 -0.0078 -0.0061 0.0381 0.0728 0.4922 -0.1017 0.021636 -0.667859 12.24 
15.2565 2 1 1 0x0 -0.8988 -0.9421 -0.90 -0.94 -0.0078 -0.0053 0.0481 0.0828 0.4922 -0.1017 0.021636 -0.668606 12.24 
15.2665 2 1 1 0x0 -0.9000 -0.9433 -0.90 -0.94 -0.0078 -0.0047 0.0581 0.0928 0.4922 -0.1017 0.021636 -0.668856 12.24 
15.2765 2 1 1 0x0 -0.9007 -0.9439 -0.90 -0.94 -0.0078 -0.0042 0.0681 0.1000 0.4922 -0.1017 0.021636 -0.669025 12.24 
15.2865 2 1 1 0x0 -0.9008 -0.9440 -0.90 -0.94 -0.0078 -0.0038 0.0781 0.1000 0.4922 -0.1017 0.021636 -0.669486 12.23 
15.2966 2 1 1 0x0 -0.9004 -0.9437 -0.90 -0.94 -0.0065 -0.0035 0.0881 0.1000 0.4922 -0.1017 0.021636 -0.670165 12.24 
15.3066 2 1 1 0x0 -0.8998 -0.9430 -0.90 -0.94 -0.0056 -0.0032 0.0981 0.1000 0.4922 -0.1017 0.021636 -0.670557 12.23 
15.3166 2 1 1 0x0 -0.8988 -0.9421 -0.90 -0.94 -0.0049 -0.0030 0.1000 0.1000 0.4922 -0.1017 0.021636 -0.670693 12.23 
15.3266 2 1 1 0x0 -0.8976 -0.9409 -0.90 -0.94 -0.0044 -0.0028 0.1000 0.1000 0.4922 -0.1017 0.021636 -0.671046 12.23 
15.3366 2 1 1 0x0 -0.8962 -0.9395 -0.90 -0.94 -0.0040 -0.0026 0.1000 0.1000 0.4922 -0.1017 0.021636 -0.671653 12.24 
15.3466 2 1 1 0x0 -0.8947 -0.9380 -0.89 -0.94 -0.0036 -0.0024 0.1000 0.1000 0.4922 -0.1017 0.021636 -0.672215 12.24 
15.3566 2 1 1 0x0 -0.8930 -0.9363 -0.89 -0.94 -0.0033 -0.0023 0.1000 0.1000 0.4922 -0.1017 0.021636 -0.672451 12.24 
15.3666 2 1 1 0x0 -0.8912 -0.9345 -0.89 -0.93 -0.0031 -0.0022 0.1000 0.1000 0.4922 -0.1017 0.021636 -0.672629 12.24 
15.3766 2 1 1 0x0 -0.8894 -0.9326 -0.89 -0.93 -0.0029 -0.0021 0.1000 0.1000 0.4922 -0.1017 0.021636 -0.673079 12.24 
15.3866 2 1 1 0x0 -0.8874 -0.9307 -0.89 -0.93 -0.0027 -0.0000 0.1000 0.1000 0.4922 -0.1017 0.021636 -0.673665 12.23 
15.3966 2 1 1 0x0 -0.8854 -0.9287 -0.89 -0.93 -0.0025 -0.0000 0.1000 0.1000 0.4922 -0.1017 0.021636 -0.674050 12.23 
15.4066 2 1 1 0x0 -0.8834 -0.9266 -0.88 -0.93 -0.0024 -0.0000 0.1000 0.1000 0.4922 -0.1017 0.021636 -0.674246 12.23 
15.4166 2 1 1 0x0 -0.8813 -0.9246 -0.88 -0.92 -0.0022 -0.0000 0.1000 0.1000 0.4922 -0.1017 0.021636 -0.674525 12.23 
15.4266 2 1 1 0x0 -0.8792 -0.9224 -0.88 -0.92 -0.0021 -0.0000 0.1000 0.1000 0.4922 -0.1017 0.021636 -0.675009 12.24 
15.4366 2 1 1 0x0 -0.8770 -0.9203 -0.88 -0.92 -0.0000 -0.0000 0.1000 0.1000 0.4922 -0.1017 0.021636 -0.675457 12.24 
15.4466 2 1 1 0x0 -0.8748 -0.9181 -0.87 -0.92 -0.0000 -0.0000 0.1000 0.1000 0.4922 -0.1017 0.021636 -0.675730 12.23 
15.4566 2 1 1 0x0 -0.8726 -0.9159 -0.87 -0.92 -0.0000 -0.0000 0.1000 0.1000 0.4922 -0.1017 0.021636 -0.675938 12.24 
15.4666 2 1 1 0x0 -0.8705 -0.9137 -0.87 -0.91 -0.0000 -0.0000 0.1000 0.1000 0.4922 -0.1017 0.021636 -0.676304 12.23 
15.4766 2 1 1 0x0 -0.8682 -0.9115 -0.87 -0.91 -0.0000 -0.0000 0.1000 0.1000 0.4922 -0.1017 0.021636 -0.676781 12.24 
15.4866 2 1 1 0x0 -0.8660 -0.9093 -0.87 -0.91 -0.0000 -0.0000 0.1000 0.1000 0.4922 -0.1017 0.021636 -0.677139 12.24 
15.4966 2 1 1 0x0 -0.8637 -0.9070 -0.86 -0.91 -0.0000 -0.0000 0.1000 0.1000 0.4922 -0.1017 0.021636 -0.677416 12.24 
15.5066 2 1 1 0x0 -0.8615 -0.9048 -0.86 -0.90 -0.0000 -0.0000 0.1000 0.1000 0.4922 -0.1017 0.021636 -0.677739 12.23 
15.5166 2 1 1 0x0 -0.8593 -0.9026 -0.86 -0.90 -0.0000 -0.0000 0.1000 0.1000 0.4922 -0.1017 0.021636 -0.678025 12.23 
15.5266 2 1 1 0x0 -0.8570 -0.9003 -0.86 -0.90 -0.0000 -0.0000 0.1000 0.1000 0.4922 -0.1017 0.021636 -0.677996 12.24 
15.5366 2 1 1 0x0 -0.8547 -0.8980 -0.85 -0.90 -0.0000 -0.0000 0.1000 0.1000 0.4922 -0.1017 0.021636 -0.678293 12.24 
15.5467 2 1 1 0x0 -0.8524 -0.8957 -0.85 -0.90 -0.0000 -0.0000 0.1000 0.1000 0.4922 -0.1017 0.021636 -0.679208 12.24 
15.5567 2 1 1 0x0 -0.8397 -0.8775 -0.84 -0.88 -0.0000 -0.0000 0.1000 0.1000 0.4920 -0.1017 0.018932 -0.679833 12.24 
15.5667 2 1 1 0x0 -0.8385 -0.8763 -0.84 -0.88 -0.0000 -0.0000 0.1000 0.1000 0.4920 -0.1017 0.018932 -0.680136 12.24 
15.5767 2 1 1 0x0 -0.8371 -0.8749 -0.84 -0.87 -0.0000 -0.0000 0.1000 0.1000 0.4920 -0.1017 0.018932 -0.680666 12.24 
15.5867 2 1 1 0x0 -0.8355 -0.8733 -0.84 -0.87 -0.0000 -0.0000 0.1000 0.1000 0.4920 -0.1017 0.018932 -0.681184 12.24 
15.5967 2 1 1 0x0 -0.8337 -0.8716 -0.83 -0.87 -0.0000 -0.0000 0.1000 0.1000 0.4920 -0.1017 0.018932 -0.681121 12.24 
15.6067 2 1 1 0x0 -0.8319 -0.8697 -0.83 -0.87 -0.0000 -0.0000 0.1000 0.1000 0.4920 -0.1017 0.018932 -0.681032 12.24 
15.6167 2 1 1 0x0 -0.8299 -0.8678 -0.83 -0.87 -0.0000 -0.0000 0.1000 0.1000 0.4920 -0.1017 0.018932 -0.680952 12.24 
15.6267 2 1 1 0x0 -0.8278 -0.8657 -0.83 -0.87 -0.0000 -0.0000 0.1000 0.1000 0.4920 -0.1017 0.018932 -0.681257 12.24 
15.6367 2 1 1 0x0 -0.8257 -0.8636 -0.83 -0.86 -0.0000 -0.0000 0.1000 0.1000 0.4920 -0.1017 0.018932 -0.681659 12.23 
15.6467 2 1 1 0x0 -0.8236 -0.8614 -0.82 -0.86 -0.0000 -0.0000 0.1000 0.1000 0.4920 -0.1017 0.018932 -0.681916 12.24 
15.6567 2 1 1 0x0 -0.8213 -0.8592 -0.82 -0.86 -0.0000 -0.0000 0.1000 0.1000 0.4920 -0.1017 0.018932 -0.682293 12.23 
15.6667 2 1 1 0x0 -0.8191 -0.8570 -0.82 -0.86 -0.0000 -0.0000 0.1000 0.1000 0.4920 -0.1017 0.018932 -0.682568 12.24 
15.6767 2 1 1 0x0 -0.8168 -0.8547 -0.82 -0.85 -0.0000 -0.0000 0.1000 0.1000 0.4920 -0.1017 0.018932 -0.682784 12.24 
15.6867 2 1 1 0x0 -0.8145 -0.8524 -0.81 -0.85 -0.0000 -0.0000 0.1000 0.1000 0.4920 -0.1017 0.018932 -0.683086 12.24 
15.6967 2 1 1 0x0 -0.8122 -0.8500 -0.81 -0.85 -0.0000 -0.0000 0.1000 0.1000 0.4920 -0.1017 0.018932 -0.683336 12.23 
15.7067 2 1 1 0x0 -0.8098 -0.8477 -0.81 -0.85 -0.0000 -0.0000 0.1000 0.1000 0.4920 -0.1017 0.018932 -0.684082 12.24 
15.7167 2 1 1 0x0 -0.8074 -0.8453 -0.81 -0.85 -0.0000 -0.0000 0.1000 0.1000 0.4920 -0.1017 0.018932 -0.684755 12.24 
15.7267 2 1 1 0x0 -0.8051 -0.8429 -0.81 -0.84 -0.0000 -0.0000 0.1000 0.1000 0.4920 -0.1017 0.018932 -0.684887 12.23 
15.7367 2 1 1 0x0 -0.8027 -0.8405 -0.80 -0.84 -0.0000 -0.0000 0.1000 0.1000 0.4920 -0.1017 0.018932 -0.685377 12.23 
15.7467 2 1 1 0x0 -0.8003 -0.8381 -0.80 -0.84 -0.0000 -0.0000 0.1000 0.1000 0.4920 -0.1017 0.018932 -0.686033 12.24 
15.7567 2 1 1 0x0 -0.7979 -0.8358 -0.80 -0.84 -0.0000 -0.0000 0.1000 0.1000 0.4920 -0.1017 0.018932 -0.686317 12.24 
15.7667 2 1 1 0x0 -0.7955 -0.8334 -0.80 -0.83 -0.0000 -0.0000 0.1000 0.1000 0.4920 -0.1017 0.018932 -0.686493 12.24 
15.7767 2 1 1 0x0 -0.7931 -0.8309 -0.79 -0.83 -0.0000 -0.0000 0.1000 0.1000 0.4920 -0.1017 0.018932 -0.686853 12.24 
15.7867 2 1 1 0x0 -0.7906 -0.8285 -0.79 -0.83 -0.0000 -0.0000 0.1000 0.1000 0.4920 -0.1017 0.018932 -0.687112 12.23 
15.7968 2 1 1 0x0 -0.7882 -0.8261 -0.79 -0.83 -0.0000 -0.0000 0.1000 0.1000 0.4920 -0.1017 0.018932 -0.687291 12.24 
15.8068 2 1 1 0x0 -0.7858 -0.8236 -0.79 -0.82 -0.0000 -0.0000 0.1000 0.1000 0.4920 -0.1017 0.018932 -0.687323 12.24 
15.8168 2 1 1 0x0 -0.7833 -0.8212 -0.78 -0.82 -0.0000 -0.0000 0.1000 0.1000 0.4920 -0.1017 0.018932 -0.687474 12.24 
15.8268 2 1 1 0x0 -0.7809 -0.8188 -0.78 -0.82 -0.0000 -0.0000 0.1000 0.1000 0.4920 -0.1017 0.018932 -0.687423 12.24 
15.8368 2 1 1 0x0 -0.7785 -0.8163 -0.78 -0.82 -0.0000 -0.0000 0.1000 0.1000 0.4920 -0.1017 0.018932 -0.687389 12.23 
15.8468 2 1 1 0x0 -0.7760 -0.8139 -0.78 -0.81 -0.0000 -0.0000 0.1000 0.1000 0.4920 -0.1017 0.018932 -0.687649 12.24 
15.8568 2 1 1 0x0 -0.7736 -0.8115 -0.77 -0.81 -0.0000 -0.0000 0.1000 0.1000 0.4920 -0.1017 0.018932 -0.687797 12.24 
15.8668 2 1 1 0x0 -0.7712 -0.8090 -0.77 -0.81 -0.0000 -0.0000 0.1000 0.1000 0.4920 -0.1017 0.018932 -0.687747 12.23 
15.8768 2 1 1 0x0 -0.7687 -0.8066 -0.77 -0.81 -0.0000 -0.0000 0.1000 0.1000 0.4920 -0.1017 0.018932 -0.687720 12.23 
15.8868 2 1 1 0x0 -0.7546 -0.7870 -0.75 -0.79 -0.0000 -0.0000 0.1000 0.1000 0.4918 -0.1017 0.016227 -0.687526 12.23 
15.8968 2 1 1 0x0 -0.7535 -0.7859 -0.75 -0.79 -0.0000 -0.0000 0.1000 0.1000 0.4918 -0.1017 0.016227 -0.686948 12.24 
15.9068 2 1 1 0x0 -0.7410 -0.7680 -0.74 -0.77 -0.0000 -0.0000 0.1000 0.1000 0.4916 -0.1017 0.013523 -0.686585 12.23 
15.9168 2 1 1 0x0 -0.7406 -0.7677 -0.74 -0.77 -0.0000 -0.0000 0.1000 0.1000 0.4916 -0.1017 0.013523 -0.686900 12.24 
15.9268 2 1 1 0x0 -0.7283 -0.7499 -0.73 -0.75 -0.0000 -0.0173 0.1000 0.0130 0.4914 -0.1017 0.010818 -0.687124 12.24 
15.9368 2 1 1 0x0 -0.7284 -0.7501 -0.73 -0.75 -0.0000 -0.0173 0.1000 0.0230 0.4914 -0.1017 0.010818 -0.686906 12.23 
15.9468 2 1 1 0x0 -0.7165 -0.7327 -0.72 -0.73 -0.0000 -0.0207 0.1000 0.0115 0.4912 -0.1018 0.008114 -0.686795 12.24 
15.9568 2 1 1 0x0 -0.7170 -0.7332 -0.72 -0.73 -0.0000 -0.0207 0.1000 0.0215 0.4912 -0.1018 0.008114 -0.686858 12.23 
15.9668 2 1 1 0x0 -0.7168 -0.7331 -0.72 -0.73 -0.0000 -0.0187 0.1000 0.0315 0.4912 -0.1018 0.008114 -0.687019 12.23 
15.9768 2 1 1 0x0 -0.7054 -0.7162 -0.71 -0.72 -0.0000 -0.0165 0.1000 0.0194 0.4910 -0.1018 0.005409 -0.687241 12.23 
15.9868 2 1 1 0x0 -0.6885 -0.7047 -0.69 -0.70 -0.0000 -0.0165 0.1000 0.0294 0.4908 -0.1018 0.008114 -0.687306 12.22 
15.9968 2 1 1 0x0 -0.6786 -0.6894 -0.68 -0.69 -0.0000 -0.0215 0.1000 0.0176 0.4906 -0.1018 0.005409 -0.687391 12.23 
16.0068 2 1 1 0x0 -0.6797 -0.6905 -0.68 -0.69 -0.0000 -0.0215 0.1000 0.0276 0.4906 -0.1018 0.005409 -0.687792 12.24 
16.0168 2 1 1 0x0 -0.6695 -0.6749 -0.67 -0.67 -0.0000 -0.0216 0.1000 0.0188 0.4904 -0.1018 0.002705 -0.688277 12.23 
16.0268 2 1 1 0x0 -0.6703 -0.6757 -0.67 -0.68 -0.0000 -0.0216 0.1000 0.0288 0.4904 -0.1018 0.002705 -0.688944 12.23 
16.0368 2 1 1 0x0 -0.6595 -0.6595 -0.66 -0.66 -0.0000 -0.0189 0.1000 0.0187 0.4902 -0.1018 0.000000 -0.689668 12.24 
16.0468 2 1 1 0x0 -0.6482 -0.6428 -0.65 -0.64 -0.0000 -0.0227 0.1000 0.0090 0.4900 -0.1018 -0.002705 -0.689978 12.23 
16.0568 2 1 1 0x0 -0.6492 -0.6438 -0.65 -0.64 -0.0000 -0.0227 0.1000 0.0190 0.4900 -0.1018 -0.002705 -0.690402 12.23 
16.0668 2 1 1 0x0 -0.6382 -0.6273 -0.64 -0.63 -0.0000 -0.0256 0.1000 0.0121 0.4898 -0.1018 -0.005409 -0.691296 12.24 
16.0768 2 1 1 0x0 -0.6388 -0.6280 -0.64 -0.63 -0.0000 -0.0256 0.1000 0.0221 0.4898 -0.1018 -0.005409 -0.692244 12.24 
16.0868 2 1 1 0x0 -0.6386 -0.6277 -0.64 -0.63 -0.0000 -0.0168 0.1000 0.0321 0.4898 -0.1018 -0.005409 -0.692835 12.24 
16.0968 2 1 1 0x0 -0.6376 -0.6268 -0.64 -0.63 -0.0000 -0.0119 0.1000 0.0421 0.4898 -0.1018 -0.005409 -0.693389 12.23 
16.1068 2 1 1 0x0 -0.6362 -0.6254 -0.64 -0.63 -0.0000 -0.0092 0.1000 0.0521 0.4898 -0.1018 -0.005409 -0.693899 12.23 
16.1168 2 1 1 0x0 -0.6232 -0.6070 -0.62 -0.61 -0.0000 -0.0083 0.1000 0.0297 0.4896 -0.1018 -0.008114 -0.694148 12.24 
16.1268 2 1 1 0x0 -0.6221 -0.6058 -0.62 -0.61 -0.0000 -0.0083 0.1000 0.0397 0.4896 -0.1018 -0.008114 -0.694320 12.23 
16.1368 2 1 1 0x0 -0.6204 -0.6042 -0.62 -0.60 -0.0000 -0.0083 0.1000 0.0497 0.4896 -0.1018 -0.008114 -0.694540 12.24 
16.1468 2 1 1 0x0 -0.6182 -0.6020 -0.62 -0.60 -0.0000 -0.0083 0.1000 0.0597 0.4896 -0.1018 -0.008114 -0.694736 12.24 
16.1567 2 1 1 0x0 -0.6157 -0.5995 -0.62 -0.60 -0.0000 -0.0083 0.1000 0.0697 0.4896 -0.1018 -0.008114 -0.694752 12.24 
16.1667 2 1 1 0x0 -0.6129 -0.5967 -0.61 -0.60 -0.0000 -0.0073 0.1000 0.0797 0.4896 -0.1018 -0.008114 -0.694986 12.23 
16.1767 2 1 1 0x0 -0.6098 -0.5936 -0.61 -0.59 -0.0000 -0.0062 0.1000 0.0897 0.4896 -0.1018 -0.008114 -0.695241 12.24 
16.1867 2 1 1 0x0 -0.6065 -0.5903 -0.61 -0.59 -0.0000 -0.0054 0.1000 0.0997 0.4896 -0.1018 -0.008114 -0.695319 12.24 
16.1967 2 1 1 0x0 -0.6191 -0.5975 -0.62 -0.60 0.0000 -0.0048 0.1000 0.1000 0.4898 -0.1018 -0.010818 -0.695609 12.24 
16.2067 2 1 1 0x0 -0.6144 -0.5928 -0.61 -0.59 0.0000 -0.0043 0.1000 0.1000 0.4898 -0.1018 -0.010818 -0.695754 12.23 
16.2167 2 1 1 0x0 -0.6098 -0.5882 -0.61 -0.59 0.0000 -0.0039 0.1000 0.1000 0.4898 -0.1018 -0.010818 -0.695708 12.24 
16.2267 2 1 1 0x0 -0.6053 -0.5837 -0.61 -0.58 0.0000 -0.0035 0.1000 0.1000 0.4898 -0.1018 -0.010818 -0.695640 12.24 
16.2367 2 1 1 0x0 -0.6009 -0.5792 -0.60 -0.58 0.0000 -0.0032 0.1000 0.1000 0.4898 -0.1018 -0.010818 -0.695728 12.24 
16.2467 2 1 1 0x0 -0.5965 -0.5748 -0.60 -0.57 0.0000 -0.0030 0.1000 0.1000 0.4898 -0.1018 -0.010818 -0.695957 12.24 
16.2567 2 1 1 0x0 -0.5922 -0.5705 -0.59 -0.57 0.0000 -0.0028 0.1000 0.1000 0.4898 -0.1018 -0.010818 -0.696238 12.24 
16.2667 2 1 1 0x0 -0.5879 -0.5662 -0.59 -0.57 0.0000 -0.0026 0.1000 0.1000 0.4898 -0.1018 -0.010818 -0.696537 12.23 
16.2767 2 1 1 0x0 -0.5836 -0.5620 -0.58 -0.56 0.0000 -0.0025 0.1000 0.1000 0.4898 -0.1018 -0.010818 -0.696698 12.24 
16.2867 2 1 1 0x0 -0.5794 -0.5578 -0.58 -0.56 0.0000 -0.0023 0.1000 0.1000 0.4898 -0.1018 -0.010818 -0.696985 12.24 
16.2967 2 1 1 0x0 -0.5752 -0.5536 -0.58 -0.55 0.0000 -0.0022 0.1000 0.1000 0.4898 -0.1018 -0.010818 -0.697237 12.23 
16.3067 2 1 1 0x0 -0.5710 -0.5494 -0.57 -0.55 0.0000 -0.0021 0.1000 0.1000 0.4898 -0.1018 -0.010818 -0.697343 12.23 
16.3167 2 1 1 0x0 -0.5668 -0.5452 -0.57 -0.55 0.0000 -0.0000 0.1000 0.1000 0.4898 -0.1018 -0.010818 -0.697460 12.24 
16.3267 2 1 1 0x0 -0.5627 -0.5411 -0.56 -0.54 0.0000 -0.0000 0.1000 0.1000 0.4898 -0.1018 -0.010818 -0.697592 12.23 
16.3367 2 1 1 0x0 -0.5586 -0.5369 -0.56 -0.54 0.0000 -0.0000 0.1000 0.1000 0.4898 -0.1018 -0.010818 -0.697713 12.23 
16.3466 2 1 1 0x0 -0.5544 -0.5328 -0.55 -0.53 0.0000 -0.0000 0.1000 0.1000 0.4898 -0.1018 -0.010818 -0.697797 12.23 
16.3566 2 1 1 0x0 -0.5503 -0.5287 -0.55 -0.53 0.0000 -0.0000 0.1000 0.1000 0.4898 -0.1018 -0.010818 -0.697873 12.23 
16.3666 2 1 1 0x0 -0.5462 -0.5245 -0.55 -0.52 0.0000 -0.0000 0.1000 0.1000 0.4898 -0.1018 -0.010818 -0.697930 12.24 
16.3766 2 1 1 0x0 -0.5421 -0.5204 -0.54 -0.52 0.0000 -0.0000 0.1000 0.1000 0.4898 -0.1018 -0.010818 -0.698024 12.24 
16.3866 2 1 1 0x0 -0.5380 -0.5163 -0.54 -0.52 0.0000 -0.0000 0.1000 0.1000 0.4898 -0.1018 -0.010818 -0.698281 12.24 
16.3966 2 1 1 0x0 -0.5339 -0.5122 -0.53 -0.51 0.0000 -0.0000 0.1000 0.1000 0.4898 -0.1018 -0.010818 -0.698502 12.23 
16.4066 2 1 1 0x0 -0.5191 -0.4921 -0.52 -0.49 0.0000 -0.0014 0.1000 0.1000 0.4896 -0.1018 -0.013523 -0.698658 12.22 
16.4166 2 1 1 0x0 -0.5161 -0.4891 -0.52 -0.49 0.0000 -0.0014 0.1000 0.1000 0.4896 -0.1018 -0.013523 -0.698920 12.24 
16.4266 2 1 1 0x0 -0.5129 -0.4859 -0.51 -0.49 0.0000 -0.0014 0.1000 0.1000 0.4896 -0.1018 -0.013523 -0.699090 12.24 
16.4366 2 1 1 0x0 -0.5095 -0.4825 -0.51 -0.48 0.0000 -0.0014 0.1000 0.1000 0.4896 -0.1018 -0.013523 -0.699177 12.23 
16.4466 2 1 1 0x0 -0.5060 -0.4789 -0.51 -0.48 0.0000 -0.0014 0.1000 0.1000 0.4896 -0.1018 -0.013523 -0.699285 12.24 
16.4566 2 1 1 0x0 -0.5023 -0.4752 -0.50 -0.48 0.0000 -0.0014 0.1000 0.1000 0.4896 -0.1018 -0.013523 -0.699386 12.23 
16.4666 2 1 1 0x0 -0.4985 -0.4715 -0.50 -0.47 0.0000 -0.0014 0.1000 0.1000 0.4896 -0.1018 -0.013523 -0.699491 12.24 
16.4766 2 1 1 0x0 -0.4946 -0.4676 -0.49 -0.47 0.0000 -0.0014 0.1000 0.1000 0.4896 -0.1018 -0.013523 -0.699611 12.24 
16.4866 2 1 1 0x0 -0.4907 -0.4637 -0.49 -0.46 0.0000 -0.0014 0.1000 0.1000 0.4896 -0.1018 -0.013523 -0.699797 12.24 
16.4966 2 1 1 0x0 -0.4867 -0.4597 -0.49 -0.46 0.0000 -0.0014 0.1000 0.1000 0.4896 -0.1018 -0.013523 -0.700000 12.24 
16.5066 2 1 1 0x0 -0.4827 -0.4557 -0.48 -0.46 0.0000 -0.0014 0.1000 0.1000 0.4896 -0.1018 -0.013523 -0.700147 12.24 
16.5166 2 1 1 0x0 -0.4786 -0.4516 -0.48 -0.45 0.0000 -0.0014 0.1000 0.1000 0.4896 -0.1018 -0.013523 -0.700212 12.24 
16.5265 2 1 1 0x0 -0.4745 -0.4475 -0.47 -0.45 0.0000 -0.0014 0.1000 0.1000 0.4896 -0.1018 -0.013523 -0.700264 12.24 
16.5365 2 1 1 0x0 -0.4704 -0.4434 -0.47 -0.44 0.0000 -0.0014 0.1000 0.1000 0.4896 -0.1018 -0.013523 -0.700370 12.22 
16.5465 2 1 1 0x0 -0.4662 -0.4392 -0.47 -0.44 0.0000 -0.0014 0.1000 0.1000 0.4896 -0.1018 -0.013523 -0.700459 12.22 
16.5565 2 1 1 0x0 -0.4621 -0.4350 -0.46 -0.44 0.0000 -0.0014 0.1000 0.1000 0.4896 -0.1018 -0.013523 -0.700552 12.24 
16.5665 2 1 1 0x0 -0.4579 -0.4309 -0.46 -0.43 0.0000 -0.0014 0.1000 0.1000 0.4896 -0.1018 -0.013523 -0.700600 12.24 
16.5765 2 1 1 0x0 -0.4537 -0.4267 -0.45 -0.43 0.0000 -0.0014 0.1000 0.1000 0.4896 -0.1018 -0.013523 -0.700629 12.24 
16.5865 2 1 1 0x0 -0.4495 -0.4224 -0.45 -0.42 0.0000 -0.0014 0.1000 0.1000 0.4896 -0.1018 -0.013523 -0.700715 12.24 
16.5965 2 1 1 0x0 -0.4453 -0.4182 -0.45 -0.42 0.0000 -0.0014 0.1000 0.1000 0.4896 -0.1018 -0.013523 -0.700843 12.24 
16.6065 2 1 1 0x0 -0.4411 -0.4140 -0.44 -0.41 0.0000 -0.0000 0.1000 0.1000 0.4896 -0.1018 -0.013523 -0.700991 12.23 
16.6165 2 1 1 0x0 -0.4369 -0.4098 -0.44 -0.41 0.0000 -0.0000 0.1000 0.1000 0.4896 -0.1018 -0.013523 -0.701107 12.24 
16.6265 2 1 1 0x0 -0.4326 -0.4056 -0.43 -0.41 0.0000 -0.0000 0.1000 0.1000 0.4896 -0.1018 -0.013523 -0.701205 12.23 
16.6365 2 1 1 0x0 -0.4284 -0.4013 -0.43 -0.40 0.0000 -0.0000 0.1000 0.1000 0.4896 -0.1018 -0.013523 -0.701305 12.23 
16.6465 2 1 1 0x0 -0.4241 -0.3971 -0.42 -0.40 0.0000 -0.0000 0.1000 0.1000 0.4896 -0.1018 -0.013523 -0.701446 12.23 
16.6565 2 1 1 0x0 -0.4199 -0.3928 -0.42 -0.39 0.0000 -0.0000 0.1000 0.1000 0.4896 -0.1018 -0.013523 -0.701597 12.25 
16.6665 2 1 1 0x0 -0.4156 -0.3886 -0.42 -0.39 0.0000 -0.0000 0.1000 0.1000 0.4896 -0.1018 -0.013523 -0.701725 12.24 
16.6765 2 1 1 0x0 -0.4114 -0.3843 -0.41 -0.38 0.0000 -0.0000 0.1000 0.1000 0.4896 -0.1018 -0.013523 -0.701790 12.24 
16.6865 2 1 1 0x0 -0.4071 -0.3801 -0.41 -0.38 0.0000 -0.0000 0.1000 0.1000 0.4896 -0.1018 -0.013523 -0.701767 12.24 
16.6965 2 1 1 0x0 -0.4029 -0.3758 -0.40 -0.38 0.0000 -0.0000 0.1000 0.1000 0.4896 -0.1018 -0.013523 -0.701709 12.24 
16.7064 2 1 1 0x0 -0.3986 -0.3716 -0.40 -0.37 0.0000 -0.0000 0.1000 0.1000 0.4896 -0.1018 -0.013523 -0.701725 12.23 
16.7164 2 1 1 0x0 -0.3944 -0.3673 -0.39 -0.37 0.0000 -0.0000 0.1000 0.1000 0.4896 -0.1018 -0.013523 -0.701831 12.24 
16.7264 2 1 1 0x0 -0.3901 -0.3631 -0.39 -0.36 0.0000 -0.0000 0.1000 0.1000 0.4896 -0.1018 -0.013523 -0.701934 12.24 
16.7364 2 1 1 0x0 -0.3859 -0.3588 -0.39 -0.36 0.0000 -0.0000 0.1000 0.1000 0.4896 -0.1018 -0.013523 -0.702003 12.24 
16.7464 2 1 1 0x0 -0.3816 -0.3546 -0.38 -0.35 0.0000 -0.0000 0.1000 0.1000 0.4896 -0.1018 -0.013523 -0.702089 12.23 
16.7564 2 1 1 0x0 -0.3774 -0.3503 -0.38 -0.35 0.0000 -0.0000 0.1000 0.1000 0.4896 -0.1018 -0.013523 -0.702146 12.24 
16.7664 2 1 1 0x0 -0.3731 -0.3461 -0.37 -0.35 0.0000 -0.0000 0.1000 0.1000 0.4896 -0.1018 -0.013523 -0.702172 12.23 
16.7764 2 1 1 0x0 -0.3689 -0.3418 -0.37 -0.34 0.0000 -0.0000 0.1000 0.1000 0.4896 -0.1018 -0.013523 -0.702356 12.24 
16.7864 2 1 1 0x0 -0.3646 -0.3376 -0.36 -0.34 0.0000 -0.0000 0.1000 0.1000 0.4896 -0.1018 -0.013523 -0.702626 12.24 
16.7964 2 1 1 0x0 -0.3604 -0.3333 -0.36 -0.33 0.0000 -0.0000 0.1000 0.1000 0.4896 -0.1018 -0.013523 -0.702723 12.24 
16.8064 2 1 1 0x0 -0.3561 -0.3291 -0.36 -0.33 0.0000 -0.0000 0.1000 0.1000 0.4896 -0.1018 -0.013523 -0.702745 12.24 
16.8164 2 1 1 0x0 -0.3519 -0.3248 -0.35 -0.32 0.0000 -0.0000 0.1000 0.1000 0.4896 -0.1018 -0.013523 -0.702858 12.24 
16.8264 2 1 1 0x0 -0.3476 -0.3206 -0.35 -0.32 0.0000 -0.0000 0.1000 0.1000 0.4896 -0.1018 -0.013523 -0.702998 12.24 
16.8364 2 1 1 0x0 -0.3434 -0.3163 -0.34 -0.32 0.0000 -0.0000 0.1000 0.1000 0.4896 -0.1018 -0.013523 -0.703099 12.24 
16.8464 2 1 1 0x0 -0.3391 -0.3121 -0.34 -0.31 0.0000 -0.0000 0.1000 0.1000 0.4896 -0.1018 -0.013523 -0.703202 12.24 
16.8564 2 1 1 0x0 -0.3349 -0.3078 -0.33 -0.31 0.0000 -0.0000 0.1000 0.1000 0.4896 -0.1018 -0.013523 -0.703326 12.24 
16.8664 2 1 1 0x0 -0.3306 -0.3036 -0.33 -0.30 0.0000 -0.0000 0.1000 0.1000 0.4896 -0.1018 -0.013523 -0.703443 12.24 
16.8764 2 1 1 0x0 -0.3264 -0.2993 -0.33 -0.30 0.0000 -0.0000 0.1000 0.1000 0.4896 -0.1018 -0.013523 -0.703511 12.24 
16.8863 2 1 1 0x0 -0.3221 -0.2951 -0.32 -0.30 0.0000 -0.0000 0.1000 0.1000 0.4896 -0.1018 -0.013523 -0.703581 12.24 
16.8963 2 1 1 0x0 -0.3179 -0.2908 -0.32 -0.29 0.0000 -0.0000 0.1000 0.1000 0.4896 -0.1018 -0.013523 -0.703649 12.23 
16.9063 2 1 1 0x0 -0.3136 -0.2866 -0.31 -0.29 0.0000 -0.0000 0.1000 0.1000 0.4896 -0.1018 -0.013523 -0.703669 12.24 
16.9163 2 1 1 0x0 -0.3094 -0.2823 -0.31 -0.28 0.0000 -0.0000 0.1000 0.1000 0.4896 -0.1018 -0.013523 -0.703740 12.24 
16.9263 2 1 1 0x0 -0.3051 -0.2781 -0.31 -0.28 0.0000 -0.0000 0.1000 0.1000 0.4896 -0.1018 -0.013523 -0.703916 12.23 
16.9363 2 1 1 0x0 -0.3009 -0.2738 -0.30 -0.27 0.0000 -0.0000 0.1000 0.1000 0.4896 -0.1018 -0.013523 -0.704394 12.24 
16.9463 2 1 1 0x0 -0.2966 -0.2696 -0.30 -0.27 0.0000 -0.0000 0.1000 0.1000 0.4896 -0.1018 -0.013523 -0.704398 12.23 
16.9563 2 1 1 0x0 -0.2924 -0.2653 -0.29 -0.27 0.0000 -0.0000 0.1000 0.1000 0.4896 -0.1018 -0.013523 -0.704285 12.23 
16.9663 2 1 1 0x0 -0.2881 -0.2611 -0.29 -0.26 0.0000 -0.0000 0.1000 0.1000 0.4896 -0.1018 -0.013523 -0.704419 12.23 
16.9763 2 1 1 0x0 -0.2839 -0.2568 -0.28 -0.26 0.0000 -0.0000 0.1000 0.1000 0.4896 -0.1018 -0.013523 -0.704715 12.24 
16.9863 2 1 1 0x0 -0.2796 -0.2526 -0.28 -0.25 0.0000 -0.0000 0.1000 0.1000 0.4896 -0.1018 -0.013523 -0.704880 12.25 
16.9963 2 1 1 0x0 -0.2754 -0.2483 -0.28 -0.25 0.0000 -0.0000 0.1000 0.1000 0.4896 -0.1018 -0.013523 -0.704748 12.23 
17.0063 2 1 1 0x0 -0.2711 -0.2441 -0.27 -0.24 0.0000 -0.0000 0.1000 0.1000 0.4896 -0.1018 -0.013523 -0.704912 12.24 
17.0163 2 1 1 0x0 -0.2669 -0.2398 -0.27 -0.24 0.0000 -0.0000 0.1000 0.1000 0.4896 -0.1018 -0.013523 -0.705251 12.23 
17.0263 2 1 1 0x0 -0.2626 -0.2356 -0.26 -0.24 0.0000 -0.0000 0.1000 0.1000 0.4896 -0.1018 -0.013523 -0.705237 12.23 
17.0363 2 1 1 0x0 -0.2584 -0.2313 -0.26 -0.23 0.0000 -0.0000 0.1000 0.1000 0.4896 -0.1018 -0.013523 -0.705100 12.24 
17.0463 2 1 1 0x0 -0.2541 -0.2271 -0.25 -0.23 0.0000 -0.0000 0.1000 0.1000 0.4896 -0.1018 -0.013523 -0.705152 12.23 
17.0563 2 1 1 0x0 -0.2499 -0.2228 -0.25 -0.22 0.0000 -0.0000 0.1000 0.1000 0.4896 -0.1018 -0.013523 -0.705359 12.24 
17.0662 2 1 1 0x0 -0.2456 -0.2186 -0.25 -0.22 0.0000 -0.0000 0.1000 0.1000 0.4896 -0.1018 -0.013523 -0.705551 12.24 
17.0762 2 1 1 0x0 -0.2414 -0.2143 -0.24 -0.21 0.0000 -0.0000 0.1000 0.1000 0.4896 -0.1018 -0.013523 -0.705391 12.24 
17.0862 2 1 1 0x0 -0.2371 -0.2101 -0.24 -0.21 0.0000 -0.0000 0.1000 0.1000 0.4896 -0.1018 -0.013523 -0.705579 12.24 
17.0962 2 1 1 0x0 -0.2329 -0.2058 -0.23 -0.21 0.0000 -0.0000 0.1000 0.1000 0.4896 -0.1018 -0.013523 -0.705670 12.24 
17.1062 2 1 1 0x0 -0.2286 -0.2016 -0.23 -0.20 0.0000 -0.0000 0.1000 0.1000 0.4896 -0.1018 -0.013523 -0.705828 12.24 
17.1162 2 1 1 0x0 -0.2244 -0.1973 -0.22 -0.20 0.0000 -0.0000 0.1000 0.1000 0.4896 -0.1018 -0.013523 -0.705976 12.24 
17.1262 2 1 1 0x0 -0.2201 -0.1931 -0.22 -0.19 0.0000 -0.0000 0.1000 0.1000 0.4896 -0.1018 -0.013523 -0.706185 12.24 
17.1362 2 1 1 0x0 -0.2159 -0.1888 -0.22 -0.19 0.0000 -0.0000 0.1000 0.1000 0.4896 -0.1018 -0.013523 -0.706437 12.24 
17.1462 2 1 1 0x0 -0.2116 -0.1846 -0.21 -0.18 0.0000 -0.0000 0.1000 0.1000 0.4896 -0.1018 -0.013523 -0.706707 12.24 
17.1562 2 1 1 0x0 -0.2074 -0.1803 -0.21 -0.18 0.0000 -0.0000 0.1000 0.1000 0.4896 -0.1018 -0.013523 -0.705972 12.23 
17.1662 2 1 1 0x0 -0.2031 -0.1761 -0.20 -0.18 0.0000 -0.0000 0.1000 0.1000 0.4896 -0.1018 -0.013523 -0.705804 12.23 
17.1762 2 1 1 0x0 -0.1989 -0.1718 -0.20 -0.17 0.0000 -0.0000 0.1000 0.1000 0.4896 -0.1018 -0.013523 -0.706744 12.24 
17.1862 2 1 1 0x0 -0.1946 -0.1676 -0.19 -0.17 0.0000 -0.0000 0.1000 0.1000 0.4896 -0.1018 -0.013523 -0.707693 12.23 
17.1962 2 1 1 0x0 -0.1904 -0.1633 -0.19 -0.16 0.0000 -0.0000 0.1000 0.1000 0.4896 -0.1018 -0.013523 -0.708076 12.24 
17.2062 2 1 1 0x0 -0.1861 -0.1591 -0.19 -0.16 0.0000 -0.0000 0.1000 0.1000 0.4896 -0.1018 -0.013523 -0.707824 12.24 
17.2162 2 1 1 0x0 -0.1819 -0.1548 -0.18 -0.15 0.0000 -0.0000 0.1000 0.1000 0.4896 -0.1018 -0.013523 -0.707665 12.24 
17.2262 2 1 1 0x0 -0.1776 -0.1506 -0.18 -0.15 0.0000 -0.0000 0.1000 0.1000 0.4896 -0.1018 -0.013523 -0.707838 12.24 
17.2362 2 1 1 0x0 -0.1734 -0.1463 -0.17 -0.15 0.0000 -0.0000 0.1000 0.1000 0.4896 -0.1018 -0.013523 -0.707978 12.23 
17.2462 2 1 1 0x0 -0.1691 -0.1421 -0.17 -0.14 0.0000 -0.0000 0.1000 0.1000 0.4896 -0.1018 -0.013523 -0.707909 12.24 
17.2561 2 1 1 0x0 -0.1649 -0.1378 -0.16 -0.14 0.0000 -0.0000 0.1000 0.1000 0.4896 -0.1018 -0.013523 -0.708045 12.24 
17.2661 2 1 1 0x0 -0.1606 -0.1336 -0.16 -0.13 0.0000 -0.0000 0.1000 0.1000 0.4896 -0.1018 -0.013523 -0.708166 12.24 
17.2761 2 1 1 0x0 -0.1564 -0.1293 -0.16 -0.13 0.0000 -0.0000 0.1000 0.1000 0.4896 -0.1018 -0.013523 -0.708293 12.24 
17.2861 2 1 1 0x0 -0.1521 -0.1251 -0.15 -0.13 0.0000 -0.0000 0.1000 0.1000 0.4896 -0.1018 -0.013523 -0.708228 12.24 
17.2961 2 1 1 0x0 -0.1479 -0.1208 -0.15 -0.12 0.0000 -0.0000 0.1000 0.1000 0.4896 -0.1018 -0.013523 -0.708092 12.23 
17.3061 2 1 1 0x0 -0.1436 -0.1166 -0.14 -0.12 0.0000 -0.0000 0.1000 0.1000 0.4896 -0.1018 -0.013523 -0.708009 12.23 
17.3161 2 1 1 0x0 -0.1394 -0.1123 -0.14 -0.11 0.0000 -0.0000 0.1000 0.1000 0.4896 -0.1018 -0.013523 -0.708271 12.24 
17.3261 2 1 1 0x0 -0.1351 -0.1081 -0.14 -0.11 0.0000 -0.0000 0.1000 0.1000 0.4896 -0.1018 -0.013523 -0.708694 12.24 
17.3361 2 1 1 0x0 -0.1309 -0.1038 -0.13 -0.10 0.0000 -0.0000 0.1000 0.1000 0.4896 -0.1018 -0.013523 -0.708760 12.23 
17.3461 2 1 1 0x0 -0.1266 -0.0996 -0.13 -0.10 0.0000 -0.0000 0.1000 0.1000 0.4896 -0.1018 -0.013523 -0.708991 12.24 
17.3561 2 1 1 0x0 -0.1224 -0.0953 -0.12 -0.10 0.0000 -0.0000 0.1000 0.1000 0.4896 -0.1018 -0.013523 -0.709372 12.25 
17.3661 2 1 1 0x0 -0.1181 -0.0911 -0.12 -0.09 0.0000 -0.0000 0.1000 0.1000 0.4896 -0.1018 -0.013523 -0.709421 12.24 
17.3761 2 1 1 0x0 -0.1139 -0.0868 -0.11 -0.09 0.0000 -0.0000 0.1000 0.1000 0.4896 -0.1018 -0.013523 -0.709415 12.24 
17.3861 2 1 1 0x0 -0.1096 -0.0826 -0.11 -0.08 0.0000 -0.0000 0.1000 0.1000 0.4896 -0.1018 -0.013523 -0.709685 12.24 
17.3961 2 1 1 0x0 -0.1054 -0.0783 -0.11 -0.08 0.0000 -0.0000 0.1000 0.1000 0.4896 -0.1018 -0.013523 -0.710106 12.25 
17.4061 2 1 1 0x0 -0.1011 -0.0741 -0.10 -0.07 0.0000 -0.0000 0.1000 0.1000 0.4896 -0.1018 -0.013523 -0.710496 12.24 
17.4161 2 1 1 0x0 -0.0969 -0.0698 -0.10 -0.07 0.0000 -0.0000 0.1000 0.1000 0.4896 -0.1018 -0.013523 -0.710602 12.24 
17.4261 2 1 1 0x0 -0.0926 -0.0656 -0.09 -0.07 0.0000 -0.0000 0.1000 0.1000 0.4896 -0.1018 -0.013523 -0.710688 12.24 
17.4360 2 1 1 0x0 -0.0884 -0.0613 -0.09 -0.06 0.0000 -0.0000 0.1000 0.1000 0.4896 -0.1018 -0.013523 -0.710924 12.24 
17.4460 2 1 1 0x0 -0.0841 -0.0571 -0.08 -0.06 0.0000 -0.0000 0.1000 0.1000 0.4896 -0.1018 -0.013523 -0.711159 12.24 
17.4560 2 1 1 0x0 -0.0799 -0.0528 -0.08 -0.05 0.0000 -0.0000 0.1000 0.1000 0.4896 -0.1018 -0.013523 -0.711249 12.24 
17.4660 2 1 1 0x0 -0.0756 -0.0486 -0.08 -0.05 0.0000 -0.0000 0.1000 0.1000 0.4896 -0.1018 -0.013523 -0.711489 12.24 
17.4760 2 1 1 0x0 -0.0714 -0.0443 -0.07 -0.04 0.0000 -0.0000 0.1000 0.1000 0.4896 -0.1018 -0.013523 -0.711602 12.24 
17.4860 2 1 1 0x0 -0.0671 -0.0401 -0.07 -0.04 0.0000 -0.0000 0.1000 0.1000 0.4896 -0.1018 -0.013523 -0.711313 12.24 
17.4960 2 1 1 0x0 -0.0629 -0.0358 -0.06 -0.04 0.0000 -0.0000 0.1000 0.1000 0.4896 -0.1018 -0.013523 -0.711540 12.24 
17.5060 2 1 1 0x0 -0.0586 -0.0316 -0.06 -0.03 0.0000 -0.0000 0.1000 0.1000 0.4896 -0.1018 -0.013523 -0.711660 12.23 
17.5160 2 1 1 0x0 -0.0544 -0.0273 -0.05 -0.03 0.0000 -0.0000 0.1000 0.1000 0.4896 -0.1018 -0.013523 -0.711436 12.24 
17.5260 2 1 1 0x0 -0.0501 -0.0231 -0.05 -0.02 0.0000 -0.0000 0.1000 0.1000 0.4896 -0.1018 -0.013523 -0.711376 12.25 
17.5360 2 1 1 0x0 -0.0459 -0.0188 -0.05 -0.02 0.0000 -0.0000 0.1000 0.1000 0.4896 -0.1018 -0.013523 -0.711411 12.25 
17.5460 2 1 1 0x0 -0.0416 -0.0146 -0.04 -0.01 0.0000 -0.0000 0.1000 0.1000 0.4896 -0.1018 -0.013523 -0.711349 12.24 
17.5560 2 1 1 0x0 -0.0374 -0.0103 -0.04 -0.01 0.0000 -0.0000 0.1000 0.1000 0.4896 -0.1018 -0.013523 -0.711375 12.25 
17.5660 2 1 1 0x0 -0.0331 -0.0061 -0.03 -0.01 0.0000 -0.0000 0.1000 0.1000 0.4896 -0.1018 -0.013523 -0.711426 12.24 
17.5760 2 1 1 0x0 -0.0289 -0.0018 -0.03 -0.00 0.0000 -0.0000 0.1000 0.1000 0.4896 -0.1018 -0.013523 -0.711605 12.24 
17.5860 2 1 1 0x0 -0.0246 0.0024 -0.02 0.00 0.0000 -0.0000 0.1000 0.1000 0.4896 -0.1018 -0.013523 -0.710589 12.24 
17.5960 2 1 1 0x0 -0.0094 0.0231 -0.01 0.02 0.0000 -0.0003 0.1000 0.1000 0.4894 -0.1017 -0.016227 -0.711619 12.24 
17.6060 2 1 1 0x0 -0.0063 0.0261 -0.01 0.03 0.0000 -0.0003 0.1000 0.1000 0.4894 -0.1017 -0.016227 -0.712775 12.25 
17.6159 2 1 1 0x0 -0.0031 0.0294 -0.00 0.03 0.0000 -0.0003 0.1000 0.1000 0.4894 -0.1017 -0.016227 -0.712040 12.25 
17.6259 2 1 1 0x0 0.0004 0.0329 0.00 0.03 0.0000 -0.0003 0.1000 0.1000 0.4894 -0.1017 -0.016227 -0.711980 12.24 
17.6359 2 1 1 0x0 0.0041 0.0365 0.00 0.04 0.0000 -0.0003 0.1000 0.1000 0.4894 -0.1017 -0.016227 -0.712951 12.25 
17.6459 2 1 1 0x0 0.0078 0.0403 0.01 0.04 0.0000 -0.0003 0.1000 0.1000 0.4894 -0.1017 -0.016227 -0.712920 12.24 
17.6559 2 1 1 0x0 0.0117 0.0442 0.01 0.04 0.0000 -0.0003 0.1000 0.1000 0.4894 -0.1017 -0.016227 -0.712393 12.25 
17.6659 2 1 1 0x0 0.0157 0.0482 0.02 0.05 0.0000 -0.0003 0.1000 0.1000 0.4894 -0.1017 -0.016227 -0.712398 12.24 
17.6759 2 1 1 0x0 0.0197 0.0522 0.02 0.05 0.0000 -0.0003 0.1000 0.1000 0.4894 -0.1017 -0.016227 -0.712712 12.24 
17.6859 2 1 1 0x0 0.0239 0.0563 0.02 0.06 0.0000 -0.0003 0.1000 0.1000 0.4894 -0.1017 -0.016227 -0.712824 12.25 
17.6959 2 1 1 0x0 0.0280 0.0605 0.03 0.06 0.0000 -0.0003 0.1000 0.1000 0.4894 -0.1017 -0.016227 -0.712797 12.25 
17.7059 2 1 1 0x0 0.0322 0.0647 0.03 0.06 0.0000 -0.0003 0.1000 0.1000 0.4894 -0.1017 -0.016227 -0.712625 12.24 
17.7159 2 1 1 0x0 0.0365 0.0689 0.04 0.07 0.0000 -0.0003 0.1000 0.1000 0.4894 -0.1017 -0.016227 -0.712709 12.24 
17.7259 2 1 1 0x0 0.0407 0.0732 0.04 0.07 0.0000 -0.0003 0.1000 0.1000 0.4894 -0.1017 -0.016227 -0.712836 12.25 
17.7359 2 1 1 0x0 0.0450 0.0775 0.05 0.08 0.0000 -0.0003 0.1000 0.1000 0.4894 -0.1017 -0.016227 -0.713320 12.26 
17.7459 2 1 1 0x0 0.0493 0.0818 0.05 0.08 0.0000 -0.0003 0.1000 0.1000 0.4894 -0.1017 -0.016227 -0.713664 12.24 
17.7559 2 1 1 0x0 0.0536 0.0861 0.05 0.09 0.0000 -0.0003 0.1000 0.1000 0.4894 -0.1017 -0.016227 -0.713477 12.24 
17.7659 2 1 1 0x0 0.0580 0.0905 0.06 0.09 0.0000 -0.0003 0.1000 0.1000 0.4894 -0.1017 -0.016227 -0.712890 12.24 
17.7759 2 1 1 0x0 0.0508 0.0778 0.05 0.08 0.0000 0.0022 0.1000 0.0936 0.4896 -0.1018 -0.013523 -0.712576 12.25 
17.7859 2 1 1 0x0 0.0564 0.0835 0.06 0.08 0.0000 0.0022 0.1000 0.1000 0.4896 -0.1018 -0.013523 -0.711997 12.24 
17.7958 2 1 1 0x0 0.0618 0.0889 0.06 0.09 0.0000 0.0022 0.1000 0.1000 0.4896 -0.1018 -0.013523 -0.710805 12.25 
17.8058 2 1 1 0x0 0.0670 0.0941 0.07 0.09 0.0000 0.0022 0.1000 0.1000 0.4896 -0.1018 -0.013523 -0.709472 12.24 
17.8158 2 1 1 0x0 0.0721 0.0991 0.07 0.10 0.0000 0.0022 0.1000 0.1000 0.4896 -0.1018 -0.013523 -0.709137 12.24 
17.8258 2 1 1 0x0 0.0770 0.1040 0.08 0.10 0.0000 0.0022 0.1000 0.1000 0.4896 -0.1018 -0.013523 -0.710111 12.25 
17.8358 2 1 1 0x0 0.0817 0.1088 0.08 0.11 0.0000 0.0022 0.1000 0.1000 0.4896 -0.1018 -0.013523 -0.710658 12.24 
17.8458 2 1 1 0x0 0.0864 0.1135 0.09 0.11 0.0000 0.0022 0.1000 0.1000 0.4896 -0.1018 -0.013523 -0.710742 12.25 
17.8558 2 1 1 0x0 0.0910 0.1181 0.09 0.12 0.0000 0.0022 0.1000 0.1000 0.4896 -0.1018 -0.013523 -0.710649 12.24 
17.8658 2 1 1 0x0 0.0956 0.1226 0.10 0.12 0.0000 0.0022 0.1000 0.1000 0.4896 -0.1018 -0.013523 -0.710584 12.25 
17.8758 2 1 1 0x0 0.1000 0.1271 0.10 0.13 0.0000 0.0022 0.1000 0.1000 0.4896 -0.1018 -0.013523 -0.710564 12.24 
17.8858 2 1 1 0x0 0.1045 0.1315 0.10 0.13 0.0000 0.0022 0.1000 0.1000 0.4896 -0.1018 -0.013523 -0.710637 12.24 
17.8958 2 1 1 0x0 0.1089 0.1359 0.11 0.14 0.0000 0.0022 0.1000 0.1000 0.4896 -0.1018 -0.013523 -0.710621 12.24 
17.9058 2 1 1 0x0 0.1133 0.1403 0.11 0.14 0.0000 0.0022 0.1000 0.1000 0.4896 -0.1018 -0.013523 -0.710584 12.24 
17.9158 2 1 1 0x0 0.1176 0.1447 0.12 0.14 0.0000 0.0022 0.1000 0.1000 0.4896 -0.1018 -0.013523 -0.710539 12.24 
17.9258 2 1 1 0x0 0.1220 0.1490 0.12 0.15 0.0000 0.0022 0.1000 0.1000 0.4896 -0.1018 -0.013523 -0.710553 12.25 
17.9358 2 1 1 0x0 0.1263 0.1533 0.13 0.15 0.0000 0.0022 0.1000 0.1000 0.4896 -0.1018 -0.013523 -0.710607 12.24 
17.9458 2 1 1 0x0 0.1306 0.1576 0.13 0.16 0.0000 0.0022 0.1000 0.1000 0.4896 -0.1018 -0.013523 -0.710585 12.24 
17.9558 2 1 1 0x0 0.1349 0.1619 0.13 0.16 0.0000 0.0022 0.1000 0.1000 0.4896 -0.1018 -0.013523 -0.710447 12.25 
17.9658 2 1 1 0x0 0.1392 0.1662 0.14 0.17 0.0000 0.0021 0.1000 0.1000 0.4896 -0.1018 -0.013523 -0.710276 12.24 
17.9757 2 1 1 0x0 0.1434 0.1705 0.14 0.17 0.0000 0.0000 0.1000 0.1000 0.4896 -0.1018 -0.013523 -0.710087 12.25 
17.9857 2 1 1 0x0 0.1477 0.1748 0.15 0.17 0.0000 0.0000 0.1000 0.1000 0.4896 -0.1018 -0.013523 -0.709937 12.25 
17.9957 2 1 1 0x0 0.1520 0.1790 0.15 0.18 0.0000 0.0000 0.1000 0.1000 0.4896 -0.1018 -0.013523 -0.709936 12.24 
18.0057 2 1 1 0x0 0.1562 0.1833 0.16 0.18 0.0000 0.0000 0.1000 0.1000 0.4896 -0.1018 -0.013523 -0.710036 12.24 
18.0157 2 1 1 0x0 0.1605 0.1875 0.16 0.19 0.0000 0.0000 0.1000 0.1000 0.4896 -0.1018 -0.013523 -0.710015 12.25 
18.0257 2 1 1 0x0 0.1647 0.1918 0.16 0.19 0.0000 0.0000 0.1000 0.1000 0.4896 -0.1018 -0.013523 -0.709911 12.24 
18.0357 2 1 1 0x0 0.1690 0.1960 0.17 0.20 0.0000 0.0000 0.1000 0.1000 0.4896 -0.1018 -0.013523 -0.709820 12.24 
18.0457 2 1 1 0x0 0.1732 0.2002 0.17 0.20 0.0000 0.0000 0.1000 0.1000 0.4896 -0.1018 -0.013523 -0.709781 12.24 
18.0557 2 1 1 0x0 0.1774 0.2045 0.18 0.20 0.0000 0.0000 0.1000 0.1000 0.4896 -0.1018 -0.013523 -0.709782 12.24 
18.0657 2 1 1 0x0 0.1817 0.2087 0.18 0.21 0.0000 0.0000 0.1000 0.1000 0.4896 -0.1018 -0.013523 -0.709875 12.24 
18.0757 2 1 1 0x0 0.1859 0.2130 0.19 0.21 0.0000 0.0000 0.1000 0.1000 0.4896 -0.1018 -0.013523 -0.709953 12.24 
18.0857 2 1 1 0x0 0.1902 0.2172 0.19 0.22 0.0000 0.0000 0.1000 0.1000 0.4896 -0.1018 -0.013523 -0.709936 12.24 
18.0957 2 1 1 0x0 0.1944 0.2215 0.19 0.22 0.0000 0.0000 0.1000 0.1000 0.4896 -0.1018 -0.013523 -0.709875 12.25 
18.1057 2 1 1 0x0 0.1986 0.2257 0.20 0.23 0.0000 0.0000 0.1000 0.1000 0.4896 -0.1018 -0.013523 -0.709859 12.24 
18.1157 2 1 1 0x0 0.2029 0.2299 0.20 0.23 0.0000 0.0000 0.1000 0.1000 0.4896 -0.1018 -0.013523 -0.709899 12.24 
18.1257 2 1 1 0x0 0.2071 0.2342 0.21 0.23 0.0000 0.0000 0.1000 0.1000 0.4896 -0.1018 -0.013523 -0.709923 12.24 
18.1357 2 1 1 0x0 0.2114 0.2384 0.21 0.24 0.0000 0.0000 0.1000 0.1000 0.4896 -0.1018 -0.013523 -0.709896 12.24 
18.1457 2 1 1 0x0 0.2156 0.2427 0.22 0.24 0.0000 0.0000 0.1000 0.1000 0.4896 -0.1018 -0.013523 -0.709866 12.25 
18.1557 2 1 1 0x0 0.2199 0.2469 0.22 0.25 0.0000 0.0000 0.1000 0.1000 0.4896 -0.1018 -0.013523 -0.709861 12.24 
18.1656 2 1 1 0x0 0.2241 0.2511 0.22 0.25 0.0000 0.0000 0.1000 0.1000 0.4896 -0.1018 -0.013523 -0.709908 12.24 
18.1756 2 1 1 0x0 0.2283 0.2554 0.23 0.26 0.0000 0.0000 0.1000 0.1000 0.4896 -0.1018 -0.013523 -0.709905 12.24 
18.1856 2 1 1 0x0 0.2326 0.2596 0.23 0.26 0.0000 0.0000 0.1000 0.1000 0.4896 -0.1018 -0.013523 -0.709912 12.25 
18.1956 2 1 1 0x0 0.2368 0.2639 0.24 0.26 0.0000 0.0000 0.1000 0.1000 0.4896 -0.1018 -0.013523 -0.709880 12.24 
18.2056 2 1 1 0x0 0.2411 0.2681 0.24 0.27 0.0000 0.0000 0.1000 0.1000 0.4896 -0.1018 -0.013523 -0.709895 12.25 
18.2156 2 1 1 0x0 0.2453 0.2723 0.25 0.27 0.0000 0.0000 0.1000 0.1000 0.4896 -0.1018 -0.013523 -0.709910 12.24 
18.2256 2 1 1 0x0 0.2495 0.2766 0.25 0.28 0.0000 0.0000 0.1000 0.1000 0.4896 -0.1018 -0.013523 -0.709908 12.25 
18.2356 2 1 1 0x0 0.2538 0.2808 0.25 0.28 0.0000 0.0000 0.1000 0.1000 0.4896 -0.1018 -0.013523 -0.709932 12.24 
18.2456 2 1 1 0x0 0.2580 0.2851 0.26 0.29 0.0000 0.0000 0.1000 0.1000 0.4896 -0.1018 -0.013523 -0.709949 12.24 
18.2556 2 1 1 0x0 0.2623 0.2893 0.26 0.29 0.0000 0.0000 0.1000 0.1000 0.4896 -0.1018 -0.013523 -0.709946 12.25 
18.2656 2 1 1 0x0 0.2665 0.2936 0.27 0.29 0.0000 0.0000 0.1000 0.1000 0.4896 -0.1018 -0.013523 -0.709951 12.24 
18.2756 2 1 1 0x0 0.2707 0.2978 0.27 0.30 0.0000 0.0000 0.1000 0.1000 0.4896 -0.1018 -0.013523 -0.709942 12.24 
18.2856 2 1 1 0x0 0.2750 0.3020 0.27 0.30 0.0000 0.0000 0.1000 0.1000 0.4896 -0.1018 -0.013523 -0.709943 12.25 
18.2956 2 1 1 0x0 0.2792 0.3063 0.28 0.31 0.0000 0.0000 0.1000 0.1000 0.4896 -0.1018 -0.013523 -0.709943 12.24 
18.3056 2 1 1 0x0 0.2835 0.3105 0.28 0.31 0.0000 0.0000 0.1000 0.1000 0.4896 -0.1018 -0.013523 -0.709944 12.25 
18.3156 2 1 1 0x0 0.2877 0.3148 0.29 0.31 0.0000 0.0000 0.1000 0.1000 0.4896 -0.1018 -0.013523 -0.709928 12.25 
18.3256 2 1 1 0x0 0.2920 0.3190 0.29 0.32 0.0000 0.0000 0.1000 0.1000 0.4896 -0.1018 -0.013523 -0.709916 12.24 
18.3356 2 1 1 0x0 0.2962 0.3232 0.30 0.32 0.0000 0.0000 0.1000 0.1000 0.4896 -0.1018 -0.013523 -0.709913 12.25 
18.3455 2 1 1 0x0 0.3004 0.3275 0.30 0.33 0.0000 0.0000 0.1000 0.1000 0.4896 -0.1018 -0.013523 -0.709881 12.24 
18.3555 2 1 1 0x0 0.3047 0.3317 0.30 0.33 0.0000 0.0000 0.1000 0.1000 0.4896 -0.1018 -0.013523 -0.709849 12.25 
18.3655 2 1 1 0x0 0.3089 0.3360 0.31 0.34 0.0000 0.0000 0.1000 0.1000 0.4896 -0.1018 -0.013523 -0.709841 12.24 
18.3755 2 1 1 0x0 0.3132 0.3402 0.31 0.34 0.0000 0.0000 0.1000 0.1000 0.4896 -0.1018 -0.013523 -0.709827 12.24 
18.3855 2 1 1 0x0 0.3174 0.3444 0.32 0.34 0.0000 0.0000 0.1000 0.1000 0.4896 -0.1018 -0.013523 -0.709840 12.24 
18.3955 2 1 1 0x0 0.3216 0.3487 0.32 0.35 0.0000 0.0000 0.1000 0.1000 0.4896 -0.1018 -0.013523 -0.709814 12.25 
18.4055 2 1 1 0x0 0.3259 0.3529 0.33 0.35 0.0000 0.0000 0.1000 0.1000 0.4896 -0.1018 -0.013523 -0.709793 12.24 
18.4155 2 1 1 0x0 0.3301 0.3572 0.33 0.36 0.0000 0.0000 0.1000 0.1000 0.4896 -0.1018 -0.013523 -0.709819 12.24 
18.4255 2 1 1 0x0 0.3344 0.3614 0.33 0.36 0.0000 0.0000 0.1000 0.1000 0.4896 -0.1018 -0.013523 -0.709828 12.24 
18.4355 2 1 1 0x0 0.3386 0.3657 0.34 0.37 0.0000 0.0000 0.1000 0.1000 0.4896 -0.1018 -0.013523 -0.709843 12.25 
18.4455 2 1 1 0x0 0.3428 0.3699 0.34 0.37 0.0000 0.0000 0.1000 0.1000 0.4896 -0.1018 -0.013523 -0.709864 12.24 
18.4555 2 1 1 0x0 0.3471 0.3741 0.35 0.37 0.0000 0.0000 0.1000 0.1000 0.4896 -0.1018 -0.013523 -0.709891 12.24 
18.4655 2 1 1 0x0 0.3513 0.3784 0.35 0.38 0.0000 0.0000 0.1000 0.1000 0.4896 -0.1018 -0.013523 -0.709907 12.24 
18.4755 2 1 1 0x0 0.3556 0.3826 0.36 0.38 0.0000 0.0000 0.1000 0.1000 0.4896 -0.1018 -0.013523 -0.709931 12.24 
18.4855 2 1 1 0x0 0.3598 0.3869 0.36 0.39 0.0000 0.0000 0.1000 0.1000 0.4896 -0.1018 -0.013523 -0.709951 12.25 
18.4955 2 1 1 0x0 0.3641 0.3911 0.36 0.39 0.0000 0.0000 0.1000 0.1000 0.4896 -0.1018 -0.013523 -0.709957 12.24 
18.5055 2 1 1 0x0 0.3683 0.3953 0.37 0.40 0.0000 0.0000 0.1000 0.1000 0.4896 -0.1018 -0.013523 -0.709943 12.25 
18.5155 2 1 1 0x0 0.3725 0.3996 0.37 0.40 0.0000 0.0000 0.1000 0.1000 0.4896 -0.1018 -0.013523 -0.709946 12.25 
18.5254 2 1 1 0x0 0.3768 0.4038 0.38 0.40 0.0000 0.0000 0.1000 0.1000 0.4896 -0.1018 -0.013523 -0.709936 12.24 
18.5354 2 1 1 0x0 0.3810 0.4081 0.38 0.41 0.0000 0.0000 0.1000 0.1000 0.4896 -0.1018 -0.013523 -0.709937 12.24 
18.5454 2 1 1 0x0 0.3853 0.4123 0.39 0.41 0.0000 0.0000 0.1000 0.1000 0.4896 -0.1018 -0.013523 -0.709947 12.25 
18.5554 2 1 1 0x0 0.3895 0.4165 0.39 0.42 0.0000 0.0000 0.1000 0.1000 0.4896 -0.1018 -0.013523 -0.709939 12.25 
18.5654 2 1 1 0x0 0.3937 0.4208 0.39 0.42 0.0000 0.0000 0.1000 0.1000 0.4896 -0.1018 -0.013523 -0.709927 12.24 
18.5754 2 1 1 0x0 0.3980 0.4250 0.40 0.43 0.0000 0.0000 0.1000 0.1000 0.4896 -0.1018 -0.013523 -0.709920 12.25 
18.5854 2 1 1 0x0 0.4022 0.4293 0.40 0.43 0.0000 0.0000 0.1000 0.1000 0.4896 -0.1018 -0.013523 -0.709919 12.26 
18.5954 2 1 1 0x0 0.4065 0.4335 0.41 0.43 0.0000 0.0000 0.1000 0.1000 0.4896 -0.1018 -0.013523 -0.709921 12.25 
18.6054 2 1 1 0x0 0.4107 0.4377 0.41 0.44 0.0000 0.0000 0.1000 0.1000 0.4896 -0.1018 -0.013523 -0.709926 12.24 
18.6154 2 1 1 0x0 0.4149 0.4420 0.41 0.44 0.0000 0.0000 0.1000 0.1000 0.4896 -0.1018 -0.013523 -0.709918 12.25 
18.6254 2 1 1 0x0 0.4192 0.4462 0.42 0.45 0.0000 0.0000 0.1000 0.1000 0.4896 -0.1018 -0.013523 -0.709920 12.24 
18.6354 2 1 1 0x0 0.4234 0.4505 0.42 0.45 0.0000 0.0000 0.1000 0.1000 0.4896 -0.1018 -0.013523 -0.709929 12.24 
18.6454 2 1 1 0x0 0.4277 0.4547 0.43 0.45 0.0000 0.0000 0.1000 0.1000 0.4896 -0.1018 -0.013523 -0.709939 12.25 
18.6554 2 1 1 0x0 0.4319 0.4590 0.43 0.46 0.0000 0.0000 0.1000 0.1000 0.4896 -0.1018 -0.013523 -0.709960 12.24 
18.6654 2 1 1 0x0 0.4361 0.4632 0.44 0.46 0.0000 0.0000 0.1000 0.1000 0.4896 -0.1018 -0.013523 -0.710003 12.25 
18.6754 2 1 1 0x0 0.4404 0.4674 0.44 0.47 0.0000 0.0000 0.1000 0.1000 0.4896 -0.1018 -0.013523 -0.710007 12.25 
18.6854 2 1 1 0x0 0.4446 0.4717 0.44 0.47 0.0000 0.0000 0.1000 0.1000 0.4896 -0.1018 -0.013523 -0.710001 12.25 
18.6954 2 1 1 0x0 0.4489 0.4759 0.45 0.48 0.0000 0.0000 0.1000 0.1000 0.4896 -0.1018 -0.013523 -0.709996 12.24 
18.7053 2 1 1 0x0 0.4531 0.4802 0.45 0.48 0.0000 0.0000 0.1000 0.1000 0.4896 -0.1018 -0.013523 -0.710008 12.24 
18.7153 2 1 1 0x0 0.4574 0.4844 0.46 0.48 0.0000 0.0000 0.1000 0.1000 0.4896 -0.1018 -0.013523 -0.710049 12.24 
18.7253 2 1 1 0x0 0.4616 0.4886 0.46 0.49 0.0000 0.0000 0.1000 0.1000 0.4896 -0.1018 -0.013523 -0.710049 12.25 
18.7353 2 1 1 0x0 0.4658 0.4929 0.47 0.49 0.0000 0.0000 0.1000 0.1000 0.4896 -0.1018 -0.013523 -0.710060 12.24 
18.7453 2 1 1 0x0 0.4701 0.4971 0.47 0.50 0.0000 0.0000 0.1000 0.1000 0.4896 -0.1018 -0.013523 -0.710044 12.24 
18.7553 2 1 1 0x0 0.4743 0.5014 0.47 0.50 0.0000 0.0000 0.1000 0.1000 0.4896 -0.1018 -0.013523 -0.710042 12.25 
18.7653 2 1 1 0x0 0.4786 0.5056 0.48 0.51 0.0000 0.0000 0.1000 0.1000 0.4896 -0.1018 -0.013523 -0.710045 12.24 
18.7753 2 1 1 0x0 0.4828 0.5098 0.48 0.51 0.0000 0.0000 0.1000 0.1000 0.4896 -0.1018 -0.013523 -0.710058 12.24 
18.7853 2 1 1 0x0 0.4870 0.5141 0.49 0.51 0.0000 0.0000 0.1000 0.1000 0.4896 -0.1018 -0.013523 -0.710087 12.24 
18.7953 2 1 1 0x0 0.4913 0.5183 0.49 0.52 0.0000 0.0000 0.1000 0.1000 0.4896 -0.1018 -0.013523 -0.710110 12.24 
18.8053 2 1 1 0x0 0.4955 0.5226 0.50 0.52 0.0000 0.0000 0.1000 0.1000 0.4896 -0.1018 -0.013523 -0.710151 12.25 
18.8153 2 1 1 0x0 0.4998 0.5268 0.50 0.53 0.0000 0.0000 0.0000 0.1000 0.4896 -0.1018 -0.013523 -0.710172 12.26 
18.8253 2 1 1 0x0 0.5040 0.5310 0.50 0.53 0.0000 0.0000 0.0000 0.1000 0.4896 -0.1018 -0.013523 -0.710216 12.25 
18.8353 2 1 1 0x0 0.5082 0.5353 0.51 0.54 0.0000 0.0000 0.0000 0.1000 0.4896 -0.1018 -0.013523 -0.710231 12.25 
18.8453 2 1 1 0x0 0.5125 0.5395 0.51 0.54 0.0000 0.0000 0.0000 0.1000 0.4896 -0.1018 -0.013523 -0.710250 12.25 
18.8553 2 1 1 0x0 0.5167 0.5438 0.52 0.54 0.0000 0.0000 0.0000 0.1000 0.4896 -0.1018 -0.013523 -0.710243 12.25 
18.8653 2 1 1 0x0 0.5210 0.5480 0.52 0.55 0.0000 0.0000 0.0000 0.1000 0.4896 -0.1018 -0.013523 -0.710227 12.25 
18.8753 2 1 1 0x0 0.5252 0.5523 0.53 0.55 0.0000 0.0000 0.0000 0.1000 0.4896 -0.1018 -0.013523 -0.710227 12.25 
18.8853 2 1 1 0x0 0.5294 0.5565 0.53 0.56 0.0000 0.0000 0.0000 0.1000 0.4896 -0.1018 -0.013523 -0.710244 12.25 
18.8952 2 1 1 0x0 0.5337 0.5607 0.53 0.56 0.0000 0.0000 0.0000 0.1000 0.4896 -0.1018 -0.013523 -0.710243 12.24 
18.9052 2 1 1 0x0 0.5379 0.5650 0.54 0.56 0.0000 0.0000 0.0000 0.1000 0.4896 -0.1018 -0.013523 -0.710234 12.25 
18.9152 2 1 1 0x0 0.5422 0.5692 0.54 0.57 0.0000 0.0000 0.0000 0.1000 0.4896 -0.1018 -0.013523 -0.710230 12.25 
18.9252 2 1 1 0x0 0.5464 0.5735 0.55 0.57 0.0000 0.0000 0.0000 0.1000 0.4896 -0.1018 -0.013523 -0.710239 12.24 
18.9352 2 1 1 0x0 0.5507 0.5777 0.55 0.58 0.0000 0.0000 0.0000 0.1000 0.4896 -0.1018 -0.013523 -0.710234 12.25 
18.9452 2 1 1 0x0 0.5549 0.5819 0.55 0.58 0.0000 0.0000 0.0000 0.1000 0.4896 -0.1018 -0.013523 -0.710240 12.25 
18.9552 2 1 1 0x0 0.5591 0.5862 0.56 0.59 0.0000 0.0000 0.0000 0.1000 0.4896 -0.1018 -0.013523 -0.710250 12.25 
18.9652 2 1 1 0x0 0.5634 0.5904 0.56 0.59 0.0000 0.0000 0.0000 0.1000 0.4896 -0.1018 -0.013523 -0.710260 12.25 
18.9752 2 1 1 0x0 0.5676 0.5947 0.57 0.59 0.0000 0.0000 0.0000 0.1000 0.4896 -0.1018 -0.013523 -0.710278 12.25 
18.9852 2 1 1 0x0 0.5719 0.5989 0.57 0.60 0.0000 0.0000 0.0000 0.1000 0.4896 -0.1018 -0.013523 -0.710270 12.26 
18.9952 2 1 1 0x0 0.5761 0.6031 0.58 0.60 0.0000 0.0000 0.0000 0.1000 0.4896 -0.1018 -0.013523 -0.710250 12.24 
19.0052 2 1 1 0x0 0.5803 0.6074 0.58 0.61 0.0000 0.0000 0.0000 0.1000 0.4896 -0.1018 -0.013523 -0.710254 12.24 
19.0152 2 1 1 0x0 0.5846 0.6116 0.58 0.61 0.0000 0.0000 0.0000 0.1000 0.4896 -0.1018 -0.013523 -0.710303 12.25 
19.0252 2 1 1 0x0 0.5888 0.6159 0.59 0.62 0.0000 0.0000 0.0000 0.1000 0.4896 -0.1018 -0.013523 -0.710309 12.25 
19.0352 2 1 1 0x0 0.5931 0.6201 0.59 0.62 0.0000 0.0000 0.0000 0.1000 0.4896 -0.1018 -0.013523 -0.710315 12.25 
19.0452 2 1 1 0x0 0.5973 0.6243 0.60 0.62 0.0000 0.0000 0.0000 0.1000 0.4896 -0.1018 -0.013523 -0.710304 12.25 
19.0552 2 1 1 0x0 0.6015 0.6286 0.60 0.63 0.0000 0.0000 0.0000 0.1000 0.4896 -0.1018 -0.013523 -0.710314 12.25 
19.0652 2 1 1 0x0 0.6058 0.6328 0.61 0.63 0.0000 0.0000 0.0000 0.1000 0.4896 -0.1018 -0.013523 -0.710311 12.24 
19.0751 2 1 1 0x0 0.6100 0.6371 0.61 0.64 0.0000 0.0000 0.0000 0.1000 0.4896 -0.1018 -0.013523 -0.710302 12.25 
19.0851 2 1 1 0x0 0.6143 0.6413 0.61 0.64 0.0000 0.0000 0.0000 0.1000 0.4896 -0.1018 -0.013523 -0.710289 12.25 
19.0951 2 1 1 0x0 0.6185 0.6456 0.62 0.65 0.0000 0.0000 0.0000 0.1000 0.4896 -0.1018 -0.013523 -0.710304 12.25 
19.1051 2 1 1 0x0 0.6227 0.6498 0.62 0.65 0.0000 0.0000 0.0000 0.1000 0.4896 -0.1018 -0.013523 -0.710289 12.25 
19.1151 2 1 1 0x0 0.6270 0.6540 0.63 0.65 0.0000 0.0000 0.0000 0.1000 0.4896 -0.1018 -0.013523 -0.710265 12.25 
19.1251 2 1 1 0x0 0.6312 0.6583 0.63 0.66 0.0000 0.0000 0.0000 0.1000 0.4896 -0.1018 -0.013523 -0.710278 12.24 
19.1351 2 1 1 0x0 0.6355 0.6625 0.64 0.66 0.0000 0.0000 0.0000 0.1000 0.4896 -0.1018 -0.013523 -0.710304 12.26 
19.1451 2 1 1 0x0 0.6397 0.6668 0.64 0.67 0.0000 0.0000 0.0000 0.1000 0.4896 -0.1018 -0.013523 -0.710299 12.25 
19.1551 2 1 1 0x0 0.6440 0.6710 0.64 0.67 0.0000 0.0000 0.0000 0.1000 0.4896 -0.1018 -0.013523 -0.710307 12.25 
19.1651 2 1 1 0x0 0.6482 0.6752 0.65 0.68 0.0000 0.0000 0.0000 0.1000 0.4896 -0.1018 -0.013523 -0.710325 12.25 
19.1751 2 1 1 0x0 0.6524 0.6795 0.65 0.68 0.0000 0.0000 0.0000 0.1000 0.4896 -0.1018 -0.013523 -0.710329 12.25 
19.1851 2 1 1 0x0 0.6567 0.6837 0.66 0.68 0.0000 0.0000 0.0000 0.1000 0.4896 -0.1018 -0.013523 -0.710357 12.25 
19.1951 2 1 1 0x0 0.6609 0.6880 0.66 0.69 0.0000 0.0000 0.0000 0.1000 0.4896 -0.1018 -0.013523 -0.710395 12.25 
19.2051 2 1 1 0x0 0.6652 0.6922 0.67 0.69 0.0000 0.0000 0.0000 0.1000 0.4896 -0.1018 -0.013523 -0.710387 12.25 
19.2151 2 1 1 0x0 0.6694 0.6964 0.67 0.70 0.0000 0.0000 0.0000 0.1000 0.4896 -0.1018 -0.013523 -0.710394 12.25 
19.2251 2 1 1 0x0 0.6736 0.7007 0.67 0.70 0.0000 0.0000 0.0000 0.1000 0.4896 -0.1018 -0.013523 -0.710410 12.25 
19.2351 2 1 1 0x0 0.6779 0.7049 0.68 0.70 0.0000 0.0000 0.0000 0.1000 0.4896 -0.1018 -0.013523 -0.710410 12.25 
19.2451 2 1 1 0x0 0.6821 0.7092 0.68 0.71 0.0000 0.0000 0.0000 0.1000 0.4896 -0.1018 -0.013523 -0.710416 12.25 
19.2550 2 1 1 0x0 0.6864 0.7134 0.69 0.71 0.0000 0.0000 0.0000 0.1000 0.4896 -0.1018 -0.013523 -0.710436 12.25 
19.2650 2 1 1 0x0 0.6906 0.7177 0.69 0.72 0.0000 0.0000 0.0000 0.1000 0.4896 -0.1018 -0.013523 -0.710444 12.25 
19.2750 2 1 1 0x0 0.6949 0.7219 0.69 0.72 0.0000 0.0000 0.0000 0.1000 0.4896 -0.1018 -0.013523 -0.710441 12.24 
19.2850 2 1 1 0x0 0.6991 0.7261 0.70 0.73 0.0000 0.0000 0.0000 0.1000 0.4896 -0.1018 -0.013523 -0.710430 12.25 
19.2950 2 1 1 0x0 0.7033 0.7304 0.70 0.73 0.0000 0.0000 0.0000 0.1000 0.4896 -0.1018 -0.013523 -0.710415 12.25 
19.3050 2 1 1 0x0 0.7076 0.7346 0.71 0.73 0.0000 0.0000 0.0000 0.1000 0.4896 -0.1018 -0.013523 -0.710414 12.25 
19.3150 2 1 1 0x0 0.7118 0.7389 0.71 0.74 0.0000 0.0000 0.0000 0.1000 0.4896 -0.1018 -0.013523 -0.710426 12.25 
19.3250 2 1 1 0x0 0.7161 0.7431 0.72 0.74 0.0000 0.0000 0.0000 0.1000 0.4896 -0.1018 -0.013523 -0.710442 12.25 
19.3350 2 1 1 0x0 0.7203 0.7473 0.72 0.75 0.0000 0.0000 0.0000 0.1000 0.4896 -0.1018 -0.013523 -0.710463 12.25 
19.3450 2 1 1 0x0 0.7245 0.7516 0.72 0.75 0.0000 0.0000 0.0000 0.1000 0.4896 -0.1018 -0.013523 -0.710508 12.25 
19.3550 2 1 1 0x0 0.7288 0.7558 0.73 0.76 0.0000 0.0000 0.0000 0.1000 0.4896 -0.1018 -0.013523 -0.710530 12.25 
19.3650 2 1 1 0x0 0.7330 0.7601 0.73 0.76 0.0000 0.0000 0.0000 0.1000 0.4896 -0.1018 -0.013523 -0.710534 12.25 
19.3750 2 1 1 0x0 0.7373 0.7643 0.74 0.76 0.0000 0.0000 0.0000 0.1000 0.4896 -0.1018 -0.013523 -0.710570 12.25 
19.3850 2 1 1 0x0 0.7415 0.7686 0.74 0.77 0.0000 0.0000 0.0000 0.1000 0.4896 -0.1018 -0.013523 -0.710559 12.25 
19.3950 2 1 1 0x0 0.7458 0.7728 0.75 0.77 0.0000 0.0000 0.0000 0.1000 0.4896 -0.1018 -0.013523 -0.710567 12.25 
19.4050 2 1 1 0x0 0.7500 0.7770 0.75 0.78 0.0000 0.0000 0.0000 0.1000 0.4896 -0.1018 -0.013523 -0.710552 12.25 
19.4150 2 1 1 0x0 0.7542 0.7813 0.75 0.78 0.0000 0.0000 0.0000 0.1000 0.4896 -0.1018 -0.013523 -0.710573 12.25 
19.4250 2 1 1 0x0 0.7585 0.7855 0.76 0.79 0.0000 0.0000 0.0000 0.1000 0.4896 -0.1018 -0.013523 -0.710586 12.25 
19.4349 2 1 1 0x0 0.7627 0.7898 0.76 0.79 0.0000 0.0000 0.0000 0.1000 0.4896 -0.1018 -0.013523 -0.710585 12.25 
19.4449 2 1 1 0x0 0.7670 0.7940 0.77 0.79 0.0000 0.0000 0.0000 0.1000 0.4896 -0.1018 -0.013523 -0.710585 12.25 
19.4549 2 1 1 0x0 0.7712 0.7982 0.77 0.80 0.0000 0.0000 0.0000 0.1000 0.4896 -0.1018 -0.013523 -0.710603 12.25 
19.4649 2 1 1 0x0 0.7754 0.8025 0.78 0.80 0.0000 0.0000 0.0000 0.1000 0.4896 -0.1018 -0.013523 -0.710584 12.25 
19.4749 2 1 1 0x0 0.7797 0.8067 0.78 0.81 0.0000 0.0000 0.0000 0.1000 0.4896 -0.1018 -0.013523 -0.710577 12.25 
19.4849 2 1 1 0x0 0.7839 0.8110 0.78 0.81 0.0000 0.0000 0.0000 0.1000 0.4896 -0.1018 -0.013523 -0.710571 12.24 
19.4949 2 1 1 0x0 0.7882 0.8152 0.79 0.82 0.0000 0.0000 0.0000 0.1000 0.4896 -0.1018 -0.013523 -0.710571 12.25 
19.5049 2 1 1 0x0 0.7924 0.8195 0.79 0.82 0.0000 0.0000 0.0000 0.1000 0.4896 -0.1018 -0.013523 -0.710557 12.25 
19.5149 2 1 1 0x0 0.7966 0.8237 0.80 0.82 0.0000 0.0000 0.0000 0.1000 0.4896 -0.1018 -0.013523 -0.710570 12.25 
19.5249 2 1 1 0x0 0.8009 0.8279 0.80 0.83 0.0000 0.0000 0.0000 0.1000 0.4896 -0.1018 -0.013523 -0.710563 12.25 
19.5349 2 1 1 0x0 0.8051 0.8322 0.81 0.83 0.0000 0.0000 0.0000 0.1000 0.4896 -0.1018 -0.013523 -0.710591 12.25 
19.5449 2 1 1 0x0 0.8094 0.8364 0.81 0.84 0.0000 0.0000 0.0000 0.1000 0.4896 -0.1018 -0.013523 -0.710571 12.25 
19.5549 2 1 1 0x0 0.8136 0.8407 0.81 0.84 0.0000 0.0000 0.0000 0.1000 0.4896 -0.1018 -0.013523 -0.710597 12.25 
19.5649 2 1 1 0x0 0.8179 0.8449 0.82 0.84 0.0000 0.0000 0.0000 0.1000 0.4896 -0.1018 -0.013523 -0.710627 12.25 
19.5749 2 1 1 0x0 0.8221 0.8491 0.82 0.85 0.0000 0.0000 0.0000 0.1000 0.4896 -0.1018 -0.013523 -0.710658 12.25 
19.5849 2 1 1 0x0 0.8263 0.8534 0.83 0.85 0.0000 0.0000 0.0000 0.1000 0.4896 -0.1018 -0.013523 -0.710654 12.25 
19.5949 2 1 1 0x0 0.8306 0.8576 0.83 0.86 0.0000 0.0000 0.0000 0.1000 0.4896 -0.1018 -0.013523 -0.710637 12.26 
19.6049 2 1 1 0x0 0.8348 0.8619 0.83 0.86 0.0000 0.0000 0.0000 0.1000 0.4896 -0.1018 -0.013523 -0.710669 12.25 
19.6148 2 1 1 0x0 0.8391 0.8661 0.84 0.87 0.0000 0.0000 0.0000 0.1000 0.4896 -0.1018 -0.013523 -0.710705 12.24 
19.6248 2 1 1 0x0 0.8433 0.8703 0.84 0.87 0.0000 0.0000 0.0000 0.1000 0.4896 -0.1018 -0.013523 -0.710714 12.25 
19.6348 2 1 1 0x0 0.8475 0.8746 0.85 0.87 0.0000 0.0000 0.0000 0.1000 0.4896 -0.1018 -0.013523 -0.710705 12.25 
19.6448 2 1 1 0x0 0.8518 0.8788 0.85 0.88 0.0000 0.0000 0.0000 0.1000 0.4896 -0.1018 -0.013523 -0.710696 12.25 
19.6548 2 1 1 0x0 0.8560 0.8831 0.86 0.88 0.0000 0.0000 0.0000 0.1000 0.4896 -0.1018 -0.013523 -0.710680 12.25 
19.6648 2 1 1 0x0 0.8495 0.8712 0.85 0.87 0.0000 0.0002 0.0000 0.1000 0.4898 -0.1018 -0.010818 -0.710679 12.24 
19.6748 2 1 1 0x0 0.8549 0.8766 0.85 0.88 0.0000 0.0002 0.0000 0.1000 0.4898 -0.1018 -0.010818 -0.710640 12.24 
19.6848 2 1 1 0x0 0.8601 0.8817 0.86 0.88 0.0000 0.0002 0.0000 0.1000 0.4898 -0.1018 -0.010818 -0.710589 12.25 
19.6948 2 1 1 0x0 0.8651 0.8867 0.87 0.89 0.0000 0.0002 0.0000 0.1000 0.4898 -0.1018 -0.010818 -0.710595 12.25 
19.7048 2 1 1 0x0 0.8535 0.8805 0.85 0.88 0.0000 0.0002 0.0000 0.1000 0.4900 -0.1018 -0.013523 -0.710572 12.25 
19.7148 2 1 1 0x0 0.8593 0.8864 0.86 0.89 0.0000 0.0002 0.0000 0.1000 0.4900 -0.1018 -0.013523 -0.710576 12.25 
19.7248 2 1 1 0x0 0.8649 0.8919 0.86 0.89 0.0000 0.0002 0.0000 0.1000 0.4900 -0.1018 -0.013523 -0.710609 12.24 
19.7348 2 1 1 0x0 0.8701 0.8972 0.87 0.90 0.0000 0.0002 0.0000 0.1000 0.4900 -0.1018 -0.013523 -0.710647 12.25 
19.7448 2 1 1 0x0 0.8641 0.8857 0.86 0.89 0.0000 0.0049 0.0000 0.0466 0.4902 -0.1018 -0.010818 -0.710705 12.25 
19.7548 2 1 1 0x0 0.8701 0.8918 0.87 0.89 0.0000 0.0049 0.0000 0.0566 0.4902 -0.1018 -0.010818 -0.710624 12.24 
19.7648 2 1 1 0x0 0.8757 0.8974 0.88 0.90 0.0000 0.0049 0.0000 0.0666 0.4902 -0.1018 -0.010818 -0.710628 12.25 
19.7748 2 1 1 0x0 0.8810 0.9026 0.88 0.90 0.0000 0.0049 0.0000 0.0766 0.4902 -0.1018 -0.010818 -0.710696 12.25 
19.7848 2 1 1 0x0 0.8860 0.9077 0.89 0.91 0.0000 0.0049 0.0000 0.0866 0.4902 -0.1018 -0.010818 -0.710738 12.24 
19.7948 2 1 1 0x0 0.8794 0.8956 0.88 0.90 0.0000 0.0076 0.0000 0.0288 0.4904 -0.1018 -0.008114 -0.710728 12.25 
19.8047 2 1 1 0x0 0.8853 0.9015 0.89 0.90 0.0000 0.0076 0.0000 0.0388 0.4904 -0.1018 -0.008114 -0.710701 12.24 
19.8147 2 1 1 0x0 0.8908 0.9070 0.89 0.91 0.0000 0.0076 0.0000 0.0488 0.4904 -0.1018 -0.008114 -0.710785 12.24 
19.8247 2 1 1 0x0 0.8959 0.9122 0.90 0.91 0.0000 0.0076 0.0000 0.0588 0.4904 -0.1018 -0.008114 -0.710697 12.24 
19.8347 2 1 1 0x0 0.9008 0.9170 0.90 0.92 0.0000 0.0076 0.0000 0.0688 0.4904 -0.1018 -0.008114 -0.710711 12.25 
19.8447 2 1 1 0x0 0.9055 0.9217 0.91 0.92 0.0000 0.0076 0.0000 0.0788 0.4904 -0.1018 -0.008114 -0.710801 12.25 
19.8547 2 1 1 0x0 0.9100 0.9262 0.91 0.93 0.0000 0.0065 0.0000 0.0888 0.4904 -0.1018 -0.008114 -0.710811 12.25 
19.8647 2 1 1 0x0 0.9143 0.9305 0.91 0.93 0.0000 0.0056 0.0000 0.0988 0.4904 -0.1018 -0.008114 -0.710795 12.25 
19.8747 2 1 1 0x0 0.9185 0.9347 0.92 0.93 0.0000 0.0049 0.0000 0.1000 0.4904 -0.1018 -0.008114 -0.710825 12.24 
19.8847 2 1 1 0x0 0.9226 0.9388 0.92 0.94 0.0000 0.0044 0.0000 0.1000 0.4904 -0.1018 -0.008114 -0.710826 12.25 
19.8947 2 1 1 0x0 0.9266 0.9429 0.93 0.94 0.0000 0.0040 0.0000 0.1000 0.4904 -0.1018 -0.008114 -0.710837 12.25 
19.9047 2 1 1 0x0 0.9306 0.9468 0.93 0.95 0.0000 0.0036 0.0000 0.1000 0.4904 -0.1018 -0.008114 -0.710834 12.25 
19.9147 2 1 1 0x0 0.9345 0.9507 0.93 0.95 0.0000 0.0033 0.0000 0.1000 0.4904 -0.1018 -0.008114 -0.710841 12.25 
19.9247 2 1 1 0x0 0.9383 0.9546 0.94 0.95 0.0000 0.0031 0.0000 0.1000 0.4904 -0.1018 -0.008114 -0.710855 12.24 
19.9347 2 1 1 0x0 0.9421 0.9584 0.94 0.96 0.0000 0.0029 0.0000 0.1000 0.4904 -0.1018 -0.008114 -0.710850 12.25 
19.9447 2 1 1 0x0 0.9459 0.9622 0.95 0.96 0.0000 0.0027 0.0000 0.1000 0.4904 -0.1018 -0.008114 -0.710848 12.24 
19.9547 2 1 1 0x0 0.9497 0.9659 0.95 0.97 0.0000 0.0025 0.0000 0.1000 0.4904 -0.1018 -0.008114 -0.710841 12.25 
19.9647 2 1 1 0x0 0.9534 0.9696 0.95 0.97 0.0000 0.0024 0.0000 0.1000 0.4904 -0.1018 -0.008114 -0.710835 12.24 
19.9747 2 1 1 0x0 0.9571 0.9734 0.96 0.97 0.0000 0.0022 0.0000 0.1000 0.4904 -0.1018 -0.008114 -0.710833 12.25 
19.9846 2 1 1 0x0 0.9608 0.9771 0.96 0.98 0.0000 0.0021 0.0000 0.1000 0.4904 -0.1018 -0.008114 -0.710868 12.25 
19.9946 2 1 1 0x0 0.9645 0.9807 0.96 0.98 0.0000 0.0000 0.0000 0.1000 0.4904 -0.1018 -0.008114 -0.710918 12.24 
20.0046 2 1 1 0x0 0.9573 0.9681 0.96 0.97 0.0000 0.0020 0.0000 0.1000 0.4906 -0.1018 -0.005409 -0.710960 12.24 
20.0146 2 1 1 0x0 0.9622 0.9730 0.96 0.97 0.0000 0.0020 0.0000 0.1000 0.4906 -0.1018 -0.005409 -0.710945 12.24 
20.0246 2 1 1 0x0 0.9668 0.9776 0.97 0.98 0.0000 0.0020 0.0000 0.1000 0.4906 -0.1018 -0.005409 -0.710945 12.24 
20.0346 2 1 1 0x0 0.9712 0.9820 0.97 0.98 0.0000 0.0020 0.0000 0.1000 0.4906 -0.1018 -0.005409 -0.710958 12.24 
20.0446 2 1 1 0x0 0.9754 0.9862 0.98 0.99 0.0000 0.0020 0.0000 0.1000 0.4906 -0.1018 -0.005409 -0.710939 12.25 
20.0546 2 1 1 0x0 0.9795 0.9903 0.98 0.99 0.0000 0.0020 0.0000 0.1000 0.4906 -0.1018 -0.005409 -0.710932 12.25 
20.0646 2 1 1 0x0 0.9835 0.9943 0.98 0.99 0.0000 0.0020 0.0000 0.1000 0.4906 -0.1018 -0.005409 -0.710950 12.24 
20.0746 2 1 1 0x0 0.9874 0.9982 0.99 1.00 0.0000 0.0020 0.0000 0.1000 0.4906 -0.1018 -0.005409 -0.710992 12.24 
20.0846 2 1 1 0x0 0.9913 1.0021 0.99 1.00 0.0000 0.0020 0.0000 0.1000 0.4906 -0.1018 -0.005409 -0.711018 12.25 
20.0946 2 1 1 0x0 0.9950 1.0058 1.00 1.01 0.0000 0.0020 0.0000 0.1000 0.4906 -0.1018 -0.005409 -0.711035 12.24 
20.1046 2 1 1 0x0 0.9987 1.0096 1.00 1.01 0.0000 0.0020 0.0000 0.1000 0.4906 -0.1018 -0.005409 -0.711045 12.24 
20.1146 2 1 1 0x0 1.0024 1.0132 1.00 1.01 0.0000 0.0020 0.0000 0.1000 0.4906 -0.1018 -0.005409 -0.711054 12.25 
20.1246 2 1 1 0x0 1.0061 1.0169 1.01 1.02 0.0000 0.0020 0.0000 0.1000 0.4906 -0.1018 -0.005409 -0.711114 12.25 
20.1346 2 1 1 0x0 0.9933 1.0095 0.99 1.01 0.0000 0.0020 0.0000 0.1000 0.4908 -0.1018 -0.008114 -0.711146 12.24 
20.1446 2 1 1 0x0 0.9980 1.0143 1.00 1.01 0.0000 0.0020 0.0000 0.1000 0.4908 -0.1018 -0.008114 -0.711153 12.24 
20.1546 2 1 1 0x0 1.0026 1.0188 1.00 1.02 0.0000 0.0020 0.0000 0.1000 0.4908 -0.1018 -0.008114 -0.711139 12.24 
20.1645 2 1 1 0x0 1.0069 1.0231 1.01 1.02 0.0000 0.0020 0.0000 0.1000 0.4908 -0.1018 -0.008114 -0.711095 12.24 
20.1745 2 1 1 0x0 1.0110 1.0272 1.01 1.03 0.0000 0.0020 0.0000 0.1000 0.4908 -0.1018 -0.008114 -0.711200 12.25 
20.1845 2 1 1 0x0 1.0036 1.0144 1.00 1.01 0.0000 0.0022 0.0000 0.0943 0.4910 -0.1018 -0.005409 -0.711351 12.25 
20.1945 2 1 1 0x0 1.0087 1.0196 1.01 1.02 0.0000 0.0022 0.0000 0.1000 0.4910 -0.1018 -0.005409 -0.711502 12.24 
20.2045 2 1 1 0x0 1.0135 1.0244 1.01 1.02 0.0000 0.0022 0.0000 0.1000 0.4910 -0.1018 -0.005409 -0.711545 12.24 
20.2145 2 1 1 0x0 1.0181 1.0289 1.02 1.03 0.0000 0.0022 0.0000 0.1000 0.4910 -0.1018 -0.005409 -0.711583 12.25 
20.2245 2 1 1 0x0 1.0223 1.0332 1.02 1.03 0.0000 0.0022 0.0000 0.1000 0.4910 -0.1018 -0.005409 -0.711587 12.23 
20.2345 2 1 1 0x0 0.9987 1.0095 1.00 1.01 0.0039 0.0089 0.0534 0.0299 0.4914 -0.1018 -0.005409 -0.711556 12.24 
20.2445 2 1 1 0x0 1.0050 1.0158 1.00 1.02 0.0039 0.0089 0.0634 0.0399 0.4914 -0.1018 -0.005409 -0.711477 12.24 
20.2545 2 1 1 0x0 1.0107 1.0215 1.01 1.02 0.0039 0.0089 0.0734 0.0499 0.4914 -0.1018 -0.005409 -0.711444 12.24 
20.2645 2 1 1 0x0 1.0159 1.0268 1.02 1.03 0.0039 0.0089 0.0834 0.0599 0.4914 -0.1018 -0.005409 -0.711440 12.24 
20.2745 2 1 1 0x0 1.0207 1.0316 1.02 1.03 0.0039 0.0089 0.0934 0.0699 0.4914 -0.1018 -0.005409 -0.711342 12.25 
20.2845 2 1 1 0x0 1.0252 1.0360 1.03 1.04 0.0039 0.0071 0.1000 0.0799 0.4914 -0.1018 -0.005409 -0.711231 12.24 
20.2945 2 1 1 0x0 1.0189 1.0243 1.02 1.02 0.0039 0.0070 0.1000 0.0383 0.4916 -0.1018 -0.002705 -0.711194 12.24 
20.3045 2 1 1 0x0 1.0239 1.0293 1.02 1.03 0.0039 0.0070 0.1000 0.0483 0.4916 -0.1018 -0.002705 -0.711087 12.24 
20.3145 2 1 1 0x0 1.0285 1.0339 1.03 1.03 0.0039 0.0070 0.1000 0.0583 0.4916 -0.1018 -0.002705 -0.710995 12.24 
20.3245 2 1 1 0x0 1.0161 1.0269 1.02 1.03 0.0046 0.0070 0.0473 0.0683 0.4918 -0.1018 -0.005409 -0.710977 12.24 
20.3345 2 1 1 0x0 1.0214 1.0322 1.02 1.03 0.0046 0.0070 0.0573 0.0783 0.4918 -0.1018 -0.005409 -0.710929 12.24 
20.3444 2 1 1 0x0 1.0262 1.0370 1.03 1.04 0.0046 0.0070 0.0673 0.0883 0.4918 -0.1018 -0.005409 -0.710818 12.24 
20.3544 2 1 1 0x0 1.0306 1.0414 1.03 1.04 0.0046 0.0058 0.0773 0.0983 0.4918 -0.1018 -0.005409 -0.710721 12.24 
20.3644 2 1 1 0x0 1.0346 1.0454 1.03 1.05 0.0046 0.0051 0.0873 0.1000 0.4918 -0.1018 -0.005409 -0.710670 12.24 
20.3744 2 1 1 0x0 1.0384 1.0492 1.04 1.05 0.0046 0.0045 0.0973 0.1000 0.4918 -0.1018 -0.005409 -0.710611 12.24 
20.3844 2 1 1 0x0 1.0420 1.0528 1.04 1.05 0.0046 0.0041 0.1000 0.1000 0.4918 -0.1018 -0.005409 -0.710593 12.24 
20.3944 2 1 1 0x0 1.0454 1.0562 1.05 1.06 0.0046 0.0037 0.1000 0.1000 0.4918 -0.1018 -0.005409 -0.710615 12.25 
20.4044 2 1 1 0x0 1.0487 1.0595 1.05 1.06 0.0046 0.0034 0.1000 0.1000 0.4918 -0.1018 -0.005409 -0.710623 12.25 
20.4144 2 1 1 0x0 1.0518 1.0626 1.05 1.06 0.0043 0.0031 0.1000 0.1000 0.4918 -0.1018 -0.005409 -0.710636 12.24 
20.4244 2 1 1 0x0 1.0549 1.0657 1.05 1.07 0.0039 0.0029 0.1000 0.1000 0.4918 -0.1018 -0.005409 -0.710645 12.25 
20.4344 2 1 1 0x0 1.0578 1.0686 1.06 1.07 0.0036 0.0027 0.1000 0.1000 0.4918 -0.1018 -0.005409 -0.710654 12.24 
20.4444 2 1 1 0x0 1.0607 1.0715 1.06 1.07 0.0033 0.0025 0.1000 0.1000 0.4918 -0.1018 -0.005409 -0.710655 12.22 
20.4544 2 1 1 0x0 1.0525 1.0579 1.05 1.06 0.0030 0.0025 0.1000 0.0873 0.4920 -0.1018 -0.002705 -0.710694 12.24 
20.4644 2 1 1 0x0 1.0565 1.0619 1.06 1.06 0.0028 0.0025 0.1000 0.0973 0.4920 -0.1018 -0.002705 -0.710666 12.24 
20.4744 2 1 1 0x0 1.0602 1.0656 1.06 1.07 0.0026 0.0025 0.1000 0.1000 0.4920 -0.1018 -0.002705 -0.710666 12.24 
20.4844 2 1 1 0x0 1.0637 1.0691 1.06 1.07 0.0025 0.0025 0.1000 0.1000 0.4920 -0.1018 -0.002705 -0.710656 12.24 
20.4944 2 1 1 0x0 1.0670 1.0724 1.07 1.07 0.0023 0.0025 0.1000 0.1000 0.4920 -0.1018 -0.002705 -0.710674 12.25 
20.5044 2 1 1 0x0 1.0701 1.0755 1.07 1.08 0.0022 0.0025 0.1000 0.1000 0.4920 -0.1018 -0.002705 -0.710664 12.24 
20.5144 2 1 1 0x0 1.0731 1.0785 1.07 1.08 0.0021 0.0025 0.1000 0.1000 0.4920 -0.1018 -0.002705 -0.710672 12.24 
20.5243 2 1 1 0x0 1.0760 1.0814 1.08 1.08 0.0000 0.0025 0.1000 0.1000 0.4920 -0.1018 -0.002705 -0.710670 12.25 
20.5343 2 1 1 0x0 1.0788 1.0843 1.08 1.08 0.0000 0.0025 0.1000 0.1000 0.4920 -0.1018 -0.002705 -0.710694 12.25 
20.5443 2 1 1 0x0 1.0816 1.0870 1.08 1.09 0.0000 0.0025 0.1000 0.1000 0.4920 -0.1018 -0.002705 -0.710710 12.24 
20.5543 2 1 1 0x0 1.0843 1.0897 1.08 1.09 0.0000 0.0025 0.1000 0.1000 0.4920 -0.1018 -0.002705 -0.710719 12.25 
20.5643 2 1 1 0x0 1.0869 1.0923 1.09 1.09 0.0000 0.0025 0.1000 0.1000 0.4920 -0.1018 -0.002705 -0.710741 12.25 
20.5743 2 1 1 0x0 1.0895 1.0950 1.09 1.09 0.0000 0.0025 0.1000 0.1000 0.4920 -0.1018 -0.002705 -0.710743 12.24 
20.5843 2 1 1 0x0 1.0921 1.0975 1.09 1.10 0.0000 0.0025 0.1000 0.1000 0.4920 -0.1018 -0.002705 -0.710761 12.24 
20.5943 2 1 1 0x0 1.0947 1.1001 1.09 1.10 0.0000 0.0025 0.1000 0.1000 0.4920 -0.1018 -0.002705 -0.710775 12.25 
20.6043 2 1 1 0x0 1.0972 1.1026 1.10 1.10 0.0000 0.0025 0.1000 0.1000 0.4920 -0.1018 -0.002705 -0.710808 12.23 
20.6143 2 1 1 0x0 1.0997 1.1051 1.10 1.11 0.0000 0.0025 0.1000 0.1000 0.4920 -0.1018 -0.002705 -0.710876 12.24 
20.6243 2 1 1 0x0 1.1022 1.1076 1.10 1.11 0.0000 0.0023 0.1000 0.1000 0.4920 -0.1018 -0.002705 -0.710907 12.24 
20.6343 2 1 1 0x0 1.1047 1.1101 1.10 1.11 0.0000 0.0022 0.1000 0.1000 0.4920 -0.1018 -0.002705 -0.710947 12.24 
20.6443 2 1 1 0x0 1.0906 1.1014 1.09 1.10 0.0013 0.0021 0.1000 0.1000 0.4922 -0.1018 -0.005409 -0.710996 12.24 
20.6543 2 1 1 0x0 1.0942 1.1051 1.09 1.11 0.0013 0.0000 0.1000 0.1000 0.4922 -0.1018 -0.005409 -0.710989 12.25 
20.6643 2 1 1 0x0 1.0977 1.1085 1.10 1.11 0.0013 0.0000 0.1000 0.1000 0.4922 -0.1018 -0.005409 -0.710933 12.25 
20.6743 2 1 1 0x0 1.1009 1.1117 1.10 1.11 0.0013 0.0000 0.1000 0.1000 0.4922 -0.1018 -0.005409 -0.710953 12.24 
20.6843 2 1 1 0x0 1.1039 1.1147 1.10 1.11 0.0013 0.0000 0.1000 0.1000 0.4922 -0.1018 -0.005409 -0.710917 12.24 
20.6943 2 1 1 0x0 1.0959 1.1013 1.10 1.10 0.0013 0.0017 0.1000 0.1000 0.4924 -0.1018 -0.002705 -0.710850 12.24 
20.7043 2 1 1 0x0 1.0999 1.1053 1.10 1.11 0.0013 0.0017 0.1000 0.1000 0.4924 -0.1018 -0.002705 -0.710779 12.24 
20.7142 2 1 1 0x0 1.1035 1.1089 1.10 1.11 0.0013 0.0017 0.1000 0.1000 0.4924 -0.1018 -0.002705 -0.710746 12.24 
20.7242 2 1 1 0x0 1.1069 1.1123 1.11 1.11 0.0013 0.0017 0.1000 0.1000 0.4924 -0.1018 -0.002705 -0.710675 12.24 
20.7342 2 1 1 0x0 1.1101 1.1155 1.11 1.12 0.0013 0.0017 0.1000 0.1000 0.4924 -0.1018 -0.002705 -0.710631 12.24 
20.7442 2 1 1 0x0 1.1130 1.1184 1.11 1.12 0.0013 0.0017 0.1000 0.1000 0.4924 -0.1018 -0.002705 -0.710632 12.24 
20.7542 2 1 1 0x0 1.1158 1.1212 1.12 1.12 0.0013 0.0017 0.1000 0.1000 0.4924 -0.1018 -0.002705 -0.710616 12.24 
20.7642 2 1 1 0x0 1.1185 1.1239 1.12 1.12 0.0013 0.0017 0.1000 0.1000 0.4924 -0.1018 -0.002705 -0.710587 12.24 
20.7742 2 1 1 0x0 1.1211 1.1265 1.12 1.13 0.0013 0.0017 0.1000 0.1000 0.4924 -0.1018 -0.002705 -0.710579 12.24 
20.7842 2 1 1 0x0 1.1236 1.1290 1.12 1.13 0.0013 0.0017 0.1000 0.1000 0.4924 -0.1018 -0.002705 -0.710606 12.24 
20.7942 2 1 1 0x0 1.1261 1.1315 1.13 1.13 0.0013 0.0017 0.1000 0.1000 0.4924 -0.1018 -0.002705 -0.710613 12.24 
20.8042 2 1 1 0x0 1.1285 1.1339 1.13 1.13 0.0013 0.0017 0.1000 0.1000 0.4924 -0.1018 -0.002705 -0.710616 12.24 
20.8142 2 1 1 0x0 1.1308 1.1362 1.13 1.14 0.0013 0.0017 0.1000 0.1000 0.4924 -0.1018 -0.002705 -0.710622 12.24 
20.8242 2 1 1 0x0 1.1331 1.1385 1.13 1.14 0.0013 0.0017 0.1000 0.1000 0.4924 -0.1018 -0.002705 -0.710634 12.25 
20.8342 2 1 1 0x0 1.1354 1.1408 1.14 1.14 0.0013 0.0017 0.1000 0.1000 0.4924 -0.1018 -0.002705 -0.710662 12.24 
20.8442 2 1 1 0x0 1.1376 1.1430 1.14 1.14 0.0000 0.0017 0.1000 0.1000 0.4924 -0.1018 -0.002705 -0.710674 12.24 
20.8542 2 1 1 0x0 1.1398 1.1452 1.14 1.15 0.0000 0.0017 0.1000 0.1000 0.4924 -0.1018 -0.002705 -0.710668 12.25 
20.8642 2 1 1 0x0 1.1420 1.1474 1.14 1.15 0.0000 0.0017 0.1000 0.1000 0.4924 -0.1018 -0.002705 -0.710679 12.24 
20.8742 2 1 1 0x0 1.1442 1.1496 1.14 1.15 0.0000 0.0017 0.1000 0.1000 0.4924 -0.1018 -0.002705 -0.710675 12.24 
20.8842 2 1 1 0x0 1.1464 1.1518 1.15 1.15 0.0000 0.0017 0.1000 0.1000 0.4924 -0.1018 -0.002705 -0.710671 12.24 
20.8941 2 1 1 0x0 1.1485 1.1540 1.15 1.15 0.0000 0.0000 0.1000 0.1000 0.4924 -0.1018 -0.002705 -0.710663 12.25 
20.9041 2 1 1 0x0 1.1507 1.1561 1.15 1.16 0.0000 0.0000 0.1000 0.1000 0.4924 -0.1018 -0.002705 -0.710663 12.24 
20.9141 2 1 1 0x0 1.1529 1.1583 1.15 1.16 0.0000 0.0000 0.1000 0.1000 0.4924 -0.1018 -0.002705 -0.710636 12.24 
20.9241 2 1 1 0x0 1.1550 1.1605 1.16 1.16 0.0000 0.0000 0.1000 0.1000 0.4924 -0.1018 -0.002705 -0.710663 12.25 
20.9341 2 1 1 0x0 1.1572 1.1626 1.16 1.16 0.0000 0.0000 0.1000 0.1000 0.4924 -0.1018 -0.002705 -0.710683 12.24 
20.9441 2 1 1 0x0 1.1593 1.1647 1.16 1.16 0.0000 0.0000 0.1000 0.1000 0.4924 -0.1018 -0.002705 -0.710689 12.24 
20.9541 2 1 1 0x0 1.1614 1.1668 1.16 1.17 0.0000 0.0000 0.1000 0.1000 0.4924 -0.1018 -0.002705 -0.710719 12.24 
20.9641 2 1 1 0x0 1.1635 1.1689 1.16 1.17 0.0000 0.0000 0.1000 0.1000 0.4924 -0.1018 -0.002705 -0.710762 12.24 
20.9741 2 1 1 0x0 1.1656 1.1711 1.17 1.17 0.0000 0.0000 0.1000 0.1000 0.4924 -0.1018 -0.002705 -0.710792 12.24 
20.9841 2 1 1 0x0 1.1513 1.1622 1.15 1.16 0.0012 0.0000 0.1000 0.1000 0.4926 -0.1018 -0.005409 -0.711035 12.24 
20.9941 2 1 1 0x0 1.1438 1.1492 1.14 1.15 0.0012 0.0014 0.1000 0.1000 0.4928 -0.1018 -0.002705 -0.712082 12.24 
21.0041 2 1 1 0x0 1.1321 1.1429 1.13 1.14 0.0249 0.0014 0.0176 0.1000 0.4930 -0.1018 -0.005409 -0.712982 12.23 
21.0141 2 1 1 0x0 1.1370 1.1479 1.14 1.15 0.0208 0.0014 0.0276 0.1000 0.4930 -0.1018 -0.005409 -0.713089 12.23 
21.0241 2 1 1 0x0 1.1249 1.1412 1.12 1.14 0.0170 0.0014 0.0176 0.1000 0.4932 -0.1018 -0.008114 -0.713316 12.24 
21.0341 2 1 1 0x0 1.1022 1.1184 1.10 1.12 0.0264 0.0107 0.0079 0.0279 0.4936 -0.1018 -0.008114 -0.713843 12.24 
21.0441 2 1 1 0x0 1.0976 1.1084 1.10 1.11 0.0264 0.0248 0.0179 0.0107 0.4938 -0.1018 -0.005409 -0.713832 12.23 
21.0541 2 1 1 0x0 1.0880 1.1042 1.09 1.10 0.0241 0.0248 0.0118 0.0207 0.4940 -0.1018 -0.008114 -0.713905 12.24 
21.0641 2 1 1 0x0 1.0674 1.0837 1.07 1.08 0.0396 0.0226 0.0083 0.0135 0.4944 -0.1018 -0.008114 -0.714538 12.24 
21.0740 2 1 1 0x0 1.0472 1.0634 1.05 1.06 0.0329 0.0299 0.0070 0.0077 0.4948 -0.1018 -0.008114 -0.714700 12.24 
21.0840 2 1 1 0x0 1.0399 1.0615 1.04 1.06 0.0411 0.0299 0.0059 0.0177 0.4950 -0.1018 -0.010818 -0.714752 12.23 
21.0940 2 1 1 0x0 1.0213 1.0429 1.02 1.04 0.0373 0.0288 0.0055 0.0139 0.4955 -0.1018 -0.010818 -0.715045 12.24 
21.1040 2 1 1 0x0 1.0034 1.0251 1.00 1.03 0.0493 0.0333 0.0060 0.0108 0.4959 -0.1018 -0.010818 -0.715210 12.24 
21.1140 2 1 1 0x0 0.9975 1.0246 1.00 1.02 0.0421 0.0276 0.0070 0.0208 0.4961 -0.1018 -0.013523 -0.715419 12.24 
21.1240 2 1 1 0x0 0.9805 1.0075 0.98 1.01 0.0455 0.0263 0.0078 0.0170 0.4965 -0.1018 -0.013523 -0.715515 12.25 
21.1340 2 1 1 0x0 0.9803 1.0019 0.98 1.00 0.0305 0.0346 0.0178 0.0134 0.4967 -0.1018 -0.010818 -0.714812 12.24 
21.1440 2 1 1 0x0 0.9626 0.9843 0.96 0.98 0.0290 0.0276 0.0163 0.0102 0.4971 -0.1018 -0.010818 -0.714288 12.24 
21.1540 2 1 1 0x0 0.9448 0.9665 0.94 0.97 0.0345 0.0331 0.0135 0.0067 0.4975 -0.1018 -0.010818 -0.714097 12.25 
21.1640 2 1 1 0x0 0.9385 0.9656 0.94 0.97 0.0276 0.0331 0.0102 0.0167 0.4977 -0.1018 -0.013523 -0.713865 12.25 
21.1740 2 1 1 0x0 0.9375 0.9592 0.94 0.96 0.0276 0.0340 0.0202 0.0146 0.4979 -0.1018 -0.010818 -0.713734 12.25 
21.1840 2 1 1 0x0 0.9187 0.9404 0.92 0.94 0.0267 0.0273 0.0153 0.0112 0.4983 -0.1018 -0.010818 -0.713188 12.25 
21.1940 2 1 1 0x0 0.9279 0.9496 0.93 0.95 0.0229 0.0273 0.0253 0.0212 0.4983 -0.1018 -0.010818 -0.713088 12.25 
21.2040 2 1 1 0x0 0.9080 0.9296 0.91 0.93 0.0221 0.0211 0.0185 0.0142 0.4987 -0.1018 -0.010818 -0.713089 12.24 
21.2140 2 1 1 0x0 0.8986 0.9257 0.90 0.93 0.0216 0.0211 0.0099 0.0242 0.4989 -0.1018 -0.013523 -0.712637 12.25 
21.2240 2 1 1 0x0 0.8943 0.9159 0.89 0.92 0.0216 0.0175 0.0199 0.0130 0.4991 -0.1018 -0.010818 -0.712172 12.24 
21.2340 2 1 1 0x0 0.9011 0.9227 0.90 0.92 0.0216 0.0175 0.0299 0.0230 0.4991 -0.1018 -0.010818 -0.711880 12.24 
21.2440 2 1 1 0x0 0.9061 0.9278 0.91 0.93 0.0133 0.0175 0.0399 0.0330 0.4991 -0.1018 -0.010818 -0.711609 12.24 
21.2539 2 1 1 0x0 0.8926 0.9197 0.89 0.92 0.0103 0.0129 0.0207 0.0430 0.4993 -0.1018 -0.013523 -0.711384 12.24 
21.2639 2 1 1 0x0 0.8965 0.9235 0.90 0.92 0.0103 0.0098 0.0307 0.0530 0.4993 -0.1018 -0.013523 -0.711233 12.24 
21.2739 2 1 1 0x0 0.8882 0.9098 0.89 0.91 0.0103 0.0090 0.0407 0.0287 0.4995 -0.1018 -0.010818 -0.710985 12.25 
21.2839 2 1 1 0x0 0.8909 0.9125 0.89 0.91 0.0103 0.0090 0.0507 0.0387 0.4995 -0.1018 -0.010818 -0.710741 12.24 
21.2939 2 1 1 0x0 0.8926 0.9142 0.89 0.91 0.0103 0.0090 0.0607 0.0487 0.4995 -0.1018 -0.010818 -0.710548 12.24 
21.3039 2 1 1 0x0 0.8934 0.9151 0.89 0.92 0.0080 0.0090 0.0707 0.0587 0.4995 -0.1018 -0.010818 -0.710504 12.25 
21.3139 2 1 1 0x0 0.8935 0.9152 0.89 0.92 0.0067 0.0090 0.0807 0.0687 0.4995 -0.1018 -0.010818 -0.710604 12.24 
21.3239 2 1 1 0x0 0.8931 0.9147 0.89 0.91 0.0057 0.0072 0.0907 0.0787 0.4995 -0.1018 -0.010818 -0.710696 12.25 
21.3339 2 1 1 0x0 0.8921 0.9137 0.89 0.91 0.0050 0.0061 0.1000 0.0887 0.4995 -0.1018 -0.010818 -0.710756 12.25 
21.3439 2 1 1 0x0 0.8908 0.9124 0.89 0.91 0.0045 0.0053 0.1000 0.0987 0.4995 -0.1018 -0.010818 -0.710714 12.25 
21.3539 2 1 1 0x0 0.8891 0.9107 0.89 0.91 0.0040 0.0047 0.1000 0.1000 0.4995 -0.1018 -0.010818 -0.710690 12.24 
21.3639 2 1 1 0x0 0.8871 0.9088 0.89 0.91 0.0037 0.0042 0.1000 0.1000 0.4995 -0.1018 -0.010818 -0.710680 12.24 
21.3739 2 1 1 0x0 0.8850 0.9066 0.88 0.91 0.0034 0.0038 0.1000 0.1000 0.4995 -0.1018 -0.010818 -0.710711 12.24 
21.3839 2 1 1 0x0 0.8826 0.9043 0.88 0.90 0.0031 0.0035 0.1000 0.1000 0.4995 -0.1018 -0.010818 -0.710745 12.24 
21.3939 2 1 1 0x0 0.8802 0.9018 0.88 0.90 0.0029 0.0032 0.1000 0.1000 0.4995 -0.1018 -0.010818 -0.710737 12.25 
21.4039 2 1 1 0x0 0.8775 0.8992 0.88 0.90 0.0027 0.0030 0.1000 0.1000 0.4995 -0.1018 -0.010818 -0.710769 12.25 
21.4139 2 1 1 0x0 0.8748 0.8965 0.87 0.90 0.0025 0.0028 0.1000 0.1000 0.4995 -0.1018 -0.010818 -0.710768 12.24 
21.4239 2 1 1 0x0 0.8720 0.8937 0.87 0.89 0.0024 0.0026 0.1000 0.1000 0.4995 -0.1018 -0.010818 -0.710777 12.24 
21.4338 2 1 1 0x0 0.8692 0.8908 0.87 0.89 0.0022 0.0024 0.1000 0.1000 0.4995 -0.1018 -0.010818 -0.710771 12.24 
21.4438 2 1 1 0x0 0.8663 0.8879 0.87 0.89 0.0021 0.0023 0.1000 0.1000 0.4995 -0.1018 -0.010818 -0.710780 12.24 
21.4538 2 1 1 0x0 0.8633 0.8849 0.86 0.88 0.0000 0.0022 0.1000 0.1000 0.4995 -0.1018 -0.010818 -0.710795 12.23 
21.4638 2 1 1 0x0 0.8603 0.8819 0.86 0.88 0.0000 0.0021 0.1000 0.1000 0.4995 -0.1018 -0.010818 -0.710770 12.25 
21.4738 2 1 1 0x0 0.8573 0.8789 0.86 0.88 0.0000 0.0000 0.1000 0.1000 0.4995 -0.1018 -0.010818 -0.710757 12.25 
21.4838 2 1 1 0x0 0.8542 0.8759 0.85 0.88 0.0000 0.0000 0.1000 0.1000 0.4995 -0.1018 -0.010818 -0.710767 12.25 
21.4938 2 1 1 0x0 0.8511 0.8728 0.85 0.87 0.0000 0.0000 0.1000 0.1000 0.4995 -0.1018 -0.010818 -0.710773 12.25 
21.5038 2 1 1 0x0 0.8480 0.8697 0.85 0.87 0.0000 0.0000 0.1000 0.1000 0.4995 -0.1018 -0.010818 -0.710786 12.24 
21.5138 2 1 1 0x0 0.8449 0.8666 0.84 0.87 0.0000 0.0000 0.1000 0.1000 0.4995 -0.1018 -0.010818 -0.710805 12.24 
21.5238 2 1 1 0x0 0.8418 0.8634 0.84 0.86 0.0000 0.0000 0.1000 0.1000 0.4995 -0.1018 -0.010818 -0.710801 12.25 
21.5338 2 1 1 0x0 0.8387 0.8603 0.84 0.86 0.0000 0.0000 0.1000 0.1000 0.4995 -0.1018 -0.010818 -0.710804 12.24 
21.5438 2 1 1 0x0 0.8355 0.8572 0.84 0.86 0.0000 0.0000 0.1000 0.1000 0.4995 -0.1018 -0.010818 -0.710809 12.24 
21.5538 2 1 1 0x0 0.8324 0.8540 0.83 0.85 0.0000 0.0000 0.1000 0.1000 0.4995 -0.1018 -0.010818 -0.710802 12.24 
21.5638 2 1 1 0x0 0.8293 0.8509 0.83 0.85 0.0000 0.0000 0.1000 0.1000 0.4995 -0.1018 -0.010818 -0.710815 12.24 
21.5738 2 1 1 0x0 0.8261 0.8477 0.83 0.85 0.0000 0.0000 0.1000 0.1000 0.4995 -0.1018 -0.010818 -0.710844 12.25 
21.5838 2 1 1 0x0 0.8229 0.8446 0.82 0.84 0.0000 0.0000 0.1000 0.1000 0.4995 -0.1018 -0.010818 -0.710883 12.25 
21.5938 2 1 1 0x0 0.8197 0.8414 0.82 0.84 0.0000 0.0000 0.1000 0.1000 0.4995 -0.1018 -0.010818 -0.710901 12.25 
21.6038 2 1 1 0x0 0.8166 0.8382 0.82 0.84 0.0000 0.0000 0.1000 0.1000 0.4995 -0.1018 -0.010818 -0.710891 12.24 
21.6138 2 1 1 0x0 0.8134 0.8350 0.81 0.84 0.0000 0.0000 0.1000 0.1000 0.4995 -0.1018 -0.010818 -0.710879 12.24 
21.6237 2 1 1 0x0 0.8102 0.8318 0.81 0.83 0.0000 0.0000 0.1000 0.1000 0.4995 -0.1018 -0.010818 -0.710886 12.25 
21.6337 2 1 1 0x0 0.8070 0.8287 0.81 0.83 0.0000 0.0000 0.1000 0.1000 0.4995 -0.1018 -0.010818 -0.710878 12.25 
21.6437 2 1 1 0x0 0.8038 0.8255 0.80 0.83 0.0000 0.0000 0.1000 0.1000 0.4995 -0.1018 -0.010818 -0.710857 12.25 
21.6537 2 1 1 0x0 0.8007 0.8223 0.80 0.82 0.0000 0.0000 0.1000 0.1000 0.4995 -0.1018 -0.010818 -0.710856 12.25 
21.6637 2 1 1 0x0 0.7975 0.8191 0.80 0.82 0.0000 0.0000 0.1000 0.1000 0.4995 -0.1018 -0.010818 -0.710849 12.25 
21.6737 2 1 1 0x0 0.7943 0.8160 0.79 0.82 0.0000 0.0000 0.1000 0.1000 0.4995 -0.1018 -0.010818 -0.710847 12.24 
21.6837 2 1 1 0x0 0.7911 0.8128 0.79 0.81 0.0000 0.0000 0.1000 0.1000 0.4995 -0.1018 -0.010818 -0.710874 12.25 
21.6937 2 1 1 0x0 0.7880 0.8096 0.79 0.81 0.0000 0.0000 0.1000 0.1000 0.4995 -0.1018 -0.010818 -0.710906 12.25 
21.7037 2 1 1 0x0 0.7848 0.8064 0.78 0.81 0.0000 0.0000 0.1000 0.1000 0.4995 -0.1018 -0.010818 -0.710903 12.25 
21.7137 2 1 1 0x0 0.7816 0.8032 0.78 0.80 0.0000 0.0000 0.1000 0.1000 0.4995 -0.1018 -0.010818 -0.710911 12.25 
21.7237 2 1 1 0x0 0.7784 0.8001 0.78 0.80 0.0000 0.0000 0.1000 0.1000 0.4995 -0.1018 -0.010818 -0.710915 12.25 
21.7337 2 1 1 0x0 0.7752 0.7969 0.78 0.80 0.0000 0.0000 0.1000 0.1000 0.4995 -0.1018 -0.010818 -0.710919 12.24 
21.7437 2 1 1 0x0 0.7721 0.7937 0.77 0.79 0.0000 0.0000 0.1000 0.1000 0.4995 -0.1018 -0.010818 -0.710965 12.25 
21.7537 2 1 1 0x0 0.7689 0.7905 0.77 0.79 0.0000 0.0000 0.1000 0.1000 0.4995 -0.1018 -0.010818 -0.710982 12.25 
21.7637 2 1 1 0x0 0.7657 0.7873 0.77 0.79 0.0000 0.0000 0.1000 0.1000 0.4995 -0.1018 -0.010818 -0.710984 12.24 
21.7737 2 1 1 0x0 0.7625 0.7842 0.76 0.78 0.0000 0.0000 0.1000 0.1000 0.4995 -0.1018 -0.010818 -0.710978 12.25 
21.7837 2 1 1 0x0 0.7594 0.7810 0.76 0.78 0.0000 0.0000 0.1000 0.1000 0.4995 -0.1018 -0.010818 -0.710975 12.24 
21.7937 2 1 1 0x0 0.7562 0.7778 0.76 0.78 0.0000 0.0000 0.1000 0.1000 0.4995 -0.1018 -0.010818 -0.710984 12.25 
21.8036 2 1 1 0x0 0.7530 0.7746 0.75 0.77 0.0000 0.0000 0.1000 0.1000 0.4995 -0.1018 -0.010818 -0.710998 12.24 
21.8136 2 1 1 0x0 0.7498 0.7715 0.75 0.77 0.0000 0.0000 0.1000 0.1000 0.4995 -0.1018 -0.010818 -0.711025 12.24 
21.8236 2 1 1 0x0 0.7466 0.7683 0.75 0.77 0.0000 0.0000 0.1000 0.1000 0.4995 -0.1018 -0.010818 -0.711041 12.24 
21.8336 2 1 1 0x0 0.7435 0.7651 0.74 0.77 0.0000 0.0000 0.1000 0.1000 0.4995 -0.1018 -0.010818 -0.711056 12.24 
21.8436 2 1 1 0x0 0.7403 0.7619 0.74 0.76 0.0000 0.0000 0.1000 0.1000 0.4995 -0.1018 -0.010818 -0.711064 12.25 
21.8536 2 1 1 0x0 0.7371 0.7587 0.74 0.76 0.0000 0.0000 0.1000 0.1000 0.4995 -0.1018 -0.010818 -0.711046 12.24 
21.8636 2 1 1 0x0 0.7339 0.7556 0.73 0.76 0.0000 0.0000 0.1000 0.1000 0.4995 -0.1018 -0.010818 -0.711052 12.24 
21.8736 2 1 1 0x0 0.7308 0.7524 0.73 0.75 0.0000 0.0000 0.1000 0.1000 0.4995 -0.1018 -0.010818 -0.711064 12.24 
21.8836 2 1 1 0x0 0.7276 0.7492 0.73 0.75 0.0000 0.0000 0.1000 0.1000 0.4995 -0.1018 -0.010818 -0.711068 12.25 
21.8936 2 1 1 0x0 0.7244 0.7460 0.72 0.75 0.0000 0.0000 0.1000 0.1000 0.4995 -0.1018 -0.010818 -0.711089 12.24 
21.9036 2 1 1 0x0 0.7212 0.7429 0.72 0.74 0.0000 0.0000 0.1000 0.1000 0.4995 -0.1018 -0.010818 -0.711053 12.26 
21.9136 2 1 1 0x0 0.7180 0.7397 0.72 0.74 0.0000 0.0000 0.1000 0.1000 0.4995 -0.1018 -0.010818 -0.711040 12.25 
21.9236 2 1 1 0x0 0.7149 0.7365 0.71 0.74 0.0000 0.0000 0.1000 0.1000 0.4995 -0.1018 -0.010818 -0.711038 12.24 
21.9336 2 1 1 0x0 0.7117 0.7333 0.71 0.73 0.0000 0.0000 0.1000 0.1000 0.4995 -0.1018 -0.010818 -0.711060 12.24 
21.9436 2 1 1 0x0 0.7085 0.7301 0.71 0.73 0.0000 0.0000 0.1000 0.1000 0.4995 -0.1018 -0.010818 -0.711071 12.24 
21.9536 2 1 1 0x0 0.7053 0.7270 0.71 0.73 0.0000 0.0000 0.1000 0.1000 0.4995 -0.1018 -0.010818 -0.711082 12.25 
21.9636 2 1 1 0x0 0.7022 0.7238 0.70 0.72 0.0000 0.0000 0.1000 0.1000 0.4995 -0.1018 -0.010818 -0.711082 12.25 
21.9736 2 1 1 0x0 0.6990 0.7206 0.70 0.72 0.0000 0.0000 0.1000 0.1000 0.4995 -0.1018 -0.010818 -0.711064 12.25 
21.9835 2 1 1 0x0 0.6958 0.7174 0.70 0.72 0.0000 0.0000 0.1000 0.1000 0.4995 -0.1018 -0.010818 -0.711053 12.25 
21.9935 2 1 1 0x0 0.6926 0.7143 0.69 0.71 0.0000 0.0000 0.1000 0.1000 0.4995 -0.1018 -0.010818 -0.711073 12.25 
22.0035 2 1 1 0x0 0.6894 0.7111 0.69 0.71 0.0000 0.0000 0.1000 0.1000 0.4995 -0.1018 -0.010818 -0.711081 12.25 
22.0135 2 1 1 0x0 0.6863 0.7079 0.69 0.71 0.0000 0.0000 0.1000 0.1000 0.4995 -0.1018 -0.010818 -0.711098 12.24 
22.0235 2 1 1 0x0 0.6831 0.7047 0.68 0.70 0.0000 0.0000 0.1000 0.1000 0.4995 -0.1018 -0.010818 -0.711088 12.24 
22.0335 2 1 1 0x0 0.6799 0.7015 0.68 0.70 0.0000 0.0000 0.1000 0.1000 0.4995 -0.1018 -0.010818 -0.711101 12.24 
22.0435 2 1 1 0x0 0.6767 0.6984 0.68 0.70 0.0000 0.0000 0.1000 0.1000 0.4995 -0.1018 -0.010818 -0.711091 12.24 
22.0535 2 1 1 0x0 0.6735 0.6952 0.67 0.70 0.0000 0.0000 0.1000 0.1000 0.4995 -0.1018 -0.010818 -0.711101 12.24 
22.0635 2 1 1 0x0 0.6704 0.6920 0.67 0.69 0.0000 0.0000 0.1000 0.1000 0.4995 -0.1018 -0.010818 -0.711104 12.24 
22.0735 2 1 1 0x0 0.6672 0.6888 0.67 0.69 0.0000 0.0000 0.1000 0.1000 0.4995 -0.1018 -0.010818 -0.711135 12.24 
22.0835 2 1 1 0x0 0.6640 0.6856 0.66 0.69 0.0000 0.0000 0.1000 0.1000 0.4995 -0.1018 -0.010818 -0.711153 12.24 
22.0935 2 1 1 0x0 0.6608 0.6825 0.66 0.68 0.0000 0.0000 0.1000 0.1000 0.4995 -0.1018 -0.010818 -0.711157 12.24 
22.1035 2 1 1 0x0 0.6577 0.6793 0.66 0.68 0.0000 0.0000 0.1000 0.1000 0.4995 -0.1018 -0.010818 -0.711160 12.24 
22.1135 2 1 1 0x0 0.6545 0.6761 0.65 0.68 0.0000 0.0000 0.1000 0.1000 0.4995 -0.1018 -0.010818 -0.711183 12.24 
22.1235 2 1 1 0x0 0.6513 0.6729 0.65 0.67 0.0000 0.0000 0.1000 0.1000 0.4995 -0.1018 -0.010818 -0.711205 12.25 
22.1335 2 1 1 0x0 0.6481 0.6698 0.65 0.67 0.0000 0.0000 0.1000 0.1000 0.4995 -0.1018 -0.010818 -0.711216 12.25 
22.1435 2 1 1 0x0 0.6449 0.6666 0.64 0.67 0.0000 0.0000 0.1000 0.1000 0.4995 -0.1018 -0.010818 -0.711228 12.25 
22.1535 2 1 1 0x0 0.6418 0.6634 0.64 0.66 0.0000 0.0000 0.1000 0.1000 0.4995 -0.1018 -0.010818 -0.711213 12.24 
22.1634 2 1 1 0x0 0.6386 0.6602 0.64 0.66 0.0000 0.0000 0.1000 0.1000 0.4995 -0.1018 -0.010818 -0.711205 12.25 
22.1734 2 1 1 0x0 0.6354 0.6570 0.64 0.66 0.0000 0.0000 0.1000 0.1000 0.4995 -0.1018 -0.010818 -0.711194 12.25 
22.1834 2 1 1 0x0 0.6322 0.6539 0.63 0.65 0.0000 0.0000 0.1000 0.1000 0.4995 -0.1018 -0.010818 -0.711203 12.25 
22.1934 2 1 1 0x0 0.6291 0.6507 0.63 0.65 0.0000 0.0000 0.1000 0.1000 0.4995 -0.1018 -0.010818 -0.711209 12.25 
22.2034 2 1 1 0x0 0.6259 0.6475 0.63 0.65 0.0000 0.0000 0.1000 0.1000 0.4995 -0.1018 -0.010818 -0.711208 12.25 
22.2134 2 1 1 0x0 0.6227 0.6443 0.62 0.64 0.0000 0.0000 0.1000 0.1000 0.4995 -0.1018 -0.010818 -0.711193 12.25 
22.2234 2 1 1 0x0 0.6195 0.6412 0.62 0.64 0.0000 0.0000 0.1000 0.1000 0.4995 -0.1018 -0.010818 -0.711182 12.25 
22.2334 2 1 1 0x0 0.6163 0.6380 0.62 0.64 0.0000 0.0000 0.1000 0.1000 0.4995 -0.1018 -0.010818 -0.711176 12.25 
22.2434 2 1 1 0x0 0.6132 0.6348 0.61 0.63 0.0000 0.0000 0.1000 0.1000 0.4995 -0.1018 -0.010818 -0.711180 12.25 
22.2534 2 1 1 0x0 0.6100 0.6316 0.61 0.63 0.0000 0.0000 0.1000 0.1000 0.4995 -0.1018 -0.010818 -0.711178 12.25 
22.2634 2 1 1 0x0 0.6068 0.6284 0.61 0.63 0.0000 0.0000 0.1000 0.1000 0.4995 -0.1018 -0.010818 -0.711194 12.25 
22.2734 2 1 1 0x0 0.6036 0.6253 0.60 0.63 0.0000 0.0000 0.1000 0.1000 0.4995 -0.1018 -0.010818 -0.711203 12.24 
22.2834 2 1 1 0x0 0.6005 0.6221 0.60 0.62 0.0000 0.0000 0.1000 0.1000 0.4995 -0.1018 -0.010818 -0.711215 12.25 
22.2934 2 1 1 0x0 0.5973 0.6189 0.60 0.62 0.0000 0.0000 0.1000 0.1000 0.4995 -0.1018 -0.010818 -0.711216 12.24 
22.3034 2 1 1 0x0 0.5941 0.6157 0.59 0.62 0.0000 0.0000 0.1000 0.1000 0.4995 -0.1018 -0.010818 -0.711220 12.24 
22.3134 2 1 1 0x0 0.5909 0.6126 0.59 0.61 0.0000 0.0000 0.1000 0.1000 0.4995 -0.1018 -0.010818 -0.711206 12.25 
22.3234 2 1 1 0x0 0.5877 0.6094 0.59 0.61 0.0000 0.0000 0.1000 0.1000 0.4995 -0.1018 -0.010818 -0.711208 12.25 
22.3334 2 1 1 0x0 0.5846 0.6062 0.58 0.61 0.0000 0.0000 0.1000 0.1000 0.4995 -0.1018 -0.010818 -0.711198 12.24 
22.3433 2 1 1 0x0 0.5814 0.6030 0.58 0.60 0.0000 0.0000 0.1000 0.1000 0.4995 -0.1018 -0.010818 -0.711214 12.25 
22.3533 2 1 1 0x0 0.5782 0.5998 0.58 0.60 0.0000 0.0000 0.1000 0.1000 0.4995 -0.1018 -0.010818 -0.711201 12.24 
22.3633 2 1 1 0x0 0.5750 0.5967 0.58 0.60 0.0000 0.0000 0.1000 0.1000 0.4995 -0.1018 -0.010818 -0.711193 12.24 
22.3733 2 1 1 0x0 0.5718 0.5935 0.57 0.59 0.0000 0.0000 0.1000 0.1000 0.4995 -0.1018 -0.010818 -0.711204 12.25 
22.3833 2 1 1 0x0 0.5687 0.5903 0.57 0.59 0.0000 0.0000 0.1000 0.1000 0.4995 -0.1018 -0.010818 -0.711205 12.25 
22.3933 2 1 1 0x0 0.5655 0.5871 0.57 0.59 0.0000 0.0000 0.1000 0.1000 0.4995 -0.1018 -0.010818 -0.711230 12.25 
22.4033 2 1 1 0x0 0.5623 0.5839 0.56 0.58 0.0000 0.0000 0.1000 0.1000 0.4995 -0.1018 -0.010818 -0.711238 12.25 
22.4133 2 1 1 0x0 0.5591 0.5808 0.56 0.58 0.0000 0.0000 0.1000 0.1000 0.4995 -0.1018 -0.010818 -0.711263 12.25 
22.4233 2 1 1 0x0 0.5560 0.5776 0.56 0.58 0.0000 0.0000 0.1000 0.1000 0.4995 -0.1018 -0.010818 -0.711272 12.25 
22.4333 2 1 1 0x0 0.5528 0.5744 0.55 0.57 0.0000 0.0000 0.1000 0.1000 0.4995 -0.1018 -0.010818 -0.711269 12.24 
22.4433 2 1 1 0x0 0.5496 0.5712 0.55 0.57 0.0000 0.0000 0.1000 0.1000 0.4995 -0.1018 -0.010818 -0.711236 12.25 
22.4533 2 1 1 0x0 0.5464 0.5681 0.55 0.57 0.0000 0.0000 0.1000 0.1000 0.4995 -0.1018 -0.010818 -0.711244 12.25 
22.4633 2 1 1 0x0 0.5432 0.5649 0.54 0.56 0.0000 0.0000 0.1000 0.1000 0.4995 -0.1018 -0.010818 -0.711263 12.25 
22.4733 2 1 1 0x0 0.5401 0.5617 0.54 0.56 0.0000 0.0000 0.1000 0.1000 0.4995 -0.1018 -0.010818 -0.711262 12.25 
22.4833 2 1 1 0x0 0.5369 0.5585 0.54 0.56 0.0000 0.0000 0.1000 0.1000 0.4995 -0.1018 -0.010818 -0.711277 12.25 
22.4933 2 1 1 0x0 0.5337 0.5553 0.53 0.56 0.0000 0.0000 0.1000 0.1000 0.4995 -0.1018 -0.010818 -0.711275 12.25 
22.5033 2 1 1 0x0 0.5305 0.5522 0.53 0.55 0.0000 0.0000 0.1000 0.1000 0.4995 -0.1018 -0.010818 -0.711280 12.25 
22.5133 2 1 1 0x0 0.5274 0.5490 0.53 0.55 0.0000 0.0000 0.1000 0.1000 0.4995 -0.1018 -0.010818 -0.711289 12.25 
22.5233 2 1 1 0x0 0.5242 0.5458 0.52 0.55 0.0000 0.0000 0.1000 0.1000 0.4995 -0.1018 -0.010818 -0.711304 12.25 
22.5332 2 1 1 0x0 0.5210 0.5426 0.52 0.54 0.0000 0.0000 0.1000 0.1000 0.4995 -0.1018 -0.010818 -0.711320 12.24 
22.5432 2 1 1 0x0 0.5178 0.5395 0.52 0.54 0.0000 0.0000 0.1000 0.1000 0.4995 -0.1018 -0.010818 -0.711308 12.25 
22.5532 2 1 1 0x0 0.5146 0.5363 0.51 0.54 0.0000 0.0000 0.1000 0.1000 0.4995 -0.1018 -0.010818 -0.711327 12.24 
22.5632 2 1 1 0x0 0.5115 0.5331 0.51 0.53 0.0000 0.0000 0.1000 0.1000 0.4995 -0.1018 -0.010818 -0.711307 12.24 
22.5732 2 1 1 0x0 0.5083 0.5299 0.51 0.53 0.0000 0.0000 0.1000 0.1000 0.4995 -0.1018 -0.010818 -0.711295 12.25 
22.5832 2 1 1 0x0 0.5051 0.5267 0.51 0.53 0.0000 0.0000 0.1000 0.1000 0.4995 -0.1018 -0.010818 -0.711276 12.24 
22.5932 2 1 1 0x0 0.5019 0.5236 0.50 0.52 0.0000 0.0000 0.1000 0.1000 0.4995 -0.1018 -0.010818 -0.711286 12.25 
22.6032 2 1 1 0x0 0.4988 0.5204 0.50 0.52 0.0000 0.0000 0.1000 0.1000 0.4995 -0.1018 -0.010818 -0.711280 12.24 
22.6132 2 1 1 0x0 0.4956 0.5172 0.50 0.52 0.0000 0.0000 0.1000 0.1000 0.4995 -0.1018 -0.010818 -0.711276 12.24 
22.6232 2 1 1 0x0 0.4924 0.5140 0.49 0.51 0.0000 0.0000 0.1000 0.1000 0.4995 -0.1018 -0.010818 -0.711268 12.24 
22.6332 2 1 1 0x0 0.4892 0.5109 0.49 0.51 0.0000 0.0000 0.1000 0.1000 0.4995 -0.1018 -0.010818 -0.711272 12.24 
22.6432 2 1 1 0x0 0.4860 0.5077 0.49 0.51 0.0000 0.0000 0.1000 0.1000 0.4995 -0.1018 -0.010818 -0.711264 12.24 
22.6532 2 1 1 0x0 0.4829 0.5045 0.48 0.50 0.0000 0.0000 0.1000 0.1000 0.4995 -0.1018 -0.010818 -0.711268 12.25 
22.6632 2 1 1 0x0 0.4797 0.5013 0.48 0.50 0.0000 0.0000 0.1000 0.1000 0.4995 -0.1018 -0.010818 -0.711277 12.25 
22.6732 2 1 1 0x0 0.4765 0.4981 0.48 0.50 0.0000 0.0000 0.1000 0.1000 0.4995 -0.1018 -0.010818 -0.711269 12.25 
22.6832 2 1 1 0x0 0.4733 0.4950 0.47 0.49 0.0000 0.0000 0.1000 0.1000 0.4995 -0.1018 -0.010818 -0.711283 12.25 
22.6932 2 1 1 0x0 0.4701 0.4918 0.47 0.49 0.0000 0.0000 0.1000 0.1000 0.4995 -0.1018 -0.010818 -0.711282 12.25 
22.7032 2 1 1 0x0 0.4670 0.4886 0.47 0.49 0.0000 0.0000 0.1000 0.1000 0.4995 -0.1018 -0.010818 -0.711276 12.25 
22.7131 2 1 1 0x0 0.4638 0.4854 0.46 0.49 0.0000 0.0000 0.1000 0.1000 0.4995 -0.1018 -0.010818 -0.711251 12.25 
22.7231 2 1 1 0x0 0.4606 0.4822 0.46 0.48 0.0000 0.0000 0.1000 0.1000 0.4995 -0.1018 -0.010818 -0.711264 12.24 
22.7331 2 1 1 0x0 0.4574 0.4791 0.46 0.48 0.0000 0.0000 0.1000 0.1000 0.4995 -0.1018 -0.010818 -0.711265 12.25 
22.7431 2 1 1 0x0 0.4543 0.4759 0.45 0.48 0.0000 0.0000 0.1000 0.1000 0.4995 -0.1018 -0.010818 -0.711263 12.24 
22.7531 2 1 1 0x0 0.4511 0.4727 0.45 0.47 0.0000 0.0000 0.1000 0.1000 0.4995 -0.1018 -0.010818 -0.711267 12.25 
22.7631 2 1 1 0x0 0.4479 0.4695 0.45 0.47 0.0000 0.0000 0.1000 0.1000 0.4995 -0.1018 -0.010818 -0.711272 12.25 
22.7731 2 1 1 0x0 0.4447 0.4664 0.44 0.47 0.0000 0.0000 0.1000 0.1000 0.4995 -0.1018 -0.010818 -0.711285 12.24 
22.7831 2 1 1 0x0 0.4415 0.4632 0.44 0.46 0.0000 0.0000 0.1000 0.1000 0.4995 -0.1018 -0.010818 -0.711288 12.25 
22.7931 2 1 1 0x0 0.4384 0.4600 0.44 0.46 0.0000 0.0000 0.1000 0.1000 0.4995 -0.1018 -0.010818 -0.711265 12.25 
22.8031 2 1 1 0x0 0.4352 0.4568 0.44 0.46 0.0000 0.0000 0.1000 0.1000 0.4995 -0.1018 -0.010818 -0.711270 12.25 
22.8131 2 1 1 0x0 0.4320 0.4536 0.43 0.45 0.0000 0.0000 0.1000 0.1000 0.4995 -0.1018 -0.010818 -0.711289 12.25 
22.8231 2 1 1 0x0 0.4288 0.4505 0.43 0.45 0.0000 0.0000 0.1000 0.1000 0.4995 -0.1018 -0.010818 -0.711290 12.25 
22.8331 2 1 1 0x0 0.4257 0.4473 0.43 0.45 0.0000 0.0000 0.1000 0.1000 0.4995 -0.1018 -0.010818 -0.711292 12.25 
22.8431 2 1 1 0x0 0.4225 0.4441 0.42 0.44 0.0000 0.0000 0.1000 0.1000 0.4995 -0.1018 -0.010818 -0.711293 12.25 
22.8531 2 1 1 0x0 0.4193 0.4409 0.42 0.44 0.0000 0.0000 0.1000 0.1000 0.4995 -0.1018 -0.010818 -0.711293 12.25 
22.8631 2 1 1 0x0 0.4161 0.4378 0.42 0.44 0.0000 0.0000 0.1000 0.1000 0.4995 -0.1018 -0.010818 -0.711320 12.24 
22.8731 2 1 1 0x0 0.4129 0.4346 0.41 0.43 0.0000 0.0000 0.1000 0.1000 0.4995 -0.1018 -0.010818 -0.711316 12.25 
22.8831 2 1 1 0x0 0.4098 0.4314 0.41 0.43 0.0000 0.0000 0.1000 0.1000 0.4995 -0.1018 -0.010818 -0.711328 12.25 
22.8930 2 1 1 0x0 0.4066 0.4282 0.41 0.43 0.0000 0.0000 0.1000 0.1000 0.4995 -0.1018 -0.010818 -0.711330 12.26 
22.9030 2 1 1 0x0 0.4034 0.4250 0.40 0.43 0.0000 0.0000 0.1000 0.1000 0.4995 -0.1018 -0.010818 -0.711354 12.25 
22.9130 2 1 1 0x0 0.4002 0.4219 0.40 0.42 0.0000 0.0000 0.1000 0.1000 0.4995 -0.1018 -0.010818 -0.711336 12.25 
22.9230 2 1 1 0x0 0.3971 0.4187 0.40 0.42 0.0000 0.0000 0.1000 0.1000 0.4995 -0.1018 -0.010818 -0.711321 12.25 
22.9330 2 1 1 0x0 0.3939 0.4155 0.39 0.42 0.0000 0.0000 0.1000 0.1000 0.4995 -0.1018 -0.010818 -0.711316 12.25 
22.9430 2 1 1 0x0 0.3907 0.4123 0.39 0.41 0.0000 0.0000 0.1000 0.1000 0.4995 -0.1018 -0.010818 -0.711322 12.25 
22.9530 2 1 1 0x0 0.3875 0.4092 0.39 0.41 0.0000 0.0000 0.1000 0.1000 0.4995 -0.1018 -0.010818 -0.711315 12.25 
22.9630 2 1 1 0x0 0.3843 0.4060 0.38 0.41 0.0000 0.0000 0.1000 0.1000 0.4995 -0.1018 -0.010818 -0.711329 12.25 
22.9730 2 1 1 0x0 0.3812 0.4028 0.38 0.40 0.0000 0.0000 0.1000 0.1000 0.4995 -0.1018 -0.010818 -0.711349 12.24 
22.9830 2 1 1 0x0 0.3780 0.3996 0.38 0.40 0.0000 0.0000 0.1000 0.1000 0.4995 -0.1018 -0.010818 -0.711321 12.24 
22.9930 2 1 1 0x0 0.3748 0.3964 0.37 0.40 0.0000 0.0000 0.1000 0.1000 0.4995 -0.1018 -0.010818 -0.711320 12.24 
23.0030 2 1 1 0x0 0.3716 0.3933 0.37 0.39 0.0000 0.0000 0.1000 0.1000 0.4995 -0.1018 -0.010818 -0.711340 12.26 
23.0130 2 1 1 0x0 0.3685 0.3901 0.37 0.39 0.0000 0.0000 0.1000 0.1000 0.4995 -0.1018 -0.010818 -0.711344 12.25 
23.0230 2 1 1 0x0 0.3653 0.3869 0.37 0.39 0.0000 0.0000 0.1000 0.1000 0.4995 -0.1018 -0.010818 -0.711346 12.25 
23.0330 2 1 1 0x0 0.3621 0.3837 0.36 0.38 0.0000 0.0000 0.1000 0.1000 0.4995 -0.1018 -0.010818 -0.711345 12.24 
23.0430 2 1 1 0x0 0.3589 0.3806 0.36 0.38 0.0000 0.0000 0.1000 0.1000 0.4995 -0.1018 -0.010818 -0.711370 12.25 
23.0530 2 1 1 0x0 0.3557 0.3774 0.36 0.38 0.0000 0.0000 0.1000 0.1000 0.4995 -0.1018 -0.010818 -0.711365 12.24 
23.0630 2 1 1 0x0 0.3526 0.3742 0.35 0.37 0.0000 0.0000 0.1000 0.1000 0.4995 -0.1018 -0.010818 -0.711354 12.25 
23.0729 2 1 1 0x0 0.3494 0.3710 0.35 0.37 0.0000 0.0000 0.1000 0.1000 0.4995 -0.1018 -0.010818 -0.711347 12.24 
23.0829 2 1 1 0x0 0.3462 0.3678 0.35 0.37 0.0000 0.0000 0.1000 0.1000 0.4995 -0.1018 -0.010818 -0.711342 12.24 
23.0929 2 1 1 0x0 0.3430 0.3647 0.34 0.36 0.0000 0.0000 0.1000 0.1000 0.4995 -0.1018 -0.010818 -0.711325 12.25 
23.1029 2 1 1 0x0 0.3399 0.3615 0.34 0.36 0.0000 0.0000 0.1000 0.1000 0.4995 -0.1018 -0.010818 -0.711332 12.24 
23.1129 2 1 1 0x0 0.3367 0.3583 0.34 0.36 0.0000 0.0000 0.1000 0.1000 0.4995 -0.1018 -0.010818 -0.711315 12.25 
23.1229 2 1 1 0x0 0.3335 0.3551 0.33 0.36 0.0000 0.0000 0.1000 0.1000 0.4995 -0.1018 -0.010818 -0.711309 12.25 
23.1329 2 1 1 0x0 0.3303 0.3520 0.33 0.35 0.0000 0.0000 0.1000 0.1000 0.4995 -0.1018 -0.010818 -0.711309 12.25 
23.1429 2 1 1 0x0 0.3271 0.3488 0.33 0.35 0.0000 0.0000 0.1000 0.1000 0.4995 -0.1018 -0.010818 -0.711299 12.25 
23.1529 2 1 1 0x0 0.3240 0.3456 0.32 0.35 0.0000 0.0000 0.1000 0.1000 0.4995 -0.1018 -0.010818 -0.711301 12.25 
23.1629 2 1 1 0x0 0.3208 0.3424 0.32 0.34 0.0000 0.0000 0.1000 0.1000 0.4995 -0.1018 -0.010818 -0.711298 12.25 
23.1729 2 1 1 0x0 0.3176 0.3392 0.32 0.34 0.0000 0.0000 0.1000 0.1000 0.4995 -0.1018 -0.010818 -0.711314 12.25 
23.1829 2 1 1 0x0 0.3144 0.3361 0.31 0.34 0.0000 0.0000 0.1000 0.1000 0.4995 -0.1018 -0.010818 -0.711313 12.25 
23.1929 2 1 1 0x0 0.3113 0.3329 0.31 0.33 0.0000 0.0000 0.1000 0.1000 0.4995 -0.1018 -0.010818 -0.711332 12.25 
23.2029 2 1 1 0x0 0.3081 0.3297 0.31 0.33 0.0000 0.0000 0.1000 0.1000 0.4995 -0.1018 -0.010818 -0.711357 12.24 
23.2129 2 1 1 0x0 0.3049 0.3265 0.30 0.33 0.0000 0.0000 0.1000 0.1000 0.4995 -0.1018 -0.010818 -0.711366 12.25 
23.2229 2 1 1 0x0 0.3017 0.3234 0.30 0.32 0.0000 0.0000 0.1000 0.1000 0.4995 -0.1018 -0.010818 -0.711382 12.25 
23.2329 2 1 1 0x0 0.2985 0.3202 0.30 0.32 0.0000 0.0000 0.1000 0.1000 0.4995 -0.1018 -0.010818 -0.711388 12.25 
23.2429 2 1 1 0x0 0.2954 0.3170 0.30 0.32 0.0000 0.0000 0.1000 0.1000 0.4995 -0.1018 -0.010818 -0.711399 12.24 
23.2528 2 1 1 0x0 0.2922 0.3138 0.29 0.31 0.0000 0.0000 0.1000 0.1000 0.4995 -0.1018 -0.010818 -0.711428 12.25 
23.2628 2 1 1 0x0 0.2890 0.3107 0.29 0.31 0.0000 0.0000 0.1000 0.1000 0.4995 -0.1018 -0.010818 -0.711445 12.25 
23.2728 2 1 1 0x0 0.2858 0.3075 0.29 0.31 0.0000 0.0000 0.1000 0.1000 0.4995 -0.1018 -0.010818 -0.711437 12.25 
23.2828 2 1 1 0x0 0.2827 0.3043 0.28 0.30 0.0000 0.0000 0.1000 0.1000 0.4995 -0.1018 -0.010818 -0.711419 12.25 
23.2928 2 1 1 0x0 0.2795 0.3011 0.28 0.30 0.0000 0.0000 0.1000 0.1000 0.4995 -0.1018 -0.010818 -0.711419 12.25 
23.3028 2 1 1 0x0 0.2763 0.2979 0.28 0.30 0.0000 0.0000 0.1000 0.1000 0.4995 -0.1018 -0.010818 -0.711442 12.25 
23.3128 2 1 1 0x0 0.2731 0.2948 0.27 0.29 0.0000 0.0000 0.1000 0.1000 0.4995 -0.1018 -0.010818 -0.711454 12.24 
23.3228 2 1 1 0x0 0.2700 0.2916 0.27 0.29 0.0000 0.0000 0.1000 0.1000 0.4995 -0.1018 -0.010818 -0.711450 12.25 
23.3328 2 1 1 0x0 0.2668 0.2884 0.27 0.29 0.0000 0.0000 0.1000 0.1000 0.4995 -0.1018 -0.010818 -0.711425 12.24 
23.3428 2 1 1 0x0 0.2636 0.2852 0.26 0.29 0.0000 0.0000 0.1000 0.1000 0.4995 -0.1018 -0.010818 -0.711436 12.25 
23.3528 2 1 1 0x0 0.2604 0.2821 0.26 0.28 0.0000 0.0000 0.1000 0.1000 0.4995 -0.1018 -0.010818 -0.711431 12.25 
23.3628 2 1 1 0x0 0.2572 0.2789 0.26 0.28 0.0000 0.0000 0.1000 0.1000 0.4995 -0.1018 -0.010818 -0.711425 12.25 
23.3728 2 1 1 0x0 0.2541 0.2757 0.25 0.28 0.0000 0.0000 0.1000 0.1000 0.4995 -0.1018 -0.010818 -0.711433 12.24 
23.3828 2 1 1 0x0 0.2509 0.2725 0.25 0.27 0.0000 0.0000 0.1000 0.1000 0.4995 -0.1018 -0.010818 -0.711422 12.25 
23.3928 2 1 1 0x0 0.2477 0.2693 0.25 0.27 0.0000 0.0000 0.1000 0.1000 0.4995 -0.1018 -0.010818 -0.711413 12.25 
23.4028 2 1 1 0x0 0.2445 0.2662 0.24 0.27 0.0000 0.0000 0.1000 0.1000 0.4995 -0.1018 -0.010818 -0.711416 12.24 
23.4128 2 1 1 0x0 0.2414 0.2630 0.24 0.26 0.0000 0.0000 0.1000 0.1000 0.4995 -0.1018 -0.010818 -0.711410 12.24 
23.4228 2 1 1 0x0 0.2382 0.2598 0.24 0.26 0.0000 0.0000 0.1000 0.1000 0.4995 -0.1018 -0.010818 -0.711398 12.25 
23.4328 2 1 1 0x0 0.2350 0.2566 0.23 0.26 0.0000 0.0000 0.1000 0.1000 0.4995 -0.1018 -0.010818 -0.711385 12.25 
23.4427 2 1 1 0x0 0.2318 0.2535 0.23 0.25 0.0000 0.0000 0.1000 0.1000 0.4995 -0.1018 -0.010818 -0.711392 12.25 
23.4527 2 1 1 0x0 0.2286 0.2503 0.23 0.25 0.0000 0.0000 0.1000 0.1000 0.4995 -0.1018 -0.010818 -0.711381 12.24 
23.4627 2 1 1 0x0 0.2255 0.2471 0.23 0.25 0.0000 0.0000 0.1000 0.1000 0.4995 -0.1018 -0.010818 -0.711372 12.25 
23.4727 2 1 1 0x0 0.2223 0.2439 0.22 0.24 0.0000 0.0000 0.1000 0.1000 0.4995 -0.1018 -0.010818 -0.711371 12.25 
23.4827 2 1 1 0x0 0.2191 0.2407 0.22 0.24 0.0000 0.0000 0.1000 0.1000 0.4995 -0.1018 -0.010818 -0.711383 12.25 
23.4927 2 1 1 0x0 0.2159 0.2376 0.22 0.24 0.0000 0.0000 0.1000 0.1000 0.4995 -0.1018 -0.010818 -0.711402 12.24 
23.5027 2 1 1 0x0 0.2128 0.2344 0.21 0.23 0.0000 0.0000 0.1000 0.1000 0.4995 -0.1018 -0.010818 -0.711371 12.25 
23.5127 2 1 1 0x0 0.2096 0.2312 0.21 0.23 0.0000 0.0000 0.1000 0.1000 0.4995 -0.1018 -0.010818 -0.711350 12.25 
23.5227 2 1 1 0x0 0.2064 0.2280 0.21 0.23 0.0000 0.0000 0.1000 0.1000 0.4995 -0.1018 -0.010818 -0.711328 12.25 
23.5327 2 1 1 0x0 0.2032 0.2249 0.20 0.22 0.0000 0.0000 0.1000 0.1000 0.4995 -0.1018 -0.010818 -0.711319 12.25 
23.5427 2 1 1 0x0 0.2000 0.2217 0.20 0.22 0.0000 0.0000 0.1000 0.1000 0.4995 -0.1018 -0.010818 -0.711332 12.25 
23.5527 2 1 1 0x0 0.1969 0.2185 0.20 0.22 0.0000 0.0000 0.1000 0.1000 0.4995 -0.1018 -0.010818 -0.711308 12.25 
23.5627 2 1 1 0x0 0.1937 0.2153 0.19 0.22 0.0000 0.0000 0.1000 0.1000 0.4995 -0.1018 -0.010818 -0.711302 12.24 
23.5727 2 1 1 0x0 0.1905 0.2121 0.19 0.21 0.0000 0.0000 0.1000 0.1000 0.4995 -0.1018 -0.010818 -0.711282 12.25 
23.5827 2 1 1 0x0 0.1873 0.2090 0.19 0.21 0.0000 0.0000 0.1000 0.1000 0.4995 -0.1018 -0.010818 -0.711295 12.25 
23.5927 2 1 1 0x0 0.1842 0.2058 0.18 0.21 0.0000 0.0000 0.1000 0.1000 0.4995 -0.1018 -0.010818 -0.711297 12.25 
23.6027 2 1 1 0x0 0.1810 0.2026 0.18 0.20 0.0000 0.0000 0.1000 0.1000 0.4995 -0.1018 -0.010818 -0.711304 12.25 
23.6127 2 1 1 0x0 0.1778 0.1994 0.18 0.20 0.0000 0.0000 0.1000 0.1000 0.4995 -0.1018 -0.010818 -0.711322 12.24 
23.6226 2 1 1 0x0 0.1746 0.1963 0.17 0.20 0.0000 0.0000 0.1000 0.1000 0.4995 -0.1018 -0.010818 -0.711312 12.24 
23.6326 2 1 1 0x0 0.1714 0.1931 0.17 0.19 0.0000 0.0000 0.1000 0.1000 0.4995 -0.1018 -0.010818 -0.711284 12.25 
23.6426 2 1 1 0x0 0.1683 0.1899 0.17 0.19 0.0000 0.0000 0.1000 0.1000 0.4995 -0.1018 -0.010818 -0.711272 12.25 
23.6526 2 1 1 0x0 0.1651 0.1867 0.17 0.19 0.0000 0.0000 0.1000 0.1000 0.4995 -0.1018 -0.010818 -0.711273 12.24 
23.6626 2 1 1 0x0 0.1619 0.1836 0.16 0.18 0.0000 0.0000 0.1000 0.1000 0.4995 -0.1018 -0.010818 -0.711253 12.24 
23.6726 2 1 1 0x0 0.1587 0.1804 0.16 0.18 0.0000 0.0000 0.1000 0.1000 0.4995 -0.1018 -0.010818 -0.711275 12.25 
23.6826 2 1 1 0x0 0.1556 0.1772 0.16 0.18 0.0000 0.0000 0.1000 0.1000 0.4995 -0.1018 -0.010818 -0.711272 12.25 
23.6926 2 1 1 0x0 0.1524 0.1740 0.15 0.17 0.0000 0.0000 0.1000 0.1000 0.4995 -0.1018 -0.010818 -0.711257 12.25 
23.7026 2 1 1 0x0 0.1492 0.1708 0.15 0.17 0.0000 0.0000 0.1000 0.1000 0.4995 -0.1018 -0.010818 -0.711244 12.24 
23.7126 2 1 1 0x0 0.1460 0.1677 0.15 0.17 0.0000 0.0000 0.1000 0.1000 0.4995 -0.1018 -0.010818 -0.711229 12.25 
23.7226 2 1 1 0x0 0.1428 0.1645 0.14 0.16 0.0000 0.0000 0.1000 0.1000 0.4995 -0.1018 -0.010818 -0.711244 12.25 
23.7326 2 1 1 0x0 0.1397 0.1613 0.14 0.16 0.0000 0.0000 0.1000 0.1000 0.4995 -0.1018 -0.010818 -0.711263 12.24 
23.7426 2 1 1 0x0 0.1365 0.1581 0.14 0.16 0.0000 0.0000 0.1000 0.1000 0.4995 -0.1018 -0.010818 -0.711256 12.24 
23.7526 2 1 1 0x0 0.1333 0.1550 0.13 0.15 0.0000 0.0000 0.1000 0.1000 0.4995 -0.1018 -0.010818 -0.711257 12.24 
23.7626 2 1 1 0x0 0.1301 0.1518 0.13 0.15 0.0000 0.0000 0.1000 0.1000 0.4995 -0.1018 -0.010818 -0.711244 12.25 
23.7726 2 1 1 0x0 0.1270 0.1486 0.13 0.15 0.0000 0.0000 0.1000 0.1000 0.4995 -0.1018 -0.010818 -0.711249 12.25 
23.7826 2 1 1 0x0 0.1238 0.1454 0.12 0.15 0.0000 0.0000 0.1000 0.1000 0.4995 -0.1018 -0.010818 -0.711240 12.24 
23.7926 2 1 1 0x0 0.1206 0.1422 0.12 0.14 0.0000 0.0000 0.1000 0.1000 0.4995 -0.1018 -0.010818 -0.711231 12.25 
23.8025 2 1 1 0x0 0.1174 0.1391 0.12 0.14 0.0000 0.0000 0.1000 0.1000 0.4995 -0.1018 -0.010818 -0.711220 12.25 
23.8125 2 1 1 0x0 0.1142 0.1359 0.11 0.14 0.0000 0.0000 0.1000 0.1000 0.4995 -0.1018 -0.010818 -0.711246 12.24 
23.8225 2 1 1 0x0 0.1111 0.1327 0.11 0.13 0.0000 0.0000 0.1000 0.1000 0.4995 -0.1018 -0.010818 -0.711258 12.25 
23.8325 2 1 1 0x0 0.1079 0.1295 0.11 0.13 0.0000 0.0000 0.1000 0.1000 0.4995 -0.1018 -0.010818 -0.711266 12.24 
23.8425 2 1 1 0x0 0.1047 0.1264 0.10 0.13 0.0000 0.0000 0.1000 0.1000 0.4995 -0.1018 -0.010818 -0.711237 12.24 
23.8525 2 1 1 0x0 0.1015 0.1232 0.10 0.12 0.0000 0.0000 0.1000 0.1000 0.4995 -0.1018 -0.010818 -0.711238 12.25 
23.8625 2 1 1 0x0 0.0984 0.1200 0.10 0.12 0.0000 0.0000 0.1000 0.1000 0.4995 -0.1018 -0.010818 -0.711260 12.25 
23.8725 2 1 1 0x0 0.0952 0.1168 0.10 0.12 0.0000 0.0000 0.1000 0.1000 0.4995 -0.1018 -0.010818 -0.711284 12.24 
23.8825 2 1 1 0x0 0.0920 0.1136 0.09 0.11 0.0000 0.0000 0.1000 0.1000 0.4995 -0.1018 -0.010818 -0.711308 12.25 
23.8925 2 1 1 0x0 0.0888 0.1105 0.09 0.11 0.0000 0.0000 0.1000 0.1000 0.4995 -0.1018 -0.010818 -0.711318 12.24 
23.9025 2 1 1 0x0 0.0856 0.1073 0.09 0.11 0.0000 0.0000 0.1000 0.1000 0.4995 -0.1018 -0.010818 -0.711315 12.25 
23.9125 2 1 1 0x0 0.0825 0.1041 0.08 0.10 0.0000 0.0000 0.1000 0.1000 0.4995 -0.1018 -0.010818 -0.711316 12.25 
23.9225 2 1 1 0x0 0.0793 0.1009 0.08 0.10 0.0000 0.0000 0.1000 0.1000 0.4995 -0.1018 -0.010818 -0.711314 12.25 
23.9325 2 1 1 0x0 0.0761 0.0978 0.08 0.10 0.0000 0.0000 0.1000 0.1000 0.4995 -0.1018 -0.010818 -0.711328 12.25 
23.9425 2 1 1 0x0 0.0729 0.0946 0.07 0.09 0.0000 0.0000 0.1000 0.1000 0.4995 -0.1018 -0.010818 -0.711322 12.25 
23.9525 2 1 1 0x0 0.0698 0.0914 0.07 0.09 0.0000 0.0000 0.1000 0.1000 0.4995 -0.1018 -0.010818 -0.711352 12.25 
23.9625 2 1 1 0x0 0.0666 0.0882 0.07 0.09 0.0000 0.0000 0.1000 0.1000 0.4995 -0.1018 -0.010818 -0.711331 12.25 
23.9725 2 1 1 0x0 0.0634 0.0850 0.06 0.09 0.0000 0.0000 0.1000 0.1000 0.4995 -0.1018 -0.010818 -0.711309 12.25 
23.9824 2 1 1 0x0 0.0602 0.0819 0.06 0.08 0.0000 0.0000 0.1000 0.1000 0.4995 -0.1018 -0.010818 -0.711307 12.25 
23.9924 2 1 1 0x0 0.0570 0.0787 0.06 0.08 0.0000 0.0000 0.1000 0.1000 0.4995 -0.1018 -0.010818 -0.711323 12.25 
24.0024 2 1 1 0x0 0.0539 0.0755 0.05 0.08 0.0000 0.0000 0.1000 0.1000 0.4995 -0.1018 -0.010818 -0.711344 12.25 
24.0124 2 1 1 0x0 0.0507 0.0723 0.05 0.07 0.0000 0.0000 0.1000 0.1000 0.4995 -0.1018 -0.010818 -0.711345 12.24 
24.0224 2 1 1 0x0 0.0475 0.0692 0.05 0.07 0.0000 0.0000 0.1000 0.1000 0.4995 -0.1018 -0.010818 -0.711348 12.24 
24.0324 2 1 1 0x0 0.0443 0.0660 0.04 0.07 0.0000 0.0000 0.1000 0.1000 0.4995 -0.1018 -0.010818 -0.711348 12.24 
24.0424 2 1 1 0x0 0.0412 0.0628 0.04 0.06 0.0000 0.0000 0.1000 0.1000 0.4995 -0.1018 -0.010818 -0.711346 12.25 
24.0524 2 1 1 0x0 0.0380 0.0596 0.04 0.06 0.0000 0.0000 0.1000 0.1000 0.4995 -0.1018 -0.010818 -0.711333 12.25 
24.0624 2 1 1 0x0 0.0348 0.0564 0.03 0.06 0.0000 0.0000 0.1000 0.1000 0.4995 -0.1018 -0.010818 -0.711333 12.24 
24.0724 2 1 1 0x0 0.0316 0.0533 0.03 0.05 0.0000 0.0000 0.1000 0.1000 0.4995 -0.1018 -0.010818 -0.711322 12.25 
24.0824 2 1 1 0x0 0.0284 0.0501 0.03 0.05 0.0000 0.0000 0.1000 0.1000 0.4995 -0.1018 -0.010818 -0.711352 12.25 
24.0924 2 1 1 0x0 0.0253 0.0469 0.03 0.05 0.0000 0.0000 0.1000 0.1000 0.4995 -0.1018 -0.010818 -0.711344 12.25 
24.1024 2 1 1 0x0 0.0221 0.0437 0.02 0.04 0.0000 0.0000 0.1000 0.1000 0.4995 -0.1018 -0.010818 -0.711307 12.25 
24.1124 2 1 1 0x0 0.0189 0.0405 0.02 0.04 0.0000 0.0000 0.1000 0.1000 0.4995 -0.1018 -0.010818 -0.711311 12.24 
24.1224 2 1 1 0x0 0.0157 0.0374 0.02 0.04 0.0000 0.0000 0.1000 0.1000 0.4995 -0.1018 -0.010818 -0.711296 12.24 
24.1324 2 1 1 0x0 0.0126 0.0342 0.01 0.03 0.0000 0.0000 0.1000 0.1000 0.4995 -0.1018 -0.010818 -0.711287 12.25 
24.1424 2 1 1 0x0 0.0094 0.0310 0.01 0.03 0.0000 0.0000 0.1000 0.1000 0.4995 -0.1018 -0.010818 -0.711286 12.24 
24.1524 2 1 1 0x0 0.0062 0.0278 0.01 0.03 0.0000 0.0000 0.1000 0.1000 0.4995 -0.1018 -0.010818 -0.711265 12.24 
24.1623 2 1 1 0x0 0.0030 0.0247 0.00 0.02 0.0000 0.0000 0.1000 0.1000 0.4995 -0.1018 -0.010818 -0.711277 12.25 
24.1723 2 1 1 0x0 -0.0002 0.0215 -0.00 0.02 0.0000 0.0000 0.1000 0.1000 0.4995 -0.1018 -0.010818 -0.711267 12.25 
