%% logfile from REGBOT:
%  1    time 26.4951 sec, from Jasmin (81)
%  2  3  4  5   (mission 0), state 2, entered (thread 1, line 1), events 0x0 (bit-flags)
%  6  7 Motor velocity ref left, right: -0.9313 -0.6879
%  8  9 Motor voltage [V] left, right: -0.93 -0.69
% 10 13 Wheel velocity [m/s] left, right: -0.0000 0.0000 delay 0.0000 0.1000 (sec)
% 14 15 16 17 Pose x,y,h,tilt [m,m,rad,rad]: 0.4873 -0.207012 -0.121705 -0.712075
% 18    Battery voltage [V]
0.0080 2 1 0 0x0 0.0000 0.0000 0.00 0.00 -0.0000 0.0000 0.0000 0.0000 0.0000 0.0000 0.000000 -0.714097 12.28 
0.0180 2 1 0 0x0 0.0000 0.0000 0.00 0.00 -0.0000 0.0000 0.0000 0.0000 0.0000 0.0000 0.000000 -0.714243 12.28 
0.0280 2 1 0 0x0 0.0000 0.0000 0.00 0.00 -0.0000 0.0000 0.0000 0.0000 0.0000 0.0000 0.000000 -0.714376 12.29 
0.0380 2 1 0 0x0 0.0000 0.0000 0.00 0.00 -0.0000 0.0000 0.0000 0.0000 0.0000 0.0000 0.000000 -0.714523 12.29 
0.0480 2 1 0 0x0 0.0000 0.0000 0.00 0.00 -0.0000 0.0000 0.0000 0.0000 0.0000 0.0000 0.000000 -0.714664 12.29 
0.0580 2 1 0 0x0 0.0000 0.0000 0.00 0.00 -0.0000 0.0000 0.0000 0.0000 0.0000 0.0000 0.000000 -0.714795 12.28 
0.0680 2 1 0 0x0 0.0000 0.0000 0.00 0.00 -0.0000 0.0000 0.0000 0.0000 0.0000 0.0000 0.000000 -0.714927 12.28 
0.0780 2 1 0 0x0 0.0000 0.0000 0.00 0.00 -0.0000 0.0000 0.0000 0.0000 0.0000 0.0000 0.000000 -0.715059 12.28 
0.0880 2 1 0 0x0 0.0000 0.0000 0.00 0.00 -0.0000 0.0000 0.0000 0.0000 0.0000 0.0000 0.000000 -0.715205 12.29 
0.0980 2 1 0 0x0 0.0000 0.0000 0.00 0.00 -0.0000 0.0000 0.0000 0.0000 0.0000 0.0000 0.000000 -0.715318 12.29 
0.1080 2 1 1 0x0 3.0000 3.0000 3.00 3.00 0.0000 0.0000 0.0000 0.0000 0.0004 0.0000 0.000000 -0.715454 12.23 
0.1180 2 1 1 0x0 2.9973 3.0027 3.00 3.00 0.1556 0.1149 0.0022 0.0023 0.0018 -0.0000 -0.002705 -0.721268 12.23 
0.1280 2 1 1 0x0 2.9946 3.0054 2.99 3.01 0.1129 0.1623 0.0019 0.0029 0.0032 -0.0000 -0.005409 -0.732265 12.23 
0.1380 2 1 1 0x0 3.0027 2.9973 3.00 3.00 0.1053 0.2205 0.0045 0.0034 0.0047 -0.0000 0.002705 -0.734731 12.23 
0.1480 2 1 1 0x0 2.9973 3.0027 3.00 3.00 0.2046 0.0957 0.0011 0.0042 0.0063 -0.0000 -0.002705 -0.738570 12.23 
0.1580 2 1 1 0x0 2.9973 3.0027 3.00 3.00 0.2098 0.1664 0.0027 0.0032 0.0079 -0.0000 -0.002705 -0.743831 12.23 
0.1680 2 1 1 0x0 2.9973 3.0027 3.00 3.00 0.1862 0.2155 0.0024 0.0018 0.0099 -0.0000 -0.002705 -0.748236 12.23 
0.1780 2 1 1 0x0 2.9946 3.0054 2.99 3.01 0.2269 0.1805 0.0021 0.0014 0.0122 -0.0000 -0.005409 -0.751743 12.23 
0.1880 2 1 1 0x0 2.9919 3.0081 2.99 3.01 0.2887 0.2244 0.0011 0.0009 0.0148 -0.0000 -0.008114 -0.755436 12.23 
0.1980 2 1 1 0x0 2.9919 3.0081 2.99 3.01 0.3243 0.2382 0.0022 0.0014 0.0172 -0.0001 -0.008114 -0.757820 12.23 
0.2080 2 1 1 0x0 2.9892 3.0108 2.99 3.01 0.3702 0.3218 0.0015 0.0011 0.0203 -0.0001 -0.010818 -0.759432 12.24 
0.2180 2 1 1 0x0 2.9892 3.0108 2.99 3.01 0.3714 0.3710 0.0018 0.0006 0.0235 -0.0001 -0.010818 -0.761840 12.23 
0.2280 2 1 1 0x0 2.9865 3.0135 2.99 3.01 0.2987 0.3781 0.0014 0.0010 0.0270 -0.0002 -0.013523 -0.764108 12.24 
0.2380 2 1 1 0x0 2.9811 3.0189 2.98 3.02 0.3800 0.4055 0.0007 0.0017 0.0306 -0.0003 -0.018932 -0.766145 12.24 
0.2480 2 1 1 0x0 2.9811 3.0189 2.98 3.02 0.3836 0.4193 0.0009 0.0009 0.0347 -0.0003 -0.018932 -0.768048 12.24 
0.2580 2 1 1 0x0 2.9784 3.0216 2.98 3.02 0.4908 0.4328 0.0008 0.0005 0.0389 -0.0004 -0.021636 -0.769636 12.24 
0.2680 2 1 1 0x0 2.9757 3.0243 2.98 3.02 0.4525 0.4591 0.0007 0.0005 0.0432 -0.0005 -0.024341 -0.768662 12.25 
0.2780 2 1 1 0x0 2.9730 3.0270 2.97 3.03 0.4842 0.4169 0.0005 0.0005 0.0479 -0.0006 -0.027045 -0.770796 12.24 
0.2880 2 1 1 0x0 2.9703 3.0297 2.97 3.03 0.4686 0.5026 0.0008 0.0008 0.0525 -0.0008 -0.029750 -0.775483 12.25 
0.2980 2 1 1 0x0 2.9648 3.0352 2.96 3.04 0.5614 0.4514 0.0004 0.0011 0.0574 -0.0009 -0.035159 -0.776939 12.25 
0.3080 2 1 1 0x0 2.9621 3.0379 2.96 3.04 0.4841 0.4658 0.0005 0.0010 0.0625 -0.0011 -0.037864 -0.779827 12.25 
0.3180 2 1 1 0x0 2.9594 3.0406 2.96 3.04 0.5533 0.5570 0.0005 0.0005 0.0679 -0.0013 -0.040568 -0.782541 12.25 
0.3280 2 1 1 0x0 2.9540 3.0460 2.95 3.05 0.5024 0.5948 0.0006 0.0011 0.0732 -0.0015 -0.045977 -0.785872 12.25 
0.3380 2 1 1 0x0 2.9540 3.0460 2.95 3.05 0.6120 0.4488 0.0010 0.0010 0.0785 -0.0018 -0.045977 -0.785808 12.25 
0.3480 2 1 1 0x0 2.9513 3.0487 2.95 3.05 0.5247 0.5532 0.0007 0.0007 0.0843 -0.0021 -0.048682 -0.788405 12.25 
0.3580 2 1 1 0x0 2.9486 3.0514 2.95 3.05 0.5486 0.5913 0.0010 0.0011 0.0898 -0.0023 -0.051386 -0.792519 12.27 
0.3680 2 1 1 0x0 2.9459 3.0541 2.95 3.05 0.6551 0.5968 0.0004 0.0004 0.0957 -0.0026 -0.054091 -0.790438 12.26 
0.3780 2 1 1 0x0 2.9459 3.0541 2.95 3.05 0.6550 0.6760 0.0007 0.0004 0.1014 -0.0030 -0.054091 -0.788640 12.26 
0.3880 2 1 1 0x0 2.9432 3.0568 2.94 3.06 0.5694 0.6435 0.0007 0.0005 0.1072 -0.0033 -0.056795 -0.788154 12.27 
0.3980 2 1 1 0x0 2.9405 3.0595 2.94 3.06 0.7117 0.6683 0.0008 0.0007 0.1131 -0.0036 -0.059500 -0.795930 12.26 
0.4080 2 1 1 0x0 2.9378 3.0622 2.94 3.06 0.5265 0.6109 0.0008 0.0009 0.1190 -0.0040 -0.062204 -0.798056 12.26 
0.4180 2 1 1 0x0 2.9351 3.0649 2.94 3.06 0.6841 0.6648 0.0007 0.0007 0.1248 -0.0044 -0.064909 -0.795814 12.26 
0.4280 2 1 1 0x0 2.9351 3.0649 2.94 3.06 0.5996 0.5820 0.0009 0.0005 0.1309 -0.0048 -0.064909 -0.801272 12.27 
0.4380 2 1 1 0x0 2.9324 3.0676 2.93 3.07 0.5772 0.6366 0.0006 0.0004 0.1372 -0.0052 -0.067613 -0.803494 12.27 
0.4480 2 1 1 0x0 2.9297 3.0703 2.93 3.07 0.6952 0.6357 0.0008 0.0004 0.1431 -0.0056 -0.070318 -0.803037 12.27 
0.4580 2 1 1 0x0 2.9243 3.0757 2.92 3.08 0.7023 0.6876 0.0004 0.0009 0.1491 -0.0060 -0.075727 -0.806723 12.27 
0.4680 2 1 1 0x0 2.9243 3.0757 2.92 3.08 0.5330 0.5045 0.0004 0.0010 0.1552 -0.0065 -0.075727 -0.806092 12.27 
0.4780 2 1 1 0x0 2.9243 3.0757 2.92 3.08 0.6610 0.6590 0.0006 0.0004 0.1613 -0.0070 -0.075727 -0.804813 12.27 
0.4880 2 1 1 0x0 2.9216 3.0784 2.92 3.08 0.5864 0.6561 0.0005 0.0006 0.1671 -0.0074 -0.078432 -0.802784 12.27 
0.4980 2 1 1 0x0 2.9216 3.0784 2.92 3.08 0.7174 0.5407 0.0007 0.0007 0.1732 -0.0079 -0.078432 -0.805052 12.27 
0.5080 2 1 1 0x0 2.9189 3.0811 2.92 3.08 0.7124 0.6783 0.0005 0.0010 0.1795 -0.0084 -0.081136 -0.808583 12.27 
0.5180 2 1 1 0x0 2.9189 3.0811 2.92 3.08 0.5397 0.5696 0.0009 0.0006 0.1855 -0.0089 -0.081136 -0.807668 12.28 
0.5280 2 1 1 0x0 2.9162 3.0838 2.92 3.08 0.5651 0.6821 0.0008 0.0005 0.1918 -0.0094 -0.083841 -0.808805 12.28 
0.5380 2 1 1 0x0 2.9135 3.0865 2.91 3.09 0.5470 0.5083 0.0006 0.0008 0.1981 -0.0099 -0.086545 -0.812974 12.28 
0.5480 2 1 1 0x0 2.9108 3.0892 2.91 3.09 0.5551 0.6804 0.0005 0.0004 0.2043 -0.0105 -0.089250 -0.815043 12.26 
0.5580 2 1 1 0x0 2.9080 3.0920 2.91 3.09 0.6793 0.6764 0.0008 0.0007 0.2102 -0.0110 -0.091954 -0.812998 12.27 
0.5680 2 1 1 0x0 2.9080 3.0920 2.91 3.09 0.7076 0.7118 0.0005 0.0004 0.2166 -0.0116 -0.091954 -0.819804 12.28 
0.5780 2 1 1 0x0 2.9053 3.0947 2.91 3.09 0.6986 0.5082 0.0004 0.0006 0.2229 -0.0122 -0.094659 -0.825115 12.27 
0.5880 2 1 1 0x0 2.9026 3.0974 2.90 3.10 0.5718 0.6004 0.0007 0.0008 0.2288 -0.0128 -0.097363 -0.822610 12.27 
0.5980 2 1 1 0x0 2.8999 3.1001 2.90 3.10 0.6196 0.6708 0.0004 0.0009 0.2350 -0.0134 -0.100068 -0.825082 12.28 
0.6080 2 1 1 0x0 2.9026 3.0974 2.90 3.10 0.7206 0.6460 0.0009 0.0003 0.2413 -0.0140 -0.097363 -0.829101 12.27 
0.6180 2 1 1 0x0 2.8972 3.1028 2.90 3.10 0.7427 0.6661 0.0009 0.0009 0.2473 -0.0146 -0.102773 -0.826976 12.27 
0.6280 2 1 1 0x0 2.8945 3.1055 2.89 3.11 0.6916 0.5821 0.0008 0.0007 0.2536 -0.0153 -0.105477 -0.823383 12.27 
0.6380 2 1 1 0x0 2.8918 3.1082 2.89 3.11 0.7098 0.6638 0.0008 0.0008 0.2598 -0.0159 -0.108182 -0.822846 12.27 
0.6480 2 1 1 0x0 2.8891 3.1109 2.89 3.11 0.7250 0.5003 0.0008 0.0008 0.2661 -0.0166 -0.110886 -0.822100 12.27 
0.6580 2 1 1 0x0 2.8864 3.1136 2.89 3.11 0.7083 0.6877 0.0008 0.0009 0.2723 -0.0173 -0.113591 -0.821836 12.27 
0.6680 2 1 1 0x0 2.8864 3.1136 2.89 3.11 0.7247 0.6930 0.0008 0.0004 0.2788 -0.0181 -0.113591 -0.821112 12.26 
0.6780 2 1 1 0x0 2.8837 3.1163 2.88 3.12 0.7097 0.6103 0.0008 0.0004 0.2850 -0.0188 -0.116295 -0.819738 12.27 
0.6880 2 1 1 0x0 2.8810 3.1190 2.88 3.12 0.7289 0.6861 0.0008 0.0006 0.2913 -0.0196 -0.119000 -0.817277 12.27 
0.6980 2 1 1 0x0 2.8783 3.1217 2.88 3.12 0.7172 0.5431 0.0007 0.0009 0.2975 -0.0203 -0.121704 -0.818985 12.28 
0.7080 2 1 1 0x0 2.8783 3.1217 2.88 3.12 0.7050 0.5223 0.0006 0.0005 0.3040 -0.0211 -0.121704 -0.819534 12.27 
0.7180 2 1 1 0x0 2.8756 3.1244 2.88 3.12 0.7278 0.6804 0.0006 0.0007 0.3102 -0.0219 -0.124409 -0.818790 12.27 
0.7280 2 1 1 0x0 2.8756 3.1244 2.88 3.12 0.7145 0.6840 0.0005 0.0004 0.3166 -0.0227 -0.124409 -0.824149 12.27 
0.7380 2 1 1 0x0 2.8729 3.1271 2.87 3.13 0.7019 0.5958 0.0004 0.0008 0.3229 -0.0235 -0.127113 -0.828878 12.26 
0.7480 2 1 1 0x0 2.8729 3.1271 2.87 3.13 0.5455 0.6480 0.0009 0.0008 0.3289 -0.0242 -0.127113 -0.825774 12.27 
0.7580 2 1 1 0x0 2.8729 3.1271 2.87 3.13 0.5708 0.7118 0.0007 0.0005 0.3354 -0.0251 -0.127113 -0.840251 12.27 
0.7680 2 1 1 0x0 2.8729 3.1271 2.87 3.13 0.5549 0.7094 0.0006 0.0006 0.3418 -0.0259 -0.127113 -0.852637 12.28 
0.7780 2 1 1 0x0 2.8675 3.1325 2.87 3.13 0.5835 0.6421 0.0005 0.0010 0.3478 -0.0267 -0.132523 -0.848688 12.26 
0.7880 2 1 1 0x0 2.8702 3.1298 2.87 3.13 0.7247 0.7086 0.0009 0.0005 0.3541 -0.0275 -0.129818 -0.852212 12.27 
0.7980 2 1 1 0x0 2.8702 3.1298 2.87 3.13 0.7144 0.7423 0.0008 0.0005 0.3605 -0.0283 -0.129818 -0.869398 12.27 
0.8080 2 1 1 0x0 2.8675 3.1325 2.87 3.13 0.7370 0.5587 0.0007 0.0010 0.3667 -0.0292 -0.132523 -0.876457 12.27 
0.8180 2 1 1 0x0 2.8648 3.1352 2.86 3.14 0.6920 0.7023 0.0006 0.0007 0.3730 -0.0300 -0.135227 -0.872797 12.27 
0.8280 2 1 1 0x0 2.8648 3.1352 2.86 3.14 0.7190 0.7029 0.0005 0.0004 0.3794 -0.0309 -0.135227 -0.883545 12.27 
0.8380 2 1 1 0x0 2.8648 3.1352 2.86 3.14 0.7423 0.7001 0.0004 0.0005 0.3858 -0.0318 -0.135227 -0.895382 12.28 
0.8480 2 1 1 0x0 2.8648 3.1352 2.86 3.14 0.6469 0.4969 0.0008 0.0006 0.3919 -0.0326 -0.135227 -0.891313 12.27 
0.8580 2 1 1 0x0 2.8621 3.1379 2.86 3.14 0.6010 0.6951 0.0007 0.0007 0.3981 -0.0334 -0.137932 -0.892600 12.27 
0.8680 2 1 1 0x0 2.8621 3.1379 2.86 3.14 0.6064 0.7285 0.0005 0.0006 0.4045 -0.0343 -0.137932 -0.897623 12.27 
0.8780 2 1 1 0x0 2.8621 3.1379 2.86 3.14 0.5900 0.6947 0.0004 0.0004 0.4109 -0.0352 -0.137932 -0.899759 12.27 
0.8880 2 1 1 0x0 2.8621 3.1379 2.86 3.14 0.7264 0.6088 0.0009 0.0004 0.4170 -0.0361 -0.137932 -0.893676 12.27 
0.8980 2 1 1 0x0 2.8594 3.1406 2.86 3.14 0.7176 0.7224 0.0008 0.0006 0.4232 -0.0369 -0.140636 -0.895841 12.27 
0.9080 2 1 1 0x0 2.8594 3.1406 2.86 3.14 0.7402 0.7210 0.0007 0.0006 0.4296 -0.0379 -0.140636 -0.902244 12.27 
0.9180 2 1 1 0x0 2.8567 3.1433 2.86 3.14 0.7268 0.5033 0.0007 0.0006 0.4358 -0.0387 -0.143341 -0.903136 12.27 
0.9280 2 1 1 0x0 2.8540 3.1460 2.85 3.15 0.7207 0.6569 0.0005 0.0003 0.4421 -0.0397 -0.146045 -0.896867 12.28 
0.9380 2 1 1 0x0 2.8513 3.1487 2.85 3.15 0.6817 0.6174 0.0004 0.0005 0.4483 -0.0406 -0.148750 -0.895549 12.27 
0.9480 2 1 1 0x0 2.8540 3.1460 2.85 3.15 0.5613 0.6183 0.0009 0.0005 0.4545 -0.0415 -0.146045 -0.899907 12.27 
0.9580 2 1 1 0x0 2.8513 3.1487 2.85 3.15 0.5454 0.6476 0.0007 0.0008 0.4607 -0.0424 -0.148750 -0.899665 12.27 
0.9680 2 1 1 0x0 2.8485 3.1515 2.85 3.15 0.5704 0.5096 0.0006 0.0008 0.4669 -0.0434 -0.151454 -0.896643 12.27 
0.9780 2 1 1 0x0 2.8485 3.1515 2.85 3.15 0.5520 0.5661 0.0004 0.0006 0.4734 -0.0444 -0.151454 -0.894105 12.28 
0.9880 2 1 1 0x0 2.8513 3.1487 2.85 3.15 0.7437 0.5258 0.0009 0.0004 0.4796 -0.0453 -0.148750 -0.894165 12.27 
0.9980 2 1 1 0x0 2.8485 3.1515 2.85 3.15 0.7037 0.7032 0.0007 0.0007 0.4858 -0.0462 -0.151454 -0.899240 12.27 
1.0080 2 1 1 0x0 2.8485 3.1515 2.85 3.15 0.6988 0.7066 0.0005 0.0003 0.4922 -0.0472 -0.151454 -0.893691 12.27 
1.0180 2 1 1 0x0 2.8458 3.1542 2.85 3.15 0.7284 0.6586 0.0004 0.0008 0.4984 -0.0482 -0.154159 -0.899519 12.28 
1.0280 2 1 1 0x0 2.8485 3.1515 2.85 3.15 0.6036 0.6068 0.0008 0.0009 0.5046 -0.0491 -0.151454 -0.908802 12.28 
1.0380 2 1 1 0x0 2.8485 3.1515 2.85 3.15 0.5831 0.5587 0.0007 0.0004 0.5111 -0.0501 -0.151454 -0.909293 12.27 
1.0480 2 1 1 0x0 2.8458 3.1542 2.85 3.15 0.6090 0.6992 0.0005 0.0004 0.5173 -0.0511 -0.154159 -0.914672 12.27 
1.0580 2 1 1 0x0 2.8485 3.1515 2.85 3.15 0.7392 0.6974 0.0009 0.0004 0.5235 -0.0520 -0.151454 -0.933554 12.28 
1.0680 2 1 1 0x0 2.8485 3.1515 2.85 3.15 0.7022 0.7276 0.0007 0.0005 0.5299 -0.0530 -0.151454 -0.940831 12.28 
1.0780 2 1 1 0x0 2.8485 3.1515 2.85 3.15 0.6992 0.6635 0.0005 0.0004 0.5363 -0.0540 -0.151454 -0.932186 12.27 
1.0880 2 1 1 0x0 2.8485 3.1515 2.85 3.15 0.5645 0.5575 0.0009 0.0007 0.5423 -0.0549 -0.151454 -0.939897 12.27 
1.0980 2 1 1 0x0 2.8485 3.1515 2.85 3.15 0.5495 0.5788 0.0008 0.0008 0.5488 -0.0559 -0.151454 -0.958736 12.27 
1.1080 2 1 1 0x0 2.8485 3.1515 2.85 3.15 0.5523 0.5020 0.0007 0.0008 0.5552 -0.0569 -0.151454 -0.960850 12.28 
1.1180 2 1 1 0x0 2.8431 3.1569 2.84 3.16 0.5547 0.5453 0.0005 0.0007 0.5612 -0.0578 -0.156863 -0.954663 12.27 
1.1280 2 1 1 0x0 2.8431 3.1569 2.84 3.16 0.7051 0.6879 0.0009 0.0007 0.5672 -0.0588 -0.156863 -0.956254 12.27 
1.1380 2 1 1 0x0 2.8431 3.1569 2.84 3.16 0.7372 0.6895 0.0007 0.0006 0.5736 -0.0598 -0.156863 -0.966187 12.27 
1.1480 2 1 1 0x0 2.8404 3.1596 2.84 3.16 0.6998 0.5221 0.0005 0.0010 0.5798 -0.0608 -0.159568 -0.967361 12.27 
1.1580 2 1 1 0x0 2.8404 3.1596 2.84 3.16 0.5925 0.6872 0.0008 0.0007 0.5858 -0.0617 -0.159568 -0.963710 12.26 
1.1680 2 1 1 0x0 2.8404 3.1596 2.84 3.16 0.5871 0.7226 0.0004 0.0005 0.5922 -0.0628 -0.159568 -0.969572 12.27 
1.1780 2 1 1 0x0 2.8431 3.1569 2.84 3.16 0.7081 0.6909 0.0007 0.0003 0.5984 -0.0638 -0.156863 -0.974533 12.27 
1.1880 2 1 1 0x0 2.8377 3.1623 2.84 3.16 0.7100 0.6275 0.0005 0.0007 0.6044 -0.0647 -0.162272 -0.971135 12.27 
1.1980 2 1 1 0x0 2.8377 3.1623 2.84 3.16 0.5570 0.5415 0.0008 0.0007 0.6105 -0.0657 -0.162272 -0.969114 12.27 
1.2080 2 1 1 0x0 2.8377 3.1623 2.84 3.16 0.5545 0.5840 0.0005 0.0006 0.6169 -0.0668 -0.162272 -0.981393 12.27 
1.2180 2 1 1 0x0 2.8377 3.1623 2.84 3.16 0.7052 0.6461 0.0009 0.0011 0.6229 -0.0677 -0.162272 -0.983993 12.27 
1.2280 2 1 1 0x0 2.8350 3.1650 2.84 3.16 0.6782 0.5747 0.0005 0.0008 0.6291 -0.0688 -0.164977 -0.980703 12.28 
1.2380 2 1 1 0x0 2.8377 3.1623 2.84 3.16 0.6355 0.6210 0.0008 0.0005 0.6353 -0.0698 -0.162272 -0.979797 12.27 
1.2480 2 1 1 0x0 2.8377 3.1623 2.84 3.16 0.5831 0.6217 0.0005 0.0005 0.6417 -0.0708 -0.162272 -0.978202 12.27 
1.2580 2 1 1 0x0 2.8377 3.1623 2.84 3.16 0.6843 0.6759 0.0008 0.0005 0.6477 -0.0718 -0.162272 -0.979585 12.27 
1.2680 2 1 1 0x0 2.8377 3.1623 2.84 3.16 0.4851 0.5279 0.0007 0.0006 0.6537 -0.0728 -0.162272 -0.976010 12.27 
1.2780 2 1 1 0x0 2.8404 3.1596 2.84 3.16 0.6939 0.5662 0.0007 0.0004 0.6599 -0.0738 -0.159568 -0.974135 12.27 
1.2880 2 1 1 0x0 2.8404 3.1596 2.84 3.16 0.5916 0.7011 0.0008 0.0008 0.6659 -0.0748 -0.159568 -0.982819 12.27 
1.2980 2 1 1 0x0 2.8404 3.1596 2.84 3.16 0.6098 0.6742 0.0004 0.0004 0.6723 -0.0758 -0.159568 -0.986743 12.27 
1.3080 2 1 1 0x0 2.8404 3.1596 2.84 3.16 0.7109 0.5781 0.0008 0.0004 0.6783 -0.0768 -0.159568 -0.984942 12.27 
1.3180 2 1 1 0x0 2.8377 3.1623 2.84 3.16 0.7138 0.6960 0.0004 0.0009 0.6845 -0.0778 -0.162272 -0.996933 12.28 
1.3280 2 1 1 0x0 2.8431 3.1569 2.84 3.16 0.5590 0.6282 0.0009 0.0004 0.6909 -0.0788 -0.156863 -1.007501 12.27 
1.3380 2 1 1 0x0 2.8404 3.1596 2.84 3.16 0.5583 0.6333 0.0006 0.0010 0.6971 -0.0798 -0.159568 -1.000860 12.27 
1.3480 2 1 1 0x0 2.8404 3.1596 2.84 3.16 0.7028 0.5541 0.0010 0.0007 0.7031 -0.0808 -0.159568 -1.002983 12.27 
1.3580 2 1 1 0x0 2.8377 3.1623 2.84 3.16 0.7336 0.7215 0.0008 0.0010 0.7094 -0.0818 -0.162272 -1.019633 12.27 
1.3680 2 1 1 0x0 2.8404 3.1596 2.84 3.16 0.7242 0.5761 0.0006 0.0004 0.7160 -0.0829 -0.159568 -1.027595 12.28 
1.3780 2 1 1 0x0 2.8350 3.1650 2.84 3.16 0.6876 0.5664 0.0004 0.0007 0.7220 -0.0839 -0.164977 -1.018931 12.26 
1.3880 2 1 1 0x0 2.8377 3.1623 2.84 3.16 0.6051 0.6358 0.0008 0.0003 0.7282 -0.0849 -0.162272 -1.019665 12.27 
1.3980 2 1 1 0x0 2.8350 3.1650 2.84 3.16 0.5822 0.6863 0.0005 0.0007 0.7344 -0.0859 -0.164977 -1.028615 12.27 
1.4080 2 1 1 0x0 2.8377 3.1623 2.84 3.16 0.7121 0.6904 0.0009 0.0004 0.7406 -0.0869 -0.162272 -1.033988 12.27 
1.4180 2 1 1 0x0 2.8323 3.1677 2.83 3.17 0.7079 0.6519 0.0007 0.0010 0.7466 -0.0879 -0.167681 -1.023988 12.27 
1.4280 2 1 1 0x0 2.8323 3.1677 2.83 3.17 0.7086 0.6884 0.0004 0.0003 0.7530 -0.0890 -0.167681 -1.026482 12.27 
1.4380 2 1 1 0x0 2.8323 3.1677 2.83 3.17 0.5208 0.6182 0.0008 0.0009 0.7590 -0.0900 -0.167681 -1.036623 12.27 
1.4480 2 1 1 0x0 2.8296 3.1704 2.83 3.17 0.5601 0.6509 0.0005 0.0009 0.7652 -0.0911 -0.170386 -1.036274 12.27 
1.4580 2 1 1 0x0 2.8296 3.1704 2.83 3.17 0.7007 0.5405 0.0009 0.0005 0.7712 -0.0921 -0.170386 -1.029937 12.27 
1.4680 2 1 1 0x0 2.8269 3.1731 2.83 3.17 0.7029 0.7126 0.0005 0.0008 0.7774 -0.0932 -0.173091 -1.039271 12.27 
1.4780 2 1 1 0x0 2.8296 3.1704 2.83 3.17 0.5919 0.7455 0.0009 0.0008 0.7836 -0.0943 -0.170386 -1.047448 12.27 
1.4880 2 1 1 0x0 2.8269 3.1731 2.83 3.17 0.5917 0.5728 0.0006 0.0006 0.7898 -0.0953 -0.173091 -1.039742 12.27 
1.4980 2 1 1 0x0 2.8269 3.1731 2.83 3.17 0.6994 0.7108 0.0009 0.0006 0.7958 -0.0964 -0.173091 -1.036640 12.27 
1.5080 2 1 1 0x0 2.8269 3.1731 2.83 3.17 0.7022 0.7099 0.0006 0.0006 0.8021 -0.0975 -0.173091 -1.037216 12.26 
1.5180 2 1 1 0x0 2.8296 3.1704 2.83 3.17 0.5638 0.7059 0.0009 0.0008 0.8083 -0.0986 -0.170386 -1.037001 12.27 
1.5280 2 1 1 0x0 2.8296 3.1704 2.83 3.17 0.5427 0.6758 0.0006 0.0005 0.8147 -0.0997 -0.170386 -1.035216 12.27 
1.5380 2 1 1 0x0 2.8296 3.1704 2.83 3.17 0.6936 0.5488 0.0010 0.0008 0.8207 -0.1007 -0.170386 -1.029519 12.27 
1.5480 2 1 1 0x0 2.8296 3.1704 2.83 3.17 0.6954 0.5699 0.0007 0.0007 0.8271 -0.1018 -0.170386 -1.033452 12.26 
1.5580 2 1 1 0x0 2.8296 3.1704 2.83 3.17 0.6941 0.5290 0.0004 0.0005 0.8335 -0.1029 -0.170386 -1.037083 12.27 
1.5680 2 1 1 0x0 2.8296 3.1704 2.83 3.17 0.5761 0.7019 0.0008 0.0006 0.8395 -0.1040 -0.170386 -1.030845 12.28 
1.5780 2 1 1 0x0 2.8269 3.1731 2.83 3.17 0.6222 0.5820 0.0004 0.0009 0.8457 -0.1050 -0.173091 -1.031939 12.27 
1.5880 2 1 1 0x0 2.8269 3.1731 2.83 3.17 0.6936 0.6669 0.0007 0.0008 0.8517 -0.1061 -0.173091 -1.037565 12.26 
1.5980 2 1 1 0x0 2.8269 3.1731 2.83 3.17 0.6980 0.7028 0.0004 0.0003 0.8581 -0.1072 -0.173091 -1.035620 12.27 
1.6080 2 1 1 0x0 2.8269 3.1731 2.83 3.17 0.5063 0.5738 0.0007 0.0008 0.8641 -0.1082 -0.173091 -1.035805 12.27 
1.6180 2 1 1 0x0 2.8269 3.1731 2.83 3.17 0.6950 0.6957 0.0010 0.0008 0.8701 -0.1093 -0.173091 -1.034888 12.27 
1.6280 2 1 1 0x0 2.8269 3.1731 2.83 3.17 0.6995 0.6710 0.0007 0.0003 0.8765 -0.1104 -0.173091 -1.036204 12.27 
1.6380 2 1 1 0x0 2.8242 3.1758 2.82 3.18 0.7019 0.5580 0.0004 0.0004 0.8827 -0.1115 -0.175795 -1.043219 12.27 
1.6480 2 1 1 0x0 1.9056 2.2626 1.91 2.26 0.5906 0.5169 0.0006 0.0009 0.8885 -0.1125 -0.178500 -1.037744 12.27 
1.6580 2 1 1 0x0 -2.0960 -1.7390 -2.10 -1.74 0.4465 0.4204 0.0005 0.0007 0.8941 -0.1135 -0.178500 -1.038614 12.26 
1.6680 2 1 1 0x0 -3.1812 -2.8188 -3.18 -2.82 0.2271 0.2374 0.0024 0.0021 0.8971 -0.1141 -0.181204 -1.044742 12.20 
1.6780 2 1 1 0x0 -3.1812 -2.8188 -3.18 -2.82 0.1097 0.1083 0.0041 0.0042 0.8983 -0.1143 -0.181204 -1.022954 12.20 
1.6880 2 1 1 0x0 -3.1785 -2.8215 -3.18 -2.82 0.2613 0.3271 0.0017 0.0010 0.9009 -0.1148 -0.178500 -0.984848 12.19 
1.6980 2 1 1 0x0 -3.1758 -2.8242 -3.18 -2.82 0.0748 0.1139 0.0070 0.0051 0.9018 -0.1150 -0.175795 -0.941588 12.20 
1.7080 2 1 1 0x0 -3.1731 -2.8269 -3.17 -2.83 -0.0999 -0.0512 0.0075 0.0093 0.9013 -0.1149 -0.173091 -0.886870 12.20 
1.7180 2 1 1 0x0 -3.1731 -2.8269 -3.17 -2.83 -0.0262 -0.0264 0.0175 0.0193 0.9013 -0.1149 -0.173091 -0.831076 12.20 
1.7280 2 1 1 0x0 -3.1677 -2.8323 -3.17 -2.83 -0.0845 -0.0174 0.0024 0.0137 0.9005 -0.1147 -0.167681 -0.776160 12.21 
1.7380 2 1 1 0x0 -3.1650 -2.8350 -3.16 -2.84 -0.1640 -0.1247 0.0015 0.0022 0.8991 -0.1145 -0.164977 -0.706337 12.21 
1.7480 2 1 1 0x0 -3.1596 -2.8404 -3.16 -2.84 -0.2476 -0.1554 0.0012 0.0029 0.8974 -0.1142 -0.159568 -0.644762 12.22 
1.7580 2 1 1 0x0 -3.1569 -2.8431 -3.16 -2.84 -0.3065 -0.2150 0.0012 0.0011 0.8952 -0.1139 -0.156863 -0.577582 12.22 
1.7680 2 1 1 0x0 -3.1515 -2.8485 -3.15 -2.85 -0.3527 -0.2787 0.0006 0.0009 0.8924 -0.1134 -0.151454 -0.505948 12.23 
1.7780 2 1 1 0x0 -3.1460 -2.8540 -3.15 -2.85 -0.4221 -0.3221 0.0014 0.0014 0.8896 -0.1130 -0.146045 -0.434105 12.23 
1.7880 2 1 1 0x0 -3.1406 -2.8594 -3.14 -2.86 -0.4485 -0.3685 0.0012 0.0010 0.8860 -0.1125 -0.140636 -0.357204 12.23 
1.7980 2 1 1 0x0 -3.1325 -2.8675 -3.13 -2.87 -0.5362 -0.3448 0.0005 0.0008 0.8818 -0.1119 -0.132523 -0.273587 12.25 
1.8080 2 1 1 0x0 -3.1271 -2.8729 -3.13 -2.87 -0.5748 -0.3862 0.0008 0.0005 0.8774 -0.1113 -0.127113 -0.186426 12.25 
1.8180 2 1 1 0x0 -3.1163 -2.8837 -3.12 -2.88 -0.6227 -0.4315 0.0005 0.0012 0.8725 -0.1107 -0.116295 -0.094853 12.24 
1.8280 2 1 1 0x0 -3.1109 -2.8891 -3.11 -2.89 -0.6588 -0.4595 0.0009 0.0009 0.8673 -0.1101 -0.110886 0.004498 12.25 
1.8380 2 1 1 0x0 -3.1001 -2.8999 -3.10 -2.90 -0.7233 -0.4880 0.0006 0.0011 0.8617 -0.1095 -0.100068 0.111650 12.25 
1.8480 2 1 1 0x0 -3.0947 -2.9053 -3.09 -2.91 -0.7338 -0.4848 0.0005 0.0005 0.8556 -0.1090 -0.094659 0.220347 12.26 
1.8580 2 1 1 0x0 -3.0892 -2.9108 -3.09 -2.91 -0.6532 -0.5252 0.0005 0.0004 0.8495 -0.1084 -0.089250 0.323171 12.25 
1.8680 2 1 1 0x0 -3.0811 -2.9189 -3.08 -2.92 -0.7362 -0.6137 0.0006 0.0009 0.8437 -0.1079 -0.081136 0.303064 12.27 
1.8780 2 1 1 0x0 -3.0757 -2.9243 -3.08 -2.92 -0.7314 -0.6427 0.0008 0.0011 0.8376 -0.1074 -0.075727 0.292721 12.27 
1.8880 2 1 1 0x0 -3.0487 -2.9513 -3.05 -2.95 -0.6375 -0.1001 0.0007 0.0049 0.8328 -0.1071 -0.048682 0.302422 12.25 
1.8980 2 1 1 0x0 -3.0108 -2.9892 -3.01 -2.99 -0.7642 -0.2282 0.0007 0.0022 0.8287 -0.1070 -0.010818 0.323485 12.25 
1.9080 2 1 1 0x0 -3.0000 -3.0000 -3.00 -3.00 -0.2557 -0.2926 0.0017 0.0034 0.8255 -0.1070 0.000000 0.325895 12.23 
1.9180 2 1 1 0x0 -2.9892 -3.0108 -2.99 -3.01 -0.3179 -0.1710 0.0016 0.0016 0.8234 -0.1070 0.010818 0.335683 12.23 
1.9280 2 1 1 0x0 -2.9784 -3.0216 -2.98 -3.02 -0.4612 -0.3125 0.0011 0.0013 0.8198 -0.1070 0.021636 0.343059 12.23 
1.9380 2 1 1 0x0 -2.9648 -3.0352 -2.96 -3.04 -0.4102 -0.2056 0.0009 0.0012 0.8163 -0.1071 0.035159 0.343113 12.23 
1.9480 2 1 1 0x0 -2.9459 -3.0541 -2.95 -3.05 -0.4766 -0.2366 0.0006 0.0014 0.8129 -0.1073 0.054091 0.345437 12.23 
1.9580 2 1 1 0x0 -2.9378 -3.0622 -2.94 -3.06 -0.3705 -0.2151 0.0020 0.0011 0.8098 -0.1075 0.062204 0.349267 12.23 
1.9680 2 1 1 0x0 -2.9351 -3.0649 -2.94 -3.06 -0.2326 -0.2688 0.0021 0.0021 0.8072 -0.1076 0.064909 0.351782 12.23 
1.9780 2 1 1 0x0 -2.9351 -3.0649 -2.94 -3.06 -0.3142 -0.3159 0.0013 0.0019 0.8044 -0.1078 0.064909 0.356384 12.23 
1.9880 2 1 1 0x0 -2.9351 -3.0649 -2.94 -3.06 -0.2821 -0.2457 0.0018 0.0015 0.8015 -0.1080 0.064909 0.358193 12.23 
1.9980 2 1 1 0x0 -2.9351 -3.0649 -2.94 -3.06 -0.2764 -0.2688 0.0010 0.0008 0.7983 -0.1082 0.064909 0.360301 12.23 
2.0080 2 1 1 0x0 -2.9324 -3.0676 -2.93 -3.07 -0.3078 -0.3447 0.0010 0.0016 0.7953 -0.1084 0.067613 0.362439 12.23 
2.0180 2 1 1 0x0 -2.9297 -3.0703 -2.93 -3.07 -0.4476 -0.3531 0.0014 0.0016 0.7918 -0.1087 0.070318 0.362797 12.23 
2.0280 2 1 1 0x0 -2.9270 -3.0730 -2.93 -3.07 -0.2953 -0.3366 0.0012 0.0014 0.7884 -0.1089 0.073023 0.366726 12.23 
2.0380 2 1 1 0x0 -2.9243 -3.0757 -2.92 -3.08 -0.4616 -0.3800 0.0014 0.0015 0.7850 -0.1092 0.075727 0.371191 12.23 
2.0480 2 1 1 0x0 -2.9216 -3.0784 -2.92 -3.08 -0.5238 -0.4752 0.0004 0.0009 0.7803 -0.1095 0.078432 0.372614 12.24 
2.0580 2 1 1 0x0 -2.9243 -3.0757 -2.92 -3.08 -0.5683 -0.6351 0.0008 0.0010 0.7752 -0.1099 0.075727 0.369572 12.25 
2.0680 2 1 1 0x0 -2.9378 -3.0622 -2.94 -3.06 -0.3854 -0.5062 0.0015 0.0008 0.7702 -0.1103 0.062204 0.367717 12.24 
2.0780 2 1 1 0x0 -2.9324 -3.0676 -2.93 -3.07 -0.3841 -0.3623 0.0011 0.0012 0.7669 -0.1105 0.067613 0.369337 12.23 
2.0880 2 1 1 0x0 -2.9297 -3.0703 -2.93 -3.07 -0.4680 -0.4385 0.0008 0.0009 0.7623 -0.1108 0.070318 0.381066 12.24 
2.0980 2 1 1 0x0 -2.9297 -3.0703 -2.93 -3.07 -0.6265 -0.4921 0.0010 0.0007 0.7570 -0.1112 0.070318 0.377077 12.25 
2.1080 2 1 1 0x0 -2.9216 -3.0784 -2.92 -3.08 -0.3904 -0.4365 0.0007 0.0008 0.7524 -0.1115 0.078432 0.379528 12.23 
2.1180 2 1 1 0x0 -2.9243 -3.0757 -2.92 -3.08 -0.4011 -0.4876 0.0012 0.0004 0.7481 -0.1118 0.075727 0.382341 12.24 
2.1280 2 1 1 0x0 -2.9270 -3.0730 -2.93 -3.07 -0.5013 -0.5021 0.0012 0.0007 0.7435 -0.1122 0.073023 0.388264 12.24 
2.1380 2 1 1 0x0 -2.9270 -3.0730 -2.93 -3.07 -0.5445 -0.4566 0.0011 0.0005 0.7386 -0.1126 0.073023 0.390404 12.24 
2.1480 2 1 1 0x0 -2.9243 -3.0757 -2.92 -3.08 -0.4886 -0.4846 0.0010 0.0007 0.7336 -0.1130 0.075727 0.389813 12.24 
2.1580 2 1 1 0x0 -2.9243 -3.0757 -2.92 -3.08 -0.4502 -0.4554 0.0011 0.0007 0.7287 -0.1133 0.075727 0.394014 12.24 
2.1680 2 1 1 0x0 -2.9270 -3.0730 -2.93 -3.07 -0.4719 -0.5923 0.0010 0.0007 0.7237 -0.1137 0.073023 0.397587 12.24 
2.1780 2 1 1 0x0 -2.9270 -3.0730 -2.93 -3.07 -0.6090 -0.4927 0.0009 0.0009 0.7184 -0.1141 0.073023 0.401085 12.24 
2.1880 2 1 1 0x0 -2.9270 -3.0730 -2.93 -3.07 -0.6197 -0.5192 0.0008 0.0005 0.7127 -0.1145 0.073023 0.402082 12.25 
2.1980 2 1 1 0x0 -2.9243 -3.0757 -2.92 -3.08 -0.4565 -0.5157 0.0006 0.0009 0.7077 -0.1149 0.075727 0.401951 12.24 
2.2080 2 1 1 0x0 -2.9297 -3.0703 -2.93 -3.07 -0.5206 -0.5281 0.0009 0.0006 0.7024 -0.1153 0.070318 0.402858 12.24 
2.2180 2 1 1 0x0 -2.9351 -3.0649 -2.94 -3.06 -0.5842 -0.6435 0.0007 0.0004 0.6968 -0.1157 0.064909 0.410682 12.25 
2.2280 2 1 1 0x0 -2.9351 -3.0649 -2.94 -3.06 -0.4893 -0.4594 0.0011 0.0011 0.6915 -0.1160 0.064909 0.407995 12.24 
2.2380 2 1 1 0x0 -2.9405 -3.0595 -2.94 -3.06 -0.5978 -0.6186 0.0010 0.0003 0.6858 -0.1164 0.059500 0.408697 12.25 
2.2480 2 1 1 0x0 -2.9378 -3.0622 -2.94 -3.06 -0.5178 -0.6209 0.0006 0.0005 0.6800 -0.1167 0.062204 0.410276 12.26 
2.2580 2 1 1 0x0 -2.9351 -3.0649 -2.94 -3.06 -0.5401 -0.5687 0.0009 0.0010 0.6745 -0.1171 0.064909 0.408973 12.25 
2.2680 2 1 1 0x0 -2.9405 -3.0595 -2.94 -3.06 -0.5704 -0.6499 0.0010 0.0004 0.6688 -0.1174 0.059500 0.410198 12.25 
2.2780 2 1 1 0x0 -2.9405 -3.0595 -2.94 -3.06 -0.6224 -0.6853 0.0007 0.0008 0.6631 -0.1178 0.059500 0.413580 12.25 
2.2880 2 1 1 0x0 -2.9459 -3.0541 -2.95 -3.05 -0.6479 -0.6823 0.0009 0.0005 0.6571 -0.1181 0.054091 0.421101 12.26 
2.2980 2 1 1 0x0 -2.9459 -3.0541 -2.95 -3.05 -0.5816 -0.5900 0.0007 0.0008 0.6510 -0.1185 0.054091 0.424926 12.26 
2.3080 2 1 1 0x0 -2.9459 -3.0541 -2.95 -3.05 -0.6743 -0.6008 0.0008 0.0005 0.6449 -0.1188 0.054091 0.421476 12.26 
2.3180 2 1 1 0x0 -2.9486 -3.0514 -2.95 -3.05 -0.4717 -0.6541 0.0006 0.0005 0.6395 -0.1191 0.051386 0.417765 12.24 
2.3280 2 1 1 0x0 -2.9513 -3.0487 -2.95 -3.05 -0.5213 -0.5903 0.0006 0.0006 0.6336 -0.1194 0.048682 0.423143 12.26 
2.3380 2 1 1 0x0 -2.9513 -3.0487 -2.95 -3.05 -0.6493 -0.6607 0.0005 0.0009 0.6275 -0.1197 0.048682 0.421601 12.27 
2.3480 2 1 1 0x0 -2.9567 -3.0433 -2.96 -3.04 -0.4346 -0.4857 0.0010 0.0006 0.6218 -0.1199 0.043273 0.420725 12.26 
2.3580 2 1 1 0x0 -2.9594 -3.0406 -2.96 -3.04 -0.6332 -0.5455 0.0008 0.0005 0.6164 -0.1202 0.040568 0.420080 12.26 
2.3680 2 1 1 0x0 -2.9567 -3.0433 -2.96 -3.04 -0.5230 -0.5537 0.0006 0.0009 0.6105 -0.1204 0.043273 0.426917 12.26 
2.3780 2 1 1 0x0 -2.9621 -3.0379 -2.96 -3.04 -0.5097 -0.5175 0.0010 0.0005 0.6044 -0.1207 0.037864 0.425770 12.26 
2.3880 2 1 1 0x0 -2.9621 -3.0379 -2.96 -3.04 -0.4929 -0.5213 0.0005 0.0007 0.5987 -0.1209 0.037864 0.421119 12.25 
2.3980 2 1 1 0x0 -2.9621 -3.0379 -2.96 -3.04 -0.6131 -0.5487 0.0005 0.0009 0.5930 -0.1211 0.037864 0.423899 12.26 
2.4080 2 1 1 0x0 -2.9648 -3.0352 -2.96 -3.04 -0.6539 -0.5134 0.0004 0.0005 0.5868 -0.1213 0.035159 0.429552 12.26 
2.4180 2 1 1 0x0 -2.9675 -3.0325 -2.97 -3.03 -0.6104 -0.6712 0.0009 0.0007 0.5809 -0.1215 0.032454 0.426014 12.26 
2.4280 2 1 1 0x0 -2.9675 -3.0325 -2.97 -3.03 -0.6044 -0.5538 0.0005 0.0012 0.5752 -0.1217 0.032454 0.417391 12.26 
2.4380 2 1 1 0x0 -2.9648 -3.0352 -2.96 -3.04 -0.6382 -0.5737 0.0004 0.0010 0.5697 -0.1219 0.035159 0.422642 12.25 
2.4480 2 1 1 0x0 -2.9675 -3.0325 -2.97 -3.03 -0.6780 -0.6451 0.0009 0.0005 0.5639 -0.1221 0.032454 0.423678 12.26 
2.4580 2 1 1 0x0 -2.9594 -3.0406 -2.96 -3.04 -0.7056 -0.5506 0.0006 0.0010 0.5580 -0.1223 0.040568 0.424450 12.25 
2.4680 2 1 1 0x0 -2.9567 -3.0433 -2.96 -3.04 -0.6745 -0.6506 0.0003 0.0008 0.5517 -0.1225 0.043273 0.428722 12.26 
2.4780 2 1 1 0x0 -2.9540 -3.0460 -2.95 -3.05 -0.5475 -0.5771 0.0004 0.0009 0.5458 -0.1228 0.045977 0.427370 12.26 
2.4880 2 1 1 0x0 -2.9513 -3.0487 -2.95 -3.05 -0.6797 -0.6231 0.0005 0.0006 0.5399 -0.1231 0.048682 0.429785 12.26 
2.4980 2 1 1 0x0 -2.9513 -3.0487 -2.95 -3.05 -0.6347 -0.5967 0.0011 0.0004 0.5343 -0.1233 0.048682 0.427871 12.25 
2.5080 2 1 1 0x0 -2.9486 -3.0514 -2.95 -3.05 -0.5297 -0.6220 0.0007 0.0004 0.5284 -0.1236 0.051386 0.427026 12.26 
2.5180 2 1 1 0x0 -2.9432 -3.0568 -2.94 -3.06 -0.6650 -0.5468 0.0006 0.0010 0.5227 -0.1239 0.056795 0.427271 12.25 
2.5280 2 1 1 0x0 -2.9432 -3.0568 -2.94 -3.06 -0.5804 -0.6525 0.0007 0.0005 0.5166 -0.1243 0.056795 0.429570 12.25 
2.5380 2 1 1 0x0 -2.9378 -3.0622 -2.94 -3.06 -0.6096 -0.6295 0.0004 0.0008 0.5106 -0.1247 0.062204 0.430638 12.26 
2.5480 2 1 1 0x0 -2.9378 -3.0622 -2.94 -3.06 -0.5034 -0.6051 0.0005 0.0007 0.5049 -0.1250 0.062204 0.430458 12.25 
2.5580 2 1 1 0x0 -2.9378 -3.0622 -2.94 -3.06 -0.5490 -0.6061 0.0008 0.0006 0.4992 -0.1254 0.062204 0.428362 12.26 
2.5680 2 1 1 0x0 -2.9351 -3.0649 -2.94 -3.06 -0.6700 -0.6643 0.0006 0.0009 0.4934 -0.1257 0.064909 0.428890 12.26 
2.5780 2 1 1 0x0 -2.9351 -3.0649 -2.94 -3.06 -0.5313 -0.5529 0.0006 0.0009 0.4873 -0.1261 0.064909 0.436424 12.26 
2.5880 2 1 1 0x0 -2.9351 -3.0649 -2.94 -3.06 -0.6446 -0.6377 0.0007 0.0008 0.4812 -0.1265 0.064909 0.434026 12.26 
2.5980 2 1 1 0x0 -2.9351 -3.0649 -2.94 -3.06 -0.6176 -0.6098 0.0004 0.0006 0.4756 -0.1269 0.064909 0.429634 12.25 
2.6080 2 1 1 0x0 -2.9351 -3.0649 -2.94 -3.06 -0.6502 -0.6696 0.0009 0.0010 0.4699 -0.1272 0.064909 0.431119 12.26 
2.6180 2 1 1 0x0 -2.9378 -3.0622 -2.94 -3.06 -0.5752 -0.6660 0.0009 0.0006 0.4636 -0.1276 0.062204 0.440414 12.26 
2.6280 2 1 1 0x0 -2.9378 -3.0622 -2.94 -3.06 -0.6136 -0.5592 0.0007 0.0005 0.4575 -0.1280 0.062204 0.436687 12.27 
2.6380 2 1 1 0x0 -2.9378 -3.0622 -2.94 -3.06 -0.6248 -0.4641 0.0007 0.0006 0.4519 -0.1284 0.062204 0.429601 12.27 
2.6480 2 1 1 0x0 -2.9378 -3.0622 -2.94 -3.06 -0.6383 -0.6018 0.0007 0.0004 0.4462 -0.1287 0.062204 0.431191 12.26 
2.6580 2 1 1 0x0 -2.9378 -3.0622 -2.94 -3.06 -0.5364 -0.6437 0.0007 0.0003 0.4401 -0.1291 0.062204 0.431642 12.27 
2.6680 2 1 1 0x0 -2.9351 -3.0649 -2.94 -3.06 -0.7049 -0.6532 0.0009 0.0010 0.4343 -0.1295 0.064909 0.445831 12.27 
2.6780 2 1 1 0x0 -2.9351 -3.0649 -2.94 -3.06 -0.7080 -0.6805 0.0007 0.0006 0.4278 -0.1299 0.064909 0.451891 12.27 
2.6880 2 1 1 0x0 -2.9351 -3.0649 -2.94 -3.06 -0.7223 -0.6804 0.0007 0.0004 0.4213 -0.1303 0.064909 0.456438 12.26 
2.6980 2 1 1 0x0 -2.9351 -3.0649 -2.94 -3.06 -0.4998 -0.5904 0.0004 0.0007 0.4152 -0.1307 0.064909 0.451782 12.26 
2.7080 2 1 1 0x0 -2.9324 -3.0676 -2.93 -3.07 -0.5333 -0.6059 0.0006 0.0010 0.4098 -0.1311 0.067613 0.449724 12.26 
2.7180 2 1 1 0x0 -2.9351 -3.0649 -2.94 -3.06 -0.6670 -0.7139 0.0006 0.0003 0.4035 -0.1315 0.064909 0.454753 12.26 
2.7280 2 1 1 0x0 -2.9351 -3.0649 -2.94 -3.06 -0.5532 -0.5675 0.0009 0.0006 0.3974 -0.1319 0.064909 0.451364 12.26 
2.7380 2 1 1 0x0 -2.9351 -3.0649 -2.94 -3.06 -0.5127 -0.4716 0.0010 0.0005 0.3918 -0.1323 0.064909 0.451151 12.27 
2.7480 2 1 1 0x0 -2.9351 -3.0649 -2.94 -3.06 -0.6580 -0.6869 0.0008 0.0003 0.3857 -0.1327 0.064909 0.453286 12.26 
2.7580 2 1 1 0x0 -2.9324 -3.0676 -2.93 -3.07 -0.6785 -0.6088 0.0004 0.0007 0.3794 -0.1331 0.067613 0.454315 12.27 
2.7680 2 1 1 0x0 -2.9324 -3.0676 -2.93 -3.07 -0.6129 -0.4971 0.0005 0.0010 0.3737 -0.1335 0.067613 0.453158 12.26 
2.7780 2 1 1 0x0 -2.9351 -3.0649 -2.94 -3.06 -0.6669 -0.6660 0.0008 0.0008 0.3679 -0.1339 0.064909 0.454146 12.26 
2.7880 2 1 1 0x0 -2.9378 -3.0622 -2.94 -3.06 -0.5475 -0.6615 0.0006 0.0003 0.3616 -0.1343 0.062204 0.457969 12.26 
2.7980 2 1 1 0x0 -2.9378 -3.0622 -2.94 -3.06 -0.5074 -0.6396 0.0008 0.0008 0.3559 -0.1346 0.062204 0.456571 12.26 
2.8080 2 1 1 0x0 -2.9351 -3.0649 -2.94 -3.06 -0.6553 -0.5928 0.0004 0.0011 0.3501 -0.1350 0.064909 0.455379 12.27 
2.8180 2 1 1 0x0 -2.9378 -3.0622 -2.94 -3.06 -0.6330 -0.5409 0.0009 0.0004 0.3442 -0.1354 0.062204 0.451447 12.26 
2.8280 2 1 1 0x0 -2.9378 -3.0622 -2.94 -3.06 -0.6400 -0.4962 0.0007 0.0006 0.3385 -0.1357 0.062204 0.451342 12.27 
2.8380 2 1 1 0x0 -2.9405 -3.0595 -2.94 -3.06 -0.6344 -0.6662 0.0009 0.0004 0.3326 -0.1361 0.059500 0.452708 12.27 
2.8480 2 1 1 0x0 -2.9405 -3.0595 -2.94 -3.06 -0.5414 -0.6026 0.0008 0.0007 0.3266 -0.1365 0.059500 0.459042 12.27 
2.8580 2 1 1 0x0 -2.9432 -3.0568 -2.94 -3.06 -0.6938 -0.6280 0.0010 0.0005 0.3203 -0.1368 0.056795 0.460445 12.27 
2.8680 2 1 1 0x0 -2.9405 -3.0595 -2.94 -3.06 -0.6543 -0.6468 0.0005 0.0009 0.3140 -0.1372 0.059500 0.456461 12.27 
2.8780 2 1 1 0x0 -2.9432 -3.0568 -2.94 -3.06 -0.4757 -0.6184 0.0004 0.0007 0.3085 -0.1375 0.056795 0.451859 12.24 
2.8880 2 1 1 0x0 -2.9459 -3.0541 -2.95 -3.05 -0.5551 -0.6224 0.0007 0.0008 0.3027 -0.1378 0.054091 0.454927 12.27 
2.8980 2 1 1 0x0 -2.9459 -3.0541 -2.95 -3.05 -0.6528 -0.6510 0.0008 0.0009 0.2966 -0.1382 0.054091 0.453104 12.26 
2.9080 2 1 1 0x0 -2.9459 -3.0541 -2.95 -3.05 -0.4683 -0.4912 0.0005 0.0005 0.2905 -0.1385 0.054091 0.449731 12.26 
2.9180 2 1 1 0x0 -2.9459 -3.0541 -2.95 -3.05 -0.6219 -0.6536 0.0008 0.0008 0.2853 -0.1388 0.054091 0.448946 12.26 
2.9280 2 1 1 0x0 -2.9459 -3.0541 -2.95 -3.05 -0.5350 -0.5585 0.0005 0.0009 0.2792 -0.1391 0.054091 0.451265 12.27 
2.9380 2 1 1 0x0 -2.9486 -3.0514 -2.95 -3.05 -0.6760 -0.5226 0.0008 0.0004 0.2729 -0.1394 0.051386 0.448849 12.27 
2.9480 2 1 1 0x0 -2.9459 -3.0541 -2.95 -3.05 -0.5949 -0.6337 0.0005 0.0010 0.2674 -0.1397 0.054091 0.447272 12.25 
2.9580 2 1 1 0x0 -2.9513 -3.0487 -2.95 -3.05 -0.6373 -0.6849 0.0006 0.0003 0.2614 -0.1400 0.048682 0.449325 12.27 
2.9680 2 1 1 0x0 -2.9513 -3.0487 -2.95 -3.05 -0.6317 -0.5367 0.0007 0.0006 0.2553 -0.1403 0.048682 0.449076 12.26 
2.9780 2 1 1 0x0 -2.9540 -3.0460 -2.95 -3.05 -0.4782 -0.6077 0.0010 0.0006 0.2494 -0.1406 0.045977 0.445688 12.26 
2.9880 2 1 1 0x0 -2.9513 -3.0487 -2.95 -3.05 -0.6663 -0.6333 0.0004 0.0006 0.2435 -0.1409 0.048682 0.445619 12.26 
2.9980 2 1 1 0x0 -2.9540 -3.0460 -2.95 -3.05 -0.6811 -0.5570 0.0010 0.0004 0.2376 -0.1412 0.045977 0.452501 12.27 
3.0080 2 1 1 0x0 -2.9540 -3.0460 -2.95 -3.05 -0.5126 -0.6614 0.0008 0.0005 0.2316 -0.1415 0.045977 0.447193 12.26 
3.0180 2 1 1 0x0 -2.9513 -3.0487 -2.95 -3.05 -0.5453 -0.4967 0.0009 0.0010 0.2261 -0.1417 0.048682 0.450045 12.27 
3.0280 2 1 1 0x0 -2.3934 -2.4907 -2.39 -2.49 -0.6885 -0.6636 0.0009 0.0005 0.2200 -0.1420 0.048682 0.451896 12.26 
3.0380 2 1 1 0x0 0.4428 0.3400 0.44 0.34 -0.5366 -0.4132 0.0011 0.0011 0.2146 -0.1423 0.051386 0.452051 12.27 
3.0480 2 1 1 0x0 2.2830 2.1802 2.28 2.18 -0.2660 -0.3103 0.0014 0.0011 0.2109 -0.1425 0.051386 0.446910 12.25 
3.0580 2 1 1 0x0 3.0595 2.9405 3.06 2.94 -0.3593 -0.2591 0.0013 0.0021 0.2079 -0.1427 0.059500 0.425748 12.20 
3.0680 2 1 1 0x0 3.0514 2.9486 3.05 2.95 -0.1338 -0.1898 0.0061 0.0013 0.2060 -0.1428 0.051386 0.389635 12.20 
3.0780 2 1 1 0x0 3.0487 2.9513 3.05 2.95 -0.0278 -0.0631 0.0161 0.0084 0.2058 -0.1428 0.048682 0.341800 12.21 
3.0880 2 1 1 0x0 3.0487 2.9513 3.05 2.95 -0.0165 0.0923 0.0261 0.0076 0.2058 -0.1428 0.048682 0.283774 12.21 
3.0980 2 1 1 0x0 3.0433 2.9567 3.04 2.96 0.1517 0.0932 0.0018 0.0042 0.2071 -0.1427 0.043273 0.223089 12.22 
3.1080 2 1 1 0x0 3.0406 2.9594 3.04 2.96 0.2551 0.1557 0.0010 0.0031 0.2089 -0.1426 0.040568 0.155293 12.21 
3.1180 2 1 1 0x0 3.0406 2.9594 3.04 2.96 0.3205 0.2097 0.0019 0.0010 0.2113 -0.1425 0.040568 0.082994 12.23 
3.1280 2 1 1 0x0 3.0352 2.9648 3.04 2.96 0.3972 0.2839 0.0017 0.0017 0.2142 -0.1424 0.035159 0.005001 12.23 
3.1380 2 1 1 0x0 3.0325 2.9675 3.03 2.97 0.4642 0.4047 0.0012 0.0006 0.2180 -0.1423 0.032454 -0.075954 12.23 
3.1480 2 1 1 0x0 3.0270 2.9730 3.03 2.97 0.4125 0.3621 0.0010 0.0010 0.2221 -0.1422 0.027045 -0.162043 12.23 
3.1580 2 1 1 0x0 3.0243 2.9757 3.02 2.98 0.4872 0.4975 0.0011 0.0008 0.2267 -0.1421 0.024341 -0.252080 12.24 
3.1680 2 1 1 0x0 3.0189 2.9811 3.02 2.98 0.6110 0.5005 0.0011 0.0011 0.2316 -0.1420 0.018932 -0.347159 12.24 
3.1780 2 1 1 0x0 3.0135 2.9865 3.01 2.99 0.5593 0.5526 0.0005 0.0007 0.2373 -0.1419 0.013523 -0.444559 12.24 
3.1880 2 1 1 0x0 3.0108 2.9892 3.01 2.99 0.5372 0.4753 0.0010 0.0006 0.2427 -0.1418 0.010818 -0.544037 12.24 
3.1980 2 1 1 0x0 3.0027 2.9973 3.00 3.00 0.5325 0.5727 0.0005 0.0008 0.2486 -0.1418 0.002705 -0.648164 12.25 
3.2079 2 1 1 0x0 2.9973 3.0027 3.00 3.00 0.6730 0.5169 0.0005 0.0010 0.2543 -0.1418 -0.002705 -0.678563 12.26 
3.2179 2 1 1 0x0 2.9892 3.0108 2.99 3.01 0.6064 0.2964 0.0006 0.0020 0.2598 -0.1418 -0.010818 -0.672889 12.25 
3.2279 2 1 1 0x0 2.9540 3.0460 2.95 3.05 0.6166 0.1021 0.0005 0.0052 0.2636 -0.1419 -0.045977 -0.660603 12.23 
3.2379 2 1 1 0x0 2.9189 3.0811 2.92 3.08 0.6119 0.1788 0.0007 0.0023 0.2675 -0.1421 -0.081136 -0.668093 12.24 
3.2479 2 1 1 0x0 2.8945 3.1055 2.89 3.11 0.6041 0.3096 0.0008 0.0018 0.2721 -0.1426 -0.105477 -0.669485 12.25 
3.2579 2 1 1 0x0 2.8621 3.1379 2.86 3.14 0.5900 0.1775 0.0008 0.0020 0.2762 -0.1431 -0.137932 -0.685343 12.23 
3.2679 2 1 1 0x0 2.8350 3.1650 2.84 3.16 0.6226 0.2871 0.0007 0.0013 0.2806 -0.1437 -0.164977 -0.696115 12.25 
3.2779 2 1 1 0x0 2.8026 3.1974 2.80 3.20 0.6954 0.1322 0.0010 0.0059 0.2842 -0.1444 -0.197431 -0.684027 12.24 
3.2879 2 1 1 0x0 2.7674 3.2326 2.77 3.23 0.6800 0.1971 0.0004 0.0035 0.2879 -0.1452 -0.232590 -0.673035 12.23 
3.2979 2 1 1 0x0 2.7620 3.2380 2.76 3.24 0.1665 0.2341 0.0032 0.0010 0.2907 -0.1459 -0.238000 -0.665621 12.21 
3.3079 2 1 1 0x0 2.7755 3.2245 2.78 3.22 0.1906 0.2968 0.0011 0.0010 0.2925 -0.1463 -0.224477 -0.683940 12.23 
3.3179 2 1 1 0x0 2.7782 3.2218 2.78 3.22 0.3691 0.3231 0.0016 0.0019 0.2950 -0.1469 -0.221772 -0.696273 12.23 
3.3279 2 1 1 0x0 2.7674 3.2326 2.77 3.23 0.4285 0.2244 0.0006 0.0017 0.2986 -0.1477 -0.232591 -0.700358 12.23 
3.3379 2 1 1 0x0 2.7512 3.2488 2.75 3.25 0.6596 0.3243 0.0006 0.0013 0.3025 -0.1487 -0.248818 -0.700336 12.23 
3.3479 2 1 1 0x0 2.7323 3.2677 2.73 3.27 0.6114 0.2495 0.0008 0.0019 0.3066 -0.1497 -0.267750 -0.700501 12.24 
3.3579 2 1 1 0x0 2.7241 3.2759 2.72 3.28 0.3029 0.2712 0.0016 0.0014 0.3104 -0.1508 -0.275863 -0.699288 12.24 
3.3679 2 1 1 0x0 2.7323 3.2677 2.73 3.27 0.2218 0.4249 0.0011 0.0013 0.3133 -0.1516 -0.267750 -0.704495 12.23 
3.3779 2 1 1 0x0 2.7404 3.2596 2.74 3.26 0.4011 0.4655 0.0016 0.0009 0.3166 -0.1525 -0.259636 -0.713981 12.23 
3.3879 2 1 1 0x0 2.7350 3.2650 2.73 3.27 0.5614 0.4627 0.0004 0.0014 0.3209 -0.1537 -0.265045 -0.720409 12.23 
3.3979 2 1 1 0x0 2.7268 3.2732 2.73 3.27 0.4935 0.4506 0.0008 0.0010 0.3254 -0.1549 -0.273159 -0.720373 12.23 
3.4079 2 1 1 0x0 2.7133 3.2867 2.71 3.29 0.5525 0.3184 0.0010 0.0015 0.3299 -0.1562 -0.286681 -0.718534 12.24 
3.4179 2 1 1 0x0 2.7133 3.2867 2.71 3.29 0.4404 0.5134 0.0015 0.0007 0.3342 -0.1575 -0.286681 -0.714174 12.24 
3.4279 2 1 1 0x0 2.7187 3.2813 2.72 3.28 0.3497 0.4420 0.0012 0.0010 0.3381 -0.1586 -0.281272 -0.717265 12.24 
3.4379 2 1 1 0x0 2.7187 3.2813 2.72 3.28 0.5267 0.4770 0.0006 0.0012 0.3424 -0.1598 -0.281272 -0.718835 12.23 
3.4479 2 1 1 0x0 2.7187 3.2813 2.72 3.28 0.5807 0.4807 0.0011 0.0005 0.3471 -0.1612 -0.281272 -0.717771 12.24 
3.4579 2 1 1 0x0 2.7187 3.2813 2.72 3.28 0.3139 0.4369 0.0007 0.0008 0.3513 -0.1624 -0.281272 -0.717523 12.23 
3.4679 2 1 1 0x0 2.7323 3.2677 2.73 3.27 0.2889 0.5494 0.0010 0.0007 0.3554 -0.1636 -0.267750 -0.722993 12.23 
3.4779 2 1 1 0x0 2.7377 3.2623 2.74 3.26 0.4242 0.5660 0.0007 0.0010 0.3597 -0.1647 -0.262340 -0.728771 12.24 
3.4879 2 1 1 0x0 2.7431 3.2569 2.74 3.26 0.4984 0.5192 0.0008 0.0006 0.3645 -0.1660 -0.256931 -0.730586 12.24 
3.4979 2 1 1 0x0 2.7512 3.2488 2.75 3.25 0.4891 0.5704 0.0014 0.0004 0.3690 -0.1672 -0.248818 -0.731928 12.24 
3.5079 2 1 1 0x0 2.7539 3.2461 2.75 3.25 0.5192 0.4382 0.0007 0.0007 0.3739 -0.1684 -0.246113 -0.733273 12.23 
3.5179 2 1 1 0x0 2.7566 3.2434 2.76 3.24 0.6076 0.5681 0.0009 0.0005 0.3788 -0.1696 -0.243409 -0.737150 12.24 
3.5279 2 1 1 0x0 2.7539 3.2461 2.75 3.25 0.6455 0.5233 0.0009 0.0009 0.3841 -0.1710 -0.246113 -0.735649 12.25 
3.5379 2 1 1 0x0 2.7539 3.2461 2.75 3.25 0.4938 0.4808 0.0007 0.0005 0.3896 -0.1724 -0.246113 -0.733006 12.24 
3.5479 2 1 1 0x0 2.7701 3.2299 2.77 3.23 0.3748 0.5848 0.0013 0.0007 0.3940 -0.1734 -0.229886 -0.739017 12.23 
3.5579 2 1 1 0x0 2.7836 3.2164 2.78 3.22 0.4976 0.6642 0.0011 0.0004 0.3989 -0.1745 -0.216363 -0.745732 12.24 
3.5679 2 1 1 0x0 2.7863 3.2137 2.79 3.21 0.5259 0.6600 0.0009 0.0007 0.4043 -0.1757 -0.213659 -0.752521 12.24 
3.5779 2 1 1 0x0 2.7890 3.2110 2.79 3.21 0.4531 0.5857 0.0011 0.0004 0.4100 -0.1770 -0.210954 -0.755465 12.26 
3.5879 2 1 1 0x0 2.8026 3.1974 2.80 3.20 0.4106 0.6893 0.0010 0.0005 0.4150 -0.1780 -0.197432 -0.764371 12.25 
3.5979 2 1 1 0x0 2.8107 3.1893 2.81 3.19 0.6497 0.7195 0.0006 0.0005 0.4207 -0.1791 -0.189318 -0.782979 12.25 
3.6079 2 1 1 0x0 2.8161 3.1839 2.82 3.18 0.6215 0.7111 0.0009 0.0009 0.4267 -0.1802 -0.183909 -0.799917 12.25 
3.6179 2 1 1 0x0 2.8296 3.1704 2.83 3.17 0.4102 0.5700 0.0014 0.0004 0.4325 -0.1813 -0.170386 -0.807921 12.24 
3.6279 2 1 1 0x0 2.8377 3.1623 2.84 3.16 0.5001 0.6240 0.0014 0.0004 0.4371 -0.1821 -0.162273 -0.804477 12.24 
3.6379 2 1 1 0x0 2.8431 3.1569 2.84 3.16 0.4540 0.5962 0.0006 0.0005 0.4427 -0.1830 -0.156864 -0.807467 12.25 
3.6479 2 1 1 0x0 2.8512 3.1488 2.85 3.15 0.4431 0.6734 0.0010 0.0007 0.4481 -0.1838 -0.148750 -0.809050 12.24 
3.6579 2 1 1 0x0 2.8567 3.1433 2.86 3.14 0.4221 0.6409 0.0009 0.0009 0.4533 -0.1846 -0.143341 -0.807691 12.24 
3.6679 2 1 1 0x0 2.8621 3.1379 2.86 3.14 0.5712 0.5584 0.0004 0.0007 0.4590 -0.1854 -0.137932 -0.808094 12.25 
3.6779 2 1 1 0x0 2.8675 3.1325 2.87 3.13 0.5003 0.6684 0.0004 0.0006 0.4646 -0.1861 -0.132523 -0.809255 12.24 
3.6879 2 1 1 0x0 2.8729 3.1271 2.87 3.13 0.6010 0.5142 0.0008 0.0006 0.4702 -0.1869 -0.127114 -0.811746 12.25 
3.6979 2 1 1 0x0 2.8783 3.1217 2.88 3.12 0.4757 0.6667 0.0010 0.0005 0.4759 -0.1876 -0.121705 -0.815567 12.25 
3.7079 2 1 1 0x0 2.8810 3.1190 2.88 3.12 0.5966 0.6358 0.0010 0.0006 0.4813 -0.1882 -0.119000 -0.810953 12.24 
3.7179 2 1 1 0x0 2.8810 3.1190 2.88 3.12 0.6654 0.6887 0.0009 0.0009 0.4869 -0.1889 -0.119000 -0.811861 12.25 
3.7279 2 1 1 0x0 2.8837 3.1163 2.88 3.12 0.5695 0.7251 0.0006 0.0005 0.4932 -0.1897 -0.116296 -0.816274 12.25 
3.7379 2 1 1 0x0 2.8864 3.1136 2.89 3.11 0.5002 0.5462 0.0008 0.0007 0.4990 -0.1903 -0.113591 -0.820735 12.26 
3.7479 2 1 1 0x0 2.8864 3.1136 2.89 3.11 0.5267 0.5021 0.0005 0.0005 0.5047 -0.1910 -0.113591 -0.819354 12.25 
3.7579 2 1 1 0x0 2.8891 3.1109 2.89 3.11 0.5209 0.6849 0.0009 0.0007 0.5105 -0.1916 -0.110886 -0.826824 12.26 
3.7679 2 1 1 0x0 2.8918 3.1082 2.89 3.11 0.6890 0.6889 0.0009 0.0004 0.5168 -0.1923 -0.108182 -0.838650 12.26 
3.7779 2 1 1 0x0 2.8891 3.1109 2.89 3.11 0.5076 0.5985 0.0008 0.0011 0.5226 -0.1930 -0.110886 -0.839420 12.26 
3.7879 2 1 1 0x0 2.8918 3.1082 2.89 3.11 0.6234 0.6304 0.0011 0.0003 0.5281 -0.1936 -0.108182 -0.839223 12.25 
3.7979 2 1 1 0x0 2.8891 3.1109 2.89 3.11 0.7349 0.5905 0.0004 0.0004 0.5343 -0.1943 -0.110886 -0.854152 12.25 
3.8079 2 1 1 0x0 2.8891 3.1109 2.89 3.11 0.5275 0.6788 0.0007 0.0008 0.5404 -0.1949 -0.110886 -0.864501 12.26 
3.8179 2 1 1 0x0 2.8918 3.1082 2.89 3.11 0.5916 0.5961 0.0010 0.0008 0.5458 -0.1955 -0.108182 -0.860314 12.25 
3.8279 2 1 1 0x0 2.8891 3.1109 2.89 3.11 0.5900 0.6746 0.0007 0.0008 0.5516 -0.1962 -0.110886 -0.859786 12.26 
3.8379 2 1 1 0x0 2.8891 3.1109 2.89 3.11 0.6787 0.4781 0.0009 0.0008 0.5577 -0.1969 -0.110886 -0.863343 12.26 
3.8479 2 1 1 0x0 2.8864 3.1136 2.89 3.11 0.5005 0.5374 0.0007 0.0008 0.5635 -0.1975 -0.113591 -0.867652 12.26 
3.8579 2 1 1 0x0 2.8864 3.1136 2.89 3.11 0.5345 0.5320 0.0007 0.0009 0.5692 -0.1982 -0.113591 -0.863437 12.26 
3.8679 2 1 1 0x0 2.8891 3.1109 2.89 3.11 0.5266 0.6674 0.0010 0.0008 0.5750 -0.1988 -0.110886 -0.863865 12.26 
3.8779 2 1 1 0x0 2.8864 3.1136 2.89 3.11 0.6821 0.6359 0.0009 0.0009 0.5809 -0.1995 -0.113591 -0.865433 12.26 
3.8879 2 1 1 0x0 2.8891 3.1109 2.89 3.11 0.6309 0.5328 0.0011 0.0006 0.5867 -0.2001 -0.110886 -0.864245 12.25 
3.8979 2 1 1 0x0 2.8891 3.1109 2.89 3.11 0.5253 0.6372 0.0007 0.0004 0.5928 -0.2008 -0.110886 -0.864162 12.27 
3.9079 2 1 1 0x0 2.8864 3.1136 2.89 3.11 0.6397 0.6628 0.0004 0.0006 0.5986 -0.2015 -0.113591 -0.860941 12.27 
3.9179 2 1 1 0x0 2.8864 3.1136 2.89 3.11 0.6490 0.6568 0.0005 0.0010 0.6042 -0.2021 -0.113591 -0.858591 12.26 
3.9279 2 1 1 0x0 2.8891 3.1109 2.89 3.11 0.6286 0.6126 0.0006 0.0008 0.6101 -0.2028 -0.110886 -0.854621 12.26 
3.9379 2 1 1 0x0 1.5590 1.7808 1.56 1.78 0.6091 0.4880 0.0008 0.0011 0.6157 -0.2034 -0.110886 -0.854738 12.27 
3.9479 2 1 1 0x0 0.0008 0.2172 0.00 0.22 0.4401 0.4723 0.0007 0.0006 0.6208 -0.2039 -0.108182 -0.853577 12.27 
3.9579 2 1 1 0x0 -1.5294 -1.3076 -1.53 -1.31 0.4435 0.5042 0.0007 0.0004 0.6250 -0.2044 -0.110886 -0.846624 12.26 
3.9679 2 1 1 0x0 -2.7870 -2.5706 -2.79 -2.57 0.3735 0.4396 0.0019 0.0013 0.6288 -0.2048 -0.108182 -0.832877 12.20 
3.9779 2 1 1 0x0 -3.1055 -2.8945 -3.11 -2.89 0.1677 0.1718 0.0021 0.0017 0.6315 -0.2051 -0.105477 -0.810880 12.19 
3.9879 2 1 1 0x0 -3.1001 -2.8999 -3.10 -2.90 0.0783 0.1388 0.0031 0.0021 0.6327 -0.2052 -0.100068 -0.778549 12.20 
3.9979 2 1 1 0x0 -3.0974 -2.9026 -3.10 -2.90 0.0642 0.1111 0.0084 0.0064 0.6333 -0.2053 -0.097364 -0.737198 12.20 
4.0079 2 1 1 0x0 -3.0947 -2.9053 -3.09 -2.91 -0.0310 -0.0787 0.0098 0.0058 0.6331 -0.2053 -0.094659 -0.688866 12.21 
4.0179 2 1 1 0x0 -3.0893 -2.9107 -3.09 -2.91 -0.0961 -0.0387 0.0030 0.0080 0.6323 -0.2052 -0.089250 -0.636247 12.21 
4.0279 2 1 1 0x0 -3.0838 -2.9162 -3.08 -2.92 -0.1554 -0.0904 0.0016 0.0053 0.6311 -0.2051 -0.083841 -0.586050 12.22 
4.0379 2 1 1 0x0 -3.0811 -2.9189 -3.08 -2.92 -0.1831 -0.1359 0.0027 0.0031 0.6296 -0.2050 -0.081136 -0.533758 12.21 
4.0479 2 1 1 0x0 -3.0757 -2.9243 -3.08 -2.92 -0.2385 -0.1591 0.0022 0.0027 0.6276 -0.2048 -0.075727 -0.478327 12.21 
4.0579 2 1 1 0x0 -3.0703 -2.9297 -3.07 -2.93 -0.3284 -0.2309 0.0018 0.0025 0.6252 -0.2047 -0.070318 -0.422584 12.22 
4.0679 2 1 1 0x0 -3.0649 -2.9351 -3.06 -2.94 -0.3809 -0.2884 0.0016 0.0023 0.6224 -0.2045 -0.064909 -0.363964 12.23 
4.0779 2 1 1 0x0 -3.0568 -2.9432 -3.06 -2.94 -0.4307 -0.2752 0.0005 0.0019 0.6189 -0.2043 -0.056796 -0.300722 12.23 
4.0879 2 1 1 0x0 -3.0541 -2.9459 -3.05 -2.95 -0.4790 -0.3701 0.0005 0.0007 0.6151 -0.2040 -0.054091 -0.235888 12.23 
4.0979 2 1 1 0x0 -3.0460 -2.9540 -3.05 -2.95 -0.4257 -0.3929 0.0010 0.0015 0.6112 -0.2038 -0.045977 -0.166763 12.23 
4.1079 2 1 1 0x0 -3.0406 -2.9594 -3.04 -2.96 -0.4581 -0.4515 0.0011 0.0012 0.6068 -0.2036 -0.040568 -0.094466 12.23 
4.1179 2 1 1 0x0 -3.0325 -2.9675 -3.03 -2.97 -0.5371 -0.4179 0.0006 0.0008 0.6017 -0.2035 -0.032455 -0.015171 12.23 
4.1279 2 1 1 0x0 -3.0270 -2.9730 -3.03 -2.97 -0.5325 -0.4837 0.0008 0.0008 0.5964 -0.2033 -0.027046 0.066388 12.23 
4.1379 2 1 1 0x0 -3.0216 -2.9784 -3.02 -2.98 -0.6604 -0.5968 0.0007 0.0010 0.5907 -0.2032 -0.021637 0.157460 12.24 
4.1479 2 1 1 0x0 -3.0189 -2.9811 -3.02 -2.98 -0.6130 -0.6210 0.0007 0.0007 0.5849 -0.2030 -0.018932 0.251108 12.25 
4.1579 2 1 1 0x0 -3.0135 -2.9865 -3.01 -2.99 -0.6094 -0.6538 0.0005 0.0010 0.5788 -0.2029 -0.013523 0.347774 12.25 
4.1679 2 1 1 0x0 -3.0108 -2.9892 -3.01 -2.99 -0.6716 -0.5916 0.0007 0.0010 0.5725 -0.2029 -0.010818 0.450721 12.26 
4.1779 2 1 1 0x0 -3.0081 -2.9919 -3.01 -2.99 -0.6670 -0.4864 0.0009 0.0010 0.5666 -0.2028 -0.008114 0.439205 12.26 
4.1879 2 1 1 0x0 -3.0135 -2.9865 -3.01 -2.99 -0.4886 -0.6567 0.0009 0.0007 0.5609 -0.2027 -0.013523 0.450917 12.24 
4.1979 2 1 1 0x0 -3.0135 -2.9865 -3.01 -2.99 -0.3658 -0.3818 0.0014 0.0019 0.5561 -0.2027 -0.013523 0.451557 12.24 
4.2079 2 1 1 0x0 -3.0054 -2.9946 -3.01 -2.99 -0.3119 -0.1737 0.0011 0.0015 0.5538 -0.2026 -0.005409 0.464152 12.22 
4.2179 2 1 1 0x0 -3.0027 -2.9973 -3.00 -3.00 -0.3955 -0.3425 0.0015 0.0011 0.5508 -0.2026 -0.002705 0.467619 12.22 
4.2279 2 1 1 0x0 -3.0054 -2.9946 -3.01 -2.99 -0.1774 -0.2766 0.0016 0.0020 0.5477 -0.2026 -0.005409 0.466437 12.22 
4.2379 2 1 1 0x0 -3.0000 -3.0000 -3.00 -3.00 -0.2860 -0.1421 0.0016 0.0028 0.5457 -0.2026 -0.000000 0.472012 12.22 
4.2479 2 1 1 0x0 -2.9892 -3.0108 -2.99 -3.01 -0.4219 -0.2206 0.0008 0.0018 0.5429 -0.2026 0.010818 0.473992 12.23 
4.2579 2 1 1 0x0 -2.9784 -3.0216 -2.98 -3.02 -0.3055 -0.1879 0.0012 0.0021 0.5400 -0.2027 0.021636 0.475336 12.22 
4.2679 2 1 1 0x0 -2.9703 -3.0297 -2.97 -3.03 -0.2779 -0.2517 0.0008 0.0024 0.5374 -0.2027 0.029750 0.477707 12.22 
4.2779 2 1 1 0x0 -2.9675 -3.0325 -2.97 -3.03 -0.2791 -0.2431 0.0009 0.0014 0.5344 -0.2028 0.032454 0.479656 12.23 
4.2879 2 1 1 0x0 -2.9648 -3.0352 -2.96 -3.04 -0.3245 -0.2998 0.0016 0.0010 0.5313 -0.2029 0.035159 0.481279 12.22 
4.2979 2 1 1 0x0 -2.9594 -3.0406 -2.96 -3.04 -0.3892 -0.3038 0.0011 0.0012 0.5281 -0.2031 0.040568 0.482500 12.23 
4.3079 2 1 1 0x0 -2.9540 -3.0460 -2.95 -3.05 -0.4427 -0.3045 0.0007 0.0009 0.5244 -0.2032 0.045977 0.484258 12.23 
4.3179 2 1 1 0x0 -2.9486 -3.0514 -2.95 -3.05 -0.4668 -0.3452 0.0008 0.0013 0.5208 -0.2034 0.051386 0.485406 12.23 
4.3279 2 1 1 0x0 -2.9459 -3.0541 -2.95 -3.05 -0.4690 -0.3985 0.0012 0.0017 0.5169 -0.2036 0.054091 0.486695 12.23 
4.3379 2 1 1 0x0 -2.9378 -3.0622 -2.94 -3.06 -0.5421 -0.3271 0.0006 0.0013 0.5127 -0.2039 0.062204 0.487651 12.23 
4.3479 2 1 1 0x0 -2.9270 -3.0730 -2.93 -3.07 -0.5046 -0.3871 0.0004 0.0014 0.5082 -0.2041 0.073022 0.486557 12.23 
4.3579 2 1 1 0x0 -2.9216 -3.0784 -2.92 -3.08 -0.4013 -0.4281 0.0011 0.0006 0.5038 -0.2045 0.078431 0.485634 12.23 
4.3679 2 1 1 0x0 -2.3506 -2.5129 -2.35 -2.51 -0.5188 -0.4831 0.0008 0.0005 0.4995 -0.2048 0.081136 0.486428 12.24 
4.3779 2 1 1 0x0 -1.8222 -1.9899 -1.82 -1.99 -0.3732 -0.4302 0.0007 0.0009 0.4953 -0.2052 0.083840 0.487135 12.26 
4.3879 2 1 1 0x0 -1.5480 -1.7157 -1.55 -1.72 -0.4077 -0.3072 0.0010 0.0011 0.4917 -0.2055 0.083840 0.486689 12.26 
4.3979 2 1 1 0x0 -1.4320 -1.5997 -1.43 -1.60 -0.3927 -0.2828 0.0017 0.0016 0.4884 -0.2058 0.083840 0.487607 12.27 
4.4079 2 1 1 0x0 -0.3016 -0.4693 -0.30 -0.47 -0.3804 -0.3635 0.0007 0.0006 0.4844 -0.2061 0.083840 0.480121 12.27 
4.4179 2 1 1 0x0 0.0054 -0.1623 0.01 -0.16 -0.3614 -0.3091 0.0010 0.0013 0.4811 -0.2064 0.083840 0.471678 12.27 
4.4279 2 1 1 0x0 0.5058 0.3381 0.51 0.34 -0.3081 -0.3220 0.0007 0.0014 0.4779 -0.2066 0.083840 0.463134 12.26 
4.4379 2 1 1 0x0 0.6418 0.4796 0.64 0.48 -0.2598 -0.2978 0.0011 0.0021 0.4753 -0.2069 0.081136 0.453145 12.27 
4.4479 2 1 1 0x0 0.7827 0.6259 0.78 0.63 -0.1763 -0.2527 0.0019 0.0021 0.4731 -0.2070 0.078431 0.439463 12.27 
4.4579 2 1 1 0x0 0.8934 0.7420 0.89 0.74 -0.1373 -0.1735 0.0022 0.0026 0.4712 -0.2072 0.075727 0.423831 12.26 
4.4679 2 1 1 0x0 0.9443 0.7983 0.94 0.80 -0.0952 -0.1193 0.0026 0.0033 0.4698 -0.2073 0.073022 0.405918 12.26 
4.4779 2 1 1 0x0 0.8438 0.7085 0.84 0.71 -0.0508 -0.1284 0.0065 0.0031 0.4690 -0.2073 0.067613 0.383314 12.26 
4.4879 2 1 1 0x0 0.7991 0.6693 0.80 0.67 -0.0550 -0.1029 0.0088 0.0057 0.4684 -0.2074 0.064909 0.364875 12.27 
4.4979 2 1 1 0x0 0.8083 0.6893 0.81 0.69 -0.0269 -0.1003 0.0188 0.0063 0.4680 -0.2074 0.059500 0.344312 12.27 
4.5079 2 1 1 0x0 0.9659 0.8577 0.97 0.86 -0.0162 -0.0760 0.0288 0.0067 0.4676 -0.2074 0.054091 0.324950 12.27 
4.5179 2 1 1 0x0 1.0662 0.9634 1.07 0.96 -0.0116 -0.0465 0.0388 0.0097 0.4674 -0.2074 0.051386 0.304171 12.26 
4.5279 2 1 1 0x0 1.1969 1.0996 1.20 1.10 -0.0090 -0.0448 0.0488 0.0122 0.4672 -0.2074 0.048681 0.286139 12.26 
4.5379 2 1 1 0x0 1.1702 1.0783 1.17 1.08 0.0087 -0.0213 0.0318 0.0222 0.4674 -0.2074 0.045977 0.264163 12.26 
4.5479 2 1 1 0x0 1.0157 0.9238 1.02 0.92 0.0361 0.0140 0.0129 0.0146 0.4678 -0.2074 0.045977 0.244540 12.26 
4.5579 2 1 1 0x0 1.2601 1.1735 1.26 1.17 0.0416 0.0140 0.0124 0.0246 0.4680 -0.2074 0.043272 0.225080 12.26 
4.5679 2 1 1 0x0 1.2236 1.1478 1.22 1.15 0.0515 0.0140 0.0057 0.0346 0.4684 -0.2074 0.037863 0.208867 12.26 
4.5779 2 1 1 0x0 1.3258 1.2501 1.33 1.25 0.0582 0.0193 0.0083 0.0197 0.4688 -0.2074 0.037863 0.193183 12.26 
4.5879 2 1 1 0x0 1.3244 1.2595 1.32 1.26 0.0739 0.0193 0.0038 0.0297 0.4692 -0.2074 0.032454 0.177975 12.26 
4.5978 2 1 1 0x0 1.4368 1.3719 1.44 1.37 0.0556 0.0200 0.0074 0.0191 0.4696 -0.2073 0.032454 0.162486 12.26 
4.6078 2 1 1 0x0 1.3717 1.3122 1.37 1.31 0.0697 0.0328 0.0056 0.0128 0.4702 -0.2073 0.029750 0.147483 12.26 
4.6178 2 1 1 0x0 1.3777 1.3236 1.38 1.32 0.0829 0.0354 0.0057 0.0109 0.4708 -0.2073 0.027045 0.132500 12.27 
4.6278 2 1 1 0x0 1.1989 1.1556 1.20 1.16 0.1044 0.0460 0.0028 0.0107 0.4716 -0.2073 0.021636 0.117605 12.26 
4.6378 2 1 1 0x0 1.2884 1.2506 1.29 1.25 0.1150 0.0426 0.0042 0.0115 0.4723 -0.2073 0.018932 0.103426 12.27 
4.6478 2 1 1 0x0 1.3988 1.3663 1.40 1.37 0.0935 0.0411 0.0061 0.0133 0.4729 -0.2073 0.016227 0.089488 12.27 
4.6578 2 1 1 0x0 1.0137 0.9867 1.01 0.99 0.0967 0.0483 0.0023 0.0055 0.4739 -0.2072 0.013522 0.077478 12.27 
4.6678 2 1 1 0x0 1.0817 1.0601 1.08 1.06 0.0685 0.0402 0.0034 0.0063 0.4745 -0.2072 0.010818 0.066328 12.27 
4.6778 2 1 1 0x0 1.1559 1.1396 1.16 1.14 0.0788 0.0555 0.0036 0.0076 0.4751 -0.2072 0.008113 0.055005 12.28 
4.6878 2 1 1 0x0 1.1454 1.1346 1.15 1.13 0.0752 0.0390 0.0037 0.0087 0.4757 -0.2072 0.005409 0.044763 12.27 
4.6978 2 1 1 0x0 1.1935 1.1881 1.19 1.19 0.0708 0.0590 0.0041 0.0101 0.4763 -0.2072 0.002704 0.034213 12.28 
4.7078 2 1 1 0x0 1.0267 1.0213 1.03 1.02 0.0738 0.0654 0.0038 0.0052 0.4771 -0.2072 0.002704 0.024701 12.27 
4.7178 2 1 1 0x0 1.2472 1.2418 1.25 1.24 0.0815 0.0403 0.0085 0.0070 0.4775 -0.2072 0.002704 0.015587 12.28 
4.7278 2 1 1 0x0 1.2591 1.2591 1.26 1.26 0.0898 0.0749 0.0077 0.0093 0.4781 -0.2072 -0.000000 0.006501 12.27 
4.7378 2 1 1 0x0 1.0370 1.0370 1.04 1.04 0.0789 0.0613 0.0074 0.0052 0.4789 -0.2072 -0.000000 -0.002053 12.27 
4.7478 2 1 1 0x0 1.2022 1.2022 1.20 1.20 0.0461 0.0516 0.0105 0.0080 0.4794 -0.2072 -0.000000 -0.010147 12.27 
4.7578 2 1 1 0x0 1.0902 1.0956 1.09 1.10 0.0602 0.0598 0.0051 0.0107 0.4800 -0.2072 -0.002705 -0.017713 12.26 
4.7678 2 1 1 0x0 1.0227 1.0227 1.02 1.02 0.0738 0.0545 0.0090 0.0057 0.4806 -0.2072 -0.000000 -0.025022 12.27 
4.7778 2 1 1 0x0 1.0726 1.0726 1.07 1.07 0.0454 0.0399 0.0118 0.0069 0.4810 -0.2072 -0.000000 -0.031794 12.26 
4.7878 2 1 1 0x0 1.1271 1.1271 1.13 1.13 0.0362 0.0662 0.0117 0.0087 0.4814 -0.2072 -0.000000 -0.038515 12.27 
4.7978 2 1 1 0x0 0.9669 0.9723 0.97 0.97 0.0708 0.0377 0.0062 0.0103 0.4820 -0.2072 -0.002705 -0.045017 12.27 
4.8078 2 1 1 0x0 1.1392 1.1500 1.14 1.15 0.0475 0.0272 0.0090 0.0203 0.4822 -0.2072 -0.005409 -0.051096 12.27 
4.8178 2 1 1 0x0 1.1117 1.1225 1.11 1.12 0.0534 0.0234 0.0110 0.0162 0.4826 -0.2072 -0.005409 -0.055918 12.27 
4.8278 2 1 1 0x0 1.0180 1.0288 1.02 1.03 0.0477 0.0268 0.0129 0.0100 0.4830 -0.2072 -0.005409 -0.059748 12.27 
4.8378 2 1 1 0x0 0.9434 0.9542 0.94 0.95 0.0411 0.0361 0.0137 0.0068 0.4834 -0.2072 -0.005409 -0.062716 12.27 
4.8478 2 1 1 0x0 1.2060 1.2168 1.21 1.22 0.0216 0.0361 0.0237 0.0168 0.4834 -0.2072 -0.005409 -0.064961 12.27 
4.8578 2 1 1 0x0 0.8953 0.9115 0.90 0.91 0.0501 0.0348 0.0056 0.0153 0.4840 -0.2072 -0.008114 -0.067001 12.27 
4.8678 2 1 1 0x0 1.0550 1.0658 1.06 1.07 0.0350 0.0402 0.0156 0.0144 0.4842 -0.2072 -0.005409 -0.069176 12.27 
4.8778 2 1 1 0x0 1.0014 1.0176 1.00 1.02 0.0208 0.0209 0.0119 0.0244 0.4844 -0.2072 -0.008114 -0.071491 12.27 
4.8878 2 1 1 0x0 0.8777 0.8939 0.88 0.89 0.0416 0.0208 0.0072 0.0196 0.4848 -0.2072 -0.008114 -0.074735 12.27 
4.8978 2 1 1 0x0 1.0897 1.1060 1.09 1.11 0.0328 0.0208 0.0172 0.0296 0.4848 -0.2072 -0.008114 -0.077985 12.27 
4.9078 2 1 1 0x0 0.8080 0.8242 0.81 0.82 0.0188 0.0176 0.0116 0.0183 0.4852 -0.2072 -0.008114 -0.081580 12.28 
4.9178 2 1 1 0x0 0.9182 0.9290 0.92 0.93 0.0188 0.0387 0.0216 0.0116 0.4854 -0.2072 -0.005409 -0.085735 12.28 
4.9278 2 1 1 0x0 1.0608 1.0716 1.06 1.07 0.0188 0.0249 0.0316 0.0216 0.4854 -0.2072 -0.005409 -0.090119 12.27 
4.9378 2 1 1 0x0 0.7839 0.7947 0.78 0.79 0.0194 0.0159 0.0203 0.0136 0.4858 -0.2072 -0.005409 -0.094871 12.27 
4.9478 2 1 1 0x0 0.7797 0.7959 0.78 0.80 0.0218 0.0159 0.0106 0.0236 0.4860 -0.2072 -0.008114 -0.099614 12.27 
4.9578 2 1 1 0x0 0.9666 0.9828 0.97 0.98 0.0218 0.0159 0.0206 0.0336 0.4860 -0.2072 -0.008114 -0.103916 12.28 
4.9678 2 1 1 0x0 0.8710 0.8926 0.87 0.89 0.0236 0.0132 0.0127 0.0436 0.4863 -0.2072 -0.010818 -0.108084 12.26 
4.9778 2 1 1 0x0 0.9773 0.9990 0.98 1.00 0.0236 0.0099 0.0227 0.0536 0.4863 -0.2072 -0.010818 -0.112304 12.27 
4.9878 2 1 1 0x0 0.8629 0.8791 0.86 0.88 0.0169 0.0088 0.0327 0.0279 0.4865 -0.2072 -0.008114 -0.117079 12.27 
4.9978 2 1 1 0x0 0.8189 0.8405 0.82 0.84 0.0140 0.0088 0.0195 0.0379 0.4867 -0.2073 -0.010818 -0.122508 12.27 
5.0078 2 1 1 0x0 0.9239 0.9456 0.92 0.95 0.0140 0.0088 0.0295 0.0479 0.4867 -0.2073 -0.010818 -0.127978 12.26 
5.0178 2 1 1 0x0 0.7738 0.7900 0.77 0.79 0.0140 0.0126 0.0395 0.0188 0.4869 -0.2073 -0.008114 -0.133676 12.27 
5.0278 2 1 1 0x0 0.7819 0.8035 0.78 0.80 0.0153 0.0126 0.0217 0.0288 0.4871 -0.2073 -0.010818 -0.139621 12.27 
5.0378 2 1 1 0x0 0.8672 0.8888 0.87 0.89 0.0153 0.0126 0.0317 0.0388 0.4871 -0.2073 -0.010818 -0.144555 12.27 
5.0478 2 1 1 0x0 0.8927 0.9144 0.89 0.91 0.0153 0.0126 0.0417 0.0488 0.4871 -0.2073 -0.010818 -0.149789 12.27 
5.0578 2 1 1 0x0 0.9012 0.9228 0.90 0.92 0.0105 0.0095 0.0517 0.0588 0.4871 -0.2073 -0.010818 -0.156159 12.27 
5.0678 2 1 1 0x0 0.9047 0.9264 0.90 0.93 0.0084 0.0077 0.0617 0.0688 0.4871 -0.2073 -0.010818 -0.163428 12.27 
5.0778 2 1 1 0x0 0.6980 0.7250 0.70 0.73 0.0071 0.0065 0.0297 0.0788 0.4873 -0.2073 -0.013523 -0.171720 12.27 
5.0878 2 1 1 0x0 0.8197 0.8468 0.82 0.85 0.0071 0.0056 0.0397 0.0888 0.4873 -0.2073 -0.013523 -0.180856 12.29 
5.0978 2 1 1 0x0 0.6655 0.6980 0.67 0.70 0.0216 0.0049 0.0116 0.0988 0.4875 -0.2073 -0.016227 -0.189825 12.27 
5.1078 2 1 1 0x0 0.7813 0.8137 0.78 0.81 0.0216 0.0044 0.0216 0.1000 0.4875 -0.2073 -0.016227 -0.199723 12.27 
5.1178 2 1 1 0x0 0.8132 0.8457 0.81 0.85 0.0182 0.0040 0.0316 0.1000 0.4875 -0.2073 -0.016227 -0.210531 12.28 
5.1278 2 1 1 0x0 0.6905 0.7284 0.69 0.73 0.0156 0.0036 0.0193 0.1000 0.4877 -0.2073 -0.018932 -0.221876 12.28 
5.1378 2 1 1 0x0 0.7549 0.7927 0.75 0.79 0.0156 0.0033 0.0293 0.1000 0.4877 -0.2073 -0.018932 -0.233896 12.28 
5.1478 2 1 1 0x0 0.7709 0.8087 0.77 0.81 0.0156 0.0031 0.0393 0.1000 0.4877 -0.2073 -0.018932 -0.246858 12.28 
5.1578 2 1 1 0x0 0.6704 0.7137 0.67 0.71 0.0150 0.0028 0.0229 0.1000 0.4879 -0.2073 -0.021637 -0.260685 12.27 
5.1678 2 1 1 0x0 0.7116 0.7548 0.71 0.75 0.0150 0.0027 0.0329 0.1000 0.4879 -0.2073 -0.021637 -0.275523 12.27 
5.1778 2 1 1 0x0 0.7197 0.7630 0.72 0.76 0.0138 0.0025 0.0428 0.1000 0.4879 -0.2073 -0.021637 -0.291443 12.27 
5.1878 2 1 1 0x0 0.4870 0.5356 0.49 0.54 0.0104 0.0023 0.0199 0.1000 0.4881 -0.2073 -0.024341 -0.308559 12.27 
5.1978 2 1 1 0x0 0.6191 0.6678 0.62 0.67 0.0104 0.0022 0.0299 0.1000 0.4881 -0.2073 -0.024341 -0.326990 12.28 
5.2078 2 1 1 0x0 0.6521 0.7008 0.65 0.70 0.0104 0.0021 0.0399 0.1000 0.4881 -0.2073 -0.024341 -0.347097 12.27 
5.2178 2 1 1 0x0 0.4172 0.4659 0.42 0.47 0.0166 0.0021 0.0182 0.1000 0.4885 -0.2073 -0.024341 -0.369409 12.28 
5.2278 2 1 1 0x0 0.1163 0.1650 0.12 0.16 0.0276 0.0225 0.0086 0.0100 0.4889 -0.2073 -0.024341 -0.394423 12.28 
5.2378 2 1 1 0x0 0.1918 0.2459 0.19 0.25 0.0464 0.0225 0.0069 0.0200 0.4891 -0.2073 -0.027046 -0.422051 12.27 
5.2478 2 1 1 0x0 0.0600 0.1141 0.06 0.11 0.0425 0.0306 0.0077 0.0144 0.4895 -0.2073 -0.027046 -0.451979 12.27 
5.2578 2 1 1 0x0 0.0200 0.0741 0.02 0.07 0.0574 0.0469 0.0094 0.0134 0.4899 -0.2073 -0.027046 -0.484474 12.27 
5.2678 2 1 1 0x0 -0.4306 -0.3765 -0.43 -0.38 0.0655 0.0538 0.0045 0.0060 0.4907 -0.2073 -0.027046 -0.519435 12.27 
5.2778 2 1 1 0x0 -0.3985 -0.3444 -0.40 -0.34 0.0603 0.0448 0.0081 0.0077 0.4911 -0.2074 -0.027046 -0.557085 12.28 
5.2878 2 1 1 0x0 -0.5714 -0.5119 -0.57 -0.51 0.0615 0.0529 0.0063 0.0093 0.4917 -0.2074 -0.029750 -0.597519 12.27 
5.2978 2 1 1 0x0 -0.9006 -0.8411 -0.90 -0.84 0.0659 0.0746 0.0047 0.0058 0.4925 -0.2074 -0.029750 -0.641226 12.27 
5.3078 2 1 1 0x0 -0.7992 -0.7397 -0.80 -0.74 0.0749 0.0509 0.0089 0.0090 0.4929 -0.2074 -0.029750 -0.688188 12.27 
5.3178 2 1 1 0x0 -0.9864 -0.9215 -0.99 -0.92 0.0626 0.0596 0.0059 0.0117 0.4936 -0.2074 -0.032455 -0.709524 12.26 
5.3278 2 1 1 0x0 -0.3883 -0.3342 -0.39 -0.33 -0.0767 0.0222 0.0032 0.0217 0.4931 -0.2074 -0.027046 -0.730583 12.27 
5.3378 2 1 1 0x0 0.4813 0.5354 0.48 0.54 -0.1383 -0.1320 0.0018 0.0019 0.4919 -0.2074 -0.027046 -0.729240 12.27 
5.3478 2 1 1 0x0 0.8862 0.9457 0.89 0.95 -0.1661 -0.1342 0.0040 0.0019 0.4905 -0.2073 -0.029750 -0.733710 12.27 
5.3578 2 1 1 0x0 0.9171 0.9711 0.92 0.97 -0.0740 -0.0633 0.0030 0.0038 0.4895 -0.2073 -0.027046 -0.738783 12.27 
5.3678 2 1 1 0x0 0.7422 0.7909 0.74 0.79 -0.0758 -0.0486 0.0038 0.0064 0.4889 -0.2073 -0.024341 -0.745450 12.27 
5.3778 2 1 1 0x0 0.5491 0.5977 0.55 0.60 -0.0716 -0.0475 0.0083 0.0080 0.4885 -0.2073 -0.024341 -0.747766 12.28 
5.3878 2 1 1 0x0 0.7607 0.8094 0.76 0.81 -0.0735 -0.0728 0.0072 0.0059 0.4877 -0.2073 -0.024341 -0.748021 12.28 
5.3978 2 1 1 0x0 0.7177 0.7664 0.72 0.77 -0.0417 -0.0434 0.0095 0.0084 0.4873 -0.2073 -0.024341 -0.748654 12.27 
5.4078 2 1 1 0x0 0.6074 0.6506 0.61 0.65 -0.0357 -0.0295 0.0090 0.0184 0.4871 -0.2073 -0.021637 -0.751109 12.28 
5.4178 2 1 1 0x0 0.5483 0.5970 0.55 0.60 -0.0357 -0.0257 0.0190 0.0158 0.4869 -0.2072 -0.024341 -0.751658 12.27 
5.4278 2 1 1 0x0 0.5746 0.6179 0.57 0.62 -0.0245 -0.0226 0.0150 0.0258 0.4867 -0.2072 -0.021637 -0.751985 12.28 
5.4378 2 1 1 0x0 0.4838 0.5271 0.48 0.53 -0.0245 -0.0145 0.0250 0.0358 0.4867 -0.2072 -0.021637 -0.753027 12.27 
5.4478 2 1 1 0x0 0.4615 0.5047 0.46 0.50 -0.0152 -0.0107 0.0350 0.0458 0.4867 -0.2072 -0.021637 -0.753704 12.27 
5.4578 2 1 1 0x0 0.4586 0.5019 0.46 0.50 -0.0111 -0.0085 0.0450 0.0558 0.4867 -0.2072 -0.021637 -0.753095 12.28 
5.4678 2 1 1 0x0 0.4614 0.5047 0.46 0.50 -0.0087 -0.0070 0.0550 0.0658 0.4867 -0.2072 -0.021637 -0.752941 12.28 
5.4778 2 1 1 0x0 0.4657 0.5090 0.47 0.51 -0.0072 -0.0060 0.0650 0.0758 0.4867 -0.2072 -0.021637 -0.752995 12.28 
5.4878 2 1 1 0x0 0.4706 0.5139 0.47 0.51 -0.0061 -0.0052 0.0750 0.0858 0.4867 -0.2072 -0.021637 -0.752843 12.28 
5.4978 2 1 1 0x0 0.4757 0.5189 0.48 0.52 -0.0053 -0.0046 0.0850 0.0958 0.4867 -0.2072 -0.021637 -0.752665 12.27 
5.5078 2 1 1 0x0 0.4807 0.5239 0.48 0.52 -0.0047 -0.0041 0.0950 0.1000 0.4867 -0.2072 -0.021637 -0.752702 12.28 
5.5178 2 1 1 0x0 0.4857 0.5290 0.49 0.53 -0.0042 -0.0038 0.1000 0.1000 0.4867 -0.2072 -0.021637 -0.752719 12.27 
5.5278 2 1 1 0x0 0.4907 0.5340 0.49 0.53 -0.0038 -0.0034 0.1000 0.1000 0.4867 -0.2072 -0.021637 -0.752482 12.27 
5.5378 2 1 1 0x0 0.4957 0.5390 0.50 0.54 -0.0035 -0.0032 0.1000 0.1000 0.4867 -0.2072 -0.021637 -0.752419 12.27 
5.5478 2 1 1 0x0 0.5007 0.5440 0.50 0.54 -0.0032 -0.0029 0.1000 0.1000 0.4867 -0.2072 -0.021637 -0.752483 12.28 
5.5578 2 1 1 0x0 0.5057 0.5490 0.51 0.55 -0.0030 -0.0027 0.1000 0.1000 0.4867 -0.2072 -0.021637 -0.752391 12.28 
5.5678 2 1 1 0x0 0.5107 0.5540 0.51 0.55 -0.0028 -0.0026 0.1000 0.1000 0.4867 -0.2072 -0.021637 -0.752261 12.28 
5.5778 2 1 1 0x0 0.5158 0.5590 0.52 0.56 -0.0026 -0.0024 0.1000 0.1000 0.4867 -0.2072 -0.021637 -0.752261 12.27 
5.5878 2 1 1 0x0 0.5208 0.5640 0.52 0.56 -0.0024 -0.0023 0.1000 0.1000 0.4867 -0.2072 -0.021637 -0.752211 12.27 
5.5978 2 1 1 0x0 0.5258 0.5691 0.53 0.57 -0.0023 -0.0022 0.1000 0.1000 0.4867 -0.2072 -0.021637 -0.752086 12.27 
5.6078 2 1 1 0x0 0.5308 0.5741 0.53 0.57 -0.0022 -0.0020 0.1000 0.1000 0.4867 -0.2072 -0.021637 -0.752052 12.27 
5.6178 2 1 1 0x0 0.5358 0.5791 0.54 0.58 -0.0021 -0.0000 0.1000 0.1000 0.4867 -0.2072 -0.021637 -0.752049 12.27 
5.6278 2 1 1 0x0 0.5408 0.5841 0.54 0.58 -0.0000 -0.0000 0.1000 0.1000 0.4867 -0.2072 -0.021637 -0.751933 12.28 
5.6378 2 1 1 0x0 0.5458 0.5891 0.55 0.59 -0.0000 -0.0000 0.1000 0.1000 0.4867 -0.2072 -0.021637 -0.751824 12.27 
5.6478 2 1 1 0x0 0.5508 0.5941 0.55 0.59 -0.0000 -0.0000 0.1000 0.1000 0.4867 -0.2072 -0.021637 -0.751815 12.27 
5.6578 2 1 1 0x0 0.5559 0.5991 0.56 0.60 -0.0000 -0.0000 0.1000 0.1000 0.4867 -0.2072 -0.021637 -0.751767 12.27 
5.6678 2 1 1 0x0 0.5609 0.6041 0.56 0.60 -0.0000 -0.0000 0.1000 0.1000 0.4867 -0.2072 -0.021637 -0.751666 12.27 
5.6778 2 1 1 0x0 0.5659 0.6092 0.57 0.61 -0.0000 -0.0000 0.1000 0.1000 0.4867 -0.2072 -0.021637 -0.751617 12.28 
5.6878 2 1 1 0x0 0.5709 0.6142 0.57 0.61 -0.0000 -0.0000 0.1000 0.1000 0.4867 -0.2072 -0.021637 -0.751611 12.28 
5.6978 2 1 1 0x0 0.5759 0.6192 0.58 0.62 -0.0000 -0.0000 0.1000 0.1000 0.4867 -0.2072 -0.021637 -0.751530 12.28 
5.7078 2 1 1 0x0 0.5809 0.6242 0.58 0.62 -0.0000 -0.0000 0.1000 0.1000 0.4867 -0.2072 -0.021637 -0.751466 12.27 
5.7178 2 1 1 0x0 0.5859 0.6292 0.59 0.63 -0.0000 -0.0000 0.1000 0.1000 0.4867 -0.2072 -0.021637 -0.751427 12.27 
5.7278 2 1 1 0x0 0.5909 0.6342 0.59 0.63 -0.0000 -0.0000 0.1000 0.1000 0.4867 -0.2072 -0.021637 -0.751380 12.28 
5.7378 2 1 1 0x0 0.5960 0.6392 0.60 0.64 -0.0000 -0.0000 0.1000 0.1000 0.4867 -0.2072 -0.021637 -0.751306 12.28 
5.7478 2 1 1 0x0 0.6010 0.6442 0.60 0.64 -0.0000 -0.0000 0.1000 0.1000 0.4867 -0.2072 -0.021637 -0.751277 12.27 
5.7578 2 1 1 0x0 0.6060 0.6493 0.61 0.65 -0.0000 -0.0000 0.1000 0.1000 0.4867 -0.2072 -0.021637 -0.751253 12.28 
5.7678 2 1 1 0x0 0.6110 0.6543 0.61 0.65 -0.0000 -0.0000 0.1000 0.1000 0.4867 -0.2072 -0.021637 -0.751218 12.28 
5.7778 2 1 1 0x0 0.6160 0.6593 0.62 0.66 -0.0000 -0.0000 0.1000 0.1000 0.4867 -0.2072 -0.021637 -0.751149 12.27 
5.7878 2 1 1 0x0 0.6210 0.6643 0.62 0.66 -0.0000 -0.0000 0.1000 0.1000 0.4867 -0.2072 -0.021637 -0.751130 12.27 
5.7978 2 1 1 0x0 0.6260 0.6693 0.63 0.67 -0.0000 -0.0000 0.1000 0.1000 0.4867 -0.2072 -0.021637 -0.751113 12.28 
5.8078 2 1 1 0x0 0.6310 0.6743 0.63 0.67 -0.0000 -0.0000 0.1000 0.1000 0.4867 -0.2072 -0.021637 -0.751052 12.27 
5.8178 2 1 1 0x0 0.6361 0.6793 0.64 0.68 -0.0000 -0.0000 0.1000 0.1000 0.4867 -0.2072 -0.021637 -0.751020 12.27 
5.8278 2 1 1 0x0 0.6411 0.6843 0.64 0.68 -0.0000 -0.0000 0.1000 0.1000 0.4867 -0.2072 -0.021637 -0.750987 12.27 
5.8378 2 1 1 0x0 0.6461 0.6894 0.65 0.69 -0.0000 -0.0000 0.1000 0.1000 0.4867 -0.2072 -0.021637 -0.750920 12.27 
5.8478 2 1 1 0x0 0.6511 0.6944 0.65 0.69 -0.0000 -0.0000 0.1000 0.1000 0.4867 -0.2072 -0.021637 -0.750848 12.28 
5.8578 2 1 1 0x0 0.6561 0.6994 0.66 0.70 -0.0000 -0.0000 0.1000 0.1000 0.4867 -0.2072 -0.021637 -0.750790 12.27 
5.8678 2 1 1 0x0 0.6611 0.7044 0.66 0.70 -0.0000 -0.0000 0.1000 0.1000 0.4867 -0.2072 -0.021637 -0.750731 12.27 
5.8778 2 1 1 0x0 0.6661 0.7094 0.67 0.71 -0.0000 -0.0000 0.1000 0.1000 0.4867 -0.2072 -0.021637 -0.750701 12.27 
5.8878 2 1 1 0x0 0.6712 0.7144 0.67 0.71 -0.0000 -0.0000 0.1000 0.1000 0.4867 -0.2072 -0.021637 -0.750635 12.28 
5.8978 2 1 1 0x0 0.6762 0.7194 0.68 0.72 -0.0000 -0.0000 0.1000 0.1000 0.4867 -0.2072 -0.021637 -0.750608 12.28 
5.9078 2 1 1 0x0 0.6812 0.7244 0.68 0.72 -0.0000 -0.0000 0.1000 0.1000 0.4867 -0.2072 -0.021637 -0.750573 12.28 
5.9178 2 1 1 0x0 0.6862 0.7295 0.69 0.73 -0.0000 -0.0000 0.1000 0.1000 0.4867 -0.2072 -0.021637 -0.750524 12.27 
5.9278 2 1 1 0x0 0.6912 0.7345 0.69 0.73 -0.0000 -0.0000 0.1000 0.1000 0.4867 -0.2072 -0.021637 -0.750491 12.28 
5.9378 2 1 1 0x0 0.6962 0.7395 0.70 0.74 -0.0000 -0.0000 0.1000 0.1000 0.4867 -0.2072 -0.021637 -0.750446 12.28 
5.9478 2 1 1 0x0 0.7012 0.7445 0.70 0.74 -0.0000 -0.0000 0.1000 0.1000 0.4867 -0.2072 -0.021637 -0.750382 12.28 
5.9578 2 1 1 0x0 0.7062 0.7495 0.71 0.75 -0.0000 -0.0000 0.1000 0.1000 0.4867 -0.2072 -0.021637 -0.750370 12.28 
5.9678 2 1 1 0x0 0.7113 0.7545 0.71 0.75 -0.0000 -0.0000 0.1000 0.1000 0.4867 -0.2072 -0.021637 -0.750321 12.28 
5.9777 2 1 1 0x0 0.7163 0.7595 0.72 0.76 -0.0000 -0.0000 0.1000 0.1000 0.4867 -0.2072 -0.021637 -0.750298 12.28 
5.9877 2 1 1 0x0 0.7213 0.7646 0.72 0.76 -0.0000 -0.0000 0.1000 0.1000 0.4867 -0.2072 -0.021637 -0.750258 12.28 
5.9977 2 1 1 0x0 0.7263 0.7696 0.73 0.77 -0.0000 -0.0000 0.1000 0.1000 0.4867 -0.2072 -0.021637 -0.750222 12.28 
6.0077 2 1 1 0x0 0.7313 0.7746 0.73 0.77 -0.0000 -0.0000 0.1000 0.1000 0.4867 -0.2072 -0.021637 -0.750201 12.28 
6.0177 2 1 1 0x0 0.7363 0.7796 0.74 0.78 -0.0000 -0.0000 0.1000 0.1000 0.4867 -0.2072 -0.021637 -0.750141 12.27 
6.0277 2 1 1 0x0 0.7413 0.7846 0.74 0.78 -0.0000 -0.0000 0.1000 0.1000 0.4867 -0.2072 -0.021637 -0.750141 12.27 
6.0377 2 1 1 0x0 0.7463 0.7896 0.75 0.79 -0.0000 -0.0000 0.1000 0.1000 0.4867 -0.2072 -0.021637 -0.750075 12.27 
6.0477 2 1 1 0x0 0.7514 0.7946 0.75 0.79 -0.0000 -0.0000 0.1000 0.1000 0.4867 -0.2072 -0.021637 -0.750039 12.27 
6.0577 2 1 1 0x0 0.7564 0.7996 0.76 0.80 -0.0000 -0.0000 0.1000 0.1000 0.4867 -0.2072 -0.021637 -0.749965 12.28 
6.0677 2 1 1 0x0 0.7614 0.8047 0.76 0.80 -0.0000 -0.0000 0.1000 0.1000 0.4867 -0.2072 -0.021637 -0.749954 12.28 
6.0777 2 1 1 0x0 0.7664 0.8097 0.77 0.81 -0.0000 -0.0000 0.1000 0.1000 0.4867 -0.2072 -0.021637 -0.749922 12.27 
6.0877 2 1 1 0x0 0.7714 0.8147 0.77 0.81 -0.0000 -0.0000 0.1000 0.1000 0.4867 -0.2072 -0.021637 -0.749900 12.27 
6.0977 2 1 1 0x0 0.7764 0.8197 0.78 0.82 -0.0000 -0.0000 0.1000 0.1000 0.4867 -0.2072 -0.021637 -0.749880 12.27 
6.1077 2 1 1 0x0 0.7814 0.8247 0.78 0.82 -0.0000 -0.0000 0.1000 0.1000 0.4867 -0.2072 -0.021637 -0.749841 12.27 
6.1177 2 1 1 0x0 0.7864 0.8297 0.79 0.83 -0.0000 -0.0000 0.1000 0.1000 0.4867 -0.2072 -0.021637 -0.749810 12.27 
6.1277 2 1 1 0x0 0.7915 0.8347 0.79 0.83 -0.0000 -0.0000 0.1000 0.1000 0.4867 -0.2072 -0.021637 -0.749776 12.27 
6.1377 2 1 1 0x0 0.7965 0.8397 0.80 0.84 -0.0000 -0.0000 0.1000 0.1000 0.4867 -0.2072 -0.021637 -0.749759 12.28 
6.1477 2 1 1 0x0 0.8015 0.8448 0.80 0.84 -0.0000 -0.0000 0.1000 0.1000 0.4867 -0.2072 -0.021637 -0.749724 12.27 
6.1577 2 1 1 0x0 0.8065 0.8498 0.81 0.85 -0.0000 -0.0000 0.1000 0.1000 0.4867 -0.2072 -0.021637 -0.749674 12.28 
6.1677 2 1 1 0x0 0.8115 0.8548 0.81 0.85 -0.0000 -0.0000 0.1000 0.1000 0.4867 -0.2072 -0.021637 -0.749633 12.27 
6.1777 2 1 1 0x0 0.8165 0.8598 0.82 0.86 -0.0000 -0.0000 0.1000 0.1000 0.4867 -0.2072 -0.021637 -0.749579 12.28 
6.1877 2 1 1 0x0 0.8215 0.8648 0.82 0.86 -0.0000 -0.0000 0.1000 0.1000 0.4867 -0.2072 -0.021637 -0.749518 12.28 
6.1977 2 1 1 0x0 0.8265 0.8698 0.83 0.87 -0.0000 -0.0000 0.1000 0.1000 0.4867 -0.2072 -0.021637 -0.749511 12.28 
6.2077 2 1 1 0x0 0.8316 0.8748 0.83 0.87 -0.0000 -0.0000 0.1000 0.1000 0.4867 -0.2072 -0.021637 -0.749485 12.28 
6.2177 2 1 1 0x0 0.8366 0.8798 0.84 0.88 -0.0000 -0.0000 0.1000 0.1000 0.4867 -0.2072 -0.021637 -0.749437 12.28 
6.2277 2 1 1 0x0 0.8416 0.8849 0.84 0.88 -0.0000 -0.0000 0.1000 0.1000 0.4867 -0.2072 -0.021637 -0.749399 12.27 
6.2377 2 1 1 0x0 0.8466 0.8899 0.85 0.89 -0.0000 -0.0000 0.1000 0.1000 0.4867 -0.2072 -0.021637 -0.749367 12.27 
6.2477 2 1 1 0x0 0.8516 0.8949 0.85 0.89 -0.0000 -0.0000 0.1000 0.1000 0.4867 -0.2072 -0.021637 -0.749335 12.28 
6.2577 2 1 1 0x0 0.8566 0.8999 0.86 0.90 -0.0000 -0.0000 0.1000 0.1000 0.4867 -0.2072 -0.021637 -0.749290 12.28 
6.2677 2 1 1 0x0 0.8616 0.9049 0.86 0.90 -0.0000 -0.0000 0.1000 0.1000 0.4867 -0.2072 -0.021637 -0.749276 12.27 
6.2777 2 1 1 0x0 0.8666 0.9099 0.87 0.91 -0.0000 -0.0000 0.1000 0.1000 0.4867 -0.2072 -0.021637 -0.749259 12.28 
6.2877 2 1 1 0x0 0.8717 0.9149 0.87 0.91 -0.0000 -0.0000 0.1000 0.1000 0.4867 -0.2072 -0.021637 -0.749221 12.28 
6.2977 2 1 1 0x0 0.8767 0.9199 0.88 0.92 -0.0000 -0.0000 0.1000 0.1000 0.4867 -0.2072 -0.021637 -0.749210 12.28 
6.3077 2 1 1 0x0 0.8817 0.9250 0.88 0.92 -0.0000 -0.0000 0.1000 0.1000 0.4867 -0.2072 -0.021637 -0.749185 12.27 
6.3177 2 1 1 0x0 0.8867 0.9300 0.89 0.93 -0.0000 -0.0000 0.1000 0.1000 0.4867 -0.2072 -0.021637 -0.749172 12.28 
6.3277 2 1 1 0x0 0.8917 0.9350 0.89 0.93 -0.0000 -0.0000 0.1000 0.1000 0.4867 -0.2072 -0.021637 -0.749125 12.27 
6.3377 2 1 1 0x0 0.8967 0.9400 0.90 0.94 -0.0000 -0.0000 0.1000 0.1000 0.4867 -0.2072 -0.021637 -0.749089 12.27 
6.3477 2 1 1 0x0 0.9017 0.9450 0.90 0.95 -0.0000 -0.0000 0.1000 0.1000 0.4867 -0.2072 -0.021637 -0.749041 12.28 
6.3577 2 1 1 0x0 0.9068 0.9500 0.91 0.95 -0.0000 -0.0000 0.1000 0.1000 0.4867 -0.2072 -0.021637 -0.749006 12.28 
6.3677 2 1 1 0x0 0.9118 0.9550 0.91 0.96 -0.0000 -0.0000 0.1000 0.1000 0.4867 -0.2072 -0.021637 -0.749003 12.28 
6.3777 2 1 1 0x0 0.9168 0.9600 0.92 0.96 -0.0000 -0.0000 0.1000 0.1000 0.4867 -0.2072 -0.021637 -0.748982 12.27 
6.3877 2 1 1 0x0 0.9218 0.9651 0.92 0.97 -0.0000 -0.0000 0.1000 0.1000 0.4867 -0.2072 -0.021637 -0.748962 12.27 
6.3977 2 1 1 0x0 0.9268 0.9701 0.93 0.97 -0.0000 -0.0000 0.1000 0.1000 0.4867 -0.2072 -0.021637 -0.748931 12.28 
6.4077 2 1 1 0x0 0.9318 0.9751 0.93 0.98 -0.0000 -0.0000 0.1000 0.1000 0.4867 -0.2072 -0.021637 -0.748914 12.27 
6.4177 2 1 1 0x0 0.9368 0.9801 0.94 0.98 -0.0000 -0.0000 0.1000 0.1000 0.4867 -0.2072 -0.021637 -0.748881 12.27 
6.4277 2 1 1 0x0 0.9418 0.9851 0.94 0.99 -0.0000 -0.0000 0.1000 0.1000 0.4867 -0.2072 -0.021637 -0.748859 12.27 
6.4377 2 1 1 0x0 0.9469 0.9901 0.95 0.99 -0.0000 -0.0000 0.1000 0.1000 0.4867 -0.2072 -0.021637 -0.748859 12.27 
6.4477 2 1 1 0x0 0.9519 0.9951 0.95 1.00 -0.0000 -0.0000 0.1000 0.1000 0.4867 -0.2072 -0.021637 -0.748858 12.27 
6.4577 2 1 1 0x0 0.9569 1.0002 0.96 1.00 -0.0000 -0.0000 0.1000 0.1000 0.4867 -0.2072 -0.021637 -0.748849 12.27 
6.4677 2 1 1 0x0 0.9619 1.0052 0.96 1.01 -0.0000 -0.0000 0.1000 0.1000 0.4867 -0.2072 -0.021637 -0.748838 12.27 
6.4777 2 1 1 0x0 0.9669 1.0102 0.97 1.01 -0.0000 -0.0000 0.1000 0.1000 0.4867 -0.2072 -0.021637 -0.748834 12.28 
6.4877 2 1 1 0x0 0.9719 1.0152 0.97 1.02 -0.0000 -0.0000 0.1000 0.1000 0.4867 -0.2072 -0.021637 -0.748796 12.27 
6.4977 2 1 1 0x0 0.9769 1.0202 0.98 1.02 -0.0000 -0.0000 0.1000 0.1000 0.4867 -0.2072 -0.021637 -0.748787 12.28 
6.5077 2 1 1 0x0 0.9819 1.0252 0.98 1.03 -0.0000 -0.0000 0.1000 0.1000 0.4867 -0.2072 -0.021637 -0.748773 12.26 
6.5177 2 1 1 0x0 0.9870 1.0302 0.99 1.03 -0.0000 -0.0000 0.1000 0.1000 0.4867 -0.2072 -0.021637 -0.748748 12.28 
6.5277 2 1 1 0x0 0.9920 1.0352 0.99 1.04 -0.0000 -0.0000 0.1000 0.1000 0.4867 -0.2072 -0.021637 -0.748724 12.27 
6.5377 2 1 1 0x0 0.9970 1.0403 1.00 1.04 -0.0000 -0.0000 0.1000 0.1000 0.4867 -0.2072 -0.021637 -0.748723 12.27 
6.5477 2 1 1 0x0 1.0020 1.0453 1.00 1.05 -0.0000 -0.0000 0.1000 0.1000 0.4867 -0.2072 -0.021637 -0.748735 12.28 
6.5577 2 1 1 0x0 1.0070 1.0503 1.01 1.05 -0.0000 -0.0000 0.1000 0.1000 0.4867 -0.2072 -0.021637 -0.748754 12.27 
6.5677 2 1 1 0x0 1.0120 1.0553 1.01 1.06 -0.0000 -0.0000 0.1000 0.1000 0.4867 -0.2072 -0.021637 -0.748786 12.27 
6.5777 2 1 1 0x0 1.0170 1.0603 1.02 1.06 -0.0000 -0.0000 0.1000 0.1000 0.4867 -0.2072 -0.021637 -0.748837 12.28 
6.5877 2 1 1 0x0 1.0220 1.0653 1.02 1.07 -0.0000 -0.0000 0.1000 0.1000 0.4867 -0.2072 -0.021637 -0.748885 12.28 
6.5977 2 1 1 0x0 1.0271 1.0703 1.03 1.07 -0.0000 -0.0000 0.1000 0.1000 0.4867 -0.2072 -0.021637 -0.748896 12.28 
6.6077 2 1 1 0x0 0.8758 0.9245 0.88 0.92 0.0003 -0.0000 0.1000 0.1000 0.4869 -0.2072 -0.024341 -0.748918 12.27 
6.6177 2 1 1 0x0 0.9626 1.0113 0.96 1.01 0.0003 -0.0000 0.1000 0.1000 0.4869 -0.2072 -0.024341 -0.748675 12.27 
6.6277 2 1 1 0x0 0.9898 1.0385 0.99 1.04 0.0003 -0.0000 0.1000 0.1000 0.4869 -0.2072 -0.024341 -0.748562 12.27 
6.6377 2 1 1 0x0 0.9999 1.0486 1.00 1.05 0.0003 -0.0000 0.1000 0.1000 0.4869 -0.2072 -0.024341 -0.748649 12.28 
6.6477 2 1 1 0x0 1.0052 1.0538 1.01 1.05 0.0003 -0.0000 0.1000 0.1000 0.4869 -0.2072 -0.024341 -0.748686 12.28 
6.6577 2 1 1 0x0 1.0091 1.0578 1.01 1.06 0.0003 -0.0000 0.1000 0.1000 0.4869 -0.2072 -0.024341 -0.748589 12.27 
6.6677 2 1 1 0x0 1.0124 1.0611 1.01 1.06 0.0003 -0.0000 0.1000 0.1000 0.4869 -0.2072 -0.024341 -0.748594 12.28 
6.6777 2 1 1 0x0 1.0157 1.0644 1.02 1.06 0.0003 -0.0000 0.1000 0.1000 0.4869 -0.2072 -0.024341 -0.748599 12.28 
6.6877 2 1 1 0x0 1.0190 1.0677 1.02 1.07 0.0003 -0.0000 0.1000 0.1000 0.4869 -0.2072 -0.024341 -0.748567 12.27 
6.6977 2 1 1 0x0 1.0223 1.0710 1.02 1.07 0.0003 -0.0000 0.1000 0.1000 0.4869 -0.2072 -0.024341 -0.748568 12.28 
6.7077 2 1 1 0x0 1.0256 1.0743 1.03 1.07 0.0003 -0.0000 0.1000 0.1000 0.4869 -0.2072 -0.024341 -0.748557 12.28 
6.7177 2 1 1 0x0 1.0289 1.0776 1.03 1.08 0.0003 -0.0000 0.1000 0.1000 0.4869 -0.2072 -0.024341 -0.748525 12.28 
6.7277 2 1 1 0x0 1.0322 1.0809 1.03 1.08 0.0003 -0.0000 0.1000 0.1000 0.4869 -0.2072 -0.024341 -0.748517 12.28 
6.7377 2 1 1 0x0 1.0355 1.0842 1.04 1.08 0.0003 -0.0000 0.1000 0.1000 0.4869 -0.2072 -0.024341 -0.748531 12.27 
6.7477 2 1 1 0x0 1.0388 1.0875 1.04 1.09 0.0003 -0.0000 0.1000 0.1000 0.4869 -0.2072 -0.024341 -0.748509 12.28 
6.7577 2 1 1 0x0 1.0421 1.0908 1.04 1.09 0.0003 -0.0000 0.1000 0.1000 0.4869 -0.2072 -0.024341 -0.748500 12.28 
6.7677 2 1 1 0x0 1.0454 1.0941 1.05 1.09 0.0003 -0.0000 0.1000 0.1000 0.4869 -0.2072 -0.024341 -0.748476 12.27 
6.7777 2 1 1 0x0 1.0487 1.0974 1.05 1.10 0.0003 -0.0000 0.1000 0.1000 0.4869 -0.2072 -0.024341 -0.748455 12.28 
6.7877 2 1 1 0x0 1.0520 1.1007 1.05 1.10 0.0003 -0.0000 0.1000 0.1000 0.4869 -0.2072 -0.024341 -0.748453 12.27 
6.7977 2 1 1 0x0 1.0553 1.1040 1.06 1.10 0.0003 -0.0000 0.1000 0.1000 0.4869 -0.2072 -0.024341 -0.748444 12.28 
6.8077 2 1 1 0x0 1.0586 1.1073 1.06 1.11 0.0000 -0.0000 0.1000 0.1000 0.4869 -0.2072 -0.024341 -0.748448 12.27 
6.8177 2 1 1 0x0 1.0619 1.1106 1.06 1.11 0.0000 -0.0000 0.1000 0.1000 0.4869 -0.2072 -0.024341 -0.748446 12.27 
6.8277 2 1 1 0x0 1.0652 1.1139 1.07 1.11 0.0000 -0.0000 0.1000 0.1000 0.4869 -0.2072 -0.024341 -0.748425 12.28 
6.8377 2 1 1 0x0 1.0685 1.1172 1.07 1.12 0.0000 -0.0000 0.1000 0.1000 0.4869 -0.2072 -0.024341 -0.748411 12.27 
6.8477 2 1 1 0x0 1.0718 1.1205 1.07 1.12 0.0000 -0.0000 0.1000 0.1000 0.4869 -0.2072 -0.024341 -0.748380 12.28 
6.8577 2 1 1 0x0 0.8915 0.9347 0.89 0.93 0.0000 0.0003 0.1000 0.1000 0.4871 -0.2073 -0.021637 -0.748412 12.27 
6.8677 2 1 1 0x0 1.0005 1.0438 1.00 1.04 0.0000 0.0003 0.1000 0.1000 0.4871 -0.2073 -0.021637 -0.748344 12.27 
6.8777 2 1 1 0x0 1.0329 1.0762 1.03 1.08 0.0000 0.0003 0.1000 0.1000 0.4871 -0.2073 -0.021637 -0.748208 12.27 
6.8877 2 1 1 0x0 1.0432 1.0865 1.04 1.09 0.0000 0.0003 0.1000 0.1000 0.4871 -0.2073 -0.021637 -0.748225 12.27 
6.8977 2 1 1 0x0 1.0474 1.0906 1.05 1.09 0.0000 0.0003 0.1000 0.1000 0.4871 -0.2073 -0.021637 -0.748272 12.27 
6.9077 2 1 1 0x0 1.0497 1.0930 1.05 1.09 0.0000 0.0003 0.1000 0.1000 0.4871 -0.2073 -0.021637 -0.748233 12.27 
6.9177 2 1 1 0x0 1.0515 1.0947 1.05 1.09 0.0000 0.0003 0.1000 0.1000 0.4871 -0.2073 -0.021637 -0.748211 12.27 
6.9277 2 1 1 0x0 1.0531 1.0964 1.05 1.10 0.0000 0.0003 0.1000 0.1000 0.4871 -0.2073 -0.021637 -0.748229 12.28 
6.9377 2 1 1 0x0 1.0547 1.0980 1.05 1.10 0.0000 0.0003 0.1000 0.1000 0.4871 -0.2073 -0.021637 -0.748216 12.27 
6.9477 2 1 1 0x0 1.0563 1.0996 1.06 1.10 0.0000 0.0003 0.1000 0.1000 0.4871 -0.2073 -0.021637 -0.748180 12.28 
6.9577 2 1 1 0x0 1.0579 1.1012 1.06 1.10 0.0000 0.0003 0.1000 0.1000 0.4871 -0.2073 -0.021637 -0.748184 12.27 
6.9677 2 1 1 0x0 1.0595 1.1028 1.06 1.10 0.0000 0.0003 0.1000 0.1000 0.4871 -0.2073 -0.021637 -0.748180 12.28 
6.9777 2 1 1 0x0 1.0611 1.1044 1.06 1.10 0.0000 0.0003 0.1000 0.1000 0.4871 -0.2073 -0.021637 -0.748143 12.27 
6.9877 2 1 1 0x0 1.0628 1.1060 1.06 1.11 0.0000 0.0003 0.1000 0.1000 0.4871 -0.2073 -0.021637 -0.748123 12.27 
6.9977 2 1 1 0x0 1.0644 1.1076 1.06 1.11 0.0000 0.0003 0.1000 0.1000 0.4871 -0.2073 -0.021637 -0.748088 12.27 
7.0077 2 1 1 0x0 1.0660 1.1092 1.07 1.11 0.0000 0.0003 0.1000 0.1000 0.4871 -0.2073 -0.021637 -0.748070 12.27 
7.0177 2 1 1 0x0 1.0676 1.1109 1.07 1.11 0.0000 0.0003 0.1000 0.1000 0.4871 -0.2073 -0.021637 -0.748075 12.27 
7.0277 2 1 1 0x0 1.0692 1.1125 1.07 1.11 0.0000 0.0003 0.1000 0.1000 0.4871 -0.2073 -0.021637 -0.748086 12.27 
7.0377 2 1 1 0x0 1.0708 1.1141 1.07 1.11 0.0000 0.0003 0.1000 0.1000 0.4871 -0.2073 -0.021637 -0.748082 12.27 
7.0477 2 1 1 0x0 1.0724 1.1157 1.07 1.12 0.0000 0.0003 0.1000 0.1000 0.4871 -0.2073 -0.021637 -0.748086 12.27 
7.0577 2 1 1 0x0 1.0740 1.1173 1.07 1.12 0.0000 0.0000 0.1000 0.1000 0.4871 -0.2073 -0.021637 -0.748087 12.27 
7.0677 2 1 1 0x0 1.0756 1.1189 1.08 1.12 0.0000 0.0000 0.1000 0.1000 0.4871 -0.2073 -0.021637 -0.748067 12.27 
7.0777 2 1 1 0x0 1.0773 1.1205 1.08 1.12 0.0000 0.0000 0.1000 0.1000 0.4871 -0.2073 -0.021637 -0.748048 12.27 
7.0877 2 1 1 0x0 1.0789 1.1221 1.08 1.12 0.0000 0.0000 0.1000 0.1000 0.4871 -0.2073 -0.021637 -0.748030 12.27 
7.0977 2 1 1 0x0 1.0805 1.1238 1.08 1.12 0.0000 0.0000 0.1000 0.1000 0.4871 -0.2073 -0.021637 -0.748008 12.28 
7.1077 2 1 1 0x0 1.0821 1.1254 1.08 1.13 0.0000 0.0000 0.1000 0.1000 0.4871 -0.2073 -0.021637 -0.747985 12.28 
7.1177 2 1 1 0x0 1.0837 1.1270 1.08 1.13 0.0000 0.0000 0.1000 0.1000 0.4871 -0.2073 -0.021637 -0.747954 12.27 
7.1277 2 1 1 0x0 1.0853 1.1286 1.09 1.13 0.0000 0.0000 0.1000 0.1000 0.4871 -0.2073 -0.021637 -0.747937 12.27 
7.1377 2 1 1 0x0 1.0869 1.1302 1.09 1.13 0.0000 0.0000 0.1000 0.1000 0.4871 -0.2073 -0.021637 -0.747917 12.28 
7.1477 2 1 1 0x0 1.0885 1.1318 1.09 1.13 0.0000 0.0000 0.1000 0.1000 0.4871 -0.2073 -0.021637 -0.747897 12.27 
7.1577 2 1 1 0x0 1.0902 1.1334 1.09 1.13 0.0000 0.0000 0.1000 0.1000 0.4871 -0.2073 -0.021637 -0.747886 12.27 
7.1677 2 1 1 0x0 1.0918 1.1350 1.09 1.14 0.0000 0.0000 0.1000 0.1000 0.4871 -0.2073 -0.021637 -0.747843 12.28 
7.1777 2 1 1 0x0 1.0934 1.1366 1.09 1.14 0.0000 0.0000 0.1000 0.1000 0.4871 -0.2073 -0.021637 -0.747860 12.28 
7.1877 2 1 1 0x0 1.0950 1.1383 1.09 1.14 0.0000 0.0000 0.1000 0.1000 0.4871 -0.2073 -0.021637 -0.747876 12.28 
7.1977 2 1 1 0x0 1.0966 1.1399 1.10 1.14 0.0000 0.0000 0.1000 0.1000 0.4871 -0.2073 -0.021637 -0.747889 12.27 
7.2077 2 1 1 0x0 1.0982 1.1415 1.10 1.14 0.0000 0.0000 0.1000 0.1000 0.4871 -0.2073 -0.021637 -0.747921 12.27 
7.2177 2 1 1 0x0 1.0998 1.1431 1.10 1.14 0.0000 0.0000 0.1000 0.1000 0.4871 -0.2073 -0.021637 -0.747984 12.27 
7.2277 2 1 1 0x0 1.1014 1.1447 1.10 1.14 0.0000 0.0000 0.1000 0.1000 0.4871 -0.2073 -0.021637 -0.748067 12.28 
7.2377 2 1 1 0x0 1.1030 1.1463 1.10 1.15 0.0000 0.0000 0.1000 0.1000 0.4871 -0.2073 -0.021637 -0.748110 12.27 
7.2477 2 1 1 0x0 1.1047 1.1479 1.10 1.15 0.0000 0.0000 0.1000 0.1000 0.4871 -0.2073 -0.021637 -0.748199 12.27 
7.2577 2 1 1 0x0 0.9864 1.0351 0.99 1.04 0.0006 0.0000 0.1000 0.1000 0.4873 -0.2073 -0.024341 -0.748247 12.27 
7.2677 2 1 1 0x0 1.0438 1.0925 1.04 1.09 0.0006 0.0000 0.1000 0.1000 0.4873 -0.2073 -0.024341 -0.747944 12.27 
7.2777 2 1 1 0x0 1.0601 1.1088 1.06 1.11 0.0006 0.0000 0.1000 0.1000 0.4873 -0.2073 -0.024341 -0.748012 12.27 
7.2877 2 1 1 0x0 1.0648 1.1134 1.06 1.11 0.0006 0.0000 0.1000 0.1000 0.4873 -0.2073 -0.024341 -0.748128 12.27 
7.2977 2 1 1 0x0 1.0660 1.1147 1.07 1.11 0.0006 0.0000 0.1000 0.1000 0.4873 -0.2073 -0.024341 -0.748061 12.28 
7.3077 2 1 1 0x0 0.8828 0.9261 0.88 0.93 0.0006 0.0009 0.1000 0.1000 0.4875 -0.2073 -0.021637 -0.748122 12.27 
7.3177 2 1 1 0x0 0.9887 1.0320 0.99 1.03 0.0006 0.0009 0.1000 0.1000 0.4875 -0.2073 -0.021637 -0.747956 12.27 
7.3277 2 1 1 0x0 1.0178 1.0611 1.02 1.06 0.0006 0.0009 0.1000 0.1000 0.4875 -0.2073 -0.021637 -0.747710 12.28 
7.3377 2 1 1 0x0 1.0249 1.0682 1.02 1.07 0.0006 0.0009 0.1000 0.1000 0.4875 -0.2073 -0.021637 -0.747757 12.27 
7.3477 2 1 1 0x0 1.0257 1.0690 1.03 1.07 0.0006 0.0009 0.1000 0.1000 0.4875 -0.2073 -0.021637 -0.747855 12.27 
7.3576 2 1 1 0x0 1.0247 1.0680 1.02 1.07 0.0006 0.0009 0.1000 0.1000 0.4875 -0.2073 -0.021637 -0.747731 12.27 
7.3676 2 1 1 0x0 1.0231 1.0664 1.02 1.07 0.0006 0.0009 0.1000 0.1000 0.4875 -0.2073 -0.021637 -0.747706 12.28 
7.3776 2 1 1 0x0 1.0214 1.0647 1.02 1.06 0.0006 0.0009 0.1000 0.1000 0.4875 -0.2073 -0.021637 -0.747772 12.27 
7.3876 2 1 1 0x0 1.0197 1.0629 1.02 1.06 0.0006 0.0009 0.1000 0.1000 0.4875 -0.2073 -0.021637 -0.747740 12.27 
7.3976 2 1 1 0x0 1.0179 1.0612 1.02 1.06 0.0006 0.0009 0.1000 0.1000 0.4875 -0.2073 -0.021637 -0.747710 12.27 
7.4076 2 1 1 0x0 1.0162 1.0595 1.02 1.06 0.0006 0.0009 0.1000 0.1000 0.4875 -0.2073 -0.021637 -0.747742 12.27 
7.4176 2 1 1 0x0 1.0145 1.0578 1.01 1.06 0.0006 0.0009 0.1000 0.1000 0.4875 -0.2073 -0.021637 -0.747760 12.27 
7.4276 2 1 1 0x0 1.0128 1.0560 1.01 1.06 0.0006 0.0009 0.1000 0.1000 0.4875 -0.2073 -0.021637 -0.747734 12.28 
7.4376 2 1 1 0x0 1.0111 1.0543 1.01 1.05 0.0006 0.0009 0.1000 0.1000 0.4875 -0.2073 -0.021637 -0.747758 12.27 
7.4476 2 1 1 0x0 1.0093 1.0526 1.01 1.05 0.0006 0.0009 0.1000 0.1000 0.4875 -0.2073 -0.021637 -0.747758 12.27 
7.4576 2 1 1 0x0 1.0076 1.0509 1.01 1.05 0.0000 0.0009 0.1000 0.1000 0.4875 -0.2073 -0.021637 -0.747732 12.28 
7.4676 2 1 1 0x0 1.0059 1.0492 1.01 1.05 0.0000 0.0009 0.1000 0.1000 0.4875 -0.2073 -0.021637 -0.747716 12.27 
7.4776 2 1 1 0x0 1.0042 1.0474 1.00 1.05 0.0000 0.0009 0.1000 0.1000 0.4875 -0.2073 -0.021637 -0.747728 12.27 
7.4876 2 1 1 0x0 1.0024 1.0457 1.00 1.05 0.0000 0.0009 0.1000 0.1000 0.4875 -0.2073 -0.021637 -0.747720 12.27 
7.4976 2 1 1 0x0 1.0007 1.0440 1.00 1.04 0.0000 0.0009 0.1000 0.1000 0.4875 -0.2073 -0.021637 -0.747733 12.27 
7.5076 2 1 1 0x0 0.9990 1.0423 1.00 1.04 0.0000 0.0000 0.1000 0.1000 0.4875 -0.2073 -0.021637 -0.747753 12.27 
7.5176 2 1 1 0x0 0.9973 1.0405 1.00 1.04 0.0000 0.0000 0.1000 0.1000 0.4875 -0.2073 -0.021637 -0.747791 12.28 
7.5276 2 1 1 0x0 0.9955 1.0388 1.00 1.04 0.0000 0.0000 0.1000 0.1000 0.4875 -0.2073 -0.021637 -0.747766 12.27 
7.5376 2 1 1 0x0 0.9938 1.0371 0.99 1.04 0.0000 0.0000 0.1000 0.1000 0.4875 -0.2073 -0.021637 -0.747731 12.28 
7.5476 2 1 1 0x0 0.9921 1.0354 0.99 1.04 0.0000 0.0000 0.1000 0.1000 0.4875 -0.2073 -0.021637 -0.747741 12.27 
7.5576 2 1 1 0x0 0.9904 1.0336 0.99 1.03 0.0000 0.0000 0.1000 0.1000 0.4875 -0.2073 -0.021637 -0.747736 12.27 
7.5676 2 1 1 0x0 0.9886 1.0319 0.99 1.03 0.0000 0.0000 0.1000 0.1000 0.4875 -0.2073 -0.021637 -0.747728 12.27 
7.5776 2 1 1 0x0 0.9869 1.0302 0.99 1.03 0.0000 0.0000 0.1000 0.1000 0.4875 -0.2073 -0.021637 -0.747730 12.27 
7.5876 2 1 1 0x0 0.9852 1.0285 0.99 1.03 0.0000 0.0000 0.1000 0.1000 0.4875 -0.2073 -0.021637 -0.747726 12.27 
7.5976 2 1 1 0x0 0.9835 1.0267 0.98 1.03 0.0000 0.0000 0.1000 0.1000 0.4875 -0.2073 -0.021637 -0.747708 12.27 
7.6076 2 1 1 0x0 0.9817 1.0250 0.98 1.03 0.0000 0.0000 0.1000 0.1000 0.4875 -0.2073 -0.021637 -0.747708 12.27 
7.6176 2 1 1 0x0 0.9800 1.0233 0.98 1.02 0.0000 0.0000 0.1000 0.1000 0.4875 -0.2073 -0.021637 -0.747717 12.27 
7.6276 2 1 1 0x0 0.9783 1.0216 0.98 1.02 0.0000 0.0000 0.1000 0.1000 0.4875 -0.2073 -0.021637 -0.747689 12.28 
7.6376 2 1 1 0x0 0.9766 1.0198 0.98 1.02 0.0000 0.0000 0.1000 0.1000 0.4875 -0.2073 -0.021637 -0.747682 12.27 
7.6476 2 1 1 0x0 0.9749 1.0181 0.97 1.02 0.0000 0.0000 0.1000 0.1000 0.4875 -0.2073 -0.021637 -0.747682 12.28 
7.6576 2 1 1 0x0 0.9731 1.0164 0.97 1.02 0.0000 0.0000 0.1000 0.1000 0.4875 -0.2073 -0.021637 -0.747698 12.28 
7.6676 2 1 1 0x0 0.9714 1.0147 0.97 1.01 0.0000 0.0000 0.1000 0.1000 0.4875 -0.2073 -0.021637 -0.747703 12.27 
7.6776 2 1 1 0x0 0.9697 1.0130 0.97 1.01 0.0000 0.0000 0.1000 0.1000 0.4875 -0.2073 -0.021637 -0.747698 12.27 
7.6876 2 1 1 0x0 0.9680 1.0112 0.97 1.01 0.0000 0.0000 0.1000 0.1000 0.4875 -0.2073 -0.021637 -0.747681 12.27 
7.6976 2 1 1 0x0 0.9662 1.0095 0.97 1.01 0.0000 0.0000 0.1000 0.1000 0.4875 -0.2073 -0.021637 -0.747702 12.27 
7.7076 2 1 1 0x0 0.9645 1.0078 0.96 1.01 0.0000 0.0000 0.1000 0.1000 0.4875 -0.2073 -0.021637 -0.747711 12.27 
7.7176 2 1 1 0x0 0.9628 1.0061 0.96 1.01 0.0000 0.0000 0.1000 0.1000 0.4875 -0.2073 -0.021637 -0.747693 12.28 
7.7276 2 1 1 0x0 0.9611 1.0043 0.96 1.00 0.0000 0.0000 0.1000 0.1000 0.4875 -0.2073 -0.021637 -0.747661 12.27 
7.7376 2 1 1 0x0 0.9593 1.0026 0.96 1.00 0.0000 0.0000 0.1000 0.1000 0.4875 -0.2073 -0.021637 -0.747672 12.27 
7.7476 2 1 1 0x0 0.9576 1.0009 0.96 1.00 0.0000 0.0000 0.1000 0.1000 0.4875 -0.2073 -0.021637 -0.747668 12.27 
7.7576 2 1 1 0x0 0.9559 0.9992 0.96 1.00 0.0000 0.0000 0.1000 0.1000 0.4875 -0.2073 -0.021637 -0.747645 12.28 
7.7676 2 1 1 0x0 0.9542 0.9974 0.95 1.00 0.0000 0.0000 0.1000 0.1000 0.4875 -0.2073 -0.021637 -0.747652 12.28 
7.7776 2 1 1 0x0 0.9524 0.9957 0.95 1.00 0.0000 0.0000 0.1000 0.1000 0.4875 -0.2073 -0.021637 -0.747637 12.28 
7.7876 2 1 1 0x0 0.9507 0.9940 0.95 0.99 0.0000 0.0000 0.1000 0.1000 0.4875 -0.2073 -0.021637 -0.747625 12.27 
7.7976 2 1 1 0x0 0.9490 0.9923 0.95 0.99 0.0000 0.0000 0.1000 0.1000 0.4875 -0.2073 -0.021637 -0.747621 12.28 
7.8076 2 1 1 0x0 0.9473 0.9905 0.95 0.99 0.0000 0.0000 0.1000 0.1000 0.4875 -0.2073 -0.021637 -0.747607 12.28 
7.8176 2 1 1 0x0 0.9455 0.9888 0.95 0.99 0.0000 0.0000 0.1000 0.1000 0.4875 -0.2073 -0.021637 -0.747614 12.27 
7.8276 2 1 1 0x0 0.9438 0.9871 0.94 0.99 0.0000 0.0000 0.1000 0.1000 0.4875 -0.2073 -0.021637 -0.747620 12.27 
7.8376 2 1 1 0x0 0.9421 0.9854 0.94 0.99 0.0000 0.0000 0.1000 0.1000 0.4875 -0.2073 -0.021637 -0.747607 12.27 
7.8476 2 1 1 0x0 0.9404 0.9836 0.94 0.98 0.0000 0.0000 0.1000 0.1000 0.4875 -0.2073 -0.021637 -0.747601 12.27 
7.8576 2 1 1 0x0 0.9387 0.9819 0.94 0.98 0.0000 0.0000 0.1000 0.1000 0.4875 -0.2073 -0.021637 -0.747595 12.27 
7.8676 2 1 1 0x0 0.9369 0.9802 0.94 0.98 0.0000 0.0000 0.1000 0.1000 0.4875 -0.2073 -0.021637 -0.747608 12.27 
7.8776 2 1 1 0x0 0.9352 0.9785 0.94 0.98 0.0000 0.0000 0.1000 0.1000 0.4875 -0.2073 -0.021637 -0.747602 12.27 
7.8876 2 1 1 0x0 0.9335 0.9768 0.93 0.98 0.0000 0.0000 0.1000 0.1000 0.4875 -0.2073 -0.021637 -0.747590 12.27 
7.8976 2 1 1 0x0 0.9318 0.9750 0.93 0.98 0.0000 0.0000 0.1000 0.1000 0.4875 -0.2073 -0.021637 -0.747578 12.27 
7.9076 2 1 1 0x0 0.9300 0.9733 0.93 0.97 0.0000 0.0000 0.1000 0.1000 0.4875 -0.2073 -0.021637 -0.747570 12.27 
7.9176 2 1 1 0x0 0.9283 0.9716 0.93 0.97 0.0000 0.0000 0.1000 0.1000 0.4875 -0.2073 -0.021637 -0.747569 12.27 
7.9276 2 1 1 0x0 0.9266 0.9699 0.93 0.97 0.0000 0.0000 0.1000 0.1000 0.4875 -0.2073 -0.021637 -0.747528 12.27 
7.9376 2 1 1 0x0 0.9249 0.9681 0.92 0.97 0.0000 0.0000 0.1000 0.1000 0.4875 -0.2073 -0.021637 -0.747528 12.27 
7.9476 2 1 1 0x0 0.9231 0.9664 0.92 0.97 0.0000 0.0000 0.1000 0.1000 0.4875 -0.2073 -0.021637 -0.747513 12.27 
7.9576 2 1 1 0x0 0.9214 0.9647 0.92 0.96 0.0000 0.0000 0.1000 0.1000 0.4875 -0.2073 -0.021637 -0.747509 12.28 
7.9676 2 1 1 0x0 0.9197 0.9630 0.92 0.96 0.0000 0.0000 0.1000 0.1000 0.4875 -0.2073 -0.021637 -0.747515 12.28 
7.9776 2 1 1 0x0 0.9180 0.9612 0.92 0.96 0.0000 0.0000 0.1000 0.1000 0.4875 -0.2073 -0.021637 -0.747503 12.27 
7.9876 2 1 1 0x0 0.9162 0.9595 0.92 0.96 0.0000 0.0000 0.1000 0.1000 0.4875 -0.2073 -0.021637 -0.747514 12.28 
7.9976 2 1 1 0x0 0.9145 0.9578 0.91 0.96 0.0000 0.0000 0.1000 0.1000 0.4875 -0.2073 -0.021637 -0.747463 12.27 
8.0076 2 1 1 0x0 0.9128 0.9561 0.91 0.96 0.0000 0.0000 0.1000 0.1000 0.4875 -0.2073 -0.021637 -0.747436 12.27 
8.0176 2 1 1 0x0 0.9111 0.9543 0.91 0.95 0.0000 0.0000 0.1000 0.1000 0.4875 -0.2073 -0.021637 -0.747413 12.27 
8.0276 2 1 1 0x0 0.9093 0.9526 0.91 0.95 0.0000 0.0000 0.1000 0.1000 0.4875 -0.2073 -0.021637 -0.747417 12.28 
8.0376 2 1 1 0x0 0.9076 0.9509 0.91 0.95 0.0000 0.0000 0.1000 0.1000 0.4875 -0.2073 -0.021637 -0.747398 12.28 
8.0476 2 1 1 0x0 0.9059 0.9492 0.91 0.95 0.0000 0.0000 0.1000 0.1000 0.4875 -0.2073 -0.021637 -0.747398 12.28 
8.0576 2 1 1 0x0 0.9042 0.9475 0.90 0.95 0.0000 0.0000 0.1000 0.1000 0.4875 -0.2073 -0.021637 -0.747382 12.27 
8.0676 2 1 1 0x0 0.9025 0.9457 0.90 0.95 0.0000 0.0000 0.1000 0.1000 0.4875 -0.2073 -0.021637 -0.747375 12.27 
8.0776 2 1 1 0x0 0.9007 0.9440 0.90 0.94 0.0000 0.0000 0.1000 0.1000 0.4875 -0.2073 -0.021637 -0.747367 12.27 
8.0876 2 1 1 0x0 0.8990 0.9423 0.90 0.94 0.0000 0.0000 0.1000 0.1000 0.4875 -0.2073 -0.021637 -0.747350 12.27 
8.0976 2 1 1 0x0 0.8973 0.9406 0.90 0.94 0.0000 0.0000 0.1000 0.1000 0.4875 -0.2073 -0.021637 -0.747332 12.27 
8.1076 2 1 1 0x0 0.8956 0.9388 0.90 0.94 0.0000 0.0000 0.1000 0.1000 0.4875 -0.2073 -0.021637 -0.747334 12.27 
8.1177 2 1 1 0x0 0.8938 0.9371 0.89 0.94 0.0000 0.0000 0.1000 0.1000 0.4875 -0.2073 -0.021637 -0.747322 12.27 
8.1277 2 1 1 0x0 0.8921 0.9354 0.89 0.94 0.0000 0.0000 0.1000 0.1000 0.4875 -0.2073 -0.021637 -0.747337 12.28 
8.1377 2 1 1 0x0 0.8904 0.9337 0.89 0.93 0.0000 0.0000 0.1000 0.1000 0.4875 -0.2073 -0.021637 -0.747336 12.27 
8.1477 2 1 1 0x0 0.8887 0.9319 0.89 0.93 0.0000 0.0000 0.1000 0.1000 0.4875 -0.2073 -0.021637 -0.747337 12.27 
8.1577 2 1 1 0x0 0.8869 0.9302 0.89 0.93 0.0000 0.0000 0.1000 0.1000 0.4875 -0.2073 -0.021637 -0.747346 12.28 
8.1677 2 1 1 0x0 0.8852 0.9285 0.89 0.93 0.0000 0.0000 0.1000 0.1000 0.4875 -0.2073 -0.021637 -0.747355 12.28 
8.1777 2 1 1 0x0 0.8835 0.9268 0.88 0.93 0.0000 0.0000 0.1000 0.1000 0.4875 -0.2073 -0.021637 -0.747347 12.28 
8.1877 2 1 1 0x0 0.8818 0.9250 0.88 0.93 0.0000 0.0000 0.1000 0.1000 0.4875 -0.2073 -0.021637 -0.747333 12.27 
8.1977 2 1 1 0x0 0.8800 0.9233 0.88 0.92 0.0000 0.0000 0.1000 0.1000 0.4875 -0.2073 -0.021637 -0.747294 12.27 
8.2077 2 1 1 0x0 0.8783 0.9216 0.88 0.92 0.0000 0.0000 0.1000 0.1000 0.4875 -0.2073 -0.021637 -0.747281 12.27 
8.2177 2 1 1 0x0 0.8766 0.9199 0.88 0.92 0.0000 0.0000 0.1000 0.1000 0.4875 -0.2073 -0.021637 -0.747274 12.28 
8.2277 2 1 1 0x0 0.8749 0.9181 0.87 0.92 0.0000 0.0000 0.1000 0.1000 0.4875 -0.2073 -0.021637 -0.747290 12.28 
8.2377 2 1 1 0x0 0.8731 0.9164 0.87 0.92 0.0000 0.0000 0.1000 0.1000 0.4875 -0.2073 -0.021637 -0.747303 12.27 
8.2477 2 1 1 0x0 0.8714 0.9147 0.87 0.91 0.0000 0.0000 0.1000 0.1000 0.4875 -0.2073 -0.021637 -0.747308 12.28 
8.2577 2 1 1 0x0 0.8697 0.9130 0.87 0.91 0.0000 0.0000 0.1000 0.1000 0.4875 -0.2073 -0.021637 -0.747288 12.27 
8.2677 2 1 1 0x0 0.8680 0.9113 0.87 0.91 0.0000 0.0000 0.1000 0.1000 0.4875 -0.2073 -0.021637 -0.747292 12.28 
8.2777 2 1 1 0x0 0.8663 0.9095 0.87 0.91 0.0000 0.0000 0.1000 0.1000 0.4875 -0.2073 -0.021637 -0.747299 12.28 
8.2877 2 1 1 0x0 0.8645 0.9078 0.86 0.91 0.0000 0.0000 0.1000 0.1000 0.4875 -0.2073 -0.021637 -0.747304 12.28 
8.2977 2 1 1 0x0 0.8628 0.9061 0.86 0.91 0.0000 0.0000 0.1000 0.1000 0.4875 -0.2073 -0.021637 -0.747296 12.27 
8.3077 2 1 1 0x0 0.8611 0.9044 0.86 0.90 0.0000 0.0000 0.1000 0.1000 0.4875 -0.2073 -0.021637 -0.747290 12.28 
8.3177 2 1 1 0x0 0.8594 0.9026 0.86 0.90 0.0000 0.0000 0.1000 0.1000 0.4875 -0.2073 -0.021637 -0.747269 12.28 
8.3277 2 1 1 0x0 0.8576 0.9009 0.86 0.90 0.0000 0.0000 0.1000 0.1000 0.4875 -0.2073 -0.021637 -0.747272 12.27 
8.3377 2 1 1 0x0 0.8559 0.8992 0.86 0.90 0.0000 0.0000 0.1000 0.1000 0.4875 -0.2073 -0.021637 -0.747252 12.28 
8.3477 2 1 1 0x0 0.8542 0.8975 0.85 0.90 0.0000 0.0000 0.1000 0.1000 0.4875 -0.2073 -0.021637 -0.747248 12.27 
8.3577 2 1 1 0x0 0.8525 0.8957 0.85 0.90 0.0000 0.0000 0.1000 0.1000 0.4875 -0.2073 -0.021637 -0.747242 12.27 
8.3678 2 1 1 0x0 0.8507 0.8940 0.85 0.89 0.0000 0.0000 0.1000 0.1000 0.4875 -0.2073 -0.021637 -0.747236 12.27 
8.3778 2 1 1 0x0 0.8490 0.8923 0.85 0.89 0.0000 0.0000 0.1000 0.1000 0.4875 -0.2073 -0.021637 -0.747244 12.28 
8.3878 2 1 1 0x0 0.8473 0.8906 0.85 0.89 0.0000 0.0000 0.1000 0.1000 0.4875 -0.2073 -0.021637 -0.747235 12.27 
8.3978 2 1 1 0x0 0.8456 0.8888 0.85 0.89 0.0000 0.0000 0.1000 0.1000 0.4875 -0.2073 -0.021637 -0.747227 12.28 
8.4078 2 1 1 0x0 0.8438 0.8871 0.84 0.89 0.0000 0.0000 0.1000 0.1000 0.4875 -0.2073 -0.021637 -0.747215 12.27 
8.4178 2 1 1 0x0 0.8421 0.8854 0.84 0.89 0.0000 0.0000 0.1000 0.1000 0.4875 -0.2073 -0.021637 -0.747211 12.28 
8.4278 2 1 1 0x0 0.8404 0.8837 0.84 0.88 0.0000 0.0000 0.1000 0.1000 0.4875 -0.2073 -0.021637 -0.747207 12.28 
8.4378 2 1 1 0x0 0.8387 0.8819 0.84 0.88 0.0000 0.0000 0.1000 0.1000 0.4875 -0.2073 -0.021637 -0.747184 12.28 
8.4478 2 1 1 0x0 0.8370 0.8802 0.84 0.88 0.0000 0.0000 0.1000 0.1000 0.4875 -0.2073 -0.021637 -0.747172 12.28 
8.4578 2 1 1 0x0 0.8352 0.8785 0.84 0.88 0.0000 0.0000 0.1000 0.1000 0.4875 -0.2073 -0.021637 -0.747186 12.28 
8.4678 2 1 1 0x0 0.8335 0.8768 0.83 0.88 0.0000 0.0000 0.1000 0.1000 0.4875 -0.2073 -0.021637 -0.747193 12.28 
8.4778 2 1 1 0x0 0.8318 0.8751 0.83 0.88 0.0000 0.0000 0.1000 0.1000 0.4875 -0.2073 -0.021637 -0.747205 12.28 
8.4878 2 1 1 0x0 0.8301 0.8733 0.83 0.87 0.0000 0.0000 0.1000 0.1000 0.4875 -0.2073 -0.021637 -0.747173 12.28 
8.4978 2 1 1 0x0 0.8283 0.8716 0.83 0.87 0.0000 0.0000 0.1000 0.1000 0.4875 -0.2073 -0.021637 -0.747160 12.27 
8.5078 2 1 1 0x0 0.8266 0.8699 0.83 0.87 0.0000 0.0000 0.1000 0.1000 0.4875 -0.2073 -0.021637 -0.747159 12.28 
8.5178 2 1 1 0x0 0.8249 0.8682 0.82 0.87 0.0000 0.0000 0.1000 0.1000 0.4875 -0.2073 -0.021637 -0.747166 12.27 
8.5278 2 1 1 0x0 0.8232 0.8664 0.82 0.87 0.0000 0.0000 0.1000 0.1000 0.4875 -0.2073 -0.021637 -0.747150 12.28 
8.5378 2 1 1 0x0 0.8214 0.8647 0.82 0.86 0.0000 0.0000 0.1000 0.1000 0.4875 -0.2073 -0.021637 -0.747143 12.28 
8.5478 2 1 1 0x0 0.8197 0.8630 0.82 0.86 0.0000 0.0000 0.1000 0.1000 0.4875 -0.2073 -0.021637 -0.747144 12.28 
8.5578 2 1 1 0x0 0.8180 0.8613 0.82 0.86 0.0000 0.0000 0.1000 0.1000 0.4875 -0.2073 -0.021637 -0.747144 12.28 
8.5678 2 1 1 0x0 0.8163 0.8595 0.82 0.86 0.0000 0.0000 0.1000 0.1000 0.4875 -0.2073 -0.021637 -0.747132 12.27 
8.5778 2 1 1 0x0 0.8145 0.8578 0.81 0.86 0.0000 0.0000 0.1000 0.1000 0.4875 -0.2073 -0.021637 -0.747144 12.28 
8.5878 2 1 1 0x0 0.8128 0.8561 0.81 0.86 0.0000 0.0000 0.1000 0.1000 0.4875 -0.2073 -0.021637 -0.747159 12.28 
8.5978 2 1 1 0x0 0.8111 0.8544 0.81 0.85 0.0000 0.0000 0.1000 0.1000 0.4875 -0.2073 -0.021637 -0.747160 12.27 
8.6078 2 1 1 0x0 0.8094 0.8526 0.81 0.85 0.0000 0.0000 0.1000 0.1000 0.4875 -0.2073 -0.021637 -0.747175 12.27 
8.6179 2 1 1 0x0 0.8076 0.8509 0.81 0.85 0.0000 0.0000 0.1000 0.1000 0.4875 -0.2073 -0.021637 -0.747183 12.27 
8.6279 2 1 1 0x0 0.8059 0.8492 0.81 0.85 0.0000 0.0000 0.1000 0.1000 0.4875 -0.2073 -0.021637 -0.747176 12.27 
8.6379 2 1 1 0x0 0.8042 0.8475 0.80 0.85 0.0000 0.0000 0.1000 0.1000 0.4875 -0.2073 -0.021637 -0.747173 12.28 
8.6479 2 1 1 0x0 0.8025 0.8457 0.80 0.85 0.0000 0.0000 0.1000 0.1000 0.4875 -0.2073 -0.021637 -0.747171 12.28 
8.6579 2 1 1 0x0 0.8008 0.8440 0.80 0.84 0.0000 0.0000 0.1000 0.1000 0.4875 -0.2073 -0.021637 -0.747169 12.28 
8.6679 2 1 1 0x0 0.7990 0.8423 0.80 0.84 0.0000 0.0000 0.1000 0.1000 0.4875 -0.2073 -0.021637 -0.747177 12.28 
8.6779 2 1 1 0x0 0.7973 0.8406 0.80 0.84 0.0000 0.0000 0.1000 0.1000 0.4875 -0.2073 -0.021637 -0.747199 12.27 
8.6879 2 1 1 0x0 0.7956 0.8389 0.80 0.84 0.0000 0.0000 0.1000 0.1000 0.4875 -0.2073 -0.021637 -0.747228 12.28 
8.6979 2 1 1 0x0 0.7939 0.8371 0.79 0.84 0.0000 0.0000 0.1000 0.1000 0.4875 -0.2073 -0.021637 -0.747252 12.28 
8.7079 2 1 1 0x0 0.7921 0.8354 0.79 0.84 0.0000 0.0000 0.1000 0.1000 0.4875 -0.2073 -0.021637 -0.747275 12.28 
8.7179 2 1 1 0x0 0.7904 0.8337 0.79 0.83 0.0000 0.0000 0.1000 0.1000 0.4875 -0.2073 -0.021637 -0.747284 12.29 
8.7279 2 1 1 0x0 0.7887 0.8320 0.79 0.83 0.0000 0.0000 0.1000 0.1000 0.4875 -0.2073 -0.021637 -0.747286 12.28 
8.7379 2 1 1 0x0 0.7870 0.8302 0.79 0.83 0.0000 0.0000 0.1000 0.1000 0.4875 -0.2073 -0.021637 -0.747294 12.28 
8.7479 2 1 1 0x0 0.7852 0.8285 0.79 0.83 0.0000 0.0000 0.1000 0.1000 0.4875 -0.2073 -0.021637 -0.747291 12.28 
8.7579 2 1 1 0x0 0.7835 0.8268 0.78 0.83 0.0000 0.0000 0.1000 0.1000 0.4875 -0.2073 -0.021637 -0.747295 12.27 
8.7679 2 1 1 0x0 0.7818 0.8251 0.78 0.83 0.0000 0.0000 0.1000 0.1000 0.4875 -0.2073 -0.021637 -0.747336 12.27 
8.7779 2 1 1 0x0 0.7801 0.8233 0.78 0.82 0.0000 0.0000 0.1000 0.1000 0.4875 -0.2073 -0.021637 -0.747334 12.28 
8.7879 2 1 1 0x0 0.7783 0.8216 0.78 0.82 0.0000 0.0000 0.1000 0.1000 0.4875 -0.2073 -0.021637 -0.747340 12.28 
8.7979 2 1 1 0x0 0.7766 0.8199 0.78 0.82 0.0000 0.0000 0.1000 0.1000 0.4875 -0.2073 -0.021637 -0.747352 12.28 
8.8079 2 1 1 0x0 0.7749 0.8182 0.77 0.82 0.0000 0.0000 0.1000 0.1000 0.4875 -0.2073 -0.021637 -0.747373 12.28 
8.8179 2 1 1 0x0 0.7732 0.8164 0.77 0.82 0.0000 0.0000 0.1000 0.1000 0.4875 -0.2073 -0.021637 -0.747399 12.28 
8.8279 2 1 1 0x0 0.7714 0.8147 0.77 0.81 0.0000 0.0000 0.1000 0.1000 0.4875 -0.2073 -0.021637 -0.747301 12.28 
8.8379 2 1 1 0x0 0.7697 0.8130 0.77 0.81 0.0000 0.0000 0.1000 0.1000 0.4875 -0.2073 -0.021637 -0.747239 12.28 
8.8479 2 1 1 0x0 0.7680 0.8113 0.77 0.81 0.0000 0.0000 0.1000 0.1000 0.4875 -0.2073 -0.021637 -0.747356 12.27 
8.8579 2 1 1 0x0 0.7663 0.8095 0.77 0.81 0.0000 0.0000 0.1000 0.1000 0.4875 -0.2073 -0.021637 -0.747382 12.28 
8.8680 2 1 1 0x0 0.7646 0.8078 0.76 0.81 0.0000 0.0000 0.1000 0.1000 0.4875 -0.2073 -0.021637 -0.747310 12.28 
8.8780 2 1 1 0x0 0.7628 0.8061 0.76 0.81 0.0000 0.0000 0.1000 0.1000 0.4875 -0.2073 -0.021637 -0.747354 12.28 
8.8880 2 1 1 0x0 0.7611 0.8044 0.76 0.80 0.0000 0.0000 0.1000 0.1000 0.4875 -0.2073 -0.021637 -0.747414 12.27 
8.8980 2 1 1 0x0 0.7594 0.8027 0.76 0.80 0.0000 0.0000 0.1000 0.1000 0.4875 -0.2073 -0.021637 -0.747350 12.26 
8.9080 2 1 1 0x0 0.7577 0.8009 0.76 0.80 0.0000 0.0000 0.1000 0.1000 0.4875 -0.2073 -0.021637 -0.747365 12.27 
8.9180 2 1 1 0x0 0.7559 0.7992 0.76 0.80 0.0000 0.0000 0.1000 0.1000 0.4875 -0.2073 -0.021637 -0.747417 12.27 
8.9280 2 1 1 0x0 0.7542 0.7975 0.75 0.80 0.0000 0.0000 0.1000 0.1000 0.4875 -0.2073 -0.021637 -0.747383 12.27 
8.9380 2 1 1 0x0 0.7525 0.7958 0.75 0.80 0.0000 0.0000 0.1000 0.1000 0.4875 -0.2073 -0.021637 -0.747332 12.28 
8.9480 2 1 1 0x0 0.7508 0.7940 0.75 0.79 0.0000 0.0000 0.1000 0.1000 0.4875 -0.2073 -0.021637 -0.747347 12.27 
8.9580 2 1 1 0x0 0.7490 0.7923 0.75 0.79 0.0000 0.0000 0.1000 0.1000 0.4875 -0.2073 -0.021637 -0.747369 12.28 
8.9680 2 1 1 0x0 0.7473 0.7906 0.75 0.79 0.0000 0.0000 0.1000 0.1000 0.4875 -0.2073 -0.021637 -0.747328 12.28 
8.9780 2 1 1 0x0 0.7456 0.7889 0.75 0.79 0.0000 0.0000 0.1000 0.1000 0.4875 -0.2073 -0.021637 -0.747304 12.28 
8.9880 2 1 1 0x0 0.7439 0.7871 0.74 0.79 0.0000 0.0000 0.1000 0.1000 0.4875 -0.2073 -0.021637 -0.747391 12.28 
8.9980 2 1 1 0x0 0.7421 0.7854 0.74 0.79 0.0000 0.0000 0.1000 0.1000 0.4875 -0.2073 -0.021637 -0.748188 12.28 
9.0080 2 1 1 0x0 0.7404 0.7837 0.74 0.78 0.0000 0.0000 0.1000 0.1000 0.4875 -0.2073 -0.021637 -0.749359 12.28 
9.0180 2 1 1 0x0 0.8585 0.8964 0.86 0.90 -0.0002 0.0000 0.1000 0.1000 0.4873 -0.2073 -0.018932 -0.750431 12.27 
9.0280 2 1 1 0x0 0.8010 0.8389 0.80 0.84 -0.0002 0.0000 0.1000 0.1000 0.4873 -0.2073 -0.018932 -0.751873 12.28 
9.0380 2 1 1 0x0 0.6186 0.6510 0.62 0.65 -0.0002 0.0002 0.1000 0.1000 0.4875 -0.2073 -0.016227 -0.751130 12.28 
9.0480 2 1 1 0x0 0.5034 0.5305 0.50 0.53 -0.0002 0.0355 0.1000 0.0076 0.4877 -0.2073 -0.013523 -0.750234 12.28 
9.0580 2 1 1 0x0 0.4966 0.5183 0.50 0.52 -0.0002 0.0557 0.1000 0.0083 0.4879 -0.2073 -0.010818 -0.750589 12.28 
9.0680 2 1 1 0x0 0.4511 0.4673 0.45 0.47 -0.0002 0.0359 0.1000 0.0090 0.4881 -0.2073 -0.008114 -0.750106 12.28 
9.0780 2 1 1 0x0 0.3913 0.4021 0.39 0.40 -0.0002 0.0362 0.1000 0.0077 0.4883 -0.2073 -0.005409 -0.748883 12.28 
9.0880 2 1 1 0x0 0.5274 0.5383 0.53 0.54 -0.0002 0.0362 0.1000 0.0177 0.4883 -0.2073 -0.005409 -0.748427 12.27 
9.0980 2 1 1 0x0 0.5604 0.5712 0.56 0.57 -0.0002 0.0183 0.1000 0.0277 0.4883 -0.2073 -0.005409 -0.747994 12.27 
9.1081 2 1 1 0x0 0.5638 0.5746 0.56 0.57 -0.0002 0.0126 0.1000 0.0377 0.4883 -0.2073 -0.005409 -0.747790 12.27 
9.1181 2 1 1 0x0 0.5588 0.5696 0.56 0.57 -0.0002 0.0096 0.1000 0.0477 0.4883 -0.2073 -0.005409 -0.747853 12.27 
9.1281 2 1 1 0x0 0.5512 0.5620 0.55 0.56 -0.0002 0.0078 0.1000 0.0577 0.4883 -0.2073 -0.005409 -0.747496 12.27 
9.1381 2 1 1 0x0 0.4287 0.4342 0.43 0.43 -0.0002 0.0065 0.1000 0.0677 0.4885 -0.2073 -0.002705 -0.747314 12.28 
9.1481 2 1 1 0x0 0.4762 0.4816 0.48 0.48 -0.0002 0.0056 0.1000 0.0777 0.4885 -0.2073 -0.002705 -0.747195 12.28 
9.1581 2 1 1 0x0 0.4826 0.4880 0.48 0.49 -0.0002 0.0049 0.1000 0.0877 0.4885 -0.2073 -0.002705 -0.747146 12.28 
9.1681 2 1 1 0x0 0.4772 0.4826 0.48 0.48 -0.0002 0.0044 0.1000 0.0977 0.4885 -0.2073 -0.002705 -0.747115 12.27 
9.1781 2 1 1 0x0 0.4683 0.4738 0.47 0.47 -0.0002 0.0040 0.1000 0.1000 0.4885 -0.2073 -0.002705 -0.747137 12.27 
9.1881 2 1 1 0x0 0.4586 0.4640 0.46 0.46 -0.0002 0.0036 0.1000 0.1000 0.4885 -0.2073 -0.002705 -0.746960 12.28 
9.1981 2 1 1 0x0 0.6800 0.6800 0.68 0.68 -0.0002 0.0033 0.1000 0.1000 0.4883 -0.2073 -0.000000 -0.746772 12.28 
9.2081 2 1 1 0x0 0.5335 0.5335 0.53 0.53 -0.0002 0.0031 0.1000 0.1000 0.4883 -0.2073 -0.000000 -0.746796 12.28 
9.2181 2 1 1 0x0 0.4856 0.4856 0.49 0.49 -0.0000 0.0029 0.1000 0.1000 0.4883 -0.2073 -0.000000 -0.747006 12.28 
9.2281 2 1 1 0x0 0.4659 0.4659 0.47 0.47 -0.0000 0.0027 0.1000 0.1000 0.4883 -0.2073 -0.000000 -0.746730 12.28 
9.2381 2 1 1 0x0 0.4542 0.4542 0.45 0.45 -0.0000 0.0025 0.1000 0.1000 0.4883 -0.2073 -0.000000 -0.746352 12.27 
9.2481 2 1 1 0x0 0.4448 0.4448 0.44 0.44 -0.0000 0.0024 0.1000 0.1000 0.4883 -0.2073 -0.000000 -0.745685 12.28 
9.2581 2 1 1 0x0 0.4362 0.4362 0.44 0.44 -0.0000 0.0022 0.1000 0.1000 0.4883 -0.2073 -0.000000 -0.744456 12.28 
9.2681 2 1 1 0x0 0.4277 0.4277 0.43 0.43 -0.0000 0.0021 0.1000 0.1000 0.4883 -0.2073 -0.000000 -0.743312 12.28 
9.2781 2 1 1 0x0 0.4193 0.4193 0.42 0.42 -0.0000 0.0000 0.1000 0.1000 0.4883 -0.2073 -0.000000 -0.742423 12.28 
9.2881 2 1 1 0x0 0.5479 0.5533 0.55 0.55 -0.0000 -0.0000 0.1000 0.1000 0.4881 -0.2073 -0.002705 -0.742072 12.28 
9.2981 2 1 1 0x0 0.6045 0.6153 0.60 0.62 -0.0000 -0.0000 0.1000 0.1000 0.4879 -0.2073 -0.005409 -0.741669 12.28 
9.3081 2 1 1 0x0 0.6099 0.6262 0.61 0.63 -0.0000 -0.0000 0.1000 0.1000 0.4877 -0.2073 -0.008114 -0.740592 12.28 
9.3181 2 1 1 0x0 0.5287 0.5450 0.53 0.54 -0.0000 -0.0000 0.1000 0.1000 0.4877 -0.2073 -0.008114 -0.738686 12.28 
9.3281 2 1 1 0x0 0.5031 0.5193 0.50 0.52 -0.0000 -0.0000 0.1000 0.1000 0.4877 -0.2073 -0.008114 -0.737800 12.27 
9.3381 2 1 1 0x0 0.3826 0.4042 0.38 0.40 0.0000 -0.0000 0.1000 0.1000 0.4879 -0.2073 -0.010818 -0.736799 12.28 
9.3481 2 1 1 0x0 0.3156 0.3426 0.32 0.34 0.0000 -0.0000 0.1000 0.1000 0.4881 -0.2073 -0.013523 -0.735838 12.27 
9.3582 2 1 1 0x0 0.0620 0.0998 0.06 0.10 0.0483 -0.0000 0.0057 0.1000 0.4885 -0.2073 -0.018932 -0.735254 12.28 
9.3682 2 1 1 0x0 0.0944 0.1377 0.09 0.14 0.0668 -0.0000 0.0085 0.1000 0.4887 -0.2073 -0.021637 -0.735444 12.27 
9.3782 2 1 1 0x0 -0.0732 -0.0191 -0.07 -0.02 0.0735 -0.0000 0.0062 0.1000 0.4891 -0.2073 -0.027046 -0.736647 12.28 
9.3882 2 1 1 0x0 -0.2157 -0.1507 -0.22 -0.15 0.0847 -0.0000 0.0049 0.1000 0.4895 -0.2073 -0.032455 -0.738188 12.27 
9.3982 2 1 1 0x0 -0.3570 -0.2813 -0.36 -0.28 0.0852 -0.0000 0.0040 0.1000 0.4899 -0.2073 -0.037864 -0.739084 12.27 
9.4082 2 1 1 0x0 -0.4497 -0.3631 -0.45 -0.36 0.1055 -0.0000 0.0046 0.1000 0.4903 -0.2073 -0.043273 -0.739212 12.28 
9.4182 2 1 1 0x0 -0.5229 -0.4256 -0.52 -0.43 0.0924 -0.0000 0.0054 0.1000 0.4907 -0.2074 -0.048682 -0.740034 12.28 
9.4282 2 1 1 0x0 -0.5965 -0.4883 -0.60 -0.49 0.1091 -0.0000 0.0065 0.1000 0.4911 -0.2074 -0.054091 -0.741540 12.27 
9.4382 2 1 1 0x0 -0.9073 -0.7829 -0.91 -0.78 0.0897 -0.0000 0.0028 0.1000 0.4917 -0.2074 -0.062205 -0.743221 12.27 
9.4482 2 1 1 0x0 -0.9708 -0.8355 -0.97 -0.84 0.0699 -0.0000 0.0039 0.1000 0.4921 -0.2074 -0.067614 -0.744399 12.27 
9.4582 2 1 1 0x0 -0.9746 -0.8393 -0.97 -0.84 0.0803 0.0000 0.0085 0.1000 0.4925 -0.2075 -0.067614 -0.744236 12.27 
9.4682 2 1 1 0x0 -0.9409 -0.8003 -0.94 -0.80 0.0505 0.0000 0.0119 0.1000 0.4927 -0.2075 -0.070318 -0.743361 12.27 
9.4782 2 1 1 0x0 -1.0230 -0.8878 -1.02 -0.89 0.0226 0.0162 0.0219 0.0172 0.4929 -0.2075 -0.067614 -0.741331 12.28 
9.4882 2 1 1 0x0 -0.9538 -0.8186 -0.95 -0.82 0.0145 0.0162 0.0319 0.0272 0.4929 -0.2075 -0.067614 -0.740859 12.28 
9.4982 2 1 1 0x0 -0.9675 -0.8323 -0.97 -0.83 0.0107 0.0162 0.0419 0.0372 0.4929 -0.2075 -0.067614 -0.741379 12.27 
9.5082 2 1 1 0x0 -1.0051 -0.8698 -1.01 -0.87 0.0085 0.0117 0.0519 0.0472 0.4929 -0.2075 -0.067614 -0.739509 12.27 
9.5182 2 1 1 0x0 -1.0494 -0.9142 -1.05 -0.91 0.0070 0.0091 0.0619 0.0572 0.4929 -0.2075 -0.067614 -0.738519 12.27 
9.5282 2 1 1 0x0 -0.9707 -0.8301 -0.97 -0.83 0.0060 -0.0084 0.0719 0.0305 0.4927 -0.2075 -0.070318 -0.736558 12.27 
9.5382 2 1 1 0x0 -1.0811 -0.9404 -1.08 -0.94 0.0052 -0.0084 0.0819 0.0405 0.4927 -0.2075 -0.070318 -0.736876 12.28 
9.5482 2 1 1 0x0 -1.1451 -1.0044 -1.15 -1.00 0.0046 -0.0084 0.0919 0.0505 0.4927 -0.2075 -0.070318 -0.738859 12.27 
9.5582 2 1 1 0x0 -1.0706 -0.9245 -1.07 -0.92 0.0041 -0.0134 0.1000 0.0212 0.4925 -0.2075 -0.073023 -0.742122 12.26 
9.5682 2 1 1 0x0 -1.1808 -1.0348 -1.18 -1.03 0.0038 -0.0134 0.1000 0.0312 0.4925 -0.2075 -0.073023 -0.746924 12.27 
9.5782 2 1 1 0x0 -1.1010 -0.9604 -1.10 -0.96 -0.0036 -0.0134 0.0619 0.0412 0.4923 -0.2074 -0.070318 -0.750283 12.27 
9.5882 2 1 1 0x0 -0.8399 -0.6993 -0.84 -0.70 -0.0036 -0.0130 0.0719 0.0205 0.4919 -0.2074 -0.070318 -0.751782 12.27 
9.5982 2 1 1 0x0 -1.1226 -0.9820 -1.12 -0.98 -0.0256 -0.0130 0.0179 0.0305 0.4919 -0.2074 -0.070318 -0.753745 12.27 
9.6083 2 1 1 0x0 -1.2310 -1.0904 -1.23 -1.09 -0.0203 -0.0130 0.0279 0.0405 0.4919 -0.2074 -0.070318 -0.756858 12.27 
9.6183 2 1 1 0x0 -1.2896 -1.1490 -1.29 -1.15 -0.0135 -0.0116 0.0379 0.0505 0.4919 -0.2074 -0.070318 -0.760250 12.27 
9.6283 2 1 1 0x0 -1.1917 -1.0564 -1.19 -1.06 -0.0118 -0.0090 0.0228 0.0605 0.4917 -0.2074 -0.067614 -0.762333 12.27 
9.6383 2 1 1 0x0 -1.3041 -1.1689 -1.30 -1.17 -0.0118 -0.0074 0.0328 0.0705 0.4917 -0.2074 -0.067614 -0.764072 12.27 
9.6483 2 1 1 0x0 -1.0710 -0.9466 -1.07 -0.95 -0.0571 -0.0062 0.0064 0.0805 0.4913 -0.2074 -0.062205 -0.764663 12.26 
9.6583 2 1 1 0x0 -1.1202 -1.0012 -1.12 -1.00 -0.0523 -0.0054 0.0090 0.0905 0.4911 -0.2074 -0.059500 -0.763510 12.27 
9.6683 2 1 1 0x0 -0.9600 -0.8518 -0.96 -0.85 -0.0537 -0.0048 0.0054 0.1000 0.4907 -0.2073 -0.054091 -0.759101 12.27 
9.6783 2 1 1 0x0 -0.7963 -0.6881 -0.80 -0.69 -0.0418 -0.0044 0.0068 0.0485 0.4903 -0.2073 -0.054091 -0.752720 12.27 
9.6883 2 1 1 0x0 -0.9240 -0.8104 -0.92 -0.81 -0.0340 -0.0419 0.0168 0.0073 0.4901 -0.2073 -0.056796 -0.743929 12.28 
9.6983 2 1 1 0x0 -1.1367 -1.0232 -1.14 -1.02 -0.0185 -0.0326 0.0268 0.0173 0.4901 -0.2073 -0.056796 -0.733580 12.27 
9.7083 2 1 1 0x0 -1.0841 -0.9759 -1.08 -0.98 -0.0161 -0.0181 0.0193 0.0273 0.4899 -0.2073 -0.054091 -0.722410 12.27 
9.7183 2 1 1 0x0 -0.9694 -0.8612 -0.97 -0.86 -0.0534 -0.0161 0.0129 0.0198 0.4895 -0.2073 -0.054091 -0.710409 12.28 
9.7283 2 1 1 0x0 -1.0023 -0.8995 -1.00 -0.90 -0.0398 -0.0161 0.0140 0.0298 0.4893 -0.2073 -0.051386 -0.697765 12.27 
9.7383 2 1 1 0x0 -1.1055 -1.0027 -1.11 -1.00 -0.0214 -0.0161 0.0240 0.0398 0.4893 -0.2073 -0.051386 -0.684218 12.27 
9.7483 2 1 1 0x0 -0.7875 -0.6848 -0.79 -0.68 -0.0169 -0.0114 0.0170 0.0194 0.4889 -0.2072 -0.051386 -0.670221 12.28 
9.7583 2 1 1 0x0 -0.6157 -0.5130 -0.62 -0.51 -0.0342 -0.0371 0.0091 0.0061 0.4885 -0.2072 -0.051386 -0.656335 12.28 
9.7683 2 1 1 0x0 -0.6931 -0.5849 -0.69 -0.58 -0.0342 -0.0413 0.0191 0.0057 0.4883 -0.2072 -0.054091 -0.643170 12.28 
9.7783 2 1 1 0x0 -0.7397 -0.6261 -0.74 -0.63 -0.0175 -0.0480 0.0291 0.0066 0.4881 -0.2072 -0.056796 -0.631388 12.28 
9.7883 2 1 1 0x0 -0.7138 -0.5948 -0.71 -0.59 -0.0122 -0.0381 0.0391 0.0070 0.4879 -0.2072 -0.059500 -0.620813 12.28 
9.7983 2 1 1 0x0 -0.7057 -0.5812 -0.71 -0.58 -0.0094 -0.0464 0.0490 0.0073 0.4877 -0.2072 -0.062205 -0.610836 12.28 
9.8083 2 1 1 0x0 -0.7279 -0.5981 -0.73 -0.60 -0.0076 -0.0524 0.0590 0.0091 0.4875 -0.2072 -0.064909 -0.600575 12.28 
9.8183 2 1 1 0x0 -0.7429 -0.6077 -0.74 -0.61 -0.0064 -0.0579 0.0690 0.0117 0.4873 -0.2072 -0.067614 -0.590647 12.28 
9.8283 2 1 1 0x0 -0.7222 -0.5816 -0.72 -0.58 -0.0055 -0.0400 0.0791 0.0132 0.4871 -0.2071 -0.070318 -0.581438 12.28 
9.8383 2 1 1 0x0 -0.6703 -0.5242 -0.67 -0.52 -0.0049 -0.0352 0.0891 0.0123 0.4869 -0.2071 -0.073023 -0.573131 12.27 
9.8483 2 1 1 0x0 -0.7534 -0.6074 -0.75 -0.61 -0.0044 -0.0245 0.0991 0.0223 0.4869 -0.2071 -0.073023 -0.565896 12.28 
9.8584 2 1 1 0x0 -0.6602 -0.5087 -0.66 -0.51 -0.0039 -0.0211 0.1000 0.0170 0.4867 -0.2071 -0.075727 -0.559702 12.28 
9.8684 2 1 1 0x0 -0.7197 -0.5682 -0.72 -0.57 -0.0036 -0.0211 0.1000 0.0270 0.4867 -0.2071 -0.075727 -0.554444 12.28 
9.8784 2 1 1 0x0 -0.7331 -0.5817 -0.73 -0.58 -0.0033 -0.0148 0.1000 0.0370 0.4867 -0.2071 -0.075727 -0.549508 12.27 
9.8884 2 1 1 0x0 -0.7334 -0.5819 -0.73 -0.58 -0.0030 -0.0109 0.1000 0.0470 0.4867 -0.2071 -0.075727 -0.544529 12.27 
9.8984 2 1 1 0x0 -0.7299 -0.5784 -0.73 -0.58 -0.0028 -0.0086 0.1000 0.0570 0.4867 -0.2071 -0.075727 -0.538948 12.27 
9.9084 2 1 1 0x0 -0.6286 -0.4717 -0.63 -0.47 -0.0026 -0.0085 0.1000 0.0334 0.4865 -0.2071 -0.078432 -0.532726 12.27 
9.9184 2 1 1 0x0 -0.4406 -0.2784 -0.44 -0.28 -0.0025 -0.0215 0.1000 0.0100 0.4863 -0.2071 -0.081136 -0.525795 12.27 
9.9284 2 1 1 0x0 -0.3992 -0.2316 -0.40 -0.23 -0.0023 -0.0502 0.1000 0.0065 0.4861 -0.2071 -0.083841 -0.518315 12.28 
9.9384 2 1 1 0x0 -0.5396 -0.3719 -0.54 -0.37 -0.0022 -0.0325 0.1000 0.0165 0.4861 -0.2071 -0.083841 -0.510850 12.27 
9.9484 2 1 1 0x0 -0.4673 -0.2942 -0.47 -0.29 -0.0021 -0.0282 0.1000 0.0153 0.4859 -0.2070 -0.086546 -0.503479 12.27 
9.9584 2 1 1 0x0 -0.5186 -0.3455 -0.52 -0.35 -0.0000 -0.0225 0.1000 0.0253 0.4859 -0.2070 -0.086546 -0.495793 12.28 
9.9684 2 1 1 0x0 -0.3412 -0.1627 -0.34 -0.16 -0.0000 -0.0160 0.1000 0.0154 0.4857 -0.2070 -0.089250 -0.487402 12.26 
9.9784 2 1 1 0x0 -0.4403 -0.2618 -0.44 -0.26 -0.0000 -0.0160 0.1000 0.0254 0.4857 -0.2070 -0.089250 -0.478032 12.28 
9.9884 2 1 1 0x0 -0.4590 -0.2805 -0.46 -0.28 -0.0000 -0.0160 0.1000 0.0354 0.4857 -0.2070 -0.089250 -0.467852 12.28 
9.9984 2 1 1 0x0 -0.4548 -0.2763 -0.45 -0.28 -0.0000 -0.0124 0.1000 0.0454 0.4857 -0.2070 -0.089250 -0.456948 12.28 
10.0084 2 1 1 0x0 -0.3191 -0.1352 -0.32 -0.14 -0.0000 -0.0113 0.1000 0.0249 0.4854 -0.2070 -0.091955 -0.444948 12.28 
10.0184 2 1 1 0x0 -0.3700 -0.1861 -0.37 -0.19 -0.0000 -0.0113 0.1000 0.0349 0.4854 -0.2070 -0.091955 -0.431692 12.28 
10.0284 2 1 1 0x0 -0.3738 -0.1899 -0.37 -0.19 -0.0000 -0.0113 0.1000 0.0449 0.4854 -0.2070 -0.091955 -0.417179 12.28 
10.0384 2 1 1 0x0 -0.1979 -0.0086 -0.20 -0.01 -0.0000 -0.0123 0.1000 0.0204 0.4852 -0.2070 -0.094659 -0.401574 12.28 
10.0484 2 1 1 0x0 -0.2774 -0.0881 -0.28 -0.09 -0.0000 -0.0123 0.1000 0.0304 0.4852 -0.2070 -0.094659 -0.385372 12.28 
10.0584 2 1 1 0x0 -0.0846 0.1101 -0.08 0.11 -0.0000 -0.0182 0.1000 0.0127 0.4850 -0.2070 -0.097364 -0.369276 12.28 
10.0684 2 1 1 0x0 -0.1957 -0.0009 -0.20 -0.00 -0.0000 -0.0182 0.1000 0.0227 0.4850 -0.2070 -0.097364 -0.354002 12.28 
10.0784 2 1 1 0x0 -0.2143 -0.0196 -0.21 -0.02 -0.0000 -0.0182 0.1000 0.0327 0.4850 -0.2070 -0.097364 -0.339746 12.28 
10.0884 2 1 1 0x0 -0.1012 0.0989 -0.10 0.10 -0.0000 -0.0178 0.1000 0.0202 0.4848 -0.2070 -0.100068 -0.326551 12.27 
10.0985 2 1 1 0x0 0.0688 0.2743 0.07 0.27 -0.0000 -0.0239 0.1000 0.0103 0.4846 -0.2069 -0.102773 -0.314353 12.27 
10.1085 2 1 1 0x0 0.1795 0.3904 0.18 0.39 -0.0000 -0.0371 0.1000 0.0063 0.4844 -0.2069 -0.105477 -0.303077 12.27 
10.1185 2 1 1 0x0 0.0258 0.2368 0.03 0.24 -0.0000 -0.0371 0.1000 0.0163 0.4844 -0.2069 -0.105477 -0.292629 12.27 
10.1285 2 1 1 0x0 -0.0014 0.2095 -0.00 0.21 -0.0000 -0.0194 0.1000 0.0263 0.4844 -0.2069 -0.105477 -0.282625 12.27 
10.1385 2 1 1 0x0 0.0076 0.2185 0.01 0.22 -0.0000 -0.0131 0.1000 0.0363 0.4844 -0.2069 -0.105477 -0.272816 12.28 
10.1485 2 1 1 0x0 0.0269 0.2378 0.03 0.24 -0.0000 -0.0099 0.1000 0.0463 0.4844 -0.2069 -0.105477 -0.263752 12.27 
10.1585 2 1 1 0x0 0.0492 0.2601 0.05 0.26 -0.0000 -0.0080 0.1000 0.0563 0.4844 -0.2069 -0.105477 -0.255840 12.28 
10.1685 2 1 1 0x0 0.1694 0.3858 0.17 0.39 -0.0000 -0.0079 0.1000 0.0352 0.4842 -0.2069 -0.108182 -0.249357 12.28 
10.1785 2 1 1 0x0 0.1498 0.3662 0.15 0.37 -0.0000 -0.0079 0.1000 0.0452 0.4842 -0.2069 -0.108182 -0.244331 12.28 
10.1885 2 1 1 0x0 0.1621 0.3785 0.16 0.38 -0.0000 -0.0079 0.1000 0.0552 0.4842 -0.2069 -0.108182 -0.240379 12.28 
10.1985 2 1 1 0x0 0.1836 0.3999 0.18 0.40 -0.0000 -0.0079 0.1000 0.0652 0.4842 -0.2069 -0.108182 -0.237868 12.27 
10.2085 2 1 1 0x0 0.2077 0.4241 0.21 0.42 -0.0000 -0.0079 0.1000 0.0752 0.4842 -0.2069 -0.108182 -0.236599 12.28 
10.2185 2 1 1 0x0 0.2325 0.4489 0.23 0.45 -0.0000 -0.0068 0.1000 0.0852 0.4842 -0.2069 -0.108182 -0.236199 12.28 
10.2285 2 1 1 0x0 0.2577 0.4741 0.26 0.47 -0.0000 -0.0058 0.1000 0.0952 0.4842 -0.2069 -0.108182 -0.236367 12.28 
10.2385 2 1 1 0x0 0.2828 0.4992 0.28 0.50 -0.0000 -0.0051 0.1000 0.1000 0.4842 -0.2069 -0.108182 -0.236889 12.27 
10.2485 2 1 1 0x0 0.3080 0.5244 0.31 0.52 -0.0000 -0.0045 0.1000 0.1000 0.4842 -0.2069 -0.108182 -0.237445 12.28 
10.2585 2 1 1 0x0 0.3331 0.5495 0.33 0.55 -0.0000 -0.0041 0.1000 0.1000 0.4842 -0.2069 -0.108182 -0.238408 12.28 
10.2685 2 1 1 0x0 0.3583 0.5747 0.36 0.57 -0.0000 -0.0037 0.1000 0.1000 0.4842 -0.2069 -0.108182 -0.239966 12.28 
10.2785 2 1 1 0x0 0.3834 0.5998 0.38 0.60 -0.0000 -0.0034 0.1000 0.1000 0.4842 -0.2069 -0.108182 -0.242005 12.28 
10.2885 2 1 1 0x0 0.4086 0.6249 0.41 0.62 -0.0000 -0.0031 0.1000 0.1000 0.4842 -0.2069 -0.108182 -0.244717 12.28 
10.2985 2 1 1 0x0 0.4337 0.6501 0.43 0.65 -0.0000 -0.0029 0.1000 0.1000 0.4842 -0.2069 -0.108182 -0.248013 12.28 
10.3085 2 1 1 0x0 0.4589 0.6752 0.46 0.68 -0.0000 -0.0027 0.1000 0.1000 0.4842 -0.2069 -0.108182 -0.251202 12.27 
10.3185 2 1 1 0x0 0.4840 0.7004 0.48 0.70 -0.0000 -0.0025 0.1000 0.1000 0.4842 -0.2069 -0.108182 -0.253765 12.28 
10.3285 2 1 1 0x0 0.5092 0.7255 0.51 0.73 -0.0000 -0.0024 0.1000 0.1000 0.4842 -0.2069 -0.108182 -0.255636 12.28 
10.3385 2 1 1 0x0 0.5343 0.7507 0.53 0.75 -0.0000 -0.0023 0.1000 0.1000 0.4842 -0.2069 -0.108182 -0.256614 12.28 
10.3486 2 1 1 0x0 0.5595 0.7758 0.56 0.78 -0.0000 -0.0021 0.1000 0.1000 0.4842 -0.2069 -0.108182 -0.256783 12.27 
10.3586 2 1 1 0x0 0.5846 0.8010 0.58 0.80 -0.0000 -0.0020 0.1000 0.1000 0.4842 -0.2069 -0.108182 -0.255936 12.27 
10.3686 2 1 1 0x0 0.6098 0.8261 0.61 0.83 -0.0000 -0.0000 0.1000 0.1000 0.4842 -0.2069 -0.108182 -0.254313 12.27 
10.3786 2 1 1 0x0 0.6349 0.8513 0.63 0.85 -0.0000 -0.0000 0.1000 0.1000 0.4842 -0.2069 -0.108182 -0.251474 12.27 
10.3886 2 1 1 0x0 0.6601 0.8764 0.66 0.88 -0.0000 -0.0000 0.1000 0.1000 0.4842 -0.2069 -0.108182 -0.247175 12.27 
10.3986 2 1 1 0x0 0.6852 0.9016 0.69 0.90 -0.0000 -0.0000 0.1000 0.1000 0.4842 -0.2069 -0.108182 -0.241157 12.28 
10.4086 2 1 1 0x0 0.7104 0.9267 0.71 0.93 -0.0000 -0.0000 0.1000 0.1000 0.4842 -0.2069 -0.108182 -0.232773 12.27 
10.4186 2 1 1 0x0 0.7355 0.9519 0.74 0.95 -0.0000 -0.0000 0.1000 0.1000 0.4842 -0.2069 -0.108182 -0.222097 12.27 
10.4286 2 1 1 0x0 0.7607 0.9770 0.76 0.98 -0.0000 -0.0000 0.1000 0.1000 0.4842 -0.2069 -0.108182 -0.209905 12.28 
10.4386 2 1 1 0x0 0.7858 1.0022 0.79 1.00 -0.0000 -0.0000 0.1000 0.1000 0.4842 -0.2069 -0.108182 -0.196795 12.28 
10.4486 2 1 1 0x0 0.8110 1.0273 0.81 1.03 -0.0000 -0.0000 0.1000 0.1000 0.4842 -0.2069 -0.108182 -0.182948 12.28 
10.4586 2 1 1 0x0 0.8361 1.0525 0.84 1.05 -0.0000 -0.0000 0.1000 0.1000 0.4842 -0.2069 -0.108182 -0.168087 12.28 
10.4686 2 1 1 0x0 0.8613 1.0776 0.86 1.08 -0.0000 -0.0000 0.1000 0.1000 0.4842 -0.2069 -0.108182 -0.152079 12.28 
10.4786 2 1 1 0x0 0.8864 1.1028 0.89 1.10 -0.0000 -0.0000 0.1000 0.1000 0.4842 -0.2069 -0.108182 -0.134949 12.28 
10.4886 2 1 1 0x0 0.9116 1.1279 0.91 1.13 -0.0000 -0.0000 0.1000 0.1000 0.4842 -0.2069 -0.108182 -0.117022 12.27 
10.4986 2 1 1 0x0 0.9367 1.1531 0.94 1.15 -0.0000 -0.0000 0.1000 0.1000 0.4842 -0.2069 -0.108182 -0.098292 12.27 
10.5086 2 1 1 0x0 0.6804 0.8967 0.68 0.90 0.0005 0.0012 0.1000 0.1000 0.4846 -0.2069 -0.108182 -0.078686 12.28 
10.5186 2 1 1 0x0 0.8506 1.0670 0.85 1.07 0.0005 0.0012 0.1000 0.1000 0.4846 -0.2069 -0.108182 -0.058056 12.28 
10.5286 2 1 1 0x0 0.9149 1.1313 0.91 1.13 0.0005 0.0012 0.1000 0.1000 0.4846 -0.2069 -0.108182 -0.036746 12.27 
10.5386 2 1 1 0x0 0.9488 1.1652 0.95 1.17 0.0005 0.0012 0.1000 0.1000 0.4846 -0.2069 -0.108182 -0.014572 12.27 
10.5486 2 1 1 0x0 0.9740 1.1904 0.97 1.19 0.0005 0.0012 0.1000 0.1000 0.4846 -0.2069 -0.108182 0.008498 12.28 
10.5586 2 1 1 0x0 0.8079 1.0297 0.81 1.03 0.0078 0.0012 0.0284 0.1000 0.4848 -0.2070 -0.110886 0.031858 12.28 
10.5686 2 1 1 0x0 0.7468 0.9739 0.75 0.97 0.0423 0.0012 0.0077 0.1000 0.4850 -0.2070 -0.113591 0.054963 12.28 
10.5786 2 1 1 0x0 0.9033 1.1304 0.90 1.13 0.0314 0.0012 0.0177 0.1000 0.4850 -0.2070 -0.113591 0.077814 12.27 
10.5886 2 1 1 0x0 0.9612 1.1884 0.96 1.19 0.0177 0.0012 0.0277 0.1000 0.4850 -0.2070 -0.113591 0.100687 12.27 
10.5987 2 1 1 0x0 0.9909 1.2181 0.99 1.22 0.0123 0.0012 0.0377 0.1000 0.4850 -0.2070 -0.113591 0.123132 12.27 
10.6087 2 1 1 0x0 0.7779 1.0051 0.78 1.01 0.0114 0.0041 0.0251 0.0572 0.4854 -0.2070 -0.113591 0.144959 12.28 
10.6187 2 1 1 0x0 0.9087 1.1358 0.91 1.14 0.0114 0.0041 0.0351 0.0672 0.4854 -0.2070 -0.113591 0.166344 12.27 
10.6287 2 1 1 0x0 0.9568 1.1840 0.96 1.18 0.0114 0.0041 0.0451 0.0772 0.4854 -0.2070 -0.113591 0.187311 12.27 
10.6387 2 1 1 0x0 0.8389 1.0715 0.84 1.07 0.0129 0.0041 0.0216 0.0872 0.4856 -0.2070 -0.116296 0.207886 12.27 
10.6487 2 1 1 0x0 0.9289 1.1615 0.93 1.16 0.0129 0.0041 0.0316 0.0972 0.4856 -0.2070 -0.116296 0.228279 12.27 
10.6587 2 1 1 0x0 0.9642 1.1968 0.96 1.20 0.0129 0.0041 0.0416 0.1000 0.4856 -0.2070 -0.116296 0.248535 12.27 
10.6687 2 1 1 0x0 0.7948 1.0328 0.79 1.03 0.0121 0.0041 0.0190 0.1000 0.4859 -0.2071 -0.119000 0.269282 12.27 
10.6787 2 1 1 0x0 0.9155 1.1535 0.92 1.15 0.0121 0.0041 0.0290 0.1000 0.4859 -0.2071 -0.119000 0.290169 12.27 
10.6887 2 1 1 0x0 0.9585 1.1965 0.96 1.20 0.0121 0.0041 0.0390 0.1000 0.4859 -0.2071 -0.119000 0.311002 12.27 
10.6987 2 1 1 0x0 0.7702 1.0136 0.77 1.01 0.0133 0.0041 0.0170 0.1000 0.4861 -0.2071 -0.121705 0.331354 12.27 
10.7087 2 1 1 0x0 0.9043 1.1477 0.90 1.15 0.0133 0.0038 0.0270 0.1000 0.4861 -0.2071 -0.121705 0.350592 12.27 
10.7187 2 1 1 0x0 0.9500 1.1934 0.95 1.19 0.0133 0.0034 0.0370 0.1000 0.4861 -0.2071 -0.121705 0.368783 12.27 
10.7287 2 1 1 0x0 0.9701 1.2135 0.97 1.21 0.0133 0.0032 0.0470 0.1000 0.4861 -0.2071 -0.121705 0.385576 12.27 
10.7387 2 1 1 0x0 0.6103 0.8537 0.61 0.85 0.0104 0.0030 0.0223 0.0704 0.4865 -0.2071 -0.121705 0.401175 12.27 
10.7487 2 1 1 0x0 0.8323 1.0757 0.83 1.08 0.0104 0.0030 0.0323 0.0804 0.4865 -0.2071 -0.121705 0.415694 12.27 
10.7587 2 1 1 0x0 0.9006 1.1440 0.90 1.14 0.0104 0.0030 0.0423 0.0904 0.4865 -0.2071 -0.121705 0.429816 12.28 
10.7687 2 1 1 0x0 0.9249 1.1683 0.92 1.17 0.0104 0.0030 0.0523 0.1000 0.4865 -0.2071 -0.121705 0.443779 12.27 
10.7787 2 1 1 0x0 0.9366 1.1800 0.94 1.18 0.0095 0.0030 0.0623 0.1000 0.4865 -0.2071 -0.121705 0.457803 12.27 
10.7887 2 1 1 0x0 0.9447 1.1881 0.94 1.19 0.0077 0.0030 0.0723 0.1000 0.4865 -0.2071 -0.121705 0.471666 12.27 
10.7987 2 1 1 0x0 0.8549 1.0929 0.85 1.09 0.0065 0.0075 0.0823 0.0361 0.4867 -0.2072 -0.119000 0.485753 12.28 
10.8087 2 1 1 0x0 0.9047 1.1427 0.90 1.14 0.0056 0.0075 0.0923 0.0461 0.4867 -0.2072 -0.119000 0.500251 12.27 
10.8187 2 1 1 0x0 0.9226 1.1606 0.92 1.16 0.0049 0.0075 0.1000 0.0561 0.4867 -0.2072 -0.119000 0.513988 12.28 
10.8287 2 1 1 0x0 0.9313 1.1693 0.93 1.17 0.0044 0.0075 0.1000 0.0661 0.4867 -0.2072 -0.119000 0.526897 12.28 
10.8387 2 1 1 0x0 0.9373 1.1753 0.94 1.18 0.0039 0.0075 0.1000 0.0761 0.4867 -0.2072 -0.119000 0.538485 12.27 
10.8488 2 1 1 0x0 0.9426 1.1806 0.94 1.18 0.0036 0.0069 0.1000 0.0861 0.4867 -0.2072 -0.119000 0.548625 12.27 
10.8588 2 1 1 0x0 0.7585 1.0019 0.76 1.00 0.0034 0.0059 0.0625 0.0961 0.4869 -0.2072 -0.121705 0.557208 12.28 
10.8688 2 1 1 0x0 0.8693 1.1127 0.87 1.11 0.0034 0.0051 0.0725 0.1000 0.4869 -0.2072 -0.121705 0.563772 12.27 
10.8788 2 1 1 0x0 0.9033 1.1467 0.90 1.15 0.0034 0.0046 0.0825 0.1000 0.4869 -0.2072 -0.121705 0.568006 12.27 
10.8888 2 1 1 0x0 0.9153 1.1587 0.92 1.16 0.0034 0.0041 0.0925 0.1000 0.4869 -0.2072 -0.121705 0.569878 12.28 
10.8988 2 1 1 0x0 0.9212 1.1646 0.92 1.16 0.0034 0.0037 0.1000 0.1000 0.4869 -0.2072 -0.121705 0.569705 12.27 
10.9088 2 1 1 0x0 0.8052 1.0540 0.81 1.05 0.0090 0.0034 0.0296 0.1000 0.4871 -0.2072 -0.124409 0.567967 12.27 
10.9188 2 1 1 0x0 0.7443 0.9986 0.74 1.00 0.0417 0.0031 0.0122 0.1000 0.4873 -0.2072 -0.127114 0.564968 12.28 
10.9288 2 1 1 0x0 0.8182 1.0724 0.82 1.07 0.0234 0.0029 0.0222 0.1000 0.4873 -0.2072 -0.127114 0.561373 12.27 
10.9388 2 1 1 0x0 0.8392 1.0935 0.84 1.09 0.0148 0.0027 0.0322 0.1000 0.4873 -0.2072 -0.127114 0.558091 12.27 
10.9488 2 1 1 0x0 0.8452 1.0994 0.85 1.10 0.0109 0.0025 0.0422 0.1000 0.4873 -0.2072 -0.127114 0.555938 12.27 
10.9588 2 1 1 0x0 0.8468 1.1011 0.85 1.10 0.0086 0.0024 0.0522 0.1000 0.4873 -0.2072 -0.127114 0.555308 12.27 
10.9688 2 1 1 0x0 0.8473 1.1016 0.85 1.10 0.0071 0.0023 0.0622 0.1000 0.4873 -0.2072 -0.127114 0.556460 12.27 
10.9788 2 1 1 0x0 0.8473 1.1015 0.85 1.10 0.0060 0.0021 0.0722 0.1000 0.4873 -0.2072 -0.127114 0.559562 12.27 
10.9888 2 1 1 0x0 0.8472 1.1014 0.85 1.10 0.0052 0.0020 0.0822 0.1000 0.4873 -0.2072 -0.127114 0.564240 12.27 
10.9988 2 1 1 0x0 0.8471 1.1013 0.85 1.10 0.0046 0.0000 0.0922 0.1000 0.4873 -0.2072 -0.127114 0.569988 12.28 
11.0088 2 1 1 0x0 0.8470 1.1013 0.85 1.10 0.0042 0.0000 0.1000 0.1000 0.4873 -0.2072 -0.127114 0.575713 12.28 
11.0188 2 1 1 0x0 0.8470 1.1012 0.85 1.10 0.0038 0.0000 0.1000 0.1000 0.4873 -0.2072 -0.127114 0.580389 12.28 
11.0288 2 1 1 0x0 0.8469 1.1011 0.85 1.10 0.0035 0.0000 0.1000 0.1000 0.4873 -0.2072 -0.127114 0.583779 12.27 
11.0388 2 1 1 0x0 0.8468 1.1010 0.85 1.10 0.0032 0.0000 0.1000 0.1000 0.4873 -0.2072 -0.127114 0.585730 12.28 
11.0488 2 1 1 0x0 0.8467 1.1010 0.85 1.10 0.0030 0.0000 0.1000 0.1000 0.4873 -0.2072 -0.127114 0.586046 12.28 
11.0588 2 1 1 0x0 0.8467 1.1009 0.85 1.10 0.0028 0.0000 0.1000 0.1000 0.4873 -0.2072 -0.127114 0.584879 12.29 
11.0688 2 1 1 0x0 0.8466 1.1008 0.85 1.10 0.0026 0.0000 0.1000 0.1000 0.4873 -0.2072 -0.127114 0.582858 12.27 
11.0788 2 1 1 0x0 0.8465 1.1007 0.85 1.10 0.0024 0.0000 0.1000 0.1000 0.4873 -0.2072 -0.127114 0.580742 12.28 
11.0889 2 1 1 0x0 0.8464 1.1007 0.85 1.10 0.0023 0.0000 0.1000 0.1000 0.4873 -0.2072 -0.127114 0.579225 12.29 
11.0989 2 1 1 0x0 0.8464 1.1006 0.85 1.10 0.0022 0.0000 0.1000 0.1000 0.4873 -0.2072 -0.127114 0.578710 12.27 
11.1089 2 1 1 0x0 0.8463 1.1005 0.85 1.10 0.0021 0.0000 0.1000 0.1000 0.4873 -0.2072 -0.127114 0.579236 12.28 
11.1189 2 1 1 0x0 0.8462 1.1005 0.85 1.10 0.0000 0.0000 0.1000 0.1000 0.4873 -0.2072 -0.127114 0.580437 12.28 
11.1289 2 1 1 0x0 0.8461 1.1004 0.85 1.10 0.0000 0.0000 0.1000 0.1000 0.4873 -0.2072 -0.127114 0.582175 12.27 
11.1389 2 1 1 0x0 0.8461 1.1003 0.85 1.10 0.0000 0.0000 0.1000 0.1000 0.4873 -0.2072 -0.127114 0.583922 12.27 
11.1489 2 1 1 0x0 0.8460 1.1002 0.85 1.10 0.0000 0.0000 0.1000 0.1000 0.4873 -0.2072 -0.127114 0.585686 12.27 
11.1589 2 1 1 0x0 0.8459 1.1002 0.85 1.10 0.0000 0.0000 0.1000 0.1000 0.4873 -0.2072 -0.127114 0.587119 12.27 
11.1689 2 1 1 0x0 0.8459 1.1001 0.85 1.10 0.0000 0.0000 0.1000 0.1000 0.4873 -0.2072 -0.127114 0.588279 12.27 
11.1789 2 1 1 0x0 0.8458 1.1000 0.85 1.10 0.0000 0.0000 0.1000 0.1000 0.4873 -0.2072 -0.127114 0.589653 12.27 
11.1889 2 1 1 0x0 0.8457 1.0999 0.85 1.10 0.0000 0.0000 0.1000 0.1000 0.4873 -0.2072 -0.127114 0.591071 12.27 
11.1989 2 1 1 0x0 0.8456 1.0999 0.85 1.10 0.0000 0.0000 0.1000 0.1000 0.4873 -0.2072 -0.127114 0.592719 12.27 
11.2089 2 1 1 0x0 0.8456 1.0998 0.85 1.10 0.0000 0.0000 0.1000 0.1000 0.4873 -0.2072 -0.127114 0.594261 12.28 
11.2189 2 1 1 0x0 0.8455 1.0997 0.85 1.10 0.0000 0.0000 0.1000 0.1000 0.4873 -0.2072 -0.127114 0.595982 12.28 
11.2289 2 1 1 0x0 0.8454 1.0996 0.85 1.10 0.0000 0.0000 0.1000 0.1000 0.4873 -0.2072 -0.127114 0.597522 12.27 
11.2389 2 1 1 0x0 0.8453 1.0996 0.85 1.10 0.0000 0.0000 0.1000 0.1000 0.4873 -0.2072 -0.127114 0.598686 12.27 
11.2489 2 1 1 0x0 0.8453 1.0995 0.85 1.10 0.0000 0.0000 0.1000 0.1000 0.4873 -0.2072 -0.127114 0.599586 12.27 
11.2589 2 1 1 0x0 0.8452 1.0994 0.85 1.10 0.0000 0.0000 0.1000 0.1000 0.4873 -0.2072 -0.127114 0.600264 12.27 
11.2689 2 1 1 0x0 1.0766 1.3255 1.08 1.33 -0.0011 0.0000 0.1000 0.1000 0.4871 -0.2072 -0.124409 0.600158 12.28 
11.2789 2 1 1 0x0 0.9405 1.1894 0.94 1.19 -0.0011 0.0000 0.1000 0.1000 0.4871 -0.2072 -0.124409 0.599770 12.27 
11.2889 2 1 1 0x0 0.9028 1.1516 0.90 1.15 -0.0011 0.0000 0.1000 0.1000 0.4871 -0.2072 -0.124409 0.598149 12.27 
11.2989 2 1 1 0x0 0.8932 1.1420 0.89 1.14 -0.0011 0.0000 0.1000 0.1000 0.4871 -0.2072 -0.124409 0.594156 12.27 
11.3089 2 1 1 0x0 0.8916 1.1404 0.89 1.14 -0.0011 0.0000 0.1000 0.1000 0.4871 -0.2072 -0.124409 0.588524 12.27 
11.3189 2 1 1 0x0 0.8923 1.1411 0.89 1.14 -0.0011 0.0000 0.1000 0.1000 0.4871 -0.2072 -0.124409 0.582221 12.27 
11.3289 2 1 1 0x0 0.8937 1.1425 0.89 1.14 -0.0011 0.0000 0.1000 0.1000 0.4871 -0.2072 -0.124409 0.575560 12.27 
11.3390 2 1 1 0x0 0.8953 1.1442 0.90 1.14 -0.0011 0.0000 0.1000 0.1000 0.4871 -0.2072 -0.124409 0.569607 12.27 
11.3490 2 1 1 0x0 0.7253 0.9796 0.73 0.98 0.0052 0.0000 0.0421 0.1000 0.4873 -0.2072 -0.127114 0.564872 12.27 
11.3590 2 1 1 0x0 0.8199 1.0741 0.82 1.07 0.0052 0.0000 0.0521 0.1000 0.4873 -0.2072 -0.127114 0.560970 12.28 
11.3690 2 1 1 0x0 0.8469 1.1011 0.85 1.10 0.0052 0.0000 0.0621 0.1000 0.4873 -0.2072 -0.127114 0.557337 12.28 
11.3790 2 1 1 0x0 0.8545 1.1087 0.85 1.11 0.0052 0.0000 0.0721 0.1000 0.4873 -0.2072 -0.127114 0.553529 12.27 
11.3890 2 1 1 0x0 0.8567 1.1109 0.86 1.11 0.0052 0.0000 0.0821 0.1000 0.4873 -0.2072 -0.127114 0.548896 12.27 
11.3990 2 1 1 0x0 0.8572 1.1115 0.86 1.11 0.0052 0.0000 0.0921 0.1000 0.4873 -0.2072 -0.127114 0.543208 12.27 
11.4090 2 1 1 0x0 0.8573 1.1115 0.86 1.11 0.0052 0.0000 0.1000 0.1000 0.4873 -0.2072 -0.127114 0.536541 12.27 
11.4190 2 1 1 0x0 0.8572 1.1114 0.86 1.11 0.0052 0.0000 0.1000 0.1000 0.4873 -0.2072 -0.127114 0.528278 12.28 
11.4290 2 1 1 0x0 0.8571 1.1114 0.86 1.11 0.0049 0.0000 0.1000 0.1000 0.4873 -0.2072 -0.127114 0.518433 12.27 
11.4390 2 1 1 0x0 0.8571 1.1113 0.86 1.11 0.0044 0.0000 0.1000 0.1000 0.4873 -0.2072 -0.127114 0.507423 12.26 
11.4490 2 1 1 0x0 0.8570 1.1112 0.86 1.11 0.0039 0.0000 0.1000 0.1000 0.4873 -0.2072 -0.127114 0.496090 12.26 
11.4590 2 1 1 0x0 0.8569 1.1111 0.86 1.11 0.0036 0.0000 0.1000 0.1000 0.4873 -0.2072 -0.127114 0.485349 12.26 
11.4690 2 1 1 0x0 0.8568 1.1111 0.86 1.11 0.0033 0.0000 0.1000 0.1000 0.4873 -0.2072 -0.127114 0.475847 12.27 
11.4790 2 1 1 0x0 0.8568 1.1110 0.86 1.11 0.0030 0.0000 0.1000 0.1000 0.4873 -0.2072 -0.127114 0.468010 12.27 
11.4890 2 1 1 0x0 0.7145 0.9741 0.71 0.97 0.0030 0.0000 0.0745 0.1000 0.4875 -0.2073 -0.129818 0.460316 12.28 
11.4990 2 1 1 0x0 0.9426 1.1969 0.94 1.20 -0.0355 0.0000 0.0100 0.1000 0.4873 -0.2072 -0.127114 0.449685 12.26 
11.5090 2 1 1 0x0 0.8800 1.1342 0.88 1.13 -0.0283 0.0000 0.0200 0.1000 0.4873 -0.2072 -0.127114 0.437131 12.27 
11.5190 2 1 1 0x0 0.7371 0.9860 0.74 0.99 -0.0167 0.0006 0.0300 0.1000 0.4875 -0.2073 -0.124409 0.421241 12.27 
11.5290 2 1 1 0x0 0.9844 1.2278 0.98 1.23 -0.0126 0.0006 0.0182 0.1000 0.4873 -0.2072 -0.121705 0.402645 12.27 
11.5390 2 1 1 0x0 1.0831 1.3211 1.08 1.32 -0.0427 0.0006 0.0074 0.1000 0.4871 -0.2072 -0.119000 0.383126 12.27 
11.5490 2 1 1 0x0 0.9516 1.1896 0.95 1.19 -0.0321 0.0006 0.0174 0.1000 0.4871 -0.2072 -0.119000 0.363854 12.27 
11.5590 2 1 1 0x0 0.9152 1.1532 0.92 1.15 -0.0179 0.0006 0.0274 0.1000 0.4871 -0.2072 -0.119000 0.345503 12.27 
11.5690 2 1 1 0x0 0.9059 1.1439 0.91 1.14 -0.0124 0.0006 0.0374 0.1000 0.4871 -0.2072 -0.119000 0.329214 12.27 
11.5790 2 1 1 0x0 0.9044 1.1424 0.90 1.14 -0.0095 0.0006 0.0474 0.1000 0.4871 -0.2072 -0.119000 0.315699 12.27 
11.5891 2 1 1 0x0 0.7336 0.9770 0.73 0.98 0.0082 0.0006 0.0280 0.1000 0.4873 -0.2072 -0.121705 0.304377 12.27 
11.5991 2 1 1 0x0 0.6190 0.8679 0.62 0.87 0.0342 0.0006 0.0075 0.1000 0.4875 -0.2073 -0.124409 0.294653 12.27 
11.6091 2 1 1 0x0 0.7662 1.0151 0.77 1.02 0.0342 0.0006 0.0175 0.1000 0.4875 -0.2073 -0.124409 0.287584 12.28 
11.6191 2 1 1 0x0 0.8070 1.0558 0.81 1.06 0.0188 0.0006 0.0275 0.1000 0.4875 -0.2073 -0.124409 0.282325 12.28 
11.6291 2 1 1 0x0 0.8175 1.0664 0.82 1.07 0.0129 0.0006 0.0375 0.1000 0.4875 -0.2073 -0.124409 0.278290 12.28 
11.6391 2 1 1 0x0 0.8193 1.0681 0.82 1.07 0.0098 0.0006 0.0475 0.1000 0.4875 -0.2073 -0.124409 0.274772 12.27 
11.6491 2 1 1 0x0 0.6760 0.9302 0.68 0.93 0.0088 0.0006 0.0284 0.1000 0.4877 -0.2073 -0.127114 0.271400 12.27 
11.6591 2 1 1 0x0 0.6040 0.8637 0.60 0.86 0.0419 0.0006 0.0104 0.1000 0.4879 -0.2073 -0.129818 0.267738 12.28 
11.6691 2 1 1 0x0 0.5376 0.8027 0.54 0.80 0.0367 0.0006 0.0101 0.1000 0.4881 -0.2073 -0.132523 0.263659 12.28 
11.6791 2 1 1 0x0 0.6186 0.8945 0.62 0.89 0.0342 -0.0025 0.0086 0.0850 0.4881 -0.2073 -0.137932 0.258908 12.28 
11.6891 2 1 1 0x0 0.6562 0.9320 0.66 0.93 0.0342 -0.0025 0.0186 0.0950 0.4881 -0.2073 -0.137932 0.252836 12.28 
11.6991 2 1 1 0x0 0.5059 0.7872 0.51 0.79 0.0227 -0.0025 0.0137 0.1000 0.4883 -0.2074 -0.140636 0.245310 12.28 
11.7091 2 1 1 0x0 0.5846 0.8659 0.58 0.87 0.0227 -0.0025 0.0237 0.1000 0.4883 -0.2074 -0.140636 0.235701 12.28 
11.7191 2 1 1 0x0 0.4907 0.7773 0.49 0.78 0.0256 -0.0025 0.0169 0.1000 0.4885 -0.2074 -0.143341 0.224307 12.27 
11.7291 2 1 1 0x0 0.5384 0.8251 0.54 0.83 0.0214 -0.0025 0.0269 0.1000 0.4885 -0.2074 -0.143341 0.214450 12.27 
11.7391 2 1 1 0x0 0.5449 0.8315 0.54 0.83 0.0140 -0.0025 0.0369 0.1000 0.4885 -0.2074 -0.143341 0.205091 12.27 
11.7491 2 1 1 0x0 0.3969 0.6890 0.40 0.69 0.0121 -0.0025 0.0223 0.1000 0.4887 -0.2074 -0.146045 0.194390 12.28 
11.7591 2 1 1 0x0 0.3296 0.6271 0.33 0.63 0.0445 -0.0025 0.0110 0.1000 0.4889 -0.2075 -0.148750 0.182370 12.28 
11.7691 2 1 1 0x0 0.1029 0.4112 0.10 0.41 0.0702 -0.0025 0.0055 0.1000 0.4893 -0.2075 -0.154159 0.170790 12.27 
11.7791 2 1 1 0x0 0.0293 0.3376 0.03 0.34 0.0560 0.0043 0.0090 0.0567 0.4897 -0.2076 -0.154159 0.161144 12.27 
11.7891 2 1 1 0x0 0.0597 0.3735 0.06 0.37 0.0534 0.0043 0.0115 0.0667 0.4899 -0.2076 -0.156864 0.153692 12.28 
11.7991 2 1 1 0x0 -0.0648 0.2543 -0.06 0.25 0.0250 0.0043 0.0096 0.0767 0.4901 -0.2076 -0.159568 0.147317 12.27 
11.8091 2 1 1 0x0 0.0639 0.3830 0.06 0.38 0.0250 0.0043 0.0196 0.0867 0.4901 -0.2076 -0.159568 0.141416 12.28 
11.8191 2 1 1 0x0 -0.0362 0.2884 -0.04 0.29 0.0299 0.0043 0.0147 0.0967 0.4903 -0.2077 -0.162273 0.135133 12.28 
11.8292 2 1 1 0x0 0.0085 0.3330 0.01 0.33 0.0226 0.0043 0.0247 0.1000 0.4903 -0.2077 -0.162273 0.128717 12.27 
11.8392 2 1 1 0x0 0.0032 0.3277 0.00 0.33 0.0145 0.0043 0.0347 0.1000 0.4903 -0.2077 -0.162273 0.121759 12.27 
11.8492 2 1 1 0x0 -0.0163 0.3083 -0.02 0.31 0.0107 0.0043 0.0447 0.1000 0.4903 -0.2077 -0.162273 0.114891 12.28 
11.8592 2 1 1 0x0 -0.0398 0.2847 -0.04 0.28 0.0085 0.0043 0.0547 0.1000 0.4903 -0.2077 -0.162273 0.108404 12.28 
11.8692 2 1 1 0x0 -0.0646 0.2599 -0.06 0.26 0.0070 0.0041 0.0647 0.1000 0.4903 -0.2077 -0.162273 0.102321 12.27 
11.8792 2 1 1 0x0 -0.0899 0.2347 -0.09 0.23 0.0060 0.0037 0.0747 0.1000 0.4903 -0.2077 -0.162273 0.095945 12.27 
11.8892 2 1 1 0x0 -0.1151 0.2095 -0.12 0.21 0.0052 0.0034 0.0847 0.1000 0.4903 -0.2077 -0.162273 0.088438 12.28 
11.8992 2 1 1 0x0 -0.1403 0.1842 -0.14 0.18 0.0046 0.0031 0.0947 0.1000 0.4903 -0.2077 -0.162273 0.079725 12.28 
11.9092 2 1 1 0x0 -0.1656 0.1590 -0.17 0.16 0.0041 0.0029 0.1000 0.1000 0.4903 -0.2077 -0.162273 0.069917 12.27 
11.9192 2 1 1 0x0 -0.1908 0.1337 -0.19 0.13 0.0038 0.0027 0.1000 0.1000 0.4903 -0.2077 -0.162273 0.059218 12.27 
11.9292 2 1 1 0x0 -0.2160 0.1085 -0.22 0.11 0.0034 0.0025 0.1000 0.1000 0.4903 -0.2077 -0.162273 0.047978 12.27 
11.9392 2 1 1 0x0 -0.4502 -0.1203 -0.45 -0.12 0.0032 0.0024 0.0646 0.1000 0.4905 -0.2077 -0.164977 0.036729 12.27 
11.9492 2 1 1 0x0 -0.3553 -0.0254 -0.36 -0.03 0.0032 0.0023 0.0746 0.1000 0.4905 -0.2077 -0.164977 0.025960 12.27 
11.9592 2 1 1 0x0 -0.3475 -0.0175 -0.35 -0.02 0.0032 0.0021 0.0846 0.1000 0.4905 -0.2077 -0.164977 0.015979 12.27 
11.9692 2 1 1 0x0 -0.3644 -0.0344 -0.36 -0.03 0.0032 0.0020 0.0946 0.1000 0.4905 -0.2077 -0.164977 0.006833 12.27 
11.9792 2 1 1 0x0 -0.5310 -0.1957 -0.53 -0.20 0.0114 0.0000 0.0234 0.1000 0.4907 -0.2077 -0.167682 -0.001096 12.27 
11.9892 2 1 1 0x0 -0.4851 -0.1498 -0.49 -0.15 0.0114 0.0000 0.0334 0.1000 0.4907 -0.2077 -0.167682 -0.007472 12.27 
11.9992 2 1 1 0x0 -0.4924 -0.1570 -0.49 -0.16 0.0114 0.0000 0.0434 0.1000 0.4907 -0.2077 -0.167682 -0.012755 12.27 
12.0092 2 1 1 0x0 -0.5149 -0.1795 -0.51 -0.18 0.0114 0.0000 0.0534 0.1000 0.4907 -0.2077 -0.167682 -0.018030 12.27 
12.0192 2 1 1 0x0 -0.5417 -0.2064 -0.54 -0.21 0.0089 0.0000 0.0634 0.1000 0.4907 -0.2077 -0.167682 -0.024179 12.27 
12.0292 2 1 1 0x0 -0.5698 -0.2345 -0.57 -0.23 0.0073 0.0000 0.0734 0.1000 0.4907 -0.2077 -0.167682 -0.031888 12.27 
12.0392 2 1 1 0x0 -0.5984 -0.2631 -0.60 -0.26 0.0062 0.0000 0.0834 0.1000 0.4907 -0.2077 -0.167682 -0.041572 12.27 
12.0492 2 1 1 0x0 -0.6270 -0.2917 -0.63 -0.29 0.0054 0.0000 0.0934 0.1000 0.4907 -0.2077 -0.167682 -0.053348 12.28 
12.0592 2 1 1 0x0 -0.6556 -0.3203 -0.66 -0.32 0.0047 0.0000 0.1000 0.1000 0.4907 -0.2077 -0.167682 -0.066693 12.28 
12.0692 2 1 1 0x0 -0.6842 -0.3489 -0.68 -0.35 0.0042 0.0000 0.1000 0.1000 0.4907 -0.2077 -0.167682 -0.080609 12.28 
12.0793 2 1 1 0x0 -0.7129 -0.3775 -0.71 -0.38 0.0038 0.0000 0.1000 0.1000 0.4907 -0.2077 -0.167682 -0.093571 12.27 
12.0893 2 1 1 0x0 -0.7415 -0.4061 -0.74 -0.41 0.0035 0.0000 0.1000 0.1000 0.4907 -0.2077 -0.167682 -0.105036 12.28 
12.0993 2 1 1 0x0 -0.7701 -0.4347 -0.77 -0.43 0.0032 0.0000 0.1000 0.1000 0.4907 -0.2077 -0.167682 -0.115039 12.27 
12.1093 2 1 1 0x0 -0.7987 -0.4633 -0.80 -0.46 0.0030 0.0000 0.1000 0.1000 0.4907 -0.2077 -0.167682 -0.123588 12.27 
12.1193 2 1 1 0x0 -0.8273 -0.4919 -0.83 -0.49 0.0028 0.0000 0.1000 0.1000 0.4907 -0.2077 -0.167682 -0.130547 12.28 
12.1293 2 1 1 0x0 -0.8559 -0.5205 -0.86 -0.52 0.0026 0.0000 0.1000 0.1000 0.4907 -0.2077 -0.167682 -0.135872 12.27 
12.1393 2 1 1 0x0 -0.8845 -0.5491 -0.88 -0.55 0.0025 0.0000 0.1000 0.1000 0.4907 -0.2077 -0.167682 -0.140102 12.27 
12.1493 2 1 1 0x0 -0.9131 -0.5778 -0.91 -0.58 0.0023 0.0000 0.1000 0.1000 0.4907 -0.2077 -0.167682 -0.142929 12.28 
12.1593 2 1 1 0x0 -0.9417 -0.6064 -0.94 -0.61 0.0022 0.0000 0.1000 0.1000 0.4907 -0.2077 -0.167682 -0.144734 12.27 
12.1693 2 1 1 0x0 -0.9703 -0.6350 -0.97 -0.63 0.0021 0.0000 0.1000 0.1000 0.4907 -0.2077 -0.167682 -0.145880 12.27 
12.1793 2 1 1 0x0 -0.9989 -0.6636 -1.00 -0.66 0.0000 0.0000 0.1000 0.1000 0.4907 -0.2077 -0.167682 -0.146696 12.27 
12.1893 2 1 1 0x0 -1.0276 -0.6922 -1.03 -0.69 0.0000 0.0000 0.1000 0.1000 0.4907 -0.2077 -0.167682 -0.147366 12.27 
12.1993 2 1 1 0x0 -1.0562 -0.7208 -1.06 -0.72 0.0000 0.0000 0.1000 0.1000 0.4907 -0.2077 -0.167682 -0.148040 12.27 
12.2093 2 1 1 0x0 -1.0848 -0.7494 -1.08 -0.75 0.0000 0.0000 0.1000 0.1000 0.4907 -0.2077 -0.167682 -0.148782 12.27 
12.2193 2 1 1 0x0 -1.1134 -0.7780 -1.11 -0.78 0.0000 0.0000 0.1000 0.1000 0.4907 -0.2077 -0.167682 -0.149745 12.26 
12.2293 2 1 1 0x0 -1.1420 -0.8066 -1.14 -0.81 0.0000 0.0000 0.1000 0.1000 0.4907 -0.2077 -0.167682 -0.151266 12.27 
12.2393 2 1 1 0x0 -1.1706 -0.8352 -1.17 -0.84 0.0000 0.0000 0.1000 0.1000 0.4907 -0.2077 -0.167682 -0.153720 12.27 
12.2493 2 1 1 0x0 -1.1992 -0.8638 -1.20 -0.86 0.0000 0.0000 0.1000 0.1000 0.4907 -0.2077 -0.167682 -0.157135 12.27 
12.2593 2 1 1 0x0 -1.2278 -0.8925 -1.23 -0.89 0.0000 0.0000 0.1000 0.1000 0.4907 -0.2077 -0.167682 -0.161450 12.27 
12.2693 2 1 1 0x0 -1.1362 -0.8063 -1.14 -0.81 -0.0014 0.0000 0.1000 0.1000 0.4905 -0.2077 -0.164977 -0.166459 12.27 
12.2793 2 1 1 0x0 -1.2205 -0.8905 -1.22 -0.89 -0.0014 0.0000 0.1000 0.1000 0.4905 -0.2077 -0.164977 -0.171900 12.27 
12.2893 2 1 1 0x0 -1.2638 -0.9339 -1.26 -0.93 -0.0014 0.0000 0.1000 0.1000 0.4905 -0.2077 -0.164977 -0.177466 12.28 
12.2993 2 1 1 0x0 -1.0918 -0.7564 -1.09 -0.76 -0.0014 -0.0008 0.1000 0.1000 0.4903 -0.2077 -0.167682 -0.182944 12.27 
12.3093 2 1 1 0x0 -1.2400 -0.9046 -1.24 -0.90 -0.0014 -0.0008 0.1000 0.1000 0.4903 -0.2077 -0.167682 -0.188312 12.27 
12.3193 2 1 1 0x0 -1.1113 -0.7813 -1.11 -0.78 -0.0074 -0.0008 0.0298 0.1000 0.4901 -0.2076 -0.164977 -0.193569 12.27 
12.3294 2 1 1 0x0 -1.2522 -0.9222 -1.25 -0.92 -0.0074 -0.0008 0.0398 0.1000 0.4901 -0.2076 -0.164977 -0.199036 12.27 
12.3394 2 1 1 0x0 -1.3093 -0.9794 -1.31 -0.98 -0.0074 -0.0008 0.0498 0.1000 0.4901 -0.2076 -0.164977 -0.205184 12.27 
12.3494 2 1 1 0x0 -1.3425 -1.0125 -1.34 -1.01 -0.0074 -0.0008 0.0598 0.1000 0.4901 -0.2076 -0.164977 -0.212031 12.27 
12.3594 2 1 1 0x0 -1.3687 -1.0388 -1.37 -1.04 -0.0074 -0.0008 0.0698 0.1000 0.4901 -0.2076 -0.164977 -0.219184 12.26 
12.3694 2 1 1 0x0 -1.2963 -0.9609 -1.30 -0.96 -0.0074 -0.0066 0.0798 0.0406 0.4899 -0.2076 -0.167682 -0.226362 12.26 
12.3794 2 1 1 0x0 -1.3632 -1.0278 -1.36 -1.03 -0.0065 -0.0066 0.0898 0.0506 0.4899 -0.2076 -0.167682 -0.233324 12.27 
12.3894 2 1 1 0x0 -1.2142 -0.8734 -1.21 -0.87 -0.0056 -0.0146 0.0998 0.0159 0.4897 -0.2076 -0.170386 -0.240012 12.27 
12.3994 2 1 1 0x0 -1.3453 -1.0045 -1.35 -1.00 -0.0049 -0.0146 0.1000 0.0259 0.4897 -0.2076 -0.170386 -0.246585 12.26 
12.4094 2 1 1 0x0 -1.2721 -0.9259 -1.27 -0.93 -0.0044 -0.0265 0.1000 0.0144 0.4895 -0.2075 -0.173091 -0.253052 12.27 
12.4194 2 1 1 0x0 -1.3647 -1.0186 -1.36 -1.02 -0.0040 -0.0265 0.1000 0.0244 0.4895 -0.2075 -0.173091 -0.259409 12.27 
12.4294 2 1 1 0x0 -1.2673 -0.9157 -1.27 -0.92 -0.0036 -0.0191 0.1000 0.0161 0.4893 -0.2075 -0.175795 -0.265969 12.26 
12.4394 2 1 1 0x0 -1.3638 -1.0123 -1.36 -1.01 -0.0033 -0.0191 0.1000 0.0261 0.4893 -0.2075 -0.175795 -0.272914 12.27 
12.4494 2 1 1 0x0 -1.2199 -0.8629 -1.22 -0.86 -0.0031 -0.0177 0.1000 0.0140 0.4891 -0.2075 -0.178500 -0.280057 12.26 
12.4594 2 1 1 0x0 -1.3492 -0.9922 -1.35 -0.99 -0.0028 -0.0177 0.1000 0.0240 0.4891 -0.2075 -0.178500 -0.287267 12.26 
12.4694 2 1 1 0x0 -1.3970 -1.0400 -1.40 -1.04 -0.0027 -0.0177 0.1000 0.0340 0.4891 -0.2075 -0.178500 -0.294378 12.26 
12.4794 2 1 1 0x0 -1.3162 -0.9538 -1.32 -0.95 -0.0025 -0.0167 0.1000 0.0204 0.4889 -0.2074 -0.181204 -0.301500 12.26 
12.4894 2 1 1 0x0 -1.3829 -1.0205 -1.38 -1.02 -0.0024 -0.0167 0.1000 0.0304 0.4889 -0.2074 -0.181204 -0.308722 12.27 
12.4994 2 1 1 0x0 -1.2745 -0.9067 -1.27 -0.91 -0.0022 -0.0178 0.1000 0.0169 0.4887 -0.2074 -0.183909 -0.316242 12.27 
12.5094 2 1 1 0x0 -1.3644 -0.9966 -1.36 -1.00 -0.0021 -0.0178 0.1000 0.0269 0.4887 -0.2074 -0.183909 -0.324017 12.27 
12.5194 2 1 1 0x0 -1.3986 -1.0308 -1.40 -1.03 -0.0000 -0.0159 0.1000 0.0369 0.4887 -0.2074 -0.183909 -0.332031 12.26 
12.5294 2 1 1 0x0 -1.3021 -0.9288 -1.30 -0.93 -0.0000 -0.0143 0.1000 0.0213 0.4885 -0.2074 -0.186613 -0.340329 12.26 
12.5394 2 1 1 0x0 -1.2054 -0.8268 -1.21 -0.83 -0.0000 -0.0293 0.1000 0.0102 0.4883 -0.2073 -0.189318 -0.348938 12.27 
12.5494 2 1 1 0x0 -1.3256 -0.9470 -1.33 -0.95 -0.0000 -0.0293 0.1000 0.0202 0.4883 -0.2073 -0.189318 -0.357915 12.27 
12.5594 2 1 1 0x0 -1.3661 -0.9875 -1.37 -0.99 -0.0000 -0.0174 0.1000 0.0302 0.4883 -0.2073 -0.189318 -0.367423 12.27 
12.5694 2 1 1 0x0 -1.2175 -0.8335 -1.22 -0.83 -0.0000 -0.0138 0.1000 0.0186 0.4881 -0.2073 -0.192022 -0.377515 12.27 
12.5795 2 1 1 0x0 -1.3216 -0.9376 -1.32 -0.94 -0.0000 -0.0138 0.1000 0.0286 0.4881 -0.2073 -0.192022 -0.388081 12.27 
12.5895 2 1 1 0x0 -1.3562 -0.9722 -1.36 -0.97 -0.0000 -0.0138 0.1000 0.0386 0.4881 -0.2073 -0.192022 -0.399128 12.27 
12.5995 2 1 1 0x0 -1.2202 -0.8307 -1.22 -0.83 -0.0000 -0.0139 0.1000 0.0193 0.4879 -0.2072 -0.194727 -0.410174 12.27 
12.6095 2 1 1 0x0 -1.3111 -0.9216 -1.31 -0.92 -0.0000 -0.0139 0.1000 0.0292 0.4879 -0.2072 -0.194727 -0.420887 12.27 
12.6195 2 1 1 0x0 -1.3407 -0.9513 -1.34 -0.95 -0.0000 -0.0139 0.1000 0.0393 0.4879 -0.2072 -0.194727 -0.430716 12.27 
12.6295 2 1 1 0x0 -1.1691 -0.7742 -1.17 -0.77 -0.0000 -0.0126 0.1000 0.0185 0.4877 -0.2072 -0.197432 -0.439145 12.27 
12.6395 2 1 1 0x0 -1.2818 -0.8869 -1.28 -0.89 -0.0000 -0.0126 0.1000 0.0285 0.4877 -0.2072 -0.197432 -0.445564 12.27 
12.6495 2 1 1 0x0 -1.3165 -0.9217 -1.32 -0.92 -0.0000 -0.0126 0.1000 0.0385 0.4877 -0.2072 -0.197432 -0.450244 12.26 
12.6595 2 1 1 0x0 -1.3289 -0.9340 -1.33 -0.93 -0.0000 -0.0126 0.1000 0.0485 0.4877 -0.2072 -0.197432 -0.454283 12.27 
12.6695 2 1 1 0x0 -1.1840 -0.7838 -1.18 -0.78 -0.0000 -0.0107 0.1000 0.0235 0.4875 -0.2072 -0.200136 -0.458484 12.27 
12.6795 2 1 1 0x0 -1.2700 -0.8697 -1.27 -0.87 -0.0000 -0.0107 0.1000 0.0335 0.4875 -0.2072 -0.200136 -0.462967 12.27 
12.6895 2 1 1 0x0 -1.2958 -0.8955 -1.30 -0.90 -0.0000 -0.0107 0.1000 0.0435 0.4875 -0.2072 -0.200136 -0.467532 12.27 
12.6995 2 1 1 0x0 -1.3044 -0.9041 -1.30 -0.90 -0.0000 -0.0107 0.1000 0.0535 0.4875 -0.2072 -0.200136 -0.471710 12.27 
12.7095 2 1 1 0x0 -1.3081 -0.9078 -1.31 -0.91 -0.0000 -0.0091 0.1000 0.0635 0.4875 -0.2072 -0.200136 -0.475881 12.26 
12.7195 2 1 1 0x0 -1.3104 -0.9101 -1.31 -0.91 -0.0000 -0.0074 0.1000 0.0735 0.4875 -0.2072 -0.200136 -0.480527 12.27 
12.7295 2 1 1 0x0 -1.3121 -0.9118 -1.31 -0.91 -0.0000 -0.0063 0.1000 0.0835 0.4875 -0.2072 -0.200136 -0.485558 12.26 
12.7395 2 1 1 0x0 -1.3138 -0.9135 -1.31 -0.91 -0.0000 -0.0054 0.1000 0.0935 0.4875 -0.2072 -0.200136 -0.490760 12.26 
12.7495 2 1 1 0x0 -1.1496 -0.7439 -1.15 -0.74 -0.0000 -0.0050 0.1000 0.0438 0.4873 -0.2071 -0.202841 -0.495611 12.27 
12.7595 2 1 1 0x0 -1.2446 -0.8389 -1.24 -0.84 -0.0000 -0.0050 0.1000 0.0538 0.4873 -0.2071 -0.202841 -0.499858 12.27 
12.7695 2 1 1 0x0 -1.2718 -0.8661 -1.27 -0.87 -0.0000 -0.0050 0.1000 0.0638 0.4873 -0.2071 -0.202841 -0.503428 12.27 
12.7795 2 1 1 0x0 -1.2796 -0.8740 -1.28 -0.87 -0.0000 -0.0050 0.1000 0.0738 0.4873 -0.2071 -0.202841 -0.506396 12.27 
12.7895 2 1 1 0x0 -1.2819 -0.8762 -1.28 -0.88 -0.0000 -0.0050 0.1000 0.0838 0.4873 -0.2071 -0.202841 -0.508696 12.27 
12.7995 2 1 1 0x0 -1.2826 -0.8769 -1.28 -0.88 -0.0000 -0.0050 0.1000 0.0938 0.4873 -0.2071 -0.202841 -0.509907 12.27 
12.8095 2 1 1 0x0 -1.2828 -0.8771 -1.28 -0.88 -0.0000 -0.0050 0.1000 0.1000 0.4873 -0.2071 -0.202841 -0.510026 12.26 
12.8196 2 1 1 0x0 -1.2828 -0.8771 -1.28 -0.88 -0.0000 -0.0050 0.1000 0.1000 0.4873 -0.2071 -0.202841 -0.509497 12.27 
12.8296 2 1 1 0x0 -1.2828 -0.8772 -1.28 -0.88 -0.0000 -0.0050 0.1000 0.1000 0.4873 -0.2071 -0.202841 -0.508566 12.27 
12.8396 2 1 1 0x0 -1.2829 -0.8772 -1.28 -0.88 -0.0000 -0.0044 0.1000 0.1000 0.4873 -0.2071 -0.202841 -0.507378 12.27 
12.8496 2 1 1 0x0 -1.2829 -0.8773 -1.28 -0.88 -0.0000 -0.0039 0.1000 0.1000 0.4873 -0.2071 -0.202841 -0.506010 12.27 
12.8596 2 1 1 0x0 -1.2830 -0.8773 -1.28 -0.88 -0.0000 -0.0036 0.1000 0.1000 0.4873 -0.2071 -0.202841 -0.504420 12.27 
12.8696 2 1 1 0x0 -1.2830 -0.8773 -1.28 -0.88 -0.0000 -0.0033 0.1000 0.1000 0.4873 -0.2071 -0.202841 -0.502586 12.26 
12.8796 2 1 1 0x0 -1.2831 -0.8774 -1.28 -0.88 -0.0000 -0.0030 0.1000 0.1000 0.4873 -0.2071 -0.202841 -0.500488 12.28 
12.8896 2 1 1 0x0 -1.2831 -0.8774 -1.28 -0.88 -0.0000 -0.0028 0.1000 0.1000 0.4873 -0.2071 -0.202841 -0.498436 12.28 
12.8996 2 1 1 0x0 -1.2832 -0.8775 -1.28 -0.88 -0.0000 -0.0027 0.1000 0.1000 0.4873 -0.2071 -0.202841 -0.496752 12.26 
12.9096 2 1 1 0x0 -1.2832 -0.8775 -1.28 -0.88 -0.0000 -0.0025 0.1000 0.1000 0.4873 -0.2071 -0.202841 -0.495660 12.27 
12.9196 2 1 1 0x0 -1.2833 -0.8776 -1.28 -0.88 -0.0000 -0.0023 0.1000 0.1000 0.4873 -0.2071 -0.202841 -0.495302 12.27 
12.9296 2 1 1 0x0 -1.2833 -0.8776 -1.28 -0.88 -0.0000 -0.0022 0.1000 0.1000 0.4873 -0.2071 -0.202841 -0.495723 12.26 
12.9396 2 1 1 0x0 -1.2833 -0.8777 -1.28 -0.88 -0.0000 -0.0021 0.1000 0.1000 0.4873 -0.2071 -0.202841 -0.496926 12.27 
12.9496 2 1 1 0x0 -1.2834 -0.8777 -1.28 -0.88 -0.0000 -0.0000 0.1000 0.1000 0.4873 -0.2071 -0.202841 -0.499005 12.26 
12.9596 2 1 1 0x0 -1.2834 -0.8778 -1.28 -0.88 -0.0000 -0.0000 0.1000 0.1000 0.4873 -0.2071 -0.202841 -0.501915 12.27 
12.9696 2 1 1 0x0 -1.2835 -0.8778 -1.28 -0.88 -0.0000 -0.0000 0.1000 0.1000 0.4873 -0.2071 -0.202841 -0.505374 12.27 
12.9796 2 1 1 0x0 -1.2835 -0.8778 -1.28 -0.88 -0.0000 -0.0000 0.1000 0.1000 0.4873 -0.2071 -0.202841 -0.508830 12.27 
12.9896 2 1 1 0x0 -1.2836 -0.8779 -1.28 -0.88 -0.0000 -0.0000 0.1000 0.1000 0.4873 -0.2071 -0.202841 -0.512078 12.27 
12.9996 2 1 1 0x0 -1.2836 -0.8779 -1.28 -0.88 -0.0000 -0.0000 0.1000 0.1000 0.4873 -0.2071 -0.202841 -0.515222 12.27 
13.0096 2 1 1 0x0 -1.2837 -0.8780 -1.28 -0.88 -0.0000 -0.0000 0.1000 0.1000 0.4873 -0.2071 -0.202841 -0.518338 12.27 
13.0196 2 1 1 0x0 -1.2837 -0.8780 -1.28 -0.88 -0.0000 -0.0000 0.1000 0.1000 0.4873 -0.2071 -0.202841 -0.521327 12.26 
13.0296 2 1 1 0x0 -1.2838 -0.8781 -1.28 -0.88 -0.0000 -0.0000 0.1000 0.1000 0.4873 -0.2071 -0.202841 -0.524094 12.27 
13.0396 2 1 1 0x0 -1.2838 -0.8781 -1.28 -0.88 -0.0000 -0.0000 0.1000 0.1000 0.4873 -0.2071 -0.202841 -0.526623 12.27 
13.0496 2 1 1 0x0 -1.2838 -0.8782 -1.28 -0.88 -0.0000 -0.0000 0.1000 0.1000 0.4873 -0.2071 -0.202841 -0.529209 12.26 
13.0596 2 1 1 0x0 -1.2839 -0.8782 -1.28 -0.88 -0.0000 -0.0000 0.1000 0.1000 0.4873 -0.2071 -0.202841 -0.532600 12.26 
13.0697 2 1 1 0x0 -1.2839 -0.8783 -1.28 -0.88 -0.0000 -0.0000 0.1000 0.1000 0.4873 -0.2071 -0.202841 -0.537197 12.27 
13.0797 2 1 1 0x0 -1.2840 -0.8783 -1.28 -0.88 -0.0000 -0.0000 0.1000 0.1000 0.4873 -0.2071 -0.202841 -0.542341 12.27 
13.0897 2 1 1 0x0 -1.2840 -0.8783 -1.28 -0.88 -0.0000 -0.0000 0.1000 0.1000 0.4873 -0.2071 -0.202841 -0.546862 12.27 
13.0997 2 1 1 0x0 -1.2841 -0.8784 -1.28 -0.88 -0.0000 -0.0000 0.1000 0.1000 0.4873 -0.2071 -0.202841 -0.549784 12.27 
13.1097 2 1 1 0x0 -1.2841 -0.8784 -1.28 -0.88 -0.0000 -0.0000 0.1000 0.1000 0.4873 -0.2071 -0.202841 -0.551184 12.27 
13.1197 2 1 1 0x0 -1.2842 -0.8785 -1.28 -0.88 -0.0000 -0.0000 0.1000 0.1000 0.4873 -0.2071 -0.202841 -0.551733 12.26 
13.1297 2 1 1 0x0 -1.2842 -0.8785 -1.28 -0.88 -0.0000 -0.0000 0.1000 0.1000 0.4873 -0.2071 -0.202841 -0.551790 12.27 
13.1397 2 1 1 0x0 -1.2843 -0.8786 -1.28 -0.88 -0.0000 -0.0000 0.1000 0.1000 0.4873 -0.2071 -0.202841 -0.551223 12.27 
13.1497 2 1 1 0x0 -1.2843 -0.8786 -1.28 -0.88 -0.0000 -0.0000 0.1000 0.1000 0.4873 -0.2071 -0.202841 -0.549646 12.27 
13.1597 2 1 1 0x0 -1.2843 -0.8787 -1.28 -0.88 -0.0000 -0.0000 0.1000 0.1000 0.4873 -0.2071 -0.202841 -0.547258 12.27 
13.1697 2 1 1 0x0 -1.2844 -0.8787 -1.28 -0.88 -0.0000 -0.0000 0.1000 0.1000 0.4873 -0.2071 -0.202841 -0.544621 12.27 
13.1797 2 1 1 0x0 -1.2844 -0.8788 -1.28 -0.88 -0.0000 -0.0000 0.1000 0.1000 0.4873 -0.2071 -0.202841 -0.542366 12.26 
13.1897 2 1 1 0x0 -1.2845 -0.8788 -1.28 -0.88 -0.0000 -0.0000 0.1000 0.1000 0.4873 -0.2071 -0.202841 -0.540777 12.26 
13.1997 2 1 1 0x0 -1.2845 -0.8788 -1.28 -0.88 -0.0000 -0.0000 0.1000 0.1000 0.4873 -0.2071 -0.202841 -0.539963 12.26 
13.2097 2 1 1 0x0 -1.2846 -0.8789 -1.28 -0.88 -0.0000 -0.0000 0.1000 0.1000 0.4873 -0.2071 -0.202841 -0.539963 12.27 
13.2197 2 1 1 0x0 -1.2846 -0.8789 -1.28 -0.88 -0.0000 -0.0000 0.1000 0.1000 0.4873 -0.2071 -0.202841 -0.540742 12.26 
13.2297 2 1 1 0x0 -1.2847 -0.8790 -1.28 -0.88 -0.0000 -0.0000 0.1000 0.1000 0.4873 -0.2071 -0.202841 -0.542033 12.27 
13.2397 2 1 1 0x0 -1.2847 -0.8790 -1.28 -0.88 -0.0000 -0.0000 0.1000 0.1000 0.4873 -0.2071 -0.202841 -0.543866 12.27 
13.2497 2 1 1 0x0 -1.2848 -0.8791 -1.28 -0.88 -0.0000 -0.0000 0.1000 0.1000 0.4873 -0.2071 -0.202841 -0.546339 12.26 
13.2597 2 1 1 0x0 -1.2848 -0.8791 -1.28 -0.88 -0.0000 -0.0000 0.1000 0.1000 0.4873 -0.2071 -0.202841 -0.549560 12.27 
13.2697 2 1 1 0x0 -1.2848 -0.8792 -1.28 -0.88 -0.0000 -0.0000 0.1000 0.1000 0.4873 -0.2071 -0.202841 -0.553509 12.27 
13.2797 2 1 1 0x0 -1.2849 -0.8792 -1.28 -0.88 -0.0000 -0.0000 0.1000 0.1000 0.4873 -0.2071 -0.202841 -0.557825 12.27 
13.2897 2 1 1 0x0 -1.2849 -0.8793 -1.28 -0.88 -0.0000 -0.0000 0.1000 0.1000 0.4873 -0.2071 -0.202841 -0.561962 12.27 
13.2997 2 1 1 0x0 -1.2850 -0.8793 -1.28 -0.88 -0.0000 -0.0000 0.1000 0.1000 0.4873 -0.2071 -0.202841 -0.565545 12.27 
13.3097 2 1 1 0x0 -1.2850 -0.8793 -1.29 -0.88 -0.0000 -0.0000 0.1000 0.1000 0.4873 -0.2071 -0.202841 -0.568537 12.26 
13.3198 2 1 1 0x0 -1.2851 -0.8794 -1.29 -0.88 -0.0000 -0.0000 0.1000 0.1000 0.4873 -0.2071 -0.202841 -0.571220 12.27 
13.3298 2 1 1 0x0 -1.2851 -0.8794 -1.29 -0.88 -0.0000 -0.0000 0.1000 0.1000 0.4873 -0.2071 -0.202841 -0.574050 12.27 
13.3398 2 1 1 0x0 -1.2852 -0.8795 -1.29 -0.88 -0.0000 -0.0000 0.1000 0.1000 0.4873 -0.2071 -0.202841 -0.577245 12.27 
13.3498 2 1 1 0x0 -1.2852 -0.8795 -1.29 -0.88 -0.0000 -0.0000 0.1000 0.1000 0.4873 -0.2071 -0.202841 -0.580643 12.27 
13.3598 2 1 1 0x0 -1.2852 -0.8796 -1.29 -0.88 -0.0000 -0.0000 0.1000 0.1000 0.4873 -0.2071 -0.202841 -0.584003 12.27 
13.3698 2 1 1 0x0 -1.2853 -0.8796 -1.29 -0.88 -0.0000 -0.0000 0.1000 0.1000 0.4873 -0.2071 -0.202841 -0.587256 12.27 
13.3798 2 1 1 0x0 -1.2853 -0.8797 -1.29 -0.88 -0.0000 -0.0000 0.1000 0.1000 0.4873 -0.2071 -0.202841 -0.590402 12.27 
13.3898 2 1 1 0x0 -1.2854 -0.8797 -1.29 -0.88 -0.0000 -0.0000 0.1000 0.1000 0.4873 -0.2071 -0.202841 -0.593226 12.27 
13.3998 2 1 1 0x0 -1.2854 -0.8797 -1.29 -0.88 -0.0000 -0.0000 0.1000 0.1000 0.4873 -0.2071 -0.202841 -0.595853 12.26 
13.4098 2 1 1 0x0 -1.2855 -0.8798 -1.29 -0.88 -0.0000 -0.0000 0.1000 0.1000 0.4873 -0.2071 -0.202841 -0.598025 12.27 
13.4198 2 1 1 0x0 -1.2855 -0.8798 -1.29 -0.88 -0.0000 -0.0000 0.1000 0.1000 0.4873 -0.2071 -0.202841 -0.599869 12.27 
13.4298 2 1 1 0x0 -1.2856 -0.8799 -1.29 -0.88 -0.0000 -0.0000 0.1000 0.1000 0.4873 -0.2071 -0.202841 -0.601234 12.26 
13.4398 2 1 1 0x0 -1.2856 -0.8799 -1.29 -0.88 -0.0000 -0.0000 0.1000 0.1000 0.4873 -0.2071 -0.202841 -0.602286 12.26 
13.4498 2 1 1 0x0 -1.2857 -0.8800 -1.29 -0.88 -0.0000 -0.0000 0.1000 0.1000 0.4873 -0.2071 -0.202841 -0.603220 12.26 
13.4598 2 1 1 0x0 -1.2857 -0.8800 -1.29 -0.88 -0.0000 -0.0000 0.1000 0.1000 0.4873 -0.2071 -0.202841 -0.604010 12.27 
13.4698 2 1 1 0x0 -1.2857 -0.8801 -1.29 -0.88 -0.0000 -0.0000 0.1000 0.1000 0.4873 -0.2071 -0.202841 -0.604799 12.26 
13.4798 2 1 1 0x0 -1.2858 -0.8801 -1.29 -0.88 -0.0000 -0.0000 0.1000 0.1000 0.4873 -0.2071 -0.202841 -0.605890 12.27 
13.4898 2 1 1 0x0 -1.2858 -0.8802 -1.29 -0.88 -0.0000 -0.0000 0.1000 0.1000 0.4873 -0.2071 -0.202841 -0.607510 12.27 
13.4998 2 1 1 0x0 -1.2859 -0.8802 -1.29 -0.88 -0.0000 -0.0000 0.1000 0.1000 0.4873 -0.2071 -0.202841 -0.609608 12.27 
13.5098 2 1 1 0x0 -1.2859 -0.8802 -1.29 -0.88 -0.0000 -0.0000 0.1000 0.1000 0.4873 -0.2071 -0.202841 -0.612025 12.27 
13.5198 2 1 1 0x0 -1.2860 -0.8803 -1.29 -0.88 -0.0000 -0.0000 0.1000 0.1000 0.4873 -0.2071 -0.202841 -0.614453 12.27 
13.5298 2 1 1 0x0 -1.2860 -0.8803 -1.29 -0.88 -0.0000 -0.0000 0.1000 0.1000 0.4873 -0.2071 -0.202841 -0.616735 12.27 
13.5398 2 1 1 0x0 -1.2861 -0.8804 -1.29 -0.88 -0.0000 -0.0000 0.1000 0.1000 0.4873 -0.2071 -0.202841 -0.618867 12.27 
13.5498 2 1 1 0x0 -1.2861 -0.8804 -1.29 -0.88 -0.0000 -0.0000 0.1000 0.1000 0.4873 -0.2071 -0.202841 -0.620898 12.27 
13.5598 2 1 1 0x0 -1.2862 -0.8805 -1.29 -0.88 -0.0000 -0.0000 0.1000 0.1000 0.4873 -0.2071 -0.202841 -0.623054 12.26 
13.5699 2 1 1 0x0 -1.2862 -0.8805 -1.29 -0.88 -0.0000 -0.0000 0.1000 0.1000 0.4873 -0.2071 -0.202841 -0.625327 12.26 
13.5799 2 1 1 0x0 -1.2862 -0.8806 -1.29 -0.88 -0.0000 -0.0000 0.1000 0.1000 0.4873 -0.2071 -0.202841 -0.627623 12.27 
13.5899 2 1 1 0x0 -1.2863 -0.8806 -1.29 -0.88 -0.0000 -0.0000 0.1000 0.1000 0.4873 -0.2071 -0.202841 -0.629777 12.26 
13.5999 2 1 1 0x0 -1.2863 -0.8807 -1.29 -0.88 -0.0000 -0.0000 0.1000 0.1000 0.4873 -0.2071 -0.202841 -0.631766 12.27 
13.6099 2 1 1 0x0 -1.2864 -0.8807 -1.29 -0.88 -0.0000 -0.0000 0.1000 0.1000 0.4873 -0.2071 -0.202841 -0.633413 12.26 
13.6199 2 1 1 0x0 -1.2864 -0.8807 -1.29 -0.88 -0.0000 -0.0000 0.1000 0.1000 0.4873 -0.2071 -0.202841 -0.634576 12.27 
13.6299 2 1 1 0x0 -1.2865 -0.8808 -1.29 -0.88 -0.0000 -0.0000 0.1000 0.1000 0.4873 -0.2071 -0.202841 -0.635311 12.27 
13.6399 2 1 1 0x0 -1.2865 -0.8808 -1.29 -0.88 -0.0000 -0.0000 0.1000 0.1000 0.4873 -0.2071 -0.202841 -0.636146 12.27 
13.6499 2 1 1 0x0 -1.2866 -0.8809 -1.29 -0.88 -0.0000 -0.0000 0.1000 0.1000 0.4873 -0.2071 -0.202841 -0.637143 12.27 
13.6599 2 1 1 0x0 -1.2866 -0.8809 -1.29 -0.88 -0.0000 -0.0000 0.1000 0.1000 0.4873 -0.2071 -0.202841 -0.638081 12.27 
13.6699 2 1 1 0x0 -1.2867 -0.8810 -1.29 -0.88 -0.0000 -0.0000 0.1000 0.1000 0.4873 -0.2071 -0.202841 -0.639367 12.27 
13.6799 2 1 1 0x0 -1.2867 -0.8810 -1.29 -0.88 -0.0000 -0.0000 0.1000 0.1000 0.4873 -0.2071 -0.202841 -0.640618 12.27 
13.6899 2 1 1 0x0 -1.2867 -0.8811 -1.29 -0.88 -0.0000 -0.0000 0.1000 0.1000 0.4873 -0.2071 -0.202841 -0.641416 12.27 
13.6999 2 1 1 0x0 -1.2868 -0.8811 -1.29 -0.88 -0.0000 -0.0000 0.1000 0.1000 0.4873 -0.2071 -0.202841 -0.641926 12.27 
13.7099 2 1 1 0x0 -1.2868 -0.8812 -1.29 -0.88 -0.0000 -0.0000 0.1000 0.1000 0.4873 -0.2071 -0.202841 -0.642522 12.27 
13.7199 2 1 1 0x0 -1.2869 -0.8812 -1.29 -0.88 -0.0000 -0.0000 0.1000 0.1000 0.4873 -0.2071 -0.202841 -0.643589 12.27 
13.7299 2 1 1 0x0 -1.2869 -0.8812 -1.29 -0.88 -0.0000 -0.0000 0.1000 0.1000 0.4873 -0.2071 -0.202841 -0.645236 12.27 
13.7399 2 1 1 0x0 -1.2870 -0.8813 -1.29 -0.88 -0.0000 -0.0000 0.1000 0.1000 0.4873 -0.2071 -0.202841 -0.647474 12.27 
13.7499 2 1 1 0x0 -1.2870 -0.8813 -1.29 -0.88 -0.0000 -0.0000 0.1000 0.1000 0.4873 -0.2071 -0.202841 -0.650328 12.26 
13.7599 2 1 1 0x0 -1.2871 -0.8814 -1.29 -0.88 -0.0000 -0.0000 0.1000 0.1000 0.4873 -0.2071 -0.202841 -0.653670 12.27 
13.7699 2 1 1 0x0 -1.2871 -0.8814 -1.29 -0.88 -0.0000 -0.0000 0.1000 0.1000 0.4873 -0.2071 -0.202841 -0.657226 12.27 
13.7799 2 1 1 0x0 -1.2872 -0.8815 -1.29 -0.88 -0.0000 -0.0000 0.1000 0.1000 0.4873 -0.2071 -0.202841 -0.660571 12.27 
13.7899 2 1 1 0x0 -1.2872 -0.8815 -1.29 -0.88 -0.0000 -0.0000 0.1000 0.1000 0.4873 -0.2071 -0.202841 -0.663457 12.26 
13.7999 2 1 1 0x0 -1.2872 -0.8816 -1.29 -0.88 -0.0000 -0.0000 0.1000 0.1000 0.4873 -0.2071 -0.202841 -0.665504 12.26 
13.8100 2 1 1 0x0 -1.2873 -0.8816 -1.29 -0.88 -0.0000 -0.0000 0.1000 0.1000 0.4873 -0.2071 -0.202841 -0.666402 12.26 
13.8200 2 1 1 0x0 -1.2873 -0.8817 -1.29 -0.88 -0.0000 -0.0000 0.1000 0.1000 0.4873 -0.2071 -0.202841 -0.666597 12.27 
13.8300 2 1 1 0x0 -1.2874 -0.8817 -1.29 -0.88 -0.0000 -0.0000 0.1000 0.1000 0.4873 -0.2071 -0.202841 -0.666635 12.27 
13.8400 2 1 1 0x0 -1.2874 -0.8817 -1.29 -0.88 -0.0000 -0.0000 0.1000 0.1000 0.4873 -0.2071 -0.202841 -0.666984 12.27 
13.8500 2 1 1 0x0 -1.2875 -0.8818 -1.29 -0.88 -0.0000 -0.0000 0.1000 0.1000 0.4873 -0.2071 -0.202841 -0.667996 12.27 
13.8600 2 1 1 0x0 -1.2875 -0.8818 -1.29 -0.88 -0.0000 -0.0000 0.1000 0.1000 0.4873 -0.2071 -0.202841 -0.669090 12.27 
13.8700 2 1 1 0x0 -1.2876 -0.8819 -1.29 -0.88 -0.0000 -0.0000 0.1000 0.1000 0.4873 -0.2071 -0.202841 -0.669667 12.27 
13.8800 2 1 1 0x0 -1.2876 -0.8819 -1.29 -0.88 -0.0000 -0.0000 0.1000 0.1000 0.4873 -0.2071 -0.202841 -0.669494 12.27 
13.8900 2 1 1 0x0 -1.2876 -0.8820 -1.29 -0.88 -0.0000 -0.0000 0.1000 0.1000 0.4873 -0.2071 -0.202841 -0.668549 12.27 
13.9000 2 1 1 0x0 -1.2877 -0.8820 -1.29 -0.88 -0.0000 -0.0000 0.1000 0.1000 0.4873 -0.2071 -0.202841 -0.666697 12.27 
13.9100 2 1 1 0x0 -1.2877 -0.8821 -1.29 -0.88 -0.0000 -0.0000 0.1000 0.1000 0.4873 -0.2071 -0.202841 -0.663883 12.27 
13.9200 2 1 1 0x0 -1.2878 -0.8821 -1.29 -0.88 -0.0000 -0.0000 0.1000 0.1000 0.4873 -0.2071 -0.202841 -0.660209 12.27 
13.9300 2 1 1 0x0 -1.2878 -0.8821 -1.29 -0.88 -0.0000 -0.0000 0.1000 0.1000 0.4873 -0.2071 -0.202841 -0.655710 12.27 
13.9400 2 1 1 0x0 -1.2879 -0.8822 -1.29 -0.88 -0.0000 -0.0000 0.1000 0.1000 0.4873 -0.2071 -0.202841 -0.650525 12.26 
13.9500 2 1 1 0x0 -1.2879 -0.8822 -1.29 -0.88 -0.0000 -0.0000 0.1000 0.1000 0.4873 -0.2071 -0.202841 -0.645590 12.27 
13.9600 2 1 1 0x0 -1.2880 -0.8823 -1.29 -0.88 -0.0000 -0.0000 0.1000 0.1000 0.4873 -0.2071 -0.202841 -0.641955 12.28 
13.9700 2 1 1 0x0 -1.2880 -0.8823 -1.29 -0.88 -0.0000 -0.0000 0.1000 0.1000 0.4873 -0.2071 -0.202841 -0.640178 12.27 
13.9800 2 1 1 0x0 -1.2881 -0.8824 -1.29 -0.88 -0.0000 -0.0000 0.1000 0.1000 0.4873 -0.2071 -0.202841 -0.640194 12.27 
13.9900 2 1 1 0x0 -1.2881 -0.8824 -1.29 -0.88 -0.0000 -0.0000 0.1000 0.1000 0.4873 -0.2071 -0.202841 -0.641589 12.27 
14.0000 2 1 1 0x0 -1.2881 -0.8825 -1.29 -0.88 -0.0000 -0.0000 0.1000 0.1000 0.4873 -0.2071 -0.202841 -0.643720 12.27 
14.0100 2 1 1 0x0 -1.2882 -0.8825 -1.29 -0.88 -0.0000 -0.0000 0.1000 0.1000 0.4873 -0.2071 -0.202841 -0.646260 12.27 
14.0200 2 1 1 0x0 -1.2882 -0.8826 -1.29 -0.88 -0.0000 -0.0000 0.1000 0.1000 0.4873 -0.2071 -0.202841 -0.648524 12.27 
14.0300 2 1 1 0x0 -1.2883 -0.8826 -1.29 -0.88 -0.0000 -0.0000 0.1000 0.1000 0.4873 -0.2071 -0.202841 -0.650124 12.27 
14.0400 2 1 1 0x0 -1.2883 -0.8826 -1.29 -0.88 -0.0000 -0.0000 0.1000 0.1000 0.4873 -0.2071 -0.202841 -0.650991 12.28 
14.0500 2 1 1 0x0 -1.2884 -0.8827 -1.29 -0.88 -0.0000 -0.0000 0.1000 0.1000 0.4873 -0.2071 -0.202841 -0.650777 12.27 
14.0601 2 1 1 0x0 -1.2884 -0.8827 -1.29 -0.88 -0.0000 -0.0000 0.1000 0.1000 0.4873 -0.2071 -0.202841 -0.648863 12.27 
14.0701 2 1 1 0x0 -1.2885 -0.8828 -1.29 -0.88 -0.0000 -0.0000 0.1000 0.1000 0.4873 -0.2071 -0.202841 -0.645263 12.27 
14.0801 2 1 1 0x0 -1.2885 -0.8828 -1.29 -0.88 -0.0000 -0.0000 0.1000 0.1000 0.4873 -0.2071 -0.202841 -0.641043 12.28 
14.0901 2 1 1 0x0 -1.2886 -0.8829 -1.29 -0.88 -0.0000 -0.0000 0.1000 0.1000 0.4873 -0.2071 -0.202841 -0.637400 12.28 
14.1001 2 1 1 0x0 -1.2886 -0.8829 -1.29 -0.88 -0.0000 -0.0000 0.1000 0.1000 0.4873 -0.2071 -0.202841 -0.634921 12.27 
14.1101 2 1 1 0x0 -1.2886 -0.8830 -1.29 -0.88 -0.0000 -0.0000 0.1000 0.1000 0.4873 -0.2071 -0.202841 -0.633630 12.28 
14.1201 2 1 1 0x0 -1.2887 -0.8830 -1.29 -0.88 -0.0000 -0.0000 0.1000 0.1000 0.4873 -0.2071 -0.202841 -0.633372 12.27 
14.1301 2 1 1 0x0 -1.2887 -0.8831 -1.29 -0.88 -0.0000 -0.0000 0.1000 0.1000 0.4873 -0.2071 -0.202841 -0.634023 12.28 
14.1401 2 1 1 0x0 -1.2888 -0.8831 -1.29 -0.88 -0.0000 -0.0000 0.1000 0.1000 0.4873 -0.2071 -0.202841 -0.635298 12.27 
14.1501 2 1 1 0x0 -1.2888 -0.8831 -1.29 -0.88 -0.0000 -0.0000 0.1000 0.1000 0.4873 -0.2071 -0.202841 -0.637231 12.27 
14.1601 2 1 1 0x0 -1.2889 -0.8832 -1.29 -0.88 -0.0000 -0.0000 0.1000 0.1000 0.4873 -0.2071 -0.202841 -0.639013 12.27 
14.1701 2 1 1 0x0 -1.2889 -0.8832 -1.29 -0.88 -0.0000 -0.0000 0.1000 0.1000 0.4873 -0.2071 -0.202841 -0.639236 12.27 
14.1801 2 1 1 0x0 -1.2890 -0.8833 -1.29 -0.88 -0.0000 -0.0000 0.1000 0.1000 0.4873 -0.2071 -0.202841 -0.637584 12.27 
14.1901 2 1 1 0x0 -1.2890 -0.8833 -1.29 -0.88 -0.0000 -0.0000 0.1000 0.1000 0.4873 -0.2071 -0.202841 -0.633984 12.27 
14.2001 2 1 1 0x0 -1.2891 -0.8834 -1.29 -0.88 -0.0000 -0.0000 0.1000 0.1000 0.4873 -0.2071 -0.202841 -0.629313 12.28 
14.2101 2 1 1 0x0 -1.2891 -0.8834 -1.29 -0.88 -0.0000 -0.0000 0.1000 0.1000 0.4873 -0.2071 -0.202841 -0.624825 12.27 
14.2201 2 1 1 0x0 -1.2891 -0.8835 -1.29 -0.88 -0.0000 -0.0000 0.1000 0.1000 0.4873 -0.2071 -0.202841 -0.621592 12.28 
14.2301 2 1 1 0x0 -1.2892 -0.8835 -1.29 -0.88 -0.0000 -0.0000 0.1000 0.1000 0.4873 -0.2071 -0.202841 -0.620514 12.27 
14.2401 2 1 1 0x0 -1.2892 -0.8836 -1.29 -0.88 -0.0000 -0.0000 0.1000 0.1000 0.4873 -0.2071 -0.202841 -0.621738 12.27 
14.2501 2 1 1 0x0 -1.2893 -0.8836 -1.29 -0.88 -0.0000 -0.0000 0.1000 0.1000 0.4873 -0.2071 -0.202841 -0.624863 12.27 
14.2601 2 1 1 0x0 -1.2893 -0.8836 -1.29 -0.88 -0.0000 -0.0000 0.1000 0.1000 0.4873 -0.2071 -0.202841 -0.629141 12.27 
14.2701 2 1 1 0x0 -1.2894 -0.8837 -1.29 -0.88 -0.0000 -0.0000 0.1000 0.1000 0.4873 -0.2071 -0.202841 -0.633724 12.27 
14.2801 2 1 1 0x0 -1.2894 -0.8837 -1.29 -0.88 -0.0000 -0.0000 0.1000 0.1000 0.4873 -0.2071 -0.202841 -0.637956 12.27 
14.2901 2 1 1 0x0 -1.2895 -0.8838 -1.29 -0.88 -0.0000 -0.0000 0.1000 0.1000 0.4873 -0.2071 -0.202841 -0.641043 12.27 
14.3001 2 1 1 0x0 -1.2895 -0.8838 -1.29 -0.88 -0.0000 -0.0000 0.1000 0.1000 0.4873 -0.2071 -0.202841 -0.642347 12.28 
14.3102 2 1 1 0x0 -1.2896 -0.8839 -1.29 -0.88 -0.0000 -0.0000 0.1000 0.1000 0.4873 -0.2071 -0.202841 -0.642048 12.27 
14.3202 2 1 1 0x0 -1.2896 -0.8839 -1.29 -0.88 -0.0000 -0.0000 0.1000 0.1000 0.4873 -0.2071 -0.202841 -0.641011 12.27 
14.3302 2 1 1 0x0 -1.2896 -0.8840 -1.29 -0.88 -0.0000 -0.0000 0.1000 0.1000 0.4873 -0.2071 -0.202841 -0.639997 12.27 
14.3402 2 1 1 0x0 -1.2897 -0.8840 -1.29 -0.88 -0.0000 -0.0000 0.1000 0.1000 0.4873 -0.2071 -0.202841 -0.639197 12.28 
14.3502 2 1 1 0x0 -1.2897 -0.8841 -1.29 -0.88 -0.0000 -0.0000 0.1000 0.1000 0.4873 -0.2071 -0.202841 -0.638927 12.27 
14.3602 2 1 1 0x0 -1.2898 -0.8841 -1.29 -0.88 -0.0000 -0.0000 0.1000 0.1000 0.4873 -0.2071 -0.202841 -0.639599 12.27 
14.3702 2 1 1 0x0 -1.2898 -0.8841 -1.29 -0.88 -0.0000 -0.0000 0.1000 0.1000 0.4873 -0.2071 -0.202841 -0.641154 12.27 
14.3802 2 1 1 0x0 -1.2899 -0.8842 -1.29 -0.88 -0.0000 -0.0000 0.1000 0.1000 0.4873 -0.2071 -0.202841 -0.643454 12.27 
14.3902 2 1 1 0x0 -1.2899 -0.8842 -1.29 -0.88 -0.0000 -0.0000 0.1000 0.1000 0.4873 -0.2071 -0.202841 -0.646165 12.28 
14.4002 2 1 1 0x0 -1.2900 -0.8843 -1.29 -0.88 -0.0000 -0.0000 0.1000 0.1000 0.4873 -0.2071 -0.202841 -0.648841 12.27 
14.4102 2 1 1 0x0 -1.2900 -0.8843 -1.29 -0.88 -0.0000 -0.0000 0.1000 0.1000 0.4873 -0.2071 -0.202841 -0.651427 12.28 
14.4202 2 1 1 0x0 -1.2901 -0.8844 -1.29 -0.88 -0.0000 -0.0000 0.1000 0.1000 0.4873 -0.2071 -0.202841 -0.653748 12.27 
14.4302 2 1 1 0x0 -1.2901 -0.8844 -1.29 -0.88 -0.0000 -0.0000 0.1000 0.1000 0.4873 -0.2071 -0.202841 -0.655932 12.27 
14.4402 2 1 1 0x0 -1.2901 -0.8845 -1.29 -0.88 -0.0000 -0.0000 0.1000 0.1000 0.4873 -0.2071 -0.202841 -0.658029 12.27 
14.4502 2 1 1 0x0 -1.2902 -0.8845 -1.29 -0.88 -0.0000 -0.0000 0.1000 0.1000 0.4873 -0.2071 -0.202841 -0.659791 12.27 
14.4602 2 1 1 0x0 -1.2902 -0.8846 -1.29 -0.88 -0.0000 -0.0000 0.1000 0.1000 0.4873 -0.2071 -0.202841 -0.661120 12.28 
14.4702 2 1 1 0x0 -1.2903 -0.8846 -1.29 -0.88 -0.0000 -0.0000 0.1000 0.1000 0.4873 -0.2071 -0.202841 -0.661844 12.27 
14.4802 2 1 1 0x0 -1.2903 -0.8846 -1.29 -0.88 -0.0000 -0.0000 0.1000 0.1000 0.4873 -0.2071 -0.202841 -0.661737 12.27 
14.4902 2 1 1 0x0 -1.2904 -0.8847 -1.29 -0.88 -0.0000 -0.0000 0.1000 0.1000 0.4873 -0.2071 -0.202841 -0.661062 12.27 
14.5002 2 1 1 0x0 -1.2904 -0.8847 -1.29 -0.88 -0.0000 -0.0000 0.1000 0.1000 0.4873 -0.2071 -0.202841 -0.659696 12.27 
14.5102 2 1 1 0x0 -1.2905 -0.8848 -1.29 -0.88 -0.0000 -0.0000 0.1000 0.1000 0.4873 -0.2071 -0.202841 -0.657840 12.28 
14.5202 2 1 1 0x0 -1.2905 -0.8848 -1.29 -0.88 -0.0000 -0.0000 0.1000 0.1000 0.4873 -0.2071 -0.202841 -0.656153 12.27 
14.5302 2 1 1 0x0 -1.2905 -0.8849 -1.29 -0.88 -0.0000 -0.0000 0.1000 0.1000 0.4873 -0.2071 -0.202841 -0.654979 12.27 
14.5402 2 1 1 0x0 -1.2906 -0.8849 -1.29 -0.88 -0.0000 -0.0000 0.1000 0.1000 0.4873 -0.2071 -0.202841 -0.654343 12.27 
14.5503 2 1 1 0x0 -1.2906 -0.8850 -1.29 -0.88 -0.0000 -0.0000 0.1000 0.1000 0.4873 -0.2071 -0.202841 -0.654257 12.27 
14.5603 2 1 1 0x0 -1.2907 -0.8850 -1.29 -0.89 -0.0000 -0.0000 0.1000 0.1000 0.4873 -0.2071 -0.202841 -0.654124 12.27 
14.5703 2 1 1 0x0 -1.2907 -0.8850 -1.29 -0.89 -0.0000 -0.0000 0.1000 0.1000 0.4873 -0.2071 -0.202841 -0.653655 12.27 
14.5803 2 1 1 0x0 -1.2908 -0.8851 -1.29 -0.89 -0.0000 -0.0000 0.1000 0.1000 0.4873 -0.2071 -0.202841 -0.653145 12.27 
14.5903 2 1 1 0x0 -1.2908 -0.8851 -1.29 -0.89 -0.0000 -0.0000 0.1000 0.1000 0.4873 -0.2071 -0.202841 -0.652964 12.27 
14.6003 2 1 1 0x0 -1.2909 -0.8852 -1.29 -0.89 -0.0000 -0.0000 0.1000 0.1000 0.4873 -0.2071 -0.202841 -0.653416 12.27 
14.6103 2 1 1 0x0 -1.2909 -0.8852 -1.29 -0.89 -0.0000 -0.0000 0.1000 0.1000 0.4873 -0.2071 -0.202841 -0.654745 12.27 
14.6203 2 1 1 0x0 -1.2910 -0.8853 -1.29 -0.89 -0.0000 -0.0000 0.1000 0.1000 0.4873 -0.2071 -0.202841 -0.657363 12.27 
14.6303 2 1 1 0x0 -1.2910 -0.8853 -1.29 -0.89 -0.0000 -0.0000 0.1000 0.1000 0.4873 -0.2071 -0.202841 -0.661645 12.27 
14.6403 2 1 1 0x0 -1.2910 -0.8854 -1.29 -0.89 -0.0000 -0.0000 0.1000 0.1000 0.4873 -0.2071 -0.202841 -0.667405 12.27 
14.6503 2 1 1 0x0 -1.2911 -0.8854 -1.29 -0.89 -0.0000 -0.0000 0.1000 0.1000 0.4873 -0.2071 -0.202841 -0.673806 12.27 
14.6603 2 1 1 0x0 -1.2911 -0.8855 -1.29 -0.89 -0.0000 -0.0000 0.1000 0.1000 0.4873 -0.2071 -0.202841 -0.679849 12.27 
14.6703 2 1 1 0x0 -1.2912 -0.8855 -1.29 -0.89 -0.0000 -0.0000 0.1000 0.1000 0.4873 -0.2071 -0.202841 -0.685098 12.27 
14.6803 2 1 1 0x0 -1.2912 -0.8855 -1.29 -0.89 -0.0000 -0.0000 0.1000 0.1000 0.4873 -0.2071 -0.202841 -0.689715 12.27 
14.6903 2 1 1 0x0 -1.2913 -0.8856 -1.29 -0.89 -0.0000 -0.0000 0.1000 0.1000 0.4873 -0.2071 -0.202841 -0.693920 12.28 
14.7003 2 1 1 0x0 -1.2913 -0.8856 -1.29 -0.89 -0.0000 -0.0000 0.1000 0.1000 0.4873 -0.2071 -0.202841 -0.697697 12.27 
14.7103 2 1 1 0x0 -1.2914 -0.8857 -1.29 -0.89 -0.0000 -0.0000 0.1000 0.1000 0.4873 -0.2071 -0.202841 -0.700961 12.27 
14.7203 2 1 1 0x0 -1.2914 -0.8857 -1.29 -0.89 -0.0000 -0.0000 0.1000 0.1000 0.4873 -0.2071 -0.202841 -0.703303 12.27 
14.7303 2 1 1 0x0 -1.2915 -0.8858 -1.29 -0.89 -0.0000 -0.0000 0.1000 0.1000 0.4873 -0.2071 -0.202841 -0.704519 12.27 
14.7403 2 1 1 0x0 -1.2915 -0.8858 -1.29 -0.89 -0.0000 -0.0000 0.1000 0.1000 0.4873 -0.2071 -0.202841 -0.704905 12.27 
14.7503 2 1 1 0x0 -1.2915 -0.8859 -1.29 -0.89 -0.0000 -0.0000 0.1000 0.1000 0.4873 -0.2071 -0.202841 -0.704628 12.27 
14.7603 2 1 1 0x0 -1.2916 -0.8859 -1.29 -0.89 -0.0000 -0.0000 0.1000 0.1000 0.4873 -0.2071 -0.202841 -0.703726 12.26 
14.7703 2 1 1 0x0 -1.2916 -0.8860 -1.29 -0.89 -0.0000 -0.0000 0.1000 0.1000 0.4873 -0.2071 -0.202841 -0.702018 12.27 
14.7803 2 1 1 0x0 -1.2917 -0.8860 -1.29 -0.89 -0.0000 -0.0000 0.1000 0.1000 0.4873 -0.2071 -0.202841 -0.699600 12.27 
14.7903 2 1 1 0x0 -1.2917 -0.8860 -1.29 -0.89 -0.0000 -0.0000 0.1000 0.1000 0.4873 -0.2071 -0.202841 -0.696946 12.27 
14.8004 2 1 1 0x0 -1.2918 -0.8861 -1.29 -0.89 -0.0000 -0.0000 0.1000 0.1000 0.4873 -0.2071 -0.202841 -0.694393 12.27 
14.8104 2 1 1 0x0 -1.2918 -0.8861 -1.29 -0.89 -0.0000 -0.0000 0.1000 0.1000 0.4873 -0.2071 -0.202841 -0.692299 12.27 
14.8204 2 1 1 0x0 -1.2919 -0.8862 -1.29 -0.89 -0.0000 -0.0000 0.1000 0.1000 0.4873 -0.2071 -0.202841 -0.690769 12.28 
14.8304 2 1 1 0x0 -1.2919 -0.8862 -1.29 -0.89 -0.0000 -0.0000 0.1000 0.1000 0.4873 -0.2071 -0.202841 -0.689538 12.27 
14.8404 2 1 1 0x0 -1.2920 -0.8863 -1.29 -0.89 -0.0000 -0.0000 0.1000 0.1000 0.4873 -0.2071 -0.202841 -0.688079 12.27 
14.8504 2 1 1 0x0 -1.2920 -0.8863 -1.29 -0.89 -0.0000 -0.0000 0.1000 0.1000 0.4873 -0.2071 -0.202841 -0.686350 12.27 
14.8604 2 1 1 0x0 -1.2920 -0.8864 -1.29 -0.89 -0.0000 -0.0000 0.1000 0.1000 0.4873 -0.2071 -0.202841 -0.684424 12.27 
14.8704 2 1 1 0x0 -1.2921 -0.8864 -1.29 -0.89 -0.0000 -0.0000 0.1000 0.1000 0.4873 -0.2071 -0.202841 -0.682271 12.27 
14.8804 2 1 1 0x0 -1.2921 -0.8865 -1.29 -0.89 -0.0000 -0.0000 0.1000 0.1000 0.4873 -0.2071 -0.202841 -0.679641 12.27 
14.8904 2 1 1 0x0 -1.2922 -0.8865 -1.29 -0.89 -0.0000 -0.0000 0.1000 0.1000 0.4873 -0.2071 -0.202841 -0.676508 12.27 
14.9004 2 1 1 0x0 -1.2922 -0.8865 -1.29 -0.89 -0.0000 -0.0000 0.1000 0.1000 0.4873 -0.2071 -0.202841 -0.673401 12.27 
14.9104 2 1 1 0x0 -1.2923 -0.8866 -1.29 -0.89 -0.0000 -0.0000 0.1000 0.1000 0.4873 -0.2071 -0.202841 -0.671212 12.26 
14.9204 2 1 1 0x0 -1.2923 -0.8866 -1.29 -0.89 -0.0000 -0.0000 0.1000 0.1000 0.4873 -0.2071 -0.202841 -0.670615 12.27 
14.9304 2 1 1 0x0 -1.2924 -0.8867 -1.29 -0.89 -0.0000 -0.0000 0.1000 0.1000 0.4873 -0.2071 -0.202841 -0.671476 12.28 
14.9404 2 1 1 0x0 -1.2924 -0.8867 -1.29 -0.89 -0.0000 -0.0000 0.1000 0.1000 0.4873 -0.2071 -0.202841 -0.673296 12.27 
14.9504 2 1 1 0x0 -1.2925 -0.8868 -1.29 -0.89 -0.0000 -0.0000 0.1000 0.1000 0.4873 -0.2071 -0.202841 -0.675496 12.27 
14.9604 2 1 1 0x0 -1.2925 -0.8868 -1.29 -0.89 -0.0000 -0.0000 0.1000 0.1000 0.4873 -0.2071 -0.202841 -0.677814 12.27 
14.9704 2 1 1 0x0 -1.2925 -0.8869 -1.29 -0.89 -0.0000 -0.0000 0.1000 0.1000 0.4873 -0.2071 -0.202841 -0.679854 12.28 
14.9804 2 1 1 0x0 -1.2926 -0.8869 -1.29 -0.89 -0.0000 -0.0000 0.1000 0.1000 0.4873 -0.2071 -0.202841 -0.681214 12.27 
14.9904 2 1 1 0x0 -1.2926 -0.8870 -1.29 -0.89 -0.0000 -0.0000 0.1000 0.1000 0.4873 -0.2071 -0.202841 -0.681705 12.28 
15.0004 2 1 1 0x0 -1.2927 -0.8870 -1.29 -0.89 -0.0000 -0.0000 0.1000 0.1000 0.4873 -0.2071 -0.202841 -0.681355 12.27 
15.0104 2 1 1 0x0 -1.2927 -0.8870 -1.29 -0.89 -0.0000 -0.0000 0.1000 0.1000 0.4873 -0.2071 -0.202841 -0.680370 12.27 
15.0204 2 1 1 0x0 -1.2928 -0.8871 -1.29 -0.89 -0.0000 -0.0000 0.1000 0.1000 0.4873 -0.2071 -0.202841 -0.679065 12.27 
15.0304 2 1 1 0x0 -1.2928 -0.8871 -1.29 -0.89 -0.0000 -0.0000 0.1000 0.1000 0.4873 -0.2071 -0.202841 -0.677835 12.29 
15.0404 2 1 1 0x0 -1.2929 -0.8872 -1.29 -0.89 -0.0000 -0.0000 0.1000 0.1000 0.4873 -0.2071 -0.202841 -0.676911 12.28 
15.0505 2 1 1 0x0 -1.2929 -0.8872 -1.29 -0.89 -0.0000 -0.0000 0.1000 0.1000 0.4873 -0.2071 -0.202841 -0.676632 12.27 
15.0605 2 1 1 0x0 -1.2929 -0.8873 -1.29 -0.89 -0.0000 -0.0000 0.1000 0.1000 0.4873 -0.2071 -0.202841 -0.677438 12.28 
15.0705 2 1 1 0x0 -1.2930 -0.8873 -1.29 -0.89 -0.0000 -0.0000 0.1000 0.1000 0.4873 -0.2071 -0.202841 -0.679184 12.27 
15.0805 2 1 1 0x0 -1.2930 -0.8874 -1.29 -0.89 -0.0000 -0.0000 0.1000 0.1000 0.4873 -0.2071 -0.202841 -0.681477 12.27 
15.0905 2 1 1 0x0 -1.2931 -0.8874 -1.29 -0.89 -0.0000 -0.0000 0.1000 0.1000 0.4873 -0.2071 -0.202841 -0.683720 12.27 
15.1005 2 1 1 0x0 -1.2931 -0.8874 -1.29 -0.89 -0.0000 -0.0000 0.1000 0.1000 0.4873 -0.2071 -0.202841 -0.685623 12.28 
15.1105 2 1 1 0x0 -1.2932 -0.8875 -1.29 -0.89 -0.0000 -0.0000 0.1000 0.1000 0.4873 -0.2071 -0.202841 -0.686896 12.28 
15.1205 2 1 1 0x0 -1.2932 -0.8875 -1.29 -0.89 -0.0000 -0.0000 0.1000 0.1000 0.4873 -0.2071 -0.202841 -0.687537 12.27 
15.1305 2 1 1 0x0 -1.2933 -0.8876 -1.29 -0.89 -0.0000 -0.0000 0.1000 0.1000 0.4873 -0.2071 -0.202841 -0.688056 12.27 
15.1405 2 1 1 0x0 -1.2933 -0.8876 -1.29 -0.89 -0.0000 -0.0000 0.1000 0.1000 0.4873 -0.2071 -0.202841 -0.688751 12.28 
15.1505 2 1 1 0x0 -1.2934 -0.8877 -1.29 -0.89 -0.0000 -0.0000 0.1000 0.1000 0.4873 -0.2071 -0.202841 -0.689784 12.27 
15.1605 2 1 1 0x0 -1.2934 -0.8877 -1.29 -0.89 -0.0000 -0.0000 0.1000 0.1000 0.4873 -0.2071 -0.202841 -0.690917 12.27 
15.1705 2 1 1 0x0 -1.2934 -0.8878 -1.29 -0.89 -0.0000 -0.0000 0.1000 0.1000 0.4873 -0.2071 -0.202841 -0.691961 12.27 
15.1805 2 1 1 0x0 -1.2935 -0.8878 -1.29 -0.89 -0.0000 -0.0000 0.1000 0.1000 0.4873 -0.2071 -0.202841 -0.692877 12.27 
15.1905 2 1 1 0x0 -1.2935 -0.8879 -1.29 -0.89 -0.0000 -0.0000 0.1000 0.1000 0.4873 -0.2071 -0.202841 -0.693761 12.27 
15.2005 2 1 1 0x0 -1.2936 -0.8879 -1.29 -0.89 -0.0000 -0.0000 0.1000 0.1000 0.4873 -0.2071 -0.202841 -0.694609 12.27 
15.2105 2 1 1 0x0 -1.2936 -0.8879 -1.29 -0.89 -0.0000 -0.0000 0.1000 0.1000 0.4873 -0.2071 -0.202841 -0.695233 12.28 
15.2205 2 1 1 0x0 -1.2937 -0.8880 -1.29 -0.89 -0.0000 -0.0000 0.1000 0.1000 0.4873 -0.2071 -0.202841 -0.695676 12.28 
15.2305 2 1 1 0x0 -1.2937 -0.8880 -1.29 -0.89 -0.0000 -0.0000 0.1000 0.1000 0.4873 -0.2071 -0.202841 -0.695973 12.27 
15.2405 2 1 1 0x0 -1.2938 -0.8881 -1.29 -0.89 -0.0000 -0.0000 0.1000 0.1000 0.4873 -0.2071 -0.202841 -0.696178 12.27 
15.2505 2 1 1 0x0 -1.2938 -0.8881 -1.29 -0.89 -0.0000 -0.0000 0.1000 0.1000 0.4873 -0.2071 -0.202841 -0.696447 12.28 
15.2605 2 1 1 0x0 -1.2939 -0.8882 -1.29 -0.89 -0.0000 -0.0000 0.1000 0.1000 0.4873 -0.2071 -0.202841 -0.696972 12.27 
15.2705 2 1 1 0x0 -1.2939 -0.8882 -1.29 -0.89 -0.0000 -0.0000 0.1000 0.1000 0.4873 -0.2071 -0.202841 -0.697967 12.27 
15.2805 2 1 1 0x0 -1.2939 -0.8883 -1.29 -0.89 -0.0000 -0.0000 0.1000 0.1000 0.4873 -0.2071 -0.202841 -0.699394 12.27 
15.2905 2 1 1 0x0 -1.2940 -0.8883 -1.29 -0.89 -0.0000 -0.0000 0.1000 0.1000 0.4873 -0.2071 -0.202841 -0.701129 12.27 
15.3006 2 1 1 0x0 -1.2940 -0.8884 -1.29 -0.89 -0.0000 -0.0000 0.1000 0.1000 0.4873 -0.2071 -0.202841 -0.703048 12.27 
15.3106 2 1 1 0x0 -1.2941 -0.8884 -1.29 -0.89 -0.0000 -0.0000 0.1000 0.1000 0.4873 -0.2071 -0.202841 -0.704934 12.28 
15.3206 2 1 1 0x0 -1.2941 -0.8884 -1.29 -0.89 -0.0000 -0.0000 0.1000 0.1000 0.4873 -0.2071 -0.202841 -0.706532 12.27 
15.3306 2 1 1 0x0 -1.2942 -0.8885 -1.29 -0.89 -0.0000 -0.0000 0.1000 0.1000 0.4873 -0.2071 -0.202841 -0.707814 12.27 
15.3406 2 1 1 0x0 -1.2942 -0.8885 -1.29 -0.89 -0.0000 -0.0000 0.1000 0.1000 0.4873 -0.2071 -0.202841 -0.708757 12.27 
15.3506 2 1 1 0x0 -1.2943 -0.8886 -1.29 -0.89 -0.0000 -0.0000 0.1000 0.1000 0.4873 -0.2071 -0.202841 -0.709333 12.27 
15.3606 2 1 1 0x0 -1.2943 -0.8886 -1.29 -0.89 -0.0000 -0.0000 0.1000 0.1000 0.4873 -0.2071 -0.202841 -0.709849 12.27 
15.3706 2 1 1 0x0 -1.2944 -0.8887 -1.29 -0.89 -0.0000 -0.0000 0.1000 0.1000 0.4873 -0.2071 -0.202841 -0.710421 12.27 
15.3806 2 1 1 0x0 -1.2944 -0.8887 -1.29 -0.89 -0.0000 -0.0000 0.1000 0.1000 0.4873 -0.2071 -0.202841 -0.711168 12.27 
15.3906 2 1 1 0x0 -1.2944 -0.8888 -1.29 -0.89 -0.0000 -0.0000 0.1000 0.1000 0.4873 -0.2071 -0.202841 -0.712167 12.28 
15.4006 2 1 1 0x0 -1.2945 -0.8888 -1.29 -0.89 -0.0000 -0.0000 0.1000 0.1000 0.4873 -0.2071 -0.202841 -0.713347 12.28 
15.4106 2 1 1 0x0 -1.2945 -0.8889 -1.29 -0.89 -0.0000 -0.0000 0.1000 0.1000 0.4873 -0.2071 -0.202841 -0.714956 12.27 
15.4206 2 1 1 0x0 -1.2946 -0.8889 -1.29 -0.89 -0.0000 -0.0000 0.1000 0.1000 0.4873 -0.2071 -0.202841 -0.716538 12.28 
15.4306 2 1 1 0x0 -1.2946 -0.8889 -1.29 -0.89 -0.0000 -0.0000 0.1000 0.1000 0.4873 -0.2071 -0.202841 -0.717724 12.27 
15.4406 2 1 1 0x0 -1.2947 -0.8890 -1.29 -0.89 -0.0000 -0.0000 0.1000 0.1000 0.4873 -0.2071 -0.202841 -0.718539 12.28 
15.4506 2 1 1 0x0 -1.2947 -0.8890 -1.29 -0.89 -0.0000 -0.0000 0.1000 0.1000 0.4873 -0.2071 -0.202841 -0.718613 12.28 
15.4606 2 1 1 0x0 -1.2948 -0.8891 -1.29 -0.89 -0.0000 -0.0000 0.1000 0.1000 0.4873 -0.2071 -0.202841 -0.718646 12.28 
15.4706 2 1 1 0x0 -1.2948 -0.8891 -1.29 -0.89 -0.0000 -0.0000 0.1000 0.1000 0.4873 -0.2071 -0.202841 -0.718821 12.27 
15.4806 2 1 1 0x0 -1.2949 -0.8892 -1.29 -0.89 -0.0000 -0.0000 0.1000 0.1000 0.4873 -0.2071 -0.202841 -0.719126 12.27 
15.4906 2 1 1 0x0 -1.2949 -0.8892 -1.29 -0.89 -0.0000 -0.0000 0.1000 0.1000 0.4873 -0.2071 -0.202841 -0.719516 12.28 
15.5006 2 1 1 0x0 -1.2949 -0.8893 -1.29 -0.89 -0.0000 -0.0000 0.1000 0.1000 0.4873 -0.2071 -0.202841 -0.719532 12.28 
15.5106 2 1 1 0x0 -1.2950 -0.8893 -1.29 -0.89 -0.0000 -0.0000 0.1000 0.1000 0.4873 -0.2071 -0.202841 -0.719728 12.27 
15.5206 2 1 1 0x0 -1.4611 -1.0608 -1.46 -1.06 -0.0000 0.0001 0.1000 0.1000 0.4875 -0.2072 -0.200136 -0.720027 12.27 
15.5306 2 1 1 0x0 -1.3680 -0.9677 -1.37 -0.97 -0.0000 0.0001 0.1000 0.1000 0.4875 -0.2072 -0.200136 -0.720230 12.27 
15.5407 2 1 1 0x0 -1.3426 -0.9423 -1.34 -0.94 -0.0000 0.0001 0.1000 0.1000 0.4875 -0.2072 -0.200136 -0.720145 12.28 
15.5507 2 1 1 0x0 -1.3366 -0.9363 -1.34 -0.94 -0.0000 0.0001 0.1000 0.1000 0.4875 -0.2072 -0.200136 -0.719964 12.27 
15.5607 2 1 1 0x0 -1.3361 -0.9358 -1.34 -0.94 -0.0000 0.0001 0.1000 0.1000 0.4875 -0.2072 -0.200136 -0.719979 12.27 
15.5707 2 1 1 0x0 -1.3371 -0.9369 -1.34 -0.94 -0.0000 0.0001 0.1000 0.1000 0.4875 -0.2072 -0.200136 -0.720141 12.27 
15.5807 2 1 1 0x0 -1.3388 -0.9385 -1.34 -0.94 -0.0000 0.0001 0.1000 0.1000 0.4875 -0.2072 -0.200136 -0.720374 12.28 
15.5907 2 1 1 0x0 -1.3405 -0.9402 -1.34 -0.94 -0.0000 0.0001 0.1000 0.1000 0.4875 -0.2072 -0.200136 -0.720624 12.27 
15.6007 2 1 1 0x0 -1.3422 -0.9419 -1.34 -0.94 -0.0000 0.0001 0.1000 0.1000 0.4875 -0.2072 -0.200136 -0.720764 12.28 
15.6107 2 1 1 0x0 -1.3439 -0.9437 -1.34 -0.94 -0.0000 0.0001 0.1000 0.1000 0.4875 -0.2072 -0.200136 -0.720802 12.27 
15.6207 2 1 1 0x0 -1.3457 -0.9454 -1.35 -0.95 -0.0000 0.0001 0.1000 0.1000 0.4875 -0.2072 -0.200136 -0.720820 12.26 
15.6307 2 1 1 0x0 -1.3474 -0.9471 -1.35 -0.95 -0.0000 0.0001 0.1000 0.1000 0.4875 -0.2072 -0.200136 -0.720872 12.27 
15.6407 2 1 1 0x0 -1.3491 -0.9488 -1.35 -0.95 -0.0000 0.0001 0.1000 0.1000 0.4875 -0.2072 -0.200136 -0.720874 12.26 
15.6507 2 1 1 0x0 -1.3508 -0.9506 -1.35 -0.95 -0.0000 0.0001 0.1000 0.1000 0.4875 -0.2072 -0.200136 -0.721053 12.27 
15.6607 2 1 1 0x0 -1.3526 -0.9523 -1.35 -0.95 -0.0000 0.0001 0.1000 0.1000 0.4875 -0.2072 -0.200136 -0.721342 12.27 
15.6707 2 1 1 0x0 -1.3543 -0.9540 -1.35 -0.95 -0.0000 0.0001 0.1000 0.1000 0.4875 -0.2072 -0.200136 -0.721653 12.27 
15.6807 2 1 1 0x0 -1.3560 -0.9557 -1.36 -0.96 -0.0000 0.0001 0.1000 0.1000 0.4875 -0.2072 -0.200136 -0.721935 12.28 
15.6907 2 1 1 0x0 -1.3577 -0.9575 -1.36 -0.96 -0.0000 0.0001 0.1000 0.1000 0.4875 -0.2072 -0.200136 -0.722252 12.27 
15.7007 2 1 1 0x0 -1.3595 -0.9592 -1.36 -0.96 -0.0000 0.0001 0.1000 0.1000 0.4875 -0.2072 -0.200136 -0.722510 12.26 
15.7107 2 1 1 0x0 -1.3612 -0.9609 -1.36 -0.96 -0.0000 0.0001 0.1000 0.1000 0.4875 -0.2072 -0.200136 -0.722726 12.27 
15.7207 2 1 1 0x0 -1.3629 -0.9626 -1.36 -0.96 -0.0000 0.0000 0.1000 0.1000 0.4875 -0.2072 -0.200136 -0.723031 12.28 
15.7307 2 1 1 0x0 -1.3646 -0.9644 -1.36 -0.96 -0.0000 0.0000 0.1000 0.1000 0.4875 -0.2072 -0.200136 -0.723393 12.27 
15.7407 2 1 1 0x0 -1.3663 -0.9661 -1.37 -0.97 -0.0000 0.0000 0.1000 0.1000 0.4875 -0.2072 -0.200136 -0.723839 12.27 
15.7507 2 1 1 0x0 -1.3681 -0.9678 -1.37 -0.97 -0.0000 0.0000 0.1000 0.1000 0.4875 -0.2072 -0.200136 -0.724369 12.27 
15.7607 2 1 1 0x0 -1.3698 -0.9695 -1.37 -0.97 -0.0000 0.0000 0.1000 0.1000 0.4875 -0.2072 -0.200136 -0.724997 12.27 
15.7707 2 1 1 0x0 -1.3715 -0.9712 -1.37 -0.97 -0.0000 0.0000 0.1000 0.1000 0.4875 -0.2072 -0.200136 -0.725615 12.27 
15.7807 2 1 1 0x0 -1.3732 -0.9730 -1.37 -0.97 -0.0000 0.0000 0.1000 0.1000 0.4875 -0.2072 -0.200136 -0.726239 12.27 
15.7908 2 1 1 0x0 -1.3750 -0.9747 -1.37 -0.97 -0.0000 0.0000 0.1000 0.1000 0.4875 -0.2072 -0.200136 -0.727021 12.27 
15.8008 2 1 1 0x0 -1.2261 -0.8204 -1.23 -0.82 -0.0000 -0.0015 0.1000 0.1000 0.4873 -0.2071 -0.202841 -0.727976 12.28 
15.8108 2 1 1 0x0 -1.3098 -0.9041 -1.31 -0.90 -0.0000 -0.0015 0.1000 0.1000 0.4873 -0.2071 -0.202841 -0.729041 12.28 
15.8208 2 1 1 0x0 -1.3338 -0.9281 -1.33 -0.93 -0.0000 -0.0015 0.1000 0.1000 0.4873 -0.2071 -0.202841 -0.730122 12.27 
15.8308 2 1 1 0x0 -1.3406 -0.9350 -1.34 -0.93 -0.0000 -0.0015 0.1000 0.1000 0.4873 -0.2071 -0.202841 -0.731080 12.28 
15.8408 2 1 1 0x0 -1.3427 -0.9370 -1.34 -0.94 -0.0000 -0.0015 0.1000 0.1000 0.4873 -0.2071 -0.202841 -0.731903 12.27 
15.8508 2 1 1 0x0 -1.3433 -0.9376 -1.34 -0.94 -0.0000 -0.0015 0.1000 0.1000 0.4873 -0.2071 -0.202841 -0.732829 12.28 
15.8608 2 1 1 0x0 -1.1773 -0.7662 -1.18 -0.77 -0.0000 -0.0067 0.1000 0.0340 0.4871 -0.2071 -0.205545 -0.734017 12.28 
15.8708 2 1 1 0x0 -1.2705 -0.8594 -1.27 -0.86 -0.0000 -0.0067 0.1000 0.0440 0.4871 -0.2071 -0.205545 -0.735437 12.28 
15.8808 2 1 1 0x0 -1.2960 -0.8849 -1.30 -0.88 -0.0000 -0.0067 0.1000 0.0540 0.4871 -0.2071 -0.205545 -0.737191 12.27 
15.8908 2 1 1 0x0 -1.3020 -0.8909 -1.30 -0.89 -0.0000 -0.0067 0.1000 0.0640 0.4871 -0.2071 -0.205545 -0.739162 12.27 
15.9008 2 1 1 0x0 -1.3026 -0.8915 -1.30 -0.89 -0.0000 -0.0067 0.0000 0.0740 0.4871 -0.2071 -0.205545 -0.741417 12.27 
15.9108 2 1 1 0x0 -1.3016 -0.8905 -1.30 -0.89 -0.0000 -0.0067 0.0000 0.0840 0.4871 -0.2071 -0.205545 -0.743939 12.28 
15.9208 2 1 1 0x0 -1.3001 -0.8890 -1.30 -0.89 -0.0000 -0.0064 0.0000 0.0940 0.4871 -0.2071 -0.205545 -0.746558 12.27 
15.9308 2 1 1 0x0 -1.2984 -0.8873 -1.30 -0.89 -0.0000 -0.0055 0.0000 0.1000 0.4871 -0.2071 -0.205545 -0.748993 12.29 
15.9408 2 1 1 0x0 -1.2968 -0.8857 -1.30 -0.89 -0.0000 -0.0048 0.0000 0.1000 0.4871 -0.2071 -0.205545 -0.751496 12.27 
15.9508 2 1 1 0x0 -1.2952 -0.8841 -1.30 -0.88 -0.0000 -0.0043 0.0000 0.1000 0.4871 -0.2071 -0.205545 -0.754065 12.27 
15.9608 2 1 1 0x0 -1.2935 -0.8824 -1.29 -0.88 -0.0000 -0.0039 0.0000 0.1000 0.4871 -0.2071 -0.205545 -0.756774 12.27 
15.9708 2 1 1 0x0 -1.2919 -0.8808 -1.29 -0.88 -0.0000 -0.0036 0.0000 0.1000 0.4871 -0.2071 -0.205545 -0.759603 12.28 
15.9808 2 1 1 0x0 -1.2902 -0.8791 -1.29 -0.88 -0.0000 -0.0033 0.0000 0.1000 0.4871 -0.2071 -0.205545 -0.762358 12.27 
15.9908 2 1 1 0x0 -1.2886 -0.8775 -1.29 -0.88 -0.0000 -0.0030 0.0000 0.1000 0.4871 -0.2071 -0.205545 -0.764547 12.28 
16.0008 2 1 1 0x0 -1.2870 -0.8759 -1.29 -0.88 -0.0000 -0.0028 0.0000 0.1000 0.4871 -0.2071 -0.205545 -0.765872 12.27 
16.0108 2 1 1 0x0 -1.2853 -0.8742 -1.29 -0.87 -0.0000 -0.0026 0.0000 0.1000 0.4871 -0.2071 -0.205545 -0.766316 12.27 
16.0208 2 1 1 0x0 -1.2837 -0.8726 -1.28 -0.87 -0.0000 -0.0025 0.0000 0.1000 0.4871 -0.2071 -0.205545 -0.765873 12.27 
16.0308 2 1 1 0x0 -1.2820 -0.8709 -1.28 -0.87 -0.0000 -0.0023 0.0000 0.1000 0.4871 -0.2071 -0.205545 -0.764545 12.27 
16.0408 2 1 1 0x0 -1.2804 -0.8693 -1.28 -0.87 -0.0000 -0.0022 0.0000 0.1000 0.4871 -0.2071 -0.205545 -0.762781 12.27 
16.0508 2 1 1 0x0 -1.2788 -0.8677 -1.28 -0.87 -0.0000 -0.0021 0.0000 0.1000 0.4871 -0.2071 -0.205545 -0.760494 12.28 
16.0608 2 1 1 0x0 -1.2771 -0.8660 -1.28 -0.87 -0.0000 -0.0000 0.0000 0.1000 0.4871 -0.2071 -0.205545 -0.757537 12.27 
16.0708 2 1 1 0x0 -1.2755 -0.8644 -1.28 -0.86 -0.0000 -0.0000 0.0000 0.1000 0.4871 -0.2071 -0.205545 -0.754211 12.27 
16.0808 2 1 1 0x0 -1.2738 -0.8627 -1.27 -0.86 -0.0000 -0.0000 0.0000 0.1000 0.4871 -0.2071 -0.205545 -0.750138 12.28 
16.0908 2 1 1 0x0 -1.2722 -0.8611 -1.27 -0.86 -0.0000 -0.0000 0.0000 0.1000 0.4871 -0.2071 -0.205545 -0.745500 12.27 
16.1008 2 1 1 0x0 -1.2706 -0.8595 -1.27 -0.86 -0.0000 -0.0000 0.0000 0.1000 0.4871 -0.2071 -0.205545 -0.740590 12.27 
16.1108 2 1 1 0x0 -1.2689 -0.8578 -1.27 -0.86 -0.0000 -0.0000 0.0000 0.1000 0.4871 -0.2071 -0.205545 -0.735689 12.28 
16.1208 2 1 1 0x0 -1.2673 -0.8562 -1.27 -0.86 -0.0000 -0.0000 0.0000 0.1000 0.4871 -0.2071 -0.205545 -0.731017 12.28 
16.1308 2 1 1 0x0 -1.2656 -0.8545 -1.27 -0.85 -0.0000 -0.0000 0.0000 0.1000 0.4871 -0.2071 -0.205545 -0.726537 12.27 
16.1408 2 1 1 0x0 -1.2640 -0.8529 -1.26 -0.85 -0.0000 -0.0000 0.0000 0.1000 0.4871 -0.2071 -0.205545 -0.722109 12.27 
16.1508 2 1 1 0x0 -1.4515 -1.0350 -1.45 -1.04 0.0000 -0.0000 0.0000 0.1000 0.4873 -0.2071 -0.208250 -0.718879 12.27 
16.1607 2 1 1 0x0 -1.3444 -0.9279 -1.34 -0.93 0.0000 -0.0000 0.0000 0.1000 0.4873 -0.2071 -0.208250 -0.718735 12.27 
16.1707 2 1 1 0x0 -1.3137 -0.8972 -1.31 -0.90 0.0000 -0.0000 0.0000 0.1000 0.4873 -0.2071 -0.208250 -0.719627 12.28 
16.1807 2 1 1 0x0 -1.3051 -0.8886 -1.31 -0.89 0.0000 -0.0000 0.0000 0.1000 0.4873 -0.2071 -0.208250 -0.719981 12.27 
16.1907 2 1 1 0x0 -1.3026 -0.8861 -1.30 -0.89 0.0000 -0.0000 0.0000 0.1000 0.4873 -0.2071 -0.208250 -0.719280 12.28 
16.2007 2 1 1 0x0 -1.0759 -0.6540 -1.08 -0.65 0.0000 -0.0012 0.0000 0.1000 0.4871 -0.2071 -0.210954 -0.718416 12.27 
16.2107 2 1 1 0x0 -1.3544 -0.9271 -1.35 -0.93 0.0071 -0.0012 0.0337 0.1000 0.4873 -0.2071 -0.213659 -0.717901 12.27 
16.2207 2 1 1 0x0 -1.3201 -0.8928 -1.32 -0.89 0.0071 -0.0012 0.0437 0.1000 0.4873 -0.2071 -0.213659 -0.717627 12.27 
16.2307 2 1 1 0x0 -1.3103 -0.8830 -1.31 -0.88 0.0071 -0.0012 0.0537 0.1000 0.4873 -0.2071 -0.213659 -0.717160 12.26 
16.2407 2 1 1 0x0 -1.1704 -0.7377 -1.17 -0.74 0.0071 -0.0114 0.0637 0.0229 0.4871 -0.2071 -0.216363 -0.716443 12.27 
16.2507 2 1 1 0x0 -1.2417 -0.8090 -1.24 -0.81 0.0071 -0.0114 0.0737 0.0329 0.4871 -0.2071 -0.216363 -0.716145 12.27 
16.2607 2 1 1 0x0 -1.2609 -0.8282 -1.26 -0.83 0.0071 -0.0114 0.0837 0.0429 0.4871 -0.2071 -0.216363 -0.716166 12.27 
16.2707 2 1 1 0x0 -1.2652 -0.8325 -1.27 -0.83 0.0062 -0.0114 0.0937 0.0529 0.4871 -0.2071 -0.216363 -0.715841 12.28 
16.2807 2 1 1 0x0 -1.2653 -0.8326 -1.27 -0.83 0.0054 -0.0090 0.1000 0.0629 0.4871 -0.2071 -0.216363 -0.714786 12.28 
16.2907 2 1 1 0x0 -1.2642 -0.8315 -1.26 -0.83 0.0048 -0.0074 0.1000 0.0729 0.4871 -0.2071 -0.216363 -0.713594 12.27 
16.3007 2 1 1 0x0 -1.2626 -0.8299 -1.26 -0.83 0.0043 -0.0062 0.1000 0.0829 0.4871 -0.2071 -0.216363 -0.713053 12.27 
16.3107 2 1 1 0x0 -1.2610 -0.8282 -1.26 -0.83 0.0039 -0.0054 0.1000 0.0929 0.4871 -0.2071 -0.216363 -0.712952 12.27 
16.3207 2 1 1 0x0 -1.2593 -0.8266 -1.26 -0.83 0.0035 -0.0048 0.1000 0.1000 0.4871 -0.2071 -0.216363 -0.712135 12.27 
16.3307 2 1 1 0x0 -1.2577 -0.8249 -1.26 -0.82 0.0032 -0.0043 0.1000 0.1000 0.4871 -0.2071 -0.216363 -0.711825 12.27 
16.3406 2 1 1 0x0 -1.2560 -0.8233 -1.26 -0.82 0.0030 -0.0039 0.1000 0.1000 0.4871 -0.2071 -0.216363 -0.712285 12.27 
16.3506 2 1 1 0x0 -1.2544 -0.8217 -1.25 -0.82 0.0028 -0.0035 0.1000 0.1000 0.4871 -0.2071 -0.216363 -0.712977 12.28 
16.3606 2 1 1 0x0 -1.2528 -0.8200 -1.25 -0.82 0.0026 -0.0032 0.1000 0.1000 0.4871 -0.2071 -0.216363 -0.713603 12.27 
16.3706 2 1 1 0x0 -1.2511 -0.8184 -1.25 -0.82 0.0025 -0.0030 0.1000 0.1000 0.4871 -0.2071 -0.216363 -0.713923 12.28 
16.3806 2 1 1 0x0 -1.2495 -0.8167 -1.25 -0.82 0.0023 -0.0028 0.1000 0.1000 0.4871 -0.2071 -0.216363 -0.714120 12.28 
16.3906 2 1 1 0x0 -1.2478 -0.8151 -1.25 -0.82 0.0022 -0.0026 0.1000 0.1000 0.4871 -0.2071 -0.216363 -0.714228 12.27 
16.4006 2 1 1 0x0 -1.2462 -0.8135 -1.25 -0.81 0.0021 -0.0025 0.1000 0.1000 0.4871 -0.2071 -0.216363 -0.713922 12.28 
16.4106 2 1 1 0x0 -1.0130 -0.5857 -1.01 -0.59 -0.0000 -0.0023 0.1000 0.1000 0.4869 -0.2070 -0.213659 -0.713488 12.28 
16.4206 2 1 1 0x0 -1.0052 -0.5833 -1.01 -0.58 -0.0000 -0.0022 0.1000 0.1000 0.4867 -0.2070 -0.210954 -0.713249 12.28 
16.4306 2 1 1 0x0 -1.0110 -0.5945 -1.01 -0.59 -0.0000 -0.0021 0.1000 0.1000 0.4865 -0.2070 -0.208250 -0.711136 12.29 
16.4406 2 1 1 0x0 -1.0816 -0.6651 -1.08 -0.67 -0.0000 -0.0000 0.1000 0.1000 0.4865 -0.2070 -0.208250 -0.709596 12.28 
16.4506 2 1 1 0x0 -0.9944 -0.5833 -0.99 -0.58 -0.0200 -0.0000 0.0195 0.1000 0.4863 -0.2069 -0.205545 -0.710055 12.28 
16.4606 2 1 1 0x0 -0.8654 -0.4597 -0.87 -0.46 -0.0249 -0.0000 0.0112 0.1000 0.4861 -0.2069 -0.202841 -0.710370 12.28 
16.4706 2 1 1 0x0 -0.7755 -0.3753 -0.78 -0.38 -0.0399 -0.0000 0.0080 0.1000 0.4859 -0.2068 -0.200136 -0.709572 12.28 
16.4806 2 1 1 0x0 -0.9025 -0.5022 -0.90 -0.50 -0.0314 -0.0000 0.0180 0.1000 0.4859 -0.2068 -0.200136 -0.708549 12.28 
16.4906 2 1 1 0x0 -0.9303 -0.5300 -0.93 -0.53 -0.0177 -0.0000 0.0280 0.1000 0.4859 -0.2068 -0.200136 -0.707257 12.27 
16.5006 2 1 1 0x0 -0.6984 -0.3036 -0.70 -0.30 -0.0124 -0.0000 0.0166 0.1000 0.4857 -0.2068 -0.197432 -0.706041 12.28 
16.5106 2 1 1 0x0 -0.8261 -0.4312 -0.83 -0.43 -0.0124 -0.0000 0.0266 0.1000 0.4857 -0.2068 -0.197432 -0.705550 12.27 
16.5205 2 1 1 0x0 -0.8531 -0.4582 -0.85 -0.46 -0.0124 -0.0000 0.0366 0.1000 0.4857 -0.2068 -0.197432 -0.707544 12.28 
16.5305 2 1 1 0x0 -0.8512 -0.4564 -0.85 -0.46 -0.0124 -0.0000 0.0466 0.1000 0.4857 -0.2068 -0.197432 -0.709337 12.28 
16.5405 2 1 1 0x0 -0.8412 -0.4463 -0.84 -0.45 -0.0101 -0.0000 0.0566 0.1000 0.4857 -0.2068 -0.197432 -0.707568 12.29 
16.5505 2 1 1 0x0 -0.8287 -0.4338 -0.83 -0.43 -0.0081 -0.0000 0.0666 0.1000 0.4857 -0.2068 -0.197432 -0.708075 12.28 
16.5605 2 1 1 0x0 -0.8155 -0.4206 -0.82 -0.42 -0.0067 -0.0000 0.0766 0.1000 0.4857 -0.2068 -0.197432 -0.709104 12.28 
16.5705 2 1 1 0x0 -0.8020 -0.4072 -0.80 -0.41 -0.0058 -0.0000 0.0866 0.1000 0.4857 -0.2068 -0.197432 -0.708084 12.28 
16.5805 2 1 1 0x0 -0.7886 -0.3938 -0.79 -0.39 -0.0051 -0.0000 0.0966 0.1000 0.4857 -0.2068 -0.197432 -0.707708 12.28 
16.5905 2 1 1 0x0 -0.7752 -0.3804 -0.78 -0.38 -0.0045 -0.0000 0.1000 0.1000 0.4857 -0.2068 -0.197432 -0.708414 12.28 
16.6005 2 1 1 0x0 -0.7618 -0.3669 -0.76 -0.37 -0.0040 -0.0000 0.1000 0.1000 0.4857 -0.2068 -0.197432 -0.708378 12.29 
16.6105 2 1 1 0x0 -0.7276 -0.3436 -0.73 -0.34 -0.0038 0.0000 0.0570 0.1000 0.4857 -0.2068 -0.192022 -0.708099 12.28 
16.6205 2 1 1 0x0 -0.7255 -0.3414 -0.73 -0.34 -0.0038 0.0000 0.0670 0.1000 0.4857 -0.2068 -0.192022 -0.708068 12.28 
16.6305 2 1 1 0x0 -0.7153 -0.3312 -0.72 -0.33 -0.0038 0.0000 0.0770 0.1000 0.4857 -0.2068 -0.192022 -0.707860 12.29 
16.6405 2 1 1 0x0 -0.7028 -0.3187 -0.70 -0.32 -0.0038 0.0000 0.0870 0.1000 0.4857 -0.2068 -0.192022 -0.708085 12.29 
16.6505 2 1 1 0x0 -0.6896 -0.3055 -0.69 -0.31 -0.0038 0.0000 0.0970 0.1000 0.4857 -0.2068 -0.192022 -0.708309 12.29 
16.6605 2 1 1 0x0 -0.6761 -0.2921 -0.68 -0.29 -0.0038 0.0000 0.1000 0.1000 0.4857 -0.2068 -0.192022 -0.708348 12.28 
16.6705 2 1 1 0x0 -0.4313 -0.0526 -0.43 -0.05 -0.0064 0.0000 0.0322 0.1000 0.4855 -0.2068 -0.189318 -0.708309 12.28 
16.6805 2 1 1 0x0 -0.5544 -0.1757 -0.55 -0.18 -0.0064 0.0000 0.0422 0.1000 0.4855 -0.2068 -0.189318 -0.708289 12.29 
16.6905 2 1 1 0x0 -0.5789 -0.2002 -0.58 -0.20 -0.0064 0.0000 0.0522 0.1000 0.4855 -0.2068 -0.189318 -0.708293 12.27 
16.7005 2 1 1 0x0 -0.5752 -0.1966 -0.58 -0.20 -0.0064 0.0000 0.0622 0.1000 0.4855 -0.2068 -0.189318 -0.708288 12.28 
16.7104 2 1 1 0x0 -0.3742 -0.0010 -0.37 -0.00 -0.0107 0.0000 0.0218 0.1000 0.4853 -0.2067 -0.186613 -0.708261 12.28 
16.7204 2 1 1 0x0 -0.4657 -0.0925 -0.47 -0.09 -0.0107 0.0000 0.0318 0.1000 0.4853 -0.2067 -0.186613 -0.708222 12.28 
16.7304 2 1 1 0x0 -0.4799 -0.1067 -0.48 -0.11 -0.0107 0.0000 0.0418 0.1000 0.4853 -0.2067 -0.186613 -0.708326 12.28 
16.7404 2 1 1 0x0 -0.4721 -0.0989 -0.47 -0.10 -0.0107 0.0000 0.0518 0.1000 0.4853 -0.2067 -0.186613 -0.708725 12.28 
16.7504 2 1 1 0x0 -0.4579 -0.0847 -0.46 -0.08 -0.0095 0.0000 0.0618 0.1000 0.4853 -0.2067 -0.186613 -0.709186 12.29 
16.7604 2 1 1 0x0 -0.4419 -0.0686 -0.44 -0.07 -0.0077 0.0000 0.0718 0.1000 0.4853 -0.2067 -0.186613 -0.709497 12.28 
16.7704 2 1 1 0x0 -0.4252 -0.0520 -0.43 -0.05 -0.0065 0.0000 0.0818 0.1000 0.4853 -0.2067 -0.186613 -0.709518 12.28 
16.7804 2 1 1 0x0 -0.4085 -0.0352 -0.41 -0.04 -0.0056 0.0000 0.0918 0.1000 0.4853 -0.2067 -0.186613 -0.709303 12.28 
16.7904 2 1 1 0x0 -0.3917 -0.0185 -0.39 -0.02 -0.0049 0.0000 0.1000 0.1000 0.4853 -0.2067 -0.186613 -0.709204 12.28 
16.8004 2 1 1 0x0 -0.3749 -0.0017 -0.37 -0.00 -0.0044 0.0000 0.1000 0.1000 0.4853 -0.2067 -0.186613 -0.709486 12.28 
16.8104 2 1 1 0x0 -0.3582 0.0150 -0.36 0.02 -0.0039 0.0000 0.1000 0.1000 0.4853 -0.2067 -0.186613 -0.709824 12.28 
16.8204 2 1 1 0x0 -0.3414 0.0318 -0.34 0.03 -0.0036 0.0000 0.1000 0.1000 0.4853 -0.2067 -0.186613 -0.710052 12.28 
16.8304 2 1 1 0x0 -0.3247 0.0485 -0.32 0.05 -0.0033 0.0000 0.1000 0.1000 0.4853 -0.2067 -0.186613 -0.710055 12.28 
16.8404 2 1 1 0x0 -0.3079 0.0653 -0.31 0.07 -0.0031 0.0000 0.1000 0.1000 0.4853 -0.2067 -0.186613 -0.709755 12.27 
16.8504 2 1 1 0x0 -0.2912 0.0820 -0.29 0.08 -0.0028 0.0000 0.1000 0.1000 0.4853 -0.2067 -0.186613 -0.709358 12.27 
16.8604 2 1 1 0x0 -0.2744 0.0988 -0.27 0.10 -0.0027 0.0000 0.1000 0.1000 0.4853 -0.2067 -0.186613 -0.709279 12.27 
16.8704 2 1 1 0x0 -0.2577 0.1156 -0.26 0.12 -0.0025 0.0000 0.1000 0.1000 0.4853 -0.2067 -0.186613 -0.709691 12.27 
16.8804 2 1 1 0x0 -0.2409 0.1323 -0.24 0.13 -0.0023 0.0000 0.1000 0.1000 0.4853 -0.2067 -0.186613 -0.710117 12.27 
16.8903 2 1 1 0x0 -0.2242 0.1491 -0.22 0.15 -0.0022 0.0000 0.1000 0.1000 0.4853 -0.2067 -0.186613 -0.710427 12.29 
16.9003 2 1 1 0x0 -0.2074 0.1658 -0.21 0.17 -0.0021 0.0000 0.1000 0.1000 0.4853 -0.2067 -0.186613 -0.710295 12.28 
16.9103 2 1 1 0x0 -0.1907 0.1826 -0.19 0.18 -0.0000 0.0000 0.1000 0.1000 0.4853 -0.2067 -0.186613 -0.710155 12.28 
16.9203 2 1 1 0x0 -0.1739 0.1993 -0.17 0.20 -0.0000 0.0000 0.1000 0.1000 0.4853 -0.2067 -0.186613 -0.709911 12.28 
16.9303 2 1 1 0x0 -0.1572 0.2161 -0.16 0.22 -0.0000 0.0000 0.1000 0.1000 0.4853 -0.2067 -0.186613 -0.709591 12.29 
16.9403 2 1 1 0x0 -0.1404 0.2328 -0.14 0.23 -0.0000 0.0000 0.1000 0.1000 0.4853 -0.2067 -0.186613 -0.709608 12.28 
16.9503 2 1 1 0x0 -0.1237 0.2496 -0.12 0.25 -0.0000 0.0000 0.1000 0.1000 0.4853 -0.2067 -0.186613 -0.709882 12.29 
16.9603 2 1 1 0x0 -0.1069 0.2663 -0.11 0.27 -0.0000 0.0000 0.1000 0.1000 0.4853 -0.2067 -0.186613 -0.710182 12.29 
16.9703 2 1 1 0x0 -0.0901 0.2831 -0.09 0.28 -0.0000 0.0000 0.1000 0.1000 0.4853 -0.2067 -0.186613 -0.710637 12.28 
16.9803 2 1 1 0x0 -0.0734 0.2998 -0.07 0.30 -0.0000 0.0000 0.1000 0.1000 0.4853 -0.2067 -0.186613 -0.711141 12.28 
16.9903 2 1 1 0x0 0.1523 0.5201 0.15 0.52 -0.0014 0.0000 0.1000 0.1000 0.4851 -0.2067 -0.183909 -0.711176 12.29 
17.0003 2 1 1 0x0 0.0489 0.4167 0.05 0.42 -0.0014 0.0000 0.1000 0.1000 0.4851 -0.2067 -0.183909 -0.711101 12.29 
17.0103 2 1 1 0x0 0.2416 0.6040 0.24 0.60 -0.0210 0.0000 0.0115 0.1000 0.4849 -0.2066 -0.181204 -0.711239 12.28 
17.0203 2 1 1 0x0 0.1301 0.4925 0.13 0.49 -0.0210 0.0000 0.0215 0.1000 0.4849 -0.2066 -0.181204 -0.710678 12.28 
17.0303 2 1 1 0x0 0.2686 0.6255 0.27 0.63 -0.0241 0.0000 0.0134 0.1000 0.4847 -0.2066 -0.178500 -0.710459 12.28 
17.0403 2 1 1 0x0 0.1958 0.5528 0.20 0.55 -0.0241 0.0000 0.0234 0.1000 0.4847 -0.2066 -0.178500 -0.711083 12.28 
17.0503 2 1 1 0x0 0.1905 0.5475 0.19 0.55 -0.0162 0.0000 0.0334 0.1000 0.4847 -0.2066 -0.178500 -0.711837 12.28 
17.0603 2 1 1 0x0 0.2046 0.5616 0.20 0.56 -0.0116 0.0000 0.0434 0.1000 0.4847 -0.2066 -0.178500 -0.711872 12.28 
17.0702 2 1 1 0x0 0.2242 0.5812 0.22 0.58 -0.0090 0.0000 0.0534 0.1000 0.4847 -0.2066 -0.178500 -0.711660 12.28 
17.0802 2 1 1 0x0 0.2453 0.6023 0.25 0.60 -0.0074 0.0000 0.0634 0.1000 0.4847 -0.2066 -0.178500 -0.711813 12.28 
17.0902 2 1 1 0x0 0.2670 0.6240 0.27 0.62 -0.0062 0.0000 0.0734 0.1000 0.4847 -0.2066 -0.178500 -0.711918 12.28 
17.1002 2 1 1 0x0 0.2888 0.6458 0.29 0.65 -0.0054 0.0000 0.0834 0.1000 0.4847 -0.2066 -0.178500 -0.711625 12.28 
17.1102 2 1 1 0x0 0.3105 0.6675 0.31 0.67 -0.0048 0.0000 0.0934 0.1000 0.4847 -0.2066 -0.178500 -0.711448 12.28 
17.1202 2 1 1 0x0 0.3323 0.6893 0.33 0.69 -0.0043 0.0000 0.1000 0.1000 0.4847 -0.2066 -0.178500 -0.711276 12.28 
17.1302 2 1 1 0x0 0.3541 0.7111 0.35 0.71 -0.0039 0.0000 0.1000 0.1000 0.4847 -0.2066 -0.178500 -0.711066 12.28 
17.1402 2 1 1 0x0 0.3759 0.7329 0.38 0.73 -0.0035 0.0000 0.1000 0.1000 0.4847 -0.2066 -0.178500 -0.710773 12.28 
17.1502 2 1 1 0x0 0.3976 0.7546 0.40 0.75 -0.0032 0.0000 0.1000 0.1000 0.4847 -0.2066 -0.178500 -0.710401 12.28 
17.1602 2 1 1 0x0 0.4194 0.7764 0.42 0.78 -0.0030 0.0000 0.1000 0.1000 0.4847 -0.2066 -0.178500 -0.710434 12.28 
17.1702 2 1 1 0x0 0.4412 0.7982 0.44 0.80 -0.0028 0.0000 0.1000 0.1000 0.4847 -0.2066 -0.178500 -0.710589 12.29 
17.1802 2 1 1 0x0 0.4630 0.8200 0.46 0.82 -0.0026 0.0000 0.1000 0.1000 0.4847 -0.2066 -0.178500 -0.710614 12.28 
17.1902 2 1 1 0x0 0.4847 0.8417 0.48 0.84 -0.0025 0.0000 0.1000 0.1000 0.4847 -0.2066 -0.178500 -0.710961 12.28 
17.2002 2 1 1 0x0 0.5065 0.8635 0.51 0.86 -0.0023 0.0000 0.1000 0.1000 0.4847 -0.2066 -0.178500 -0.710982 12.28 
17.2102 2 1 1 0x0 0.5283 0.8853 0.53 0.89 -0.0022 0.0000 0.1000 0.1000 0.4847 -0.2066 -0.178500 -0.711255 12.28 
17.2202 2 1 1 0x0 0.6606 1.0122 0.66 1.01 -0.0022 0.0000 0.1000 0.1000 0.4845 -0.2066 -0.175795 -0.711697 12.28 
17.2302 2 1 1 0x0 0.6334 0.9850 0.63 0.99 -0.0022 0.0000 0.1000 0.1000 0.4845 -0.2066 -0.175795 -0.711669 12.28 
17.2402 2 1 1 0x0 0.5277 0.8739 0.53 0.87 -0.0022 0.0000 0.1000 0.1000 0.4847 -0.2066 -0.173091 -0.711570 12.28 
17.2501 2 1 1 0x0 0.6028 0.9490 0.60 0.95 -0.0022 0.0000 0.1000 0.1000 0.4847 -0.2066 -0.173091 -0.711531 12.28 
17.2601 2 1 1 0x0 0.6397 0.9859 0.64 0.99 -0.0022 0.0000 0.1000 0.1000 0.4847 -0.2066 -0.173091 -0.711386 12.28 
17.2701 2 1 1 0x0 0.5690 0.9098 0.57 0.91 -0.0022 0.0000 0.1000 0.1000 0.4849 -0.2066 -0.170386 -0.711318 12.28 
17.2801 2 1 1 0x0 0.6352 0.9760 0.64 0.98 -0.0022 0.0000 0.1000 0.1000 0.4849 -0.2066 -0.170386 -0.711000 12.28 
17.2901 2 1 1 0x0 0.4847 0.8201 0.48 0.82 -0.0022 0.0153 0.1000 0.0162 0.4851 -0.2067 -0.167682 -0.710887 12.29 
17.3001 2 1 1 0x0 0.6142 0.9495 0.61 0.95 -0.0022 0.0153 0.1000 0.0262 0.4851 -0.2067 -0.167682 -0.710668 12.28 
17.3101 2 1 1 0x0 0.6644 0.9997 0.66 1.00 -0.0022 0.0153 0.1000 0.0362 0.4851 -0.2067 -0.167682 -0.710584 12.28 
17.3201 2 1 1 0x0 0.6919 1.0273 0.69 1.03 -0.0022 0.0123 0.1000 0.0462 0.4851 -0.2067 -0.167682 -0.710723 12.29 
17.3301 2 1 1 0x0 0.7130 1.0484 0.71 1.05 -0.0022 0.0095 0.1000 0.0562 0.4851 -0.2067 -0.167682 -0.710665 12.28 
17.3401 2 1 1 0x0 0.7321 1.0675 0.73 1.07 -0.0022 0.0077 0.1000 0.0662 0.4851 -0.2067 -0.167682 -0.710574 12.28 
17.3501 2 1 1 0x0 0.7506 1.0860 0.75 1.09 -0.0022 0.0065 0.1000 0.0762 0.4851 -0.2067 -0.167682 -0.710431 12.28 
17.3601 2 1 1 0x0 0.7690 1.1044 0.77 1.10 -0.0022 0.0056 0.1000 0.0862 0.4851 -0.2067 -0.167682 -0.710341 12.28 
17.3701 2 1 1 0x0 0.7875 1.1228 0.79 1.12 -0.0022 0.0049 0.1000 0.0962 0.4851 -0.2067 -0.167682 -0.710523 12.28 
17.3801 2 1 1 0x0 0.8059 1.1412 0.81 1.14 -0.0022 0.0044 0.1000 0.1000 0.4851 -0.2067 -0.167682 -0.710891 12.27 
17.3901 2 1 1 0x0 0.6736 1.0036 0.67 1.00 -0.0022 0.0041 0.1000 0.0536 0.4853 -0.2067 -0.164977 -0.711206 12.27 
17.4001 2 1 1 0x0 0.7740 1.1040 0.77 1.10 -0.0022 0.0041 0.1000 0.0636 0.4853 -0.2067 -0.164977 -0.710933 12.28 
17.4101 2 1 1 0x0 0.8146 1.1446 0.81 1.14 -0.0020 0.0041 0.1000 0.0736 0.4853 -0.2067 -0.164977 -0.710785 12.28 
17.4201 2 1 1 0x0 0.8382 1.1682 0.84 1.17 -0.0000 0.0041 0.1000 0.0836 0.4853 -0.2067 -0.164977 -0.710660 12.28 
17.4300 2 1 1 0x0 0.7317 1.0562 0.73 1.06 -0.0000 0.0109 0.1000 0.0256 0.4855 -0.2067 -0.162273 -0.710650 12.28 
17.4400 2 1 1 0x0 0.9324 1.2515 0.93 1.25 -0.0018 0.0109 0.1000 0.0356 0.4853 -0.2067 -0.159568 -0.710577 12.28 
17.4500 2 1 1 0x0 0.9105 1.2296 0.91 1.23 -0.0018 0.0109 0.1000 0.0456 0.4853 -0.2067 -0.159568 -0.711856 12.27 
17.4600 2 1 1 0x0 0.9163 1.2354 0.92 1.24 -0.0018 0.0109 0.1000 0.0556 0.4853 -0.2067 -0.159568 -0.712749 12.27 
17.4700 2 1 1 0x0 0.7037 1.0175 0.70 1.02 -0.0018 0.0088 0.1000 0.0239 0.4855 -0.2067 -0.156864 -0.713177 12.28 
17.4800 2 1 1 0x0 0.8556 1.1694 0.86 1.17 -0.0018 0.0088 0.1000 0.0339 0.4855 -0.2067 -0.156864 -0.713327 12.27 
17.4900 2 1 1 0x0 0.9099 1.2236 0.91 1.22 -0.0018 0.0088 0.1000 0.0439 0.4855 -0.2067 -0.156864 -0.713415 12.27 
17.5000 2 1 1 0x0 0.9361 1.2498 0.94 1.25 -0.0018 0.0088 0.1000 0.0539 0.4855 -0.2067 -0.156864 -0.713805 12.28 
17.5100 2 1 1 0x0 1.0466 1.3495 1.05 1.35 -0.0054 0.0129 0.0397 0.0252 0.4855 -0.2067 -0.151455 -0.714217 12.27 
17.5200 2 1 1 0x0 0.9997 1.3026 1.00 1.30 -0.0054 0.0129 0.0497 0.0352 0.4855 -0.2067 -0.151455 -0.714112 12.27 
17.5300 2 1 1 0x0 0.9971 1.3001 1.00 1.30 -0.0054 0.0129 0.0597 0.0452 0.4855 -0.2067 -0.151455 -0.713694 12.27 
17.5400 2 1 1 0x0 1.0071 1.3100 1.01 1.31 -0.0054 0.0103 0.0697 0.0552 0.4855 -0.2067 -0.151455 -0.713477 12.28 
17.5500 2 1 1 0x0 1.0207 1.3236 1.02 1.32 -0.0054 0.0082 0.0797 0.0652 0.4855 -0.2067 -0.151455 -0.713555 12.28 
17.5600 2 1 1 0x0 1.0354 1.3383 1.04 1.34 -0.0054 0.0068 0.0897 0.0752 0.4855 -0.2067 -0.151455 -0.713633 12.27 
17.5700 2 1 1 0x0 1.0505 1.3534 1.05 1.35 -0.0054 0.0058 0.0997 0.0852 0.4855 -0.2067 -0.151455 -0.713899 12.27 
17.5800 2 1 1 0x0 0.9285 1.2260 0.93 1.23 -0.0054 0.0055 0.1000 0.0425 0.4857 -0.2068 -0.148750 -0.714053 12.27 
17.5900 2 1 1 0x0 1.0157 1.3132 1.02 1.31 -0.0049 0.0055 0.1000 0.0525 0.4857 -0.2068 -0.148750 -0.713914 12.27 
17.6000 2 1 1 0x0 1.0501 1.3476 1.05 1.35 -0.0044 0.0055 0.1000 0.0625 0.4857 -0.2068 -0.148750 -0.714108 12.27 
17.6100 2 1 1 0x0 0.9724 1.2645 0.97 1.26 -0.0040 0.0154 0.1000 0.0224 0.4859 -0.2068 -0.146045 -0.714115 12.27 
17.6199 2 1 1 0x0 1.0305 1.3226 1.03 1.32 -0.0036 0.0154 0.1000 0.0324 0.4859 -0.2068 -0.146045 -0.713300 12.27 
17.6299 2 1 1 0x0 0.8240 1.1215 0.82 1.12 0.0033 0.0139 0.0611 0.0424 0.4861 -0.2068 -0.148750 -0.713110 12.27 
17.6399 2 1 1 0x0 0.9757 1.2732 0.98 1.27 0.0033 0.0103 0.0711 0.0524 0.4861 -0.2068 -0.148750 -0.713879 12.27 
17.6499 2 1 1 0x0 1.0262 1.3237 1.03 1.32 0.0033 0.0082 0.0811 0.0624 0.4861 -0.2068 -0.148750 -0.714097 12.27 
17.6599 2 1 1 0x0 0.9053 1.2082 0.91 1.21 0.0167 0.0068 0.0180 0.0724 0.4863 -0.2069 -0.151455 -0.713569 12.28 
17.6699 2 1 1 0x0 0.9906 1.2935 0.99 1.29 0.0167 0.0059 0.0280 0.0824 0.4863 -0.2069 -0.151455 -0.712796 12.27 
17.6799 2 1 1 0x0 1.0210 1.3239 1.02 1.32 0.0167 0.0051 0.0380 0.0924 0.4863 -0.2069 -0.151455 -0.712360 12.27 
17.6899 2 1 1 0x0 1.0357 1.3386 1.04 1.34 0.0113 0.0045 0.0480 0.1000 0.4863 -0.2069 -0.151455 -0.712654 12.27 
17.6999 2 1 1 0x0 1.0458 1.3487 1.05 1.35 0.0088 0.0041 0.0580 0.1000 0.4863 -0.2069 -0.151455 -0.713092 12.26 
17.7099 2 1 1 0x0 1.0546 1.3575 1.05 1.36 0.0073 0.0037 0.0680 0.1000 0.4863 -0.2069 -0.151455 -0.714097 12.26 
17.7199 2 1 1 0x0 0.8594 1.1569 0.86 1.16 0.0062 0.0034 0.0780 0.0604 0.4865 -0.2069 -0.148750 -0.716365 12.28 
17.7299 2 1 1 0x0 0.8043 1.0963 0.80 1.10 0.0053 0.0437 0.0880 0.0069 0.4867 -0.2069 -0.146045 -0.716688 12.28 
17.7399 2 1 1 0x0 0.7255 1.0122 0.73 1.01 0.0047 0.0344 0.0980 0.0064 0.4869 -0.2070 -0.143341 -0.716219 12.28 
17.7499 2 1 1 0x0 0.7038 0.9850 0.70 0.99 0.0042 0.0428 0.1000 0.0057 0.4871 -0.2070 -0.140636 -0.715354 12.28 
17.7599 2 1 1 0x0 0.8781 1.1594 0.88 1.16 0.0038 0.0428 0.1000 0.0157 0.4871 -0.2070 -0.140636 -0.714947 12.28 
17.7699 2 1 1 0x0 0.8145 1.0903 0.81 1.09 0.0035 0.0309 0.1000 0.0144 0.4873 -0.2070 -0.137932 -0.714775 12.28 
17.7799 2 1 1 0x0 0.6825 0.9529 0.68 0.95 0.0032 0.0250 0.1000 0.0097 0.4875 -0.2070 -0.135227 -0.714210 12.28 
17.7899 2 1 1 0x0 0.8231 1.0935 0.82 1.09 0.0030 0.0250 0.1000 0.0197 0.4875 -0.2070 -0.135227 -0.713543 12.28 
17.7998 2 1 1 0x0 0.8621 1.1325 0.86 1.13 0.0028 0.0188 0.1000 0.0297 0.4875 -0.2070 -0.135227 -0.712775 12.28 
17.8098 2 1 1 0x0 0.8720 1.1424 0.87 1.14 0.0026 0.0128 0.1000 0.0397 0.4875 -0.2070 -0.135227 -0.712022 12.28 
17.8198 2 1 1 0x0 0.8736 1.1441 0.87 1.14 0.0024 0.0097 0.1000 0.0497 0.4875 -0.2070 -0.135227 -0.711440 12.28 
17.8298 2 1 1 0x0 0.8728 1.1433 0.87 1.14 0.0023 0.0079 0.1000 0.0597 0.4875 -0.2070 -0.135227 -0.711090 12.28 
17.8398 2 1 1 0x0 0.8714 1.1418 0.87 1.14 0.0022 0.0066 0.1000 0.0697 0.4875 -0.2070 -0.135227 -0.711263 12.28 
17.8498 2 1 1 0x0 0.8696 1.1401 0.87 1.14 0.0021 0.0057 0.1000 0.0797 0.4875 -0.2070 -0.135227 -0.711499 12.28 
17.8598 2 1 1 0x0 0.8679 1.1384 0.87 1.14 0.0000 0.0050 0.1000 0.0897 0.4875 -0.2070 -0.135227 -0.711858 12.28 
17.8698 2 1 1 0x0 0.8662 1.1366 0.87 1.14 0.0000 0.0044 0.1000 0.0997 0.4875 -0.2070 -0.135227 -0.712132 12.28 
17.8798 2 1 1 0x0 0.8645 1.1349 0.86 1.13 0.0000 0.0040 0.1000 0.1000 0.4875 -0.2070 -0.135227 -0.712341 12.28 
17.8898 2 1 1 0x0 0.8627 1.1332 0.86 1.13 0.0000 0.0036 0.1000 0.1000 0.4875 -0.2070 -0.135227 -0.712620 12.28 
17.8998 2 1 1 0x0 0.8610 1.1315 0.86 1.13 0.0000 0.0033 0.1000 0.1000 0.4875 -0.2070 -0.135227 -0.713055 12.28 
17.9098 2 1 1 0x0 0.8593 1.1298 0.86 1.13 0.0000 0.0031 0.1000 0.1000 0.4875 -0.2070 -0.135227 -0.713400 12.28 
17.9198 2 1 1 0x0 0.8576 1.1280 0.86 1.13 0.0000 0.0029 0.1000 0.1000 0.4875 -0.2070 -0.135227 -0.713126 12.28 
17.9298 2 1 1 0x0 0.8558 1.1263 0.86 1.13 0.0000 0.0027 0.1000 0.1000 0.4875 -0.2070 -0.135227 -0.712806 12.27 
17.9398 2 1 1 0x0 0.8541 1.1246 0.85 1.12 0.0000 0.0025 0.1000 0.1000 0.4875 -0.2070 -0.135227 -0.712763 12.28 
17.9498 2 1 1 0x0 0.8524 1.1229 0.85 1.12 0.0000 0.0024 0.1000 0.1000 0.4875 -0.2070 -0.135227 -0.712564 12.27 
17.9598 2 1 1 0x0 0.8507 1.1211 0.85 1.12 0.0000 0.0022 0.1000 0.1000 0.4875 -0.2070 -0.135227 -0.712240 12.28 
17.9698 2 1 1 0x0 0.8490 1.1194 0.85 1.12 0.0000 0.0021 0.1000 0.1000 0.4875 -0.2070 -0.135227 -0.712070 12.29 
17.9797 2 1 1 0x0 0.8472 1.1177 0.85 1.12 0.0000 0.0000 0.1000 0.1000 0.4875 -0.2070 -0.135227 -0.712140 12.29 
17.9897 2 1 1 0x0 0.8455 1.1160 0.85 1.12 0.0000 0.0000 0.1000 0.1000 0.4875 -0.2070 -0.135227 -0.712016 12.28 
17.9997 2 1 1 0x0 0.8438 1.1142 0.84 1.11 0.0000 0.0000 0.1000 0.1000 0.4875 -0.2070 -0.135227 -0.711743 12.29 
18.0097 2 1 1 0x0 0.8421 1.1125 0.84 1.11 0.0000 0.0000 0.1000 0.1000 0.4875 -0.2070 -0.135227 -0.711506 12.28 
18.0197 2 1 1 0x0 0.8403 1.1108 0.84 1.11 0.0000 0.0000 0.1000 0.1000 0.4875 -0.2070 -0.135227 -0.711405 12.28 
18.0297 2 1 1 0x0 0.7334 0.9984 0.73 1.00 0.0000 0.0017 0.1000 0.1000 0.4877 -0.2071 -0.132523 -0.711576 12.28 
18.0397 2 1 1 0x0 0.7807 1.0457 0.78 1.05 0.0000 0.0017 0.1000 0.1000 0.4877 -0.2071 -0.132523 -0.711391 12.28 
18.0497 2 1 1 0x0 0.7917 1.0567 0.79 1.06 0.0000 0.0017 0.1000 0.1000 0.4877 -0.2071 -0.132523 -0.711596 12.29 
18.0597 2 1 1 0x0 0.7924 1.0575 0.79 1.06 0.0000 0.0017 0.1000 0.1000 0.4877 -0.2071 -0.132523 -0.711516 12.28 
18.0697 2 1 1 0x0 0.7902 1.0552 0.79 1.06 0.0000 0.0017 0.1000 0.1000 0.4877 -0.2071 -0.132523 -0.711298 12.28 
18.0797 2 1 1 0x0 0.7871 1.0522 0.79 1.05 0.0000 0.0017 0.1000 0.1000 0.4877 -0.2071 -0.132523 -0.710966 12.28 
18.0897 2 1 1 0x0 0.7837 1.0488 0.78 1.05 0.0000 0.0017 0.1000 0.1000 0.4877 -0.2071 -0.132523 -0.710826 12.28 
18.0997 2 1 1 0x0 0.7803 1.0454 0.78 1.05 0.0000 0.0017 0.1000 0.1000 0.4877 -0.2071 -0.132523 -0.711107 12.29 
18.1097 2 1 1 0x0 0.5932 0.8529 0.59 0.85 0.0000 0.0047 0.1000 0.0456 0.4879 -0.2071 -0.129818 -0.711167 12.28 
18.1197 2 1 1 0x0 0.6956 0.9553 0.70 0.96 0.0000 0.0047 0.1000 0.0556 0.4879 -0.2071 -0.129818 -0.710848 12.29 
18.1297 2 1 1 0x0 0.7213 0.9809 0.72 0.98 0.0000 0.0047 0.1000 0.0656 0.4879 -0.2071 -0.129818 -0.710653 12.28 
18.1397 2 1 1 0x0 0.7249 0.9845 0.72 0.98 0.0000 0.0047 0.1000 0.0756 0.4879 -0.2071 -0.129818 -0.710868 12.29 
18.1497 2 1 1 0x0 0.7223 0.9819 0.72 0.98 0.0000 0.0047 0.1000 0.0856 0.4879 -0.2071 -0.129818 -0.710935 12.28 
18.1596 2 1 1 0x0 0.7179 0.9776 0.72 0.98 0.0000 0.0047 0.1000 0.0956 0.4879 -0.2071 -0.129818 -0.710926 12.30 
18.1696 2 1 1 0x0 0.7130 0.9726 0.71 0.97 0.0000 0.0047 0.1000 0.1000 0.4879 -0.2071 -0.129818 -0.710830 12.29 
18.1796 2 1 1 0x0 0.7079 0.9675 0.71 0.97 0.0000 0.0047 0.1000 0.1000 0.4879 -0.2071 -0.129818 -0.710771 12.29 
18.1896 2 1 1 0x0 0.7028 0.9624 0.70 0.96 0.0000 0.0047 0.1000 0.1000 0.4879 -0.2071 -0.129818 -0.710849 12.28 
18.1996 2 1 1 0x0 0.6977 0.9573 0.70 0.96 0.0000 0.0044 0.1000 0.1000 0.4879 -0.2071 -0.129818 -0.710902 12.29 
18.2096 2 1 1 0x0 0.6926 0.9522 0.69 0.95 0.0000 0.0040 0.1000 0.1000 0.4879 -0.2071 -0.129818 -0.710881 12.29 
18.2196 2 1 1 0x0 0.6875 0.9471 0.69 0.95 0.0000 0.0036 0.1000 0.1000 0.4879 -0.2071 -0.129818 -0.710857 12.29 
18.2296 2 1 1 0x0 0.6824 0.9420 0.68 0.94 0.0000 0.0033 0.1000 0.1000 0.4879 -0.2071 -0.129818 -0.710833 12.29 
18.2396 2 1 1 0x0 0.6773 0.9369 0.68 0.94 0.0000 0.0031 0.1000 0.1000 0.4879 -0.2071 -0.129818 -0.710822 12.29 
18.2496 2 1 1 0x0 0.6722 0.9318 0.67 0.93 0.0000 0.0029 0.1000 0.1000 0.4879 -0.2071 -0.129818 -0.710854 12.28 
18.2596 2 1 1 0x0 0.6671 0.9267 0.67 0.93 0.0000 0.0027 0.1000 0.1000 0.4879 -0.2071 -0.129818 -0.710871 12.29 
18.2696 2 1 1 0x0 0.6620 0.9216 0.66 0.92 0.0000 0.0025 0.1000 0.1000 0.4879 -0.2071 -0.129818 -0.710894 12.28 
18.2796 2 1 1 0x0 0.6569 0.9165 0.66 0.92 0.0000 0.0024 0.1000 0.1000 0.4879 -0.2071 -0.129818 -0.710937 12.28 
18.2896 2 1 1 0x0 0.6518 0.9114 0.65 0.91 0.0000 0.0022 0.1000 0.1000 0.4879 -0.2071 -0.129818 -0.710958 12.29 
18.2996 2 1 1 0x0 0.6467 0.9063 0.65 0.91 0.0000 0.0021 0.1000 0.1000 0.4879 -0.2071 -0.129818 -0.710967 12.28 
18.3096 2 1 1 0x0 0.6416 0.9012 0.64 0.90 0.0000 0.0000 0.1000 0.1000 0.4879 -0.2071 -0.129818 -0.710953 12.28 
18.3196 2 1 1 0x0 0.6365 0.8961 0.64 0.90 0.0000 0.0000 0.1000 0.1000 0.4879 -0.2071 -0.129818 -0.710955 12.29 
18.3296 2 1 1 0x0 0.6314 0.8910 0.63 0.89 0.0000 0.0000 0.1000 0.1000 0.4879 -0.2071 -0.129818 -0.710947 12.28 
18.3396 2 1 1 0x0 0.6263 0.8859 0.63 0.89 0.0000 0.0000 0.1000 0.1000 0.4879 -0.2071 -0.129818 -0.710928 12.28 
18.3495 2 1 1 0x0 0.6212 0.8808 0.62 0.88 0.0000 0.0000 0.1000 0.1000 0.4879 -0.2071 -0.129818 -0.710926 12.29 
18.3595 2 1 1 0x0 0.6161 0.8757 0.62 0.88 0.0000 0.0000 0.1000 0.1000 0.4879 -0.2071 -0.129818 -0.710909 12.28 
18.3695 2 1 1 0x0 0.6110 0.8706 0.61 0.87 0.0000 0.0000 0.1000 0.1000 0.4879 -0.2071 -0.129818 -0.710873 12.28 
18.3795 2 1 1 0x0 0.6059 0.8655 0.61 0.87 0.0000 0.0000 0.1000 0.1000 0.4879 -0.2071 -0.129818 -0.710828 12.28 
18.3895 2 1 1 0x0 0.6008 0.8604 0.60 0.86 0.0000 0.0000 0.1000 0.1000 0.4879 -0.2071 -0.129818 -0.710800 12.28 
18.3995 2 1 1 0x0 0.5957 0.8553 0.60 0.86 0.0000 0.0000 0.1000 0.1000 0.4879 -0.2071 -0.129818 -0.710803 12.28 
18.4095 2 1 1 0x0 0.5906 0.8502 0.59 0.85 0.0000 0.0000 0.1000 0.1000 0.4879 -0.2071 -0.129818 -0.710832 12.28 
18.4195 2 1 1 0x0 0.5855 0.8451 0.59 0.85 0.0000 0.0000 0.1000 0.1000 0.4879 -0.2071 -0.129818 -0.710851 12.28 
18.4295 2 1 1 0x0 0.5804 0.8400 0.58 0.84 0.0000 0.0000 0.1000 0.1000 0.4879 -0.2071 -0.129818 -0.710892 12.28 
18.4395 2 1 1 0x0 0.5753 0.8349 0.58 0.83 0.0000 0.0000 0.1000 0.1000 0.4879 -0.2071 -0.129818 -0.710925 12.28 
18.4495 2 1 1 0x0 0.5701 0.8298 0.57 0.83 0.0000 0.0000 0.1000 0.1000 0.4879 -0.2071 -0.129818 -0.710961 12.28 
18.4595 2 1 1 0x0 0.5650 0.8247 0.57 0.82 0.0000 0.0000 0.1000 0.1000 0.4879 -0.2071 -0.129818 -0.710978 12.28 
18.4695 2 1 1 0x0 0.5599 0.8196 0.56 0.82 0.0000 0.0000 0.1000 0.1000 0.4879 -0.2071 -0.129818 -0.710984 12.28 
18.4795 2 1 1 0x0 0.5548 0.8145 0.55 0.81 0.0000 0.0000 0.1000 0.1000 0.4879 -0.2071 -0.129818 -0.711013 12.28 
18.4895 2 1 1 0x0 0.5497 0.8094 0.55 0.81 0.0000 0.0000 0.1000 0.1000 0.4879 -0.2071 -0.129818 -0.711061 12.28 
18.4995 2 1 1 0x0 0.5446 0.8043 0.54 0.80 0.0000 0.0000 0.1000 0.1000 0.4879 -0.2071 -0.129818 -0.711088 12.29 
18.5095 2 1 1 0x0 0.5395 0.7992 0.54 0.80 0.0000 0.0000 0.1000 0.1000 0.4879 -0.2071 -0.129818 -0.711088 12.28 
18.5195 2 1 1 0x0 0.5344 0.7941 0.53 0.79 0.0000 0.0000 0.1000 0.1000 0.4879 -0.2071 -0.129818 -0.711089 12.28 
18.5294 2 1 1 0x0 0.5293 0.7890 0.53 0.79 0.0000 0.0000 0.1000 0.1000 0.4879 -0.2071 -0.129818 -0.711058 12.28 
18.5394 2 1 1 0x0 0.5242 0.7839 0.52 0.78 0.0000 0.0000 0.1000 0.1000 0.4879 -0.2071 -0.129818 -0.711028 12.29 
18.5494 2 1 1 0x0 0.5191 0.7788 0.52 0.78 0.0000 0.0000 0.1000 0.1000 0.4879 -0.2071 -0.129818 -0.711012 12.28 
18.5594 2 1 1 0x0 0.5140 0.7737 0.51 0.77 0.0000 0.0000 0.1000 0.1000 0.4879 -0.2071 -0.129818 -0.711003 12.28 
18.5694 2 1 1 0x0 0.5089 0.7686 0.51 0.77 0.0000 0.0000 0.1000 0.1000 0.4879 -0.2071 -0.129818 -0.711004 12.29 
18.5794 2 1 1 0x0 0.5038 0.7635 0.50 0.76 0.0000 0.0000 0.1000 0.1000 0.4879 -0.2071 -0.129818 -0.711000 12.29 
18.5894 2 1 1 0x0 0.4987 0.7584 0.50 0.76 0.0000 0.0000 0.1000 0.1000 0.4879 -0.2071 -0.129818 -0.710989 12.28 
18.5994 2 1 1 0x0 0.4936 0.7533 0.49 0.75 0.0000 0.0000 0.1000 0.1000 0.4879 -0.2071 -0.129818 -0.711018 12.28 
18.6094 2 1 1 0x0 0.4885 0.7482 0.49 0.75 0.0000 0.0000 0.1000 0.1000 0.4879 -0.2071 -0.129818 -0.711031 12.29 
18.6194 2 1 1 0x0 0.4834 0.7431 0.48 0.74 0.0000 0.0000 0.1000 0.1000 0.4879 -0.2071 -0.129818 -0.711054 12.29 
18.6294 2 1 1 0x0 0.4783 0.7380 0.48 0.74 0.0000 0.0000 0.1000 0.1000 0.4879 -0.2071 -0.129818 -0.711094 12.28 
18.6394 2 1 1 0x0 0.4732 0.7329 0.47 0.73 0.0000 0.0000 0.1000 0.1000 0.4879 -0.2071 -0.129818 -0.711097 12.28 
18.6494 2 1 1 0x0 0.4681 0.7278 0.47 0.73 0.0000 0.0000 0.1000 0.1000 0.4879 -0.2071 -0.129818 -0.711119 12.29 
18.6594 2 1 1 0x0 0.4630 0.7227 0.46 0.72 0.0000 0.0000 0.1000 0.1000 0.4879 -0.2071 -0.129818 -0.711162 12.29 
18.6694 2 1 1 0x0 0.4579 0.7176 0.46 0.72 0.0000 0.0000 0.1000 0.1000 0.4879 -0.2071 -0.129818 -0.711179 12.28 
18.6794 2 1 1 0x0 0.4528 0.7125 0.45 0.71 0.0000 0.0000 0.1000 0.1000 0.4879 -0.2071 -0.129818 -0.711196 12.28 
18.6894 2 1 1 0x0 0.4477 0.7074 0.45 0.71 0.0000 0.0000 0.1000 0.1000 0.4879 -0.2071 -0.129818 -0.711194 12.28 
18.6994 2 1 1 0x0 0.4426 0.7023 0.44 0.70 0.0000 0.0000 0.1000 0.1000 0.4879 -0.2071 -0.129818 -0.711183 12.29 
18.7093 2 1 1 0x0 0.4375 0.6972 0.44 0.70 0.0000 0.0000 0.1000 0.1000 0.4879 -0.2071 -0.129818 -0.711170 12.28 
18.7193 2 1 1 0x0 0.4324 0.6921 0.43 0.69 0.0000 0.0000 0.1000 0.1000 0.4879 -0.2071 -0.129818 -0.711199 12.29 
18.7293 2 1 1 0x0 0.4273 0.6870 0.43 0.69 0.0000 0.0000 0.1000 0.1000 0.4879 -0.2071 -0.129818 -0.711182 12.28 
18.7393 2 1 1 0x0 0.4222 0.6819 0.42 0.68 0.0000 0.0000 0.1000 0.1000 0.4879 -0.2071 -0.129818 -0.711186 12.29 
18.7493 2 1 1 0x0 0.4171 0.6768 0.42 0.68 0.0000 0.0000 0.1000 0.1000 0.4879 -0.2071 -0.129818 -0.711181 12.28 
18.7593 2 1 1 0x0 0.4120 0.6717 0.41 0.67 0.0000 0.0000 0.1000 0.1000 0.4879 -0.2071 -0.129818 -0.711171 12.29 
18.7693 2 1 1 0x0 0.4069 0.6666 0.41 0.67 0.0000 0.0000 0.1000 0.1000 0.4879 -0.2071 -0.129818 -0.711169 12.28 
18.7793 2 1 1 0x0 0.4018 0.6615 0.40 0.66 0.0000 0.0000 0.1000 0.1000 0.4879 -0.2071 -0.129818 -0.711189 12.29 
18.7893 2 1 1 0x0 0.3967 0.6564 0.40 0.66 0.0000 0.0000 0.1000 0.1000 0.4879 -0.2071 -0.129818 -0.711203 12.29 
18.7993 2 1 1 0x0 0.3916 0.6513 0.39 0.65 0.0000 0.0000 0.1000 0.1000 0.4879 -0.2071 -0.129818 -0.711238 12.28 
18.8093 2 1 1 0x0 0.3865 0.6462 0.39 0.65 0.0000 0.0000 0.1000 0.1000 0.4879 -0.2071 -0.129818 -0.711273 12.29 
18.8193 2 1 1 0x0 0.3814 0.6411 0.38 0.64 0.0000 0.0000 0.1000 0.1000 0.4879 -0.2071 -0.129818 -0.711264 12.28 
18.8293 2 1 1 0x0 0.3763 0.6359 0.38 0.64 0.0000 0.0000 0.1000 0.1000 0.4879 -0.2071 -0.129818 -0.711286 12.29 
18.8393 2 1 1 0x0 0.3712 0.6308 0.37 0.63 0.0000 0.0000 0.1000 0.1000 0.4879 -0.2071 -0.129818 -0.711319 12.29 
18.8493 2 1 1 0x0 0.3661 0.6257 0.37 0.63 0.0000 0.0000 0.1000 0.1000 0.4879 -0.2071 -0.129818 -0.711345 12.28 
18.8593 2 1 1 0x0 0.3610 0.6206 0.36 0.62 0.0000 0.0000 0.1000 0.1000 0.4879 -0.2071 -0.129818 -0.711339 12.29 
18.8693 2 1 1 0x0 0.3559 0.6155 0.36 0.62 0.0000 0.0000 0.1000 0.1000 0.4879 -0.2071 -0.129818 -0.711357 12.30 
18.8793 2 1 1 0x0 0.3508 0.6104 0.35 0.61 0.0000 0.0000 0.1000 0.1000 0.4879 -0.2071 -0.129818 -0.711371 12.29 
18.8892 2 1 1 0x0 0.3457 0.6053 0.35 0.61 0.0000 0.0000 0.1000 0.1000 0.4879 -0.2071 -0.129818 -0.711350 12.29 
18.8992 2 1 1 0x0 0.3406 0.6002 0.34 0.60 0.0000 0.0000 0.1000 0.1000 0.4879 -0.2071 -0.129818 -0.711333 12.28 
18.9092 2 1 1 0x0 0.3355 0.5951 0.34 0.60 0.0000 0.0000 0.1000 0.1000 0.4879 -0.2071 -0.129818 -0.711324 12.29 
18.9192 2 1 1 0x0 0.3304 0.5900 0.33 0.59 0.0000 0.0000 0.1000 0.1000 0.4879 -0.2071 -0.129818 -0.711311 12.28 
18.9292 2 1 1 0x0 0.3253 0.5849 0.33 0.58 0.0000 0.0000 0.1000 0.1000 0.4879 -0.2071 -0.129818 -0.711324 12.28 
18.9392 2 1 1 0x0 0.3202 0.5798 0.32 0.58 0.0000 0.0000 0.1000 0.1000 0.4879 -0.2071 -0.129818 -0.711338 12.29 
18.9492 2 1 1 0x0 0.3151 0.5747 0.32 0.57 0.0000 0.0000 0.1000 0.1000 0.4879 -0.2071 -0.129818 -0.711362 12.29 
18.9592 2 1 1 0x0 0.3100 0.5696 0.31 0.57 0.0000 0.0000 0.1000 0.1000 0.4879 -0.2071 -0.129818 -0.711351 12.29 
18.9692 2 1 1 0x0 0.3049 0.5645 0.30 0.56 0.0000 0.0000 0.1000 0.1000 0.4879 -0.2071 -0.129818 -0.711366 12.29 
18.9792 2 1 1 0x0 0.2998 0.5594 0.30 0.56 0.0000 0.0000 0.1000 0.1000 0.4879 -0.2071 -0.129818 -0.711358 12.29 
18.9892 2 1 1 0x0 0.2947 0.5543 0.29 0.55 0.0000 0.0000 0.1000 0.1000 0.4879 -0.2071 -0.129818 -0.711359 12.29 
18.9992 2 1 1 0x0 0.2896 0.5492 0.29 0.55 0.0000 0.0000 0.1000 0.1000 0.4879 -0.2071 -0.129818 -0.711348 12.29 
19.0092 2 1 1 0x0 0.2845 0.5441 0.28 0.54 0.0000 0.0000 0.1000 0.1000 0.4879 -0.2071 -0.129818 -0.711341 12.29 
19.0192 2 1 1 0x0 0.2794 0.5390 0.28 0.54 0.0000 0.0000 0.1000 0.1000 0.4879 -0.2071 -0.129818 -0.711359 12.28 
19.0292 2 1 1 0x0 0.2743 0.5339 0.27 0.53 0.0000 0.0000 0.1000 0.1000 0.4879 -0.2071 -0.129818 -0.711368 12.29 
19.0392 2 1 1 0x0 0.2692 0.5288 0.27 0.53 0.0000 0.0000 0.1000 0.1000 0.4879 -0.2071 -0.129818 -0.711338 12.28 
19.0492 2 1 1 0x0 0.2641 0.5237 0.26 0.52 0.0000 0.0000 0.1000 0.1000 0.4879 -0.2071 -0.129818 -0.711332 12.28 
19.0592 2 1 1 0x0 0.2590 0.5186 0.26 0.52 0.0000 0.0000 0.1000 0.1000 0.4879 -0.2071 -0.129818 -0.711321 12.28 
19.0691 2 1 1 0x0 0.2539 0.5135 0.25 0.51 0.0000 0.0000 0.1000 0.1000 0.4879 -0.2071 -0.129818 -0.711319 12.28 
19.0791 2 1 1 0x0 0.2488 0.5084 0.25 0.51 0.0000 0.0000 0.1000 0.1000 0.4879 -0.2071 -0.129818 -0.711280 12.29 
19.0891 2 1 1 0x0 0.2437 0.5033 0.24 0.50 0.0000 0.0000 0.1000 0.1000 0.4879 -0.2071 -0.129818 -0.711258 12.28 
19.0991 2 1 1 0x0 0.2386 0.4982 0.24 0.50 0.0000 0.0000 0.1000 0.1000 0.4879 -0.2071 -0.129818 -0.711236 12.28 
19.1091 2 1 1 0x0 0.2335 0.4931 0.23 0.49 0.0000 0.0000 0.1000 0.1000 0.4879 -0.2071 -0.129818 -0.711215 12.28 
19.1191 2 1 1 0x0 0.2284 0.4880 0.23 0.49 0.0000 0.0000 0.1000 0.1000 0.4879 -0.2071 -0.129818 -0.711236 12.28 
19.1291 2 1 1 0x0 0.2233 0.4829 0.22 0.48 0.0000 0.0000 0.1000 0.1000 0.4879 -0.2071 -0.129818 -0.711229 12.28 
19.1391 2 1 1 0x0 0.2182 0.4778 0.22 0.48 0.0000 0.0000 0.1000 0.1000 0.4879 -0.2071 -0.129818 -0.711236 12.28 
19.1491 2 1 1 0x0 0.2131 0.4727 0.21 0.47 0.0000 0.0000 0.1000 0.1000 0.4879 -0.2071 -0.129818 -0.711225 12.28 
19.1591 2 1 1 0x0 0.2080 0.4676 0.21 0.47 0.0000 0.0000 0.1000 0.1000 0.4879 -0.2071 -0.129818 -0.711241 12.29 
19.1691 2 1 1 0x0 0.2029 0.4625 0.20 0.46 0.0000 0.0000 0.1000 0.1000 0.4879 -0.2071 -0.129818 -0.711253 12.28 
19.1791 2 1 1 0x0 0.1978 0.4574 0.20 0.46 0.0000 0.0000 0.1000 0.1000 0.4879 -0.2071 -0.129818 -0.711282 12.28 
19.1891 2 1 1 0x0 0.1927 0.4523 0.19 0.45 0.0000 0.0000 0.1000 0.1000 0.4879 -0.2071 -0.129818 -0.711303 12.28 
19.1991 2 1 1 0x0 0.1876 0.4472 0.19 0.45 0.0000 0.0000 0.1000 0.1000 0.4879 -0.2071 -0.129818 -0.711338 12.28 
19.2091 2 1 1 0x0 0.1825 0.4421 0.18 0.44 0.0000 0.0000 0.1000 0.1000 0.4879 -0.2071 -0.129818 -0.711353 12.28 
19.2191 2 1 1 0x0 0.1774 0.4370 0.18 0.44 0.0000 0.0000 0.1000 0.1000 0.4879 -0.2071 -0.129818 -0.711338 12.29 
19.2291 2 1 1 0x0 0.1723 0.4319 0.17 0.43 0.0000 0.0000 0.1000 0.1000 0.4879 -0.2071 -0.129818 -0.711353 12.27 
19.2391 2 1 1 0x0 0.1672 0.4268 0.17 0.43 0.0000 0.0000 0.1000 0.1000 0.4879 -0.2071 -0.129818 -0.711345 12.28 
19.2491 2 1 1 0x0 0.1621 0.4217 0.16 0.42 0.0000 0.0000 0.1000 0.1000 0.4879 -0.2071 -0.129818 -0.711359 12.28 
19.2590 2 1 1 0x0 0.1570 0.4166 0.16 0.42 0.0000 0.0000 0.1000 0.1000 0.4879 -0.2071 -0.129818 -0.711364 12.28 
19.2690 2 1 1 0x0 0.1519 0.4115 0.15 0.41 0.0000 0.0000 0.1000 0.1000 0.4879 -0.2071 -0.129818 -0.711349 12.28 
19.2790 2 1 1 0x0 0.1468 0.4064 0.15 0.41 0.0000 0.0000 0.1000 0.1000 0.4879 -0.2071 -0.129818 -0.711339 12.29 
19.2890 2 1 1 0x0 0.1417 0.4013 0.14 0.40 0.0000 0.0000 0.1000 0.1000 0.4879 -0.2071 -0.129818 -0.711312 12.28 
19.2990 2 1 1 0x0 0.1366 0.3962 0.14 0.40 0.0000 0.0000 0.1000 0.1000 0.4879 -0.2071 -0.129818 -0.711298 12.28 
19.3090 2 1 1 0x0 0.1315 0.3911 0.13 0.39 0.0000 0.0000 0.1000 0.1000 0.4879 -0.2071 -0.129818 -0.711301 12.28 
19.3190 2 1 1 0x0 0.1264 0.3860 0.13 0.39 0.0000 0.0000 0.1000 0.1000 0.4879 -0.2071 -0.129818 -0.711282 12.28 
19.3290 2 1 1 0x0 0.1213 0.3809 0.12 0.38 0.0000 0.0000 0.1000 0.1000 0.4879 -0.2071 -0.129818 -0.711316 12.28 
19.3390 2 1 1 0x0 0.1162 0.3758 0.12 0.38 0.0000 0.0000 0.1000 0.1000 0.4879 -0.2071 -0.129818 -0.711336 12.28 
19.3490 2 1 1 0x0 0.1111 0.3707 0.11 0.37 0.0000 0.0000 0.1000 0.1000 0.4879 -0.2071 -0.129818 -0.711333 12.28 
19.3590 2 1 1 0x0 0.1060 0.3656 0.11 0.37 0.0000 0.0000 0.1000 0.1000 0.4879 -0.2071 -0.129818 -0.711370 12.28 
19.3690 2 1 1 0x0 0.1009 0.3605 0.10 0.36 0.0000 0.0000 0.1000 0.1000 0.4879 -0.2071 -0.129818 -0.711397 12.29 
19.3790 2 1 1 0x0 0.0958 0.3554 0.10 0.36 0.0000 0.0000 0.1000 0.1000 0.4879 -0.2071 -0.129818 -0.711430 12.28 
19.3890 2 1 1 0x0 0.0907 0.3503 0.09 0.35 0.0000 0.0000 0.1000 0.1000 0.4879 -0.2071 -0.129818 -0.711434 12.28 
19.3990 2 1 1 0x0 0.0856 0.3452 0.09 0.35 0.0000 0.0000 0.1000 0.1000 0.4879 -0.2071 -0.129818 -0.711466 12.29 
19.4090 2 1 1 0x0 0.0805 0.3401 0.08 0.34 0.0000 0.0000 0.1000 0.1000 0.4879 -0.2071 -0.129818 -0.711487 12.28 
19.4190 2 1 1 0x0 0.0754 0.3350 0.08 0.33 0.0000 0.0000 0.1000 0.1000 0.4879 -0.2071 -0.129818 -0.711482 12.28 
19.4290 2 1 1 0x0 0.0703 0.3299 0.07 0.33 0.0000 0.0000 0.1000 0.1000 0.4879 -0.2071 -0.129818 -0.711457 12.28 
19.4389 2 1 1 0x0 0.0652 0.3248 0.07 0.32 0.0000 0.0000 0.1000 0.1000 0.4879 -0.2071 -0.129818 -0.711436 12.28 
19.4489 2 1 1 0x0 0.0601 0.3197 0.06 0.32 0.0000 0.0000 0.1000 0.1000 0.4879 -0.2071 -0.129818 -0.711398 12.28 
19.4589 2 1 1 0x0 0.0550 0.3146 0.05 0.31 0.0000 0.0000 0.1000 0.1000 0.4879 -0.2071 -0.129818 -0.711382 12.28 
19.4689 2 1 1 0x0 0.0499 0.3095 0.05 0.31 0.0000 0.0000 0.1000 0.1000 0.4879 -0.2071 -0.129818 -0.711385 12.28 
19.4789 2 1 1 0x0 0.0448 0.3044 0.04 0.30 0.0000 0.0000 0.1000 0.1000 0.4879 -0.2071 -0.129818 -0.711396 12.28 
19.4889 2 1 1 0x0 0.0396 0.2993 0.04 0.30 0.0000 0.0000 0.1000 0.1000 0.4879 -0.2071 -0.129818 -0.711384 12.29 
19.4989 2 1 1 0x0 0.0345 0.2942 0.03 0.29 0.0000 0.0000 0.1000 0.1000 0.4879 -0.2071 -0.129818 -0.711374 12.28 
19.5089 2 1 1 0x0 0.0294 0.2891 0.03 0.29 0.0000 0.0000 0.1000 0.1000 0.4879 -0.2071 -0.129818 -0.711362 12.28 
19.5189 2 1 1 0x0 0.0243 0.2840 0.02 0.28 0.0000 0.0000 0.1000 0.1000 0.4879 -0.2071 -0.129818 -0.711350 12.28 
19.5289 2 1 1 0x0 0.0192 0.2789 0.02 0.28 0.0000 0.0000 0.1000 0.1000 0.4879 -0.2071 -0.129818 -0.711381 12.28 
19.5389 2 1 1 0x0 0.0141 0.2738 0.01 0.27 0.0000 0.0000 0.1000 0.1000 0.4879 -0.2071 -0.129818 -0.711411 12.28 
19.5489 2 1 1 0x0 0.0090 0.2687 0.01 0.27 0.0000 0.0000 0.1000 0.1000 0.4879 -0.2071 -0.129818 -0.711447 12.29 
19.5589 2 1 1 0x0 0.0039 0.2636 0.00 0.26 0.0000 0.0000 0.1000 0.1000 0.4879 -0.2071 -0.129818 -0.711430 12.28 
19.5689 2 1 1 0x0 -0.0012 0.2585 -0.00 0.26 0.0000 0.0000 0.1000 0.1000 0.4879 -0.2071 -0.129818 -0.711418 12.29 
19.5789 2 1 1 0x0 -0.0063 0.2534 -0.01 0.25 0.0000 0.0000 0.1000 0.1000 0.4879 -0.2071 -0.129818 -0.711419 12.29 
19.5889 2 1 1 0x0 -0.0114 0.2483 -0.01 0.25 0.0000 0.0000 0.1000 0.1000 0.4879 -0.2071 -0.129818 -0.711413 12.29 
19.5989 2 1 1 0x0 -0.0165 0.2432 -0.02 0.24 0.0000 0.0000 0.1000 0.1000 0.4879 -0.2071 -0.129818 -0.711412 12.28 
19.6089 2 1 1 0x0 -0.0216 0.2381 -0.02 0.24 0.0000 0.0000 0.1000 0.1000 0.4879 -0.2071 -0.129818 -0.711394 12.28 
19.6188 2 1 1 0x0 -0.0267 0.2330 -0.03 0.23 0.0000 0.0000 0.1000 0.1000 0.4879 -0.2071 -0.129818 -0.711420 12.28 
19.6288 2 1 1 0x0 -0.0318 0.2279 -0.03 0.23 0.0000 0.0000 0.1000 0.1000 0.4879 -0.2071 -0.129818 -0.711462 12.28 
19.6388 2 1 1 0x0 -0.0369 0.2228 -0.04 0.22 0.0000 0.0000 0.1000 0.1000 0.4879 -0.2071 -0.129818 -0.711496 12.28 
19.6488 2 1 1 0x0 -0.0420 0.2177 -0.04 0.22 0.0000 0.0000 0.1000 0.1000 0.4879 -0.2071 -0.129818 -0.711487 12.28 
19.6588 2 1 1 0x0 -0.0471 0.2126 -0.05 0.21 0.0000 0.0000 0.1000 0.1000 0.4879 -0.2071 -0.129818 -0.711493 12.28 
19.6688 2 1 1 0x0 -0.0522 0.2075 -0.05 0.21 0.0000 0.0000 0.1000 0.1000 0.4879 -0.2071 -0.129818 -0.711480 12.28 
19.6788 2 1 1 0x0 -0.0573 0.2024 -0.06 0.20 0.0000 0.0000 0.1000 0.1000 0.4879 -0.2071 -0.129818 -0.711509 12.28 
19.6888 2 1 1 0x0 -0.0624 0.1973 -0.06 0.20 0.0000 0.0000 0.1000 0.1000 0.4879 -0.2071 -0.129818 -0.711561 12.28 
19.6988 2 1 1 0x0 -0.0675 0.1922 -0.07 0.19 0.0000 0.0000 0.1000 0.1000 0.4879 -0.2071 -0.129818 -0.711535 12.28 
19.7088 2 1 1 0x0 -0.0726 0.1871 -0.07 0.19 0.0000 0.0000 0.1000 0.1000 0.4879 -0.2071 -0.129818 -0.711497 12.28 
19.7188 2 1 1 0x0 -0.0777 0.1820 -0.08 0.18 0.0000 0.0000 0.1000 0.1000 0.4879 -0.2071 -0.129818 -0.711464 12.29 
19.7288 2 1 1 0x0 -0.0828 0.1769 -0.08 0.18 0.0000 0.0000 0.1000 0.1000 0.4879 -0.2071 -0.129818 -0.711491 12.28 
19.7388 2 1 1 0x0 -0.0879 0.1718 -0.09 0.17 0.0000 0.0000 0.1000 0.1000 0.4879 -0.2071 -0.129818 -0.711549 12.28 
19.7488 2 1 1 0x0 -0.0930 0.1667 -0.09 0.17 0.0000 0.0000 0.1000 0.1000 0.4879 -0.2071 -0.129818 -0.711577 12.28 
19.7588 2 1 1 0x0 -0.0981 0.1616 -0.10 0.16 0.0000 0.0000 0.1000 0.1000 0.4879 -0.2071 -0.129818 -0.711584 12.28 
19.7688 2 1 1 0x0 -0.1032 0.1565 -0.10 0.16 0.0000 0.0000 0.1000 0.1000 0.4879 -0.2071 -0.129818 -0.711557 12.28 
19.7788 2 1 1 0x0 -0.1083 0.1514 -0.11 0.15 0.0000 0.0000 0.1000 0.1000 0.4879 -0.2071 -0.129818 -0.711582 12.28 
19.7888 2 1 1 0x0 -0.1134 0.1463 -0.11 0.15 0.0000 0.0000 0.1000 0.1000 0.4879 -0.2071 -0.129818 -0.711614 12.28 
19.7987 2 1 1 0x0 -0.1185 0.1412 -0.12 0.14 0.0000 0.0000 0.1000 0.1000 0.4879 -0.2071 -0.129818 -0.711643 12.28 
19.8087 2 1 1 0x0 -0.1236 0.1361 -0.12 0.14 0.0000 0.0000 0.1000 0.1000 0.4879 -0.2071 -0.129818 -0.711656 12.28 
19.8187 2 1 1 0x0 -0.1287 0.1310 -0.13 0.13 0.0000 0.0000 0.1000 0.1000 0.4879 -0.2071 -0.129818 -0.711626 12.29 
19.8287 2 1 1 0x0 -0.1338 0.1259 -0.13 0.13 0.0000 0.0000 0.1000 0.1000 0.4879 -0.2071 -0.129818 -0.711615 12.27 
19.8387 2 1 1 0x0 -0.1389 0.1208 -0.14 0.12 0.0000 0.0000 0.1000 0.1000 0.4879 -0.2071 -0.129818 -0.711619 12.28 
19.8487 2 1 1 0x0 -0.1440 0.1157 -0.14 0.12 0.0000 0.0000 0.1000 0.1000 0.4879 -0.2071 -0.129818 -0.711646 12.27 
19.8587 2 1 1 0x0 -0.1491 0.1106 -0.15 0.11 0.0000 0.0000 0.1000 0.1000 0.4879 -0.2071 -0.129818 -0.711657 12.28 
19.8687 2 1 1 0x0 -0.1542 0.1055 -0.15 0.11 0.0000 0.0000 0.1000 0.1000 0.4879 -0.2071 -0.129818 -0.711687 12.28 
19.8787 2 1 1 0x0 -0.1593 0.1004 -0.16 0.10 0.0000 0.0000 0.1000 0.1000 0.4879 -0.2071 -0.129818 -0.711706 12.28 
19.8887 2 1 1 0x0 -0.1644 0.0953 -0.16 0.10 0.0000 0.0000 0.1000 0.1000 0.4879 -0.2071 -0.129818 -0.711658 12.28 
19.8987 2 1 1 0x0 -0.1695 0.0902 -0.17 0.09 0.0000 0.0000 0.1000 0.1000 0.4879 -0.2071 -0.129818 -0.711599 12.28 
19.9087 2 1 1 0x0 -0.1746 0.0851 -0.17 0.09 0.0000 0.0000 0.1000 0.1000 0.4879 -0.2071 -0.129818 -0.711563 12.28 
19.9187 2 1 1 0x0 -0.1797 0.0800 -0.18 0.08 0.0000 0.0000 0.1000 0.1000 0.4879 -0.2071 -0.129818 -0.711579 12.28 
19.9287 2 1 1 0x0 -0.1848 0.0749 -0.18 0.07 0.0000 0.0000 0.1000 0.1000 0.4879 -0.2071 -0.129818 -0.711555 12.29 
19.9387 2 1 1 0x0 -0.1899 0.0698 -0.19 0.07 0.0000 0.0000 0.1000 0.1000 0.4879 -0.2071 -0.129818 -0.711521 12.28 
19.9487 2 1 1 0x0 -0.1950 0.0647 -0.19 0.06 0.0000 0.0000 0.1000 0.1000 0.4879 -0.2071 -0.129818 -0.711503 12.28 
19.9587 2 1 1 0x0 -0.2001 0.0596 -0.20 0.06 0.0000 0.0000 0.1000 0.1000 0.4879 -0.2071 -0.129818 -0.711510 12.28 
19.9687 2 1 1 0x0 -0.2052 0.0545 -0.21 0.05 0.0000 0.0000 0.1000 0.1000 0.4879 -0.2071 -0.129818 -0.711478 12.29 
19.9786 2 1 1 0x0 -0.2103 0.0493 -0.21 0.05 0.0000 0.0000 0.1000 0.1000 0.4879 -0.2071 -0.129818 -0.711426 12.28 
19.9886 2 1 1 0x0 -0.2154 0.0442 -0.22 0.04 0.0000 0.0000 0.1000 0.1000 0.4879 -0.2071 -0.129818 -0.711456 12.29 
19.9986 2 1 1 0x0 -0.2205 0.0391 -0.22 0.04 0.0000 0.0000 0.1000 0.1000 0.4879 -0.2071 -0.129818 -0.711482 12.29 
20.0086 2 1 1 0x0 -0.2256 0.0340 -0.23 0.03 0.0000 0.0000 0.1000 0.1000 0.4879 -0.2071 -0.129818 -0.711515 12.28 
20.0186 2 1 1 0x0 -0.2307 0.0289 -0.23 0.03 0.0000 0.0000 0.1000 0.1000 0.4879 -0.2071 -0.129818 -0.711552 12.28 
20.0286 2 1 1 0x0 -0.2358 0.0238 -0.24 0.02 0.0000 0.0000 0.1000 0.1000 0.4879 -0.2071 -0.129818 -0.711578 12.28 
20.0386 2 1 1 0x0 -0.2409 0.0187 -0.24 0.02 0.0000 0.0000 0.1000 0.1000 0.4879 -0.2071 -0.129818 -0.711596 12.28 
20.0486 2 1 1 0x0 -0.2460 0.0136 -0.25 0.01 0.0000 0.0000 0.1000 0.1000 0.4879 -0.2071 -0.129818 -0.711631 12.28 
20.0586 2 1 1 0x0 -0.2511 0.0085 -0.25 0.01 0.0000 0.0000 0.1000 0.1000 0.4879 -0.2071 -0.129818 -0.711629 12.28 
20.0686 2 1 1 0x0 -0.2562 0.0034 -0.26 0.00 0.0000 0.0000 0.1000 0.1000 0.4879 -0.2071 -0.129818 -0.711639 12.28 
20.0786 2 1 1 0x0 -0.2613 -0.0017 -0.26 -0.00 0.0000 0.0000 0.1000 0.1000 0.4879 -0.2071 -0.129818 -0.711697 12.28 
20.0886 2 1 1 0x0 -0.2664 -0.0068 -0.27 -0.01 0.0000 0.0000 0.1000 0.1000 0.4879 -0.2071 -0.129818 -0.711724 12.28 
20.0986 2 1 1 0x0 -0.2715 -0.0119 -0.27 -0.01 0.0000 0.0000 0.1000 0.1000 0.4879 -0.2071 -0.129818 -0.711710 12.28 
20.1086 2 1 1 0x0 -0.2766 -0.0170 -0.28 -0.02 0.0000 0.0000 0.1000 0.1000 0.4879 -0.2071 -0.129818 -0.711705 12.28 
20.1186 2 1 1 0x0 -0.2817 -0.0221 -0.28 -0.02 0.0000 0.0000 0.1000 0.1000 0.4879 -0.2071 -0.129818 -0.711657 12.28 
20.1286 2 1 1 0x0 -0.2868 -0.0272 -0.29 -0.03 0.0000 0.0000 0.1000 0.1000 0.4879 -0.2071 -0.129818 -0.711627 12.28 
20.1386 2 1 1 0x0 -0.2919 -0.0323 -0.29 -0.03 0.0000 0.0000 0.1000 0.1000 0.4879 -0.2071 -0.129818 -0.711586 12.28 
20.1486 2 1 1 0x0 -0.2970 -0.0374 -0.30 -0.04 0.0000 0.0000 0.1000 0.1000 0.4879 -0.2071 -0.129818 -0.711572 12.28 
20.1586 2 1 1 0x0 -0.3021 -0.0425 -0.30 -0.04 0.0000 0.0000 0.1000 0.1000 0.4879 -0.2071 -0.129818 -0.711536 12.28 
20.1685 2 1 1 0x0 -0.3072 -0.0476 -0.31 -0.05 0.0000 0.0000 0.1000 0.1000 0.4879 -0.2071 -0.129818 -0.711536 12.28 
20.1785 2 1 1 0x0 -0.3123 -0.0527 -0.31 -0.05 0.0000 0.0000 0.1000 0.1000 0.4879 -0.2071 -0.129818 -0.711509 12.28 
20.1885 2 1 1 0x0 -0.3174 -0.0578 -0.32 -0.06 0.0000 0.0000 0.1000 0.1000 0.4879 -0.2071 -0.129818 -0.711468 12.28 
20.1985 2 1 1 0x0 -0.3225 -0.0629 -0.32 -0.06 0.0000 0.0000 0.1000 0.1000 0.4879 -0.2071 -0.129818 -0.711480 12.28 
20.2085 2 1 1 0x0 -0.3276 -0.0680 -0.33 -0.07 0.0000 0.0000 0.1000 0.1000 0.4879 -0.2071 -0.129818 -0.711480 12.29 
20.2185 2 1 1 0x0 -0.3327 -0.0731 -0.33 -0.07 0.0000 0.0000 0.1000 0.1000 0.4879 -0.2071 -0.129818 -0.711501 12.28 
20.2285 2 1 1 0x0 -0.3378 -0.0782 -0.34 -0.08 0.0000 0.0000 0.1000 0.1000 0.4879 -0.2071 -0.129818 -0.711535 12.28 
20.2385 2 1 1 0x0 -0.3429 -0.0833 -0.34 -0.08 0.0000 0.0000 0.1000 0.1000 0.4879 -0.2071 -0.129818 -0.711547 12.29 
20.2485 2 1 1 0x0 -0.3480 -0.0884 -0.35 -0.09 0.0000 0.0000 0.1000 0.1000 0.4879 -0.2071 -0.129818 -0.711608 12.29 
20.2585 2 1 1 0x0 -0.3531 -0.0935 -0.35 -0.09 0.0000 0.0000 0.1000 0.1000 0.4879 -0.2071 -0.129818 -0.711649 12.28 
20.2685 2 1 1 0x0 -0.3582 -0.0986 -0.36 -0.10 0.0000 0.0000 0.1000 0.1000 0.4879 -0.2071 -0.129818 -0.711665 12.28 
20.2785 2 1 1 0x0 -0.3633 -0.1037 -0.36 -0.10 0.0000 0.0000 0.1000 0.1000 0.4879 -0.2071 -0.129818 -0.711696 12.29 
20.2885 2 1 1 0x0 -0.3684 -0.1088 -0.37 -0.11 0.0000 0.0000 0.1000 0.1000 0.4879 -0.2071 -0.129818 -0.711726 12.28 
20.2985 2 1 1 0x0 -0.3735 -0.1139 -0.37 -0.11 0.0000 0.0000 0.1000 0.1000 0.4879 -0.2071 -0.129818 -0.711721 12.28 
20.3085 2 1 1 0x0 -0.3786 -0.1190 -0.38 -0.12 0.0000 0.0000 0.1000 0.1000 0.4879 -0.2071 -0.129818 -0.711675 12.28 
20.3185 2 1 1 0x0 -0.3837 -0.1241 -0.38 -0.12 0.0000 0.0000 0.1000 0.1000 0.4879 -0.2071 -0.129818 -0.711650 12.29 
20.3285 2 1 1 0x0 -0.3888 -0.1292 -0.39 -0.13 0.0000 0.0000 0.1000 0.1000 0.4879 -0.2071 -0.129818 -0.711629 12.29 
20.3385 2 1 1 0x0 -0.3939 -0.1343 -0.39 -0.13 0.0000 0.0000 0.1000 0.1000 0.4879 -0.2071 -0.129818 -0.711628 12.29 
20.3484 2 1 1 0x0 -0.3990 -0.1394 -0.40 -0.14 0.0000 0.0000 0.1000 0.1000 0.4879 -0.2071 -0.129818 -0.711585 12.28 
20.3584 2 1 1 0x0 -0.4041 -0.1445 -0.40 -0.14 0.0000 0.0000 0.1000 0.1000 0.4879 -0.2071 -0.129818 -0.711552 12.29 
20.3684 2 1 1 0x0 -0.4092 -0.1496 -0.41 -0.15 0.0000 0.0000 0.1000 0.1000 0.4879 -0.2071 -0.129818 -0.711504 12.28 
20.3784 2 1 1 0x0 -0.4143 -0.1547 -0.41 -0.15 0.0000 0.0000 0.1000 0.1000 0.4879 -0.2071 -0.129818 -0.711514 12.28 
20.3884 2 1 1 0x0 -0.4194 -0.1598 -0.42 -0.16 0.0000 0.0000 0.1000 0.1000 0.4879 -0.2071 -0.129818 -0.711522 12.28 
20.3984 2 1 1 0x0 -0.4245 -0.1649 -0.42 -0.16 0.0000 0.0000 0.1000 0.1000 0.4879 -0.2071 -0.129818 -0.711559 12.28 
20.4084 2 1 1 0x0 -0.4296 -0.1700 -0.43 -0.17 0.0000 0.0000 0.1000 0.1000 0.4879 -0.2071 -0.129818 -0.711623 12.28 
20.4184 2 1 1 0x0 -0.4347 -0.1751 -0.43 -0.18 0.0000 0.0000 0.1000 0.1000 0.4879 -0.2071 -0.129818 -0.711644 12.28 
20.4284 2 1 1 0x0 -0.4398 -0.1802 -0.44 -0.18 0.0000 0.0000 0.1000 0.1000 0.4879 -0.2071 -0.129818 -0.711632 12.28 
20.4384 2 1 1 0x0 -0.4449 -0.1853 -0.44 -0.19 0.0000 0.0000 0.1000 0.1000 0.4879 -0.2071 -0.129818 -0.711623 12.28 
20.4484 2 1 1 0x0 -0.4500 -0.1904 -0.45 -0.19 0.0000 0.0000 0.1000 0.1000 0.4879 -0.2071 -0.129818 -0.711652 12.28 
20.4584 2 1 1 0x0 -0.4551 -0.1955 -0.46 -0.20 0.0000 0.0000 0.1000 0.1000 0.4879 -0.2071 -0.129818 -0.711698 12.28 
20.4684 2 1 1 0x0 -0.4602 -0.2006 -0.46 -0.20 0.0000 0.0000 0.1000 0.1000 0.4879 -0.2071 -0.129818 -0.711734 12.28 
20.4784 2 1 1 0x0 -0.4653 -0.2057 -0.47 -0.21 0.0000 0.0000 0.1000 0.1000 0.4879 -0.2071 -0.129818 -0.711731 12.28 
20.4884 2 1 1 0x0 -0.4704 -0.2108 -0.47 -0.21 0.0000 0.0000 0.1000 0.1000 0.4879 -0.2071 -0.129818 -0.711704 12.28 
20.4984 2 1 1 0x0 -0.4755 -0.2159 -0.48 -0.22 0.0000 0.0000 0.1000 0.1000 0.4879 -0.2071 -0.129818 -0.711673 12.30 
20.5084 2 1 1 0x0 -0.4806 -0.2210 -0.48 -0.22 0.0000 0.0000 0.1000 0.1000 0.4879 -0.2071 -0.129818 -0.711678 12.28 
20.5184 2 1 1 0x0 -0.4857 -0.2261 -0.49 -0.23 0.0000 0.0000 0.1000 0.1000 0.4879 -0.2071 -0.129818 -0.711703 12.28 
20.5283 2 1 1 0x0 -0.4908 -0.2312 -0.49 -0.23 0.0000 0.0000 0.1000 0.1000 0.4879 -0.2071 -0.129818 -0.711699 12.28 
20.5383 2 1 1 0x0 -0.4959 -0.2363 -0.50 -0.24 0.0000 0.0000 0.1000 0.1000 0.4879 -0.2071 -0.129818 -0.711670 12.29 
20.5483 2 1 1 0x0 -0.5010 -0.2414 -0.50 -0.24 0.0000 0.0000 0.1000 0.1000 0.4879 -0.2071 -0.129818 -0.711667 12.28 
20.5583 2 1 1 0x0 -0.5061 -0.2465 -0.51 -0.25 0.0000 0.0000 0.1000 0.1000 0.4879 -0.2071 -0.129818 -0.711657 12.30 
20.5683 2 1 1 0x0 -0.5112 -0.2516 -0.51 -0.25 0.0000 0.0000 0.1000 0.1000 0.4879 -0.2071 -0.129818 -0.711658 12.28 
20.5783 2 1 1 0x0 -0.5163 -0.2567 -0.52 -0.26 0.0000 0.0000 0.1000 0.1000 0.4879 -0.2071 -0.129818 -0.711656 12.28 
20.5883 2 1 1 0x0 -0.5214 -0.2618 -0.52 -0.26 0.0000 0.0000 0.1000 0.1000 0.4879 -0.2071 -0.129818 -0.711671 12.29 
20.5983 2 1 1 0x0 -0.5265 -0.2669 -0.53 -0.27 0.0000 0.0000 0.1000 0.1000 0.4879 -0.2071 -0.129818 -0.711724 12.28 
20.6083 2 1 1 0x0 -0.5316 -0.2720 -0.53 -0.27 0.0000 0.0000 0.1000 0.1000 0.4879 -0.2071 -0.129818 -0.711729 12.28 
20.6183 2 1 1 0x0 -0.5367 -0.2771 -0.54 -0.28 0.0000 0.0000 0.1000 0.1000 0.4879 -0.2071 -0.129818 -0.711706 12.29 
20.6283 2 1 1 0x0 -0.5418 -0.2822 -0.54 -0.28 0.0000 0.0000 0.1000 0.1000 0.4879 -0.2071 -0.129818 -0.711716 12.28 
20.6383 2 1 1 0x0 -0.5469 -0.2873 -0.55 -0.29 0.0000 0.0000 0.1000 0.1000 0.4879 -0.2071 -0.129818 -0.711743 12.28 
20.6483 2 1 1 0x0 -0.5520 -0.2924 -0.55 -0.29 0.0000 0.0000 0.1000 0.1000 0.4879 -0.2071 -0.129818 -0.711764 12.28 
20.6583 2 1 1 0x0 -0.5571 -0.2975 -0.56 -0.30 0.0000 0.0000 0.1000 0.1000 0.4879 -0.2071 -0.129818 -0.711761 12.28 
20.6683 2 1 1 0x0 -0.5622 -0.3026 -0.56 -0.30 0.0000 0.0000 0.1000 0.1000 0.4879 -0.2071 -0.129818 -0.711752 12.28 
20.6783 2 1 1 0x0 -0.5673 -0.3077 -0.57 -0.31 0.0000 0.0000 0.1000 0.1000 0.4879 -0.2071 -0.129818 -0.711750 12.28 
20.6883 2 1 1 0x0 -0.5724 -0.3128 -0.57 -0.31 0.0000 0.0000 0.1000 0.1000 0.4879 -0.2071 -0.129818 -0.711777 12.28 
20.6983 2 1 1 0x0 -0.5775 -0.3179 -0.58 -0.32 0.0000 0.0000 0.1000 0.1000 0.4879 -0.2071 -0.129818 -0.711766 12.28 
20.7082 2 1 1 0x0 -0.5826 -0.3230 -0.58 -0.32 0.0000 0.0000 0.1000 0.1000 0.4879 -0.2071 -0.129818 -0.711758 12.28 
20.7182 2 1 1 0x0 -0.5877 -0.3281 -0.59 -0.33 0.0000 0.0000 0.1000 0.1000 0.4879 -0.2071 -0.129818 -0.711769 12.28 
20.7282 2 1 1 0x0 -0.5928 -0.3332 -0.59 -0.33 0.0000 0.0000 0.1000 0.1000 0.4879 -0.2071 -0.129818 -0.711770 12.28 
20.7382 2 1 1 0x0 -0.5979 -0.3383 -0.60 -0.34 0.0000 0.0000 0.1000 0.1000 0.4879 -0.2071 -0.129818 -0.711788 12.28 
20.7482 2 1 1 0x0 -0.6031 -0.3434 -0.60 -0.34 0.0000 0.0000 0.1000 0.1000 0.4879 -0.2071 -0.129818 -0.711758 12.29 
20.7582 2 1 1 0x0 -0.6082 -0.3485 -0.61 -0.35 0.0000 0.0000 0.1000 0.1000 0.4879 -0.2071 -0.129818 -0.711773 12.29 
20.7682 2 1 1 0x0 -0.6133 -0.3536 -0.61 -0.35 0.0000 0.0000 0.1000 0.1000 0.4879 -0.2071 -0.129818 -0.711790 12.28 
20.7782 2 1 1 0x0 -0.6184 -0.3587 -0.62 -0.36 0.0000 0.0000 0.1000 0.1000 0.4879 -0.2071 -0.129818 -0.711797 12.29 
20.7882 2 1 1 0x0 -0.6235 -0.3638 -0.62 -0.36 0.0000 0.0000 0.1000 0.1000 0.4879 -0.2071 -0.129818 -0.711836 12.29 
20.7982 2 1 1 0x0 -0.6286 -0.3689 -0.63 -0.37 0.0000 0.0000 0.1000 0.1000 0.4879 -0.2071 -0.129818 -0.711855 12.28 
20.8082 2 1 1 0x0 -0.6337 -0.3740 -0.63 -0.37 0.0000 0.0000 0.1000 0.1000 0.4879 -0.2071 -0.129818 -0.711891 12.29 
20.8182 2 1 1 0x0 -0.6388 -0.3791 -0.64 -0.38 0.0000 0.0000 0.1000 0.1000 0.4879 -0.2071 -0.129818 -0.711874 12.29 
20.8282 2 1 1 0x0 -0.6439 -0.3842 -0.64 -0.38 0.0000 0.0000 0.1000 0.1000 0.4879 -0.2071 -0.129818 -0.711824 12.29 
20.8382 2 1 1 0x0 -0.6490 -0.3893 -0.65 -0.39 0.0000 0.0000 0.1000 0.1000 0.4879 -0.2071 -0.129818 -0.711786 12.29 
20.8482 2 1 1 0x0 -0.6541 -0.3944 -0.65 -0.39 0.0000 0.0000 0.1000 0.1000 0.4879 -0.2071 -0.129818 -0.711806 12.28 
20.8582 2 1 1 0x0 -0.6592 -0.3995 -0.66 -0.40 0.0000 0.0000 0.1000 0.1000 0.4879 -0.2071 -0.129818 -0.711826 12.28 
20.8682 2 1 1 0x0 -0.6643 -0.4046 -0.66 -0.40 0.0000 0.0000 0.1000 0.1000 0.4879 -0.2071 -0.129818 -0.711798 12.28 
20.8782 2 1 1 0x0 -0.6694 -0.4097 -0.67 -0.41 0.0000 0.0000 0.1000 0.1000 0.4879 -0.2071 -0.129818 -0.711829 12.28 
20.8881 2 1 1 0x0 -0.6745 -0.4148 -0.67 -0.41 0.0000 0.0000 0.1000 0.1000 0.4879 -0.2071 -0.129818 -0.711820 12.28 
20.8981 2 1 1 0x0 -0.6796 -0.4199 -0.68 -0.42 0.0000 0.0000 0.1000 0.1000 0.4879 -0.2071 -0.129818 -0.711809 12.28 
20.9081 2 1 1 0x0 -0.6847 -0.4250 -0.68 -0.43 0.0000 0.0000 0.1000 0.1000 0.4879 -0.2071 -0.129818 -0.711811 12.28 
20.9181 2 1 1 0x0 -0.6898 -0.4301 -0.69 -0.43 0.0000 0.0000 0.1000 0.1000 0.4879 -0.2071 -0.129818 -0.711819 12.28 
20.9281 2 1 1 0x0 -0.6949 -0.4352 -0.69 -0.44 0.0000 0.0000 0.1000 0.1000 0.4879 -0.2071 -0.129818 -0.711840 12.28 
20.9381 2 1 1 0x0 -0.7000 -0.4403 -0.70 -0.44 0.0000 0.0000 0.1000 0.1000 0.4879 -0.2071 -0.129818 -0.711858 12.29 
20.9481 2 1 1 0x0 -0.7051 -0.4454 -0.71 -0.45 0.0000 0.0000 0.1000 0.1000 0.4879 -0.2071 -0.129818 -0.711825 12.28 
20.9581 2 1 1 0x0 -0.7102 -0.4505 -0.71 -0.45 0.0000 0.0000 0.1000 0.1000 0.4879 -0.2071 -0.129818 -0.711829 12.29 
20.9681 2 1 1 0x0 -0.7153 -0.4556 -0.72 -0.46 0.0000 0.0000 0.1000 0.1000 0.4879 -0.2071 -0.129818 -0.711856 12.29 
20.9781 2 1 1 0x0 -0.7204 -0.4607 -0.72 -0.46 0.0000 0.0000 0.1000 0.1000 0.4879 -0.2071 -0.129818 -0.711933 12.29 
20.9881 2 1 1 0x0 -0.7255 -0.4658 -0.73 -0.47 0.0000 0.0000 0.1000 0.1000 0.4879 -0.2071 -0.129818 -0.711951 12.28 
20.9981 2 1 1 0x0 -0.7306 -0.4709 -0.73 -0.47 0.0000 0.0000 0.1000 0.1000 0.4879 -0.2071 -0.129818 -0.711921 12.28 
21.0081 2 1 1 0x0 -0.7357 -0.4760 -0.74 -0.48 0.0000 0.0000 0.1000 0.1000 0.4879 -0.2071 -0.129818 -0.711890 12.29 
21.0181 2 1 1 0x0 -0.7408 -0.4811 -0.74 -0.48 0.0000 0.0000 0.1000 0.1000 0.4879 -0.2071 -0.129818 -0.711831 12.28 
21.0281 2 1 1 0x0 -0.7459 -0.4862 -0.75 -0.49 0.0000 0.0000 0.1000 0.1000 0.4879 -0.2071 -0.129818 -0.711822 12.28 
21.0381 2 1 1 0x0 -0.7510 -0.4913 -0.75 -0.49 0.0000 0.0000 0.1000 0.1000 0.4879 -0.2071 -0.129818 -0.711838 12.28 
21.0481 2 1 1 0x0 -0.7561 -0.4964 -0.76 -0.50 0.0000 0.0000 0.1000 0.1000 0.4879 -0.2071 -0.129818 -0.711863 12.29 
21.0581 2 1 1 0x0 -0.7612 -0.5015 -0.76 -0.50 0.0000 0.0000 0.1000 0.1000 0.4879 -0.2071 -0.129818 -0.711898 12.29 
21.0681 2 1 1 0x0 -0.7663 -0.5066 -0.77 -0.51 0.0000 0.0000 0.1000 0.1000 0.4879 -0.2071 -0.129818 -0.711914 12.28 
21.0780 2 1 1 0x0 -0.7714 -0.5117 -0.77 -0.51 0.0000 0.0000 0.1000 0.1000 0.4879 -0.2071 -0.129818 -0.711928 12.28 
21.0880 2 1 1 0x0 -0.7765 -0.5168 -0.78 -0.52 0.0000 0.0000 0.1000 0.1000 0.4879 -0.2071 -0.129818 -0.711916 12.28 
21.0980 2 1 1 0x0 -0.7816 -0.5219 -0.78 -0.52 0.0000 0.0000 0.1000 0.1000 0.4879 -0.2071 -0.129818 -0.711938 12.29 
21.1080 2 1 1 0x0 -0.7867 -0.5270 -0.79 -0.53 0.0000 0.0000 0.1000 0.1000 0.4879 -0.2071 -0.129818 -0.711948 12.29 
21.1180 2 1 1 0x0 -0.7918 -0.5321 -0.79 -0.53 0.0000 0.0000 0.1000 0.1000 0.4879 -0.2071 -0.129818 -0.711985 12.28 
21.1280 2 1 1 0x0 -0.7969 -0.5373 -0.80 -0.54 0.0000 0.0000 0.1000 0.1000 0.4879 -0.2071 -0.129818 -0.711985 12.28 
21.1380 2 1 1 0x0 -0.8020 -0.5424 -0.80 -0.54 0.0000 0.0000 0.1000 0.1000 0.4879 -0.2071 -0.129818 -0.711959 12.29 
21.1480 2 1 1 0x0 -0.8071 -0.5475 -0.81 -0.55 0.0000 0.0000 0.1000 0.1000 0.4879 -0.2071 -0.129818 -0.711989 12.29 
21.1580 2 1 1 0x0 -0.8122 -0.5526 -0.81 -0.55 0.0000 0.0000 0.1000 0.1000 0.4879 -0.2071 -0.129818 -0.711998 12.29 
21.1680 2 1 1 0x0 -0.8173 -0.5577 -0.82 -0.56 0.0000 0.0000 0.1000 0.1000 0.4879 -0.2071 -0.129818 -0.712002 12.28 
21.1780 2 1 1 0x0 -0.8224 -0.5628 -0.82 -0.56 0.0000 0.0000 0.1000 0.1000 0.4879 -0.2071 -0.129818 -0.711995 12.28 
21.1880 2 1 1 0x0 -0.8275 -0.5679 -0.83 -0.57 0.0000 0.0000 0.1000 0.1000 0.4879 -0.2071 -0.129818 -0.712004 12.28 
21.1980 2 1 1 0x0 -0.8326 -0.5730 -0.83 -0.57 0.0000 0.0000 0.1000 0.1000 0.4879 -0.2071 -0.129818 -0.712007 12.28 
21.2080 2 1 1 0x0 -0.8377 -0.5781 -0.84 -0.58 0.0000 0.0000 0.1000 0.1000 0.4879 -0.2071 -0.129818 -0.711984 12.29 
21.2180 2 1 1 0x0 -0.8428 -0.5832 -0.84 -0.58 0.0000 0.0000 0.1000 0.1000 0.4879 -0.2071 -0.129818 -0.711978 12.28 
21.2280 2 1 1 0x0 -0.8479 -0.5883 -0.85 -0.59 0.0000 0.0000 0.1000 0.1000 0.4879 -0.2071 -0.129818 -0.711939 12.28 
21.2380 2 1 1 0x0 -0.8530 -0.5934 -0.85 -0.59 0.0000 0.0000 0.0000 0.1000 0.4879 -0.2071 -0.129818 -0.711903 12.28 
21.2480 2 1 1 0x0 -0.8581 -0.5985 -0.86 -0.60 0.0000 0.0000 0.0000 0.1000 0.4879 -0.2071 -0.129818 -0.711876 12.28 
21.2579 2 1 1 0x0 -0.8632 -0.6036 -0.86 -0.60 0.0000 0.0000 0.0000 0.1000 0.4879 -0.2071 -0.129818 -0.711859 12.29 
21.2679 2 1 1 0x0 -0.8683 -0.6087 -0.87 -0.61 0.0000 0.0000 0.0000 0.1000 0.4879 -0.2071 -0.129818 -0.711825 12.28 
21.2779 2 1 1 0x0 -0.8734 -0.6138 -0.87 -0.61 0.0000 0.0000 0.0000 0.1000 0.4879 -0.2071 -0.129818 -0.711833 12.29 
21.2879 2 1 1 0x0 -0.8785 -0.6189 -0.88 -0.62 0.0000 0.0000 0.0000 0.1000 0.4879 -0.2071 -0.129818 -0.711870 12.28 
21.2979 2 1 1 0x0 -0.8836 -0.6240 -0.88 -0.62 0.0000 0.0000 0.0000 0.1000 0.4879 -0.2071 -0.129818 -0.711867 12.28 
21.3079 2 1 1 0x0 -0.8887 -0.6291 -0.89 -0.63 0.0000 0.0000 0.0000 0.1000 0.4879 -0.2071 -0.129818 -0.711890 12.28 
21.3179 2 1 1 0x0 -0.7046 -0.4504 -0.70 -0.45 -0.0000 0.0000 0.0000 0.1000 0.4877 -0.2071 -0.127114 -0.711899 12.28 
21.3279 2 1 1 0x0 -0.8152 -0.5610 -0.82 -0.56 -0.0000 0.0000 0.0000 0.1000 0.4877 -0.2071 -0.127114 -0.711923 12.28 
21.3379 2 1 1 0x0 -0.8494 -0.5951 -0.85 -0.60 -0.0000 0.0000 0.0000 0.1000 0.4877 -0.2071 -0.127114 -0.711931 12.28 
21.3479 2 1 1 0x0 -0.8615 -0.6073 -0.86 -0.61 -0.0000 0.0000 0.0000 0.1000 0.4877 -0.2071 -0.127114 -0.711928 12.28 
21.3579 2 1 1 0x0 -0.8674 -0.6132 -0.87 -0.61 -0.0000 0.0000 0.0000 0.1000 0.4877 -0.2071 -0.127114 -0.711932 12.28 
21.3679 2 1 1 0x0 -0.8715 -0.6173 -0.87 -0.62 -0.0000 0.0000 0.0000 0.1000 0.4877 -0.2071 -0.127114 -0.711966 12.28 
21.3779 2 1 1 0x0 -0.8750 -0.6208 -0.88 -0.62 -0.0000 0.0000 0.0000 0.1000 0.4877 -0.2071 -0.127114 -0.711980 12.28 
21.3879 2 1 1 0x0 -0.8784 -0.6242 -0.88 -0.62 -0.0000 0.0000 0.0000 0.1000 0.4877 -0.2071 -0.127114 -0.711942 12.28 
21.3979 2 1 1 0x0 -0.8818 -0.6276 -0.88 -0.63 -0.0000 0.0000 0.0000 0.1000 0.4877 -0.2071 -0.127114 -0.711929 12.28 
21.4079 2 1 1 0x0 -0.8852 -0.6310 -0.89 -0.63 -0.0000 0.0000 0.0000 0.1000 0.4877 -0.2071 -0.127114 -0.711922 12.28 
21.4179 2 1 1 0x0 -0.8886 -0.6343 -0.89 -0.63 -0.0000 0.0000 0.0000 0.1000 0.4877 -0.2071 -0.127114 -0.711890 12.29 
21.4279 2 1 1 0x0 -0.8920 -0.6377 -0.89 -0.64 -0.0000 0.0000 0.0000 0.1000 0.4877 -0.2071 -0.127114 -0.711905 12.28 
21.4378 2 1 1 0x0 -0.8953 -0.6411 -0.90 -0.64 -0.0000 0.0000 0.0000 0.1000 0.4877 -0.2071 -0.127114 -0.711909 12.28 
21.4478 2 1 1 0x0 -0.8987 -0.6445 -0.90 -0.64 -0.0000 0.0000 0.0000 0.1000 0.4877 -0.2071 -0.127114 -0.711907 12.28 
21.4578 2 1 1 0x0 -0.9021 -0.6479 -0.90 -0.65 -0.0000 0.0000 0.0000 0.1000 0.4877 -0.2071 -0.127114 -0.711934 12.29 
21.4678 2 1 1 0x0 -0.7164 -0.4676 -0.72 -0.47 -0.0027 0.0000 0.0776 0.1000 0.4875 -0.2070 -0.124409 -0.711928 12.28 
21.4778 2 1 1 0x0 -0.8256 -0.5767 -0.83 -0.58 -0.0027 0.0000 0.0876 0.1000 0.4875 -0.2070 -0.124409 -0.711940 12.28 
21.4878 2 1 1 0x0 -0.8580 -0.6092 -0.86 -0.61 -0.0027 0.0000 0.0976 0.1000 0.4875 -0.2070 -0.124409 -0.711956 12.29 
21.4978 2 1 1 0x0 -0.8684 -0.6196 -0.87 -0.62 -0.0027 0.0000 0.1000 0.1000 0.4875 -0.2070 -0.124409 -0.711989 12.28 
21.5078 2 1 1 0x0 -0.8726 -0.6238 -0.87 -0.62 -0.0027 0.0000 0.1000 0.1000 0.4875 -0.2070 -0.124409 -0.711992 12.28 
21.5178 2 1 1 0x0 -0.8750 -0.6262 -0.88 -0.63 -0.0027 0.0000 0.1000 0.1000 0.4875 -0.2070 -0.124409 -0.711996 12.28 
21.5278 2 1 1 0x0 -0.8769 -0.6281 -0.88 -0.63 -0.0027 0.0000 0.1000 0.1000 0.4875 -0.2070 -0.124409 -0.711987 12.28 
21.5378 2 1 1 0x0 -0.8786 -0.6298 -0.88 -0.63 -0.0027 0.0000 0.1000 0.1000 0.4875 -0.2070 -0.124409 -0.711983 12.28 
21.5478 2 1 1 0x0 -0.8803 -0.6315 -0.88 -0.63 -0.0027 0.0000 0.1000 0.1000 0.4875 -0.2070 -0.124409 -0.711983 12.28 
21.5578 2 1 1 0x0 -0.8820 -0.6332 -0.88 -0.63 -0.0027 0.0000 0.1000 0.1000 0.4875 -0.2070 -0.124409 -0.711974 12.28 
21.5678 2 1 1 0x0 -0.8837 -0.6349 -0.88 -0.63 -0.0027 0.0000 0.1000 0.1000 0.4875 -0.2070 -0.124409 -0.711985 12.27 
21.5778 2 1 1 0x0 -0.8854 -0.6366 -0.89 -0.64 -0.0027 0.0000 0.1000 0.1000 0.4875 -0.2070 -0.124409 -0.711970 12.28 
21.5878 2 1 1 0x0 -0.8871 -0.6383 -0.89 -0.64 -0.0027 0.0000 0.1000 0.1000 0.4875 -0.2070 -0.124409 -0.711979 12.28 
21.5978 2 1 1 0x0 -0.8888 -0.6400 -0.89 -0.64 -0.0027 0.0000 0.1000 0.1000 0.4875 -0.2070 -0.124409 -0.711988 12.29 
21.6078 2 1 1 0x0 -0.8905 -0.6417 -0.89 -0.64 -0.0027 0.0000 0.1000 0.1000 0.4875 -0.2070 -0.124409 -0.711985 12.29 
21.6177 2 1 1 0x0 -0.8922 -0.6433 -0.89 -0.64 -0.0027 0.0000 0.1000 0.1000 0.4875 -0.2070 -0.124409 -0.711962 12.29 
21.6277 2 1 1 0x0 -0.8939 -0.6450 -0.89 -0.65 -0.0025 0.0000 0.1000 0.1000 0.4875 -0.2070 -0.124409 -0.711925 12.29 
21.6377 2 1 1 0x0 -0.8956 -0.6467 -0.90 -0.65 -0.0024 0.0000 0.1000 0.1000 0.4875 -0.2070 -0.124409 -0.711914 12.28 
21.6477 2 1 1 0x0 -0.8973 -0.6484 -0.90 -0.65 -0.0022 0.0000 0.1000 0.1000 0.4875 -0.2070 -0.124409 -0.711950 12.28 
21.6577 2 1 1 0x0 -0.8990 -0.6501 -0.90 -0.65 -0.0021 0.0000 0.1000 0.1000 0.4875 -0.2070 -0.124409 -0.711999 12.28 
21.6677 2 1 1 0x0 -0.9007 -0.6518 -0.90 -0.65 -0.0000 0.0000 0.1000 0.1000 0.4875 -0.2070 -0.124409 -0.712011 12.28 
21.6777 2 1 1 0x0 -0.9023 -0.6535 -0.90 -0.65 -0.0000 0.0000 0.1000 0.1000 0.4875 -0.2070 -0.124409 -0.712012 12.28 
21.6877 2 1 1 0x0 -0.9040 -0.6552 -0.90 -0.66 -0.0000 0.0000 0.1000 0.0000 0.4875 -0.2070 -0.124409 -0.712012 12.28 
21.6977 2 1 1 0x0 -0.9057 -0.6569 -0.91 -0.66 -0.0000 0.0000 0.1000 0.0000 0.4875 -0.2070 -0.124409 -0.712010 12.30 
21.7077 2 1 1 0x0 -0.9074 -0.6586 -0.91 -0.66 -0.0000 0.0000 0.1000 0.0000 0.4875 -0.2070 -0.124409 -0.712026 12.28 
21.7177 2 1 1 0x0 -0.9091 -0.6603 -0.91 -0.66 -0.0000 0.0000 0.1000 0.0000 0.4875 -0.2070 -0.124409 -0.712035 12.29 
21.7277 2 1 1 0x0 -0.9108 -0.6620 -0.91 -0.66 -0.0000 0.0000 0.1000 0.0000 0.4875 -0.2070 -0.124409 -0.712053 12.28 
21.7377 2 1 1 0x0 -0.9125 -0.6637 -0.91 -0.66 -0.0000 0.0000 0.1000 0.0000 0.4875 -0.2070 -0.124409 -0.712048 12.28 
21.7477 2 1 1 0x0 -0.9142 -0.6654 -0.91 -0.67 -0.0000 0.0000 0.1000 0.0000 0.4875 -0.2070 -0.124409 -0.712017 12.28 
21.7577 2 1 1 0x0 -0.9159 -0.6671 -0.92 -0.67 -0.0000 0.0000 0.1000 0.0000 0.4875 -0.2070 -0.124409 -0.712019 12.28 
21.7677 2 1 1 0x0 -0.9176 -0.6688 -0.92 -0.67 -0.0000 0.0000 0.1000 0.0000 0.4875 -0.2070 -0.124409 -0.711990 12.28 
21.7777 2 1 1 0x0 -0.9193 -0.6705 -0.92 -0.67 -0.0000 0.0000 0.1000 0.0000 0.4875 -0.2070 -0.124409 -0.711953 12.28 
21.7877 2 1 1 0x0 -0.9210 -0.6722 -0.92 -0.67 -0.0000 0.0000 0.1000 0.0000 0.4875 -0.2070 -0.124409 -0.711981 12.28 
21.7976 2 1 1 0x0 -0.9227 -0.6739 -0.92 -0.67 -0.0000 0.0000 0.1000 0.0000 0.4875 -0.2070 -0.124409 -0.712023 12.28 
21.8076 2 1 1 0x0 -0.9244 -0.6756 -0.92 -0.68 -0.0000 0.0000 0.1000 0.0000 0.4875 -0.2070 -0.124409 -0.712009 12.28 
21.8176 2 1 1 0x0 -0.9261 -0.6773 -0.93 -0.68 -0.0000 0.0000 0.1000 0.0000 0.4875 -0.2070 -0.124409 -0.711996 12.29 
21.8276 2 1 1 0x0 -0.9278 -0.6790 -0.93 -0.68 -0.0000 0.0000 0.1000 0.0000 0.4875 -0.2070 -0.124409 -0.711999 12.29 
21.8376 2 1 1 0x0 -0.9295 -0.6807 -0.93 -0.68 -0.0000 0.0000 0.1000 0.0000 0.4875 -0.2070 -0.124409 -0.712039 12.28 
21.8476 2 1 1 0x0 -0.9312 -0.6824 -0.93 -0.68 -0.0000 0.0000 0.1000 0.0000 0.4875 -0.2070 -0.124409 -0.712057 12.28 
21.8576 2 1 1 0x0 -0.9329 -0.6841 -0.93 -0.68 -0.0000 0.0000 0.1000 0.0000 0.4875 -0.2070 -0.124409 -0.712097 12.28 
21.8676 2 1 1 0x0 -0.9346 -0.6858 -0.93 -0.69 -0.0000 0.0000 0.1000 0.0000 0.4875 -0.2070 -0.124409 -0.712148 12.28 
21.8776 2 1 1 0x0 -0.9363 -0.6875 -0.94 -0.69 -0.0000 0.0000 0.1000 0.0000 0.4875 -0.2070 -0.124409 -0.712145 12.29 
21.8876 2 1 1 0x0 -0.9380 -0.6892 -0.94 -0.69 -0.0000 0.0000 0.1000 0.0000 0.4875 -0.2070 -0.124409 -0.712114 12.28 
21.8976 2 1 1 0x0 -0.9397 -0.6908 -0.94 -0.69 -0.0000 0.0000 0.1000 0.0000 0.4875 -0.2070 -0.124409 -0.712087 12.28 
21.9076 2 1 1 0x0 -0.9414 -0.6925 -0.94 -0.69 -0.0000 0.0000 0.1000 0.0000 0.4875 -0.2070 -0.124409 -0.712082 12.28 
21.9176 2 1 1 0x0 -0.9431 -0.6942 -0.94 -0.69 -0.0000 0.0000 0.1000 0.0000 0.4875 -0.2070 -0.124409 -0.712083 12.28 
21.9276 2 1 1 0x0 -0.9448 -0.6959 -0.94 -0.70 -0.0000 0.0000 0.1000 0.0000 0.4875 -0.2070 -0.124409 -0.712084 12.28 
21.9376 2 1 1 0x0 -0.9465 -0.6976 -0.95 -0.70 -0.0000 0.0000 0.1000 0.0000 0.4875 -0.2070 -0.124409 -0.712063 12.28 
21.9476 2 1 1 0x0 -0.9481 -0.6993 -0.95 -0.70 -0.0000 0.0000 0.1000 0.0000 0.4875 -0.2070 -0.124409 -0.712049 12.29 
21.9576 2 1 1 0x0 -0.8302 -0.5868 -0.83 -0.59 -0.0008 0.0000 0.1000 0.0000 0.4873 -0.2070 -0.121705 -0.712062 12.28 
21.9676 2 1 1 0x0 -0.8878 -0.6444 -0.89 -0.64 -0.0008 0.0000 0.1000 0.0000 0.4873 -0.2070 -0.121705 -0.712067 12.28 
21.9776 2 1 1 0x0 -0.9044 -0.6610 -0.90 -0.66 -0.0008 0.0000 0.1000 0.0000 0.4873 -0.2070 -0.121705 -0.712080 12.28 
21.9875 2 1 1 0x0 -0.9092 -0.6657 -0.91 -0.67 -0.0008 0.0000 0.1000 0.0000 0.4873 -0.2070 -0.121705 -0.712028 12.28 
21.9975 2 1 1 0x0 -0.9105 -0.6671 -0.91 -0.67 -0.0008 0.0000 0.1000 0.0000 0.4873 -0.2070 -0.121705 -0.712077 12.28 
22.0075 2 1 1 0x0 -0.9110 -0.6676 -0.91 -0.67 -0.0008 0.0000 0.1000 0.0000 0.4873 -0.2070 -0.121705 -0.712106 12.28 
22.0175 2 1 1 0x0 -0.9110 -0.6676 -0.91 -0.67 -0.0008 0.0000 0.1000 0.0000 0.4873 -0.2070 -0.121705 -0.712093 12.28 
22.0275 2 1 1 0x0 -0.9111 -0.6677 -0.91 -0.67 -0.0008 0.0000 0.1000 0.0000 0.4873 -0.2070 -0.121705 -0.712084 12.28 
22.0375 2 1 1 0x0 -0.9111 -0.6677 -0.91 -0.67 -0.0008 0.0000 0.1000 0.0000 0.4873 -0.2070 -0.121705 -0.712051 12.29 
22.0475 2 1 1 0x0 -0.9112 -0.6677 -0.91 -0.67 -0.0008 0.0000 0.1000 0.0000 0.4873 -0.2070 -0.121705 -0.712060 12.28 
22.0575 2 1 1 0x0 -0.9112 -0.6678 -0.91 -0.67 -0.0008 0.0000 0.1000 0.0000 0.4873 -0.2070 -0.121705 -0.712046 12.28 
22.0675 2 1 1 0x0 -0.9112 -0.6678 -0.91 -0.67 -0.0008 0.0000 0.1000 0.0000 0.4873 -0.2070 -0.121705 -0.711999 12.28 
22.0775 2 1 1 0x0 -0.9113 -0.6679 -0.91 -0.67 -0.0008 0.0000 0.1000 0.0000 0.4873 -0.2070 -0.121705 -0.711975 12.28 
22.0875 2 1 1 0x0 -0.9113 -0.6679 -0.91 -0.67 -0.0008 0.0000 0.1000 0.0000 0.4873 -0.2070 -0.121705 -0.711944 12.28 
22.0975 2 1 1 0x0 -0.9114 -0.6680 -0.91 -0.67 -0.0008 0.0000 0.1000 0.0000 0.4873 -0.2070 -0.121705 -0.711962 12.28 
22.1075 2 1 1 0x0 -0.9114 -0.6680 -0.91 -0.67 -0.0008 0.0000 0.1000 0.0000 0.4873 -0.2070 -0.121705 -0.711989 12.28 
22.1175 2 1 1 0x0 -0.9115 -0.6681 -0.91 -0.67 -0.0008 0.0000 0.1000 0.0000 0.4873 -0.2070 -0.121705 -0.711989 12.29 
22.1275 2 1 1 0x0 -0.9115 -0.6681 -0.91 -0.67 -0.0008 0.0000 0.1000 0.0000 0.4873 -0.2070 -0.121705 -0.711996 12.28 
22.1375 2 1 1 0x0 -0.9116 -0.6682 -0.91 -0.67 -0.0008 0.0000 0.1000 0.0000 0.4873 -0.2070 -0.121705 -0.712004 12.28 
22.1475 2 1 1 0x0 -0.9116 -0.6682 -0.91 -0.67 -0.0008 0.0000 0.1000 0.0000 0.4873 -0.2070 -0.121705 -0.712001 12.28 
22.1575 2 1 1 0x0 -0.9117 -0.6682 -0.91 -0.67 -0.0000 0.0000 0.1000 0.0000 0.4873 -0.2070 -0.121705 -0.712023 12.28 
22.1674 2 1 1 0x0 -0.9117 -0.6683 -0.91 -0.67 -0.0000 0.0000 0.1000 0.0000 0.4873 -0.2070 -0.121705 -0.712035 12.29 
22.1774 2 1 1 0x0 -0.9117 -0.6683 -0.91 -0.67 -0.0000 0.0000 0.1000 0.0000 0.4873 -0.2070 -0.121705 -0.712022 12.28 
22.1874 2 1 1 0x0 -0.9118 -0.6684 -0.91 -0.67 -0.0000 0.0000 0.1000 0.0000 0.4873 -0.2070 -0.121705 -0.712041 12.28 
22.1974 2 1 1 0x0 -0.9118 -0.6684 -0.91 -0.67 -0.0000 0.0000 0.1000 0.0000 0.4873 -0.2070 -0.121705 -0.712028 12.28 
22.2074 2 1 1 0x0 -0.9119 -0.6685 -0.91 -0.67 -0.0000 0.0000 0.1000 0.0000 0.4873 -0.2070 -0.121705 -0.712010 12.28 
22.2174 2 1 1 0x0 -0.9119 -0.6685 -0.91 -0.67 -0.0000 0.0000 0.1000 0.0000 0.4873 -0.2070 -0.121705 -0.711981 12.28 
22.2274 2 1 1 0x0 -0.9120 -0.6686 -0.91 -0.67 -0.0000 0.0000 0.1000 0.0000 0.4873 -0.2070 -0.121705 -0.711959 12.29 
22.2374 2 1 1 0x0 -0.9120 -0.6686 -0.91 -0.67 -0.0000 0.0000 0.1000 0.0000 0.4873 -0.2070 -0.121705 -0.711965 12.28 
22.2474 2 1 1 0x0 -0.9121 -0.6687 -0.91 -0.67 -0.0000 0.0000 0.1000 0.0000 0.4873 -0.2070 -0.121705 -0.711984 12.28 
22.2574 2 1 1 0x0 -0.9121 -0.6687 -0.91 -0.67 -0.0000 0.0000 0.1000 0.0000 0.4873 -0.2070 -0.121705 -0.711998 12.28 
22.2674 2 1 1 0x0 -0.9122 -0.6687 -0.91 -0.67 -0.0000 0.0000 0.1000 0.0000 0.4873 -0.2070 -0.121705 -0.711978 12.28 
22.2774 2 1 1 0x0 -0.9122 -0.6688 -0.91 -0.67 -0.0000 0.0000 0.1000 0.0000 0.4873 -0.2070 -0.121705 -0.711990 12.28 
22.2874 2 1 1 0x0 -0.9122 -0.6688 -0.91 -0.67 -0.0000 0.0000 0.1000 0.0000 0.4873 -0.2070 -0.121705 -0.711958 12.28 
22.2974 2 1 1 0x0 -0.9123 -0.6689 -0.91 -0.67 -0.0000 0.0000 0.1000 0.0000 0.4873 -0.2070 -0.121705 -0.711939 12.29 
22.3074 2 1 1 0x0 -0.9123 -0.6689 -0.91 -0.67 -0.0000 0.0000 0.1000 0.0000 0.4873 -0.2070 -0.121705 -0.711948 12.28 
22.3174 2 1 1 0x0 -0.9124 -0.6690 -0.91 -0.67 -0.0000 0.0000 0.1000 0.0000 0.4873 -0.2070 -0.121705 -0.711946 12.28 
22.3274 2 1 1 0x0 -0.9124 -0.6690 -0.91 -0.67 -0.0000 0.0000 0.1000 0.0000 0.4873 -0.2070 -0.121705 -0.711947 12.28 
22.3374 2 1 1 0x0 -0.9125 -0.6691 -0.91 -0.67 -0.0000 0.0000 0.1000 0.0000 0.4873 -0.2070 -0.121705 -0.711964 12.28 
22.3473 2 1 1 0x0 -0.9125 -0.6691 -0.91 -0.67 -0.0000 0.0000 0.1000 0.0000 0.4873 -0.2070 -0.121705 -0.711984 12.29 
22.3573 2 1 1 0x0 -0.9126 -0.6691 -0.91 -0.67 -0.0000 0.0000 0.1000 0.0000 0.4873 -0.2070 -0.121705 -0.711984 12.28 
22.3673 2 1 1 0x0 -0.9126 -0.6692 -0.91 -0.67 -0.0000 0.0000 0.1000 0.0000 0.4873 -0.2070 -0.121705 -0.711978 12.29 
22.3773 2 1 1 0x0 -0.9126 -0.6692 -0.91 -0.67 -0.0000 0.0000 0.1000 0.0000 0.4873 -0.2070 -0.121705 -0.711994 12.29 
22.3873 2 1 1 0x0 -0.9127 -0.6693 -0.91 -0.67 -0.0000 0.0000 0.1000 0.0000 0.4873 -0.2070 -0.121705 -0.712020 12.28 
22.3973 2 1 1 0x0 -0.9127 -0.6693 -0.91 -0.67 -0.0000 0.0000 0.1000 0.0000 0.4873 -0.2070 -0.121705 -0.712035 12.28 
22.4073 2 1 1 0x0 -0.9128 -0.6694 -0.91 -0.67 -0.0000 0.0000 0.1000 0.0000 0.4873 -0.2070 -0.121705 -0.712057 12.29 
22.4173 2 1 1 0x0 -0.9128 -0.6694 -0.91 -0.67 -0.0000 0.0000 0.1000 0.0000 0.4873 -0.2070 -0.121705 -0.712023 12.28 
22.4273 2 1 1 0x0 -0.9129 -0.6695 -0.91 -0.67 -0.0000 0.0000 0.1000 0.0000 0.4873 -0.2070 -0.121705 -0.712001 12.29 
22.4373 2 1 1 0x0 -0.9129 -0.6695 -0.91 -0.67 -0.0000 0.0000 0.1000 0.0000 0.4873 -0.2070 -0.121705 -0.711959 12.28 
22.4473 2 1 1 0x0 -0.9130 -0.6696 -0.91 -0.67 -0.0000 0.0000 0.1000 0.0000 0.4873 -0.2070 -0.121705 -0.711987 12.28 
22.4573 2 1 1 0x0 -0.9130 -0.6696 -0.91 -0.67 -0.0000 0.0000 0.1000 0.0000 0.4873 -0.2070 -0.121705 -0.711961 12.29 
22.4673 2 1 1 0x0 -0.9131 -0.6696 -0.91 -0.67 -0.0000 0.0000 0.1000 0.0000 0.4873 -0.2070 -0.121705 -0.711968 12.28 
22.4773 2 1 1 0x0 -0.9131 -0.6697 -0.91 -0.67 -0.0000 0.0000 0.1000 0.0000 0.4873 -0.2070 -0.121705 -0.711963 12.28 
22.4873 2 1 1 0x0 -0.9131 -0.6697 -0.91 -0.67 -0.0000 0.0000 0.1000 0.0000 0.4873 -0.2070 -0.121705 -0.711958 12.28 
22.4973 2 1 1 0x0 -0.9132 -0.6698 -0.91 -0.67 -0.0000 0.0000 0.1000 0.0000 0.4873 -0.2070 -0.121705 -0.711981 12.28 
22.5073 2 1 1 0x0 -0.9132 -0.6698 -0.91 -0.67 -0.0000 0.0000 0.1000 0.0000 0.4873 -0.2070 -0.121705 -0.712000 12.28 
22.5173 2 1 1 0x0 -0.9133 -0.6699 -0.91 -0.67 -0.0000 0.0000 0.1000 0.0000 0.4873 -0.2070 -0.121705 -0.711997 12.29 
22.5272 2 1 1 0x0 -0.9133 -0.6699 -0.91 -0.67 -0.0000 0.0000 0.1000 0.0000 0.4873 -0.2070 -0.121705 -0.711991 12.29 
22.5372 2 1 1 0x0 -0.9134 -0.6700 -0.91 -0.67 -0.0000 0.0000 0.1000 0.0000 0.4873 -0.2070 -0.121705 -0.712020 12.28 
22.5472 2 1 1 0x0 -0.9134 -0.6700 -0.91 -0.67 -0.0000 0.0000 0.1000 0.0000 0.4873 -0.2070 -0.121705 -0.712031 12.29 
22.5572 2 1 1 0x0 -0.9135 -0.6701 -0.91 -0.67 -0.0000 0.0000 0.1000 0.0000 0.4873 -0.2070 -0.121705 -0.712036 12.28 
22.5672 2 1 1 0x0 -0.9135 -0.6701 -0.91 -0.67 -0.0000 0.0000 0.1000 0.0000 0.4873 -0.2070 -0.121705 -0.712053 12.28 
22.5772 2 1 1 0x0 -0.9136 -0.6701 -0.91 -0.67 -0.0000 0.0000 0.1000 0.0000 0.4873 -0.2070 -0.121705 -0.712037 12.28 
22.5872 2 1 1 0x0 -0.9136 -0.6702 -0.91 -0.67 -0.0000 0.0000 0.1000 0.0000 0.4873 -0.2070 -0.121705 -0.712012 12.29 
22.5972 2 1 1 0x0 -0.9136 -0.6702 -0.91 -0.67 -0.0000 0.0000 0.1000 0.0000 0.4873 -0.2070 -0.121705 -0.711999 12.28 
22.6072 2 1 1 0x0 -0.9137 -0.6703 -0.91 -0.67 -0.0000 0.0000 0.1000 0.0000 0.4873 -0.2070 -0.121705 -0.711981 12.28 
22.6172 2 1 1 0x0 -0.9137 -0.6703 -0.91 -0.67 -0.0000 0.0000 0.1000 0.0000 0.4873 -0.2070 -0.121705 -0.711980 12.28 
22.6272 2 1 1 0x0 -0.9138 -0.6704 -0.91 -0.67 -0.0000 0.0000 0.1000 0.0000 0.4873 -0.2070 -0.121705 -0.711976 12.28 
22.6372 2 1 1 0x0 -0.9138 -0.6704 -0.91 -0.67 -0.0000 0.0000 0.1000 0.0000 0.4873 -0.2070 -0.121705 -0.711988 12.30 
22.6472 2 1 1 0x0 -0.9139 -0.6705 -0.91 -0.67 -0.0000 0.0000 0.1000 0.0000 0.4873 -0.2070 -0.121705 -0.711994 12.28 
22.6572 2 1 1 0x0 -0.9139 -0.6705 -0.91 -0.67 -0.0000 0.0000 0.1000 0.0000 0.4873 -0.2070 -0.121705 -0.712017 12.28 
22.6672 2 1 1 0x0 -0.9140 -0.6706 -0.91 -0.67 -0.0000 0.0000 0.1000 0.0000 0.4873 -0.2070 -0.121705 -0.712030 12.28 
22.6772 2 1 1 0x0 -0.9140 -0.6706 -0.91 -0.67 -0.0000 0.0000 0.1000 0.0000 0.4873 -0.2070 -0.121705 -0.712005 12.28 
22.6872 2 1 1 0x0 -0.9141 -0.6706 -0.91 -0.67 -0.0000 0.0000 0.1000 0.0000 0.4873 -0.2070 -0.121705 -0.711972 12.28 
22.6972 2 1 1 0x0 -0.9141 -0.6707 -0.91 -0.67 -0.0000 0.0000 0.1000 0.0000 0.4873 -0.2070 -0.121705 -0.711946 12.28 
22.7071 2 1 1 0x0 -0.9141 -0.6707 -0.91 -0.67 -0.0000 0.0000 0.1000 0.0000 0.4873 -0.2070 -0.121705 -0.711958 12.28 
22.7171 2 1 1 0x0 -0.9142 -0.6708 -0.91 -0.67 -0.0000 0.0000 0.1000 0.0000 0.4873 -0.2070 -0.121705 -0.711970 12.28 
22.7271 2 1 1 0x0 -0.9142 -0.6708 -0.91 -0.67 -0.0000 0.0000 0.1000 0.0000 0.4873 -0.2070 -0.121705 -0.711968 12.28 
22.7371 2 1 1 0x0 -0.9143 -0.6709 -0.91 -0.67 -0.0000 0.0000 0.1000 0.0000 0.4873 -0.2070 -0.121705 -0.711948 12.29 
22.7471 2 1 1 0x0 -0.9143 -0.6709 -0.91 -0.67 -0.0000 0.0000 0.1000 0.0000 0.4873 -0.2070 -0.121705 -0.711955 12.28 
22.7571 2 1 1 0x0 -0.9144 -0.6710 -0.91 -0.67 -0.0000 0.0000 0.1000 0.0000 0.4873 -0.2070 -0.121705 -0.711960 12.28 
22.7671 2 1 1 0x0 -0.9144 -0.6710 -0.91 -0.67 -0.0000 0.0000 0.1000 0.0000 0.4873 -0.2070 -0.121705 -0.711965 12.29 
22.7771 2 1 1 0x0 -0.9145 -0.6711 -0.91 -0.67 -0.0000 0.0000 0.1000 0.0000 0.4873 -0.2070 -0.121705 -0.711942 12.28 
22.7871 2 1 1 0x0 -0.9145 -0.6711 -0.91 -0.67 -0.0000 0.0000 0.1000 0.0000 0.4873 -0.2070 -0.121705 -0.711936 12.29 
22.7971 2 1 1 0x0 -0.9146 -0.6711 -0.91 -0.67 -0.0000 0.0000 0.1000 0.0000 0.4873 -0.2070 -0.121705 -0.711933 12.29 
22.8071 2 1 1 0x0 -0.9146 -0.6712 -0.91 -0.67 -0.0000 0.0000 0.1000 0.0000 0.4873 -0.2070 -0.121705 -0.711932 12.28 
22.8171 2 1 1 0x0 -0.9146 -0.6712 -0.91 -0.67 -0.0000 0.0000 0.1000 0.0000 0.4873 -0.2070 -0.121705 -0.711914 12.28 
22.8271 2 1 1 0x0 -0.9147 -0.6713 -0.91 -0.67 -0.0000 0.0000 0.1000 0.0000 0.4873 -0.2070 -0.121705 -0.711899 12.28 
22.8371 2 1 1 0x0 -0.9147 -0.6713 -0.91 -0.67 -0.0000 0.0000 0.1000 0.0000 0.4873 -0.2070 -0.121705 -0.711929 12.28 
22.8471 2 1 1 0x0 -0.9148 -0.6714 -0.91 -0.67 -0.0000 0.0000 0.1000 0.0000 0.4873 -0.2070 -0.121705 -0.711901 12.28 
22.8571 2 1 1 0x0 -0.9148 -0.6714 -0.91 -0.67 -0.0000 0.0000 0.1000 0.0000 0.4873 -0.2070 -0.121705 -0.711901 12.29 
22.8671 2 1 1 0x0 -0.9149 -0.6715 -0.91 -0.67 -0.0000 0.0000 0.1000 0.0000 0.4873 -0.2070 -0.121705 -0.711929 12.28 
22.8771 2 1 1 0x0 -0.9149 -0.6715 -0.91 -0.67 -0.0000 0.0000 0.1000 0.0000 0.4873 -0.2070 -0.121705 -0.711921 12.29 
22.8871 2 1 1 0x0 -0.9150 -0.6716 -0.91 -0.67 -0.0000 0.0000 0.1000 0.0000 0.4873 -0.2070 -0.121705 -0.711948 12.28 
22.8970 2 1 1 0x0 -0.9150 -0.6716 -0.92 -0.67 -0.0000 0.0000 0.1000 0.0000 0.4873 -0.2070 -0.121705 -0.711989 12.28 
22.9070 2 1 1 0x0 -0.9150 -0.6716 -0.92 -0.67 -0.0000 0.0000 0.1000 0.0000 0.4873 -0.2070 -0.121705 -0.711982 12.28 
22.9170 2 1 1 0x0 -0.9151 -0.6717 -0.92 -0.67 -0.0000 0.0000 0.1000 0.0000 0.4873 -0.2070 -0.121705 -0.711968 12.28 
22.9270 2 1 1 0x0 -0.9151 -0.6717 -0.92 -0.67 -0.0000 0.0000 0.1000 0.0000 0.4873 -0.2070 -0.121705 -0.711947 12.28 
22.9370 2 1 1 0x0 -0.9152 -0.6718 -0.92 -0.67 -0.0000 0.0000 0.1000 0.0000 0.4873 -0.2070 -0.121705 -0.711941 12.28 
22.9470 2 1 1 0x0 -0.9152 -0.6718 -0.92 -0.67 -0.0000 0.0000 0.1000 0.0000 0.4873 -0.2070 -0.121705 -0.711936 12.28 
22.9570 2 1 1 0x0 -0.9153 -0.6719 -0.92 -0.67 -0.0000 0.0000 0.1000 0.0000 0.4873 -0.2070 -0.121705 -0.711935 12.29 
22.9670 2 1 1 0x0 -0.9153 -0.6719 -0.92 -0.67 -0.0000 0.0000 0.1000 0.0000 0.4873 -0.2070 -0.121705 -0.711945 12.28 
22.9770 2 1 1 0x0 -0.9154 -0.6720 -0.92 -0.67 -0.0000 0.0000 0.1000 0.0000 0.4873 -0.2070 -0.121705 -0.711925 12.28 
22.9870 2 1 1 0x0 -0.9154 -0.6720 -0.92 -0.67 -0.0000 0.0000 0.1000 0.0000 0.4873 -0.2070 -0.121705 -0.711879 12.29 
22.9970 2 1 1 0x0 -0.9155 -0.6720 -0.92 -0.67 -0.0000 0.0000 0.1000 0.0000 0.4873 -0.2070 -0.121705 -0.711895 12.28 
23.0070 2 1 1 0x0 -0.9155 -0.6721 -0.92 -0.67 -0.0000 0.0000 0.1000 0.0000 0.4873 -0.2070 -0.121705 -0.711891 12.28 
23.0170 2 1 1 0x0 -0.9155 -0.6721 -0.92 -0.67 -0.0000 0.0000 0.1000 0.0000 0.4873 -0.2070 -0.121705 -0.711891 12.28 
23.0270 2 1 1 0x0 -0.9156 -0.6722 -0.92 -0.67 -0.0000 0.0000 0.1000 0.0000 0.4873 -0.2070 -0.121705 -0.711870 12.29 
23.0370 2 1 1 0x0 -0.9156 -0.6722 -0.92 -0.67 -0.0000 0.0000 0.1000 0.0000 0.4873 -0.2070 -0.121705 -0.711866 12.28 
23.0470 2 1 1 0x0 -0.9157 -0.6723 -0.92 -0.67 -0.0000 0.0000 0.1000 0.0000 0.4873 -0.2070 -0.121705 -0.711868 12.28 
23.0570 2 1 1 0x0 -0.9157 -0.6723 -0.92 -0.67 -0.0000 0.0000 0.1000 0.0000 0.4873 -0.2070 -0.121705 -0.711872 12.28 
23.0670 2 1 1 0x0 -0.9158 -0.6724 -0.92 -0.67 -0.0000 0.0000 0.1000 0.0000 0.4873 -0.2070 -0.121705 -0.711877 12.28 
23.0769 2 1 1 0x0 -0.9158 -0.6724 -0.92 -0.67 -0.0000 0.0000 0.1000 0.0000 0.4873 -0.2070 -0.121705 -0.711901 12.28 
23.0869 2 1 1 0x0 -0.9159 -0.6725 -0.92 -0.67 -0.0000 0.0000 0.1000 0.0000 0.4873 -0.2070 -0.121705 -0.711893 12.29 
23.0969 2 1 1 0x0 -0.9159 -0.6725 -0.92 -0.67 -0.0000 0.0000 0.1000 0.0000 0.4873 -0.2070 -0.121705 -0.711863 12.28 
23.1069 2 1 1 0x0 -0.9160 -0.6725 -0.92 -0.67 -0.0000 0.0000 0.1000 0.0000 0.4873 -0.2070 -0.121705 -0.711855 12.28 
23.1169 2 1 1 0x0 -0.9160 -0.6726 -0.92 -0.67 -0.0000 0.0000 0.1000 0.0000 0.4873 -0.2070 -0.121705 -0.711817 12.28 
23.1269 2 1 1 0x0 -0.9160 -0.6726 -0.92 -0.67 -0.0000 0.0000 0.1000 0.0000 0.4873 -0.2070 -0.121705 -0.711824 12.29 
23.1369 2 1 1 0x0 -0.9161 -0.6727 -0.92 -0.67 -0.0000 0.0000 0.1000 0.0000 0.4873 -0.2070 -0.121705 -0.711826 12.29 
23.1469 2 1 1 0x0 -0.9161 -0.6727 -0.92 -0.67 -0.0000 0.0000 0.1000 0.0000 0.4873 -0.2070 -0.121705 -0.711839 12.28 
23.1569 2 1 1 0x0 -0.9162 -0.6728 -0.92 -0.67 -0.0000 0.0000 0.1000 0.0000 0.4873 -0.2070 -0.121705 -0.711809 12.28 
23.1669 2 1 1 0x0 -0.9162 -0.6728 -0.92 -0.67 -0.0000 0.0000 0.1000 0.0000 0.4873 -0.2070 -0.121705 -0.711790 12.28 
23.1769 2 1 1 0x0 -0.9163 -0.6729 -0.92 -0.67 -0.0000 0.0000 0.1000 0.0000 0.4873 -0.2070 -0.121705 -0.711804 12.29 
23.1869 2 1 1 0x0 -0.9163 -0.6729 -0.92 -0.67 -0.0000 0.0000 0.1000 0.0000 0.4873 -0.2070 -0.121705 -0.711806 12.28 
23.1969 2 1 1 0x0 -0.9164 -0.6730 -0.92 -0.67 -0.0000 0.0000 0.1000 0.0000 0.4873 -0.2070 -0.121705 -0.711834 12.28 
23.2069 2 1 1 0x0 -0.9164 -0.6730 -0.92 -0.67 -0.0000 0.0000 0.1000 0.0000 0.4873 -0.2070 -0.121705 -0.711830 12.28 
23.2169 2 1 1 0x0 -0.9165 -0.6730 -0.92 -0.67 -0.0000 0.0000 0.1000 0.0000 0.4873 -0.2070 -0.121705 -0.711788 12.28 
23.2269 2 1 1 0x0 -0.9165 -0.6731 -0.92 -0.67 -0.0000 0.0000 0.1000 0.0000 0.4873 -0.2070 -0.121705 -0.711757 12.28 
23.2369 2 1 1 0x0 -0.9165 -0.6731 -0.92 -0.67 -0.0000 0.0000 0.1000 0.0000 0.4873 -0.2070 -0.121705 -0.711747 12.28 
23.2469 2 1 1 0x0 -0.9166 -0.6732 -0.92 -0.67 -0.0000 0.0000 0.1000 0.0000 0.4873 -0.2070 -0.121705 -0.711767 12.28 
23.2568 2 1 1 0x0 -0.9166 -0.6732 -0.92 -0.67 -0.0000 0.0000 0.1000 0.0000 0.4873 -0.2070 -0.121705 -0.711788 12.28 
23.2668 2 1 1 0x0 -0.9167 -0.6733 -0.92 -0.67 -0.0000 0.0000 0.1000 0.0000 0.4873 -0.2070 -0.121705 -0.711793 12.29 
23.2768 2 1 1 0x0 -0.9167 -0.6733 -0.92 -0.67 -0.0000 0.0000 0.1000 0.0000 0.4873 -0.2070 -0.121705 -0.711775 12.29 
23.2868 2 1 1 0x0 -0.9168 -0.6734 -0.92 -0.67 -0.0000 0.0000 0.1000 0.0000 0.4873 -0.2070 -0.121705 -0.711784 12.29 
23.2968 2 1 1 0x0 -0.9168 -0.6734 -0.92 -0.67 -0.0000 0.0000 0.1000 0.0000 0.4873 -0.2070 -0.121705 -0.711774 12.28 
23.3068 2 1 1 0x0 -0.9169 -0.6735 -0.92 -0.67 -0.0000 0.0000 0.1000 0.0000 0.4873 -0.2070 -0.121705 -0.711780 12.29 
23.3168 2 1 1 0x0 -0.9169 -0.6735 -0.92 -0.67 -0.0000 0.0000 0.1000 0.0000 0.4873 -0.2070 -0.121705 -0.711782 12.28 
23.3268 2 1 1 0x0 -0.9170 -0.6735 -0.92 -0.67 -0.0000 0.0000 0.1000 0.0000 0.4873 -0.2070 -0.121705 -0.711809 12.28 
23.3368 2 1 1 0x0 -0.9170 -0.6736 -0.92 -0.67 -0.0000 0.0000 0.1000 0.0000 0.4873 -0.2070 -0.121705 -0.711805 12.28 
23.3468 2 1 1 0x0 -0.9170 -0.6736 -0.92 -0.67 -0.0000 0.0000 0.1000 0.0000 0.4873 -0.2070 -0.121705 -0.711787 12.29 
23.3568 2 1 1 0x0 -0.9171 -0.6737 -0.92 -0.67 -0.0000 0.0000 0.1000 0.0000 0.4873 -0.2070 -0.121705 -0.711743 12.28 
23.3668 2 1 1 0x0 -0.9171 -0.6737 -0.92 -0.67 -0.0000 0.0000 0.1000 0.0000 0.4873 -0.2070 -0.121705 -0.711747 12.29 
23.3768 2 1 1 0x0 -0.9172 -0.6738 -0.92 -0.67 -0.0000 0.0000 0.1000 0.0000 0.4873 -0.2070 -0.121705 -0.711756 12.28 
23.3868 2 1 1 0x0 -0.9172 -0.6738 -0.92 -0.67 -0.0000 0.0000 0.1000 0.0000 0.4873 -0.2070 -0.121705 -0.711752 12.29 
23.3968 2 1 1 0x0 -0.9173 -0.6739 -0.92 -0.67 -0.0000 0.0000 0.1000 0.0000 0.4873 -0.2070 -0.121705 -0.711762 12.29 
23.4068 2 1 1 0x0 -0.9173 -0.6739 -0.92 -0.67 -0.0000 0.0000 0.1000 0.0000 0.4873 -0.2070 -0.121705 -0.711765 12.30 
23.4168 2 1 1 0x0 -0.9174 -0.6740 -0.92 -0.67 -0.0000 0.0000 0.1000 0.0000 0.4873 -0.2070 -0.121705 -0.711754 12.28 
23.4268 2 1 1 0x0 -0.9174 -0.6740 -0.92 -0.67 -0.0000 0.0000 0.1000 0.0000 0.4873 -0.2070 -0.121705 -0.711738 12.28 
23.4367 2 1 1 0x0 -0.9175 -0.6740 -0.92 -0.67 -0.0000 0.0000 0.1000 0.0000 0.4873 -0.2070 -0.121705 -0.711736 12.28 
23.4467 2 1 1 0x0 -0.9175 -0.6741 -0.92 -0.67 -0.0000 0.0000 0.1000 0.0000 0.4873 -0.2070 -0.121705 -0.711735 12.28 
23.4567 2 1 1 0x0 -0.9175 -0.6741 -0.92 -0.67 -0.0000 0.0000 0.1000 0.0000 0.4873 -0.2070 -0.121705 -0.711745 12.28 
23.4667 2 1 1 0x0 -0.9176 -0.6742 -0.92 -0.67 -0.0000 0.0000 0.1000 0.0000 0.4873 -0.2070 -0.121705 -0.711723 12.28 
23.4767 2 1 1 0x0 -0.9176 -0.6742 -0.92 -0.67 -0.0000 0.0000 0.1000 0.0000 0.4873 -0.2070 -0.121705 -0.711703 12.28 
23.4867 2 1 1 0x0 -0.9177 -0.6743 -0.92 -0.67 -0.0000 0.0000 0.1000 0.0000 0.4873 -0.2070 -0.121705 -0.711694 12.29 
23.4967 2 1 1 0x0 -0.9177 -0.6743 -0.92 -0.67 -0.0000 0.0000 0.1000 0.0000 0.4873 -0.2070 -0.121705 -0.711649 12.28 
23.5067 2 1 1 0x0 -0.9178 -0.6744 -0.92 -0.67 -0.0000 0.0000 0.1000 0.0000 0.4873 -0.2070 -0.121705 -0.711655 12.28 
23.5167 2 1 1 0x0 -0.9178 -0.6744 -0.92 -0.67 -0.0000 0.0000 0.1000 0.0000 0.4873 -0.2070 -0.121705 -0.711648 12.28 
23.5267 2 1 1 0x0 -0.9179 -0.6744 -0.92 -0.67 -0.0000 0.0000 0.1000 0.0000 0.4873 -0.2070 -0.121705 -0.711650 12.28 
23.5367 2 1 1 0x0 -0.9179 -0.6745 -0.92 -0.67 -0.0000 0.0000 0.1000 0.0000 0.4873 -0.2070 -0.121705 -0.711638 12.28 
23.5467 2 1 1 0x0 -0.9179 -0.6745 -0.92 -0.67 -0.0000 0.0000 0.1000 0.0000 0.4873 -0.2070 -0.121705 -0.711614 12.29 
23.5567 2 1 1 0x0 -0.9180 -0.6746 -0.92 -0.67 -0.0000 0.0000 0.1000 0.0000 0.4873 -0.2070 -0.121705 -0.711614 12.28 
23.5667 2 1 1 0x0 -0.9180 -0.6746 -0.92 -0.67 -0.0000 0.0000 0.1000 0.0000 0.4873 -0.2070 -0.121705 -0.711624 12.28 
23.5767 2 1 1 0x0 -0.9181 -0.6747 -0.92 -0.67 -0.0000 0.0000 0.1000 0.0000 0.4873 -0.2070 -0.121705 -0.711634 12.29 
23.5867 2 1 1 0x0 -0.9181 -0.6747 -0.92 -0.67 -0.0000 0.0000 0.1000 0.0000 0.4873 -0.2070 -0.121705 -0.711645 12.28 
23.5967 2 1 1 0x0 -0.9182 -0.6748 -0.92 -0.67 -0.0000 0.0000 0.1000 0.0000 0.4873 -0.2070 -0.121705 -0.711647 12.29 
23.6067 2 1 1 0x0 -0.9182 -0.6748 -0.92 -0.67 -0.0000 0.0000 0.1000 0.0000 0.4873 -0.2070 -0.121705 -0.711623 12.28 
23.6166 2 1 1 0x0 -0.9183 -0.6749 -0.92 -0.67 -0.0000 0.0000 0.1000 0.0000 0.4873 -0.2070 -0.121705 -0.711605 12.28 
23.6266 2 1 1 0x0 -0.9183 -0.6749 -0.92 -0.67 -0.0000 0.0000 0.1000 0.0000 0.4873 -0.2070 -0.121705 -0.711620 12.29 
23.6366 2 1 1 0x0 -0.9184 -0.6749 -0.92 -0.67 -0.0000 0.0000 0.1000 0.0000 0.4873 -0.2070 -0.121705 -0.711599 12.28 
23.6466 2 1 1 0x0 -0.9184 -0.6750 -0.92 -0.67 -0.0000 0.0000 0.1000 0.0000 0.4873 -0.2070 -0.121705 -0.711621 12.28 
23.6566 2 1 1 0x0 -0.9184 -0.6750 -0.92 -0.68 -0.0000 0.0000 0.1000 0.0000 0.4873 -0.2070 -0.121705 -0.711621 12.29 
23.6666 2 1 1 0x0 -0.9185 -0.6751 -0.92 -0.68 -0.0000 0.0000 0.1000 0.0000 0.4873 -0.2070 -0.121705 -0.711643 12.28 
23.6766 2 1 1 0x0 -0.9185 -0.6751 -0.92 -0.68 -0.0000 0.0000 0.1000 0.0000 0.4873 -0.2070 -0.121705 -0.711613 12.28 
23.6866 2 1 1 0x0 -0.9186 -0.6752 -0.92 -0.68 -0.0000 0.0000 0.1000 0.0000 0.4873 -0.2070 -0.121705 -0.711617 12.28 
23.6966 2 1 1 0x0 -0.9186 -0.6752 -0.92 -0.68 -0.0000 0.0000 0.1000 0.0000 0.4873 -0.2070 -0.121705 -0.711637 12.28 
23.7066 2 1 1 0x0 -0.9187 -0.6753 -0.92 -0.68 -0.0000 0.0000 0.1000 0.0000 0.4873 -0.2070 -0.121705 -0.711652 12.28 
23.7166 2 1 1 0x0 -0.9187 -0.6753 -0.92 -0.68 -0.0000 0.0000 0.1000 0.0000 0.4873 -0.2070 -0.121705 -0.711638 12.28 
23.7266 2 1 1 0x0 -0.9188 -0.6754 -0.92 -0.68 -0.0000 0.0000 0.1000 0.0000 0.4873 -0.2070 -0.121705 -0.711651 12.28 
23.7366 2 1 1 0x0 -0.9188 -0.6754 -0.92 -0.68 -0.0000 0.0000 0.1000 0.0000 0.4873 -0.2070 -0.121705 -0.711626 12.28 
23.7466 2 1 1 0x0 -0.9189 -0.6754 -0.92 -0.68 -0.0000 0.0000 0.1000 0.0000 0.4873 -0.2070 -0.121705 -0.711610 12.28 
23.7566 2 1 1 0x0 -0.9189 -0.6755 -0.92 -0.68 -0.0000 0.0000 0.1000 0.0000 0.4873 -0.2070 -0.121705 -0.711612 12.29 
23.7666 2 1 1 0x0 -0.9189 -0.6755 -0.92 -0.68 -0.0000 0.0000 0.1000 0.0000 0.4873 -0.2070 -0.121705 -0.711622 12.28 
23.7766 2 1 1 0x0 -0.9190 -0.6756 -0.92 -0.68 -0.0000 0.0000 0.1000 0.0000 0.4873 -0.2070 -0.121705 -0.711625 12.28 
23.7866 2 1 1 0x0 -0.9190 -0.6756 -0.92 -0.68 -0.0000 0.0000 0.1000 0.0000 0.4873 -0.2070 -0.121705 -0.711653 12.28 
23.7966 2 1 1 0x0 -0.9191 -0.6757 -0.92 -0.68 -0.0000 0.0000 0.1000 0.0000 0.4873 -0.2070 -0.121705 -0.711652 12.28 
23.8065 2 1 1 0x0 -0.9191 -0.6757 -0.92 -0.68 -0.0000 0.0000 0.1000 0.0000 0.4873 -0.2070 -0.121705 -0.711641 12.28 
23.8165 2 1 1 0x0 -0.9192 -0.6758 -0.92 -0.68 -0.0000 0.0000 0.1000 0.0000 0.4873 -0.2070 -0.121705 -0.711652 12.28 
23.8265 2 1 1 0x0 -0.9192 -0.6758 -0.92 -0.68 -0.0000 0.0000 0.1000 0.0000 0.4873 -0.2070 -0.121705 -0.711637 12.29 
23.8365 2 1 1 0x0 -0.9193 -0.6759 -0.92 -0.68 -0.0000 0.0000 0.1000 0.0000 0.4873 -0.2070 -0.121705 -0.711636 12.28 
23.8465 2 1 1 0x0 -0.9193 -0.6759 -0.92 -0.68 -0.0000 0.0000 0.1000 0.0000 0.4873 -0.2070 -0.121705 -0.711633 12.28 
23.8565 2 1 1 0x0 -0.9194 -0.6759 -0.92 -0.68 -0.0000 0.0000 0.1000 0.0000 0.4873 -0.2070 -0.121705 -0.711598 12.29 
23.8665 2 1 1 0x0 -0.9194 -0.6760 -0.92 -0.68 -0.0000 0.0000 0.1000 0.0000 0.4873 -0.2070 -0.121705 -0.711604 12.28 
23.8765 2 1 1 0x0 -0.9194 -0.6760 -0.92 -0.68 -0.0000 0.0000 0.1000 0.0000 0.4873 -0.2070 -0.121705 -0.711557 12.28 
23.8865 2 1 1 0x0 -0.9195 -0.6761 -0.92 -0.68 -0.0000 0.0000 0.1000 0.0000 0.4873 -0.2070 -0.121705 -0.711546 12.29 
23.8965 2 1 1 0x0 -0.9195 -0.6761 -0.92 -0.68 -0.0000 0.0000 0.1000 0.0000 0.4873 -0.2070 -0.121705 -0.711553 12.29 
23.9065 2 1 1 0x0 -0.9196 -0.6762 -0.92 -0.68 -0.0000 0.0000 0.1000 0.0000 0.4873 -0.2070 -0.121705 -0.711562 12.29 
23.9165 2 1 1 0x0 -0.9196 -0.6762 -0.92 -0.68 -0.0000 0.0000 0.1000 0.0000 0.4873 -0.2070 -0.121705 -0.711568 12.28 
23.9265 2 1 1 0x0 -0.9197 -0.6763 -0.92 -0.68 -0.0000 0.0000 0.1000 0.0000 0.4873 -0.2070 -0.121705 -0.711564 12.28 
23.9365 2 1 1 0x0 -0.9197 -0.6763 -0.92 -0.68 -0.0000 0.0000 0.1000 0.0000 0.4873 -0.2070 -0.121705 -0.711577 12.29 
23.9465 2 1 1 0x0 -0.9198 -0.6764 -0.92 -0.68 -0.0000 0.0000 0.1000 0.0000 0.4873 -0.2070 -0.121705 -0.711567 12.29 
23.9565 2 1 1 0x0 -0.9198 -0.6764 -0.92 -0.68 -0.0000 0.0000 0.1000 0.0000 0.4873 -0.2070 -0.121705 -0.711552 12.28 
23.9665 2 1 1 0x0 -0.9199 -0.6764 -0.92 -0.68 -0.0000 0.0000 0.1000 0.0000 0.4873 -0.2070 -0.121705 -0.711571 12.29 
23.9765 2 1 1 0x0 -0.9199 -0.6765 -0.92 -0.68 -0.0000 0.0000 0.1000 0.0000 0.4873 -0.2070 -0.121705 -0.711581 12.28 
23.9864 2 1 1 0x0 -0.9199 -0.6765 -0.92 -0.68 -0.0000 0.0000 0.1000 0.0000 0.4873 -0.2070 -0.121705 -0.711579 12.28 
23.9964 2 1 1 0x0 -0.9200 -0.6766 -0.92 -0.68 -0.0000 0.0000 0.1000 0.0000 0.4873 -0.2070 -0.121705 -0.711589 12.29 
24.0064 2 1 1 0x0 -0.9200 -0.6766 -0.92 -0.68 -0.0000 0.0000 0.1000 0.0000 0.4873 -0.2070 -0.121705 -0.711561 12.29 
24.0164 2 1 1 0x0 -0.9201 -0.6767 -0.92 -0.68 -0.0000 0.0000 0.1000 0.0000 0.4873 -0.2070 -0.121705 -0.711560 12.28 
24.0264 2 1 1 0x0 -0.9201 -0.6767 -0.92 -0.68 -0.0000 0.0000 0.1000 0.0000 0.4873 -0.2070 -0.121705 -0.711562 12.28 
24.0364 2 1 1 0x0 -0.9202 -0.6768 -0.92 -0.68 -0.0000 0.0000 0.1000 0.0000 0.4873 -0.2070 -0.121705 -0.711600 12.28 
24.0464 2 1 1 0x0 -0.9202 -0.6768 -0.92 -0.68 -0.0000 0.0000 0.1000 0.0000 0.4873 -0.2070 -0.121705 -0.711607 12.28 
24.0564 2 1 1 0x0 -0.9203 -0.6769 -0.92 -0.68 -0.0000 0.0000 0.1000 0.0000 0.4873 -0.2070 -0.121705 -0.711596 12.29 
24.0664 2 1 1 0x0 -0.9203 -0.6769 -0.92 -0.68 -0.0000 0.0000 0.1000 0.0000 0.4873 -0.2070 -0.121705 -0.711585 12.29 
24.0764 2 1 1 0x0 -0.9203 -0.6769 -0.92 -0.68 -0.0000 0.0000 0.1000 0.0000 0.4873 -0.2070 -0.121705 -0.711579 12.28 
24.0864 2 1 1 0x0 -0.9204 -0.6770 -0.92 -0.68 -0.0000 0.0000 0.1000 0.0000 0.4873 -0.2070 -0.121705 -0.711587 12.29 
24.0964 2 1 1 0x0 -0.9204 -0.6770 -0.92 -0.68 -0.0000 0.0000 0.1000 0.0000 0.4873 -0.2070 -0.121705 -0.711591 12.29 
24.1064 2 1 1 0x0 -0.9205 -0.6771 -0.92 -0.68 -0.0000 0.0000 0.1000 0.0000 0.4873 -0.2070 -0.121705 -0.711610 12.29 
24.1164 2 1 1 0x0 -0.9205 -0.6771 -0.92 -0.68 -0.0000 0.0000 0.1000 0.0000 0.4873 -0.2070 -0.121705 -0.711604 12.28 
24.1264 2 1 1 0x0 -0.9206 -0.6772 -0.92 -0.68 -0.0000 0.0000 0.1000 0.0000 0.4873 -0.2070 -0.121705 -0.711595 12.29 
24.1364 2 1 1 0x0 -0.9206 -0.6772 -0.92 -0.68 -0.0000 0.0000 0.1000 0.0000 0.4873 -0.2070 -0.121705 -0.711583 12.28 
24.1464 2 1 1 0x0 -0.9207 -0.6773 -0.92 -0.68 -0.0000 0.0000 0.1000 0.0000 0.4873 -0.2070 -0.121705 -0.711590 12.28 
24.1564 2 1 1 0x0 -0.9207 -0.6773 -0.92 -0.68 -0.0000 0.0000 0.1000 0.0000 0.4873 -0.2070 -0.121705 -0.711600 12.28 
24.1663 2 1 1 0x0 -0.9208 -0.6773 -0.92 -0.68 -0.0000 0.0000 0.1000 0.0000 0.4873 -0.2070 -0.121705 -0.711601 12.28 
24.1763 2 1 1 0x0 -0.9208 -0.6774 -0.92 -0.68 -0.0000 0.0000 0.1000 0.0000 0.4873 -0.2070 -0.121705 -0.711613 12.28 
24.1863 2 1 1 0x0 -0.9208 -0.6774 -0.92 -0.68 -0.0000 0.0000 0.1000 0.0000 0.4873 -0.2070 -0.121705 -0.711623 12.28 
24.1963 2 1 1 0x0 -0.9209 -0.6775 -0.92 -0.68 -0.0000 0.0000 0.1000 0.0000 0.4873 -0.2070 -0.121705 -0.711609 12.29 
24.2063 2 1 1 0x0 -0.9209 -0.6775 -0.92 -0.68 -0.0000 0.0000 0.1000 0.0000 0.4873 -0.2070 -0.121705 -0.711606 12.28 
24.2163 2 1 1 0x0 -0.9210 -0.6776 -0.92 -0.68 -0.0000 0.0000 0.1000 0.0000 0.4873 -0.2070 -0.121705 -0.711583 12.29 
24.2263 2 1 1 0x0 -0.9210 -0.6776 -0.92 -0.68 -0.0000 0.0000 0.1000 0.0000 0.4873 -0.2070 -0.121705 -0.711570 12.28 
24.2363 2 1 1 0x0 -0.9211 -0.6777 -0.92 -0.68 -0.0000 0.0000 0.1000 0.0000 0.4873 -0.2070 -0.121705 -0.711567 12.28 
24.2463 2 1 1 0x0 -0.9211 -0.6777 -0.92 -0.68 -0.0000 0.0000 0.1000 0.0000 0.4873 -0.2070 -0.121705 -0.711585 12.28 
24.2563 2 1 1 0x0 -0.9212 -0.6778 -0.92 -0.68 -0.0000 0.0000 0.1000 0.0000 0.4873 -0.2070 -0.121705 -0.711593 12.28 
24.2663 2 1 1 0x0 -0.9212 -0.6778 -0.92 -0.68 -0.0000 0.0000 0.1000 0.0000 0.4873 -0.2070 -0.121705 -0.711589 12.28 
24.2763 2 1 1 0x0 -0.9213 -0.6778 -0.92 -0.68 -0.0000 0.0000 0.1000 0.0000 0.4873 -0.2070 -0.121705 -0.711601 12.29 
24.2863 2 1 1 0x0 -0.9213 -0.6779 -0.92 -0.68 -0.0000 0.0000 0.1000 0.0000 0.4873 -0.2070 -0.121705 -0.711615 12.28 
24.2963 2 1 1 0x0 -0.9213 -0.6779 -0.92 -0.68 -0.0000 0.0000 0.1000 0.0000 0.4873 -0.2070 -0.121705 -0.711623 12.28 
24.3063 2 1 1 0x0 -0.9214 -0.6780 -0.92 -0.68 -0.0000 0.0000 0.1000 0.0000 0.4873 -0.2070 -0.121705 -0.711600 12.29 
24.3163 2 1 1 0x0 -0.9214 -0.6780 -0.92 -0.68 -0.0000 0.0000 0.1000 0.0000 0.4873 -0.2070 -0.121705 -0.711582 12.29 
24.3263 2 1 1 0x0 -0.9215 -0.6781 -0.92 -0.68 -0.0000 0.0000 0.1000 0.0000 0.4873 -0.2070 -0.121705 -0.711595 12.28 
24.3363 2 1 1 0x0 -0.9215 -0.6781 -0.92 -0.68 -0.0000 0.0000 0.1000 0.0000 0.4873 -0.2070 -0.121705 -0.711585 12.28 
24.3462 2 1 1 0x0 -0.9216 -0.6782 -0.92 -0.68 -0.0000 0.0000 0.1000 0.0000 0.4873 -0.2070 -0.121705 -0.711573 12.28 
24.3562 2 1 1 0x0 -0.9216 -0.6782 -0.92 -0.68 -0.0000 0.0000 0.1000 0.0000 0.4873 -0.2070 -0.121705 -0.711571 12.29 
24.3662 2 1 1 0x0 -0.9217 -0.6783 -0.92 -0.68 -0.0000 0.0000 0.1000 0.0000 0.4873 -0.2070 -0.121705 -0.711593 12.28 
24.3762 2 1 1 0x0 -0.9217 -0.6783 -0.92 -0.68 -0.0000 0.0000 0.1000 0.0000 0.4873 -0.2070 -0.121705 -0.711595 12.28 
24.3862 2 1 1 0x0 -0.9218 -0.6783 -0.92 -0.68 -0.0000 0.0000 0.1000 0.0000 0.4873 -0.2070 -0.121705 -0.711584 12.29 
24.3962 2 1 1 0x0 -0.9218 -0.6784 -0.92 -0.68 -0.0000 0.0000 0.1000 0.0000 0.4873 -0.2070 -0.121705 -0.711569 12.28 
24.4062 2 1 1 0x0 -0.9218 -0.6784 -0.92 -0.68 -0.0000 0.0000 0.1000 0.0000 0.4873 -0.2070 -0.121705 -0.711575 12.29 
24.4162 2 1 1 0x0 -0.9219 -0.6785 -0.92 -0.68 -0.0000 0.0000 0.1000 0.0000 0.4873 -0.2070 -0.121705 -0.711564 12.28 
24.4262 2 1 1 0x0 -0.9219 -0.6785 -0.92 -0.68 -0.0000 0.0000 0.1000 0.0000 0.4873 -0.2070 -0.121705 -0.711561 12.28 
24.4362 2 1 1 0x0 -0.9220 -0.6786 -0.92 -0.68 -0.0000 0.0000 0.1000 0.0000 0.4873 -0.2070 -0.121705 -0.711580 12.28 
24.4462 2 1 1 0x0 -0.9220 -0.6786 -0.92 -0.68 -0.0000 0.0000 0.1000 0.0000 0.4873 -0.2070 -0.121705 -0.711575 12.28 
24.4562 2 1 1 0x0 -0.9221 -0.6787 -0.92 -0.68 -0.0000 0.0000 0.1000 0.0000 0.4873 -0.2070 -0.121705 -0.711578 12.28 
24.4662 2 1 1 0x0 -0.9221 -0.6787 -0.92 -0.68 -0.0000 0.0000 0.1000 0.0000 0.4873 -0.2070 -0.121705 -0.711574 12.28 
24.4762 2 1 1 0x0 -0.9222 -0.6788 -0.92 -0.68 -0.0000 0.0000 0.1000 0.0000 0.4873 -0.2070 -0.121705 -0.711551 12.28 
24.4862 2 1 1 0x0 -0.9222 -0.6788 -0.92 -0.68 -0.0000 0.0000 0.1000 0.0000 0.4873 -0.2070 -0.121705 -0.711552 12.29 
24.4962 2 1 1 0x0 -0.9223 -0.6788 -0.92 -0.68 -0.0000 0.0000 0.1000 0.0000 0.4873 -0.2070 -0.121705 -0.711556 12.28 
24.5062 2 1 1 0x0 -0.9223 -0.6789 -0.92 -0.68 -0.0000 0.0000 0.1000 0.0000 0.4873 -0.2070 -0.121705 -0.711546 12.28 
24.5162 2 1 1 0x0 -0.9223 -0.6789 -0.92 -0.68 -0.0000 0.0000 0.1000 0.0000 0.4873 -0.2070 -0.121705 -0.711546 12.28 
24.5261 2 1 1 0x0 -0.9224 -0.6790 -0.92 -0.68 -0.0000 0.0000 0.1000 0.0000 0.4873 -0.2070 -0.121705 -0.711545 12.28 
24.5361 2 1 1 0x0 -0.9224 -0.6790 -0.92 -0.68 -0.0000 0.0000 0.1000 0.0000 0.4873 -0.2070 -0.121705 -0.711546 12.28 
24.5461 2 1 1 0x0 -0.9225 -0.6791 -0.92 -0.68 -0.0000 0.0000 0.1000 0.0000 0.4873 -0.2070 -0.121705 -0.711552 12.28 
24.5561 2 1 1 0x0 -0.9225 -0.6791 -0.92 -0.68 -0.0000 0.0000 0.1000 0.0000 0.4873 -0.2070 -0.121705 -0.711565 12.28 
24.5661 2 1 1 0x0 -0.9226 -0.6792 -0.92 -0.68 -0.0000 0.0000 0.1000 0.0000 0.4873 -0.2070 -0.121705 -0.711578 12.29 
24.5761 2 1 1 0x0 -0.9226 -0.6792 -0.92 -0.68 -0.0000 0.0000 0.1000 0.0000 0.4873 -0.2070 -0.121705 -0.711575 12.28 
24.5861 2 1 1 0x0 -0.9227 -0.6793 -0.92 -0.68 -0.0000 0.0000 0.1000 0.0000 0.4873 -0.2070 -0.121705 -0.711562 12.28 
24.5961 2 1 1 0x0 -0.9227 -0.6793 -0.92 -0.68 -0.0000 0.0000 0.1000 0.0000 0.4873 -0.2070 -0.121705 -0.711568 12.29 
24.6061 2 1 1 0x0 -0.9228 -0.6793 -0.92 -0.68 -0.0000 0.0000 0.1000 0.0000 0.4873 -0.2070 -0.121705 -0.711573 12.29 
24.6161 2 1 1 0x0 -0.9228 -0.6794 -0.92 -0.68 -0.0000 0.0000 0.1000 0.0000 0.4873 -0.2070 -0.121705 -0.711588 12.28 
24.6261 2 1 1 0x0 -0.9228 -0.6794 -0.92 -0.68 -0.0000 0.0000 0.1000 0.0000 0.4873 -0.2070 -0.121705 -0.711573 12.29 
24.6361 2 1 1 0x0 -0.9229 -0.6795 -0.92 -0.68 -0.0000 0.0000 0.1000 0.0000 0.4873 -0.2070 -0.121705 -0.711585 12.29 
24.6461 2 1 1 0x0 -0.9229 -0.6795 -0.92 -0.68 -0.0000 0.0000 0.1000 0.0000 0.4873 -0.2070 -0.121705 -0.711596 12.28 
24.6561 2 1 1 0x0 -0.9230 -0.6796 -0.92 -0.68 -0.0000 0.0000 0.1000 0.0000 0.4873 -0.2070 -0.121705 -0.711613 12.28 
24.6661 2 1 1 0x0 -0.9230 -0.6796 -0.92 -0.68 -0.0000 0.0000 0.1000 0.0000 0.4873 -0.2070 -0.121705 -0.711608 12.29 
24.6761 2 1 1 0x0 -0.9231 -0.6797 -0.92 -0.68 -0.0000 0.0000 0.1000 0.0000 0.4873 -0.2070 -0.121705 -0.711605 12.28 
24.6861 2 1 1 0x0 -0.9231 -0.6797 -0.92 -0.68 -0.0000 0.0000 0.1000 0.0000 0.4873 -0.2070 -0.121705 -0.711608 12.29 
24.6961 2 1 1 0x0 -0.9232 -0.6797 -0.92 -0.68 -0.0000 0.0000 0.1000 0.0000 0.4873 -0.2070 -0.121705 -0.711606 12.29 
24.7061 2 1 1 0x0 -0.9232 -0.6798 -0.92 -0.68 -0.0000 0.0000 0.1000 0.0000 0.4873 -0.2070 -0.121705 -0.711629 12.28 
24.7160 2 1 1 0x0 -0.9232 -0.6798 -0.92 -0.68 -0.0000 0.0000 0.1000 0.0000 0.4873 -0.2070 -0.121705 -0.711637 12.29 
24.7260 2 1 1 0x0 -0.9233 -0.6799 -0.92 -0.68 -0.0000 0.0000 0.1000 0.0000 0.4873 -0.2070 -0.121705 -0.711646 12.28 
24.7360 2 1 1 0x0 -0.9233 -0.6799 -0.92 -0.68 -0.0000 0.0000 0.1000 0.0000 0.4873 -0.2070 -0.121705 -0.711623 12.28 
24.7460 2 1 1 0x0 -0.9234 -0.6800 -0.92 -0.68 -0.0000 0.0000 0.1000 0.0000 0.4873 -0.2070 -0.121705 -0.711603 12.28 
24.7560 2 1 1 0x0 -0.9234 -0.6800 -0.92 -0.68 -0.0000 0.0000 0.1000 0.0000 0.4873 -0.2070 -0.121705 -0.711594 12.28 
24.7660 2 1 1 0x0 -0.9235 -0.6801 -0.92 -0.68 -0.0000 0.0000 0.1000 0.0000 0.4873 -0.2070 -0.121705 -0.711613 12.30 
24.7760 2 1 1 0x0 -0.9235 -0.6801 -0.92 -0.68 -0.0000 0.0000 0.1000 0.0000 0.4873 -0.2070 -0.121705 -0.711610 12.28 
24.7860 2 1 1 0x0 -0.9236 -0.6802 -0.92 -0.68 -0.0000 0.0000 0.1000 0.0000 0.4873 -0.2070 -0.121705 -0.711613 12.28 
24.7960 2 1 1 0x0 -0.9236 -0.6802 -0.92 -0.68 -0.0000 0.0000 0.1000 0.0000 0.4873 -0.2070 -0.121705 -0.711626 12.28 
24.8060 2 1 1 0x0 -0.9237 -0.6802 -0.92 -0.68 -0.0000 0.0000 0.1000 0.0000 0.4873 -0.2070 -0.121705 -0.711648 12.28 
24.8160 2 1 1 0x0 -0.9237 -0.6803 -0.92 -0.68 -0.0000 0.0000 0.1000 0.0000 0.4873 -0.2070 -0.121705 -0.711649 12.29 
24.8260 2 1 1 0x0 -0.9237 -0.6803 -0.92 -0.68 -0.0000 0.0000 0.1000 0.0000 0.4873 -0.2070 -0.121705 -0.711650 12.29 
24.8360 2 1 1 0x0 -0.9238 -0.6804 -0.92 -0.68 -0.0000 0.0000 0.1000 0.0000 0.4873 -0.2070 -0.121705 -0.711658 12.28 
24.8460 2 1 1 0x0 -0.9238 -0.6804 -0.92 -0.68 -0.0000 0.0000 0.1000 0.0000 0.4873 -0.2070 -0.121705 -0.711670 12.29 
24.8560 2 1 1 0x0 -0.9239 -0.6805 -0.92 -0.68 -0.0000 0.0000 0.1000 0.0000 0.4873 -0.2070 -0.121705 -0.711659 12.29 
24.8660 2 1 1 0x0 -0.9239 -0.6805 -0.92 -0.68 -0.0000 0.0000 0.1000 0.0000 0.4873 -0.2070 -0.121705 -0.711667 12.29 
24.8760 2 1 1 0x0 -0.9240 -0.6806 -0.92 -0.68 -0.0000 0.0000 0.1000 0.0000 0.4873 -0.2070 -0.121705 -0.711646 12.28 
24.8860 2 1 1 0x0 -0.9240 -0.6806 -0.92 -0.68 -0.0000 0.0000 0.1000 0.0000 0.4873 -0.2070 -0.121705 -0.711655 12.28 
24.8959 2 1 1 0x0 -0.9241 -0.6807 -0.92 -0.68 -0.0000 0.0000 0.1000 0.0000 0.4873 -0.2070 -0.121705 -0.711642 12.29 
24.9059 2 1 1 0x0 -0.9241 -0.6807 -0.92 -0.68 -0.0000 0.0000 0.1000 0.0000 0.4873 -0.2070 -0.121705 -0.711656 12.29 
24.9159 2 1 1 0x0 -0.9242 -0.6807 -0.92 -0.68 -0.0000 0.0000 0.1000 0.0000 0.4873 -0.2070 -0.121705 -0.711680 12.29 
24.9259 2 1 1 0x0 -0.9242 -0.6808 -0.92 -0.68 -0.0000 0.0000 0.1000 0.0000 0.4873 -0.2070 -0.121705 -0.711682 12.29 
24.9359 2 1 1 0x0 -0.9242 -0.6808 -0.92 -0.68 -0.0000 0.0000 0.1000 0.0000 0.4873 -0.2070 -0.121705 -0.711687 12.28 
24.9459 2 1 1 0x0 -0.9243 -0.6809 -0.92 -0.68 -0.0000 0.0000 0.1000 0.0000 0.4873 -0.2070 -0.121705 -0.711714 12.29 
24.9559 2 1 1 0x0 -0.9243 -0.6809 -0.92 -0.68 -0.0000 0.0000 0.1000 0.0000 0.4873 -0.2070 -0.121705 -0.711700 12.28 
24.9659 2 1 1 0x0 -0.9244 -0.6810 -0.92 -0.68 -0.0000 0.0000 0.1000 0.0000 0.4873 -0.2070 -0.121705 -0.711714 12.28 
24.9759 2 1 1 0x0 -0.9244 -0.6810 -0.92 -0.68 -0.0000 0.0000 0.1000 0.0000 0.4873 -0.2070 -0.121705 -0.711710 12.28 
24.9859 2 1 1 0x0 -0.9245 -0.6811 -0.92 -0.68 -0.0000 0.0000 0.1000 0.0000 0.4873 -0.2070 -0.121705 -0.711722 12.28 
24.9959 2 1 1 0x0 -0.9245 -0.6811 -0.92 -0.68 -0.0000 0.0000 0.1000 0.0000 0.4873 -0.2070 -0.121705 -0.711736 12.28 
25.0059 2 1 1 0x0 -0.9246 -0.6812 -0.92 -0.68 -0.0000 0.0000 0.1000 0.0000 0.4873 -0.2070 -0.121705 -0.711722 12.28 
25.0159 2 1 1 0x0 -0.9246 -0.6812 -0.92 -0.68 -0.0000 0.0000 0.1000 0.0000 0.4873 -0.2070 -0.121705 -0.711732 12.28 
25.0259 2 1 1 0x0 -0.9247 -0.6812 -0.92 -0.68 -0.0000 0.0000 0.1000 0.0000 0.4873 -0.2070 -0.121705 -0.711740 12.28 
25.0359 2 1 1 0x0 -0.9247 -0.6813 -0.92 -0.68 -0.0000 0.0000 0.1000 0.0000 0.4873 -0.2070 -0.121705 -0.711784 12.28 
25.0459 2 1 1 0x0 -0.9247 -0.6813 -0.92 -0.68 -0.0000 0.0000 0.1000 0.0000 0.4873 -0.2070 -0.121705 -0.711793 12.29 
25.0559 2 1 1 0x0 -0.9248 -0.6814 -0.92 -0.68 -0.0000 0.0000 0.1000 0.0000 0.4873 -0.2070 -0.121705 -0.711797 12.28 
25.0659 2 1 1 0x0 -0.9248 -0.6814 -0.92 -0.68 -0.0000 0.0000 0.1000 0.0000 0.4873 -0.2070 -0.121705 -0.711789 12.28 
25.0758 2 1 1 0x0 -0.9249 -0.6815 -0.92 -0.68 -0.0000 0.0000 0.1000 0.0000 0.4873 -0.2070 -0.121705 -0.711786 12.29 
25.0858 2 1 1 0x0 -0.9249 -0.6815 -0.92 -0.68 -0.0000 0.0000 0.1000 0.0000 0.4873 -0.2070 -0.121705 -0.711789 12.28 
25.0958 2 1 1 0x0 -0.9250 -0.6816 -0.92 -0.68 -0.0000 0.0000 0.1000 0.0000 0.4873 -0.2070 -0.121705 -0.711774 12.29 
25.1058 2 1 1 0x0 -0.9250 -0.6816 -0.93 -0.68 -0.0000 0.0000 0.1000 0.0000 0.4873 -0.2070 -0.121705 -0.711754 12.29 
25.1158 2 1 1 0x0 -0.9251 -0.6817 -0.93 -0.68 -0.0000 0.0000 0.1000 0.0000 0.4873 -0.2070 -0.121705 -0.711725 12.28 
25.1258 2 1 1 0x0 -0.9251 -0.6817 -0.93 -0.68 -0.0000 0.0000 0.1000 0.0000 0.4873 -0.2070 -0.121705 -0.711738 12.28 
25.1358 2 1 1 0x0 -0.9252 -0.6817 -0.93 -0.68 -0.0000 0.0000 0.1000 0.0000 0.4873 -0.2070 -0.121705 -0.711772 12.28 
25.1458 2 1 1 0x0 -0.9252 -0.6818 -0.93 -0.68 -0.0000 0.0000 0.1000 0.0000 0.4873 -0.2070 -0.121705 -0.711773 12.28 
25.1558 2 1 1 0x0 -0.9252 -0.6818 -0.93 -0.68 -0.0000 0.0000 0.1000 0.0000 0.4873 -0.2070 -0.121705 -0.711783 12.28 
25.1658 2 1 1 0x0 -0.9253 -0.6819 -0.93 -0.68 -0.0000 0.0000 0.1000 0.0000 0.4873 -0.2070 -0.121705 -0.711776 12.29 
25.1758 2 1 1 0x0 -0.9253 -0.6819 -0.93 -0.68 -0.0000 0.0000 0.1000 0.0000 0.4873 -0.2070 -0.121705 -0.711771 12.29 
25.1858 2 1 1 0x0 -0.9254 -0.6820 -0.93 -0.68 -0.0000 0.0000 0.1000 0.0000 0.4873 -0.2070 -0.121705 -0.711742 12.28 
25.1958 2 1 1 0x0 -0.9254 -0.6820 -0.93 -0.68 -0.0000 0.0000 0.1000 0.0000 0.4873 -0.2070 -0.121705 -0.711731 12.28 
25.2058 2 1 1 0x0 -0.9255 -0.6821 -0.93 -0.68 -0.0000 0.0000 0.1000 0.0000 0.4873 -0.2070 -0.121705 -0.711723 12.28 
25.2158 2 1 1 0x0 -0.9255 -0.6821 -0.93 -0.68 -0.0000 0.0000 0.1000 0.0000 0.4873 -0.2070 -0.121705 -0.711749 12.28 
25.2258 2 1 1 0x0 -0.9256 -0.6822 -0.93 -0.68 -0.0000 0.0000 0.1000 0.0074 0.4873 -0.2070 -0.121705 -0.711754 12.29 
25.2358 2 1 1 0x0 -0.9256 -0.6822 -0.93 -0.68 -0.0000 0.0000 0.1000 0.0174 0.4873 -0.2070 -0.121705 -0.711755 12.28 
25.2458 2 1 1 0x0 -0.9257 -0.6822 -0.93 -0.68 -0.0000 0.0000 0.1000 0.0274 0.4873 -0.2070 -0.121705 -0.711759 12.28 
25.2557 2 1 1 0x0 -0.9257 -0.6823 -0.93 -0.68 -0.0000 0.0000 0.1000 0.0374 0.4873 -0.2070 -0.121705 -0.711754 12.29 
25.2657 2 1 1 0x0 -0.9257 -0.6823 -0.93 -0.68 -0.0000 0.0047 0.1000 0.0474 0.4873 -0.2070 -0.121705 -0.711746 12.28 
25.2757 2 1 1 0x0 -0.9258 -0.6824 -0.93 -0.68 -0.0000 0.0047 0.1000 0.0574 0.4873 -0.2070 -0.121705 -0.711751 12.29 
25.2857 2 1 1 0x0 -0.9258 -0.6824 -0.93 -0.68 -0.0000 0.0047 0.1000 0.0674 0.4873 -0.2070 -0.121705 -0.711757 12.28 
25.2957 2 1 1 0x0 -0.9259 -0.6825 -0.93 -0.68 -0.0000 0.0047 0.1000 0.0774 0.4873 -0.2070 -0.121705 -0.711770 12.29 
25.3057 2 1 1 0x0 -0.9259 -0.6825 -0.93 -0.68 -0.0000 0.0047 0.1000 0.0874 0.4873 -0.2070 -0.121705 -0.711772 12.28 
25.3157 2 1 1 0x0 -0.9260 -0.6826 -0.93 -0.68 -0.0000 0.0047 0.1000 0.0974 0.4873 -0.2070 -0.121705 -0.711787 12.28 
25.3257 2 1 1 0x0 -0.9260 -0.6826 -0.93 -0.68 -0.0000 0.0047 0.1000 0.1000 0.4873 -0.2070 -0.121705 -0.711785 12.28 
25.3357 2 1 1 0x0 -0.9261 -0.6826 -0.93 -0.68 -0.0000 0.0047 0.1000 0.1000 0.4873 -0.2070 -0.121705 -0.711790 12.28 
25.3457 2 1 1 0x0 -0.9261 -0.6827 -0.93 -0.68 -0.0000 0.0047 0.1000 0.1000 0.4873 -0.2070 -0.121705 -0.711812 12.28 
25.3557 2 1 1 0x0 -0.9261 -0.6827 -0.93 -0.68 -0.0000 0.0043 0.1000 0.1000 0.4873 -0.2070 -0.121705 -0.711807 12.28 
25.3657 2 1 1 0x0 -0.9262 -0.6828 -0.93 -0.68 -0.0000 0.0039 0.1000 0.1000 0.4873 -0.2070 -0.121705 -0.711800 12.29 
25.3757 2 1 1 0x0 -0.9262 -0.6828 -0.93 -0.68 -0.0000 0.0036 0.1000 0.1000 0.4873 -0.2070 -0.121705 -0.711789 12.28 
25.3857 2 1 1 0x0 -0.9263 -0.6829 -0.93 -0.68 -0.0000 0.0033 0.1000 0.1000 0.4873 -0.2070 -0.121705 -0.711771 12.29 
25.3957 2 1 1 0x0 -0.9263 -0.6829 -0.93 -0.68 -0.0000 0.0030 0.1000 0.1000 0.4873 -0.2070 -0.121705 -0.711744 12.29 
25.4057 2 1 1 0x0 -0.9264 -0.6830 -0.93 -0.68 -0.0000 0.0028 0.1000 0.1000 0.4873 -0.2070 -0.121705 -0.711757 12.28 
25.4157 2 1 1 0x0 -0.9264 -0.6830 -0.93 -0.68 -0.0000 0.0026 0.1000 0.1000 0.4873 -0.2070 -0.121705 -0.711765 12.28 
25.4257 2 1 1 0x0 -0.9265 -0.6831 -0.93 -0.68 -0.0000 0.0025 0.1000 0.1000 0.4873 -0.2070 -0.121705 -0.711778 12.28 
25.4356 2 1 1 0x0 -0.9265 -0.6831 -0.93 -0.68 -0.0000 0.0023 0.1000 0.1000 0.4873 -0.2070 -0.121705 -0.711785 12.28 
25.4456 2 1 1 0x0 -0.9266 -0.6831 -0.93 -0.68 -0.0000 0.0022 0.1000 0.1000 0.4873 -0.2070 -0.121705 -0.711773 12.29 
25.4556 2 1 1 0x0 -0.9266 -0.6832 -0.93 -0.68 -0.0000 0.0021 0.1000 0.1000 0.4873 -0.2070 -0.121705 -0.711757 12.28 
25.4656 2 1 1 0x0 -0.9266 -0.6832 -0.93 -0.68 -0.0000 0.0000 0.1000 0.1000 0.4873 -0.2070 -0.121705 -0.711752 12.28 
25.4756 2 1 1 0x0 -0.9267 -0.6833 -0.93 -0.68 -0.0000 0.0000 0.1000 0.1000 0.4873 -0.2070 -0.121705 -0.711756 12.28 
25.4856 2 1 1 0x0 -0.9267 -0.6833 -0.93 -0.68 -0.0000 0.0000 0.1000 0.1000 0.4873 -0.2070 -0.121705 -0.711778 12.28 
25.4956 2 1 1 0x0 -0.9268 -0.6834 -0.93 -0.68 -0.0000 0.0000 0.1000 0.1000 0.4873 -0.2070 -0.121705 -0.711772 12.28 
25.5056 2 1 1 0x0 -0.9268 -0.6834 -0.93 -0.68 -0.0000 0.0000 0.1000 0.1000 0.4873 -0.2070 -0.121705 -0.711806 12.28 
25.5156 2 1 1 0x0 -0.9269 -0.6835 -0.93 -0.68 -0.0000 0.0000 0.1000 0.1000 0.4873 -0.2070 -0.121705 -0.711797 12.29 
25.5256 2 1 1 0x0 -0.9269 -0.6835 -0.93 -0.68 -0.0000 0.0000 0.1000 0.1000 0.4873 -0.2070 -0.121705 -0.711794 12.28 
25.5356 2 1 1 0x0 -0.9270 -0.6836 -0.93 -0.68 -0.0000 0.0000 0.0000 0.1000 0.4873 -0.2070 -0.121705 -0.711784 12.28 
25.5456 2 1 1 0x0 -0.9270 -0.6836 -0.93 -0.68 -0.0000 0.0000 0.0000 0.1000 0.4873 -0.2070 -0.121705 -0.711765 12.28 
25.5556 2 1 1 0x0 -0.9271 -0.6836 -0.93 -0.68 -0.0000 0.0000 0.0000 0.1000 0.4873 -0.2070 -0.121705 -0.711783 12.28 
25.5656 2 1 1 0x0 -0.9271 -0.6837 -0.93 -0.68 -0.0000 0.0000 0.0000 0.1000 0.4873 -0.2070 -0.121705 -0.711769 12.28 
25.5756 2 1 1 0x0 -0.9271 -0.6837 -0.93 -0.68 -0.0000 0.0000 0.0000 0.1000 0.4873 -0.2070 -0.121705 -0.711773 12.28 
25.5856 2 1 1 0x0 -0.9272 -0.6838 -0.93 -0.68 -0.0000 0.0000 0.0000 0.1000 0.4873 -0.2070 -0.121705 -0.711788 12.28 
25.5956 2 1 1 0x0 -0.9272 -0.6838 -0.93 -0.68 -0.0000 0.0000 0.0000 0.1000 0.4873 -0.2070 -0.121705 -0.711799 12.28 
25.6056 2 1 1 0x0 -0.9273 -0.6839 -0.93 -0.68 -0.0000 0.0000 0.0000 0.1000 0.4873 -0.2070 -0.121705 -0.711802 12.28 
25.6156 2 1 1 0x0 -0.9273 -0.6839 -0.93 -0.68 -0.0000 0.0000 0.0000 0.1000 0.4873 -0.2070 -0.121705 -0.711830 12.28 
25.6255 2 1 1 0x0 -0.9274 -0.6840 -0.93 -0.68 -0.0000 0.0000 0.0000 0.1000 0.4873 -0.2070 -0.121705 -0.711839 12.28 
25.6355 2 1 1 0x0 -0.9274 -0.6840 -0.93 -0.68 -0.0000 0.0000 0.0000 0.1000 0.4873 -0.2070 -0.121705 -0.711855 12.29 
25.6455 2 1 1 0x0 -0.9275 -0.6841 -0.93 -0.68 -0.0000 0.0000 0.0000 0.1000 0.4873 -0.2070 -0.121705 -0.711845 12.29 
25.6555 2 1 1 0x0 -0.9275 -0.6841 -0.93 -0.68 -0.0000 0.0000 0.0000 0.1000 0.4873 -0.2070 -0.121705 -0.711856 12.28 
25.6655 2 1 1 0x0 -0.9276 -0.6841 -0.93 -0.68 -0.0000 0.0000 0.0000 0.1000 0.4873 -0.2070 -0.121705 -0.711851 12.28 
25.6755 2 1 1 0x0 -0.9276 -0.6842 -0.93 -0.68 -0.0000 0.0000 0.0000 0.1000 0.4873 -0.2070 -0.121705 -0.711852 12.29 
25.6855 2 1 1 0x0 -0.9276 -0.6842 -0.93 -0.68 -0.0000 0.0000 0.0000 0.1000 0.4873 -0.2070 -0.121705 -0.711830 12.28 
25.6955 2 1 1 0x0 -0.9277 -0.6843 -0.93 -0.68 -0.0000 0.0000 0.0000 0.1000 0.4873 -0.2070 -0.121705 -0.711810 12.29 
25.7055 2 1 1 0x0 -0.9277 -0.6843 -0.93 -0.68 -0.0000 0.0000 0.0000 0.1000 0.4873 -0.2070 -0.121705 -0.711752 12.28 
25.7155 2 1 1 0x0 -0.9278 -0.6844 -0.93 -0.68 -0.0000 0.0000 0.0000 0.1000 0.4873 -0.2070 -0.121705 -0.711758 12.28 
25.7255 2 1 1 0x0 -0.9278 -0.6844 -0.93 -0.68 -0.0000 0.0000 0.0000 0.1000 0.4873 -0.2070 -0.121705 -0.711752 12.28 
25.7355 2 1 1 0x0 -0.9279 -0.6845 -0.93 -0.68 -0.0000 0.0000 0.0000 0.1000 0.4873 -0.2070 -0.121705 -0.711784 12.28 
25.7455 2 1 1 0x0 -0.9279 -0.6845 -0.93 -0.68 -0.0000 0.0000 0.0000 0.1000 0.4873 -0.2070 -0.121705 -0.711803 12.28 
25.7555 2 1 1 0x0 -0.9280 -0.6846 -0.93 -0.68 -0.0000 0.0000 0.0000 0.1000 0.4873 -0.2070 -0.121705 -0.711808 12.28 
25.7655 2 1 1 0x0 -0.9280 -0.6846 -0.93 -0.68 -0.0000 0.0000 0.0000 0.1000 0.4873 -0.2070 -0.121705 -0.711831 12.29 
25.7755 2 1 1 0x0 -0.9281 -0.6846 -0.93 -0.68 -0.0000 0.0000 0.0000 0.1000 0.4873 -0.2070 -0.121705 -0.711853 12.28 
25.7855 2 1 1 0x0 -0.9281 -0.6847 -0.93 -0.68 -0.0000 0.0000 0.0000 0.1000 0.4873 -0.2070 -0.121705 -0.711839 12.28 
25.7955 2 1 1 0x0 -0.9281 -0.6847 -0.93 -0.68 -0.0000 0.0000 0.0000 0.1000 0.4873 -0.2070 -0.121705 -0.711860 12.28 
25.8054 2 1 1 0x0 -0.9282 -0.6848 -0.93 -0.68 -0.0000 0.0000 0.0000 0.1000 0.4873 -0.2070 -0.121705 -0.711885 12.28 
25.8154 2 1 1 0x0 -0.9282 -0.6848 -0.93 -0.68 -0.0000 0.0000 0.0000 0.1000 0.4873 -0.2070 -0.121705 -0.711907 12.28 
25.8254 2 1 1 0x0 -0.9283 -0.6849 -0.93 -0.68 -0.0000 0.0000 0.0000 0.1000 0.4873 -0.2070 -0.121705 -0.711921 12.28 
25.8354 2 1 1 0x0 -0.9283 -0.6849 -0.93 -0.68 -0.0000 0.0000 0.0000 0.1000 0.4873 -0.2070 -0.121705 -0.711944 12.29 
25.8454 2 1 1 0x0 -0.9284 -0.6850 -0.93 -0.68 -0.0000 0.0000 0.0000 0.1000 0.4873 -0.2070 -0.121705 -0.711937 12.29 
25.8554 2 1 1 0x0 -0.9284 -0.6850 -0.93 -0.69 -0.0000 0.0000 0.0000 0.1000 0.4873 -0.2070 -0.121705 -0.711940 12.29 
25.8654 2 1 1 0x0 -0.9285 -0.6850 -0.93 -0.69 -0.0000 0.0000 0.0000 0.1000 0.4873 -0.2070 -0.121705 -0.711965 12.28 
25.8754 2 1 1 0x0 -0.9285 -0.6851 -0.93 -0.69 -0.0000 0.0000 0.0000 0.1000 0.4873 -0.2070 -0.121705 -0.711991 12.29 
25.8854 2 1 1 0x0 -0.9285 -0.6851 -0.93 -0.69 -0.0000 0.0000 0.0000 0.1000 0.4873 -0.2070 -0.121705 -0.712008 12.28 
25.8954 2 1 1 0x0 -0.9286 -0.6852 -0.93 -0.69 -0.0000 0.0000 0.0000 0.1000 0.4873 -0.2070 -0.121705 -0.712017 12.28 
25.9054 2 1 1 0x0 -0.9286 -0.6852 -0.93 -0.69 -0.0000 0.0000 0.0000 0.1000 0.4873 -0.2070 -0.121705 -0.712008 12.29 
25.9154 2 1 1 0x0 -0.9287 -0.6853 -0.93 -0.69 -0.0000 0.0000 0.0000 0.1000 0.4873 -0.2070 -0.121705 -0.712017 12.28 
25.9254 2 1 1 0x0 -0.9287 -0.6853 -0.93 -0.69 -0.0000 0.0000 0.0000 0.1000 0.4873 -0.2070 -0.121705 -0.712012 12.29 
25.9354 2 1 1 0x0 -0.9288 -0.6854 -0.93 -0.69 -0.0000 0.0000 0.0000 0.1000 0.4873 -0.2070 -0.121705 -0.712024 12.28 
25.9454 2 1 1 0x0 -0.9288 -0.6854 -0.93 -0.69 -0.0000 0.0000 0.0000 0.1000 0.4873 -0.2070 -0.121705 -0.712007 12.28 
25.9554 2 1 1 0x0 -0.9289 -0.6855 -0.93 -0.69 -0.0000 0.0000 0.0000 0.1000 0.4873 -0.2070 -0.121705 -0.712003 12.28 
25.9654 2 1 1 0x0 -0.9289 -0.6855 -0.93 -0.69 -0.0000 0.0000 0.0000 0.1000 0.4873 -0.2070 -0.121705 -0.711971 12.28 
25.9754 2 1 1 0x0 -0.9290 -0.6855 -0.93 -0.69 -0.0000 0.0000 0.0000 0.1000 0.4873 -0.2070 -0.121705 -0.711955 12.28 
25.9853 2 1 1 0x0 -0.9290 -0.6856 -0.93 -0.69 -0.0000 0.0000 0.0000 0.1000 0.4873 -0.2070 -0.121705 -0.711965 12.28 
25.9953 2 1 1 0x0 -0.9290 -0.6856 -0.93 -0.69 -0.0000 0.0000 0.0000 0.1000 0.4873 -0.2070 -0.121705 -0.711994 12.28 
26.0053 2 1 1 0x0 -0.9291 -0.6857 -0.93 -0.69 -0.0000 0.0000 0.0000 0.1000 0.4873 -0.2070 -0.121705 -0.712011 12.29 
26.0153 2 1 1 0x0 -0.9291 -0.6857 -0.93 -0.69 -0.0000 0.0000 0.0000 0.1000 0.4873 -0.2070 -0.121705 -0.712029 12.28 
26.0253 2 1 1 0x0 -0.9292 -0.6858 -0.93 -0.69 -0.0000 0.0000 0.0000 0.1000 0.4873 -0.2070 -0.121705 -0.712025 12.28 
26.0353 2 1 1 0x0 -0.9292 -0.6858 -0.93 -0.69 -0.0000 0.0000 0.0000 0.1000 0.4873 -0.2070 -0.121705 -0.712007 12.29 
26.0453 2 1 1 0x0 -0.9293 -0.6859 -0.93 -0.69 -0.0000 0.0000 0.0000 0.1000 0.4873 -0.2070 -0.121705 -0.712005 12.28 
26.0553 2 1 1 0x0 -0.9293 -0.6859 -0.93 -0.69 -0.0000 0.0000 0.0000 0.1000 0.4873 -0.2070 -0.121705 -0.712004 12.28 
26.0653 2 1 1 0x0 -0.9294 -0.6860 -0.93 -0.69 -0.0000 0.0000 0.0000 0.1000 0.4873 -0.2070 -0.121705 -0.711995 12.28 
26.0753 2 1 1 0x0 -0.9294 -0.6860 -0.93 -0.69 -0.0000 0.0000 0.0000 0.1000 0.4873 -0.2070 -0.121705 -0.711994 12.28 
26.0853 2 1 1 0x0 -0.9295 -0.6860 -0.93 -0.69 -0.0000 0.0000 0.0000 0.1000 0.4873 -0.2070 -0.121705 -0.711974 12.28 
26.0953 2 1 1 0x0 -0.9295 -0.6861 -0.93 -0.69 -0.0000 0.0000 0.0000 0.1000 0.4873 -0.2070 -0.121705 -0.711975 12.29 
26.1053 2 1 1 0x0 -0.9295 -0.6861 -0.93 -0.69 -0.0000 0.0000 0.0000 0.1000 0.4873 -0.2070 -0.121705 -0.711966 12.29 
26.1153 2 1 1 0x0 -0.9296 -0.6862 -0.93 -0.69 -0.0000 0.0000 0.0000 0.1000 0.4873 -0.2070 -0.121705 -0.711981 12.29 
26.1253 2 1 1 0x0 -0.9296 -0.6862 -0.93 -0.69 -0.0000 0.0000 0.0000 0.1000 0.4873 -0.2070 -0.121705 -0.712010 12.28 
26.1353 2 1 1 0x0 -0.9297 -0.6863 -0.93 -0.69 -0.0000 0.0000 0.0000 0.1000 0.4873 -0.2070 -0.121705 -0.712058 12.28 
26.1453 2 1 1 0x0 -0.9297 -0.6863 -0.93 -0.69 -0.0000 0.0000 0.0000 0.1000 0.4873 -0.2070 -0.121705 -0.712077 12.28 
26.1553 2 1 1 0x0 -0.9298 -0.6864 -0.93 -0.69 -0.0000 0.0000 0.0000 0.1000 0.4873 -0.2070 -0.121705 -0.712057 12.28 
26.1652 2 1 1 0x0 -0.9298 -0.6864 -0.93 -0.69 -0.0000 0.0000 0.0000 0.1000 0.4873 -0.2070 -0.121705 -0.712067 12.28 
26.1752 2 1 1 0x0 -0.9299 -0.6865 -0.93 -0.69 -0.0000 0.0000 0.0000 0.1000 0.4873 -0.2070 -0.121705 -0.712075 12.28 
26.1852 2 1 1 0x0 -0.9299 -0.6865 -0.93 -0.69 -0.0000 0.0000 0.0000 0.1000 0.4873 -0.2070 -0.121705 -0.712095 12.28 
26.1952 2 1 1 0x0 -0.9300 -0.6865 -0.93 -0.69 -0.0000 0.0000 0.0000 0.1000 0.4873 -0.2070 -0.121705 -0.712105 12.28 
26.2052 2 1 1 0x0 -0.9300 -0.6866 -0.93 -0.69 -0.0000 0.0000 0.0000 0.1000 0.4873 -0.2070 -0.121705 -0.712106 12.28 
26.2152 2 1 1 0x0 -0.9300 -0.6866 -0.93 -0.69 -0.0000 0.0000 0.0000 0.1000 0.4873 -0.2070 -0.121705 -0.712077 12.28 
26.2252 2 1 1 0x0 -0.9301 -0.6867 -0.93 -0.69 -0.0000 0.0000 0.0000 0.1000 0.4873 -0.2070 -0.121705 -0.712042 12.28 
26.2352 2 1 1 0x0 -0.9301 -0.6867 -0.93 -0.69 -0.0000 0.0000 0.0000 0.1000 0.4873 -0.2070 -0.121705 -0.712036 12.28 
26.2452 2 1 1 0x0 -0.9302 -0.6868 -0.93 -0.69 -0.0000 0.0000 0.0000 0.1000 0.4873 -0.2070 -0.121705 -0.712041 12.27 
26.2552 2 1 1 0x0 -0.9302 -0.6868 -0.93 -0.69 -0.0000 0.0000 0.0000 0.1000 0.4873 -0.2070 -0.121705 -0.712056 12.28 
26.2652 2 1 1 0x0 -0.9303 -0.6869 -0.93 -0.69 -0.0000 0.0000 0.0000 0.1000 0.4873 -0.2070 -0.121705 -0.712079 12.28 
26.2752 2 1 1 0x0 -0.9303 -0.6869 -0.93 -0.69 -0.0000 0.0000 0.0000 0.1000 0.4873 -0.2070 -0.121705 -0.712096 12.28 
26.2852 2 1 1 0x0 -0.9304 -0.6870 -0.93 -0.69 -0.0000 0.0000 0.0000 0.1000 0.4873 -0.2070 -0.121705 -0.712102 12.28 
26.2952 2 1 1 0x0 -0.9304 -0.6870 -0.93 -0.69 -0.0000 0.0000 0.0000 0.1000 0.4873 -0.2070 -0.121705 -0.712103 12.29 
26.3052 2 1 1 0x0 -0.9305 -0.6870 -0.93 -0.69 -0.0000 0.0000 0.0000 0.1000 0.4873 -0.2070 -0.121705 -0.712101 12.28 
26.3152 2 1 1 0x0 -0.9305 -0.6871 -0.93 -0.69 -0.0000 0.0000 0.0000 0.1000 0.4873 -0.2070 -0.121705 -0.712106 12.28 
26.3252 2 1 1 0x0 -0.9305 -0.6871 -0.93 -0.69 -0.0000 0.0000 0.0000 0.1000 0.4873 -0.2070 -0.121705 -0.712092 12.28 
26.3352 2 1 1 0x0 -0.9306 -0.6872 -0.93 -0.69 -0.0000 0.0000 0.0000 0.1000 0.4873 -0.2070 -0.121705 -0.712069 12.28 
26.3451 2 1 1 0x0 -0.9306 -0.6872 -0.93 -0.69 -0.0000 0.0000 0.0000 0.1000 0.4873 -0.2070 -0.121705 -0.712055 12.29 
26.3551 2 1 1 0x0 -0.9307 -0.6873 -0.93 -0.69 -0.0000 0.0000 0.0000 0.1000 0.4873 -0.2070 -0.121705 -0.712022 12.29 
26.3651 2 1 1 0x0 -0.9307 -0.6873 -0.93 -0.69 -0.0000 0.0000 0.0000 0.1000 0.4873 -0.2070 -0.121705 -0.712026 12.29 
26.3751 2 1 1 0x0 -0.9308 -0.6874 -0.93 -0.69 -0.0000 0.0000 0.0000 0.1000 0.4873 -0.2070 -0.121705 -0.712039 12.28 
26.3851 2 1 1 0x0 -0.9308 -0.6874 -0.93 -0.69 -0.0000 0.0000 0.0000 0.1000 0.4873 -0.2070 -0.121705 -0.712028 12.29 
26.3951 2 1 1 0x0 -0.9309 -0.6875 -0.93 -0.69 -0.0000 0.0000 0.0000 0.1000 0.4873 -0.2070 -0.121705 -0.712016 12.28 
26.4051 2 1 1 0x0 -0.9309 -0.6875 -0.93 -0.69 -0.0000 0.0000 0.0000 0.1000 0.4873 -0.2070 -0.121705 -0.712030 12.28 
26.4151 2 1 1 0x0 -0.9310 -0.6875 -0.93 -0.69 -0.0000 0.0000 0.0000 0.1000 0.4873 -0.2070 -0.121705 -0.712020 12.28 
26.4251 2 1 1 0x0 -0.9310 -0.6876 -0.93 -0.69 -0.0000 0.0000 0.0000 0.1000 0.4873 -0.2070 -0.121705 -0.712023 12.28 
26.4351 2 1 1 0x0 -0.9310 -0.6876 -0.93 -0.69 -0.0000 0.0000 0.0000 0.1000 0.4873 -0.2070 -0.121705 -0.712019 12.28 
26.4451 2 1 1 0x0 -0.9311 -0.6877 -0.93 -0.69 -0.0000 0.0000 0.0000 0.1000 0.4873 -0.2070 -0.121705 -0.711997 12.28 
26.4551 2 1 1 0x0 -0.9311 -0.6877 -0.93 -0.69 -0.0000 0.0000 0.0000 0.1000 0.4873 -0.2070 -0.121705 -0.712009 12.28 
26.4651 2 1 1 0x0 -0.9312 -0.6878 -0.93 -0.69 -0.0000 0.0000 0.0000 0.1000 0.4873 -0.2070 -0.121705 -0.712022 12.28 
26.4751 2 1 1 0x0 -0.9312 -0.6878 -0.93 -0.69 -0.0000 0.0000 0.0000 0.1000 0.4873 -0.2070 -0.121705 -0.712044 12.28 
26.4851 2 1 1 0x0 -0.9313 -0.6879 -0.93 -0.69 -0.0000 0.0000 0.0000 0.1000 0.4873 -0.2070 -0.121705 -0.712063 12.30 
