%% logfile from REGBOT:
%  1    time 28.2011 sec, from Jasmin (81)
%  2  3  4  5   (mission 0), state 2, entered (thread 1, line 1), events 0x0 (bit-flags)
%  6  7 Motor velocity ref left, right: -0.0676 -0.1434
%  8  9 Motor voltage [V] left, right: -0.07 -0.14
% 10 13 Wheel velocity [m/s] left, right: 0.0000 0.0000 delay 0.0000 0.0000 (sec)
% 14 15 16 17 Pose x,y,h,tilt [m,m,rad,rad]: 0.500085 -0.107515 0.0378635 -0.711745
% 18    Battery voltage [V]
0.0050 2 1 0 0x0 0.0000 0.0000 0.00 0.00 -0.0000 -0.0000 0.0000 0.1000 0.0000 0.0000 0.000000 -0.324224 12.23 
0.0150 2 1 0 0x0 0.0000 0.0000 0.00 0.00 -0.0000 -0.0000 0.0000 0.1000 0.0000 0.0000 0.000000 -0.324344 12.23 
0.0250 2 1 0 0x0 0.0000 0.0000 0.00 0.00 -0.0000 -0.0000 0.0000 0.1000 0.0000 0.0000 0.000000 -0.324208 12.23 
0.0350 2 1 0 0x0 0.0000 0.0000 0.00 0.00 -0.0000 -0.0000 0.0000 0.1000 0.0000 0.0000 0.000000 -0.323808 12.23 
0.0450 2 1 0 0x0 0.0000 0.0000 0.00 0.00 -0.0000 -0.0000 0.0000 0.1000 0.0000 0.0000 0.000000 -0.323292 12.24 
0.0550 2 1 0 0x0 0.0000 0.0000 0.00 0.00 -0.0000 -0.0000 0.0000 0.1000 0.0000 0.0000 0.000000 -0.322789 12.23 
0.0650 2 1 0 0x0 0.0000 0.0000 0.00 0.00 -0.0000 -0.0000 0.0000 0.1000 0.0000 0.0000 0.000000 -0.322350 12.23 
0.0750 2 1 0 0x0 0.0000 0.0000 0.00 0.00 -0.0000 -0.0000 0.0000 0.1000 0.0000 0.0000 0.000000 -0.322058 12.23 
0.0850 2 1 0 0x0 0.0000 0.0000 0.00 0.00 -0.0000 -0.0000 0.0000 0.1000 0.0000 0.0000 0.000000 -0.321883 12.24 
0.0950 2 1 0 0x0 0.0000 0.0000 0.00 0.00 -0.0000 -0.0000 0.0000 0.1000 0.0000 0.0000 0.000000 -0.321833 12.23 
0.1050 2 1 1 0x0 3.0027 2.9973 3.00 3.00 -0.0000 0.0004 0.0000 0.1000 0.0002 0.0000 0.002705 -0.321734 12.18 
0.1150 2 1 1 0x0 3.0000 3.0000 3.00 3.00 0.1160 0.0625 0.0050 0.0081 0.0008 0.0000 0.000000 -0.327359 12.18 
0.1250 2 1 1 0x0 2.9973 3.0027 3.00 3.00 0.1859 0.1365 0.0022 0.0037 0.0022 0.0000 -0.002705 -0.338785 12.17 
0.1350 2 1 1 0x0 2.9973 3.0027 3.00 3.00 0.1802 0.1797 0.0028 0.0024 0.0039 -0.0000 -0.002705 -0.353609 12.17 
0.1450 2 1 1 0x0 2.9946 3.0054 2.99 3.01 0.2013 0.1953 0.0019 0.0030 0.0057 -0.0000 -0.005409 -0.370247 12.18 
0.1550 2 1 1 0x0 2.9946 3.0054 2.99 3.01 0.2351 0.2018 0.0026 0.0023 0.0077 -0.0000 -0.005409 -0.387324 12.17 
0.1650 2 1 1 0x0 2.9946 3.0054 2.99 3.01 0.2609 0.1970 0.0022 0.0011 0.0101 -0.0000 -0.005409 -0.403926 12.18 
0.1750 2 1 1 0x0 2.9919 3.0081 2.99 3.01 0.2883 0.2476 0.0022 0.0017 0.0124 -0.0001 -0.008114 -0.420180 12.18 
0.1850 2 1 1 0x0 2.9892 3.0108 2.99 3.01 0.2367 0.2561 0.0014 0.0015 0.0150 -0.0001 -0.010818 -0.434707 12.18 
0.1950 2 1 1 0x0 2.9865 3.0135 2.99 3.01 0.3474 0.2601 0.0018 0.0015 0.0176 -0.0001 -0.013523 -0.446686 12.18 
0.2050 2 1 1 0x0 2.9811 3.0189 2.98 3.02 0.2984 0.2848 0.0010 0.0013 0.0205 -0.0002 -0.018932 -0.456532 12.18 
0.2150 2 1 1 0x0 2.9811 3.0189 2.98 3.02 0.2914 0.2889 0.0015 0.0017 0.0229 -0.0002 -0.018932 -0.466566 12.17 
0.2250 2 1 1 0x0 2.9811 3.0189 2.98 3.02 0.2643 0.2473 0.0013 0.0011 0.0258 -0.0003 -0.018932 -0.476941 12.18 
0.2350 2 1 1 0x0 2.9811 3.0189 2.98 3.02 0.3266 0.3259 0.0012 0.0016 0.0286 -0.0003 -0.018932 -0.487858 12.18 
0.2450 2 1 1 0x0 2.9838 3.0162 2.98 3.02 0.2804 0.3758 0.0019 0.0011 0.0316 -0.0004 -0.016227 -0.500721 12.18 
0.2550 2 1 1 0x0 2.9865 3.0135 2.99 3.01 0.3104 0.3214 0.0017 0.0007 0.0351 -0.0004 -0.013523 -0.514609 12.19 
0.2650 2 1 1 0x0 2.9865 3.0135 2.99 3.01 0.4253 0.4293 0.0013 0.0008 0.0387 -0.0005 -0.013523 -0.531665 12.19 
0.2750 2 1 1 0x0 2.9865 3.0135 2.99 3.01 0.4385 0.4675 0.0011 0.0009 0.0428 -0.0005 -0.013523 -0.551080 12.19 
0.2850 2 1 1 0x0 2.9865 3.0135 2.99 3.01 0.4968 0.4944 0.0014 0.0013 0.0469 -0.0006 -0.013523 -0.574179 12.19 
0.2950 2 1 1 0x0 2.9865 3.0135 2.99 3.01 0.5364 0.5113 0.0010 0.0010 0.0517 -0.0007 -0.013523 -0.602881 12.20 
0.3050 2 1 1 0x0 2.9838 3.0162 2.98 3.02 0.6150 0.5396 0.0004 0.0008 0.0572 -0.0007 -0.016227 -0.639443 12.20 
0.3150 2 1 1 0x0 2.9838 3.0162 2.98 3.02 0.6287 0.4526 0.0005 0.0006 0.0629 -0.0008 -0.016227 -0.679816 12.21 
0.3250 2 1 1 0x0 2.9811 3.0189 2.98 3.02 0.6379 0.5418 0.0004 0.0005 0.0688 -0.0009 -0.018932 -0.725346 12.21 
0.3350 2 1 1 0x0 2.9784 3.0216 2.98 3.02 0.6308 0.4867 0.0005 0.0009 0.0746 -0.0010 -0.021636 -0.777719 12.21 
0.3450 2 1 1 0x0 2.9730 3.0270 2.97 3.03 0.6277 0.3887 0.0009 0.0011 0.0799 -0.0012 -0.027045 -0.782936 12.20 
0.3550 2 1 1 0x0 2.9648 3.0352 2.96 3.04 0.6131 0.4827 0.0004 0.0012 0.0850 -0.0013 -0.035159 -0.784832 12.20 
0.3650 2 1 1 0x0 2.9594 3.0406 2.96 3.04 0.4513 0.3666 0.0005 0.0006 0.0894 -0.0015 -0.040568 -0.791549 12.19 
0.3750 2 1 1 0x0 2.9567 3.0433 2.96 3.04 0.3819 0.4030 0.0010 0.0010 0.0929 -0.0016 -0.043273 -0.792810 12.18 
0.3850 2 1 1 0x0 2.9567 3.0433 2.96 3.04 0.3689 0.4778 0.0013 0.0011 0.0969 -0.0018 -0.043273 -0.795238 12.18 
0.3950 2 1 1 0x0 2.9567 3.0433 2.96 3.04 0.3773 0.4593 0.0013 0.0014 0.1010 -0.0020 -0.043273 -0.796098 12.19 
0.4050 2 1 1 0x0 2.9567 3.0433 2.96 3.04 0.4878 0.3651 0.0009 0.0006 0.1054 -0.0022 -0.043273 -0.797042 12.19 
0.4150 2 1 1 0x0 2.9540 3.0460 2.95 3.05 0.4204 0.4009 0.0010 0.0010 0.1097 -0.0024 -0.045977 -0.797018 12.19 
0.4250 2 1 1 0x0 2.9513 3.0487 2.95 3.05 0.4274 0.4888 0.0005 0.0006 0.1144 -0.0026 -0.048682 -0.797196 12.20 
0.4350 2 1 1 0x0 2.9486 3.0514 2.95 3.05 0.4496 0.3890 0.0007 0.0010 0.1190 -0.0028 -0.051386 -0.799577 12.19 
0.4450 2 1 1 0x0 2.9486 3.0514 2.95 3.05 0.4275 0.4345 0.0012 0.0008 0.1239 -0.0031 -0.051386 -0.804192 12.19 
0.4550 2 1 1 0x0 2.9459 3.0541 2.95 3.05 0.5322 0.4113 0.0004 0.0005 0.1289 -0.0033 -0.054091 -0.802919 12.19 
0.4650 2 1 1 0x0 2.9432 3.0568 2.94 3.06 0.5789 0.5471 0.0006 0.0011 0.1336 -0.0036 -0.056795 -0.802655 12.19 
0.4750 2 1 1 0x0 2.9405 3.0595 2.94 3.06 0.5098 0.5443 0.0006 0.0011 0.1387 -0.0039 -0.059500 -0.803406 12.20 
0.4850 2 1 1 0x0 2.9405 3.0595 2.94 3.06 0.6048 0.4540 0.0006 0.0006 0.1439 -0.0042 -0.059500 -0.803964 12.20 
0.4950 2 1 1 0x0 2.9378 3.0622 2.94 3.06 0.6266 0.5640 0.0004 0.0005 0.1494 -0.0045 -0.062204 -0.804737 12.20 
0.5050 2 1 1 0x0 2.9351 3.0649 2.94 3.06 0.5731 0.5801 0.0010 0.0010 0.1545 -0.0048 -0.064909 -0.804769 12.20 
0.5150 2 1 1 0x0 2.9324 3.0676 2.93 3.07 0.4955 0.5308 0.0009 0.0009 0.1599 -0.0052 -0.067613 -0.804018 12.20 
0.5250 2 1 1 0x0 2.9297 3.0703 2.93 3.07 0.5277 0.5547 0.0008 0.0009 0.1654 -0.0056 -0.070318 -0.805187 12.21 
0.5350 2 1 1 0x0 2.9270 3.0730 2.93 3.07 0.6515 0.6022 0.0004 0.0004 0.1713 -0.0060 -0.073023 -0.809743 12.21 
0.5450 2 1 1 0x0 2.9270 3.0730 2.93 3.07 0.6103 0.6230 0.0004 0.0007 0.1769 -0.0064 -0.073023 -0.811877 12.21 
0.5550 2 1 1 0x0 2.9243 3.0757 2.92 3.08 0.4989 0.5715 0.0009 0.0009 0.1820 -0.0068 -0.075727 -0.807317 12.21 
0.5650 2 1 1 0x0 2.9216 3.0784 2.92 3.08 0.6662 0.6430 0.0004 0.0008 0.1878 -0.0072 -0.078432 -0.808481 12.21 
0.5750 2 1 1 0x0 2.9216 3.0784 2.92 3.08 0.6319 0.6379 0.0008 0.0010 0.1935 -0.0077 -0.078432 -0.813633 12.22 
0.5850 2 1 1 0x0 2.9189 3.0811 2.92 3.08 0.6408 0.4414 0.0009 0.0010 0.1990 -0.0081 -0.081136 -0.813072 12.21 
0.5950 2 1 1 0x0 2.9162 3.0838 2.92 3.08 0.5260 0.5604 0.0004 0.0005 0.2048 -0.0086 -0.083841 -0.813919 12.21 
0.6050 2 1 1 0x0 2.9162 3.0838 2.92 3.08 0.5264 0.4840 0.0010 0.0006 0.2105 -0.0091 -0.083841 -0.823934 12.21 
0.6150 2 1 1 0x0 2.9162 3.0838 2.92 3.08 0.6476 0.6959 0.0010 0.0004 0.2165 -0.0096 -0.083841 -0.832479 12.22 
0.6250 2 1 1 0x0 2.9135 3.0865 2.91 3.09 0.6225 0.4069 0.0007 0.0006 0.2220 -0.0101 -0.086545 -0.827011 12.20 
0.6350 2 1 1 0x0 2.9053 3.0947 2.91 3.09 0.5154 0.4895 0.0004 0.0010 0.2275 -0.0106 -0.094659 -0.826380 12.20 
0.6450 2 1 1 0x0 2.9053 3.0947 2.91 3.09 0.7001 0.6579 0.0005 0.0007 0.2335 -0.0111 -0.094659 -0.832945 12.21 
0.6550 2 1 1 0x0 2.9026 3.0974 2.90 3.10 0.5249 0.6289 0.0006 0.0006 0.2394 -0.0117 -0.097363 -0.834726 12.22 
0.6650 2 1 1 0x0 2.9026 3.0974 2.90 3.10 0.4975 0.5796 0.0008 0.0005 0.2450 -0.0122 -0.097363 -0.833232 12.20 
0.6750 2 1 1 0x0 2.8972 3.1028 2.90 3.10 0.5513 0.6212 0.0009 0.0009 0.2503 -0.0128 -0.102773 -0.829724 12.21 
0.6850 2 1 1 0x0 2.8945 3.1055 2.89 3.11 0.6966 0.5756 0.0007 0.0005 0.2561 -0.0134 -0.105477 -0.835112 12.21 
0.6950 2 1 1 0x0 2.8918 3.1082 2.89 3.11 0.5409 0.6490 0.0009 0.0004 0.2620 -0.0140 -0.108182 -0.842277 12.21 
0.7050 2 1 1 0x0 2.8891 3.1109 2.89 3.11 0.6549 0.6187 0.0010 0.0006 0.2678 -0.0147 -0.110886 -0.845709 12.22 
0.7150 2 1 1 0x0 2.8864 3.1136 2.89 3.11 0.6200 0.4863 0.0009 0.0006 0.2733 -0.0153 -0.113591 -0.840820 12.20 
0.7250 2 1 1 0x0 2.8810 3.1190 2.88 3.12 0.5122 0.6639 0.0005 0.0011 0.2789 -0.0160 -0.119000 -0.841719 12.21 
0.7350 2 1 1 0x0 2.8783 3.1217 2.88 3.12 0.6775 0.5868 0.0004 0.0008 0.2847 -0.0167 -0.121704 -0.844623 12.22 
0.7450 2 1 1 0x0 2.8729 3.1271 2.87 3.13 0.5381 0.5089 0.0005 0.0010 0.2904 -0.0174 -0.127113 -0.843520 12.22 
0.7550 2 1 1 0x0 2.8702 3.1298 2.87 3.13 0.4837 0.5810 0.0010 0.0011 0.2958 -0.0181 -0.129818 -0.841990 12.20 
0.7650 2 1 1 0x0 2.8702 3.1298 2.87 3.13 0.5266 0.6569 0.0008 0.0009 0.3014 -0.0188 -0.129818 -0.840831 12.22 
0.7750 2 1 1 0x0 2.8702 3.1298 2.87 3.13 0.6519 0.5235 0.0005 0.0010 0.3075 -0.0196 -0.129818 -0.850180 12.22 
0.7850 2 1 1 0x0 2.8729 3.1271 2.87 3.13 0.6209 0.6538 0.0008 0.0009 0.3133 -0.0203 -0.127113 -0.851186 12.22 
0.7950 2 1 1 0x0 2.8729 3.1271 2.87 3.13 0.6059 0.6297 0.0004 0.0005 0.3189 -0.0210 -0.127113 -0.847276 12.20 
0.8050 2 1 1 0x0 2.8729 3.1271 2.87 3.13 0.6638 0.6517 0.0006 0.0009 0.3246 -0.0218 -0.127113 -0.849386 12.22 
0.8150 2 1 1 0x0 2.8702 3.1298 2.87 3.13 0.5385 0.6493 0.0004 0.0009 0.3304 -0.0225 -0.129818 -0.853018 12.23 
0.8250 2 1 1 0x0 2.8702 3.1298 2.87 3.13 0.4870 0.6240 0.0005 0.0006 0.3360 -0.0232 -0.129818 -0.850680 12.20 
0.8350 2 1 1 0x0 2.8729 3.1271 2.87 3.13 0.6333 0.6462 0.0010 0.0009 0.3415 -0.0239 -0.127113 -0.850800 12.21 
0.8450 2 1 1 0x0 2.8729 3.1271 2.87 3.13 0.5230 0.5470 0.0006 0.0006 0.3475 -0.0247 -0.127113 -0.853201 12.22 
0.8550 2 1 1 0x0 2.8756 3.1244 2.88 3.12 0.5160 0.6475 0.0005 0.0006 0.3534 -0.0254 -0.124409 -0.853498 12.22 
0.8650 2 1 1 0x0 2.8729 3.1271 2.87 3.13 0.4971 0.4662 0.0004 0.0010 0.3588 -0.0261 -0.127113 -0.848962 12.22 
0.8750 2 1 1 0x0 2.8756 3.1244 2.88 3.12 0.5813 0.6737 0.0007 0.0005 0.3646 -0.0269 -0.124409 -0.849226 12.21 
0.8850 2 1 1 0x0 2.8729 3.1271 2.87 3.13 0.6747 0.6129 0.0007 0.0009 0.3705 -0.0276 -0.127113 -0.854842 12.22 
0.8950 2 1 1 0x0 2.8702 3.1298 2.87 3.13 0.4913 0.6107 0.0006 0.0010 0.3763 -0.0283 -0.129818 -0.858908 12.21 
0.9050 2 1 1 0x0 2.8702 3.1298 2.87 3.13 0.5550 0.6382 0.0004 0.0006 0.3819 -0.0291 -0.129818 -0.855600 12.20 
0.9150 2 1 1 0x0 2.8729 3.1271 2.87 3.13 0.5268 0.5542 0.0007 0.0005 0.3878 -0.0298 -0.127113 -0.857025 12.21 
0.9250 2 1 1 0x0 2.8702 3.1298 2.87 3.13 0.6360 0.5271 0.0005 0.0009 0.3936 -0.0306 -0.129818 -0.861441 12.21 
0.9350 2 1 1 0x0 2.8702 3.1298 2.87 3.13 0.6222 0.5026 0.0005 0.0007 0.3992 -0.0313 -0.129818 -0.860149 12.22 
0.9450 2 1 1 0x0 2.8729 3.1271 2.87 3.13 0.6513 0.6336 0.0008 0.0004 0.4051 -0.0321 -0.127113 -0.862026 12.21 
0.9550 2 1 1 0x0 2.8729 3.1271 2.87 3.13 0.6079 0.5828 0.0009 0.0004 0.4107 -0.0328 -0.127113 -0.863437 12.21 
0.9650 2 1 1 0x0 2.8702 3.1298 2.87 3.13 0.6303 0.5523 0.0007 0.0008 0.4161 -0.0335 -0.129818 -0.858108 12.22 
0.9750 2 1 1 0x0 2.8729 3.1271 2.87 3.13 0.6390 0.6511 0.0009 0.0006 0.4220 -0.0343 -0.127113 -0.859648 12.22 
0.9850 2 1 1 0x0 2.8702 3.1298 2.87 3.13 0.5307 0.6714 0.0008 0.0010 0.4278 -0.0350 -0.129818 -0.865076 12.22 
0.9950 2 1 1 0x0 2.8702 3.1298 2.87 3.13 0.6491 0.5800 0.0007 0.0007 0.4338 -0.0358 -0.129818 -0.869803 12.22 
1.0050 2 1 1 0x0 2.8729 3.1271 2.87 3.13 0.4706 0.4811 0.0011 0.0006 0.4393 -0.0365 -0.127113 -0.864255 12.21 
1.0150 2 1 1 0x0 2.8702 3.1298 2.87 3.13 0.6647 0.5849 0.0005 0.0008 0.4451 -0.0373 -0.129818 -0.863912 12.22 
1.0250 2 1 1 0x0 2.8702 3.1298 2.87 3.13 0.6306 0.6373 0.0004 0.0007 0.4511 -0.0380 -0.129818 -0.868609 12.22 
1.0350 2 1 1 0x0 2.8702 3.1298 2.87 3.13 0.4867 0.6605 0.0009 0.0009 0.4568 -0.0388 -0.129818 -0.870858 12.21 
1.0450 2 1 1 0x0 2.8702 3.1298 2.87 3.13 0.5310 0.6046 0.0008 0.0009 0.4624 -0.0395 -0.129818 -0.867279 12.21 
1.0550 2 1 1 0x0 2.8702 3.1298 2.87 3.13 0.4759 0.6534 0.0006 0.0011 0.4680 -0.0402 -0.129818 -0.863145 12.22 
1.0650 2 1 1 0x0 2.8729 3.1271 2.87 3.13 0.5700 0.5497 0.0009 0.0007 0.4739 -0.0410 -0.127113 -0.864765 12.22 
1.0750 2 1 1 0x0 2.8729 3.1271 2.87 3.13 0.4935 0.4756 0.0008 0.0008 0.4795 -0.0417 -0.127113 -0.861759 12.22 
1.0850 2 1 1 0x0 2.8756 3.1244 2.88 3.12 0.5293 0.6529 0.0010 0.0005 0.4853 -0.0424 -0.124409 -0.860701 12.21 
1.0950 2 1 1 0x0 2.8756 3.1244 2.88 3.12 0.6723 0.5731 0.0007 0.0004 0.4914 -0.0432 -0.124409 -0.863102 12.22 
1.1050 2 1 1 0x0 2.8729 3.1271 2.87 3.13 0.5429 0.4786 0.0005 0.0008 0.4972 -0.0439 -0.127113 -0.863522 12.21 
1.1150 2 1 1 0x0 2.8729 3.1271 2.87 3.13 0.6865 0.6786 0.0006 0.0003 0.5032 -0.0447 -0.127113 -0.866610 12.22 
1.1250 2 1 1 0x0 2.8702 3.1298 2.87 3.13 0.5650 0.6698 0.0004 0.0009 0.5091 -0.0455 -0.129818 -0.867620 12.22 
1.1350 2 1 1 0x0 2.8729 3.1271 2.87 3.13 0.5081 0.4990 0.0004 0.0010 0.5149 -0.0462 -0.127113 -0.866080 12.20 
1.1450 2 1 1 0x0 2.8729 3.1271 2.87 3.13 0.5216 0.5404 0.0004 0.0007 0.5205 -0.0469 -0.127113 -0.861422 12.21 
1.1550 2 1 1 0x0 2.8756 3.1244 2.88 3.12 0.5143 0.6429 0.0007 0.0004 0.5264 -0.0477 -0.124409 -0.863916 12.22 
1.1650 2 1 1 0x0 2.8729 3.1271 2.87 3.13 0.7026 0.6624 0.0008 0.0010 0.5322 -0.0484 -0.127113 -0.866878 12.22 
1.1750 2 1 1 0x0 2.8675 3.1325 2.87 3.13 0.7202 0.5847 0.0003 0.0010 0.5382 -0.0492 -0.132523 -0.865704 12.21 
1.1850 2 1 1 0x0 2.8675 3.1325 2.87 3.13 0.6425 0.6596 0.0009 0.0010 0.5439 -0.0499 -0.132523 -0.867262 12.21 
1.1950 2 1 1 0x0 2.8675 3.1325 2.87 3.13 0.5315 0.6086 0.0004 0.0004 0.5499 -0.0507 -0.132523 -0.867145 12.21 
1.2050 2 1 1 0x0 2.8702 3.1298 2.87 3.13 0.5247 0.6357 0.0009 0.0003 0.5557 -0.0515 -0.129818 -0.873697 12.21 
1.2150 2 1 1 0x0 2.8648 3.1352 2.86 3.14 0.6613 0.5309 0.0004 0.0010 0.5614 -0.0522 -0.135227 -0.872683 12.21 
1.2250 2 1 1 0x0 2.8675 3.1325 2.87 3.13 0.6567 0.6545 0.0009 0.0008 0.5672 -0.0530 -0.132523 -0.874115 12.22 
1.2350 2 1 1 0x0 2.8648 3.1352 2.86 3.14 0.5442 0.6254 0.0007 0.0009 0.5730 -0.0538 -0.135227 -0.879177 12.21 
1.2450 2 1 1 0x0 2.8648 3.1352 2.86 3.14 0.4791 0.6032 0.0009 0.0005 0.5787 -0.0546 -0.135227 -0.875372 12.21 
1.2550 2 1 1 0x0 2.8621 3.1379 2.86 3.14 0.6741 0.6510 0.0004 0.0008 0.5845 -0.0554 -0.137932 -0.874835 12.21 
1.2650 2 1 1 0x0 2.8648 3.1352 2.86 3.14 0.6921 0.5947 0.0009 0.0004 0.5903 -0.0562 -0.135227 -0.879822 12.21 
1.2750 2 1 1 0x0 2.8594 3.1406 2.86 3.14 0.6780 0.5102 0.0004 0.0007 0.5963 -0.0570 -0.140636 -0.885176 12.22 
1.2850 2 1 1 0x0 2.8594 3.1406 2.86 3.14 0.6318 0.5176 0.0010 0.0007 0.6020 -0.0578 -0.140636 -0.881671 12.21 
1.2950 2 1 1 0x0 2.8621 3.1379 2.86 3.14 0.6327 0.6767 0.0008 0.0003 0.6078 -0.0586 -0.137932 -0.881884 12.22 
1.3050 2 1 1 0x0 2.8594 3.1406 2.86 3.14 0.5271 0.6657 0.0005 0.0010 0.6136 -0.0595 -0.140636 -0.887305 12.22 
1.3150 2 1 1 0x0 2.8594 3.1406 2.86 3.14 0.6839 0.5040 0.0004 0.0005 0.6196 -0.0603 -0.140636 -0.891002 12.21 
1.3250 2 1 1 0x0 2.8594 3.1406 2.86 3.14 0.4920 0.6051 0.0011 0.0012 0.6249 -0.0610 -0.140636 -0.888487 12.21 
1.3350 2 1 1 0x0 2.8621 3.1379 2.86 3.14 0.5323 0.5649 0.0008 0.0005 0.6307 -0.0619 -0.137932 -0.886239 12.21 
1.3450 2 1 1 0x0 2.8648 3.1352 2.86 3.14 0.4968 0.6892 0.0008 0.0005 0.6365 -0.0627 -0.135227 -0.889171 12.21 
1.3550 2 1 1 0x0 2.8675 3.1325 2.87 3.13 0.5081 0.4892 0.0007 0.0006 0.6423 -0.0634 -0.132523 -0.887526 12.22 
1.3650 2 1 1 0x0 2.8675 3.1325 2.87 3.13 0.5204 0.5309 0.0005 0.0004 0.6480 -0.0642 -0.132523 -0.884258 12.21 
1.3750 2 1 1 0x0 2.8675 3.1325 2.87 3.13 0.5683 0.5289 0.0008 0.0009 0.6536 -0.0649 -0.132523 -0.887107 12.22 
1.3850 2 1 1 0x0 2.8675 3.1325 2.87 3.13 0.6448 0.6698 0.0006 0.0011 0.6596 -0.0657 -0.132523 -0.887626 12.21 
1.3950 2 1 1 0x0 2.8675 3.1325 2.87 3.13 0.6709 0.6126 0.0010 0.0010 0.6653 -0.0665 -0.132523 -0.888071 12.22 
1.4050 2 1 1 0x0 2.8675 3.1325 2.87 3.13 0.5236 0.5348 0.0005 0.0008 0.6713 -0.0673 -0.132523 -0.888567 12.22 
1.4150 2 1 1 0x0 2.8729 3.1271 2.87 3.13 0.6144 0.6923 0.0011 0.0009 0.6769 -0.0680 -0.127113 -0.886147 12.21 
1.4250 2 1 1 0x0 2.8729 3.1271 2.87 3.13 0.6147 0.5604 0.0008 0.0009 0.6826 -0.0687 -0.127113 -0.881884 12.21 
1.4350 2 1 1 0x0 2.8729 3.1271 2.87 3.13 0.6349 0.6876 0.0007 0.0008 0.6882 -0.0695 -0.127113 -0.881582 12.21 
1.4450 2 1 1 0x0 2.8729 3.1271 2.87 3.13 0.5744 0.5697 0.0004 0.0006 0.6942 -0.0702 -0.127113 -0.883044 12.21 
1.4550 2 1 1 0x0 2.8702 3.1298 2.87 3.13 0.6879 0.4760 0.0003 0.0008 0.7001 -0.0710 -0.129818 -0.883766 12.21 
1.4650 2 1 1 0x0 2.8702 3.1298 2.87 3.13 0.6964 0.5759 0.0011 0.0007 0.7057 -0.0717 -0.129818 -0.882486 12.22 
1.4750 2 1 1 0x0 2.7288 2.9939 2.73 2.99 0.5593 0.4973 0.0010 0.0011 0.7115 -0.0725 -0.132523 -0.884488 12.21 
1.4850 2 1 1 0x0 2.5643 2.8294 2.56 2.83 0.4719 0.5409 0.0010 0.0008 0.7172 -0.0732 -0.132523 -0.888332 12.22 
1.4950 2 1 1 0x0 2.3969 2.6620 2.40 2.66 0.5122 0.4674 0.0008 0.0005 0.7228 -0.0740 -0.132523 -0.887482 12.22 
1.5050 2 1 1 0x0 2.2408 2.5058 2.24 2.51 0.5602 0.6076 0.0008 0.0008 0.7280 -0.0747 -0.132523 -0.887801 12.22 
1.5150 2 1 1 0x0 2.0906 2.3502 2.09 2.35 0.5602 0.4782 0.0011 0.0008 0.7330 -0.0754 -0.129818 -0.894516 12.23 
1.5250 2 1 1 0x0 1.9313 2.1964 1.93 2.20 0.4539 0.4521 0.0010 0.0010 0.7381 -0.0760 -0.132523 -0.890925 12.23 
1.5350 2 1 1 0x0 1.7727 2.0486 1.77 2.05 0.5720 0.4819 0.0009 0.0012 0.7429 -0.0767 -0.137932 -0.884466 12.23 
1.5450 2 1 1 0x0 1.6099 1.8966 1.61 1.90 0.4863 0.3699 0.0010 0.0006 0.7477 -0.0774 -0.143341 -0.886104 12.23 
1.5550 2 1 1 0x0 1.4575 1.7550 1.46 1.76 0.4533 0.4068 0.0012 0.0011 0.7521 -0.0780 -0.148750 -0.890689 12.23 
1.5650 2 1 1 0x0 1.2963 1.5992 1.30 1.60 0.4185 0.4941 0.0005 0.0011 0.7567 -0.0787 -0.151454 -0.885410 12.22 
1.5750 2 1 1 0x0 1.1412 1.4441 1.14 1.44 0.4947 0.3746 0.0005 0.0010 0.7612 -0.0794 -0.151454 -0.880324 12.23 
1.5850 2 1 1 0x0 0.9965 1.2994 1.00 1.30 0.4353 0.3698 0.0009 0.0009 0.7652 -0.0800 -0.151454 -0.875710 12.23 
1.5950 2 1 1 0x0 0.8612 1.1641 0.86 1.16 0.2810 0.4425 0.0009 0.0015 0.7688 -0.0805 -0.151454 -0.870094 12.23 
1.6050 2 1 1 0x0 0.7259 1.0180 0.73 1.02 0.3030 0.4303 0.0011 0.0010 0.7724 -0.0811 -0.146045 -0.866143 12.23 
1.6150 2 1 1 0x0 0.5908 0.8775 0.59 0.88 0.2884 0.3183 0.0017 0.0011 0.7758 -0.0816 -0.143341 -0.864972 12.23 
1.6250 2 1 1 0x0 0.4551 0.7418 0.46 0.74 0.2598 0.3136 0.0011 0.0015 0.7790 -0.0821 -0.143341 -0.862426 12.23 
1.6350 2 1 1 0x0 0.3340 0.6098 0.33 0.61 0.2409 0.2836 0.0020 0.0010 0.7818 -0.0824 -0.137932 -0.857946 12.23 
1.6450 2 1 1 0x0 0.2120 0.4824 0.21 0.48 0.2213 0.3178 0.0023 0.0008 0.7844 -0.0828 -0.135227 -0.853569 12.23 
1.6550 2 1 1 0x0 0.0892 0.3596 0.09 0.36 0.2116 0.2791 0.0018 0.0019 0.7868 -0.0831 -0.135227 -0.849756 12.23 
1.6650 2 1 1 0x0 -0.0291 0.2360 -0.03 0.24 0.2060 0.2395 0.0017 0.0015 0.7891 -0.0834 -0.132523 -0.845894 12.23 
1.6750 2 1 1 0x0 -0.1426 0.1116 -0.14 0.11 0.1997 0.2521 0.0028 0.0008 0.7911 -0.0837 -0.127113 -0.841791 12.22 
1.6850 2 1 1 0x0 -0.2521 0.0021 -0.25 0.00 0.1525 0.2257 0.0025 0.0031 0.7927 -0.0839 -0.127113 -0.839446 12.23 
1.6950 2 1 1 0x0 -0.3615 -0.1181 -0.36 -0.12 0.1163 0.1529 0.0032 0.0022 0.7943 -0.0841 -0.121704 -0.835326 12.23 
1.7050 2 1 1 0x0 -0.4714 -0.2334 -0.47 -0.23 0.1082 0.1351 0.0021 0.0020 0.7957 -0.0843 -0.119000 -0.831046 12.22 
1.7150 2 1 1 0x0 -0.5713 -0.3387 -0.57 -0.34 0.1126 0.1663 0.0039 0.0043 0.7967 -0.0844 -0.116295 -0.827502 12.23 
1.7250 2 1 1 0x0 -0.6801 -0.4583 -0.68 -0.46 0.1124 0.1395 0.0060 0.0025 0.7979 -0.0845 -0.110886 -0.824371 12.23 
1.7350 2 1 1 0x0 -0.7840 -0.5622 -0.78 -0.56 0.0907 0.1122 0.0068 0.0052 0.7987 -0.0846 -0.110886 -0.821247 12.23 
1.7450 2 1 1 0x0 -0.8919 -0.6701 -0.89 -0.67 0.0768 0.0960 0.0064 0.0067 0.7995 -0.0847 -0.110886 -0.818080 12.23 
1.7550 2 1 1 0x0 -0.9939 -0.7775 -0.99 -0.78 0.0495 0.0824 0.0096 0.0059 0.8001 -0.0848 -0.108182 -0.815629 12.22 
1.7650 2 1 1 0x0 -1.0996 -0.8886 -1.10 -0.89 0.0491 0.0585 0.0114 0.0039 0.8007 -0.0848 -0.105477 -0.813218 12.23 
1.7750 2 1 1 0x0 -1.1901 -0.9792 -1.19 -0.98 0.0235 0.0389 0.0214 0.0139 0.8007 -0.0848 -0.105477 -0.810173 12.23 
1.7850 2 1 1 0x0 -1.2893 -1.0837 -1.29 -1.08 0.0149 0.0225 0.0314 0.0114 0.8009 -0.0849 -0.102773 -0.806509 12.23 
1.7950 2 1 1 0x0 -1.3868 -1.1813 -1.39 -1.18 0.0109 0.0225 0.0414 0.0214 0.8009 -0.0849 -0.102773 -0.804403 12.22 
1.8050 2 1 1 0x0 -1.4833 -1.2723 -1.48 -1.27 0.0086 -0.0262 0.0514 0.0146 0.8007 -0.0848 -0.105477 -0.804299 12.22 
1.8150 2 1 1 0x0 -1.5728 -1.3618 -1.57 -1.36 -0.0079 -0.0248 0.0315 0.0087 0.8003 -0.0848 -0.105477 -0.802233 12.21 
1.8250 2 1 1 0x0 -1.6700 -1.4644 -1.67 -1.46 -0.0416 -0.0248 0.0109 0.0187 0.8001 -0.0848 -0.102773 -0.800146 12.21 
1.8350 2 1 1 0x0 -1.7650 -1.5595 -1.77 -1.56 -0.0375 -0.0338 0.0106 0.0145 0.7997 -0.0847 -0.102773 -0.799381 12.21 
1.8450 2 1 1 0x0 -1.8482 -1.6427 -1.85 -1.64 -0.0706 -0.0590 0.0060 0.0047 0.7989 -0.0847 -0.102773 -0.797552 12.20 
1.8550 2 1 1 0x0 -1.9286 -1.7339 -1.93 -1.73 -0.1071 -0.0513 0.0021 0.0073 0.7981 -0.0846 -0.097363 -0.794950 12.19 
1.8650 2 1 1 0x0 -2.0168 -1.8221 -2.02 -1.82 -0.1250 -0.0653 0.0042 0.0043 0.7973 -0.0845 -0.097363 -0.793818 12.20 
1.8750 2 1 1 0x0 -2.0877 -1.9038 -2.09 -1.90 -0.1560 -0.0805 0.0015 0.0042 0.7961 -0.0844 -0.091954 -0.791507 12.20 
1.8850 2 1 1 0x0 -2.1712 -1.9927 -2.17 -1.99 -0.1382 -0.0917 0.0034 0.0053 0.7951 -0.0843 -0.089250 -0.789206 12.20 
1.8950 2 1 1 0x0 -2.2426 -2.0695 -2.24 -2.07 -0.1458 -0.1241 0.0034 0.0030 0.7937 -0.0842 -0.086545 -0.788225 12.20 
1.9050 2 1 1 0x0 -2.3068 -2.1445 -2.31 -2.14 -0.2328 -0.1107 0.0023 0.0033 0.7921 -0.0840 -0.081136 -0.786328 12.20 
1.9150 2 1 1 0x0 -2.3635 -2.2175 -2.36 -2.22 -0.2445 -0.1384 0.0010 0.0039 0.7902 -0.0839 -0.073023 -0.784158 12.19 
1.9250 2 1 1 0x0 -2.4282 -2.2876 -2.43 -2.29 -0.2271 -0.1704 0.0024 0.0022 0.7884 -0.0838 -0.070318 -0.783180 12.19 
1.9350 2 1 1 0x0 -2.4757 -2.3512 -2.48 -2.35 -0.2943 -0.1808 0.0013 0.0021 0.7862 -0.0836 -0.062204 -0.781707 12.19 
1.9450 2 1 1 0x0 -2.5257 -2.4175 -2.53 -2.42 -0.2635 -0.2010 0.0010 0.0029 0.7840 -0.0835 -0.054091 -0.779845 12.19 
1.9550 2 1 1 0x0 -2.5737 -2.4764 -2.57 -2.48 -0.3225 -0.1884 0.0011 0.0025 0.7815 -0.0834 -0.048682 -0.777933 12.19 
1.9650 2 1 1 0x0 -2.6197 -2.5277 -2.62 -2.53 -0.2761 -0.2089 0.0017 0.0013 0.7789 -0.0832 -0.045977 -0.775604 12.19 
1.9750 2 1 1 0x0 -2.6528 -2.5824 -2.65 -2.58 -0.3884 -0.2515 0.0006 0.0024 0.7761 -0.0831 -0.035159 -0.772832 12.19 
1.9850 2 1 1 0x0 -2.6937 -2.6342 -2.69 -2.63 -0.3890 -0.2594 0.0016 0.0018 0.7732 -0.0830 -0.029750 -0.771869 12.18 
1.9950 2 1 1 0x0 -2.7170 -2.6792 -2.72 -2.68 -0.4468 -0.2687 0.0007 0.0016 0.7700 -0.0829 -0.018932 -0.771470 12.19 
2.0050 2 1 1 0x0 -2.7383 -2.7166 -2.74 -2.72 -0.4363 -0.2829 0.0006 0.0009 0.7665 -0.0829 -0.010818 -0.769268 12.19 
2.0150 2 1 1 0x0 -2.7718 -2.7610 -2.77 -2.76 -0.3724 -0.3351 0.0015 0.0014 0.7633 -0.0829 -0.005409 -0.767104 12.19 
2.0250 2 1 1 0x0 -2.7828 -2.7883 -2.78 -2.79 -0.4789 -0.3762 0.0008 0.0010 0.7594 -0.0829 0.002705 -0.764553 12.19 
2.0350 2 1 1 0x0 -2.7918 -2.8080 -2.79 -2.81 -0.3954 -0.3550 0.0006 0.0009 0.7554 -0.0829 0.008114 -0.760699 12.19 
2.0450 2 1 1 0x0 -2.8076 -2.8401 -2.81 -2.84 -0.4886 -0.3447 0.0007 0.0014 0.7515 -0.0829 0.016227 -0.757527 12.20 
2.0550 2 1 1 0x0 -2.8205 -2.8638 -2.82 -2.86 -0.4480 -0.4226 0.0007 0.0015 0.7475 -0.0830 0.021636 -0.758745 12.19 
2.0650 2 1 1 0x0 -2.8306 -2.8793 -2.83 -2.88 -0.5207 -0.3979 0.0013 0.0007 0.7432 -0.0831 0.024341 -0.759390 12.19 
2.0750 2 1 1 0x0 -2.8266 -2.8969 -2.83 -2.90 -0.4703 -0.3786 0.0004 0.0010 0.7387 -0.0832 0.035159 -0.760180 12.19 
2.0850 2 1 1 0x0 -2.8296 -2.9108 -2.83 -2.91 -0.4709 -0.3567 0.0008 0.0009 0.7343 -0.0834 0.040568 -0.759366 12.20 
2.0950 2 1 1 0x0 -2.8239 -2.9213 -2.82 -2.92 -0.5635 -0.4424 0.0007 0.0013 0.7296 -0.0836 0.048682 -0.755867 12.20 
2.1050 2 1 1 0x0 -2.8153 -2.9235 -2.82 -2.92 -0.4585 -0.4948 0.0006 0.0009 0.7248 -0.0839 0.054091 -0.752095 12.21 
2.1150 2 1 1 0x0 -2.8173 -2.9309 -2.82 -2.93 -0.4571 -0.3814 0.0010 0.0010 0.7201 -0.0841 0.056795 -0.750142 12.19 
2.1250 2 1 1 0x0 -2.8099 -2.9343 -2.81 -2.93 -0.5705 -0.4989 0.0008 0.0012 0.7152 -0.0844 0.062204 -0.750288 12.20 
2.1350 2 1 1 0x0 -2.8024 -2.9376 -2.80 -2.94 -0.4804 -0.4659 0.0005 0.0012 0.7104 -0.0847 0.067613 -0.752653 12.21 
2.1450 2 1 1 0x0 -2.7905 -2.9311 -2.79 -2.93 -0.5708 -0.4656 0.0004 0.0010 0.7053 -0.0851 0.070318 -0.753539 12.20 
2.1550 2 1 1 0x0 -2.7843 -2.9195 -2.78 -2.92 -0.5832 -0.5995 0.0011 0.0007 0.7003 -0.0854 0.067613 -0.754170 12.20 
2.1650 2 1 1 0x0 -2.7589 -2.8995 -2.76 -2.90 -0.5909 -0.4462 0.0005 0.0007 0.6948 -0.0858 0.070318 -0.748526 12.20 
2.1750 2 1 1 0x0 -2.7620 -2.9081 -2.76 -2.91 -0.5402 -0.5073 0.0012 0.0013 0.6901 -0.0861 0.073023 -0.748842 12.21 
2.1850 2 1 1 0x0 -2.7448 -2.8909 -2.74 -2.89 -0.5104 -0.4707 0.0007 0.0008 0.6849 -0.0865 0.073023 -0.755163 12.20 
2.1950 2 1 1 0x0 -2.7231 -2.8637 -2.72 -2.86 -0.6119 -0.5857 0.0009 0.0008 0.6794 -0.0869 0.070318 -0.760541 12.21 
2.2050 2 1 1 0x0 -2.6919 -2.8325 -2.69 -2.83 -0.6111 -0.4662 0.0007 0.0010 0.6738 -0.0873 0.070318 -0.758071 12.20 
2.2150 2 1 1 0x0 -2.6693 -2.8207 -2.67 -2.82 -0.5898 -0.4258 0.0005 0.0009 0.6685 -0.0877 0.075727 -0.754511 12.21 
2.2250 2 1 1 0x0 -2.6599 -2.8060 -2.66 -2.81 -0.5787 -0.5684 0.0012 0.0005 0.6634 -0.0880 0.073023 -0.757072 12.21 
2.2350 2 1 1 0x0 -2.6391 -2.7851 -2.64 -2.79 -0.4511 -0.5197 0.0010 0.0005 0.6582 -0.0884 0.073023 -0.757638 12.21 
2.2450 2 1 1 0x0 -2.6213 -2.7727 -2.62 -2.77 -0.5936 -0.4971 0.0011 0.0010 0.6531 -0.0888 0.075727 -0.757317 12.20 
2.2550 2 1 1 0x0 -2.6014 -2.7583 -2.60 -2.76 -0.4874 -0.4785 0.0011 0.0012 0.6481 -0.0892 0.078432 -0.760442 12.21 
2.2650 2 1 1 0x0 -2.5749 -2.7317 -2.57 -2.73 -0.5873 -0.5554 0.0010 0.0005 0.6428 -0.0896 0.078432 -0.764490 12.22 
2.2750 2 1 1 0x0 -2.5467 -2.7035 -2.55 -2.70 -0.4828 -0.4735 0.0011 0.0005 0.6376 -0.0900 0.078432 -0.767032 12.22 
2.2850 2 1 1 0x0 -2.5072 -2.6694 -2.51 -2.67 -0.5330 -0.5595 0.0006 0.0005 0.6321 -0.0905 0.081136 -0.762888 12.22 
2.2950 2 1 1 0x0 -2.4807 -2.6484 -2.48 -2.65 -0.5828 -0.5436 0.0008 0.0008 0.6270 -0.0909 0.083841 -0.761970 12.22 
2.3050 2 1 1 0x0 -2.4519 -2.6250 -2.45 -2.62 -0.4399 -0.5458 0.0005 0.0008 0.6220 -0.0913 0.086545 -0.767520 12.22 
2.3150 2 1 1 0x0 -2.4304 -2.6035 -2.43 -2.60 -0.4523 -0.5508 0.0009 0.0011 0.6171 -0.0918 0.086545 -0.772883 12.22 
2.3250 2 1 1 0x0 -2.3924 -2.5655 -2.39 -2.57 -0.5715 -0.4430 0.0005 0.0007 0.6119 -0.0922 0.086545 -0.770074 12.22 
2.3350 2 1 1 0x0 -2.3705 -2.5490 -2.37 -2.55 -0.5506 -0.4799 0.0009 0.0004 0.6072 -0.0926 0.089250 -0.774682 12.22 
2.3450 2 1 1 0x0 -2.3455 -2.5295 -2.35 -2.53 -0.5440 -0.3995 0.0010 0.0008 0.6026 -0.0930 0.091954 -0.783930 12.22 
2.3550 2 1 1 0x0 -2.3135 -2.4974 -2.31 -2.50 -0.5342 -0.4104 0.0011 0.0005 0.5977 -0.0935 0.091954 -0.782800 12.22 
2.3650 2 1 1 0x0 -2.2836 -2.4729 -2.28 -2.47 -0.5157 -0.5053 0.0008 0.0010 0.5931 -0.0939 0.094659 -0.781206 12.23 
2.3750 2 1 1 0x0 -2.2560 -2.4399 -2.26 -2.44 -0.4046 -0.4881 0.0012 0.0005 0.5885 -0.0944 0.091954 -0.784904 12.22 
2.3850 2 1 1 0x0 -2.2204 -2.4097 -2.22 -2.41 -0.4121 -0.4888 0.0006 0.0009 0.5838 -0.0948 0.094659 -0.787183 12.22 
2.3950 2 1 1 0x0 -2.1877 -2.3716 -2.19 -2.37 -0.4838 -0.4590 0.0008 0.0007 0.5792 -0.0953 0.091954 -0.786748 12.21 
2.4050 2 1 1 0x0 -2.1570 -2.3409 -2.16 -2.34 -0.3975 -0.4793 0.0005 0.0010 0.5747 -0.0957 0.091954 -0.788103 12.22 
2.4150 2 1 1 0x0 -2.1374 -2.3214 -2.14 -2.32 -0.3883 -0.4401 0.0011 0.0013 0.5707 -0.0960 0.091954 -0.789977 12.22 
2.4250 2 1 1 0x0 -2.1005 -2.2844 -2.10 -2.28 -0.4550 -0.4291 0.0007 0.0008 0.5662 -0.0964 0.091954 -0.790448 12.22 
2.4350 2 1 1 0x0 -2.0704 -2.2489 -2.07 -2.25 -0.4675 -0.4802 0.0009 0.0005 0.5620 -0.0968 0.089250 -0.787825 12.23 
2.4450 2 1 1 0x0 -2.0422 -2.2207 -2.04 -2.22 -0.4406 -0.4714 0.0013 0.0013 0.5580 -0.0972 0.089250 -0.786526 12.23 
2.4550 2 1 1 0x0 -2.0069 -2.1800 -2.01 -2.18 -0.4242 -0.4245 0.0009 0.0011 0.5537 -0.0976 0.086545 -0.790163 12.22 
2.4650 2 1 1 0x0 -1.9732 -2.1463 -1.97 -2.15 -0.4526 -0.3499 0.0008 0.0013 0.5497 -0.0979 0.086545 -0.789899 12.22 
2.4750 2 1 1 0x0 -1.9427 -2.1049 -1.94 -2.10 -0.3425 -0.4432 0.0015 0.0006 0.5456 -0.0982 0.081136 -0.790043 12.22 
2.4850 2 1 1 0x0 -1.9177 -2.0800 -1.92 -2.08 -0.3939 -0.3485 0.0015 0.0013 0.5420 -0.0985 0.081136 -0.798081 12.22 
2.4950 2 1 1 0x0 -1.8850 -2.0418 -1.88 -2.04 -0.3273 -0.3527 0.0012 0.0008 0.5381 -0.0989 0.078432 -0.803367 12.21 
2.5050 2 1 1 0x0 -1.8535 -2.0103 -1.85 -2.01 -0.3923 -0.4128 0.0008 0.0011 0.5345 -0.0991 0.078432 -0.802507 12.22 
2.5150 2 1 1 0x0 -1.8195 -1.9763 -1.82 -1.98 -0.3278 -0.3162 0.0010 0.0015 0.5309 -0.0994 0.078432 -0.799068 12.23 
2.5250 2 1 1 0x0 -1.7925 -1.9440 -1.79 -1.94 -0.3033 -0.3635 0.0017 0.0007 0.5274 -0.0997 0.075727 -0.802938 12.23 
2.5350 2 1 1 0x0 -1.7665 -1.9179 -1.77 -1.92 -0.2854 -0.3656 0.0015 0.0010 0.5242 -0.0999 0.075727 -0.808195 12.23 
2.5450 2 1 1 0x0 -1.7275 -1.8844 -1.73 -1.88 -0.3661 -0.3776 0.0006 0.0015 0.5208 -0.1002 0.078432 -0.807321 12.22 
2.5550 2 1 1 0x0 -1.6957 -1.8525 -1.70 -1.85 -0.3456 -0.3356 0.0007 0.0013 0.5175 -0.1005 0.078432 -0.806188 12.22 
2.5650 2 1 1 0x0 -1.6708 -1.8222 -1.67 -1.82 -0.2793 -0.3424 0.0014 0.0007 0.5145 -0.1007 0.075727 -0.808842 12.23 
2.5750 2 1 1 0x0 -1.6376 -1.7945 -1.64 -1.79 -0.2951 -0.2823 0.0013 0.0017 0.5115 -0.1009 0.078432 -0.807269 12.23 
2.5850 2 1 1 0x0 -1.5975 -1.7543 -1.60 -1.75 -0.2607 -0.2632 0.0008 0.0011 0.5082 -0.1012 0.078432 -0.805710 12.23 
2.5950 2 1 1 0x0 -1.5833 -1.7402 -1.58 -1.74 -0.2363 -0.2454 0.0019 0.0022 0.5058 -0.1014 0.078432 -0.808012 12.23 
2.6050 2 1 1 0x0 -1.5608 -1.7123 -1.56 -1.71 -0.2188 -0.2823 0.0021 0.0014 0.5032 -0.1016 0.075727 -0.810848 12.23 
2.6150 2 1 1 0x0 -1.5297 -1.6866 -1.53 -1.69 -0.2932 -0.2848 0.0012 0.0023 0.5005 -0.1018 0.078432 -0.810907 12.23 
2.6250 2 1 1 0x0 -1.5014 -1.6528 -1.50 -1.65 -0.2728 -0.2238 0.0016 0.0011 0.4979 -0.1020 0.075727 -0.809189 12.23 
2.6350 2 1 1 0x0 -1.4789 -1.6357 -1.48 -1.64 -0.2486 -0.2614 0.0012 0.0024 0.4957 -0.1021 0.078432 -0.809092 12.23 
2.6450 2 1 1 0x0 -1.4589 -1.6104 -1.46 -1.61 -0.2099 -0.2521 0.0022 0.0019 0.4935 -0.1023 0.075727 -0.810736 12.23 
2.6550 2 1 1 0x0 -1.4307 -1.5876 -1.43 -1.59 -0.1951 -0.1880 0.0013 0.0024 0.4912 -0.1025 0.078432 -0.810723 12.22 
2.6650 2 1 1 0x0 -1.4094 -1.5662 -1.41 -1.57 -0.2183 -0.2273 0.0014 0.0027 0.4892 -0.1026 0.078432 -0.810816 12.23 
2.6750 2 1 1 0x0 -1.3906 -1.5366 -1.39 -1.54 -0.2031 -0.2222 0.0028 0.0009 0.4872 -0.1028 0.073023 -0.810792 12.23 
2.6850 2 1 1 0x0 -1.3682 -1.5196 -1.37 -1.52 -0.1524 -0.2121 0.0017 0.0027 0.4854 -0.1029 0.075727 -0.811965 12.23 
2.6950 2 1 1 0x0 -1.3485 -1.4945 -1.35 -1.49 -0.1416 -0.1704 0.0017 0.0019 0.4835 -0.1031 0.073023 -0.813070 12.22 
2.7050 2 1 1 0x0 -1.3403 -1.4809 -1.34 -1.48 -0.1672 -0.1716 0.0039 0.0026 0.4821 -0.1032 0.070318 -0.813600 12.22 
2.7150 2 1 1 0x0 -1.3196 -1.4603 -1.32 -1.46 -0.1634 -0.1634 0.0031 0.0033 0.4805 -0.1033 0.070318 -0.813262 12.22 
2.7250 2 1 1 0x0 -1.2919 -1.4271 -1.29 -1.43 -0.1557 -0.1858 0.0020 0.0015 0.4787 -0.1034 0.067613 -0.812466 12.23 
2.7350 2 1 1 0x0 -1.2766 -1.4064 -1.28 -1.41 -0.1240 -0.1816 0.0032 0.0014 0.4773 -0.1035 0.064909 -0.810866 12.22 
2.7450 2 1 1 0x0 -1.2593 -1.3837 -1.26 -1.38 -0.1333 -0.1918 0.0037 0.0022 0.4759 -0.1036 0.062204 -0.810154 12.22 
2.7550 2 1 1 0x0 -1.2400 -1.3590 -1.24 -1.36 -0.1032 -0.1853 0.0031 0.0026 0.4744 -0.1037 0.059500 -0.809916 12.22 
2.7650 2 1 1 0x0 -1.2189 -1.3325 -1.22 -1.33 -0.1261 -0.1794 0.0024 0.0032 0.4730 -0.1038 0.056795 -0.809539 12.22 
2.7750 2 1 1 0x0 -1.2060 -1.3088 -1.21 -1.31 -0.1212 -0.1755 0.0052 0.0033 0.4718 -0.1038 0.051386 -0.809043 12.23 
2.7850 2 1 1 0x0 -1.1816 -1.2789 -1.18 -1.28 -0.0925 -0.1570 0.0039 0.0027 0.4704 -0.1039 0.048682 -0.808679 12.23 
2.7950 2 1 1 0x0 -1.1598 -1.2572 -1.16 -1.26 -0.1082 -0.1339 0.0019 0.0041 0.4692 -0.1040 0.048682 -0.808658 12.23 
2.8050 2 1 1 0x0 -1.1416 -1.2282 -1.14 -1.23 -0.0941 -0.1288 0.0030 0.0024 0.4680 -0.1040 0.043273 -0.807817 12.23 
2.8150 2 1 1 0x0 -1.1262 -1.2074 -1.13 -1.21 -0.0828 -0.1500 0.0030 0.0030 0.4669 -0.1040 0.040568 -0.807567 12.23 
2.8250 2 1 1 0x0 -1.1191 -1.1895 -1.12 -1.19 -0.0656 -0.1123 0.0075 0.0039 0.4661 -0.1041 0.035159 -0.807618 12.23 
2.8350 2 1 1 0x0 -1.1005 -1.1654 -1.10 -1.17 -0.0656 -0.1236 0.0064 0.0040 0.4651 -0.1041 0.032454 -0.806921 12.22 
2.8450 2 1 1 0x0 -1.0900 -1.1441 -1.09 -1.14 -0.0681 -0.1217 0.0104 0.0035 0.4643 -0.1041 0.027045 -0.807323 12.23 
2.8550 2 1 1 0x0 -1.0680 -1.1167 -1.07 -1.12 -0.0541 -0.1029 0.0057 0.0024 0.4633 -0.1042 0.024341 -0.807928 12.23 
2.8650 2 1 1 0x0 -1.0630 -1.1117 -1.06 -1.11 -0.0461 -0.0695 0.0075 0.0075 0.4629 -0.1042 0.024341 -0.808126 12.22 
2.8750 2 1 1 0x0 -1.0513 -1.0945 -1.05 -1.09 -0.0419 -0.0497 0.0083 0.0045 0.4623 -0.1042 0.021636 -0.808584 12.23 
2.8850 2 1 1 0x0 -1.0463 -1.0950 -1.05 -1.09 -0.0316 -0.0389 0.0070 0.0145 0.4621 -0.1042 0.024341 -0.809173 12.23 
2.8950 2 1 1 0x0 -1.0449 -1.0882 -1.04 -1.09 -0.0316 -0.0372 0.0170 0.0150 0.4619 -0.1042 0.021636 -0.810313 12.23 
2.9050 2 1 1 0x0 -1.0319 -1.0751 -1.03 -1.08 -0.0302 -0.0369 0.0139 0.0140 0.4615 -0.1042 0.021636 -0.812082 12.23 
2.9150 2 1 1 0x0 -1.0271 -1.0650 -1.03 -1.06 -0.0236 -0.0450 0.0239 0.0140 0.4613 -0.1042 0.018932 -0.812396 12.23 
2.9250 2 1 1 0x0 -1.0150 -1.0583 -1.02 -1.06 -0.0168 -0.0208 0.0151 0.0240 0.4611 -0.1042 0.021636 -0.812994 12.23 
2.9350 2 1 1 0x0 -0.9974 -1.0407 -1.00 -1.04 -0.0339 -0.0175 0.0071 0.0180 0.4607 -0.1042 0.021636 -0.813468 12.23 
2.9450 2 1 1 0x0 -0.9794 -1.0226 -0.98 -1.02 -0.0374 -0.0439 0.0057 0.0118 0.4602 -0.1042 0.021636 -0.812544 12.23 
2.9550 2 1 1 0x0 -0.9566 -0.9945 -0.96 -0.99 -0.0450 -0.0598 0.0058 0.0044 0.4596 -0.1042 0.018932 -0.811234 12.23 
2.9650 2 1 1 0x0 -0.9524 -0.9903 -0.95 -0.99 -0.0359 -0.0368 0.0158 0.0144 0.4596 -0.1042 0.018932 -0.809851 12.23 
2.9750 2 1 1 0x0 -0.9466 -0.9845 -0.95 -0.98 -0.0191 -0.0193 0.0258 0.0244 0.4596 -0.1042 0.018932 -0.809611 12.23 
2.9850 2 1 1 0x0 -0.9394 -0.9773 -0.94 -0.98 -0.0130 -0.0131 0.0358 0.0344 0.4596 -0.1042 0.018932 -0.809151 12.22 
2.9950 2 1 1 0x0 -0.9311 -0.9690 -0.93 -0.97 -0.0098 -0.0099 0.0458 0.0444 0.4596 -0.1042 0.018932 -0.808643 12.23 
3.0050 2 1 1 0x0 -0.9219 -0.9598 -0.92 -0.96 -0.0079 -0.0080 0.0558 0.0544 0.4596 -0.1042 0.018932 -0.807693 12.23 
3.0150 2 1 1 0x0 -0.9119 -0.9498 -0.91 -0.95 -0.0066 -0.0066 0.0658 0.0644 0.4596 -0.1042 0.018932 -0.807070 12.23 
3.0250 2 1 1 0x0 -0.9013 -0.9392 -0.90 -0.94 -0.0057 -0.0057 0.0758 0.0744 0.4596 -0.1042 0.018932 -0.806410 12.23 
3.0350 2 1 1 0x0 -0.8902 -0.9281 -0.89 -0.93 -0.0050 -0.0050 0.0858 0.0844 0.4596 -0.1042 0.018932 -0.805773 12.23 
3.0450 2 1 1 0x0 -0.8787 -0.9165 -0.88 -0.92 -0.0044 -0.0045 0.0958 0.0944 0.4596 -0.1042 0.018932 -0.804971 12.23 
3.0550 2 1 1 0x0 -0.8668 -0.9046 -0.87 -0.90 -0.0040 -0.0040 0.1000 0.1000 0.4596 -0.1042 0.018932 -0.804370 12.23 
3.0650 2 1 1 0x0 -0.8546 -0.8925 -0.85 -0.89 -0.0036 -0.0037 0.1000 0.1000 0.4596 -0.1042 0.018932 -0.803731 12.23 
3.0750 2 1 1 0x0 -0.8422 -0.8801 -0.84 -0.88 -0.0033 -0.0034 0.1000 0.1000 0.4596 -0.1042 0.018932 -0.803062 12.23 
3.0850 2 1 1 0x0 -0.8296 -0.8675 -0.83 -0.87 -0.0031 -0.0031 0.1000 0.1000 0.4596 -0.1042 0.018932 -0.802371 12.23 
3.0950 2 1 1 0x0 -0.8169 -0.8547 -0.82 -0.85 -0.0029 -0.0029 0.1000 0.1000 0.4596 -0.1042 0.018932 -0.801797 12.23 
3.1050 2 1 1 0x0 -0.8040 -0.8418 -0.80 -0.84 -0.0027 -0.0027 0.1000 0.1000 0.4596 -0.1042 0.018932 -0.801171 12.23 
3.1150 2 1 1 0x0 -0.8003 -0.8328 -0.80 -0.83 0.0027 -0.0025 0.0854 0.1000 0.4598 -0.1042 0.016227 -0.800522 12.23 
3.1250 2 1 1 0x0 -0.7867 -0.8191 -0.79 -0.82 0.0027 -0.0024 0.0954 0.1000 0.4598 -0.1042 0.016227 -0.799912 12.23 
3.1350 2 1 1 0x0 -0.7731 -0.8056 -0.77 -0.81 0.0027 -0.0022 0.1000 0.1000 0.4598 -0.1042 0.016227 -0.799341 12.23 
3.1450 2 1 1 0x0 -0.7596 -0.7920 -0.76 -0.79 0.0027 -0.0021 0.1000 0.1000 0.4598 -0.1042 0.016227 -0.798706 12.23 
3.1550 2 1 1 0x0 -0.7460 -0.7785 -0.75 -0.78 0.0027 -0.0000 0.1000 0.1000 0.4598 -0.1042 0.016227 -0.798118 12.23 
3.1650 2 1 1 0x0 -0.7325 -0.7650 -0.73 -0.76 0.0027 -0.0000 0.1000 0.1000 0.4598 -0.1042 0.016227 -0.797563 12.23 
3.1750 2 1 1 0x0 -0.7190 -0.7515 -0.72 -0.75 0.0027 -0.0000 0.1000 0.1000 0.4598 -0.1042 0.016227 -0.796969 12.23 
3.1850 2 1 1 0x0 -0.7056 -0.7380 -0.71 -0.74 0.0027 -0.0000 0.1000 0.1000 0.4598 -0.1042 0.016227 -0.796366 12.23 
3.1950 2 1 1 0x0 -0.6921 -0.7246 -0.69 -0.72 0.0027 -0.0000 0.1000 0.1000 0.4598 -0.1042 0.016227 -0.795757 12.23 
3.2050 2 1 1 0x0 -0.6787 -0.7111 -0.68 -0.71 0.0027 -0.0000 0.1000 0.1000 0.4598 -0.1042 0.016227 -0.795165 12.23 
3.2149 2 1 1 0x0 -0.6652 -0.6977 -0.67 -0.70 0.0027 -0.0000 0.1000 0.1000 0.4598 -0.1042 0.016227 -0.794584 12.23 
3.2249 2 1 1 0x0 -0.6518 -0.6842 -0.65 -0.68 0.0027 -0.0000 0.1000 0.1000 0.4598 -0.1042 0.016227 -0.794032 12.23 
3.2349 2 1 1 0x0 -0.6384 -0.6708 -0.64 -0.67 0.0027 -0.0000 0.1000 0.1000 0.4598 -0.1042 0.016227 -0.793458 12.22 
3.2449 2 1 1 0x0 -0.6249 -0.6574 -0.62 -0.66 0.0027 -0.0000 0.1000 0.1000 0.4598 -0.1042 0.016227 -0.792914 12.23 
3.2549 2 1 1 0x0 -0.6115 -0.6440 -0.61 -0.64 0.0027 -0.0000 0.1000 0.1000 0.4598 -0.1042 0.016227 -0.792366 12.23 
3.2649 2 1 1 0x0 -0.5981 -0.6305 -0.60 -0.63 0.0025 -0.0000 0.1000 0.1000 0.4598 -0.1042 0.016227 -0.791824 12.23 
3.2749 2 1 1 0x0 -0.5847 -0.6171 -0.58 -0.62 0.0024 -0.0000 0.1000 0.1000 0.4598 -0.1042 0.016227 -0.791298 12.23 
3.2849 2 1 1 0x0 -0.5713 -0.6037 -0.57 -0.60 0.0023 -0.0000 0.1000 0.1000 0.4598 -0.1042 0.016227 -0.790759 12.23 
3.2949 2 1 1 0x0 -0.5579 -0.5903 -0.56 -0.59 0.0021 -0.0000 0.1000 0.1000 0.4598 -0.1042 0.016227 -0.790237 12.23 
3.3049 2 1 1 0x0 -0.5445 -0.5769 -0.54 -0.58 0.0020 -0.0000 0.1000 0.1000 0.4598 -0.1042 0.016227 -0.789718 12.23 
3.3149 2 1 1 0x0 -0.5311 -0.5635 -0.53 -0.56 0.0000 -0.0000 0.1000 0.1000 0.4598 -0.1042 0.016227 -0.789181 12.23 
3.3249 2 1 1 0x0 -0.5177 -0.5501 -0.52 -0.55 0.0000 -0.0000 0.1000 0.1000 0.4598 -0.1042 0.016227 -0.788648 12.23 
3.3349 2 1 1 0x0 -0.5043 -0.5367 -0.50 -0.54 0.0000 -0.0000 0.1000 0.1000 0.4598 -0.1042 0.016227 -0.788130 12.23 
3.3449 2 1 1 0x0 -0.4909 -0.5233 -0.49 -0.52 0.0000 -0.0000 0.1000 0.1000 0.4598 -0.1042 0.016227 -0.787633 12.22 
3.3549 2 1 1 0x0 -0.4775 -0.5099 -0.48 -0.51 0.0000 -0.0000 0.1000 0.1000 0.4598 -0.1042 0.016227 -0.787159 12.23 
3.3649 2 1 1 0x0 -0.4641 -0.4965 -0.46 -0.50 0.0000 -0.0000 0.1000 0.1000 0.4598 -0.1042 0.016227 -0.786662 12.23 
3.3749 2 1 1 0x0 -0.4507 -0.4831 -0.45 -0.48 0.0000 -0.0000 0.1000 0.1000 0.4598 -0.1042 0.016227 -0.786173 12.23 
3.3849 2 1 1 0x0 -0.4373 -0.4697 -0.44 -0.47 0.0000 -0.0000 0.1000 0.1000 0.4598 -0.1042 0.016227 -0.785686 12.23 
3.3949 2 1 1 0x0 -0.4239 -0.4563 -0.42 -0.46 0.0000 -0.0000 0.1000 0.1000 0.4598 -0.1042 0.016227 -0.785200 12.23 
3.4049 2 1 1 0x0 -0.4105 -0.4429 -0.41 -0.44 0.0000 -0.0000 0.1000 0.1000 0.4598 -0.1042 0.016227 -0.784738 12.23 
3.4149 2 1 1 0x0 -0.3971 -0.4295 -0.40 -0.43 0.0000 -0.0000 0.1000 0.1000 0.4598 -0.1042 0.016227 -0.784299 12.23 
3.4249 2 1 1 0x0 -0.3837 -0.4161 -0.38 -0.42 0.0000 -0.0000 0.1000 0.1000 0.4598 -0.1042 0.016227 -0.783858 12.23 
3.4349 2 1 1 0x0 -0.3703 -0.4027 -0.37 -0.40 0.0000 -0.0000 0.1000 0.1000 0.4598 -0.1042 0.016227 -0.783384 12.23 
3.4449 2 1 1 0x0 -0.3569 -0.3893 -0.36 -0.39 0.0000 -0.0000 0.1000 0.1000 0.4598 -0.1042 0.016227 -0.782912 12.23 
3.4549 2 1 1 0x0 -0.3435 -0.3759 -0.34 -0.38 0.0000 -0.0000 0.1000 0.1000 0.4598 -0.1042 0.016227 -0.782467 12.23 
3.4649 2 1 1 0x0 -0.3301 -0.3625 -0.33 -0.36 0.0000 -0.0000 0.1000 0.1000 0.4598 -0.1042 0.016227 -0.782019 12.22 
3.4749 2 1 1 0x0 -0.3167 -0.3491 -0.32 -0.35 0.0000 -0.0000 0.1000 0.1000 0.4598 -0.1042 0.016227 -0.781595 12.23 
3.4849 2 1 1 0x0 -0.3032 -0.3357 -0.30 -0.34 0.0000 -0.0000 0.1000 0.1000 0.4598 -0.1042 0.016227 -0.781156 12.23 
3.4949 2 1 1 0x0 -0.2898 -0.3223 -0.29 -0.32 0.0000 -0.0000 0.1000 0.1000 0.4598 -0.1042 0.016227 -0.780697 12.23 
3.5049 2 1 1 0x0 -0.2764 -0.3089 -0.28 -0.31 0.0000 -0.0000 0.1000 0.1000 0.4598 -0.1042 0.016227 -0.780242 12.23 
3.5149 2 1 1 0x0 -0.2630 -0.2955 -0.26 -0.30 0.0000 -0.0000 0.1000 0.1000 0.4598 -0.1042 0.016227 -0.779801 12.23 
3.5249 2 1 1 0x0 -0.2496 -0.2821 -0.25 -0.28 0.0000 -0.0000 0.1000 0.1000 0.4598 -0.1042 0.016227 -0.779400 12.23 
3.5349 2 1 1 0x0 -0.2362 -0.2687 -0.24 -0.27 0.0000 -0.0000 0.1000 0.1000 0.4598 -0.1042 0.016227 -0.778985 12.23 
3.5449 2 1 1 0x0 -0.2228 -0.2553 -0.22 -0.26 0.0000 -0.0000 0.1000 0.1000 0.4598 -0.1042 0.016227 -0.778588 12.23 
3.5549 2 1 1 0x0 -0.2094 -0.2419 -0.21 -0.24 0.0000 -0.0000 0.1000 0.1000 0.4598 -0.1042 0.016227 -0.778189 12.23 
3.5649 2 1 1 0x0 -0.1960 -0.2285 -0.20 -0.23 0.0000 -0.0000 0.1000 0.1000 0.4598 -0.1042 0.016227 -0.777792 12.23 
3.5749 2 1 1 0x0 -0.1826 -0.2151 -0.18 -0.22 0.0000 -0.0000 0.1000 0.1000 0.4598 -0.1042 0.016227 -0.777402 12.23 
3.5849 2 1 1 0x0 -0.1692 -0.2017 -0.17 -0.20 0.0000 -0.0000 0.1000 0.1000 0.4598 -0.1042 0.016227 -0.777016 12.23 
3.5949 2 1 1 0x0 -0.1558 -0.1883 -0.16 -0.19 0.0000 -0.0000 0.1000 0.1000 0.4598 -0.1042 0.016227 -0.776640 12.22 
3.6049 2 1 1 0x0 -0.1424 -0.1749 -0.14 -0.17 0.0000 -0.0000 0.1000 0.1000 0.4598 -0.1042 0.016227 -0.776277 12.23 
3.6149 2 1 1 0x0 -0.1290 -0.1615 -0.13 -0.16 0.0000 -0.0000 0.1000 0.1000 0.4598 -0.1042 0.016227 -0.775900 12.23 
3.6249 2 1 1 0x0 -0.1156 -0.1481 -0.12 -0.15 0.0000 -0.0000 0.1000 0.1000 0.4598 -0.1042 0.016227 -0.775522 12.23 
3.6349 2 1 1 0x0 -0.1022 -0.1347 -0.10 -0.13 0.0000 -0.0000 0.1000 0.1000 0.4598 -0.1042 0.016227 -0.775138 12.23 
3.6449 2 1 1 0x0 -0.0888 -0.1213 -0.09 -0.12 0.0000 -0.0000 0.1000 0.1000 0.4598 -0.1042 0.016227 -0.774758 12.23 
3.6549 2 1 1 0x0 -0.0754 -0.1079 -0.08 -0.11 0.0000 -0.0000 0.1000 0.1000 0.4598 -0.1042 0.016227 -0.774383 12.23 
3.6649 2 1 1 0x0 -0.0620 -0.0945 -0.06 -0.09 0.0000 -0.0000 0.1000 0.1000 0.4598 -0.1042 0.016227 -0.774038 12.23 
3.6749 2 1 1 0x0 -0.0486 -0.0811 -0.05 -0.08 0.0000 -0.0000 0.1000 0.1000 0.4598 -0.1042 0.016227 -0.773695 12.23 
3.6849 2 1 1 0x0 -0.0352 -0.0677 -0.04 -0.07 0.0000 -0.0000 0.1000 0.1000 0.4598 -0.1042 0.016227 -0.773342 12.24 
3.6949 2 1 1 0x0 -0.0218 -0.0543 -0.02 -0.05 0.0000 -0.0000 0.1000 0.1000 0.4598 -0.1042 0.016227 -0.772992 12.23 
3.7049 2 1 1 0x0 -0.0084 -0.0409 -0.01 -0.04 0.0000 -0.0000 0.1000 0.1000 0.4598 -0.1042 0.016227 -0.772642 12.23 
3.7149 2 1 1 0x0 0.0050 -0.0275 0.00 -0.03 0.0000 -0.0000 0.1000 0.1000 0.4598 -0.1042 0.016227 -0.772282 12.22 
3.7249 2 1 1 0x0 0.0184 -0.0141 0.02 -0.01 0.0000 -0.0000 0.1000 0.1000 0.4598 -0.1042 0.016227 -0.771950 12.23 
3.7349 2 1 1 0x0 0.0318 -0.0007 0.03 -0.00 0.0000 -0.0000 0.1000 0.1000 0.4598 -0.1042 0.016227 -0.771592 12.23 
3.7449 2 1 1 0x0 0.0452 0.0127 0.05 0.01 0.0000 -0.0000 0.1000 0.1000 0.4598 -0.1042 0.016227 -0.771258 12.23 
3.7549 2 1 1 0x0 0.0586 0.0261 0.06 0.03 0.0000 -0.0000 0.1000 0.1000 0.4598 -0.1042 0.016227 -0.770921 12.23 
3.7649 2 1 1 0x0 0.0720 0.0395 0.07 0.04 0.0000 -0.0000 0.1000 0.1000 0.4598 -0.1042 0.016227 -0.770601 12.23 
3.7749 2 1 1 0x0 0.0854 0.0529 0.09 0.05 0.0000 -0.0000 0.1000 0.1000 0.4598 -0.1042 0.016227 -0.770284 12.23 
3.7849 2 1 1 0x0 0.0988 0.0663 0.10 0.07 0.0000 -0.0000 0.1000 0.1000 0.4598 -0.1042 0.016227 -0.769963 12.23 
3.7949 2 1 1 0x0 0.1122 0.0797 0.11 0.08 0.0000 -0.0000 0.1000 0.1000 0.4598 -0.1042 0.016227 -0.769632 12.23 
3.8049 2 1 1 0x0 0.1256 0.0931 0.13 0.09 0.0000 -0.0000 0.1000 0.1000 0.4598 -0.1042 0.016227 -0.769304 12.23 
3.8149 2 1 1 0x0 0.1390 0.1065 0.14 0.11 0.0000 -0.0000 0.1000 0.1000 0.4598 -0.1042 0.016227 -0.768967 12.23 
3.8249 2 1 1 0x0 0.1524 0.1199 0.15 0.12 0.0000 -0.0000 0.1000 0.1000 0.4598 -0.1042 0.016227 -0.768651 12.23 
3.8349 2 1 1 0x0 0.1658 0.1333 0.17 0.13 0.0000 -0.0000 0.1000 0.1000 0.4598 -0.1042 0.016227 -0.768358 12.23 
3.8449 2 1 1 0x0 0.1792 0.1468 0.18 0.15 0.0000 -0.0000 0.1000 0.1000 0.4598 -0.1042 0.016227 -0.768075 12.22 
3.8549 2 1 1 0x0 0.1926 0.1602 0.19 0.16 0.0000 -0.0000 0.1000 0.1000 0.4598 -0.1042 0.016227 -0.767772 12.23 
3.8649 2 1 1 0x0 0.2060 0.1736 0.21 0.17 0.0000 -0.0000 0.1000 0.1000 0.4598 -0.1042 0.016227 -0.767445 12.23 
3.8749 2 1 1 0x0 0.2194 0.1870 0.22 0.19 0.0000 -0.0000 0.1000 0.1000 0.4598 -0.1042 0.016227 -0.767138 12.23 
3.8849 2 1 1 0x0 0.2328 0.2004 0.23 0.20 0.0000 -0.0000 0.1000 0.1000 0.4598 -0.1042 0.016227 -0.766856 12.23 
3.8949 2 1 1 0x0 0.2462 0.2138 0.25 0.21 0.0000 -0.0000 0.1000 0.1000 0.4598 -0.1042 0.016227 -0.766583 12.23 
3.9049 2 1 1 0x0 0.2596 0.2272 0.26 0.23 0.0000 -0.0000 0.1000 0.1000 0.4598 -0.1042 0.016227 -0.766289 12.22 
3.9149 2 1 1 0x0 0.2730 0.2406 0.27 0.24 0.0000 -0.0000 0.1000 0.1000 0.4598 -0.1042 0.016227 -0.765995 12.23 
3.9249 2 1 1 0x0 0.2864 0.2540 0.29 0.25 0.0000 -0.0000 0.1000 0.1000 0.4598 -0.1042 0.016227 -0.765709 12.23 
3.9349 2 1 1 0x0 0.2998 0.2674 0.30 0.27 0.0000 -0.0000 0.1000 0.1000 0.4598 -0.1042 0.016227 -0.765444 12.23 
3.9449 2 1 1 0x0 0.3132 0.2808 0.31 0.28 0.0000 -0.0000 0.1000 0.1000 0.4598 -0.1042 0.016227 -0.765170 12.23 
3.9549 2 1 1 0x0 0.3266 0.2942 0.33 0.29 0.0000 -0.0000 0.1000 0.1000 0.4598 -0.1042 0.016227 -0.764895 12.23 
3.9649 2 1 1 0x0 0.3400 0.3076 0.34 0.31 0.0000 -0.0000 0.1000 0.1000 0.4598 -0.1042 0.016227 -0.764624 12.23 
3.9749 2 1 1 0x0 0.3534 0.3210 0.35 0.32 0.0000 -0.0000 0.1000 0.1000 0.4598 -0.1042 0.016227 -0.764353 12.23 
3.9849 2 1 1 0x0 0.3668 0.3344 0.37 0.33 0.0000 -0.0000 0.1000 0.1000 0.4598 -0.1042 0.016227 -0.764075 12.23 
3.9949 2 1 1 0x0 0.3802 0.3478 0.38 0.35 0.0000 -0.0000 0.1000 0.1000 0.4598 -0.1042 0.016227 -0.763820 12.23 
4.0049 2 1 1 0x0 0.3936 0.3612 0.39 0.36 0.0000 -0.0000 0.1000 0.1000 0.4598 -0.1042 0.016227 -0.763581 12.23 
4.0149 2 1 1 0x0 0.4070 0.3746 0.41 0.37 0.0000 -0.0000 0.1000 0.1000 0.4598 -0.1042 0.016227 -0.763322 12.23 
4.0249 2 1 1 0x0 0.4204 0.3880 0.42 0.39 0.0000 -0.0000 0.1000 0.1000 0.4598 -0.1042 0.016227 -0.763089 12.23 
4.0349 2 1 1 0x0 0.4338 0.4014 0.43 0.40 0.0000 -0.0000 0.1000 0.1000 0.4598 -0.1042 0.016227 -0.762830 12.23 
4.0449 2 1 1 0x0 0.4472 0.4148 0.45 0.41 0.0000 -0.0000 0.1000 0.1000 0.4598 -0.1042 0.016227 -0.762582 12.23 
4.0549 2 1 1 0x0 0.4606 0.4282 0.46 0.43 0.0000 -0.0000 0.1000 0.1000 0.4598 -0.1042 0.016227 -0.762352 12.23 
4.0649 2 1 1 0x0 0.4740 0.4416 0.47 0.44 0.0000 -0.0000 0.1000 0.1000 0.4598 -0.1042 0.016227 -0.762099 12.23 
4.0749 2 1 1 0x0 0.4874 0.4550 0.49 0.45 0.0000 -0.0000 0.1000 0.1000 0.4598 -0.1042 0.016227 -0.761844 12.23 
4.0849 2 1 1 0x0 0.5008 0.4684 0.50 0.47 0.0000 -0.0000 0.1000 0.1000 0.4598 -0.1042 0.016227 -0.761616 12.23 
4.0949 2 1 1 0x0 0.5142 0.4818 0.51 0.48 0.0000 -0.0000 0.1000 0.1000 0.4598 -0.1042 0.016227 -0.761382 12.23 
4.1049 2 1 1 0x0 0.5276 0.4952 0.53 0.50 0.0000 -0.0000 0.1000 0.1000 0.4598 -0.1042 0.016227 -0.761117 12.24 
4.1149 2 1 1 0x0 0.5410 0.5086 0.54 0.51 0.0000 -0.0000 0.1000 0.1000 0.4598 -0.1042 0.016227 -0.760893 12.23 
4.1249 2 1 1 0x0 0.5544 0.5220 0.55 0.52 0.0000 -0.0000 0.1000 0.1000 0.4598 -0.1042 0.016227 -0.760684 12.23 
4.1349 2 1 1 0x0 0.5678 0.5354 0.57 0.54 0.0000 -0.0000 0.1000 0.1000 0.4598 -0.1042 0.016227 -0.760427 12.23 
4.1449 2 1 1 0x0 0.5812 0.5488 0.58 0.55 0.0000 -0.0000 0.1000 0.1000 0.4598 -0.1042 0.016227 -0.760211 12.23 
4.1549 2 1 1 0x0 0.5946 0.5622 0.59 0.56 0.0000 -0.0000 0.1000 0.1000 0.4598 -0.1042 0.016227 -0.759994 12.23 
4.1649 2 1 1 0x0 0.6081 0.5756 0.61 0.58 0.0000 -0.0000 0.1000 0.1000 0.4598 -0.1042 0.016227 -0.759778 12.23 
4.1749 2 1 1 0x0 0.6215 0.5890 0.62 0.59 0.0000 -0.0000 0.1000 0.1000 0.4598 -0.1042 0.016227 -0.759571 12.23 
4.1849 2 1 1 0x0 0.6349 0.6024 0.63 0.60 0.0000 -0.0000 0.1000 0.1000 0.4598 -0.1042 0.016227 -0.759356 12.23 
4.1949 2 1 1 0x0 0.6483 0.6158 0.65 0.62 0.0000 -0.0000 0.1000 0.1000 0.4598 -0.1042 0.016227 -0.759137 12.22 
4.2049 2 1 1 0x0 0.6617 0.6292 0.66 0.63 0.0000 -0.0000 0.1000 0.1000 0.4598 -0.1042 0.016227 -0.758919 12.23 
4.2149 2 1 1 0x0 0.6751 0.6426 0.68 0.64 0.0000 -0.0000 0.1000 0.1000 0.4598 -0.1042 0.016227 -0.758715 12.23 
4.2249 2 1 1 0x0 0.6885 0.6560 0.69 0.66 0.0000 -0.0000 0.1000 0.1000 0.4598 -0.1042 0.016227 -0.758505 12.23 
4.2349 2 1 1 0x0 0.7019 0.6694 0.70 0.67 0.0000 -0.0000 0.1000 0.1000 0.4598 -0.1042 0.016227 -0.758300 12.23 
4.2449 2 1 1 0x0 0.7153 0.6828 0.72 0.68 0.0000 -0.0000 0.1000 0.1000 0.4598 -0.1042 0.016227 -0.758079 12.23 
4.2549 2 1 1 0x0 0.7287 0.6962 0.73 0.70 0.0000 -0.0000 0.1000 0.1000 0.4598 -0.1042 0.016227 -0.757894 12.23 
4.2649 2 1 1 0x0 0.7421 0.7096 0.74 0.71 0.0000 -0.0000 0.1000 0.1000 0.4598 -0.1042 0.016227 -0.757695 12.23 
4.2749 2 1 1 0x0 0.7555 0.7230 0.76 0.72 0.0000 -0.0000 0.1000 0.1000 0.4598 -0.1042 0.016227 -0.757504 12.23 
4.2849 2 1 1 0x0 0.7689 0.7364 0.77 0.74 0.0000 -0.0000 0.1000 0.1000 0.4598 -0.1042 0.016227 -0.757317 12.23 
4.2949 2 1 1 0x0 0.7823 0.7498 0.78 0.75 0.0000 -0.0000 0.1000 0.1000 0.4598 -0.1042 0.016227 -0.757115 12.23 
4.3049 2 1 1 0x0 0.7957 0.7632 0.80 0.76 0.0000 -0.0000 0.1000 0.1000 0.4598 -0.1042 0.016227 -0.756941 12.23 
4.3149 2 1 1 0x0 0.8091 0.7766 0.81 0.78 0.0000 -0.0000 0.1000 0.1000 0.4598 -0.1042 0.016227 -0.756749 12.23 
4.3249 2 1 1 0x0 0.8225 0.7900 0.82 0.79 0.0000 -0.0000 0.1000 0.1000 0.4598 -0.1042 0.016227 -0.756545 12.23 
4.3349 2 1 1 0x0 0.8359 0.8034 0.84 0.80 0.0000 -0.0000 0.1000 0.1000 0.4598 -0.1042 0.016227 -0.756344 12.23 
4.3449 2 1 1 0x0 0.8493 0.8168 0.85 0.82 0.0000 -0.0000 0.1000 0.1000 0.4598 -0.1042 0.016227 -0.756140 12.23 
4.3549 2 1 1 0x0 0.8627 0.8302 0.86 0.83 0.0000 -0.0000 0.1000 0.1000 0.4598 -0.1042 0.016227 -0.755972 12.23 
4.3649 2 1 1 0x0 0.8761 0.8436 0.88 0.84 0.0000 -0.0000 0.1000 0.1000 0.4598 -0.1042 0.016227 -0.755799 12.23 
4.3749 2 1 1 0x0 0.8895 0.8570 0.89 0.86 0.0000 -0.0000 0.1000 0.1000 0.4598 -0.1042 0.016227 -0.755634 12.23 
4.3849 2 1 1 0x0 0.8934 0.8663 0.89 0.87 0.0003 -0.0000 0.1000 0.1000 0.4600 -0.1042 0.013523 -0.755448 12.23 
4.3949 2 1 1 0x0 0.9074 0.8803 0.91 0.88 0.0003 -0.0000 0.1000 0.1000 0.4600 -0.1042 0.013523 -0.755289 12.23 
4.4049 2 1 1 0x0 0.9115 0.8898 0.91 0.89 0.0166 -0.0000 0.0143 0.1000 0.4602 -0.1042 0.010818 -0.755122 12.23 
4.4149 2 1 1 0x0 0.9259 0.9042 0.93 0.90 0.0166 -0.0000 0.0243 0.1000 0.4602 -0.1042 0.010818 -0.754964 12.23 
4.4249 2 1 1 0x0 0.9401 0.9184 0.94 0.92 0.0166 -0.0000 0.0343 0.1000 0.4602 -0.1042 0.010818 -0.754795 12.23 
4.4349 2 1 1 0x0 0.9498 0.9227 0.95 0.92 0.0127 0.0003 0.0443 0.1000 0.4605 -0.1042 0.013523 -0.754658 12.23 
4.4449 2 1 1 0x0 0.9643 0.9373 0.96 0.94 0.0096 0.0003 0.0543 0.1000 0.4605 -0.1042 0.013523 -0.754480 12.23 
4.4549 2 1 1 0x0 0.9786 0.9515 0.98 0.95 0.0078 0.0003 0.0643 0.1000 0.4605 -0.1042 0.013523 -0.754312 12.23 
4.4649 2 1 1 0x0 0.9788 0.9518 0.98 0.95 0.0077 0.0125 0.0358 0.0172 0.4609 -0.1042 0.013523 -0.754138 12.22 
4.4749 2 1 1 0x0 0.9940 0.9669 0.99 0.97 0.0077 0.0125 0.0458 0.0272 0.4609 -0.1042 0.013523 -0.753996 12.23 
4.4849 2 1 1 0x0 1.0045 0.9720 1.00 0.97 0.0077 0.0246 0.0558 0.0127 0.4611 -0.1042 0.016227 -0.753971 12.23 
4.4949 2 1 1 0x0 1.0152 0.9774 1.02 0.98 0.0077 0.0370 0.0658 0.0089 0.4613 -0.1042 0.018932 -0.754070 12.23 
4.5049 2 1 1 0x0 1.0305 0.9927 1.03 0.99 0.0077 0.0301 0.0758 0.0189 0.4613 -0.1042 0.018932 -0.754123 12.23 
4.5149 2 1 1 0x0 1.0454 1.0075 1.05 1.01 0.0068 0.0173 0.0858 0.0289 0.4613 -0.1042 0.018932 -0.753740 12.22 
4.5249 2 1 1 0x0 1.0599 1.0220 1.06 1.02 0.0058 0.0121 0.0958 0.0389 0.4613 -0.1042 0.018932 -0.753662 12.23 
4.5349 2 1 1 0x0 1.0741 1.0363 1.07 1.04 0.0051 0.0093 0.1000 0.0489 0.4613 -0.1042 0.018932 -0.753461 12.23 
4.5449 2 1 1 0x0 1.0881 1.0502 1.09 1.05 0.0045 0.0076 0.1000 0.0589 0.4613 -0.1042 0.018932 -0.753219 12.23 
4.5549 2 1 1 0x0 1.1019 1.0640 1.10 1.06 0.0041 0.0064 0.1000 0.0689 0.4613 -0.1042 0.018932 -0.753329 12.23 
4.5649 2 1 1 0x0 1.1155 1.0776 1.12 1.08 0.0037 0.0055 0.1000 0.0789 0.4613 -0.1042 0.018932 -0.753385 12.23 
4.5749 2 1 1 0x0 1.1247 1.0814 1.12 1.08 0.0034 0.0051 0.1000 0.0437 0.4615 -0.1042 0.021636 -0.753320 12.23 
4.5849 2 1 1 0x0 1.1293 1.0915 1.13 1.09 0.0033 0.0051 0.0689 0.0537 0.4617 -0.1042 0.018932 -0.753350 12.23 
4.5948 2 1 1 0x0 1.1437 1.1058 1.14 1.11 0.0033 0.0051 0.0789 0.0637 0.4617 -0.1042 0.018932 -0.753362 12.22 
4.6048 2 1 1 0x0 1.1577 1.1198 1.16 1.12 0.0033 0.0051 0.0889 0.0737 0.4617 -0.1042 0.018932 -0.753353 12.23 
4.6148 2 1 1 0x0 1.1581 1.1202 1.16 1.12 0.0129 0.0119 0.0226 0.0269 0.4621 -0.1042 0.018932 -0.753491 12.23 
4.6248 2 1 1 0x0 1.1728 1.1350 1.17 1.13 0.0129 0.0119 0.0326 0.0369 0.4621 -0.1042 0.018932 -0.753525 12.23 
4.6348 2 1 1 0x0 1.1829 1.1396 1.18 1.14 0.0129 0.0154 0.0426 0.0168 0.4623 -0.1042 0.021636 -0.753189 12.22 
4.6448 2 1 1 0x0 1.1881 1.1503 1.19 1.15 0.0137 0.0154 0.0220 0.0268 0.4625 -0.1042 0.018932 -0.753080 12.22 
4.6548 2 1 1 0x0 1.1889 1.1510 1.19 1.15 0.0290 0.0192 0.0102 0.0130 0.4629 -0.1042 0.018932 -0.753347 12.22 
4.6648 2 1 1 0x0 1.2046 1.1667 1.20 1.17 0.0290 0.0192 0.0202 0.0230 0.4629 -0.1042 0.018932 -0.753758 12.21 
4.6748 2 1 1 0x0 1.2059 1.1681 1.21 1.17 0.0270 0.0214 0.0157 0.0130 0.4633 -0.1042 0.018932 -0.754266 12.21 
4.6848 2 1 1 0x0 1.2079 1.1700 1.21 1.17 0.0376 0.0377 0.0128 0.0082 0.4637 -0.1042 0.018932 -0.754997 12.22 
4.6948 2 1 1 0x0 1.2103 1.1724 1.21 1.17 0.0352 0.0425 0.0116 0.0080 0.4641 -0.1042 0.018932 -0.756146 12.21 
4.7048 2 1 1 0x0 1.2036 1.1711 1.20 1.17 0.0504 0.0533 0.0043 0.0094 0.4647 -0.1042 0.016227 -0.757011 12.21 
4.7148 2 1 1 0x0 1.2075 1.1751 1.21 1.18 0.0760 0.0450 0.0076 0.0111 0.4651 -0.1041 0.016227 -0.758056 12.21 
4.7248 2 1 1 0x0 1.1977 1.1653 1.20 1.17 0.0769 0.0536 0.0050 0.0057 0.4659 -0.1041 0.016227 -0.758535 12.21 
4.7348 2 1 1 0x0 1.1931 1.1661 1.19 1.17 0.0808 0.0627 0.0034 0.0087 0.4665 -0.1041 0.013523 -0.759012 12.21 
4.7448 2 1 1 0x0 1.1844 1.1574 1.18 1.16 0.0883 0.0592 0.0027 0.0035 0.4673 -0.1041 0.013523 -0.759332 12.21 
4.7548 2 1 1 0x0 1.1810 1.1594 1.18 1.16 0.0888 0.0554 0.0025 0.0064 0.4680 -0.1041 0.010818 -0.759312 12.22 
4.7648 2 1 1 0x0 1.1779 1.1617 1.18 1.16 0.0931 0.0554 0.0029 0.0091 0.4686 -0.1041 0.008114 -0.759337 12.22 
4.7748 2 1 1 0x0 1.1751 1.1643 1.18 1.16 0.1031 0.0449 0.0035 0.0109 0.4692 -0.1041 0.005409 -0.759252 12.21 
4.7848 2 1 1 0x0 1.1680 1.1572 1.17 1.16 0.0987 0.0455 0.0047 0.0045 0.4700 -0.1041 0.005409 -0.759305 12.22 
4.7948 2 1 1 0x0 1.1654 1.1600 1.17 1.16 0.0936 0.0499 0.0051 0.0060 0.4706 -0.1041 0.002705 -0.759082 12.22 
4.8048 2 1 1 0x0 1.1629 1.1629 1.16 1.16 0.0971 0.0404 0.0062 0.0069 0.4712 -0.1041 -0.000000 -0.758676 12.22 
4.8148 2 1 1 0x0 1.1504 1.1612 1.15 1.16 0.0841 0.0534 0.0025 0.0081 0.4720 -0.1041 -0.005409 -0.758861 12.22 
4.8248 2 1 1 0x0 1.1478 1.1640 1.15 1.16 0.0784 0.0460 0.0033 0.0099 0.4726 -0.1041 -0.008114 -0.759026 12.22 
4.8348 2 1 1 0x0 1.1452 1.1668 1.15 1.17 0.0814 0.0535 0.0044 0.0117 0.4732 -0.1041 -0.010818 -0.758953 12.22 
4.8448 2 1 1 0x0 1.1378 1.1595 1.14 1.16 0.0811 0.0548 0.0053 0.0045 0.4740 -0.1041 -0.010818 -0.758687 12.23 
4.8548 2 1 1 0x0 1.1348 1.1619 1.13 1.16 0.0610 0.0421 0.0049 0.0060 0.4746 -0.1041 -0.013523 -0.758425 12.23 
4.8648 2 1 1 0x0 1.1315 1.1639 1.13 1.16 0.0792 0.0507 0.0039 0.0072 0.4753 -0.1041 -0.016227 -0.757411 12.22 
4.8748 2 1 1 0x0 1.1278 1.1657 1.13 1.17 0.0639 0.0466 0.0039 0.0088 0.4759 -0.1041 -0.018932 -0.757499 12.23 
4.8848 2 1 1 0x0 1.1238 1.1671 1.12 1.17 0.0728 0.0529 0.0032 0.0107 0.4765 -0.1041 -0.021636 -0.757910 12.23 
4.8948 2 1 1 0x0 1.1294 1.1726 1.13 1.17 0.0783 0.0391 0.0078 0.0116 0.4769 -0.1042 -0.021636 -0.757081 12.23 
4.9048 2 1 1 0x0 1.1245 1.1732 1.12 1.17 0.0820 0.0458 0.0062 0.0120 0.4775 -0.1042 -0.024341 -0.756636 12.23 
4.9148 2 1 1 0x0 1.1194 1.1735 1.12 1.17 0.0792 0.0407 0.0056 0.0126 0.4781 -0.1042 -0.027045 -0.756949 12.22 
4.9248 2 1 1 0x0 1.1139 1.1734 1.11 1.17 0.0756 0.0442 0.0037 0.0130 0.4787 -0.1042 -0.029750 -0.756623 12.24 
4.9348 2 1 1 0x0 1.1177 1.1772 1.12 1.18 0.0619 0.0343 0.0077 0.0125 0.4791 -0.1042 -0.029750 -0.756029 12.23 
4.9448 2 1 1 0x0 1.1113 1.1762 1.11 1.18 0.0618 0.0494 0.0057 0.0125 0.4797 -0.1042 -0.032454 -0.756413 12.23 
4.9548 2 1 1 0x0 1.1045 1.1749 1.10 1.17 0.0588 0.0379 0.0039 0.0130 0.4803 -0.1043 -0.035159 -0.756498 12.22 
4.9648 2 1 1 0x0 1.1074 1.1777 1.11 1.18 0.0679 0.0401 0.0074 0.0126 0.4807 -0.1043 -0.035159 -0.756036 12.22 
4.9748 2 1 1 0x0 1.0997 1.1754 1.10 1.18 0.0660 0.0323 0.0045 0.0113 0.4813 -0.1043 -0.037864 -0.755523 12.22 
4.9848 2 1 1 0x0 1.1016 1.1773 1.10 1.18 0.0538 0.0395 0.0076 0.0099 0.4817 -0.1043 -0.037864 -0.755371 12.22 
4.9948 2 1 1 0x0 1.1028 1.1785 1.10 1.18 0.0615 0.0288 0.0106 0.0077 0.4822 -0.1043 -0.037864 -0.755152 12.23 
5.0048 2 1 1 0x0 1.0983 1.1848 1.10 1.18 0.0574 0.0288 0.0059 0.0177 0.4826 -0.1043 -0.043273 -0.754917 12.23 
5.0148 2 1 1 0x0 1.0985 1.1851 1.10 1.19 0.0431 0.0281 0.0077 0.0134 0.4830 -0.1044 -0.043273 -0.754528 12.22 
5.0248 2 1 1 0x0 1.0981 1.1847 1.10 1.18 0.0519 0.0263 0.0091 0.0085 0.4834 -0.1044 -0.043273 -0.754469 12.23 
5.0348 2 1 1 0x0 1.1018 1.1938 1.10 1.19 0.0396 0.0263 0.0100 0.0185 0.4836 -0.1044 -0.045977 -0.754395 12.23 
5.0448 2 1 1 0x0 1.1007 1.1926 1.10 1.19 0.0447 0.0326 0.0104 0.0145 0.4840 -0.1044 -0.045977 -0.754056 12.22 
5.0548 2 1 1 0x0 1.1031 1.2005 1.10 1.20 0.0333 0.0222 0.0097 0.0245 0.4842 -0.1044 -0.048682 -0.753743 12.23 
5.0648 2 1 1 0x0 1.1010 1.1983 1.10 1.20 0.0440 0.0217 0.0091 0.0189 0.4846 -0.1044 -0.048682 -0.753615 12.23 
5.0748 2 1 1 0x0 1.0982 1.1955 1.10 1.20 0.0339 0.0245 0.0085 0.0113 0.4850 -0.1044 -0.048682 -0.753732 12.22 
5.0848 2 1 1 0x0 1.0996 1.2024 1.10 1.20 0.0377 0.0245 0.0071 0.0213 0.4852 -0.1045 -0.051386 -0.753653 12.22 
5.0948 2 1 1 0x0 1.1058 1.2031 1.11 1.20 0.0377 0.0189 0.0171 0.0123 0.4854 -0.1045 -0.048682 -0.753363 12.23 
5.1048 2 1 1 0x0 1.1064 1.2092 1.11 1.21 0.0283 0.0189 0.0145 0.0223 0.4856 -0.1045 -0.051386 -0.753268 12.23 
5.1148 2 1 1 0x0 1.1022 1.2049 1.10 1.20 0.0329 0.0237 0.0112 0.0130 0.4860 -0.1045 -0.051386 -0.753289 12.22 
5.1248 2 1 1 0x0 1.1075 1.2049 1.11 1.20 0.0269 0.0327 0.0212 0.0083 0.4862 -0.1045 -0.048682 -0.753723 12.23 
5.1348 2 1 1 0x0 1.1075 1.2102 1.11 1.21 0.0255 0.0327 0.0171 0.0183 0.4864 -0.1045 -0.051386 -0.753972 12.22 
5.1448 2 1 1 0x0 1.1026 1.2054 1.10 1.21 0.0297 0.0254 0.0123 0.0140 0.4868 -0.1045 -0.051386 -0.753923 12.22 
5.1548 2 1 1 0x0 1.1071 1.2045 1.11 1.20 0.0297 0.0265 0.0223 0.0084 0.4870 -0.1045 -0.048682 -0.754284 12.22 
5.1648 2 1 1 0x0 1.1064 1.2092 1.11 1.21 0.0231 0.0265 0.0168 0.0184 0.4872 -0.1046 -0.051386 -0.754706 12.22 
5.1748 2 1 1 0x0 1.1010 1.2038 1.10 1.20 0.0306 0.0304 0.0114 0.0141 0.4876 -0.1046 -0.051386 -0.754890 12.22 
5.1848 2 1 1 0x0 1.1050 1.2024 1.11 1.20 0.0306 0.0236 0.0214 0.0088 0.4878 -0.1046 -0.048682 -0.755004 12.23 
5.1948 2 1 1 0x0 1.1038 1.2066 1.10 1.21 0.0242 0.0236 0.0163 0.0188 0.4880 -0.1046 -0.051386 -0.755105 12.22 
5.2048 2 1 1 0x0 1.0981 1.2009 1.10 1.20 0.0327 0.0348 0.0117 0.0144 0.4884 -0.1046 -0.051386 -0.755390 12.21 
5.2148 2 1 1 0x0 1.0923 1.1950 1.09 1.20 0.0284 0.0331 0.0084 0.0125 0.4888 -0.1046 -0.051386 -0.755728 12.22 
5.2248 2 1 1 0x0 1.0966 1.1939 1.10 1.19 0.0284 0.0393 0.0184 0.0112 0.4890 -0.1047 -0.048682 -0.755897 12.22 
5.2348 2 1 1 0x0 1.0908 1.1882 1.09 1.19 0.0342 0.0303 0.0153 0.0093 0.4894 -0.1047 -0.048682 -0.755736 12.22 
5.2448 2 1 1 0x0 1.0851 1.1825 1.09 1.18 0.0288 0.0429 0.0123 0.0079 0.4899 -0.1047 -0.048682 -0.755880 12.21 
5.2548 2 1 1 0x0 1.0794 1.1768 1.08 1.18 0.0378 0.0379 0.0099 0.0078 0.4903 -0.1047 -0.048682 -0.756086 12.22 
5.2648 2 1 1 0x0 1.0739 1.1713 1.07 1.17 0.0384 0.0444 0.0093 0.0079 0.4907 -0.1047 -0.048682 -0.756205 12.22 
5.2748 2 1 1 0x0 1.0685 1.1659 1.07 1.17 0.0411 0.0358 0.0091 0.0077 0.4911 -0.1048 -0.048682 -0.756319 12.22 
5.2848 2 1 1 0x0 1.0630 1.1603 1.06 1.16 0.0355 0.0448 0.0084 0.0075 0.4915 -0.1048 -0.048682 -0.756368 12.22 
5.2948 2 1 1 0x0 1.0576 1.1550 1.06 1.15 0.0469 0.0389 0.0084 0.0077 0.4919 -0.1048 -0.048682 -0.756361 12.22 
5.3048 2 1 1 0x0 1.0523 1.1497 1.05 1.15 0.0433 0.0451 0.0094 0.0080 0.4923 -0.1048 -0.048682 -0.756148 12.22 
5.3148 2 1 1 0x0 1.0471 1.1445 1.05 1.14 0.0473 0.0403 0.0104 0.0085 0.4927 -0.1048 -0.048682 -0.756207 12.22 
5.3248 2 1 1 0x0 1.0419 1.1392 1.04 1.14 0.0398 0.0511 0.0110 0.0095 0.4931 -0.1049 -0.048682 -0.756336 12.22 
5.3348 2 1 1 0x0 1.0367 1.1341 1.04 1.13 0.0538 0.0403 0.0121 0.0105 0.4935 -0.1049 -0.048682 -0.755911 12.23 
5.3448 2 1 1 0x0 1.0214 1.1242 1.02 1.12 0.0507 0.0428 0.0050 0.0107 0.4941 -0.1049 -0.051386 -0.754940 12.23 
5.3548 2 1 1 0x0 1.0161 1.1188 1.02 1.12 0.0413 0.0347 0.0061 0.0101 0.4945 -0.1049 -0.051386 -0.754403 12.22 
5.3648 2 1 1 0x0 1.0107 1.1135 1.01 1.11 0.0556 0.0446 0.0075 0.0097 0.4949 -0.1049 -0.051386 -0.754323 12.23 
5.3748 2 1 1 0x0 1.0050 1.1078 1.00 1.11 0.0447 0.0317 0.0093 0.0088 0.4953 -0.1050 -0.051386 -0.753994 12.22 
5.3848 2 1 1 0x0 0.9992 1.1020 1.00 1.10 0.0494 0.0416 0.0107 0.0075 0.4957 -0.1050 -0.051386 -0.753485 12.21 
5.3948 2 1 1 0x0 0.9931 1.0958 0.99 1.10 0.0377 0.0341 0.0112 0.0067 0.4961 -0.1050 -0.051386 -0.753524 12.23 
5.4048 2 1 1 0x0 0.9914 1.0996 0.99 1.10 0.0562 0.0341 0.0122 0.0167 0.4963 -0.1050 -0.054091 -0.753363 12.21 
5.4148 2 1 1 0x0 0.9850 1.0932 0.98 1.09 0.0377 0.0374 0.0132 0.0153 0.4967 -0.1050 -0.054091 -0.753018 12.22 
5.4248 2 1 1 0x0 0.9783 1.0865 0.98 1.09 0.0501 0.0298 0.0138 0.0131 0.4971 -0.1051 -0.054091 -0.752652 12.23 
5.4348 2 1 1 0x0 0.9615 1.0751 0.96 1.08 0.0462 0.0358 0.0048 0.0106 0.4978 -0.1051 -0.056795 -0.752501 12.23 
5.4448 2 1 1 0x0 0.9642 1.0723 0.96 1.07 0.0462 0.0296 0.0148 0.0081 0.4980 -0.1051 -0.054091 -0.752190 12.23 
5.4548 2 1 1 0x0 0.9612 1.0748 0.96 1.07 0.0346 0.0296 0.0146 0.0181 0.4982 -0.1051 -0.056795 -0.751883 12.23 
5.4648 2 1 1 0x0 0.9535 1.0671 0.95 1.07 0.0400 0.0337 0.0137 0.0152 0.4986 -0.1051 -0.056795 -0.751509 12.23 
5.4748 2 1 1 0x0 0.9452 1.0588 0.95 1.06 0.0369 0.0224 0.0131 0.0101 0.4990 -0.1052 -0.056795 -0.751075 12.23 
5.4848 2 1 1 0x0 0.9414 1.0604 0.94 1.06 0.0378 0.0224 0.0122 0.0201 0.4992 -0.1052 -0.059500 -0.750685 12.23 
5.4948 2 1 1 0x0 0.9323 1.0513 0.93 1.05 0.0271 0.0256 0.0094 0.0131 0.4996 -0.1052 -0.059500 -0.750196 12.22 
5.5048 2 1 1 0x0 0.9374 1.0564 0.94 1.06 0.0271 0.0256 0.0194 0.0232 0.4996 -0.1052 -0.059500 -0.750006 12.22 
5.5148 2 1 1 0x0 0.9278 1.0468 0.93 1.05 0.0299 0.0192 0.0151 0.0147 0.5000 -0.1052 -0.059500 -0.749738 12.23 
5.5248 2 1 1 0x0 0.9319 1.0509 0.93 1.05 0.0222 0.0192 0.0251 0.0247 0.5000 -0.1052 -0.059500 -0.749372 12.23 
5.5348 2 1 1 0x0 0.9256 1.0500 0.93 1.05 0.0198 0.0168 0.0181 0.0347 0.5002 -0.1052 -0.062204 -0.748907 12.22 
5.5448 2 1 1 0x0 0.9245 1.0435 0.92 1.04 0.0198 0.0161 0.0281 0.0215 0.5004 -0.1052 -0.059500 -0.748489 12.23 
5.5548 2 1 1 0x0 0.9173 1.0417 0.92 1.04 0.0161 0.0161 0.0153 0.0315 0.5006 -0.1053 -0.062204 -0.747985 12.23 
5.5648 2 1 1 0x0 0.9198 1.0442 0.92 1.04 0.0161 0.0141 0.0253 0.0415 0.5006 -0.1053 -0.062204 -0.747677 12.23 
5.5748 2 1 1 0x0 0.9215 1.0459 0.92 1.05 0.0161 0.0104 0.0353 0.0515 0.5006 -0.1053 -0.062204 -0.747395 12.22 
5.5848 2 1 1 0x0 0.9226 1.0470 0.92 1.05 0.0124 0.0083 0.0453 0.0615 0.5006 -0.1053 -0.062204 -0.747111 12.23 
5.5948 2 1 1 0x0 0.9232 1.0476 0.92 1.05 0.0095 0.0069 0.0553 0.0715 0.5006 -0.1053 -0.062204 -0.747019 12.23 
5.6048 2 1 1 0x0 0.9233 1.0477 0.92 1.05 0.0077 0.0059 0.0653 0.0815 0.5006 -0.1053 -0.062204 -0.747187 12.23 
5.6148 2 1 1 0x0 0.9231 1.0475 0.92 1.05 0.0065 0.0051 0.0753 0.0915 0.5006 -0.1053 -0.062204 -0.747154 12.22 
5.6248 2 1 1 0x0 0.9226 1.0470 0.92 1.05 0.0056 0.0046 0.0853 0.1000 0.5006 -0.1053 -0.062204 -0.746939 12.23 
5.6348 2 1 1 0x0 0.9219 1.0463 0.92 1.05 0.0049 0.0041 0.0953 0.1000 0.5006 -0.1053 -0.062204 -0.746902 12.23 
5.6448 2 1 1 0x0 0.9210 1.0454 0.92 1.05 0.0044 0.0037 0.1000 0.1000 0.5006 -0.1053 -0.062204 -0.746965 12.23 
5.6548 2 1 1 0x0 0.9199 1.0443 0.92 1.04 0.0040 0.0034 0.1000 0.1000 0.5006 -0.1053 -0.062204 -0.746894 12.23 
5.6648 2 1 1 0x0 0.9187 1.0431 0.92 1.04 0.0036 0.0031 0.1000 0.1000 0.5006 -0.1053 -0.062204 -0.746817 12.22 
5.6748 2 1 1 0x0 0.9174 1.0418 0.92 1.04 0.0033 0.0029 0.1000 0.1000 0.5006 -0.1053 -0.062204 -0.746870 12.23 
5.6848 2 1 1 0x0 0.9160 1.0404 0.92 1.04 0.0031 0.0027 0.1000 0.1000 0.5006 -0.1053 -0.062204 -0.746843 12.23 
5.6948 2 1 1 0x0 0.9145 1.0389 0.91 1.04 0.0028 0.0026 0.1000 0.1000 0.5006 -0.1053 -0.062204 -0.746705 12.23 
5.7048 2 1 1 0x0 0.9129 1.0374 0.91 1.04 0.0027 0.0024 0.1000 0.1000 0.5006 -0.1053 -0.062204 -0.746665 12.22 
5.7148 2 1 1 0x0 0.9114 1.0358 0.91 1.04 0.0025 0.0023 0.1000 0.1000 0.5006 -0.1053 -0.062204 -0.746709 12.23 
5.7248 2 1 1 0x0 0.9097 1.0341 0.91 1.03 0.0023 0.0021 0.1000 0.1000 0.5006 -0.1053 -0.062204 -0.746648 12.23 
5.7348 2 1 1 0x0 0.9081 1.0325 0.91 1.03 0.0022 0.0020 0.1000 0.1000 0.5006 -0.1053 -0.062204 -0.746614 12.23 
5.7448 2 1 1 0x0 0.9064 1.0308 0.91 1.03 0.0021 0.0000 0.1000 0.1000 0.5006 -0.1053 -0.062204 -0.746614 12.23 
5.7548 2 1 1 0x0 0.9047 1.0291 0.90 1.03 0.0000 0.0000 0.1000 0.1000 0.5006 -0.1053 -0.062204 -0.746617 12.23 
5.7648 2 1 1 0x0 0.9029 1.0274 0.90 1.03 0.0000 0.0000 0.1000 0.1000 0.5006 -0.1053 -0.062204 -0.746569 12.22 
5.7748 2 1 1 0x0 0.9012 1.0256 0.90 1.03 0.0000 0.0000 0.1000 0.1000 0.5006 -0.1053 -0.062204 -0.746551 12.23 
5.7848 2 1 1 0x0 0.8995 1.0239 0.90 1.02 0.0000 0.0000 0.1000 0.1000 0.5006 -0.1053 -0.062204 -0.746586 12.23 
5.7948 2 1 1 0x0 0.8977 1.0221 0.90 1.02 0.0000 0.0000 0.1000 0.1000 0.5006 -0.1053 -0.062204 -0.746543 12.22 
5.8048 2 1 1 0x0 0.8959 1.0203 0.90 1.02 0.0000 0.0000 0.1000 0.1000 0.5006 -0.1053 -0.062204 -0.746470 12.23 
5.8148 2 1 1 0x0 0.8941 1.0185 0.89 1.02 0.0000 0.0000 0.1000 0.1000 0.5006 -0.1053 -0.062204 -0.746462 12.23 
5.8248 2 1 1 0x0 0.8923 1.0167 0.89 1.02 0.0000 0.0000 0.1000 0.1000 0.5006 -0.1053 -0.062204 -0.746445 12.22 
5.8348 2 1 1 0x0 0.8905 1.0150 0.89 1.01 0.0000 0.0000 0.1000 0.1000 0.5006 -0.1053 -0.062204 -0.746380 12.23 
5.8448 2 1 1 0x0 0.8888 1.0132 0.89 1.01 0.0000 0.0000 0.1000 0.1000 0.5006 -0.1053 -0.062204 -0.746348 12.22 
5.8548 2 1 1 0x0 0.8870 1.0114 0.89 1.01 0.0000 0.0000 0.1000 0.1000 0.5006 -0.1053 -0.062204 -0.746359 12.23 
5.8648 2 1 1 0x0 0.8852 1.0096 0.89 1.01 0.0000 0.0000 0.1000 0.1000 0.5006 -0.1053 -0.062204 -0.746304 12.22 
5.8748 2 1 1 0x0 0.8833 1.0078 0.88 1.01 0.0000 0.0000 0.1000 0.1000 0.5006 -0.1053 -0.062204 -0.746239 12.23 
5.8848 2 1 1 0x0 0.8815 1.0059 0.88 1.01 0.0000 0.0000 0.1000 0.1000 0.5006 -0.1053 -0.062204 -0.746241 12.23 
5.8948 2 1 1 0x0 0.8797 1.0041 0.88 1.00 0.0000 0.0000 0.1000 0.1000 0.5006 -0.1053 -0.062204 -0.746230 12.22 
5.9048 2 1 1 0x0 0.8779 1.0023 0.88 1.00 0.0000 0.0000 0.1000 0.1000 0.5006 -0.1053 -0.062204 -0.746202 12.22 
5.9148 2 1 1 0x0 0.8761 1.0005 0.88 1.00 0.0000 0.0000 0.1000 0.1000 0.5006 -0.1053 -0.062204 -0.746171 12.23 
5.9248 2 1 1 0x0 0.8743 0.9987 0.87 1.00 0.0000 0.0000 0.1000 0.1000 0.5006 -0.1053 -0.062204 -0.746172 12.22 
5.9348 2 1 1 0x0 0.8725 0.9969 0.87 1.00 0.0000 0.0000 0.1000 0.1000 0.5006 -0.1053 -0.062204 -0.746134 12.23 
5.9448 2 1 1 0x0 0.8706 0.9951 0.87 1.00 0.0000 0.0000 0.1000 0.1000 0.5006 -0.1053 -0.062204 -0.746081 12.23 
5.9548 2 1 1 0x0 0.8688 0.9932 0.87 0.99 0.0000 0.0000 0.1000 0.1000 0.5006 -0.1053 -0.062204 -0.746080 12.23 
5.9648 2 1 1 0x0 0.8670 0.9914 0.87 0.99 0.0000 0.0000 0.1000 0.1000 0.5006 -0.1053 -0.062204 -0.746072 12.23 
5.9747 2 1 1 0x0 0.8652 0.9896 0.87 0.99 0.0000 0.0000 0.1000 0.1000 0.5006 -0.1053 -0.062204 -0.746054 12.23 
5.9847 2 1 1 0x0 0.8634 0.9878 0.86 0.99 0.0000 0.0000 0.1000 0.1000 0.5006 -0.1053 -0.062204 -0.746005 12.22 
5.9947 2 1 1 0x0 0.8616 0.9860 0.86 0.99 0.0000 0.0000 0.1000 0.1000 0.5006 -0.1053 -0.062204 -0.745973 12.23 
6.0047 2 1 1 0x0 0.8598 0.9842 0.86 0.98 0.0000 0.0000 0.1000 0.1000 0.5006 -0.1053 -0.062204 -0.745971 12.23 
6.0147 2 1 1 0x0 0.8579 0.9824 0.86 0.98 0.0000 0.0000 0.1000 0.1000 0.5006 -0.1053 -0.062204 -0.745935 12.23 
6.0247 2 1 1 0x0 0.8561 0.9805 0.86 0.98 0.0000 0.0000 0.1000 0.1000 0.5006 -0.1053 -0.062204 -0.745928 12.23 
6.0347 2 1 1 0x0 0.8543 0.9787 0.85 0.98 0.0000 0.0000 0.1000 0.1000 0.5006 -0.1053 -0.062204 -0.745918 12.23 
6.0447 2 1 1 0x0 0.8525 0.9769 0.85 0.98 0.0000 0.0000 0.1000 0.1000 0.5006 -0.1053 -0.062204 -0.745898 12.22 
6.0547 2 1 1 0x0 0.8507 0.9751 0.85 0.98 0.0000 0.0000 0.1000 0.1000 0.5006 -0.1053 -0.062204 -0.745880 12.22 
6.0647 2 1 1 0x0 0.8489 0.9733 0.85 0.97 0.0000 0.0000 0.1000 0.1000 0.5006 -0.1053 -0.062204 -0.745862 12.23 
6.0747 2 1 1 0x0 0.8471 0.9715 0.85 0.97 0.0000 0.0000 0.1000 0.1000 0.5006 -0.1053 -0.062204 -0.745851 12.22 
6.0847 2 1 1 0x0 0.8452 0.9697 0.85 0.97 0.0000 0.0000 0.1000 0.1000 0.5006 -0.1053 -0.062204 -0.745827 12.23 
6.0947 2 1 1 0x0 0.8434 0.9678 0.84 0.97 0.0000 0.0000 0.1000 0.1000 0.5006 -0.1053 -0.062204 -0.745818 12.22 
6.1047 2 1 1 0x0 0.8416 0.9660 0.84 0.97 0.0000 0.0000 0.1000 0.1000 0.5006 -0.1053 -0.062204 -0.745802 12.23 
6.1147 2 1 1 0x0 0.8398 0.9642 0.84 0.96 0.0000 0.0000 0.1000 0.1000 0.5006 -0.1053 -0.062204 -0.745755 12.23 
6.1247 2 1 1 0x0 0.8380 0.9624 0.84 0.96 0.0000 0.0000 0.1000 0.1000 0.5006 -0.1053 -0.062204 -0.745761 12.22 
6.1347 2 1 1 0x0 0.8362 0.9606 0.84 0.96 0.0000 0.0000 0.1000 0.1000 0.5006 -0.1053 -0.062204 -0.745729 12.22 
6.1447 2 1 1 0x0 0.8344 0.9588 0.83 0.96 0.0000 0.0000 0.1000 0.1000 0.5006 -0.1053 -0.062204 -0.745694 12.23 
6.1547 2 1 1 0x0 0.8325 0.9570 0.83 0.96 0.0000 0.0000 0.1000 0.1000 0.5006 -0.1053 -0.062204 -0.745670 12.23 
6.1647 2 1 1 0x0 0.8307 0.9551 0.83 0.96 0.0000 0.0000 0.1000 0.1000 0.5006 -0.1053 -0.062204 -0.745664 12.22 
6.1747 2 1 1 0x0 0.8289 0.9533 0.83 0.95 0.0000 0.0000 0.1000 0.1000 0.5006 -0.1053 -0.062204 -0.745656 12.23 
6.1847 2 1 1 0x0 0.8271 0.9515 0.83 0.95 0.0000 0.0000 0.1000 0.1000 0.5006 -0.1053 -0.062204 -0.745616 12.23 
6.1947 2 1 1 0x0 0.8253 0.9497 0.83 0.95 0.0000 0.0000 0.1000 0.1000 0.5006 -0.1053 -0.062204 -0.745601 12.23 
6.2047 2 1 1 0x0 0.8235 0.9479 0.82 0.95 0.0000 0.0000 0.1000 0.1000 0.5006 -0.1053 -0.062204 -0.745581 12.22 
6.2147 2 1 1 0x0 0.8217 0.9461 0.82 0.95 0.0000 0.0000 0.1000 0.1000 0.5006 -0.1053 -0.062204 -0.745542 12.23 
6.2247 2 1 1 0x0 0.8198 0.9443 0.82 0.94 0.0000 0.0000 0.1000 0.1000 0.5006 -0.1053 -0.062204 -0.745500 12.23 
6.2347 2 1 1 0x0 0.8180 0.9424 0.82 0.94 0.0000 0.0000 0.1000 0.1000 0.5006 -0.1053 -0.062204 -0.745482 12.23 
6.2447 2 1 1 0x0 0.8162 0.9406 0.82 0.94 0.0000 0.0000 0.1000 0.1000 0.5006 -0.1053 -0.062204 -0.745467 12.22 
6.2547 2 1 1 0x0 0.8144 0.9388 0.81 0.94 0.0000 0.0000 0.1000 0.1000 0.5006 -0.1053 -0.062204 -0.745455 12.23 
6.2647 2 1 1 0x0 0.8126 0.9370 0.81 0.94 0.0000 0.0000 0.1000 0.1000 0.5006 -0.1053 -0.062204 -0.745428 12.23 
6.2747 2 1 1 0x0 0.8108 0.9352 0.81 0.94 0.0000 0.0000 0.1000 0.1000 0.5006 -0.1053 -0.062204 -0.745426 12.23 
6.2847 2 1 1 0x0 0.8090 0.9334 0.81 0.93 0.0000 0.0000 0.1000 0.1000 0.5006 -0.1053 -0.062204 -0.745406 12.22 
6.2947 2 1 1 0x0 0.8071 0.9316 0.81 0.93 0.0000 0.0000 0.1000 0.1000 0.5006 -0.1053 -0.062204 -0.745374 12.23 
6.3047 2 1 1 0x0 0.8053 0.9297 0.81 0.93 0.0000 0.0000 0.1000 0.1000 0.5006 -0.1053 -0.062204 -0.745340 12.22 
6.3147 2 1 1 0x0 0.8035 0.9279 0.80 0.93 0.0000 0.0000 0.1000 0.1000 0.5006 -0.1053 -0.062204 -0.745327 12.23 
6.3247 2 1 1 0x0 0.8017 0.9261 0.80 0.93 0.0000 0.0000 0.1000 0.1000 0.5006 -0.1053 -0.062204 -0.745332 12.23 
6.3347 2 1 1 0x0 0.7999 0.9243 0.80 0.92 0.0000 0.0000 0.1000 0.1000 0.5006 -0.1053 -0.062204 -0.745318 12.22 
6.3447 2 1 1 0x0 0.7981 0.9225 0.80 0.92 0.0000 0.0000 0.1000 0.1000 0.5006 -0.1053 -0.062204 -0.745289 12.23 
6.3547 2 1 1 0x0 0.7963 0.9207 0.80 0.92 0.0000 0.0000 0.1000 0.1000 0.5006 -0.1053 -0.062204 -0.745292 12.23 
6.3647 2 1 1 0x0 0.7944 0.9189 0.79 0.92 0.0000 0.0000 0.1000 0.1000 0.5006 -0.1053 -0.062204 -0.745287 12.22 
6.3747 2 1 1 0x0 0.7926 0.9170 0.79 0.92 0.0000 0.0000 0.1000 0.1000 0.5006 -0.1053 -0.062204 -0.745277 12.23 
6.3847 2 1 1 0x0 0.7908 0.9152 0.79 0.92 0.0000 0.0000 0.1000 0.1000 0.5006 -0.1053 -0.062204 -0.745271 12.23 
6.3947 2 1 1 0x0 0.7890 0.9134 0.79 0.91 0.0000 0.0000 0.1000 0.1000 0.5006 -0.1053 -0.062204 -0.745264 12.23 
6.4047 2 1 1 0x0 0.7872 0.9116 0.79 0.91 0.0000 0.0000 0.1000 0.1000 0.5006 -0.1053 -0.062204 -0.745256 12.22 
6.4147 2 1 1 0x0 0.7854 0.9098 0.79 0.91 0.0000 0.0000 0.1000 0.1000 0.5006 -0.1053 -0.062204 -0.745247 12.22 
6.4247 2 1 1 0x0 0.7836 0.9080 0.78 0.91 0.0000 0.0000 0.1000 0.1000 0.5006 -0.1053 -0.062204 -0.745280 12.23 
6.4347 2 1 1 0x0 0.7817 0.9062 0.78 0.91 0.0000 0.0000 0.1000 0.1000 0.5006 -0.1053 -0.062204 -0.745259 12.23 
6.4447 2 1 1 0x0 0.7799 0.9043 0.78 0.90 0.0000 0.0000 0.1000 0.1000 0.5006 -0.1053 -0.062204 -0.745238 12.23 
6.4547 2 1 1 0x0 0.7781 0.9025 0.78 0.90 0.0000 0.0000 0.1000 0.1000 0.5006 -0.1053 -0.062204 -0.745226 12.23 
6.4647 2 1 1 0x0 0.7763 0.9007 0.78 0.90 0.0000 0.0000 0.1000 0.1000 0.5006 -0.1053 -0.062204 -0.745218 12.22 
6.4747 2 1 1 0x0 0.7745 0.8989 0.77 0.90 0.0000 0.0000 0.1000 0.1000 0.5006 -0.1053 -0.062204 -0.745192 12.23 
6.4847 2 1 1 0x0 0.7727 0.8971 0.77 0.90 0.0000 0.0000 0.1000 0.1000 0.5006 -0.1053 -0.062204 -0.745170 12.22 
6.4947 2 1 1 0x0 0.7709 0.8953 0.77 0.90 0.0000 0.0000 0.1000 0.1000 0.5006 -0.1053 -0.062204 -0.745144 12.22 
6.5047 2 1 1 0x0 0.7690 0.8935 0.77 0.89 0.0000 0.0000 0.1000 0.1000 0.5006 -0.1053 -0.062204 -0.745133 12.23 
6.5147 2 1 1 0x0 0.7672 0.8916 0.77 0.89 0.0000 0.0000 0.1000 0.1000 0.5006 -0.1053 -0.062204 -0.745128 12.23 
6.5247 2 1 1 0x0 0.7654 0.8898 0.77 0.89 0.0000 0.0000 0.1000 0.1000 0.5006 -0.1053 -0.062204 -0.745122 12.23 
6.5347 2 1 1 0x0 0.7636 0.8880 0.76 0.89 0.0000 0.0000 0.1000 0.1000 0.5006 -0.1053 -0.062204 -0.745111 12.23 
6.5447 2 1 1 0x0 0.7618 0.8862 0.76 0.89 0.0000 0.0000 0.1000 0.1000 0.5006 -0.1053 -0.062204 -0.745093 12.23 
6.5547 2 1 1 0x0 0.7600 0.8844 0.76 0.88 0.0000 0.0000 0.1000 0.1000 0.5006 -0.1053 -0.062204 -0.745098 12.23 
6.5647 2 1 1 0x0 0.7582 0.8826 0.76 0.88 0.0000 0.0000 0.1000 0.1000 0.5006 -0.1053 -0.062204 -0.745081 12.23 
6.5747 2 1 1 0x0 0.7563 0.8807 0.76 0.88 0.0000 0.0000 0.1000 0.1000 0.5006 -0.1053 -0.062204 -0.745053 12.22 
6.5847 2 1 1 0x0 0.7545 0.8789 0.75 0.88 0.0000 0.0000 0.1000 0.1000 0.5006 -0.1053 -0.062204 -0.745033 12.23 
6.5947 2 1 1 0x0 0.7527 0.8771 0.75 0.88 0.0000 0.0000 0.1000 0.1000 0.5006 -0.1053 -0.062204 -0.745036 12.23 
6.6047 2 1 1 0x0 0.7509 0.8753 0.75 0.88 0.0000 0.0000 0.1000 0.1000 0.5006 -0.1053 -0.062204 -0.745034 12.23 
6.6147 2 1 1 0x0 0.7491 0.8735 0.75 0.87 0.0000 0.0000 0.1000 0.1000 0.5006 -0.1053 -0.062204 -0.745012 12.23 
6.6247 2 1 1 0x0 0.7473 0.8717 0.75 0.87 0.0000 0.0000 0.1000 0.1000 0.5006 -0.1053 -0.062204 -0.744993 12.22 
6.6347 2 1 1 0x0 0.7455 0.8699 0.75 0.87 0.0000 0.0000 0.1000 0.1000 0.5006 -0.1053 -0.062204 -0.744980 12.23 
6.6447 2 1 1 0x0 0.7436 0.8680 0.74 0.87 0.0000 0.0000 0.1000 0.1000 0.5006 -0.1053 -0.062204 -0.744942 12.23 
6.6547 2 1 1 0x0 0.7418 0.8662 0.74 0.87 0.0000 0.0000 0.1000 0.1000 0.5006 -0.1053 -0.062204 -0.744924 12.23 
6.6647 2 1 1 0x0 0.7400 0.8644 0.74 0.86 0.0000 0.0000 0.1000 0.1000 0.5006 -0.1053 -0.062204 -0.744894 12.23 
6.6747 2 1 1 0x0 0.7382 0.8626 0.74 0.86 0.0000 0.0000 0.1000 0.1000 0.5006 -0.1053 -0.062204 -0.744897 12.23 
6.6847 2 1 1 0x0 0.7364 0.8608 0.74 0.86 0.0000 0.0000 0.1000 0.1000 0.5006 -0.1053 -0.062204 -0.744866 12.23 
6.6947 2 1 1 0x0 0.7346 0.8590 0.73 0.86 0.0000 0.0000 0.1000 0.1000 0.5006 -0.1053 -0.062204 -0.744866 12.22 
6.7047 2 1 1 0x0 0.7328 0.8572 0.73 0.86 0.0000 0.0000 0.1000 0.1000 0.5006 -0.1053 -0.062204 -0.744859 12.22 
6.7147 2 1 1 0x0 0.7309 0.8553 0.73 0.86 0.0000 0.0000 0.1000 0.1000 0.5006 -0.1053 -0.062204 -0.744859 12.23 
6.7247 2 1 1 0x0 0.7291 0.8535 0.73 0.85 0.0000 0.0000 0.1000 0.1000 0.5006 -0.1053 -0.062204 -0.744806 12.23 
6.7347 2 1 1 0x0 0.7273 0.8517 0.73 0.85 0.0000 0.0000 0.1000 0.1000 0.5006 -0.1053 -0.062204 -0.744808 12.23 
6.7447 2 1 1 0x0 0.7255 0.8499 0.73 0.85 0.0000 0.0000 0.1000 0.1000 0.5006 -0.1053 -0.062204 -0.744819 12.23 
6.7547 2 1 1 0x0 0.7237 0.8481 0.72 0.85 0.0000 0.0000 0.1000 0.1000 0.5006 -0.1053 -0.062204 -0.744802 12.23 
6.7647 2 1 1 0x0 0.7219 0.8463 0.72 0.85 0.0000 0.0000 0.1000 0.1000 0.5006 -0.1053 -0.062204 -0.744797 12.23 
6.7747 2 1 1 0x0 0.7201 0.8445 0.72 0.84 0.0000 0.0000 0.1000 0.1000 0.5006 -0.1053 -0.062204 -0.744791 12.23 
6.7847 2 1 1 0x0 0.7182 0.8426 0.72 0.84 0.0000 0.0000 0.1000 0.1000 0.5006 -0.1053 -0.062204 -0.744782 12.23 
6.7947 2 1 1 0x0 0.7164 0.8408 0.72 0.84 0.0000 0.0000 0.1000 0.1000 0.5006 -0.1053 -0.062204 -0.744776 12.23 
6.8047 2 1 1 0x0 0.7146 0.8390 0.71 0.84 0.0000 0.0000 0.1000 0.1000 0.5006 -0.1053 -0.062204 -0.744768 12.22 
6.8147 2 1 1 0x0 0.7128 0.8372 0.71 0.84 0.0000 0.0000 0.1000 0.1000 0.5006 -0.1053 -0.062204 -0.744764 12.23 
6.8247 2 1 1 0x0 0.7110 0.8354 0.71 0.84 0.0000 0.0000 0.1000 0.1000 0.5006 -0.1053 -0.062204 -0.744761 12.23 
6.8347 2 1 1 0x0 0.7092 0.8336 0.71 0.83 0.0000 0.0000 0.1000 0.1000 0.5006 -0.1053 -0.062204 -0.744726 12.23 
6.8447 2 1 1 0x0 0.7074 0.8318 0.71 0.83 0.0000 0.0000 0.1000 0.1000 0.5006 -0.1053 -0.062204 -0.744716 12.23 
6.8547 2 1 1 0x0 0.7055 0.8299 0.71 0.83 0.0000 0.0000 0.1000 0.1000 0.5006 -0.1053 -0.062204 -0.744698 12.23 
6.8647 2 1 1 0x0 0.7037 0.8281 0.70 0.83 0.0000 0.0000 0.1000 0.1000 0.5006 -0.1053 -0.062204 -0.744667 12.23 
6.8747 2 1 1 0x0 0.7019 0.8263 0.70 0.83 0.0000 0.0000 0.1000 0.1000 0.5006 -0.1053 -0.062204 -0.744643 12.23 
6.8847 2 1 1 0x0 0.7001 0.8245 0.70 0.82 0.0000 0.0000 0.1000 0.1000 0.5006 -0.1053 -0.062204 -0.744641 12.23 
6.8947 2 1 1 0x0 0.6983 0.8227 0.70 0.82 0.0000 0.0000 0.1000 0.1000 0.5006 -0.1053 -0.062204 -0.744650 12.23 
6.9047 2 1 1 0x0 0.6965 0.8209 0.70 0.82 0.0000 0.0000 0.1000 0.1000 0.5006 -0.1053 -0.062204 -0.744632 12.23 
6.9147 2 1 1 0x0 0.6947 0.8191 0.69 0.82 0.0000 0.0000 0.1000 0.1000 0.5006 -0.1053 -0.062204 -0.744622 12.23 
6.9247 2 1 1 0x0 0.6928 0.8172 0.69 0.82 0.0000 0.0000 0.1000 0.1000 0.5006 -0.1053 -0.062204 -0.744609 12.23 
6.9347 2 1 1 0x0 0.6910 0.8154 0.69 0.82 0.0000 0.0000 0.1000 0.1000 0.5006 -0.1053 -0.062204 -0.744590 12.23 
6.9447 2 1 1 0x0 0.6892 0.8136 0.69 0.81 0.0000 0.0000 0.1000 0.1000 0.5006 -0.1053 -0.062204 -0.744603 12.23 
6.9547 2 1 1 0x0 0.6874 0.8118 0.69 0.81 0.0000 0.0000 0.1000 0.1000 0.5006 -0.1053 -0.062204 -0.744579 12.23 
6.9647 2 1 1 0x0 0.6856 0.8100 0.69 0.81 0.0000 0.0000 0.1000 0.1000 0.5006 -0.1053 -0.062204 -0.744559 12.23 
6.9747 2 1 1 0x0 0.6838 0.8082 0.68 0.81 0.0000 0.0000 0.1000 0.1000 0.5006 -0.1053 -0.062204 -0.744533 12.23 
6.9847 2 1 1 0x0 0.6820 0.8064 0.68 0.81 0.0000 0.0000 0.1000 0.1000 0.5006 -0.1053 -0.062204 -0.744502 12.23 
6.9947 2 1 1 0x0 0.6801 0.8045 0.68 0.80 0.0000 0.0000 0.1000 0.1000 0.5006 -0.1053 -0.062204 -0.744494 12.22 
7.0047 2 1 1 0x0 0.6783 0.8027 0.68 0.80 0.0000 0.0000 0.1000 0.1000 0.5006 -0.1053 -0.062204 -0.744475 12.23 
7.0147 2 1 1 0x0 0.6765 0.8009 0.68 0.80 0.0000 0.0000 0.1000 0.1000 0.5006 -0.1053 -0.062204 -0.744472 12.23 
7.0247 2 1 1 0x0 0.6747 0.7991 0.67 0.80 0.0000 0.0000 0.1000 0.1000 0.5006 -0.1053 -0.062204 -0.744470 12.23 
7.0347 2 1 1 0x0 0.6729 0.7973 0.67 0.80 0.0000 0.0000 0.1000 0.1000 0.5006 -0.1053 -0.062204 -0.744466 12.22 
7.0447 2 1 1 0x0 0.6711 0.7955 0.67 0.80 0.0000 0.0000 0.1000 0.1000 0.5006 -0.1053 -0.062204 -0.744432 12.22 
7.0547 2 1 1 0x0 0.6693 0.7937 0.67 0.79 0.0000 0.0000 0.1000 0.1000 0.5006 -0.1053 -0.062204 -0.744418 12.23 
7.0647 2 1 1 0x0 0.6674 0.7918 0.67 0.79 0.0000 0.0000 0.1000 0.1000 0.5006 -0.1053 -0.062204 -0.744416 12.23 
7.0747 2 1 1 0x0 0.6656 0.7900 0.67 0.79 0.0000 0.0000 0.1000 0.1000 0.5006 -0.1053 -0.062204 -0.744411 12.23 
7.0847 2 1 1 0x0 0.6638 0.7882 0.66 0.79 0.0000 0.0000 0.1000 0.1000 0.5006 -0.1053 -0.062204 -0.744417 12.23 
7.0947 2 1 1 0x0 0.6620 0.7864 0.66 0.79 0.0000 0.0000 0.1000 0.1000 0.5006 -0.1053 -0.062204 -0.744410 12.23 
7.1047 2 1 1 0x0 0.6602 0.7846 0.66 0.78 0.0000 0.0000 0.1000 0.1000 0.5006 -0.1053 -0.062204 -0.744397 12.23 
7.1147 2 1 1 0x0 0.6584 0.7828 0.66 0.78 0.0000 0.0000 0.1000 0.1000 0.5006 -0.1053 -0.062204 -0.744377 12.22 
7.1247 2 1 1 0x0 0.6566 0.7810 0.66 0.78 0.0000 0.0000 0.1000 0.1000 0.5006 -0.1053 -0.062204 -0.744377 12.23 
7.1347 2 1 1 0x0 0.6547 0.7791 0.65 0.78 0.0000 0.0000 0.1000 0.1000 0.5006 -0.1053 -0.062204 -0.744383 12.23 
7.1447 2 1 1 0x0 0.6529 0.7773 0.65 0.78 0.0000 0.0000 0.1000 0.1000 0.5006 -0.1053 -0.062204 -0.744376 12.23 
7.1547 2 1 1 0x0 0.6511 0.7755 0.65 0.78 0.0000 0.0000 0.1000 0.1000 0.5006 -0.1053 -0.062204 -0.744376 12.23 
7.1647 2 1 1 0x0 0.6493 0.7737 0.65 0.77 0.0000 0.0000 0.1000 0.1000 0.5006 -0.1053 -0.062204 -0.744405 12.23 
7.1747 2 1 1 0x0 0.6475 0.7719 0.65 0.77 0.0000 0.0000 0.1000 0.1000 0.5006 -0.1053 -0.062204 -0.744397 12.23 
7.1847 2 1 1 0x0 0.6457 0.7701 0.65 0.77 0.0000 0.0000 0.1000 0.1000 0.5006 -0.1053 -0.062204 -0.744374 12.22 
7.1947 2 1 1 0x0 0.6438 0.7683 0.64 0.77 0.0000 0.0000 0.1000 0.1000 0.5006 -0.1053 -0.062204 -0.744349 12.23 
7.2047 2 1 1 0x0 0.6420 0.7664 0.64 0.77 0.0000 0.0000 0.1000 0.1000 0.5006 -0.1053 -0.062204 -0.744356 12.23 
7.2147 2 1 1 0x0 0.6402 0.7646 0.64 0.76 0.0000 0.0000 0.1000 0.1000 0.5006 -0.1053 -0.062204 -0.744351 12.22 
7.2247 2 1 1 0x0 0.6384 0.7628 0.64 0.76 0.0000 0.0000 0.1000 0.1000 0.5006 -0.1053 -0.062204 -0.744328 12.23 
7.2347 2 1 1 0x0 0.6366 0.7610 0.64 0.76 0.0000 0.0000 0.1000 0.1000 0.5006 -0.1053 -0.062204 -0.744331 12.23 
7.2447 2 1 1 0x0 0.6348 0.7592 0.63 0.76 0.0000 0.0000 0.1000 0.1000 0.5006 -0.1053 -0.062204 -0.744341 12.23 
7.2547 2 1 1 0x0 0.6330 0.7574 0.63 0.76 0.0000 0.0000 0.1000 0.1000 0.5006 -0.1053 -0.062204 -0.744332 12.23 
7.2647 2 1 1 0x0 0.6311 0.7556 0.63 0.76 0.0000 0.0000 0.1000 0.1000 0.5006 -0.1053 -0.062204 -0.744316 12.23 
7.2747 2 1 1 0x0 0.6293 0.7537 0.63 0.75 0.0000 0.0000 0.1000 0.1000 0.5006 -0.1053 -0.062204 -0.744301 12.23 
7.2847 2 1 1 0x0 0.6275 0.7519 0.63 0.75 0.0000 0.0000 0.1000 0.1000 0.5006 -0.1053 -0.062204 -0.744298 12.23 
7.2947 2 1 1 0x0 0.6257 0.7501 0.63 0.75 0.0000 0.0000 0.1000 0.1000 0.5006 -0.1053 -0.062204 -0.744278 12.22 
7.3047 2 1 1 0x0 0.6239 0.7483 0.62 0.75 0.0000 0.0000 0.1000 0.1000 0.5006 -0.1053 -0.062204 -0.744288 12.23 
7.3147 2 1 1 0x0 0.6221 0.7465 0.62 0.75 0.0000 0.0000 0.1000 0.1000 0.5006 -0.1053 -0.062204 -0.744267 12.23 
7.3247 2 1 1 0x0 0.6203 0.7447 0.62 0.74 0.0000 0.0000 0.1000 0.1000 0.5006 -0.1053 -0.062204 -0.744285 12.23 
7.3347 2 1 1 0x0 0.6184 0.7429 0.62 0.74 0.0000 0.0000 0.1000 0.1000 0.5006 -0.1053 -0.062204 -0.744250 12.23 
7.3447 2 1 1 0x0 0.6166 0.7410 0.62 0.74 0.0000 0.0000 0.1000 0.1000 0.5006 -0.1053 -0.062204 -0.744247 12.23 
7.3546 2 1 1 0x0 0.6148 0.7392 0.61 0.74 0.0000 0.0000 0.1000 0.1000 0.5006 -0.1053 -0.062204 -0.744245 12.23 
7.3646 2 1 1 0x0 0.6130 0.7374 0.61 0.74 0.0000 0.0000 0.1000 0.1000 0.5006 -0.1053 -0.062204 -0.744228 12.23 
7.3746 2 1 1 0x0 0.6112 0.7356 0.61 0.74 0.0000 0.0000 0.1000 0.1000 0.5006 -0.1053 -0.062204 -0.744225 12.23 
7.3846 2 1 1 0x0 0.6094 0.7338 0.61 0.73 0.0000 0.0000 0.1000 0.1000 0.5006 -0.1053 -0.062204 -0.744239 12.23 
7.3946 2 1 1 0x0 0.6076 0.7320 0.61 0.73 0.0000 0.0000 0.1000 0.1000 0.5006 -0.1053 -0.062204 -0.744226 12.23 
7.4046 2 1 1 0x0 0.6057 0.7302 0.61 0.73 0.0000 0.0000 0.1000 0.1000 0.5006 -0.1053 -0.062204 -0.744221 12.23 
7.4146 2 1 1 0x0 0.6039 0.7283 0.60 0.73 0.0000 0.0000 0.1000 0.1000 0.5006 -0.1053 -0.062204 -0.744185 12.23 
7.4246 2 1 1 0x0 0.6021 0.7265 0.60 0.73 0.0000 0.0000 0.1000 0.1000 0.5006 -0.1053 -0.062204 -0.744184 12.23 
7.4346 2 1 1 0x0 0.6003 0.7247 0.60 0.72 0.0000 0.0000 0.1000 0.1000 0.5006 -0.1053 -0.062204 -0.744203 12.23 
7.4446 2 1 1 0x0 0.5985 0.7229 0.60 0.72 0.0000 0.0000 0.1000 0.1000 0.5006 -0.1053 -0.062204 -0.744205 12.22 
7.4546 2 1 1 0x0 0.5967 0.7211 0.60 0.72 0.0000 0.0000 0.1000 0.1000 0.5006 -0.1053 -0.062204 -0.744207 12.23 
7.4646 2 1 1 0x0 0.5949 0.7193 0.59 0.72 0.0000 0.0000 0.1000 0.1000 0.5006 -0.1053 -0.062204 -0.744180 12.23 
7.4746 2 1 1 0x0 0.5930 0.7175 0.59 0.72 0.0000 0.0000 0.1000 0.1000 0.5006 -0.1053 -0.062204 -0.744169 12.23 
7.4846 2 1 1 0x0 0.5912 0.7156 0.59 0.72 0.0000 0.0000 0.1000 0.1000 0.5006 -0.1053 -0.062204 -0.744154 12.23 
7.4946 2 1 1 0x0 0.5894 0.7138 0.59 0.71 0.0000 0.0000 0.1000 0.1000 0.5006 -0.1053 -0.062204 -0.744145 12.23 
7.5046 2 1 1 0x0 0.5876 0.7120 0.59 0.71 0.0000 0.0000 0.1000 0.1000 0.5006 -0.1053 -0.062204 -0.744134 12.23 
7.5146 2 1 1 0x0 0.5858 0.7102 0.59 0.71 0.0000 0.0000 0.1000 0.1000 0.5006 -0.1053 -0.062204 -0.744131 12.22 
7.5246 2 1 1 0x0 0.5840 0.7084 0.58 0.71 0.0000 0.0000 0.1000 0.1000 0.5006 -0.1053 -0.062204 -0.744106 12.23 
7.5346 2 1 1 0x0 0.5822 0.7066 0.58 0.71 0.0000 0.0000 0.1000 0.1000 0.5006 -0.1053 -0.062204 -0.744106 12.23 
7.5446 2 1 1 0x0 0.5803 0.7048 0.58 0.70 0.0000 0.0000 0.1000 0.1000 0.5006 -0.1053 -0.062204 -0.744107 12.23 
7.5546 2 1 1 0x0 0.5785 0.7029 0.58 0.70 0.0000 0.0000 0.1000 0.1000 0.5006 -0.1053 -0.062204 -0.744077 12.23 
7.5646 2 1 1 0x0 0.5767 0.7011 0.58 0.70 0.0000 0.0000 0.1000 0.1000 0.5006 -0.1053 -0.062204 -0.744066 12.23 
7.5746 2 1 1 0x0 0.5749 0.6993 0.57 0.70 0.0000 0.0000 0.1000 0.1000 0.5006 -0.1053 -0.062204 -0.744066 12.23 
7.5846 2 1 1 0x0 0.5731 0.6975 0.57 0.70 0.0000 0.0000 0.1000 0.1000 0.5006 -0.1053 -0.062204 -0.744044 12.23 
7.5946 2 1 1 0x0 0.5713 0.6957 0.57 0.70 0.0000 0.0000 0.1000 0.1000 0.5006 -0.1053 -0.062204 -0.744041 12.22 
7.6046 2 1 1 0x0 0.5695 0.6939 0.57 0.69 0.0000 0.0000 0.1000 0.1000 0.5006 -0.1053 -0.062204 -0.744052 12.23 
7.6146 2 1 1 0x0 0.5676 0.6921 0.57 0.69 0.0000 0.0000 0.1000 0.1000 0.5006 -0.1053 -0.062204 -0.744046 12.22 
7.6246 2 1 1 0x0 0.5658 0.6902 0.57 0.69 0.0000 0.0000 0.1000 0.1000 0.5006 -0.1053 -0.062204 -0.744061 12.22 
7.6346 2 1 1 0x0 0.5640 0.6884 0.56 0.69 0.0000 0.0000 0.1000 0.1000 0.5006 -0.1053 -0.062204 -0.744551 12.23 
7.6446 2 1 1 0x0 0.5622 0.6866 0.56 0.69 0.0000 0.0000 0.1000 0.1000 0.5006 -0.1053 -0.062204 -0.745150 12.23 
7.6546 2 1 1 0x0 0.5604 0.6848 0.56 0.68 0.0000 0.0000 0.1000 0.1000 0.5006 -0.1053 -0.062204 -0.745001 12.23 
7.6646 2 1 1 0x0 0.5586 0.6830 0.56 0.68 0.0000 0.0000 0.1000 0.1000 0.5006 -0.1053 -0.062204 -0.744559 12.23 
7.6746 2 1 1 0x0 0.5568 0.6812 0.56 0.68 0.0000 0.0000 0.1000 0.1000 0.5006 -0.1053 -0.062204 -0.743967 12.23 
7.6846 2 1 1 0x0 0.5549 0.6794 0.55 0.68 0.0000 0.0000 0.1000 0.1000 0.5006 -0.1053 -0.062204 -0.743626 12.22 
7.6946 2 1 1 0x0 0.5531 0.6775 0.55 0.68 0.0000 0.0000 0.1000 0.1000 0.5006 -0.1053 -0.062204 -0.743198 12.22 
7.7046 2 1 1 0x0 0.5513 0.6757 0.55 0.68 0.0000 0.0000 0.1000 0.1000 0.5006 -0.1053 -0.062204 -0.743040 12.22 
7.7146 2 1 1 0x0 0.5594 0.6784 0.56 0.68 -0.0002 0.0000 0.1000 0.1000 0.5004 -0.1052 -0.059500 -0.742928 12.23 
7.7246 2 1 1 0x0 0.5570 0.6760 0.56 0.68 -0.0002 0.0000 0.1000 0.1000 0.5004 -0.1052 -0.059500 -0.742649 12.23 
7.7346 2 1 1 0x0 0.5645 0.6781 0.56 0.68 -0.0200 0.0000 0.0103 0.1000 0.5002 -0.1052 -0.056795 -0.742442 12.23 
7.7446 2 1 1 0x0 0.5616 0.6752 0.56 0.68 -0.0200 0.0000 0.0203 0.1000 0.5002 -0.1052 -0.056795 -0.742408 12.23 
7.7546 2 1 1 0x0 0.5685 0.6766 0.57 0.68 -0.0291 0.0000 0.0132 0.1000 0.5000 -0.1052 -0.054091 -0.742885 12.23 
7.7646 2 1 1 0x0 0.5748 0.6776 0.57 0.68 -0.0448 0.0000 0.0117 0.1000 0.4998 -0.1052 -0.051386 -0.743336 12.23 
7.7746 2 1 1 0x0 0.5907 0.6826 0.59 0.68 -0.0614 0.0000 0.0051 0.1000 0.4994 -0.1052 -0.045977 -0.743234 12.23 
7.7846 2 1 1 0x0 0.5961 0.6827 0.60 0.68 -0.0503 0.0000 0.0077 0.1000 0.4992 -0.1052 -0.043273 -0.743213 12.23 
7.7946 2 1 1 0x0 0.6111 0.6868 0.61 0.69 -0.0623 0.0000 0.0046 0.1000 0.4988 -0.1052 -0.037864 -0.742909 12.22 
7.8046 2 1 1 0x0 0.6156 0.6859 0.62 0.69 -0.0742 0.0000 0.0086 0.1000 0.4986 -0.1052 -0.035159 -0.740866 12.22 
7.8146 2 1 1 0x0 0.6257 0.6798 0.63 0.68 -0.0423 0.0002 0.0128 0.1000 0.4984 -0.1052 -0.027045 -0.738356 12.23 
7.8246 2 1 1 0x0 0.6400 0.6833 0.64 0.68 -0.0000 0.0002 0.0110 0.1000 0.4980 -0.1051 -0.021636 -0.734941 12.23 
7.8346 2 1 1 0x0 0.6502 0.6773 0.65 0.68 -0.0749 0.0002 0.0031 0.1000 0.4977 -0.1051 -0.013523 -0.730462 12.23 
7.8446 2 1 1 0x0 0.6547 0.6763 0.65 0.68 -0.0583 0.0002 0.0070 0.1000 0.4975 -0.1051 -0.010818 -0.725018 12.23 
7.8546 2 1 1 0x0 0.6550 0.6658 0.66 0.67 -0.0589 0.0002 0.0100 0.1000 0.4975 -0.1051 -0.005409 -0.718671 12.23 
7.8646 2 1 1 0x0 0.6603 0.6657 0.66 0.67 -0.0408 0.0002 0.0116 0.1000 0.4973 -0.1051 -0.002705 -0.710905 12.23 
7.8746 2 1 1 0x0 0.6655 0.6655 0.67 0.67 -0.0457 0.0002 0.0122 0.1000 0.4971 -0.1051 -0.000000 -0.701762 12.22 
7.8846 2 1 1 0x0 0.6668 0.6560 0.67 0.66 -0.0365 0.0000 0.0122 0.0433 0.4971 -0.1051 0.005409 -0.691365 12.23 
7.8946 2 1 1 0x0 0.6728 0.6566 0.67 0.66 -0.0395 0.0000 0.0115 0.0533 0.4969 -0.1051 0.008114 -0.679885 12.23 
7.9046 2 1 1 0x0 0.6931 0.6715 0.69 0.67 -0.0569 -0.0000 0.0042 0.0497 0.4963 -0.1051 0.010818 -0.666771 12.23 
7.9146 2 1 1 0x0 0.6979 0.6709 0.70 0.67 -0.0540 -0.0000 0.0068 0.0597 0.4961 -0.1052 0.013523 -0.652051 12.23 
7.9246 2 1 1 0x0 0.7027 0.6703 0.70 0.67 -0.0658 -0.0000 0.0100 0.0697 0.4959 -0.1052 0.016227 -0.636129 12.23 
7.9346 2 1 1 0x0 0.7173 0.6740 0.72 0.67 -0.0723 -0.0000 0.0065 0.0797 0.4955 -0.1052 0.021636 -0.618721 12.23 
7.9446 2 1 1 0x0 0.7316 0.6776 0.73 0.68 -0.0797 -0.0000 0.0047 0.0897 0.4951 -0.1052 0.027045 -0.600350 12.23 
7.9546 2 1 1 0x0 0.7499 0.6904 0.75 0.69 -0.0773 -0.0097 0.0033 0.0296 0.4945 -0.1052 0.029750 -0.581884 12.23 
7.9646 2 1 1 0x0 0.7620 0.7079 0.76 0.71 -0.0615 -0.0605 0.0074 0.0050 0.4939 -0.1052 0.027045 -0.562476 12.23 
7.9746 2 1 1 0x0 0.7787 0.7192 0.78 0.72 -0.0697 -0.0445 0.0061 0.0071 0.4933 -0.1052 0.029750 -0.541742 12.23 
7.9846 2 1 1 0x0 0.7950 0.7301 0.80 0.73 -0.0550 -0.0583 0.0038 0.0090 0.4927 -0.1052 0.032454 -0.520401 12.23 
7.9946 2 1 1 0x0 0.8012 0.7363 0.80 0.74 -0.0703 -0.0457 0.0073 0.0111 0.4923 -0.1053 0.032454 -0.499046 12.23 
8.0046 2 1 1 0x0 0.8119 0.7524 0.81 0.75 -0.0476 -0.0516 0.0101 0.0055 0.4917 -0.1053 0.029750 -0.477027 12.23 
8.0146 2 1 1 0x0 0.8183 0.7588 0.82 0.76 -0.0480 -0.0464 0.0116 0.0072 0.4913 -0.1053 0.029750 -0.455268 12.23 
8.0246 2 1 1 0x0 0.8254 0.7659 0.83 0.77 -0.0288 -0.0369 0.0104 0.0073 0.4909 -0.1053 0.029750 -0.434942 12.23 
8.0346 2 1 1 0x0 0.8186 0.7591 0.82 0.76 -0.0288 -0.0369 0.0204 0.0173 0.4909 -0.1053 0.029750 -0.415243 12.23 
8.0446 2 1 1 0x0 0.8173 0.7632 0.82 0.76 -0.0174 -0.0297 0.0304 0.0150 0.4907 -0.1053 0.027045 -0.397098 12.23 
8.0546 2 1 1 0x0 0.8128 0.7587 0.81 0.76 -0.0122 -0.0224 0.0404 0.0249 0.4907 -0.1053 0.027045 -0.380347 12.23 
8.0646 2 1 1 0x0 0.8094 0.7553 0.81 0.76 -0.0094 -0.0144 0.0504 0.0350 0.4907 -0.1053 0.027045 -0.364868 12.23 
8.0746 2 1 1 0x0 0.8069 0.7528 0.81 0.75 -0.0076 -0.0106 0.0604 0.0449 0.4907 -0.1053 0.027045 -0.350231 12.23 
8.0846 2 1 1 0x0 0.8052 0.7511 0.81 0.75 -0.0064 -0.0084 0.0704 0.0549 0.4907 -0.1053 0.027045 -0.336332 12.23 
8.0946 2 1 1 0x0 0.8042 0.7501 0.80 0.75 -0.0055 -0.0070 0.0804 0.0650 0.4907 -0.1053 0.027045 -0.323083 12.22 
8.1046 2 1 1 0x0 0.8136 0.7541 0.81 0.75 -0.0049 -0.0060 0.0417 0.0749 0.4904 -0.1053 0.029750 -0.310561 12.23 
8.1146 2 1 1 0x0 0.8128 0.7533 0.81 0.75 -0.0049 -0.0052 0.0517 0.0849 0.4904 -0.1053 0.029750 -0.298686 12.23 
8.1247 2 1 1 0x0 0.8126 0.7531 0.81 0.75 -0.0049 -0.0046 0.0617 0.0950 0.4904 -0.1053 0.029750 -0.287553 12.23 
8.1347 2 1 1 0x0 0.8127 0.7532 0.81 0.75 -0.0049 -0.0041 0.0717 0.1000 0.4904 -0.1053 0.029750 -0.277429 12.23 
8.1447 2 1 1 0x0 0.8132 0.7537 0.81 0.75 -0.0049 -0.0038 0.0817 0.1000 0.4904 -0.1053 0.029750 -0.268421 12.23 
8.1547 2 1 1 0x0 0.8232 0.7583 0.82 0.76 -0.0101 -0.0034 0.0299 0.1000 0.4902 -0.1053 0.032454 -0.260434 12.23 
8.1647 2 1 1 0x0 0.8236 0.7587 0.82 0.76 -0.0101 -0.0032 0.0399 0.1000 0.4902 -0.1053 0.032454 -0.253265 12.24 
8.1747 2 1 1 0x0 0.8243 0.7594 0.82 0.76 -0.0101 -0.0029 0.0499 0.1000 0.4902 -0.1053 0.032454 -0.246445 12.23 
8.1847 2 1 1 0x0 0.8347 0.7644 0.83 0.76 -0.0125 -0.0027 0.0235 0.1000 0.4900 -0.1053 0.035159 -0.239664 12.23 
8.1947 2 1 1 0x0 0.8353 0.7649 0.84 0.76 -0.0125 -0.0026 0.0335 0.1000 0.4900 -0.1053 0.035159 -0.232880 12.23 
8.2047 2 1 1 0x0 0.8459 0.7702 0.85 0.77 -0.0161 -0.0024 0.0147 0.1000 0.4898 -0.1053 0.037864 -0.226330 12.23 
8.2147 2 1 1 0x0 0.8463 0.7706 0.85 0.77 -0.0161 -0.0023 0.0247 0.1000 0.4898 -0.1053 0.037864 -0.220213 12.23 
8.2247 2 1 1 0x0 0.8471 0.7713 0.85 0.77 -0.0161 -0.0022 0.0347 0.1000 0.4898 -0.1053 0.037864 -0.214674 12.23 
8.2347 2 1 1 0x0 0.8481 0.7724 0.85 0.77 -0.0126 -0.0020 0.0447 0.1000 0.4898 -0.1053 0.037864 -0.209741 12.23 
8.2447 2 1 1 0x0 0.8493 0.7736 0.85 0.77 -0.0096 -0.0000 0.0547 0.1000 0.4898 -0.1053 0.037864 -0.204907 12.23 
8.2547 2 1 1 0x0 0.8507 0.7750 0.85 0.77 -0.0078 -0.0000 0.0647 0.1000 0.4898 -0.1053 0.037864 -0.200334 12.23 
8.2647 2 1 1 0x0 0.8481 0.7669 0.85 0.77 -0.0065 0.0018 0.0747 0.1000 0.4900 -0.1053 0.040568 -0.195984 12.23 
8.2747 2 1 1 0x0 0.8503 0.7692 0.85 0.77 -0.0056 0.0018 0.0847 0.1000 0.4900 -0.1053 0.040568 -0.191823 12.23 
8.2847 2 1 1 0x0 0.8526 0.7714 0.85 0.77 -0.0049 0.0018 0.0947 0.1000 0.4900 -0.1053 0.040568 -0.187822 12.23 
8.2947 2 1 1 0x0 0.8548 0.7736 0.85 0.77 -0.0044 0.0018 0.1000 0.1000 0.4900 -0.1053 0.040568 -0.184334 12.23 
8.3047 2 1 1 0x0 0.8570 0.7758 0.86 0.78 -0.0040 0.0018 0.1000 0.1000 0.4900 -0.1053 0.040568 -0.181156 12.23 
8.3147 2 1 1 0x0 0.8591 0.7780 0.86 0.78 -0.0036 0.0018 0.1000 0.1000 0.4900 -0.1053 0.040568 -0.178130 12.23 
8.3247 2 1 1 0x0 0.8613 0.7802 0.86 0.78 -0.0033 0.0018 0.1000 0.1000 0.4900 -0.1053 0.040568 -0.175374 12.23 
8.3347 2 1 1 0x0 0.8635 0.7823 0.86 0.78 -0.0031 0.0018 0.1000 0.1000 0.4900 -0.1053 0.040568 -0.172973 12.23 
8.3447 2 1 1 0x0 0.8656 0.7845 0.87 0.78 -0.0029 0.0018 0.1000 0.1000 0.4900 -0.1053 0.040568 -0.170954 12.23 
8.3547 2 1 1 0x0 0.8678 0.7866 0.87 0.79 -0.0027 0.0018 0.1000 0.1000 0.4900 -0.1053 0.040568 -0.169375 12.23 
8.3647 2 1 1 0x0 0.8699 0.7888 0.87 0.79 -0.0025 0.0018 0.1000 0.1000 0.4900 -0.1053 0.040568 -0.168345 12.23 
8.3748 2 1 1 0x0 0.8721 0.7909 0.87 0.79 -0.0024 0.0018 0.1000 0.1000 0.4900 -0.1053 0.040568 -0.168149 12.23 
8.3848 2 1 1 0x0 0.8742 0.7931 0.87 0.79 -0.0022 0.0018 0.1000 0.1000 0.4900 -0.1053 0.040568 -0.168949 12.22 
8.3948 2 1 1 0x0 0.8763 0.7952 0.88 0.80 -0.0021 0.0018 0.1000 0.1000 0.4900 -0.1053 0.040568 -0.170529 12.23 
8.4048 2 1 1 0x0 0.8785 0.7973 0.88 0.80 -0.0000 0.0018 0.1000 0.1000 0.4900 -0.1053 0.040568 -0.172957 12.23 
8.4148 2 1 1 0x0 0.8806 0.7994 0.88 0.80 -0.0000 0.0018 0.1000 0.1000 0.4900 -0.1053 0.040568 -0.176376 12.23 
8.4248 2 1 1 0x0 0.8827 0.8016 0.88 0.80 -0.0000 0.0018 0.1000 0.1000 0.4900 -0.1053 0.040568 -0.180784 12.23 
8.4348 2 1 1 0x0 0.8848 0.8037 0.88 0.80 -0.0000 0.0018 0.1000 0.1000 0.4900 -0.1053 0.040568 -0.186107 12.23 
8.4448 2 1 1 0x0 0.8869 0.8058 0.89 0.81 -0.0000 0.0018 0.1000 0.1000 0.4900 -0.1053 0.040568 -0.192117 12.23 
8.4548 2 1 1 0x0 0.8798 0.8040 0.88 0.80 0.0017 0.0018 0.1000 0.1000 0.4902 -0.1053 0.037864 -0.198597 12.23 
8.4648 2 1 1 0x0 0.8824 0.8067 0.88 0.81 0.0017 0.0000 0.1000 0.1000 0.4902 -0.1053 0.037864 -0.205417 12.22 
8.4748 2 1 1 0x0 0.8850 0.8093 0.89 0.81 0.0017 0.0000 0.1000 0.1000 0.4902 -0.1053 0.037864 -0.212269 12.23 
8.4848 2 1 1 0x0 0.8875 0.8117 0.89 0.81 0.0017 0.0000 0.1000 0.1000 0.4902 -0.1053 0.037864 -0.218930 12.23 
8.4948 2 1 1 0x0 0.8899 0.8141 0.89 0.81 0.0017 0.0000 0.1000 0.1000 0.4902 -0.1053 0.037864 -0.225273 12.23 
8.5048 2 1 1 0x0 0.8922 0.8165 0.89 0.82 0.0017 0.0000 0.1000 0.1000 0.4902 -0.1053 0.037864 -0.231255 12.23 
8.5148 2 1 1 0x0 0.8945 0.8188 0.89 0.82 0.0017 0.0000 0.1000 0.1000 0.4902 -0.1053 0.037864 -0.236863 12.23 
8.5248 2 1 1 0x0 0.8967 0.8210 0.90 0.82 0.0017 0.0000 0.1000 0.1000 0.4902 -0.1053 0.037864 -0.241957 12.23 
8.5348 2 1 1 0x0 0.8890 0.8187 0.89 0.82 0.0046 0.0000 0.0450 0.1000 0.4904 -0.1053 0.035159 -0.246431 12.22 
8.5448 2 1 1 0x0 0.8919 0.8215 0.89 0.82 0.0046 0.0000 0.0550 0.1000 0.4904 -0.1053 0.035159 -0.250143 12.23 
8.5548 2 1 1 0x0 0.8945 0.8242 0.89 0.82 0.0046 0.0000 0.0650 0.1000 0.4904 -0.1053 0.035159 -0.253090 12.23 
8.5648 2 1 1 0x0 0.8971 0.8268 0.90 0.83 0.0046 0.0000 0.0750 0.1000 0.4904 -0.1053 0.035159 -0.255425 12.23 
8.5748 2 1 1 0x0 0.8996 0.8292 0.90 0.83 0.0046 0.0000 0.0850 0.1000 0.4904 -0.1053 0.035159 -0.257308 12.23 
8.5848 2 1 1 0x0 0.9019 0.8316 0.90 0.83 0.0046 0.0000 0.0950 0.1000 0.4904 -0.1053 0.035159 -0.258679 12.23 
8.5948 2 1 1 0x0 0.9042 0.8339 0.90 0.83 0.0046 0.0000 0.1000 0.1000 0.4904 -0.1053 0.035159 -0.259405 12.23 
8.6048 2 1 1 0x0 0.9065 0.8362 0.91 0.84 0.0046 0.0000 0.1000 0.1000 0.4904 -0.1053 0.035159 -0.258433 12.23 
8.6149 2 1 1 0x0 0.9087 0.8383 0.91 0.84 0.0046 0.0000 0.1000 0.1000 0.4904 -0.1053 0.035159 -0.256751 12.23 
8.6249 2 1 1 0x0 0.9108 0.8405 0.91 0.84 0.0045 0.0000 0.1000 0.1000 0.4904 -0.1053 0.035159 -0.254195 12.23 
8.6349 2 1 1 0x0 0.8990 0.8287 0.90 0.83 0.0040 0.0011 0.0506 0.1000 0.4909 -0.1053 0.035159 -0.251500 12.23 
8.6449 2 1 1 0x0 0.9023 0.8320 0.90 0.83 0.0040 0.0011 0.0606 0.1000 0.4909 -0.1053 0.035159 -0.248610 12.23 
8.6549 2 1 1 0x0 0.8958 0.8309 0.90 0.83 0.0292 0.0011 0.0133 0.1000 0.4911 -0.1053 0.032454 -0.245896 12.23 
8.6649 2 1 1 0x0 0.8949 0.8246 0.89 0.82 0.0248 0.0114 0.0233 0.0200 0.4913 -0.1053 0.035159 -0.243503 12.23 
8.6749 2 1 1 0x0 0.8892 0.8243 0.89 0.82 0.0219 0.0114 0.0171 0.0300 0.4915 -0.1053 0.032454 -0.241556 12.23 
8.6849 2 1 1 0x0 0.8892 0.8189 0.89 0.82 0.0219 0.0303 0.0271 0.0156 0.4917 -0.1053 0.035159 -0.240427 12.23 
8.6949 2 1 1 0x0 0.8793 0.8089 0.88 0.81 0.0151 0.0317 0.0144 0.0125 0.4921 -0.1053 0.035159 -0.239789 12.23 
8.7049 2 1 1 0x0 0.8705 0.8002 0.87 0.80 0.0614 0.0554 0.0076 0.0125 0.4925 -0.1052 0.035159 -0.239968 12.23 
8.7149 2 1 1 0x0 0.8484 0.7780 0.85 0.78 0.0660 0.0636 0.0040 0.0067 0.4933 -0.1052 0.035159 -0.240366 12.22 
8.7249 2 1 1 0x0 0.8373 0.7616 0.84 0.76 0.0585 0.0721 0.0075 0.0044 0.4939 -0.1052 0.037864 -0.241994 12.23 
8.7349 2 1 1 0x0 0.8172 0.7415 0.82 0.74 0.0567 0.0845 0.0052 0.0029 0.4947 -0.1052 0.037864 -0.244570 12.23 
8.7449 2 1 1 0x0 0.8080 0.7269 0.81 0.73 0.0735 0.0922 0.0088 0.0029 0.4953 -0.1051 0.040568 -0.248163 12.22 
8.7549 2 1 1 0x0 0.7895 0.7084 0.79 0.71 0.0721 0.0917 0.0063 0.0027 0.4961 -0.1051 0.040568 -0.253096 12.23 
8.7649 2 1 1 0x0 0.7716 0.6905 0.77 0.69 0.0670 0.1027 0.0035 0.0035 0.4969 -0.1051 0.040568 -0.258105 12.23 
8.7749 2 1 1 0x0 0.7642 0.6776 0.76 0.68 0.0649 0.0902 0.0073 0.0042 0.4975 -0.1050 0.043273 -0.264266 12.23 
8.7849 2 1 1 0x0 0.7471 0.6606 0.75 0.66 0.0569 0.0983 0.0055 0.0047 0.4984 -0.1050 0.043273 -0.270533 12.23 
8.7949 2 1 1 0x0 0.7303 0.6438 0.73 0.64 0.0656 0.0849 0.0037 0.0047 0.4992 -0.1050 0.043273 -0.277492 12.22 
8.8049 2 1 1 0x0 0.7236 0.6316 0.72 0.63 0.0742 0.0849 0.0078 0.0045 0.4998 -0.1049 0.045977 -0.284387 12.23 
8.8149 2 1 1 0x0 0.7066 0.6147 0.71 0.61 0.0732 0.0811 0.0057 0.0027 0.5006 -0.1049 0.045977 -0.291239 12.22 
8.8249 2 1 1 0x0 0.6941 0.6075 0.69 0.61 0.0712 0.0680 0.0035 0.0072 0.5012 -0.1049 0.043273 -0.298578 12.23 
8.8349 2 1 1 0x0 0.6868 0.5948 0.69 0.59 0.0552 0.0629 0.0069 0.0060 0.5018 -0.1049 0.045977 -0.305131 12.22 
8.8449 2 1 1 0x0 0.6789 0.5815 0.68 0.58 0.0614 0.0642 0.0100 0.0040 0.5024 -0.1048 0.048682 -0.311087 12.23 
8.8549 2 1 1 0x0 0.6652 0.5733 0.67 0.57 0.0528 0.0756 0.0048 0.0082 0.5030 -0.1048 0.045977 -0.316033 12.23 
8.8650 2 1 1 0x0 0.6565 0.5591 0.66 0.56 0.0382 0.0783 0.0057 0.0060 0.5036 -0.1048 0.048682 -0.319919 12.23 
8.8750 2 1 1 0x0 0.6473 0.5445 0.65 0.54 0.0544 0.0728 0.0066 0.0045 0.5042 -0.1047 0.051386 -0.323266 12.23 
8.8850 2 1 1 0x0 0.6421 0.5393 0.64 0.54 0.0387 0.0597 0.0077 0.0083 0.5046 -0.1047 0.051386 -0.326338 12.22 
8.8950 2 1 1 0x0 0.6322 0.5240 0.63 0.52 0.0563 0.0611 0.0088 0.0062 0.5052 -0.1047 0.054091 -0.328762 12.23 
8.9050 2 1 1 0x0 0.6218 0.5082 0.62 0.51 0.0436 0.0668 0.0106 0.0043 0.5059 -0.1046 0.056795 -0.331063 12.22 
8.9150 2 1 1 0x0 0.6058 0.4976 0.61 0.50 0.0479 0.0766 0.0042 0.0086 0.5065 -0.1046 0.054091 -0.333331 12.23 
8.9250 2 1 1 0x0 0.5952 0.4816 0.60 0.48 0.0567 0.0764 0.0064 0.0072 0.5071 -0.1046 0.056795 -0.335580 12.23 
8.9350 2 1 1 0x0 0.5843 0.4653 0.58 0.47 0.0563 0.0741 0.0093 0.0051 0.5077 -0.1045 0.059500 -0.338225 12.23 
8.9450 2 1 1 0x0 0.5634 0.4444 0.56 0.44 0.0590 0.0762 0.0064 0.0031 0.5085 -0.1045 0.059500 -0.341122 12.23 
8.9550 2 1 1 0x0 0.5471 0.4335 0.55 0.43 0.0616 0.0579 0.0046 0.0070 0.5091 -0.1045 0.056795 -0.344023 12.23 
8.9650 2 1 1 0x0 0.5359 0.4169 0.54 0.42 0.0730 0.0595 0.0085 0.0039 0.5097 -0.1044 0.059500 -0.345873 12.23 
8.9750 2 1 1 0x0 0.5192 0.4056 0.52 0.41 0.0668 0.0653 0.0059 0.0073 0.5103 -0.1044 0.056795 -0.346986 12.23 
8.9850 2 1 1 0x0 0.5119 0.3983 0.51 0.40 0.0594 0.0507 0.0095 0.0102 0.5107 -0.1044 0.056795 -0.347259 12.23 
8.9950 2 1 1 0x0 0.4899 0.3763 0.49 0.38 0.0553 0.0534 0.0058 0.0058 0.5115 -0.1043 0.056795 -0.346723 12.23 
9.0050 2 1 1 0x0 0.4819 0.3684 0.48 0.37 0.0627 0.0637 0.0089 0.0088 0.5119 -0.1043 0.056795 -0.345672 12.23 
9.0150 2 1 1 0x0 0.4688 0.3498 0.47 0.35 0.0446 0.0609 0.0111 0.0040 0.5125 -0.1043 0.059500 -0.343416 12.23 
9.0250 2 1 1 0x0 0.4598 0.3408 0.46 0.34 0.0521 0.0471 0.0126 0.0063 0.5129 -0.1042 0.059500 -0.340177 12.22 
9.0350 2 1 1 0x0 0.4502 0.3312 0.45 0.33 0.0377 0.0553 0.0134 0.0084 0.5133 -0.1042 0.059500 -0.336526 12.23 
9.0450 2 1 1 0x0 0.4399 0.3209 0.44 0.32 0.0468 0.0409 0.0136 0.0097 0.5137 -0.1042 0.059500 -0.332608 12.23 
9.0550 2 1 1 0x0 0.4289 0.3099 0.43 0.31 0.0329 0.0440 0.0131 0.0102 0.5142 -0.1042 0.059500 -0.327799 12.23 
9.0650 2 1 1 0x0 0.4172 0.2982 0.42 0.30 0.0321 0.0327 0.0106 0.0094 0.5146 -0.1041 0.059500 -0.323124 12.23 
9.0750 2 1 1 0x0 0.4145 0.2901 0.41 0.29 0.0321 0.0331 0.0206 0.0070 0.5148 -0.1041 0.062204 -0.318236 12.23 
9.0850 2 1 1 0x0 0.4057 0.2867 0.41 0.29 0.0197 0.0331 0.0140 0.0170 0.5150 -0.1041 0.059500 -0.313468 12.23 
9.0950 2 1 1 0x0 0.4058 0.2868 0.41 0.29 0.0197 0.0194 0.0240 0.0270 0.5150 -0.1041 0.059500 -0.308789 12.23 
9.1050 2 1 1 0x0 0.4005 0.2761 0.40 0.28 0.0171 0.0165 0.0340 0.0186 0.5152 -0.1041 0.062204 -0.304538 12.22 
9.1151 2 1 1 0x0 0.3988 0.2744 0.40 0.27 0.0120 0.0165 0.0440 0.0286 0.5152 -0.1041 0.062204 -0.300816 12.23 
9.1251 2 1 1 0x0 0.3961 0.2717 0.40 0.27 0.0093 0.0165 0.0540 0.0386 0.5152 -0.1041 0.062204 -0.297807 12.22 
9.1351 2 1 1 0x0 0.3926 0.2682 0.39 0.27 0.0075 0.0112 0.0640 0.0486 0.5152 -0.1041 0.062204 -0.295842 12.23 
9.1451 2 1 1 0x0 0.3884 0.2640 0.39 0.26 0.0064 0.0088 0.0740 0.0586 0.5152 -0.1041 0.062204 -0.295018 12.23 
9.1551 2 1 1 0x0 0.3837 0.2593 0.38 0.26 0.0055 0.0072 0.0840 0.0686 0.5152 -0.1041 0.062204 -0.295000 12.23 
9.1651 2 1 1 0x0 0.3785 0.2541 0.38 0.25 0.0048 0.0061 0.0940 0.0786 0.5152 -0.1041 0.062204 -0.295610 12.23 
9.1751 2 1 1 0x0 0.3729 0.2485 0.37 0.25 0.0043 0.0053 0.1000 0.0886 0.5152 -0.1041 0.062204 -0.296516 12.23 
9.1851 2 1 1 0x0 0.3671 0.2427 0.37 0.24 0.0039 0.0047 0.1000 0.0986 0.5152 -0.1041 0.062204 -0.297457 12.23 
9.1951 2 1 1 0x0 0.3610 0.2366 0.36 0.24 0.0036 0.0042 0.1000 0.1000 0.5152 -0.1041 0.062204 -0.298272 12.23 
9.2051 2 1 1 0x0 0.3547 0.2303 0.35 0.23 0.0033 0.0038 0.1000 0.1000 0.5152 -0.1041 0.062204 -0.298817 12.23 
9.2151 2 1 1 0x0 0.3482 0.2238 0.35 0.22 0.0030 0.0035 0.1000 0.1000 0.5152 -0.1041 0.062204 -0.299115 12.23 
9.2251 2 1 1 0x0 0.3416 0.2172 0.34 0.22 0.0028 0.0032 0.1000 0.1000 0.5152 -0.1041 0.062204 -0.299244 12.23 
9.2351 2 1 1 0x0 0.3348 0.2104 0.33 0.21 0.0026 0.0030 0.1000 0.1000 0.5152 -0.1041 0.062204 -0.299245 12.23 
9.2451 2 1 1 0x0 0.3280 0.2036 0.33 0.20 0.0025 0.0028 0.1000 0.1000 0.5152 -0.1041 0.062204 -0.299036 12.23 
9.2551 2 1 1 0x0 0.3211 0.1967 0.32 0.20 0.0023 0.0026 0.1000 0.1000 0.5152 -0.1041 0.062204 -0.298860 12.23 
9.2651 2 1 1 0x0 0.3141 0.1897 0.31 0.19 0.0022 0.0024 0.1000 0.1000 0.5152 -0.1041 0.062204 -0.298939 12.23 
9.2751 2 1 1 0x0 0.3071 0.1827 0.31 0.18 0.0021 0.0023 0.1000 0.1000 0.5152 -0.1041 0.062204 -0.299313 12.23 
9.2851 2 1 1 0x0 0.3000 0.1756 0.30 0.18 0.0000 0.0022 0.1000 0.1000 0.5152 -0.1041 0.062204 -0.300208 12.23 
9.2951 2 1 1 0x0 0.2929 0.1685 0.29 0.17 0.0000 0.0021 0.1000 0.1000 0.5152 -0.1041 0.062204 -0.301569 12.23 
9.3051 2 1 1 0x0 0.2858 0.1614 0.29 0.16 0.0000 0.0000 0.1000 0.1000 0.5152 -0.1041 0.062204 -0.303362 12.23 
9.3151 2 1 1 0x0 0.2786 0.1542 0.28 0.15 0.0000 0.0000 0.1000 0.1000 0.5152 -0.1041 0.062204 -0.305416 12.23 
9.3251 2 1 1 0x0 0.2715 0.1471 0.27 0.15 0.0000 0.0000 0.1000 0.1000 0.5152 -0.1041 0.062204 -0.307514 12.23 
9.3351 2 1 1 0x0 0.2643 0.1399 0.26 0.14 0.0000 0.0000 0.1000 0.1000 0.5152 -0.1041 0.062204 -0.309564 12.23 
9.3451 2 1 1 0x0 0.2571 0.1327 0.26 0.13 0.0000 0.0000 0.1000 0.1000 0.5152 -0.1041 0.062204 -0.311645 12.23 
9.3552 2 1 1 0x0 0.2499 0.1255 0.25 0.13 0.0000 0.0000 0.1000 0.1000 0.5152 -0.1041 0.062204 -0.313829 12.23 
9.3652 2 1 1 0x0 0.2426 0.1182 0.24 0.12 0.0000 0.0000 0.1000 0.1000 0.5152 -0.1041 0.062204 -0.316077 12.23 
9.3752 2 1 1 0x0 0.2354 0.1110 0.24 0.11 0.0000 0.0000 0.1000 0.1000 0.5152 -0.1041 0.062204 -0.318506 12.23 
9.3852 2 1 1 0x0 0.2282 0.1038 0.23 0.10 0.0000 0.0000 0.1000 0.1000 0.5152 -0.1041 0.062204 -0.321298 12.23 
9.3952 2 1 1 0x0 0.2209 0.0965 0.22 0.10 0.0000 0.0000 0.1000 0.1000 0.5152 -0.1041 0.062204 -0.324579 12.23 
9.4052 2 1 1 0x0 0.2137 0.0893 0.21 0.09 0.0000 0.0000 0.1000 0.1000 0.5152 -0.1041 0.062204 -0.328361 12.23 
9.4152 2 1 1 0x0 0.2064 0.0820 0.21 0.08 0.0000 0.0000 0.1000 0.1000 0.5152 -0.1041 0.062204 -0.332563 12.23 
9.4252 2 1 1 0x0 0.1992 0.0748 0.20 0.07 0.0000 0.0000 0.1000 0.1000 0.5152 -0.1041 0.062204 -0.336988 12.23 
9.4352 2 1 1 0x0 0.1919 0.0675 0.19 0.07 0.0000 0.0000 0.1000 0.1000 0.5152 -0.1041 0.062204 -0.341331 12.23 
9.4452 2 1 1 0x0 0.1847 0.0602 0.18 0.06 0.0000 0.0000 0.1000 0.1000 0.5152 -0.1041 0.062204 -0.345568 12.23 
9.4552 2 1 1 0x0 0.1774 0.0530 0.18 0.05 0.0000 0.0000 0.1000 0.1000 0.5152 -0.1041 0.062204 -0.349800 12.23 
9.4652 2 1 1 0x0 0.1701 0.0457 0.17 0.05 0.0000 0.0000 0.1000 0.1000 0.5152 -0.1041 0.062204 -0.353894 12.23 
9.4752 2 1 1 0x0 0.1629 0.0384 0.16 0.04 0.0000 0.0000 0.1000 0.1000 0.5152 -0.1041 0.062204 -0.357549 12.23 
9.4852 2 1 1 0x0 0.1556 0.0312 0.16 0.03 0.0000 0.0000 0.1000 0.1000 0.5152 -0.1041 0.062204 -0.360496 12.23 
9.4952 2 1 1 0x0 0.1483 0.0239 0.15 0.02 0.0000 0.0000 0.1000 0.1000 0.5152 -0.1041 0.062204 -0.362411 12.22 
9.5052 2 1 1 0x0 0.1411 0.0166 0.14 0.02 0.0000 0.0000 0.1000 0.1000 0.5152 -0.1041 0.062204 -0.363264 12.22 
9.5152 2 1 1 0x0 0.1338 0.0094 0.13 0.01 0.0000 0.0000 0.1000 0.1000 0.5152 -0.1041 0.062204 -0.363190 12.23 
9.5252 2 1 1 0x0 0.1265 0.0021 0.13 0.00 0.0000 0.0000 0.1000 0.1000 0.5152 -0.1041 0.062204 -0.362350 12.23 
9.5352 2 1 1 0x0 0.1193 -0.0052 0.12 -0.01 0.0000 0.0000 0.1000 0.1000 0.5152 -0.1041 0.062204 -0.360838 12.23 
9.5452 2 1 1 0x0 0.1120 -0.0124 0.11 -0.01 0.0000 0.0000 0.1000 0.1000 0.5152 -0.1041 0.062204 -0.358548 12.23 
9.5552 2 1 1 0x0 0.1047 -0.0197 0.10 -0.02 0.0000 0.0000 0.1000 0.1000 0.5152 -0.1041 0.062204 -0.355624 12.22 
9.5652 2 1 1 0x0 0.0975 -0.0270 0.10 -0.03 0.0000 0.0000 0.1000 0.1000 0.5152 -0.1041 0.062204 -0.352391 12.23 
9.5752 2 1 1 0x0 0.0902 -0.0342 0.09 -0.03 0.0000 0.0000 0.1000 0.1000 0.5152 -0.1041 0.062204 -0.349230 12.23 
9.5852 2 1 1 0x0 0.0829 -0.0415 0.08 -0.04 0.0000 0.0000 0.1000 0.1000 0.5152 -0.1041 0.062204 -0.345915 12.23 
9.5952 2 1 1 0x0 0.0850 -0.0448 0.08 -0.04 -0.0008 0.0000 0.1000 0.1000 0.5150 -0.1041 0.064909 -0.342285 12.23 
9.6053 2 1 1 0x0 0.0772 -0.0526 0.08 -0.05 -0.0008 0.0000 0.1000 0.1000 0.5150 -0.1041 0.064909 -0.338549 12.22 
9.6153 2 1 1 0x0 0.0734 -0.0510 0.07 -0.05 -0.0008 -0.0008 0.1000 0.1000 0.5148 -0.1041 0.062204 -0.334711 12.23 
9.6253 2 1 1 0x0 0.0653 -0.0591 0.07 -0.06 -0.0008 -0.0008 0.1000 0.1000 0.5148 -0.1041 0.062204 -0.330882 12.23 
9.6353 2 1 1 0x0 0.0672 -0.0626 0.07 -0.06 -0.0083 -0.0008 0.0250 0.1000 0.5146 -0.1041 0.064909 -0.327006 12.23 
9.6453 2 1 1 0x0 0.0588 -0.0711 0.06 -0.07 -0.0083 -0.0008 0.0350 0.1000 0.5146 -0.1041 0.064909 -0.323137 12.23 
9.6553 2 1 1 0x0 0.0505 -0.0793 0.05 -0.08 -0.0083 -0.0008 0.0450 0.1000 0.5146 -0.1041 0.064909 -0.319383 12.23 
9.6653 2 1 1 0x0 0.0562 -0.0736 0.06 -0.07 -0.0162 -0.0076 0.0181 0.0334 0.5142 -0.1042 0.064909 -0.315731 12.23 
9.6753 2 1 1 0x0 0.0472 -0.0826 0.05 -0.08 -0.0162 -0.0076 0.0281 0.0434 0.5142 -0.1042 0.064909 -0.312188 12.23 
9.6853 2 1 1 0x0 0.0525 -0.0773 0.05 -0.08 -0.0211 -0.0160 0.0160 0.0142 0.5137 -0.1042 0.064909 -0.308581 12.23 
9.6953 2 1 1 0x0 0.0527 -0.0825 0.05 -0.08 -0.0284 -0.0160 0.0092 0.0242 0.5135 -0.1042 0.067613 -0.305067 12.23 
9.7053 2 1 1 0x0 0.0473 -0.0825 0.05 -0.08 -0.0284 -0.0230 0.0192 0.0128 0.5133 -0.1042 0.064909 -0.301737 12.23 
9.7153 2 1 1 0x0 0.0610 -0.0742 0.06 -0.07 -0.0453 -0.0419 0.0046 0.0091 0.5127 -0.1043 0.067613 -0.297086 12.23 
9.7253 2 1 1 0x0 0.0640 -0.0712 0.06 -0.07 -0.0459 -0.0457 0.0056 0.0098 0.5123 -0.1043 0.067613 -0.291544 12.22 
9.7353 2 1 1 0x0 0.0705 -0.0593 0.07 -0.06 -0.0588 -0.0636 0.0078 0.0059 0.5117 -0.1043 0.064909 -0.286374 12.22 
9.7453 2 1 1 0x0 0.0764 -0.0481 0.08 -0.05 -0.0485 -0.0616 0.0101 0.0039 0.5111 -0.1044 0.062204 -0.281265 12.23 
9.7553 2 1 1 0x0 0.0866 -0.0432 0.09 -0.04 -0.0544 -0.0795 0.0059 0.0081 0.5105 -0.1044 0.064909 -0.276764 12.23 
9.7653 2 1 1 0x0 0.0908 -0.0336 0.09 -0.03 -0.0642 -0.0927 0.0091 0.0076 0.5099 -0.1044 0.062204 -0.272234 12.23 
9.7753 2 1 1 0x0 0.1086 -0.0104 0.11 -0.01 -0.0758 -0.0848 0.0067 0.0029 0.5089 -0.1045 0.059500 -0.267604 12.23 
9.7853 2 1 1 0x0 0.1210 0.0020 0.12 0.00 -0.0822 -0.0808 0.0055 0.0040 0.5081 -0.1046 0.059500 -0.263355 12.22 
9.7953 2 1 1 0x0 0.1328 0.0138 0.13 0.01 -0.0895 -0.0962 0.0051 0.0052 0.5073 -0.1046 0.059500 -0.260106 12.22 
9.8053 2 1 1 0x0 0.1484 0.0348 0.15 0.03 -0.0954 -0.1160 0.0050 0.0031 0.5063 -0.1047 0.056795 -0.256249 12.23 
9.8153 2 1 1 0x0 0.1631 0.0549 0.16 0.05 -0.0976 -0.1004 0.0062 0.0022 0.5052 -0.1047 0.054091 -0.252855 12.23 
9.8253 2 1 1 0x0 0.1870 0.0788 0.19 0.08 -0.0922 -0.1275 0.0031 0.0020 0.5040 -0.1048 0.054091 -0.249777 12.23 
9.8353 2 1 1 0x0 0.2056 0.0920 0.21 0.09 -0.1297 -0.1277 0.0016 0.0048 0.5030 -0.1048 0.056795 -0.246233 12.23 
9.8453 2 1 1 0x0 0.2226 0.1199 0.22 0.12 -0.1211 -0.1418 0.0047 0.0014 0.5018 -0.1049 0.051386 -0.243193 12.23 
9.8554 2 1 1 0x0 0.2400 0.1318 0.24 0.13 -0.1081 -0.1290 0.0036 0.0050 0.5008 -0.1050 0.054091 -0.239724 12.23 
9.8654 2 1 1 0x0 0.2658 0.1631 0.27 0.16 -0.1355 -0.1359 0.0036 0.0019 0.4994 -0.1050 0.051386 -0.238003 12.23 
9.8754 2 1 1 0x0 0.2868 0.1840 0.29 0.18 -0.1035 -0.1309 0.0035 0.0024 0.4982 -0.1051 0.051386 -0.236488 12.23 
9.8854 2 1 1 0x0 0.3073 0.2045 0.31 0.20 -0.1427 -0.1390 0.0040 0.0028 0.4969 -0.1052 0.051386 -0.235284 12.23 
9.8954 2 1 1 0x0 0.3277 0.2249 0.33 0.22 -0.1114 -0.1265 0.0042 0.0034 0.4957 -0.1052 0.051386 -0.234510 12.22 
9.9054 2 1 1 0x0 0.3477 0.2450 0.35 0.24 -0.1428 -0.1373 0.0046 0.0043 0.4945 -0.1053 0.051386 -0.233860 12.23 
9.9154 2 1 1 0x0 0.3823 0.2795 0.38 0.28 -0.1378 -0.1482 0.0016 0.0018 0.4929 -0.1054 0.051386 -0.234615 12.22 
9.9254 2 1 1 0x0 0.3925 0.2952 0.39 0.30 -0.1347 -0.1192 0.0051 0.0026 0.4919 -0.1054 0.048682 -0.235763 12.22 
9.9354 2 1 1 0x0 0.4230 0.3202 0.42 0.32 -0.1346 -0.1419 0.0019 0.0029 0.4905 -0.1055 0.051386 -0.237777 12.23 
9.9454 2 1 1 0x0 0.4337 0.3363 0.43 0.34 -0.1288 -0.1231 0.0051 0.0040 0.4894 -0.1056 0.048682 -0.239456 12.23 
9.9554 2 1 1 0x0 0.4690 0.3717 0.47 0.37 -0.1439 -0.1219 0.0021 0.0019 0.4878 -0.1056 0.048682 -0.241427 12.23 
9.9654 2 1 1 0x0 0.4899 0.3926 0.49 0.39 -0.1079 -0.1570 0.0024 0.0034 0.4866 -0.1057 0.048682 -0.243637 12.23 
9.9754 2 1 1 0x0 0.5156 0.4237 0.52 0.42 -0.1516 -0.1497 0.0029 0.0016 0.4852 -0.1058 0.045977 -0.246775 12.23 
9.9854 2 1 1 0x0 0.5369 0.4449 0.54 0.44 -0.1249 -0.1400 0.0039 0.0030 0.4840 -0.1058 0.045977 -0.250494 12.23 
9.9954 2 1 1 0x0 0.5683 0.4709 0.57 0.47 -0.1409 -0.1498 0.0022 0.0043 0.4826 -0.1059 0.048682 -0.254004 12.23 
10.0054 2 1 1 0x0 0.6040 0.5067 0.60 0.51 -0.1417 -0.1730 0.0016 0.0027 0.4809 -0.1060 0.048682 -0.258169 12.23 
10.0154 2 1 1 0x0 0.6298 0.5379 0.63 0.54 -0.1763 -0.1562 0.0034 0.0020 0.4795 -0.1060 0.045977 -0.261303 12.22 
10.0254 2 1 1 0x0 0.6609 0.5636 0.66 0.56 -0.1876 -0.1443 0.0038 0.0037 0.4781 -0.1061 0.048682 -0.265809 12.23 
10.0354 2 1 1 0x0 0.7064 0.6036 0.71 0.60 -0.1678 -0.1213 0.0018 0.0028 0.4763 -0.1062 0.051386 -0.270043 12.23 
10.0454 2 1 1 0x0 0.7375 0.6293 0.74 0.63 -0.1319 -0.1528 0.0021 0.0036 0.4749 -0.1063 0.054091 -0.275419 12.22 
10.0554 2 1 1 0x0 0.7638 0.6611 0.76 0.66 -0.1295 -0.1449 0.0026 0.0025 0.4734 -0.1063 0.051386 -0.281519 12.23 
10.0654 2 1 1 0x0 0.7769 0.6795 0.78 0.68 -0.1249 -0.1321 0.0057 0.0032 0.4724 -0.1064 0.048682 -0.289373 12.22 
10.0754 2 1 1 0x0 0.7957 0.7091 0.80 0.71 -0.1013 -0.1327 0.0078 0.0019 0.4712 -0.1064 0.043273 -0.297230 12.22 
10.0854 2 1 1 0x0 0.8115 0.7304 0.81 0.73 -0.0640 -0.1560 0.0065 0.0031 0.4702 -0.1065 0.040568 -0.305613 12.22 
10.0954 2 1 1 0x0 0.8235 0.7586 0.82 0.76 -0.0513 -0.1523 0.0094 0.0020 0.4692 -0.1065 0.032454 -0.314167 12.22 
10.1055 2 1 1 0x0 0.8422 0.7827 0.84 0.78 -0.0599 -0.1021 0.0056 0.0024 0.4682 -0.1066 0.029750 -0.322650 12.22 
10.1155 2 1 1 0x0 0.8524 0.8037 0.85 0.80 -0.0737 -0.1471 0.0095 0.0029 0.4674 -0.1066 0.024341 -0.331525 12.22 
10.1255 2 1 1 0x0 0.8734 0.8301 0.87 0.83 -0.0631 -0.1278 0.0065 0.0040 0.4663 -0.1066 0.021636 -0.340674 12.23 
10.1355 2 1 1 0x0 0.8905 0.8634 0.89 0.86 -0.0359 -0.1382 0.0076 0.0018 0.4653 -0.1066 0.013523 -0.349635 12.23 
10.1455 2 1 1 0x0 0.8942 0.8834 0.89 0.88 -0.0359 -0.1304 0.0176 0.0022 0.4647 -0.1066 0.005409 -0.357498 12.22 
10.1555 2 1 1 0x0 0.9049 0.8994 0.90 0.90 -0.0271 -0.1212 0.0145 0.0051 0.4641 -0.1066 0.002705 -0.366036 12.22 
10.1655 2 1 1 0x0 0.9117 0.9226 0.91 0.92 -0.0239 -0.0852 0.0245 0.0031 0.4635 -0.1066 -0.005409 -0.373683 12.22 
10.1755 2 1 1 0x0 0.9253 0.9416 0.93 0.94 -0.0208 -0.0766 0.0172 0.0041 0.4629 -0.1066 -0.008114 -0.382002 12.22 
10.1855 2 1 1 0x0 0.9358 0.9520 0.94 0.95 -0.0307 -0.0777 0.0109 0.0088 0.4625 -0.1066 -0.008114 -0.390296 12.22 
10.1955 2 1 1 0x0 0.9423 0.9694 0.94 0.97 -0.0307 -0.0732 0.0209 0.0064 0.4621 -0.1066 -0.013523 -0.398097 12.22 
10.2055 2 1 1 0x0 0.9462 0.9786 0.95 0.98 -0.0167 -0.0498 0.0309 0.0096 0.4619 -0.1066 -0.016227 -0.405088 12.22 
10.2155 2 1 1 0x0 0.9611 0.9936 0.96 0.99 -0.0138 -0.0557 0.0195 0.0118 0.4615 -0.1066 -0.016227 -0.412068 12.22 
10.2255 2 1 1 0x0 0.9675 1.0053 0.97 1.01 -0.0138 -0.0349 0.0295 0.0124 0.4613 -0.1066 -0.018932 -0.418109 12.22 
10.2355 2 1 1 0x0 0.9753 1.0186 0.98 1.02 -0.0138 -0.0289 0.0395 0.0096 0.4611 -0.1066 -0.021636 -0.423006 12.23 
10.2455 2 1 1 0x0 0.9799 1.0232 0.98 1.02 -0.0117 -0.0289 0.0495 0.0196 0.4611 -0.1066 -0.021636 -0.426651 12.22 
10.2555 2 1 1 0x0 0.9859 1.0292 0.99 1.03 -0.0091 -0.0180 0.0595 0.0296 0.4611 -0.1066 -0.021636 -0.429329 12.23 
10.2655 2 1 1 0x0 0.9932 1.0365 0.99 1.04 -0.0074 -0.0125 0.0695 0.0396 0.4611 -0.1066 -0.021636 -0.430885 12.23 
10.2755 2 1 1 0x0 1.0015 1.0448 1.00 1.04 -0.0063 -0.0095 0.0795 0.0496 0.4611 -0.1066 -0.021636 -0.431166 12.22 
10.2855 2 1 1 0x0 1.0106 1.0539 1.01 1.05 -0.0054 -0.0077 0.0895 0.0596 0.4611 -0.1066 -0.021636 -0.429701 12.22 
10.2955 2 1 1 0x0 1.0204 1.0637 1.02 1.06 -0.0048 -0.0065 0.0995 0.0696 0.4611 -0.1066 -0.021636 -0.427099 12.22 
10.3055 2 1 1 0x0 1.0308 1.0740 1.03 1.07 -0.0043 -0.0056 0.1000 0.0796 0.4611 -0.1066 -0.021636 -0.423374 12.22 
10.3155 2 1 1 0x0 1.0416 1.0849 1.04 1.08 -0.0039 -0.0049 0.1000 0.0896 0.4611 -0.1066 -0.021636 -0.418585 12.22 
10.3255 2 1 1 0x0 1.0528 1.0961 1.05 1.10 -0.0035 -0.0044 0.1000 0.0996 0.4611 -0.1066 -0.021636 -0.413047 12.22 
10.3355 2 1 1 0x0 1.0643 1.1076 1.06 1.11 -0.0033 -0.0040 0.1000 0.1000 0.4611 -0.1066 -0.021636 -0.407256 12.22 
10.3456 2 1 1 0x0 1.0761 1.1193 1.08 1.12 -0.0030 -0.0036 0.1000 0.1000 0.4611 -0.1066 -0.021636 -0.401349 12.22 
10.3556 2 1 1 0x0 1.0880 1.1313 1.09 1.13 -0.0028 -0.0033 0.1000 0.1000 0.4611 -0.1066 -0.021636 -0.395544 12.21 
10.3656 2 1 1 0x0 1.0866 1.1299 1.09 1.13 0.0027 0.0032 0.0809 0.0696 0.4615 -0.1066 -0.021636 -0.390083 12.22 
10.3756 2 1 1 0x0 1.1001 1.1433 1.10 1.14 0.0027 0.0032 0.0909 0.0796 0.4615 -0.1066 -0.021636 -0.385047 12.22 
10.3856 2 1 1 0x0 1.1095 1.1474 1.11 1.15 0.0027 0.0239 0.1000 0.0183 0.4617 -0.1066 -0.018932 -0.380726 12.22 
10.3956 2 1 1 0x0 1.1191 1.1516 1.12 1.15 0.0027 0.0291 0.1000 0.0128 0.4619 -0.1066 -0.016227 -0.377123 12.22 
10.4056 2 1 1 0x0 1.1196 1.1521 1.12 1.15 0.0098 0.0444 0.0262 0.0113 0.4623 -0.1066 -0.016227 -0.374242 12.22 
10.4156 2 1 1 0x0 1.1306 1.1577 1.13 1.16 0.0098 0.0411 0.0362 0.0118 0.4625 -0.1066 -0.013523 -0.372091 12.22 
10.4256 2 1 1 0x0 1.1325 1.1595 1.13 1.16 0.0243 0.0481 0.0171 0.0126 0.4629 -0.1066 -0.013523 -0.370100 12.22 
10.4356 2 1 1 0x0 1.1400 1.1563 1.14 1.16 0.0216 0.0573 0.0271 0.0062 0.4633 -0.1066 -0.008114 -0.368810 12.21 
10.4456 2 1 1 0x0 1.1428 1.1590 1.14 1.16 0.0201 0.0467 0.0187 0.0083 0.4637 -0.1066 -0.008114 -0.367549 12.22 
10.4556 2 1 1 0x0 1.1457 1.1619 1.15 1.16 0.0234 0.0616 0.0099 0.0107 0.4641 -0.1066 -0.008114 -0.366336 12.22 
10.4656 2 1 1 0x0 1.1546 1.1600 1.15 1.16 0.0234 0.0633 0.0199 0.0063 0.4645 -0.1066 -0.002705 -0.364892 12.22 
10.4756 2 1 1 0x0 1.1580 1.1634 1.16 1.16 0.0220 0.0480 0.0120 0.0089 0.4649 -0.1066 -0.002705 -0.363469 12.22 
10.4856 2 1 1 0x0 1.1571 1.1571 1.16 1.16 0.0334 0.0584 0.0066 0.0043 0.4655 -0.1066 -0.000000 -0.362004 12.22 
10.4956 2 1 1 0x0 1.1613 1.1613 1.16 1.16 0.0385 0.0656 0.0053 0.0078 0.4659 -0.1066 -0.000000 -0.361151 12.23 
10.5056 2 1 1 0x0 1.1615 1.1561 1.16 1.16 0.0516 0.0703 0.0061 0.0044 0.4665 -0.1066 0.002705 -0.360269 12.22 
10.5156 2 1 1 0x0 1.1665 1.1611 1.17 1.16 0.0489 0.0638 0.0080 0.0083 0.4670 -0.1066 0.002705 -0.359228 12.23 
10.5256 2 1 1 0x0 1.1576 1.1522 1.16 1.15 0.0566 0.0514 0.0037 0.0055 0.4678 -0.1066 0.002705 -0.358114 12.22 
10.5356 2 1 1 0x0 1.1635 1.1581 1.16 1.16 0.0663 0.0720 0.0071 0.0088 0.4682 -0.1066 0.002705 -0.357053 12.22 
10.5456 2 1 1 0x0 1.1553 1.1499 1.16 1.15 0.0802 0.0641 0.0047 0.0061 0.4690 -0.1066 0.002705 -0.356099 12.22 
10.5556 2 1 1 0x0 1.1615 1.1561 1.16 1.16 0.0595 0.0501 0.0088 0.0089 0.4694 -0.1066 0.002705 -0.354808 12.22 
10.5656 2 1 1 0x0 1.1534 1.1480 1.15 1.15 0.0524 0.0515 0.0059 0.0045 0.4702 -0.1066 0.002705 -0.353238 12.22 
10.5756 2 1 1 0x0 1.1597 1.1543 1.16 1.15 0.0661 0.0567 0.0089 0.0070 0.4706 -0.1066 0.002705 -0.351152 12.21 
10.5856 2 1 1 0x0 1.1556 1.1556 1.16 1.16 0.0564 0.0469 0.0044 0.0091 0.4712 -0.1066 -0.000000 -0.348568 12.22 
10.5957 2 1 1 0x0 1.1613 1.1613 1.16 1.16 0.0496 0.0596 0.0067 0.0114 0.4716 -0.1066 -0.000000 -0.345888 12.22 
10.6057 2 1 1 0x0 1.1624 1.1570 1.16 1.16 0.0575 0.0583 0.0091 0.0060 0.4722 -0.1066 0.002705 -0.342812 12.22 
10.6157 2 1 1 0x0 1.1674 1.1620 1.17 1.16 0.0462 0.0444 0.0112 0.0080 0.4726 -0.1066 0.002705 -0.339648 12.21 
10.6257 2 1 1 0x0 1.1624 1.1624 1.16 1.16 0.0479 0.0572 0.0051 0.0099 0.4732 -0.1066 -0.000000 -0.336456 12.22 
10.6357 2 1 1 0x0 1.1670 1.1670 1.17 1.17 0.0572 0.0424 0.0073 0.0115 0.4736 -0.1066 -0.000000 -0.333115 12.22 
10.6457 2 1 1 0x0 1.1668 1.1614 1.17 1.16 0.0482 0.0514 0.0096 0.0053 0.4743 -0.1066 0.002705 -0.330111 12.22 
10.6557 2 1 1 0x0 1.1612 1.1612 1.16 1.16 0.0525 0.0557 0.0046 0.0077 0.4749 -0.1066 -0.000000 -0.327765 12.22 
10.6657 2 1 1 0x0 1.1609 1.1555 1.16 1.16 0.0656 0.0691 0.0077 0.0037 0.4755 -0.1066 0.002705 -0.325752 12.22 
10.6757 2 1 1 0x0 1.1552 1.1552 1.16 1.16 0.0675 0.0600 0.0037 0.0074 0.4761 -0.1066 -0.000000 -0.324192 12.22 
10.6857 2 1 1 0x0 1.1551 1.1497 1.16 1.15 0.0653 0.0616 0.0076 0.0051 0.4767 -0.1066 0.002705 -0.323162 12.22 
10.6957 2 1 1 0x0 1.1452 1.1398 1.15 1.14 0.0528 0.0720 0.0047 0.0041 0.4775 -0.1066 0.002705 -0.322191 12.23 
10.7057 2 1 1 0x0 1.1499 1.1445 1.15 1.14 0.0725 0.0750 0.0080 0.0086 0.4779 -0.1066 0.002705 -0.321497 12.22 
10.7157 2 1 1 0x0 1.1402 1.1348 1.14 1.13 0.0716 0.0795 0.0058 0.0069 0.4787 -0.1066 0.002705 -0.320230 12.22 
10.7257 2 1 1 0x0 1.1403 1.1294 1.14 1.13 0.0540 0.0692 0.0093 0.0051 0.4793 -0.1066 0.005409 -0.318807 12.22 
10.7357 2 1 1 0x0 1.1301 1.1193 1.13 1.12 0.0548 0.0781 0.0061 0.0028 0.4801 -0.1066 0.005409 -0.317121 12.22 
10.7457 2 1 1 0x0 1.1343 1.1235 1.13 1.12 0.0638 0.0536 0.0092 0.0064 0.4805 -0.1066 0.005409 -0.315569 12.22 
10.7557 2 1 1 0x0 1.1280 1.1226 1.13 1.12 0.0600 0.0650 0.0044 0.0095 0.4812 -0.1066 0.002705 -0.313035 12.22 
10.7657 2 1 1 0x0 1.1267 1.1159 1.13 1.12 0.0502 0.0558 0.0070 0.0051 0.4818 -0.1066 0.005409 -0.309876 12.21 
10.7757 2 1 1 0x0 1.1293 1.1185 1.13 1.12 0.0565 0.0409 0.0093 0.0065 0.4822 -0.1066 0.005409 -0.305992 12.22 
10.7857 2 1 1 0x0 1.1313 1.1205 1.13 1.12 0.0445 0.0434 0.0112 0.0069 0.4826 -0.1066 0.005409 -0.301055 12.22 
10.7957 2 1 1 0x0 1.1228 1.1174 1.12 1.12 0.0460 0.0415 0.0045 0.0073 0.4832 -0.1066 0.002705 -0.296363 12.21 
10.8057 2 1 1 0x0 1.1240 1.1186 1.12 1.12 0.0651 0.0471 0.0070 0.0081 0.4836 -0.1066 0.002705 -0.291950 12.22 
10.8157 2 1 1 0x0 1.1149 1.1149 1.11 1.11 0.0697 0.0432 0.0037 0.0091 0.4842 -0.1066 -0.000000 -0.288064 12.22 
10.8257 2 1 1 0x0 1.1113 1.1058 1.11 1.11 0.0573 0.0579 0.0073 0.0041 0.4848 -0.1066 0.002705 -0.284378 12.22 
10.8357 2 1 1 0x0 1.1025 1.1025 1.10 1.10 0.0731 0.0663 0.0057 0.0075 0.4854 -0.1066 -0.000000 -0.281468 12.22 
10.8458 2 1 1 0x0 1.0895 1.0895 1.09 1.09 0.0762 0.0811 0.0058 0.0041 0.4862 -0.1066 -0.000000 -0.279274 12.23 
10.8558 2 1 1 0x0 1.0768 1.0768 1.08 1.08 0.0667 0.0798 0.0054 0.0035 0.4870 -0.1066 -0.000000 -0.277334 12.23 
10.8658 2 1 1 0x0 1.0686 1.0740 1.07 1.07 0.0628 0.0607 0.0039 0.0077 0.4876 -0.1066 -0.002705 -0.274925 12.22 
10.8758 2 1 1 0x0 1.0658 1.0658 1.07 1.07 0.0773 0.0629 0.0080 0.0056 0.4883 -0.1066 -0.000000 -0.272007 12.22 
10.8858 2 1 1 0x0 1.0574 1.0628 1.06 1.06 0.0681 0.0734 0.0067 0.0096 0.4889 -0.1066 -0.002705 -0.269037 12.23 
10.8958 2 1 1 0x0 1.0442 1.0496 1.04 1.05 0.0674 0.0738 0.0032 0.0066 0.4897 -0.1066 -0.002705 -0.265800 12.22 
10.9058 2 1 1 0x0 1.0406 1.0406 1.04 1.04 0.0492 0.0747 0.0061 0.0050 0.4903 -0.1066 -0.000000 -0.262366 12.23 
10.9158 2 1 1 0x0 1.0411 1.0411 1.04 1.04 0.0630 0.0555 0.0088 0.0086 0.4907 -0.1066 -0.000000 -0.258620 12.23 
10.9258 2 1 1 0x0 1.0266 1.0266 1.03 1.03 0.0632 0.0515 0.0040 0.0048 0.4915 -0.1066 -0.000000 -0.254966 12.23 
10.9358 2 1 1 0x0 1.0263 1.0263 1.03 1.03 0.0464 0.0563 0.0064 0.0072 0.4919 -0.1066 -0.000000 -0.251507 12.23 
10.9458 2 1 1 0x0 1.0209 1.0155 1.02 1.02 0.0611 0.0727 0.0087 0.0036 0.4925 -0.1066 0.002705 -0.247791 12.23 
10.9558 2 1 1 0x0 1.0198 1.0144 1.02 1.01 0.0472 0.0649 0.0111 0.0077 0.4929 -0.1066 0.002705 -0.243904 12.22 
10.9658 2 1 1 0x0 1.0140 1.0032 1.01 1.00 0.0423 0.0602 0.0132 0.0061 0.4935 -0.1066 0.005409 -0.239474 12.23 
10.9758 2 1 1 0x0 0.9979 0.9871 1.00 0.99 0.0509 0.0591 0.0058 0.0036 0.4943 -0.1066 0.005409 -0.234739 12.22 
10.9858 2 1 1 0x0 0.9961 0.9853 1.00 0.99 0.0482 0.0735 0.0076 0.0074 0.4947 -0.1066 0.005409 -0.230347 12.22 
10.9958 2 1 1 0x0 0.9894 0.9732 0.99 0.97 0.0553 0.0714 0.0097 0.0050 0.4954 -0.1066 0.008114 -0.226960 12.23 
11.0058 2 1 1 0x0 0.9770 0.9662 0.98 0.97 0.0625 0.0609 0.0036 0.0088 0.4960 -0.1066 0.005409 -0.224123 12.23 
11.0158 2 1 1 0x0 0.9699 0.9536 0.97 0.95 0.0518 0.0542 0.0065 0.0057 0.4966 -0.1066 0.008114 -0.221577 12.23 
11.0258 2 1 1 0x0 0.9670 0.9507 0.97 0.95 0.0547 0.0631 0.0089 0.0087 0.4970 -0.1066 0.008114 -0.219225 12.22 
11.0358 2 1 1 0x0 0.9591 0.9374 0.96 0.94 0.0382 0.0702 0.0098 0.0054 0.4976 -0.1066 0.010818 -0.217550 12.23 
11.0458 2 1 1 0x0 0.9552 0.9336 0.96 0.93 0.0474 0.0522 0.0102 0.0086 0.4980 -0.1066 0.010818 -0.216404 12.23 
11.0558 2 1 1 0x0 0.9465 0.9195 0.95 0.92 0.0382 0.0590 0.0107 0.0051 0.4986 -0.1066 0.013523 -0.215459 12.23 
11.0658 2 1 1 0x0 0.9420 0.9149 0.94 0.91 0.0358 0.0710 0.0097 0.0088 0.4990 -0.1066 0.013523 -0.214905 12.23 
11.0758 2 1 1 0x0 0.9421 0.9043 0.94 0.90 0.0290 0.0545 0.0197 0.0043 0.4994 -0.1065 0.018932 -0.214543 12.23 
11.0858 2 1 1 0x0 0.9366 0.8987 0.94 0.90 0.0277 0.0475 0.0167 0.0063 0.4998 -0.1065 0.018932 -0.214254 12.23 
11.0959 2 1 1 0x0 0.9304 0.8926 0.93 0.89 0.0344 0.0494 0.0135 0.0079 0.5002 -0.1065 0.018932 -0.214627 12.22 
11.1059 2 1 1 0x0 0.9234 0.8855 0.92 0.89 0.0246 0.0356 0.0093 0.0081 0.5006 -0.1065 0.018932 -0.215247 12.23 
11.1159 2 1 1 0x0 0.9258 0.8826 0.93 0.88 0.0246 0.0381 0.0193 0.0071 0.5008 -0.1065 0.021636 -0.215907 12.23 
11.1259 2 1 1 0x0 0.9220 0.8842 0.92 0.88 0.0217 0.0381 0.0117 0.0171 0.5010 -0.1065 0.018932 -0.216380 12.23 
11.1359 2 1 1 0x0 0.9232 0.8799 0.92 0.88 0.0217 0.0278 0.0217 0.0145 0.5012 -0.1065 0.021636 -0.216540 12.23 
11.1459 2 1 1 0x0 0.9277 0.8844 0.93 0.88 0.0182 0.0235 0.0317 0.0245 0.5012 -0.1065 0.021636 -0.216338 12.23 
11.1559 2 1 1 0x0 0.9271 0.8784 0.93 0.88 0.0125 0.0233 0.0417 0.0185 0.5014 -0.1065 0.024341 -0.215633 12.22 
11.1659 2 1 1 0x0 0.9207 0.8775 0.92 0.88 0.0122 0.0204 0.0257 0.0285 0.5016 -0.1065 0.021636 -0.214446 12.22 
11.1759 2 1 1 0x0 0.9135 0.8757 0.91 0.88 0.0247 0.0136 0.0108 0.0385 0.5018 -0.1065 0.018932 -0.213548 12.23 
11.1859 2 1 1 0x0 0.9159 0.8780 0.92 0.88 0.0247 0.0102 0.0208 0.0485 0.5018 -0.1065 0.018932 -0.213438 12.23 
11.1959 2 1 1 0x0 0.9174 0.8795 0.92 0.88 0.0179 0.0081 0.0308 0.0585 0.5018 -0.1065 0.018932 -0.213451 12.23 
11.2059 2 1 1 0x0 0.9043 0.8664 0.90 0.87 0.0132 0.0073 0.0173 0.0320 0.5022 -0.1065 0.018932 -0.213771 12.23 
11.2159 2 1 1 0x0 0.9058 0.8679 0.91 0.87 0.0132 0.0073 0.0273 0.0420 0.5022 -0.1065 0.018932 -0.214310 12.22 
11.2259 2 1 1 0x0 0.8970 0.8645 0.90 0.86 0.0231 0.0073 0.0132 0.0520 0.5024 -0.1065 0.016227 -0.215101 12.23 
11.2359 2 1 1 0x0 0.8939 0.8561 0.89 0.86 0.0231 0.0164 0.0232 0.0218 0.5027 -0.1065 0.018932 -0.215785 12.22 
11.2459 2 1 1 0x0 0.8851 0.8526 0.89 0.85 0.0194 0.0164 0.0140 0.0318 0.5029 -0.1065 0.016227 -0.217032 12.22 
11.2559 2 1 1 0x0 0.8859 0.8534 0.89 0.85 0.0194 0.0138 0.0240 0.0418 0.5029 -0.1065 0.016227 -0.218587 12.23 
11.2659 2 1 1 0x0 0.8822 0.8443 0.88 0.84 0.0172 0.0134 0.0340 0.0243 0.5031 -0.1065 0.018932 -0.220611 12.23 
11.2759 2 1 1 0x0 0.8728 0.8403 0.87 0.84 0.0141 0.0134 0.0191 0.0343 0.5033 -0.1065 0.016227 -0.222826 12.22 
11.2859 2 1 1 0x0 0.8731 0.8407 0.87 0.84 0.0141 0.0134 0.0291 0.0443 0.5033 -0.1065 0.016227 -0.224906 12.23 
11.2959 2 1 1 0x0 0.8729 0.8404 0.87 0.84 0.0141 0.0104 0.0391 0.0543 0.5033 -0.1065 0.016227 -0.226496 12.23 
11.3059 2 1 1 0x0 0.8722 0.8397 0.87 0.84 0.0117 0.0083 0.0491 0.0643 0.5033 -0.1065 0.016227 -0.227305 12.23 
11.3159 2 1 1 0x0 0.8615 0.8344 0.86 0.83 0.0101 0.0069 0.0246 0.0743 0.5035 -0.1065 0.013523 -0.227268 12.23 
11.3259 2 1 1 0x0 0.8607 0.8337 0.86 0.83 0.0101 0.0059 0.0346 0.0843 0.5035 -0.1065 0.013523 -0.226205 12.23 
11.3360 2 1 1 0x0 0.8596 0.8325 0.86 0.83 0.0101 0.0051 0.0446 0.0943 0.5035 -0.1065 0.013523 -0.224184 12.23 
11.3460 2 1 1 0x0 0.8581 0.8311 0.86 0.83 0.0101 0.0045 0.0546 0.1000 0.5035 -0.1065 0.013523 -0.221431 12.23 
11.3560 2 1 1 0x0 0.8564 0.8294 0.86 0.83 0.0091 0.0041 0.0646 0.1000 0.5035 -0.1065 0.013523 -0.218093 12.23 
11.3660 2 1 1 0x0 0.8545 0.8275 0.85 0.83 0.0074 0.0037 0.0746 0.1000 0.5035 -0.1065 0.013523 -0.214469 12.22 
11.3760 2 1 1 0x0 0.8524 0.8254 0.85 0.83 0.0063 0.0034 0.0846 0.1000 0.5035 -0.1065 0.013523 -0.210919 12.23 
11.3860 2 1 1 0x0 0.8502 0.8232 0.85 0.82 0.0054 0.0031 0.0946 0.1000 0.5035 -0.1065 0.013523 -0.207770 12.23 
11.3960 2 1 1 0x0 0.8385 0.8169 0.84 0.82 0.0054 0.0029 0.0468 0.1000 0.5037 -0.1065 0.010818 -0.205241 12.23 
11.4060 2 1 1 0x0 0.8367 0.8150 0.84 0.82 0.0054 0.0027 0.0568 0.1000 0.5037 -0.1065 0.010818 -0.203315 12.23 
11.4160 2 1 1 0x0 0.8346 0.8129 0.83 0.81 0.0054 0.0025 0.0668 0.1000 0.5037 -0.1065 0.010818 -0.201601 12.23 
11.4260 2 1 1 0x0 0.8323 0.8107 0.83 0.81 0.0054 0.0024 0.0768 0.1000 0.5037 -0.1065 0.010818 -0.200010 12.23 
11.4360 2 1 1 0x0 0.8300 0.8083 0.83 0.81 0.0054 0.0023 0.0868 0.1000 0.5037 -0.1065 0.010818 -0.198531 12.23 
11.4460 2 1 1 0x0 0.8275 0.8059 0.83 0.81 0.0054 0.0021 0.0968 0.1000 0.5037 -0.1065 0.010818 -0.196878 12.23 
11.4560 2 1 1 0x0 0.8250 0.8033 0.82 0.80 0.0054 0.0020 0.1000 0.1000 0.5037 -0.1065 0.010818 -0.194831 12.23 
11.4660 2 1 1 0x0 0.8223 0.8007 0.82 0.80 0.0051 0.0000 0.1000 0.1000 0.5037 -0.1065 0.010818 -0.192295 12.23 
11.4760 2 1 1 0x0 0.8197 0.7980 0.82 0.80 0.0046 0.0000 0.1000 0.1000 0.5037 -0.1065 0.010818 -0.189299 12.23 
11.4860 2 1 1 0x0 0.8169 0.7953 0.82 0.80 0.0041 0.0000 0.1000 0.1000 0.5037 -0.1065 0.010818 -0.186001 12.22 
11.4960 2 1 1 0x0 0.8142 0.7925 0.81 0.79 0.0037 0.0000 0.1000 0.1000 0.5037 -0.1065 0.010818 -0.182665 12.22 
11.5060 2 1 1 0x0 0.8114 0.7897 0.81 0.79 0.0034 0.0000 0.1000 0.1000 0.5037 -0.1065 0.010818 -0.179131 12.23 
11.5160 2 1 1 0x0 0.8085 0.7869 0.81 0.79 0.0031 0.0000 0.1000 0.1000 0.5037 -0.1065 0.010818 -0.175416 12.23 
11.5260 2 1 1 0x0 0.8057 0.7840 0.81 0.78 0.0029 0.0000 0.1000 0.1000 0.5037 -0.1065 0.010818 -0.171499 12.23 
11.5360 2 1 1 0x0 0.8028 0.7812 0.80 0.78 0.0027 0.0000 0.1000 0.1000 0.5037 -0.1065 0.010818 -0.167524 12.23 
11.5460 2 1 1 0x0 0.7999 0.7783 0.80 0.78 0.0026 0.0000 0.1000 0.1000 0.5037 -0.1065 0.010818 -0.163635 12.22 
11.5560 2 1 1 0x0 0.7970 0.7754 0.80 0.78 0.0024 0.0000 0.1000 0.1000 0.5037 -0.1065 0.010818 -0.159944 12.23 
11.5660 2 1 1 0x0 0.7941 0.7725 0.79 0.77 0.0023 0.0000 0.1000 0.1000 0.5037 -0.1065 0.010818 -0.156922 12.23 
11.5760 2 1 1 0x0 0.7815 0.7653 0.78 0.77 0.0022 0.0000 0.0964 0.1000 0.5039 -0.1065 0.008114 -0.154433 12.23 
11.5861 2 1 1 0x0 0.7792 0.7630 0.78 0.76 0.0022 0.0000 0.1000 0.1000 0.5039 -0.1065 0.008114 -0.152384 12.23 
11.5961 2 1 1 0x0 0.7768 0.7606 0.78 0.76 0.0022 0.0000 0.1000 0.1000 0.5039 -0.1065 0.008114 -0.150655 12.23 
11.6061 2 1 1 0x0 0.7743 0.7581 0.77 0.76 0.0022 0.0000 0.1000 0.1000 0.5039 -0.1065 0.008114 -0.148977 12.23 
11.6161 2 1 1 0x0 0.7717 0.7554 0.77 0.76 0.0022 0.0000 0.1000 0.1000 0.5039 -0.1065 0.008114 -0.147154 12.22 
11.6261 2 1 1 0x0 0.7690 0.7528 0.77 0.75 0.0022 0.0000 0.1000 0.1000 0.5039 -0.1065 0.008114 -0.144913 12.22 
11.6361 2 1 1 0x0 0.7662 0.7500 0.77 0.75 0.0022 0.0000 0.1000 0.1000 0.5039 -0.1065 0.008114 -0.142223 12.23 
11.6461 2 1 1 0x0 0.7634 0.7472 0.76 0.75 0.0022 0.0000 0.1000 0.1000 0.5039 -0.1065 0.008114 -0.139338 12.23 
11.6561 2 1 1 0x0 0.7606 0.7444 0.76 0.74 0.0022 0.0000 0.1000 0.1000 0.5039 -0.1065 0.008114 -0.136223 12.22 
11.6661 2 1 1 0x0 0.7577 0.7415 0.76 0.74 0.0022 0.0000 0.1000 0.1000 0.5039 -0.1065 0.008114 -0.133140 12.23 
11.6761 2 1 1 0x0 0.7548 0.7386 0.75 0.74 0.0022 0.0000 0.1000 0.1000 0.5039 -0.1065 0.008114 -0.130299 12.23 
11.6861 2 1 1 0x0 0.7519 0.7357 0.75 0.74 0.0022 0.0000 0.1000 0.1000 0.5039 -0.1065 0.008114 -0.127585 12.22 
11.6961 2 1 1 0x0 0.7490 0.7327 0.75 0.73 0.0022 0.0000 0.1000 0.1000 0.5039 -0.1065 0.008114 -0.124764 12.23 
11.7061 2 1 1 0x0 0.7460 0.7298 0.75 0.73 0.0022 0.0000 0.1000 0.1000 0.5039 -0.1065 0.008114 -0.122329 12.23 
11.7161 2 1 1 0x0 0.7335 0.7227 0.73 0.72 0.0030 0.0000 0.0752 0.1000 0.5041 -0.1065 0.005409 -0.120033 12.23 
11.7261 2 1 1 0x0 0.7311 0.7203 0.73 0.72 0.0030 0.0000 0.0852 0.1000 0.5041 -0.1065 0.005409 -0.117939 12.23 
11.7361 2 1 1 0x0 0.7286 0.7178 0.73 0.72 0.0030 0.0000 0.0952 0.1000 0.5041 -0.1065 0.005409 -0.115876 12.23 
11.7461 2 1 1 0x0 0.7260 0.7151 0.73 0.72 0.0030 0.0000 0.1000 0.1000 0.5041 -0.1065 0.005409 -0.114148 12.22 
11.7561 2 1 1 0x0 0.7232 0.7124 0.72 0.71 0.0030 0.0000 0.1000 0.1000 0.5041 -0.1065 0.005409 -0.112517 12.23 
11.7661 2 1 1 0x0 0.7205 0.7096 0.72 0.71 0.0030 0.0000 0.1000 0.1000 0.5041 -0.1065 0.005409 -0.110766 12.23 
11.7761 2 1 1 0x0 0.7176 0.7068 0.72 0.71 0.0030 0.0000 0.1000 0.1000 0.5041 -0.1065 0.005409 -0.109191 12.23 
11.7861 2 1 1 0x0 0.7147 0.7039 0.71 0.70 0.0030 0.0000 0.1000 0.1000 0.5041 -0.1065 0.005409 -0.107720 12.22 
11.7961 2 1 1 0x0 0.7118 0.7010 0.71 0.70 0.0030 0.0000 0.1000 0.1000 0.5041 -0.1065 0.005409 -0.106351 12.23 
11.8061 2 1 1 0x0 0.7088 0.6980 0.71 0.70 0.0030 0.0000 0.1000 0.1000 0.5041 -0.1065 0.005409 -0.104493 12.23 
11.8161 2 1 1 0x0 0.7059 0.6950 0.71 0.70 0.0030 0.0000 0.1000 0.1000 0.5041 -0.1065 0.005409 -0.102064 12.23 
11.8261 2 1 1 0x0 0.7029 0.6920 0.70 0.69 0.0030 0.0000 0.1000 0.1000 0.5041 -0.1065 0.005409 -0.099036 12.23 
11.8362 2 1 1 0x0 0.6998 0.6890 0.70 0.69 0.0030 0.0000 0.1000 0.1000 0.5041 -0.1065 0.005409 -0.095706 12.23 
11.8462 2 1 1 0x0 0.6968 0.6860 0.70 0.69 0.0030 0.0000 0.1000 0.1000 0.5041 -0.1065 0.005409 -0.092216 12.23 
11.8562 2 1 1 0x0 0.6938 0.6829 0.69 0.68 0.0028 0.0000 0.1000 0.1000 0.5041 -0.1065 0.005409 -0.088894 12.23 
11.8662 2 1 1 0x0 0.6907 0.6799 0.69 0.68 0.0026 0.0000 0.1000 0.1000 0.5041 -0.1065 0.005409 -0.085871 12.23 
11.8762 2 1 1 0x0 0.6876 0.6768 0.69 0.68 0.0024 0.0000 0.1000 0.1000 0.5041 -0.1065 0.005409 -0.083286 12.23 
11.8862 2 1 1 0x0 0.6846 0.6737 0.68 0.67 0.0023 0.0000 0.1000 0.1000 0.5041 -0.1065 0.005409 -0.080791 12.24 
11.8962 2 1 1 0x0 0.6815 0.6707 0.68 0.67 0.0022 0.0000 0.1000 0.1000 0.5041 -0.1065 0.005409 -0.078313 12.23 
11.9062 2 1 1 0x0 0.6784 0.6676 0.68 0.67 0.0021 0.0000 0.1000 0.1000 0.5041 -0.1065 0.005409 -0.076021 12.23 
11.9162 2 1 1 0x0 0.6753 0.6645 0.68 0.66 0.0000 0.0000 0.1000 0.1000 0.5041 -0.1065 0.005409 -0.073702 12.23 
11.9262 2 1 1 0x0 0.6722 0.6614 0.67 0.66 0.0000 0.0000 0.1000 0.1000 0.5041 -0.1065 0.005409 -0.071419 12.23 
11.9362 2 1 1 0x0 0.6691 0.6583 0.67 0.66 0.0000 0.0000 0.1000 0.1000 0.5041 -0.1065 0.005409 -0.069214 12.23 
11.9462 2 1 1 0x0 0.6660 0.6552 0.67 0.66 0.0000 0.0000 0.1000 0.1000 0.5041 -0.1065 0.005409 -0.067068 12.23 
11.9562 2 1 1 0x0 0.6629 0.6521 0.66 0.65 0.0000 0.0000 0.1000 0.1000 0.5041 -0.1065 0.005409 -0.065170 12.23 
11.9662 2 1 1 0x0 0.6598 0.6490 0.66 0.65 0.0000 0.0000 0.1000 0.1000 0.5041 -0.1065 0.005409 -0.063440 12.22 
11.9762 2 1 1 0x0 0.6567 0.6459 0.66 0.65 0.0000 0.0000 0.1000 0.1000 0.5041 -0.1065 0.005409 -0.061938 12.23 
11.9862 2 1 1 0x0 0.6536 0.6428 0.65 0.64 0.0000 0.0000 0.1000 0.1000 0.5041 -0.1065 0.005409 -0.060606 12.23 
11.9962 2 1 1 0x0 0.6505 0.6397 0.65 0.64 0.0000 0.0000 0.1000 0.1000 0.5041 -0.1065 0.005409 -0.059475 12.23 
12.0062 2 1 1 0x0 0.6474 0.6366 0.65 0.64 0.0000 0.0000 0.1000 0.1000 0.5041 -0.1065 0.005409 -0.058528 12.23 
12.0162 2 1 1 0x0 0.6443 0.6335 0.64 0.63 0.0000 0.0000 0.1000 0.1000 0.5041 -0.1065 0.005409 -0.057765 12.23 
12.0262 2 1 1 0x0 0.6412 0.6304 0.64 0.63 0.0000 0.0000 0.1000 0.1000 0.5041 -0.1065 0.005409 -0.057174 12.23 
12.0362 2 1 1 0x0 0.6381 0.6273 0.64 0.63 0.0000 0.0000 0.1000 0.1000 0.5041 -0.1065 0.005409 -0.056742 12.23 
12.0462 2 1 1 0x0 0.6350 0.6242 0.63 0.62 0.0000 0.0000 0.1000 0.1000 0.5041 -0.1065 0.005409 -0.056475 12.23 
12.0562 2 1 1 0x0 0.6319 0.6211 0.63 0.62 0.0000 0.0000 0.1000 0.1000 0.5041 -0.1065 0.005409 -0.056371 12.23 
12.0662 2 1 1 0x0 0.6288 0.6180 0.63 0.62 0.0000 0.0000 0.1000 0.1000 0.5041 -0.1065 0.005409 -0.056438 12.23 
12.0763 2 1 1 0x0 0.6257 0.6149 0.63 0.61 0.0000 0.0000 0.1000 0.1000 0.5041 -0.1065 0.005409 -0.056683 12.23 
12.0863 2 1 1 0x0 0.6226 0.6118 0.62 0.61 0.0000 0.0000 0.1000 0.1000 0.5041 -0.1065 0.005409 -0.057049 12.23 
12.0963 2 1 1 0x0 0.6195 0.6087 0.62 0.61 0.0000 0.0000 0.1000 0.1000 0.5041 -0.1065 0.005409 -0.057626 12.23 
12.1063 2 1 1 0x0 0.6164 0.6056 0.62 0.61 0.0000 0.0000 0.1000 0.1000 0.5041 -0.1065 0.005409 -0.058336 12.23 
12.1163 2 1 1 0x0 0.6133 0.6024 0.61 0.60 0.0000 0.0000 0.1000 0.1000 0.5041 -0.1065 0.005409 -0.059227 12.23 
12.1263 2 1 1 0x0 0.6102 0.5993 0.61 0.60 0.0000 0.0000 0.1000 0.1000 0.5041 -0.1065 0.005409 -0.060259 12.23 
12.1363 2 1 1 0x0 0.6071 0.5962 0.61 0.60 0.0000 0.0000 0.1000 0.1000 0.5041 -0.1065 0.005409 -0.061480 12.23 
12.1463 2 1 1 0x0 0.6040 0.5931 0.60 0.59 0.0000 0.0000 0.1000 0.1000 0.5041 -0.1065 0.005409 -0.062886 12.23 
12.1563 2 1 1 0x0 0.6009 0.5900 0.60 0.59 0.0000 0.0000 0.1000 0.1000 0.5041 -0.1065 0.005409 -0.064469 12.23 
12.1663 2 1 1 0x0 0.5977 0.5869 0.60 0.59 0.0000 0.0000 0.1000 0.1000 0.5041 -0.1065 0.005409 -0.066244 12.23 
12.1763 2 1 1 0x0 0.5946 0.5838 0.59 0.58 0.0000 0.0000 0.1000 0.1000 0.5041 -0.1065 0.005409 -0.068229 12.23 
12.1863 2 1 1 0x0 0.5915 0.5807 0.59 0.58 0.0000 0.0000 0.1000 0.1000 0.5041 -0.1065 0.005409 -0.070403 12.23 
12.1963 2 1 1 0x0 0.5884 0.5776 0.59 0.58 0.0000 0.0000 0.1000 0.1000 0.5041 -0.1065 0.005409 -0.072792 12.22 
12.2063 2 1 1 0x0 0.5853 0.5745 0.59 0.57 0.0000 0.0000 0.1000 0.1000 0.5041 -0.1065 0.005409 -0.075387 12.23 
12.2163 2 1 1 0x0 0.5822 0.5714 0.58 0.57 0.0000 0.0000 0.1000 0.1000 0.5041 -0.1065 0.005409 -0.078208 12.22 
12.2263 2 1 1 0x0 0.5791 0.5683 0.58 0.57 0.0000 0.0000 0.1000 0.1000 0.5041 -0.1065 0.005409 -0.081252 12.23 
12.2363 2 1 1 0x0 0.5760 0.5652 0.58 0.57 0.0000 0.0000 0.1000 0.1000 0.5041 -0.1065 0.005409 -0.084562 12.23 
12.2463 2 1 1 0x0 0.5729 0.5621 0.57 0.56 0.0000 0.0000 0.1000 0.1000 0.5041 -0.1065 0.005409 -0.088121 12.23 
12.2563 2 1 1 0x0 0.5698 0.5590 0.57 0.56 0.0000 0.0000 0.1000 0.1000 0.5041 -0.1065 0.005409 -0.092002 12.23 
12.2663 2 1 1 0x0 0.5667 0.5559 0.57 0.56 0.0000 0.0000 0.1000 0.1000 0.5041 -0.1065 0.005409 -0.096157 12.23 
12.2763 2 1 1 0x0 0.5636 0.5528 0.56 0.55 0.0000 0.0000 0.1000 0.1000 0.5041 -0.1065 0.005409 -0.100631 12.23 
12.2863 2 1 1 0x0 0.5605 0.5497 0.56 0.55 0.0000 0.0000 0.1000 0.1000 0.5041 -0.1065 0.005409 -0.105430 12.22 
12.2963 2 1 1 0x0 0.5574 0.5466 0.56 0.55 0.0000 0.0000 0.1000 0.1000 0.5041 -0.1065 0.005409 -0.110598 12.23 
12.3063 2 1 1 0x0 0.5543 0.5435 0.55 0.54 0.0000 0.0000 0.1000 0.1000 0.5041 -0.1065 0.005409 -0.116098 12.23 
12.3163 2 1 1 0x0 0.5512 0.5404 0.55 0.54 0.0000 0.0000 0.1000 0.1000 0.5041 -0.1065 0.005409 -0.121997 12.23 
12.3264 2 1 1 0x0 0.5481 0.5373 0.55 0.54 0.0000 0.0000 0.1000 0.1000 0.5041 -0.1065 0.005409 -0.128295 12.22 
12.3364 2 1 1 0x0 0.5450 0.5342 0.54 0.53 0.0000 0.0000 0.1000 0.1000 0.5041 -0.1065 0.005409 -0.135014 12.23 
12.3464 2 1 1 0x0 0.5419 0.5311 0.54 0.53 0.0000 0.0000 0.1000 0.1000 0.5041 -0.1065 0.005409 -0.142213 12.23 
12.3564 2 1 1 0x0 0.5388 0.5279 0.54 0.53 0.0000 0.0000 0.1000 0.1000 0.5041 -0.1065 0.005409 -0.149939 12.23 
12.3664 2 1 1 0x0 0.5357 0.5248 0.54 0.52 0.0000 0.0000 0.1000 0.1000 0.5041 -0.1065 0.005409 -0.158261 12.23 
12.3764 2 1 1 0x0 0.5326 0.5217 0.53 0.52 0.0000 0.0000 0.1000 0.1000 0.5041 -0.1065 0.005409 -0.167309 12.23 
12.3864 2 1 1 0x0 0.5295 0.5186 0.53 0.52 0.0000 0.0000 0.1000 0.1000 0.5041 -0.1065 0.005409 -0.177182 12.23 
12.3964 2 1 1 0x0 0.5263 0.5155 0.53 0.52 0.0000 0.0000 0.1000 0.1000 0.5041 -0.1065 0.005409 -0.188000 12.23 
12.4064 2 1 1 0x0 0.5232 0.5124 0.52 0.51 0.0000 0.0000 0.1000 0.1000 0.5041 -0.1065 0.005409 -0.199883 12.23 
12.4164 2 1 1 0x0 0.5201 0.5093 0.52 0.51 0.0000 0.0000 0.1000 0.1000 0.5041 -0.1065 0.005409 -0.212955 12.23 
12.4264 2 1 1 0x0 0.5170 0.5062 0.52 0.51 0.0000 0.0000 0.1000 0.1000 0.5041 -0.1065 0.005409 -0.227386 12.23 
12.4364 2 1 1 0x0 0.5139 0.5031 0.51 0.50 0.0000 0.0000 0.1000 0.1000 0.5041 -0.1065 0.005409 -0.243014 12.23 
12.4464 2 1 1 0x0 0.5108 0.5000 0.51 0.50 0.0000 0.0000 0.1000 0.1000 0.5041 -0.1065 0.005409 -0.258939 12.23 
12.4564 2 1 1 0x0 0.4939 0.4831 0.49 0.48 0.0005 0.0003 0.1000 0.1000 0.5045 -0.1065 0.005409 -0.276286 12.22 
12.4664 2 1 1 0x0 0.4878 0.4716 0.49 0.47 0.0005 0.0267 0.1000 0.0120 0.5047 -0.1065 0.008114 -0.294803 12.23 
12.4764 2 1 1 0x0 0.4819 0.4603 0.48 0.46 0.0005 0.0345 0.1000 0.0086 0.5049 -0.1065 0.010818 -0.314828 12.23 
12.4864 2 1 1 0x0 0.4664 0.4447 0.47 0.44 0.0138 0.0326 0.0163 0.0065 0.5053 -0.1065 0.010818 -0.336540 12.22 
12.4964 2 1 1 0x0 0.4616 0.4345 0.46 0.43 0.0138 0.0403 0.0263 0.0052 0.5055 -0.1065 0.013523 -0.359991 12.22 
12.5064 2 1 1 0x0 0.4614 0.4343 0.46 0.43 0.0138 0.0403 0.0363 0.0152 0.5055 -0.1065 0.013523 -0.384613 12.23 
12.5164 2 1 1 0x0 0.4425 0.4100 0.44 0.41 0.0153 0.0479 0.0184 0.0045 0.5061 -0.1064 0.016227 -0.412593 12.23 
12.5264 2 1 1 0x0 0.4387 0.4008 0.44 0.40 0.0153 0.0575 0.0284 0.0067 0.5063 -0.1064 0.018932 -0.441237 12.23 
12.5364 2 1 1 0x0 0.4350 0.3917 0.43 0.39 0.0153 0.0533 0.0384 0.0104 0.5065 -0.1064 0.021636 -0.469984 12.23 
12.5464 2 1 1 0x0 0.4267 0.3726 0.43 0.37 0.0116 0.0507 0.0484 0.0049 0.5069 -0.1064 0.027045 -0.497853 12.23 
12.5564 2 1 1 0x0 0.4273 0.3732 0.43 0.37 0.0090 0.0371 0.0584 0.0149 0.5069 -0.1064 0.027045 -0.521535 12.23 
12.5664 2 1 1 0x0 0.4271 0.3730 0.43 0.37 0.0074 0.0194 0.0684 0.0249 0.5069 -0.1064 0.027045 -0.539328 12.23 
12.5765 2 1 1 0x0 0.4453 0.3804 0.45 0.38 -0.0489 0.0131 0.0057 0.0349 0.5065 -0.1064 0.032454 -0.552367 12.23 
12.5865 2 1 1 0x0 0.4619 0.3862 0.46 0.39 -0.0712 0.0099 0.0041 0.0449 0.5061 -0.1065 0.037864 -0.561635 12.22 
12.5965 2 1 1 0x0 0.4673 0.3862 0.47 0.39 -0.0769 0.0080 0.0087 0.0549 0.5059 -0.1065 0.040568 -0.566296 12.23 
12.6065 2 1 1 0x0 0.4816 0.3897 0.48 0.39 -0.0749 0.0067 0.0066 0.0649 0.5055 -0.1065 0.045977 -0.568702 12.23 
12.6165 2 1 1 0x0 0.4954 0.3926 0.50 0.39 -0.0613 0.0057 0.0034 0.0749 0.5051 -0.1065 0.051386 -0.568175 12.23 
12.6265 2 1 1 0x0 0.4986 0.3905 0.50 0.39 -0.0494 0.0050 0.0060 0.0849 0.5049 -0.1065 0.054091 -0.565989 12.23 
12.6365 2 1 1 0x0 0.5016 0.3880 0.50 0.39 -0.0519 0.0045 0.0080 0.0949 0.5047 -0.1065 0.056795 -0.563151 12.23 
12.6465 2 1 1 0x0 0.5046 0.3856 0.50 0.39 -0.0401 0.0040 0.0091 0.1000 0.5045 -0.1065 0.059500 -0.559548 12.23 
12.6565 2 1 1 0x0 0.5076 0.3832 0.51 0.38 -0.0417 0.0037 0.0091 0.1000 0.5043 -0.1065 0.062204 -0.555816 12.22 
12.6665 2 1 1 0x0 0.5106 0.3808 0.51 0.38 -0.0351 0.0034 0.0085 0.1000 0.5041 -0.1066 0.064909 -0.552307 12.23 
12.6765 2 1 1 0x0 0.5138 0.3785 0.51 0.38 -0.0363 0.0031 0.0071 0.1000 0.5039 -0.1066 0.067613 -0.548600 12.23 
12.6865 2 1 1 0x0 0.5071 0.3718 0.51 0.37 -0.0363 0.0029 0.0171 0.1000 0.5039 -0.1066 0.067613 -0.545942 12.23 
12.6965 2 1 1 0x0 0.5108 0.3701 0.51 0.37 -0.0214 0.0027 0.0121 0.1000 0.5037 -0.1066 0.070318 -0.544254 12.23 
12.7065 2 1 1 0x0 0.5086 0.3734 0.51 0.37 -0.0214 -0.0027 0.0221 0.0847 0.5035 -0.1066 0.067613 -0.543077 12.23 
12.7165 2 1 1 0x0 0.5025 0.3672 0.50 0.37 -0.0180 -0.0027 0.0321 0.0947 0.5035 -0.1066 0.067613 -0.542699 12.23 
12.7265 2 1 1 0x0 0.5012 0.3714 0.50 0.37 -0.0124 -0.0160 0.0421 0.0159 0.5033 -0.1066 0.064909 -0.542720 12.23 
12.7365 2 1 1 0x0 0.4955 0.3657 0.50 0.37 -0.0095 -0.0160 0.0521 0.0259 0.5033 -0.1066 0.064909 -0.543041 12.23 
12.7465 2 1 1 0x0 0.4903 0.3605 0.49 0.36 -0.0077 -0.0160 0.0621 0.0359 0.5033 -0.1066 0.064909 -0.543613 12.23 
12.7565 2 1 1 0x0 0.4856 0.3557 0.49 0.36 -0.0065 -0.0122 0.0721 0.0459 0.5033 -0.1066 0.064909 -0.544191 12.22 
12.7665 2 1 1 0x0 0.4812 0.3513 0.48 0.35 -0.0056 -0.0094 0.0821 0.0559 0.5033 -0.1066 0.064909 -0.544721 12.23 
12.7765 2 1 1 0x0 0.4770 0.3472 0.48 0.35 -0.0049 -0.0076 0.0921 0.0659 0.5033 -0.1066 0.064909 -0.545398 12.23 
12.7865 2 1 1 0x0 0.4731 0.3433 0.47 0.34 -0.0044 -0.0064 0.1000 0.0759 0.5033 -0.1066 0.064909 -0.546294 12.22 
12.7965 2 1 1 0x0 0.4695 0.3396 0.47 0.34 -0.0040 -0.0055 0.1000 0.0859 0.5033 -0.1066 0.064909 -0.547859 12.23 
12.8065 2 1 1 0x0 0.4659 0.3361 0.47 0.34 -0.0036 -0.0049 0.1000 0.0959 0.5033 -0.1066 0.064909 -0.550244 12.23 
12.8165 2 1 1 0x0 0.4625 0.3327 0.46 0.33 -0.0033 -0.0044 0.1000 0.1000 0.5033 -0.1066 0.064909 -0.553513 12.22 
12.8266 2 1 1 0x0 0.4592 0.3294 0.46 0.33 -0.0031 -0.0039 0.1000 0.1000 0.5033 -0.1066 0.064909 -0.557714 12.22 
12.8366 2 1 1 0x0 0.4560 0.3262 0.46 0.33 -0.0028 -0.0036 0.1000 0.1000 0.5033 -0.1066 0.064909 -0.562687 12.23 
12.8466 2 1 1 0x0 0.4529 0.3231 0.45 0.32 -0.0027 -0.0033 0.1000 0.1000 0.5033 -0.1066 0.064909 -0.568281 12.22 
12.8566 2 1 1 0x0 0.4498 0.3200 0.45 0.32 -0.0025 -0.0030 0.1000 0.1000 0.5033 -0.1066 0.064909 -0.574551 12.23 
12.8666 2 1 1 0x0 0.4468 0.3170 0.45 0.32 -0.0024 -0.0028 0.1000 0.1000 0.5033 -0.1066 0.064909 -0.581560 12.22 
12.8766 2 1 1 0x0 0.4438 0.3140 0.44 0.31 -0.0022 -0.0026 0.1000 0.1000 0.5033 -0.1066 0.064909 -0.589408 12.22 
12.8866 2 1 1 0x0 0.4409 0.3110 0.44 0.31 -0.0021 -0.0025 0.1000 0.1000 0.5033 -0.1066 0.064909 -0.597797 12.23 
12.8966 2 1 1 0x0 0.4379 0.3081 0.44 0.31 -0.0000 -0.0023 0.1000 0.1000 0.5033 -0.1066 0.064909 -0.606020 12.22 
12.9066 2 1 1 0x0 0.4350 0.3052 0.44 0.31 -0.0000 -0.0022 0.1000 0.1000 0.5033 -0.1066 0.064909 -0.613299 12.23 
12.9166 2 1 1 0x0 0.4228 0.2984 0.42 0.30 0.0019 -0.0021 0.1000 0.1000 0.5035 -0.1066 0.062204 -0.619639 12.22 
12.9266 2 1 1 0x0 0.4205 0.2960 0.42 0.30 0.0019 -0.0000 0.1000 0.1000 0.5035 -0.1066 0.062204 -0.625189 12.23 
12.9366 2 1 1 0x0 0.4180 0.2936 0.42 0.29 0.0019 -0.0000 0.1000 0.1000 0.5035 -0.1066 0.062204 -0.630512 12.23 
12.9466 2 1 1 0x0 0.4155 0.2911 0.42 0.29 0.0019 -0.0000 0.1000 0.1000 0.5035 -0.1066 0.062204 -0.635717 12.23 
12.9566 2 1 1 0x0 0.4130 0.2886 0.41 0.29 0.0019 -0.0000 0.1000 0.1000 0.5035 -0.1066 0.062204 -0.640882 12.23 
12.9666 2 1 1 0x0 0.4104 0.2860 0.41 0.29 0.0019 -0.0000 0.1000 0.1000 0.5035 -0.1066 0.062204 -0.646162 12.22 
12.9766 2 1 1 0x0 0.4077 0.2833 0.41 0.28 0.0019 -0.0000 0.1000 0.1000 0.5035 -0.1066 0.062204 -0.651526 12.23 
12.9866 2 1 1 0x0 0.4010 0.2712 0.40 0.27 0.0019 0.0016 0.1000 0.1000 0.5037 -0.1066 0.064909 -0.656928 12.23 
12.9966 2 1 1 0x0 0.3988 0.2690 0.40 0.27 0.0019 0.0016 0.1000 0.1000 0.5037 -0.1066 0.064909 -0.662416 12.23 
13.0066 2 1 1 0x0 0.3965 0.2667 0.40 0.27 0.0019 0.0016 0.1000 0.1000 0.5037 -0.1066 0.064909 -0.667785 12.23 
13.0166 2 1 1 0x0 0.3901 0.2548 0.39 0.25 0.0019 0.0133 0.1000 0.0226 0.5039 -0.1066 0.067613 -0.673173 12.23 
13.0266 2 1 1 0x0 0.3881 0.2529 0.39 0.25 0.0019 0.0133 0.1000 0.0326 0.5039 -0.1066 0.067613 -0.678495 12.23 
13.0366 2 1 1 0x0 0.3860 0.2508 0.39 0.25 0.0019 0.0133 0.1000 0.0426 0.5039 -0.1066 0.067613 -0.683591 12.23 
13.0466 2 1 1 0x0 0.3837 0.2485 0.38 0.25 0.0019 0.0108 0.1000 0.0526 0.5039 -0.1066 0.067613 -0.688500 12.22 
13.0566 2 1 1 0x0 0.3813 0.2461 0.38 0.25 0.0019 0.0086 0.1000 0.0626 0.5039 -0.1066 0.067613 -0.693430 12.23 
13.0667 2 1 1 0x0 0.3788 0.2435 0.38 0.24 0.0019 0.0071 0.1000 0.0726 0.5039 -0.1066 0.067613 -0.698698 12.23 
13.0767 2 1 1 0x0 0.3761 0.2409 0.38 0.24 0.0019 0.0060 0.1000 0.0826 0.5039 -0.1066 0.067613 -0.704061 12.23 
13.0867 2 1 1 0x0 0.3735 0.2382 0.37 0.24 0.0019 0.0052 0.1000 0.0926 0.5039 -0.1066 0.067613 -0.709560 12.23 
13.0967 2 1 1 0x0 0.3707 0.2355 0.37 0.24 0.0019 0.0046 0.1000 0.1000 0.5039 -0.1066 0.067613 -0.715196 12.23 
13.1067 2 1 1 0x0 0.3679 0.2327 0.37 0.23 0.0019 0.0042 0.1000 0.1000 0.5039 -0.1066 0.067613 -0.720942 12.22 
13.1167 2 1 1 0x0 0.3651 0.2298 0.37 0.23 0.0000 0.0038 0.1000 0.1000 0.5039 -0.1066 0.067613 -0.726760 12.23 
13.1267 2 1 1 0x0 0.3622 0.2270 0.36 0.23 0.0000 0.0035 0.1000 0.1000 0.5039 -0.1066 0.067613 -0.732534 12.23 
13.1367 2 1 1 0x0 0.3593 0.2241 0.36 0.22 0.0000 0.0032 0.1000 0.1000 0.5039 -0.1066 0.067613 -0.738152 12.23 
13.1467 2 1 1 0x0 0.3564 0.2211 0.36 0.22 0.0000 0.0030 0.1000 0.1000 0.5039 -0.1066 0.067613 -0.743597 12.23 
13.1567 2 1 1 0x0 0.3534 0.2182 0.35 0.22 0.0000 0.0028 0.1000 0.1000 0.5039 -0.1066 0.067613 -0.749304 12.23 
13.1667 2 1 1 0x0 0.3505 0.2153 0.35 0.22 0.0000 0.0026 0.1000 0.1000 0.5039 -0.1066 0.067613 -0.753324 12.23 
13.1767 2 1 1 0x0 0.3475 0.2123 0.35 0.21 0.0000 0.0024 0.1000 0.1000 0.5039 -0.1066 0.067613 -0.753911 12.23 
13.1867 2 1 1 0x0 0.3445 0.2093 0.34 0.21 0.0000 0.0023 0.1000 0.1000 0.5039 -0.1066 0.067613 -0.753735 12.23 
13.1967 2 1 1 0x0 0.3416 0.2063 0.34 0.21 0.0000 0.0022 0.1000 0.1000 0.5039 -0.1066 0.067613 -0.754143 12.23 
13.2067 2 1 1 0x0 0.3386 0.2033 0.34 0.20 0.0000 0.0021 0.1000 0.1000 0.5039 -0.1066 0.067613 -0.753832 12.23 
13.2167 2 1 1 0x0 0.3356 0.2003 0.34 0.20 0.0000 0.0000 0.1000 0.1000 0.5039 -0.1066 0.067613 -0.753390 12.23 
13.2267 2 1 1 0x0 0.3326 0.1973 0.33 0.20 0.0000 0.0000 0.1000 0.1000 0.5039 -0.1066 0.067613 -0.753090 12.22 
13.2367 2 1 1 0x0 0.3296 0.1943 0.33 0.19 0.0000 0.0000 0.1000 0.1000 0.5039 -0.1066 0.067613 -0.752756 12.22 
13.2467 2 1 1 0x0 0.3265 0.1913 0.33 0.19 0.0000 0.0000 0.1000 0.1000 0.5039 -0.1066 0.067613 -0.752564 12.23 
13.2567 2 1 1 0x0 0.3235 0.1883 0.32 0.19 0.0000 0.0000 0.1000 0.1000 0.5039 -0.1066 0.067613 -0.752732 12.23 
13.2667 2 1 1 0x0 0.3205 0.1853 0.32 0.19 0.0000 0.0000 0.1000 0.1000 0.5039 -0.1066 0.067613 -0.752564 12.24 
13.2767 2 1 1 0x0 0.3175 0.1823 0.32 0.18 0.0000 0.0000 0.1000 0.1000 0.5039 -0.1066 0.067613 -0.752453 12.23 
13.2867 2 1 1 0x0 0.3145 0.1792 0.31 0.18 0.0000 0.0000 0.1000 0.1000 0.5039 -0.1066 0.067613 -0.752529 12.23 
13.2967 2 1 1 0x0 0.3114 0.1762 0.31 0.18 0.0000 0.0000 0.1000 0.1000 0.5039 -0.1066 0.067613 -0.752650 12.23 
13.3067 2 1 1 0x0 0.3084 0.1732 0.31 0.17 0.0000 0.0000 0.1000 0.1000 0.5039 -0.1066 0.067613 -0.752851 12.23 
13.3168 2 1 1 0x0 0.3054 0.1702 0.31 0.17 0.0000 0.0000 0.1000 0.1000 0.5039 -0.1066 0.067613 -0.752634 12.23 
13.3268 2 1 1 0x0 0.3024 0.1671 0.30 0.17 0.0000 0.0000 0.1000 0.1000 0.5039 -0.1066 0.067613 -0.752329 12.23 
13.3368 2 1 1 0x0 0.2993 0.1641 0.30 0.16 0.0000 0.0000 0.1000 0.1000 0.5039 -0.1066 0.067613 -0.752374 12.23 
13.3468 2 1 1 0x0 0.2963 0.1611 0.30 0.16 0.0000 0.0000 0.1000 0.1000 0.5039 -0.1066 0.067613 -0.752491 12.23 
13.3568 2 1 1 0x0 0.2933 0.1581 0.29 0.16 0.0000 0.0000 0.1000 0.1000 0.5039 -0.1066 0.067613 -0.752390 12.23 
13.3668 2 1 1 0x0 0.2903 0.1550 0.29 0.16 0.0000 0.0000 0.1000 0.1000 0.5039 -0.1066 0.067613 -0.752181 12.23 
13.3768 2 1 1 0x0 0.2872 0.1520 0.29 0.15 0.0000 0.0000 0.1000 0.1000 0.5039 -0.1066 0.067613 -0.752201 12.23 
13.3868 2 1 1 0x0 0.2842 0.1490 0.28 0.15 0.0000 0.0000 0.1000 0.1000 0.5039 -0.1066 0.067613 -0.752120 12.23 
13.3968 2 1 1 0x0 0.2812 0.1460 0.28 0.15 0.0000 0.0000 0.1000 0.1000 0.5039 -0.1066 0.067613 -0.751729 12.23 
13.4068 2 1 1 0x0 0.2782 0.1429 0.28 0.14 0.0000 0.0000 0.1000 0.1000 0.5039 -0.1066 0.067613 -0.751773 12.23 
13.4168 2 1 1 0x0 0.2751 0.1399 0.28 0.14 0.0000 0.0000 0.1000 0.1000 0.5039 -0.1066 0.067613 -0.751905 12.23 
13.4268 2 1 1 0x0 0.2721 0.1369 0.27 0.14 0.0000 0.0000 0.1000 0.1000 0.5039 -0.1066 0.067613 -0.751724 12.23 
13.4368 2 1 1 0x0 0.2691 0.1339 0.27 0.13 0.0000 0.0000 0.1000 0.1000 0.5039 -0.1066 0.067613 -0.751589 12.23 
13.4468 2 1 1 0x0 0.2661 0.1308 0.27 0.13 0.0000 0.0000 0.1000 0.1000 0.5039 -0.1066 0.067613 -0.751474 12.23 
13.4568 2 1 1 0x0 0.2630 0.1278 0.26 0.13 0.0000 0.0000 0.1000 0.1000 0.5039 -0.1066 0.067613 -0.751442 12.22 
13.4668 2 1 1 0x0 0.2600 0.1248 0.26 0.12 0.0000 0.0000 0.1000 0.1000 0.5039 -0.1066 0.067613 -0.751339 12.23 
13.4768 2 1 1 0x0 0.2570 0.1217 0.26 0.12 0.0000 0.0000 0.1000 0.1000 0.5039 -0.1066 0.067613 -0.751235 12.23 
13.4868 2 1 1 0x0 0.2540 0.1187 0.25 0.12 0.0000 0.0000 0.1000 0.1000 0.5039 -0.1066 0.067613 -0.751291 12.23 
13.4968 2 1 1 0x0 0.2509 0.1157 0.25 0.12 0.0000 0.0000 0.1000 0.1000 0.5039 -0.1066 0.067613 -0.751243 12.23 
13.5068 2 1 1 0x0 0.2479 0.1127 0.25 0.11 0.0000 0.0000 0.1000 0.1000 0.5039 -0.1066 0.067613 -0.751334 12.23 
13.5168 2 1 1 0x0 0.2350 0.1052 0.24 0.11 0.0007 0.0000 0.1000 0.1000 0.5041 -0.1066 0.064909 -0.752018 12.23 
13.5268 2 1 1 0x0 0.2327 0.1028 0.23 0.10 0.0007 0.0000 0.1000 0.1000 0.5041 -0.1066 0.064909 -0.751961 12.23 
13.5368 2 1 1 0x0 0.2301 0.1003 0.23 0.10 0.0007 0.0000 0.1000 0.1000 0.5041 -0.1066 0.064909 -0.751364 12.23 
13.5468 2 1 1 0x0 0.2275 0.0977 0.23 0.10 0.0007 0.0000 0.1000 0.1000 0.5041 -0.1066 0.064909 -0.751817 12.23 
13.5568 2 1 1 0x0 0.2248 0.0950 0.22 0.10 0.0007 0.0000 0.1000 0.1000 0.5041 -0.1066 0.064909 -0.753229 12.23 
13.5669 2 1 1 0x0 0.2124 0.0880 0.21 0.09 0.0086 0.0000 0.0280 0.1000 0.5043 -0.1065 0.062204 -0.753914 12.23 
13.5769 2 1 1 0x0 0.2058 0.0759 0.21 0.08 0.0086 0.0007 0.0380 0.1000 0.5045 -0.1065 0.064909 -0.754076 12.23 
13.5869 2 1 1 0x0 0.1946 0.0702 0.19 0.07 0.0238 0.0007 0.0159 0.1000 0.5047 -0.1065 0.062204 -0.754687 12.22 
13.5969 2 1 1 0x0 0.1696 0.0506 0.17 0.05 0.0454 0.0230 0.0052 0.0122 0.5053 -0.1065 0.059500 -0.755785 12.24 
13.6069 2 1 1 0x0 0.1600 0.0464 0.16 0.05 0.0637 0.0230 0.0075 0.0222 0.5055 -0.1065 0.056795 -0.756342 12.23 
13.6169 2 1 1 0x0 0.1366 0.0285 0.14 0.03 0.0613 0.0281 0.0035 0.0161 0.5061 -0.1064 0.054091 -0.755308 12.23 
13.6269 2 1 1 0x0 0.1241 0.0159 0.12 0.02 0.0516 0.0401 0.0062 0.0139 0.5065 -0.1064 0.054091 -0.753938 12.23 
13.6369 2 1 1 0x0 0.1117 0.0035 0.11 0.00 0.0513 0.0278 0.0083 0.0115 0.5069 -0.1064 0.054091 -0.752391 12.23 
13.6469 2 1 1 0x0 0.1036 0.0008 0.10 0.00 0.0341 0.0278 0.0084 0.0215 0.5071 -0.1064 0.051386 -0.750464 12.23 
13.6569 2 1 1 0x0 0.1049 0.0021 0.10 0.00 0.0341 0.0168 0.0184 0.0315 0.5071 -0.1064 0.051386 -0.747952 12.23 
13.6669 2 1 1 0x0 0.1052 0.0024 0.11 0.00 0.0180 0.0119 0.0284 0.0415 0.5071 -0.1064 0.051386 -0.744866 12.23 
13.6769 2 1 1 0x0 0.1046 0.0019 0.10 0.00 0.0125 0.0092 0.0384 0.0515 0.5071 -0.1064 0.051386 -0.740391 12.23 
13.6869 2 1 1 0x0 0.1228 0.0092 0.12 0.01 -0.0659 0.0075 0.0042 0.0615 0.5067 -0.1064 0.056795 -0.735351 12.23 
13.6969 2 1 1 0x0 0.1489 0.0191 0.15 0.02 -0.1300 0.0063 0.0016 0.0715 0.5061 -0.1064 0.064909 -0.728521 12.23 
13.7069 2 1 1 0x0 0.1730 0.0270 0.17 0.03 -0.1234 0.0055 0.0020 0.0815 0.5055 -0.1065 0.073023 -0.718830 12.23 
13.7169 2 1 1 0x0 0.1953 0.0330 0.20 0.03 -0.1772 0.0048 0.0037 0.0915 0.5049 -0.1065 0.081136 -0.708775 12.23 
13.7269 2 1 1 0x0 0.2257 0.0418 0.23 0.04 -0.1415 0.0043 0.0022 0.1000 0.5041 -0.1066 0.091954 -0.699431 12.23 
13.7369 2 1 1 0x0 0.2536 0.0643 0.25 0.06 -0.1193 -0.0516 0.0027 0.0043 0.5031 -0.1067 0.094659 -0.690693 12.23 
13.7469 2 1 1 0x0 0.2751 0.0750 0.28 0.08 -0.1470 -0.0707 0.0038 0.0075 0.5023 -0.1068 0.100068 -0.681764 12.23 
13.7569 2 1 1 0x0 0.3098 0.0988 0.31 0.10 -0.1472 -0.0731 0.0019 0.0049 0.5011 -0.1069 0.105477 -0.672872 12.23 
13.7669 2 1 1 0x0 0.3332 0.1168 0.33 0.12 -0.1133 -0.0841 0.0024 0.0042 0.5000 -0.1070 0.108182 -0.663086 12.22 
13.7769 2 1 1 0x0 0.3556 0.1339 0.36 0.13 -0.1410 -0.0901 0.0027 0.0038 0.4990 -0.1071 0.110886 -0.652673 12.23 
13.7869 2 1 1 0x0 0.3774 0.1502 0.38 0.15 -0.1060 -0.0891 0.0028 0.0043 0.4980 -0.1072 0.113591 -0.640597 12.23 
13.7969 2 1 1 0x0 0.3989 0.1663 0.40 0.17 -0.1326 -0.0831 0.0024 0.0035 0.4970 -0.1073 0.116295 -0.624620 12.22 
13.8069 2 1 1 0x0 0.4156 0.1722 0.42 0.17 -0.1155 -0.0668 0.0027 0.0080 0.4962 -0.1074 0.121704 -0.605557 12.23 
13.8170 2 1 1 0x0 0.4368 0.1880 0.44 0.19 -0.1095 -0.0709 0.0020 0.0067 0.4952 -0.1076 0.124409 -0.584924 12.23 
13.8270 2 1 1 0x0 0.4383 0.1949 0.44 0.19 -0.0759 -0.0809 0.0075 0.0071 0.4946 -0.1076 0.121704 -0.563085 12.23 
13.8370 2 1 1 0x0 0.4410 0.2030 0.44 0.20 -0.0448 -0.0474 0.0119 0.0049 0.4940 -0.1077 0.119000 -0.539325 12.23 
13.8470 2 1 1 0x0 0.4313 0.1987 0.43 0.20 -0.0213 -0.0499 0.0219 0.0065 0.4938 -0.1077 0.116295 -0.515253 12.23 
13.8570 2 1 1 0x0 0.4192 0.1866 0.42 0.19 -0.0140 -0.0326 0.0319 0.0165 0.4938 -0.1077 0.116295 -0.492222 12.23 
13.8670 2 1 1 0x0 0.4094 0.1768 0.41 0.18 -0.0104 -0.0181 0.0419 0.0265 0.4938 -0.1077 0.116295 -0.471742 12.22 
13.8770 2 1 1 0x0 0.4015 0.1689 0.40 0.17 -0.0083 -0.0125 0.0519 0.0365 0.4938 -0.1077 0.116295 -0.454139 12.23 
13.8870 2 1 1 0x0 0.3951 0.1625 0.40 0.16 -0.0069 -0.0096 0.0619 0.0465 0.4938 -0.1077 0.116295 -0.440000 12.23 
13.8970 2 1 1 0x0 0.3900 0.1574 0.39 0.16 -0.0059 -0.0077 0.0719 0.0565 0.4938 -0.1077 0.116295 -0.430770 12.23 
13.9070 2 1 1 0x0 0.3859 0.1533 0.39 0.15 -0.0051 -0.0065 0.0819 0.0665 0.4938 -0.1077 0.116295 -0.426089 12.23 
13.9170 2 1 1 0x0 0.3827 0.1501 0.38 0.15 -0.0046 -0.0056 0.0919 0.0765 0.4938 -0.1077 0.116295 -0.424787 12.23 
13.9270 2 1 1 0x0 0.3802 0.1477 0.38 0.15 -0.0041 -0.0049 0.1000 0.0865 0.4938 -0.1077 0.116295 -0.425766 12.23 
13.9370 2 1 1 0x0 0.3783 0.1457 0.38 0.15 -0.0037 -0.0044 0.1000 0.0965 0.4938 -0.1077 0.116295 -0.427906 12.23 
13.9470 2 1 1 0x0 0.3769 0.1443 0.38 0.14 -0.0034 -0.0040 0.1000 0.1000 0.4938 -0.1077 0.116295 -0.430266 12.23 
13.9570 2 1 1 0x0 0.3758 0.1432 0.38 0.14 -0.0031 -0.0036 0.1000 0.1000 0.4938 -0.1077 0.116295 -0.432257 12.23 
13.9670 2 1 1 0x0 0.3656 0.1384 0.37 0.14 0.0031 -0.0033 0.0729 0.1000 0.4940 -0.1077 0.113591 -0.433852 12.23 
13.9770 2 1 1 0x0 0.3657 0.1386 0.37 0.14 0.0031 -0.0031 0.0829 0.1000 0.4940 -0.1077 0.113591 -0.435262 12.22 
13.9870 2 1 1 0x0 0.3660 0.1388 0.37 0.14 0.0031 -0.0028 0.0929 0.1000 0.4940 -0.1077 0.113591 -0.436907 12.22 
13.9970 2 1 1 0x0 0.3663 0.1391 0.37 0.14 0.0031 -0.0027 0.1000 0.1000 0.4940 -0.1077 0.113591 -0.439013 12.23 
14.0070 2 1 1 0x0 0.3666 0.1395 0.37 0.14 0.0031 -0.0025 0.1000 0.1000 0.4940 -0.1077 0.113591 -0.441665 12.23 
14.0170 2 1 1 0x0 0.3671 0.1399 0.37 0.14 0.0031 -0.0024 0.1000 0.1000 0.4940 -0.1077 0.113591 -0.445792 12.23 
14.0270 2 1 1 0x0 0.3675 0.1403 0.37 0.14 0.0031 -0.0022 0.1000 0.1000 0.4940 -0.1077 0.113591 -0.452905 12.23 
14.0370 2 1 1 0x0 0.3680 0.1409 0.37 0.14 0.0031 -0.0021 0.1000 0.1000 0.4940 -0.1077 0.113591 -0.463728 12.23 
14.0470 2 1 1 0x0 0.3686 0.1414 0.37 0.14 0.0031 -0.0000 0.1000 0.1000 0.4940 -0.1077 0.113591 -0.476711 12.23 
14.0571 2 1 1 0x0 0.3691 0.1420 0.37 0.14 0.0031 -0.0000 0.1000 0.1000 0.4940 -0.1077 0.113591 -0.490873 12.23 
14.0671 2 1 1 0x0 0.3697 0.1426 0.37 0.14 0.0031 -0.0000 0.1000 0.1000 0.4940 -0.1077 0.113591 -0.506527 12.23 
14.0771 2 1 1 0x0 0.3703 0.1432 0.37 0.14 0.0031 -0.0000 0.1000 0.1000 0.4940 -0.1077 0.113591 -0.523439 12.23 
14.0871 2 1 1 0x0 0.3710 0.1438 0.37 0.14 0.0031 -0.0000 0.1000 0.1000 0.4940 -0.1077 0.113591 -0.540686 12.23 
14.0971 2 1 1 0x0 0.3716 0.1444 0.37 0.14 0.0030 -0.0000 0.1000 0.1000 0.4940 -0.1077 0.113591 -0.557516 12.23 
14.1071 2 1 1 0x0 0.3722 0.1451 0.37 0.15 0.0028 -0.0000 0.1000 0.1000 0.4940 -0.1077 0.113591 -0.573300 12.23 
14.1171 2 1 1 0x0 0.3729 0.1457 0.37 0.15 0.0026 -0.0000 0.1000 0.1000 0.4940 -0.1077 0.113591 -0.587956 12.23 
14.1271 2 1 1 0x0 0.3735 0.1464 0.37 0.15 0.0024 -0.0000 0.1000 0.1000 0.4940 -0.1077 0.113591 -0.601727 12.23 
14.1371 2 1 1 0x0 0.3742 0.1470 0.37 0.15 0.0023 -0.0000 0.1000 0.1000 0.4940 -0.1077 0.113591 -0.614998 12.23 
14.1471 2 1 1 0x0 0.3749 0.1477 0.37 0.15 0.0022 -0.0000 0.1000 0.1000 0.4940 -0.1077 0.113591 -0.628353 12.23 
14.1571 2 1 1 0x0 0.3755 0.1483 0.38 0.15 0.0021 -0.0000 0.1000 0.1000 0.4940 -0.1077 0.113591 -0.642067 12.23 
14.1671 2 1 1 0x0 0.3762 0.1490 0.38 0.15 0.0000 -0.0000 0.1000 0.1000 0.4940 -0.1077 0.113591 -0.655586 12.23 
14.1771 2 1 1 0x0 0.3769 0.1497 0.38 0.15 0.0000 -0.0000 0.1000 0.1000 0.4940 -0.1077 0.113591 -0.668246 12.23 
14.1871 2 1 1 0x0 0.3776 0.1504 0.38 0.15 0.0000 -0.0000 0.1000 0.1000 0.4940 -0.1077 0.113591 -0.679934 12.22 
14.1971 2 1 1 0x0 0.3782 0.1511 0.38 0.15 0.0000 -0.0000 0.1000 0.1000 0.4940 -0.1077 0.113591 -0.691121 12.23 
14.2071 2 1 1 0x0 0.3789 0.1517 0.38 0.15 0.0000 -0.0000 0.1000 0.1000 0.4940 -0.1077 0.113591 -0.701718 12.23 
14.2171 2 1 1 0x0 0.3796 0.1524 0.38 0.15 0.0000 -0.0000 0.1000 0.1000 0.4940 -0.1077 0.113591 -0.711312 12.22 
14.2271 2 1 1 0x0 0.3803 0.1531 0.38 0.15 0.0000 -0.0000 0.1000 0.1000 0.4940 -0.1077 0.113591 -0.719812 12.23 
14.2371 2 1 1 0x0 0.3810 0.1538 0.38 0.15 0.0000 -0.0000 0.1000 0.1000 0.4940 -0.1077 0.113591 -0.727746 12.23 
14.2471 2 1 1 0x0 0.3817 0.1545 0.38 0.15 0.0000 -0.0000 0.1000 0.1000 0.4940 -0.1077 0.113591 -0.735778 12.23 
14.2571 2 1 1 0x0 0.3824 0.1552 0.38 0.16 0.0000 -0.0000 0.1000 0.1000 0.4940 -0.1077 0.113591 -0.744063 12.23 
14.2671 2 1 1 0x0 0.3830 0.1559 0.38 0.16 0.0000 -0.0000 0.1000 0.1000 0.4940 -0.1077 0.113591 -0.752481 12.22 
14.2771 2 1 1 0x0 0.3837 0.1566 0.38 0.16 0.0000 -0.0000 0.1000 0.1000 0.4940 -0.1077 0.113591 -0.760744 12.23 
14.2871 2 1 1 0x0 0.3844 0.1572 0.38 0.16 0.0000 -0.0000 0.1000 0.1000 0.4940 -0.1077 0.113591 -0.768798 12.23 
14.2971 2 1 1 0x0 0.3851 0.1579 0.39 0.16 0.0000 -0.0000 0.1000 0.1000 0.4940 -0.1077 0.113591 -0.777112 12.23 
14.3072 2 1 1 0x0 0.3858 0.1586 0.39 0.16 0.0000 -0.0000 0.1000 0.1000 0.4940 -0.1077 0.113591 -0.786246 12.23 
14.3172 2 1 1 0x0 0.3865 0.1593 0.39 0.16 0.0000 -0.0000 0.1000 0.1000 0.4940 -0.1077 0.113591 -0.796326 12.23 
14.3272 2 1 1 0x0 0.3872 0.1600 0.39 0.16 0.0000 -0.0000 0.1000 0.1000 0.4940 -0.1077 0.113591 -0.805634 12.22 
14.3372 2 1 1 0x0 0.3878 0.1607 0.39 0.16 0.0000 -0.0000 0.1000 0.1000 0.4940 -0.1077 0.113591 -0.813955 12.23 
14.3472 2 1 1 0x0 0.3885 0.1614 0.39 0.16 0.0000 -0.0000 0.1000 0.1000 0.4940 -0.1077 0.113591 -0.821074 12.23 
14.3572 2 1 1 0x0 0.3892 0.1620 0.39 0.16 0.0000 -0.0000 0.1000 0.1000 0.4940 -0.1077 0.113591 -0.827268 12.23 
14.3672 2 1 1 0x0 0.3899 0.1627 0.39 0.16 0.0000 -0.0000 0.1000 0.1000 0.4940 -0.1077 0.113591 -0.832348 12.23 
14.3772 2 1 1 0x0 0.3906 0.1634 0.39 0.16 0.0000 -0.0000 0.1000 0.1000 0.4940 -0.1077 0.113591 -0.837426 12.23 
14.3872 2 1 1 0x0 0.3913 0.1641 0.39 0.16 0.0000 -0.0000 0.1000 0.1000 0.4940 -0.1077 0.113591 -0.844125 12.23 
14.3972 2 1 1 0x0 0.3920 0.1648 0.39 0.16 0.0000 -0.0000 0.1000 0.1000 0.4940 -0.1077 0.113591 -0.852583 12.23 
14.4072 2 1 1 0x0 0.3927 0.1655 0.39 0.17 0.0000 -0.0000 0.1000 0.1000 0.4940 -0.1077 0.113591 -0.862098 12.24 
14.4172 2 1 1 0x0 0.3933 0.1662 0.39 0.17 0.0000 -0.0000 0.1000 0.1000 0.4940 -0.1077 0.113591 -0.872760 12.23 
14.4272 2 1 1 0x0 0.3940 0.1668 0.39 0.17 0.0000 -0.0000 0.1000 0.1000 0.4940 -0.1077 0.113591 -0.884186 12.23 
14.4372 2 1 1 0x0 0.3947 0.1675 0.39 0.17 0.0000 -0.0000 0.1000 0.1000 0.4940 -0.1077 0.113591 -0.895643 12.23 
14.4472 2 1 1 0x0 0.3954 0.1682 0.40 0.17 0.0000 -0.0000 0.1000 0.1000 0.4940 -0.1077 0.113591 -0.906691 12.22 
14.4572 2 1 1 0x0 0.3961 0.1689 0.40 0.17 0.0000 -0.0000 0.1000 0.1000 0.4940 -0.1077 0.113591 -0.916924 12.23 
14.4672 2 1 1 0x0 0.3968 0.1696 0.40 0.17 0.0000 -0.0000 0.1000 0.1000 0.4940 -0.1077 0.113591 -0.926396 12.23 
14.4772 2 1 1 0x0 0.3975 0.1703 0.40 0.17 0.0000 -0.0000 0.1000 0.1000 0.4940 -0.1077 0.113591 -0.935955 12.23 
14.4872 2 1 1 0x0 0.3981 0.1710 0.40 0.17 0.0000 -0.0000 0.1000 0.1000 0.4940 -0.1077 0.113591 -0.945497 12.23 
14.4972 2 1 1 0x0 0.3988 0.1716 0.40 0.17 0.0000 -0.0000 0.1000 0.1000 0.4940 -0.1077 0.113591 -0.954497 12.23 
14.5072 2 1 1 0x0 0.3995 0.1723 0.40 0.17 0.0000 -0.0000 0.1000 0.1000 0.4940 -0.1077 0.113591 -0.962790 12.23 
14.5172 2 1 1 0x0 0.4002 0.1730 0.40 0.17 0.0000 -0.0000 0.1000 0.1000 0.4940 -0.1077 0.113591 -0.970612 12.21 
14.5272 2 1 1 0x0 0.4009 0.1737 0.40 0.17 0.0000 -0.0000 0.1000 0.1000 0.4940 -0.1077 0.113591 -0.977932 12.23 
14.5372 2 1 1 0x0 0.4016 0.1744 0.40 0.17 0.0000 -0.0000 0.1000 0.1000 0.4940 -0.1077 0.113591 -0.984116 12.23 
14.5472 2 1 1 0x0 0.4023 0.1751 0.40 0.18 0.0000 -0.0000 0.1000 0.1000 0.4940 -0.1077 0.113591 -0.989533 12.23 
14.5573 2 1 1 0x0 0.4029 0.1758 0.40 0.18 0.0000 -0.0000 0.1000 0.1000 0.4940 -0.1077 0.113591 -0.992513 12.23 
14.5673 2 1 1 0x0 0.4036 0.1764 0.40 0.18 0.0000 -0.0000 0.1000 0.1000 0.4940 -0.1077 0.113591 -0.992720 12.23 
14.5773 2 1 1 0x0 0.4043 0.1771 0.40 0.18 0.0000 -0.0000 0.1000 0.1000 0.4940 -0.1077 0.113591 -0.991409 12.23 
14.5873 2 1 1 0x0 0.4050 0.1778 0.41 0.18 0.0000 -0.0000 0.1000 0.1000 0.4940 -0.1077 0.113591 -0.989536 12.23 
14.5973 2 1 1 0x0 0.4057 0.1785 0.41 0.18 0.0000 -0.0000 0.1000 0.1000 0.4940 -0.1077 0.113591 -0.987725 12.23 
14.6073 2 1 1 0x0 0.4064 0.1792 0.41 0.18 0.0000 -0.0000 0.1000 0.1000 0.4940 -0.1077 0.113591 -0.986377 12.23 
14.6173 2 1 1 0x0 0.4071 0.1799 0.41 0.18 0.0000 -0.0000 0.1000 0.1000 0.4940 -0.1077 0.113591 -0.985507 12.23 
14.6273 2 1 1 0x0 0.4077 0.1806 0.41 0.18 0.0000 -0.0000 0.1000 0.1000 0.4940 -0.1077 0.113591 -0.984784 12.23 
14.6373 2 1 1 0x0 0.4084 0.1812 0.41 0.18 0.0000 -0.0000 0.1000 0.1000 0.4940 -0.1077 0.113591 -0.984522 12.23 
14.6473 2 1 1 0x0 0.4091 0.1819 0.41 0.18 0.0000 -0.0000 0.1000 0.1000 0.4940 -0.1077 0.113591 -0.984939 12.22 
14.6573 2 1 1 0x0 0.4098 0.1826 0.41 0.18 0.0000 -0.0000 0.1000 0.1000 0.4940 -0.1077 0.113591 -0.985717 12.22 
14.6673 2 1 1 0x0 0.4105 0.1833 0.41 0.18 0.0000 -0.0000 0.1000 0.1000 0.4940 -0.1077 0.113591 -0.986711 12.23 
14.6773 2 1 1 0x0 0.4112 0.1840 0.41 0.18 0.0000 -0.0000 0.1000 0.1000 0.4940 -0.1077 0.113591 -0.988347 12.22 
14.6873 2 1 1 0x0 0.4119 0.1847 0.41 0.18 0.0000 -0.0000 0.1000 0.1000 0.4940 -0.1077 0.113591 -0.990649 12.23 
14.6973 2 1 1 0x0 0.4125 0.1854 0.41 0.19 0.0000 -0.0000 0.1000 0.1000 0.4940 -0.1077 0.113591 -0.993693 12.23 
14.7073 2 1 1 0x0 0.4132 0.1861 0.41 0.19 0.0000 -0.0000 0.1000 0.1000 0.4940 -0.1077 0.113591 -0.997286 12.23 
14.7173 2 1 1 0x0 0.4139 0.1867 0.41 0.19 0.0000 -0.0000 0.1000 0.1000 0.4940 -0.1077 0.113591 -1.000746 12.23 
14.7273 2 1 1 0x0 0.4146 0.1874 0.41 0.19 0.0000 -0.0000 0.1000 0.1000 0.4940 -0.1077 0.113591 -1.003680 12.23 
14.7373 2 1 1 0x0 0.4153 0.1881 0.42 0.19 0.0000 -0.0000 0.1000 0.1000 0.4940 -0.1077 0.113591 -1.006529 12.23 
14.7473 2 1 1 0x0 0.4160 0.1888 0.42 0.19 0.0000 -0.0000 0.1000 0.1000 0.4940 -0.1077 0.113591 -1.009619 12.23 
14.7573 2 1 1 0x0 0.4167 0.1895 0.42 0.19 0.0000 -0.0000 0.1000 0.1000 0.4940 -0.1077 0.113591 -1.012945 12.23 
14.7673 2 1 1 0x0 0.4173 0.1902 0.42 0.19 0.0000 -0.0000 0.1000 0.1000 0.4940 -0.1077 0.113591 -1.016381 12.22 
14.7773 2 1 1 0x0 0.4180 0.1909 0.42 0.19 0.0000 -0.0000 0.1000 0.1000 0.4940 -0.1077 0.113591 -1.020248 12.23 
14.7873 2 1 1 0x0 0.4187 0.1915 0.42 0.19 0.0000 -0.0000 0.1000 0.1000 0.4940 -0.1077 0.113591 -1.024692 12.23 
14.7973 2 1 1 0x0 0.4194 0.1922 0.42 0.19 0.0000 -0.0000 0.1000 0.1000 0.4940 -0.1077 0.113591 -1.029843 12.23 
14.8074 2 1 1 0x0 0.4201 0.1929 0.42 0.19 0.0000 -0.0000 0.1000 0.1000 0.4940 -0.1077 0.113591 -1.035777 12.23 
14.8174 2 1 1 0x0 0.4208 0.1936 0.42 0.19 0.0000 -0.0000 0.1000 0.1000 0.4940 -0.1077 0.113591 -1.041885 12.23 
14.8274 2 1 1 0x0 0.4215 0.1943 0.42 0.19 0.0000 -0.0000 0.1000 0.1000 0.4940 -0.1077 0.113591 -1.047742 12.23 
14.8374 2 1 1 0x0 0.4222 0.1950 0.42 0.19 0.0000 -0.0000 0.1000 0.1000 0.4940 -0.1077 0.113591 -1.053024 12.23 
14.8474 2 1 1 0x0 0.4228 0.1957 0.42 0.20 0.0000 -0.0000 0.1000 0.1000 0.4940 -0.1077 0.113591 -1.057662 12.23 
14.8574 2 1 1 0x0 0.4235 0.1963 0.42 0.20 0.0000 -0.0000 0.1000 0.1000 0.4940 -0.1077 0.113591 -1.061690 12.22 
14.8674 2 1 1 0x0 0.4242 0.1970 0.42 0.20 0.0000 -0.0000 0.1000 0.1000 0.4940 -0.1077 0.113591 -1.065383 12.23 
14.8774 2 1 1 0x0 0.4249 0.1977 0.42 0.20 0.0000 -0.0000 0.1000 0.1000 0.4940 -0.1077 0.113591 -1.069059 12.23 
14.8874 2 1 1 0x0 0.4256 0.1984 0.43 0.20 0.0000 -0.0000 0.1000 0.1000 0.4940 -0.1077 0.113591 -1.072628 12.23 
14.8974 2 1 1 0x0 0.4263 0.1991 0.43 0.20 0.0000 -0.0000 0.1000 0.1000 0.4940 -0.1077 0.113591 -1.075792 12.23 
14.9074 2 1 1 0x0 0.4270 0.1998 0.43 0.20 0.0000 -0.0000 0.1000 0.1000 0.4940 -0.1077 0.113591 -1.078376 12.23 
14.9174 2 1 1 0x0 0.4276 0.2005 0.43 0.20 0.0000 -0.0000 0.1000 0.1000 0.4940 -0.1077 0.113591 -1.080438 12.23 
14.9274 2 1 1 0x0 0.4283 0.2011 0.43 0.20 0.0000 -0.0000 0.1000 0.1000 0.4940 -0.1077 0.113591 -1.082086 12.23 
14.9374 2 1 1 0x0 0.4290 0.2018 0.43 0.20 0.0000 -0.0000 0.1000 0.1000 0.4940 -0.1077 0.113591 -1.083408 12.23 
14.9474 2 1 1 0x0 0.4297 0.2025 0.43 0.20 0.0000 -0.0000 0.1000 0.1000 0.4940 -0.1077 0.113591 -1.084148 12.23 
14.9574 2 1 1 0x0 0.4304 0.2032 0.43 0.20 0.0000 -0.0000 0.1000 0.1000 0.4940 -0.1077 0.113591 -1.084375 12.23 
14.9674 2 1 1 0x0 0.4311 0.2039 0.43 0.20 0.0000 -0.0000 0.1000 0.1000 0.4940 -0.1077 0.113591 -1.084064 12.23 
14.9774 2 1 1 0x0 0.4318 0.2046 0.43 0.20 0.0000 -0.0000 0.1000 0.1000 0.4940 -0.1077 0.113591 -1.083188 12.23 
14.9874 2 1 1 0x0 0.4324 0.2053 0.43 0.21 0.0000 -0.0000 0.1000 0.1000 0.4940 -0.1077 0.113591 -1.081765 12.23 
14.9974 2 1 1 0x0 0.4331 0.2059 0.43 0.21 0.0000 -0.0000 0.1000 0.1000 0.4940 -0.1077 0.113591 -1.079957 12.22 
15.0074 2 1 1 0x0 0.4338 0.2066 0.43 0.21 0.0000 -0.0000 0.1000 0.1000 0.4940 -0.1077 0.113591 -1.077883 12.23 
15.0174 2 1 1 0x0 0.4345 0.2073 0.43 0.21 0.0000 -0.0000 0.1000 0.1000 0.4940 -0.1077 0.113591 -1.075614 12.23 
15.0274 2 1 1 0x0 0.4352 0.2080 0.44 0.21 0.0000 -0.0000 0.1000 0.1000 0.4940 -0.1077 0.113591 -1.073334 12.23 
15.0374 2 1 1 0x0 0.4359 0.2087 0.44 0.21 0.0000 -0.0000 0.1000 0.1000 0.4940 -0.1077 0.113591 -1.071530 12.23 
15.0475 2 1 1 0x0 0.4366 0.2094 0.44 0.21 0.0000 -0.0000 0.1000 0.1000 0.4940 -0.1077 0.113591 -1.071013 12.22 
15.0575 2 1 1 0x0 0.4372 0.2101 0.44 0.21 0.0000 -0.0000 0.1000 0.1000 0.4940 -0.1077 0.113591 -1.072397 12.23 
15.0675 2 1 1 0x0 0.4379 0.2107 0.44 0.21 0.0000 -0.0000 0.1000 0.1000 0.4940 -0.1077 0.113591 -1.075902 12.23 
15.0775 2 1 1 0x0 0.4386 0.2114 0.44 0.21 0.0000 -0.0000 0.1000 0.1000 0.4940 -0.1077 0.113591 -1.081467 12.23 
15.0875 2 1 1 0x0 0.4393 0.2121 0.44 0.21 0.0000 -0.0000 0.1000 0.1000 0.4940 -0.1077 0.113591 -1.088891 12.23 
15.0975 2 1 1 0x0 0.4400 0.2128 0.44 0.21 0.0000 -0.0000 0.1000 0.1000 0.4940 -0.1077 0.113591 -1.097738 12.23 
15.1075 2 1 1 0x0 0.4407 0.2135 0.44 0.21 0.0000 -0.0000 0.1000 0.1000 0.4940 -0.1077 0.113591 -1.107476 12.23 
15.1175 2 1 1 0x0 0.4414 0.2142 0.44 0.21 0.0000 -0.0000 0.1000 0.1000 0.4940 -0.1077 0.113591 -1.117615 12.22 
15.1275 2 1 1 0x0 0.4420 0.2149 0.44 0.21 0.0000 -0.0000 0.1000 0.1000 0.4940 -0.1077 0.113591 -1.127743 12.23 
15.1375 2 1 1 0x0 0.4427 0.2156 0.44 0.22 0.0000 -0.0000 0.1000 0.1000 0.4940 -0.1077 0.113591 -1.137459 12.23 
15.1475 2 1 1 0x0 0.4434 0.2162 0.44 0.22 0.0000 -0.0000 0.1000 0.1000 0.4940 -0.1077 0.113591 -1.146545 12.23 
15.1575 2 1 1 0x0 0.4441 0.2169 0.44 0.22 0.0000 -0.0000 0.1000 0.1000 0.4940 -0.1077 0.113591 -1.154790 12.23 
15.1675 2 1 1 0x0 0.4448 0.2176 0.44 0.22 0.0000 -0.0000 0.1000 0.1000 0.4940 -0.1077 0.113591 -1.162140 12.23 
15.1775 2 1 1 0x0 0.4455 0.2183 0.45 0.22 0.0000 -0.0000 0.1000 0.1000 0.4940 -0.1077 0.113591 -1.168401 12.23 
15.1875 2 1 1 0x0 0.4462 0.2190 0.45 0.22 0.0000 -0.0000 0.1000 0.1000 0.4940 -0.1077 0.113591 -1.173866 12.23 
15.1975 2 1 1 0x0 0.4468 0.2197 0.45 0.22 0.0000 -0.0000 0.1000 0.1000 0.4940 -0.1077 0.113591 -1.178971 12.23 
15.2075 2 1 1 0x0 0.4475 0.2204 0.45 0.22 0.0000 -0.0000 0.1000 0.1000 0.4940 -0.1077 0.113591 -1.184070 12.23 
15.2175 2 1 1 0x0 0.4482 0.2210 0.45 0.22 0.0000 -0.0000 0.1000 0.1000 0.4940 -0.1077 0.113591 -1.189440 12.23 
15.2275 2 1 1 0x0 0.4489 0.2217 0.45 0.22 0.0000 -0.0000 0.1000 0.1000 0.4940 -0.1077 0.113591 -1.195183 12.23 
15.2375 2 1 1 0x0 0.4496 0.2224 0.45 0.22 0.0000 -0.0000 0.1000 0.1000 0.4940 -0.1077 0.113591 -1.201436 12.23 
15.2475 2 1 1 0x0 0.4503 0.2231 0.45 0.22 0.0000 -0.0000 0.1000 0.1000 0.4940 -0.1077 0.113591 -1.208387 12.22 
15.2575 2 1 1 0x0 0.4510 0.2238 0.45 0.22 0.0000 -0.0000 0.1000 0.1000 0.4940 -0.1077 0.113591 -1.216075 12.23 
15.2675 2 1 1 0x0 0.4517 0.2245 0.45 0.22 0.0000 -0.0000 0.1000 0.1000 0.4940 -0.1077 0.113591 -1.224337 12.23 
15.2775 2 1 1 0x0 0.4523 0.2252 0.45 0.23 0.0000 -0.0000 0.1000 0.1000 0.4940 -0.1077 0.113591 -1.233126 12.23 
15.2875 2 1 1 0x0 0.4530 0.2258 0.45 0.23 0.0000 -0.0000 0.1000 0.1000 0.4940 -0.1077 0.113591 -1.242382 12.23 
15.2976 2 1 1 0x0 0.4537 0.2265 0.45 0.23 0.0000 -0.0000 0.1000 0.1000 0.4940 -0.1077 0.113591 -1.252123 12.22 
15.3076 2 1 1 0x0 0.4544 0.2272 0.45 0.23 0.0000 -0.0000 0.1000 0.1000 0.4940 -0.1077 0.113591 -1.262185 12.23 
15.3176 2 1 1 0x0 0.4551 0.2279 0.46 0.23 0.0000 -0.0000 0.1000 0.1000 0.4940 -0.1077 0.113591 -1.272171 12.23 
15.3276 2 1 1 0x0 0.4558 0.2286 0.46 0.23 0.0000 -0.0000 0.1000 0.1000 0.4940 -0.1077 0.113591 -1.281799 12.23 
15.3376 2 1 1 0x0 0.4565 0.2293 0.46 0.23 0.0000 -0.0000 0.1000 0.1000 0.4940 -0.1077 0.113591 -1.291215 12.23 
15.3476 2 1 1 0x0 0.4571 0.2300 0.46 0.23 0.0000 -0.0000 0.1000 0.1000 0.4940 -0.1077 0.113591 -1.300509 12.23 
15.3576 2 1 1 0x0 0.4578 0.2306 0.46 0.23 0.0000 -0.0000 0.1000 0.1000 0.4940 -0.1077 0.113591 -1.309549 12.23 
15.3676 2 1 1 0x0 0.4585 0.2313 0.46 0.23 0.0000 -0.0000 0.1000 0.1000 0.4940 -0.1077 0.113591 -1.318172 12.23 
15.3776 2 1 1 0x0 0.4592 0.2320 0.46 0.23 0.0000 -0.0000 0.1000 0.1000 0.4940 -0.1077 0.113591 -1.326168 12.23 
15.3876 2 1 1 0x0 0.4599 0.2327 0.46 0.23 0.0000 -0.0000 0.1000 0.1000 0.4940 -0.1077 0.113591 -1.333697 12.23 
15.3976 2 1 1 0x0 0.4606 0.2334 0.46 0.23 0.0000 -0.0000 0.1000 0.1000 0.4940 -0.1077 0.113591 -1.341137 12.23 
15.4076 2 1 1 0x0 0.4613 0.2341 0.46 0.23 0.0000 -0.0000 0.1000 0.1000 0.4940 -0.1077 0.113591 -1.348396 12.23 
15.4176 2 1 1 0x0 0.4619 0.2348 0.46 0.23 0.0000 -0.0000 0.1000 0.1000 0.4940 -0.1077 0.113591 -1.355757 12.23 
15.4276 2 1 1 0x0 0.4626 0.2354 0.46 0.24 0.0000 -0.0000 0.1000 0.1000 0.4940 -0.1077 0.113591 -1.363403 12.23 
15.4376 2 1 1 0x0 0.4633 0.2361 0.46 0.24 0.0000 -0.0000 0.1000 0.1000 0.4940 -0.1077 0.113591 -1.371497 12.23 
15.4476 2 1 1 0x0 0.4640 0.2368 0.46 0.24 0.0000 -0.0000 0.1000 0.1000 0.4940 -0.1077 0.113591 -1.380066 12.23 
15.4576 2 1 1 0x0 0.4647 0.2375 0.46 0.24 0.0000 -0.0000 0.1000 0.1000 0.4940 -0.1077 0.113591 -1.389347 12.23 
15.4676 2 1 1 0x0 0.4654 0.2382 0.47 0.24 0.0000 -0.0000 0.1000 0.1000 0.4940 -0.1077 0.113591 -1.399259 12.23 
15.4776 2 1 1 0x0 0.4661 0.2389 0.47 0.24 0.0000 -0.0000 0.1000 0.1000 0.4940 -0.1077 0.113591 -1.409810 12.23 
15.4876 2 1 1 0x0 0.4667 0.2396 0.47 0.24 0.0000 -0.0000 0.1000 0.1000 0.4940 -0.1077 0.113591 -1.420650 12.23 
15.4976 2 1 1 0x0 0.4674 0.2402 0.47 0.24 0.0000 -0.0000 0.1000 0.1000 0.4940 -0.1077 0.113591 -1.431395 12.23 
15.5076 2 1 1 0x0 0.4681 0.2409 0.47 0.24 0.0000 -0.0000 0.1000 0.1000 0.4940 -0.1077 0.113591 -1.441892 12.23 
15.5176 2 1 1 0x0 0.4688 0.2416 0.47 0.24 0.0000 -0.0000 0.1000 0.1000 0.4940 -0.1077 0.113591 -1.451853 12.23 
15.5276 2 1 1 0x0 0.4695 0.2423 0.47 0.24 0.0000 -0.0000 0.1000 0.1000 0.4940 -0.1077 0.113591 -1.461524 12.22 
15.5376 2 1 1 0x0 0.4702 0.2430 0.47 0.24 0.0000 -0.0000 0.1000 0.1000 0.4940 -0.1077 0.113591 -1.470892 12.23 
15.5477 2 1 1 0x0 0.4709 0.2437 0.47 0.24 0.0000 -0.0000 0.1000 0.1000 0.4940 -0.1077 0.113591 -1.480242 12.23 
15.5577 2 1 1 0x0 0.4715 0.2444 0.47 0.24 0.0000 -0.0000 0.1000 0.1000 0.4940 -0.1077 0.113591 -1.489693 12.23 
15.5677 2 1 1 0x0 0.4722 0.2451 0.47 0.25 0.0000 -0.0000 0.1000 0.1000 0.4940 -0.1077 0.113591 -1.499300 12.23 
15.5777 2 1 1 0x0 0.4729 0.2457 0.47 0.25 0.0000 -0.0000 0.1000 0.1000 0.4940 -0.1077 0.113591 -1.508669 12.23 
15.5877 2 1 1 0x0 0.4736 0.2464 0.47 0.25 0.0000 -0.0000 0.1000 0.1000 0.4940 -0.1077 0.113591 -1.517440 12.22 
15.5977 2 1 1 0x0 0.4743 0.2471 0.47 0.25 0.0000 -0.0000 0.1000 0.1000 0.4940 -0.1077 0.113591 -1.525664 12.23 
15.6077 2 1 1 0x0 0.4750 0.2478 0.47 0.25 0.0000 -0.0000 0.1000 0.1000 0.4940 -0.1077 0.113591 -1.533502 12.23 
15.6177 2 1 1 0x0 0.4757 0.2485 0.48 0.25 0.0000 -0.0000 0.1000 0.1000 0.4940 -0.1077 0.113591 -1.540973 12.23 
15.6277 2 1 1 0x0 0.4763 0.2492 0.48 0.25 0.0000 -0.0000 0.1000 0.1000 0.4940 -0.1077 0.113591 -1.548117 12.23 
15.6377 2 1 1 0x0 0.4770 0.2499 0.48 0.25 0.0000 -0.0000 0.1000 0.1000 0.4940 -0.1077 0.113591 -1.555064 12.23 
15.6477 2 1 1 0x0 0.4777 0.2505 0.48 0.25 0.0000 -0.0000 0.1000 0.1000 0.4940 -0.1077 0.113591 -1.561614 12.24 
15.6577 2 1 1 0x0 0.4784 0.2512 0.48 0.25 0.0000 -0.0000 0.1000 0.1000 0.4940 -0.1077 0.113591 -1.567423 12.24 
15.6677 2 1 1 0x0 0.4791 0.2519 0.48 0.25 0.0000 -0.0000 0.1000 0.1000 0.4940 -0.1077 0.113591 -1.572500 12.23 
15.6777 2 1 1 0x0 0.4798 0.2526 0.48 0.25 0.0000 -0.0000 0.1000 0.1000 0.4940 -0.1077 0.113591 -1.576862 12.23 
15.6877 2 1 1 0x0 0.4805 0.2533 0.48 0.25 0.0000 -0.0000 0.1000 0.1000 0.4940 -0.1077 0.113591 -1.580635 12.23 
15.6977 2 1 1 0x0 0.4812 0.2540 0.48 0.25 0.0000 -0.0000 0.1000 0.1000 0.4940 -0.1077 0.113591 -1.584212 12.23 
15.7077 2 1 1 0x0 0.4818 0.2547 0.48 0.25 0.0000 -0.0000 0.1000 0.1000 0.4940 -0.1077 0.113591 -1.587896 12.23 
15.7177 2 1 1 0x0 0.4825 0.2553 0.48 0.26 0.0000 -0.0000 0.1000 0.1000 0.4940 -0.1077 0.113591 -1.591514 12.23 
15.7277 2 1 1 0x0 0.4832 0.2560 0.48 0.26 0.0000 -0.0000 0.1000 0.1000 0.4940 -0.1077 0.113591 -1.594963 12.23 
15.7377 2 1 1 0x0 0.4839 0.2567 0.48 0.26 0.0000 -0.0000 0.1000 0.1000 0.4940 -0.1077 0.113591 -1.598139 12.22 
15.7477 2 1 1 0x0 0.4846 0.2574 0.48 0.26 0.0000 -0.0000 0.1000 0.1000 0.4940 -0.1077 0.113591 -1.601131 12.23 
15.7577 2 1 1 0x0 0.4853 0.2581 0.49 0.26 0.0000 -0.0000 0.1000 0.1000 0.4940 -0.1077 0.113591 -1.604084 12.23 
15.7677 2 1 1 0x0 0.4860 0.2588 0.49 0.26 0.0000 -0.0000 0.1000 0.1000 0.4940 -0.1077 0.113591 -1.607145 12.23 
15.7777 2 1 1 0x0 0.4866 0.2595 0.49 0.26 0.0000 -0.0000 0.1000 0.1000 0.4940 -0.1077 0.113591 -1.609956 12.23 
15.7878 2 1 1 0x0 0.4873 0.2601 0.49 0.26 0.0000 -0.0000 0.1000 0.1000 0.4940 -0.1077 0.113591 -1.611770 12.24 
15.7978 2 1 1 0x0 0.4880 0.2608 0.49 0.26 0.0000 -0.0000 0.1000 0.1000 0.4940 -0.1077 0.113591 -1.611884 12.23 
15.8078 2 1 1 0x0 0.4887 0.2615 0.49 0.26 0.0000 -0.0000 0.1000 0.1000 0.4940 -0.1077 0.113591 -1.610040 12.23 
15.8178 2 1 1 0x0 0.4894 0.2622 0.49 0.26 0.0000 -0.0000 0.1000 0.1000 0.4940 -0.1077 0.113591 -1.606534 12.24 
15.8278 2 1 1 0x0 0.4901 0.2629 0.49 0.26 0.0000 -0.0000 0.1000 0.1000 0.4940 -0.1077 0.113591 -1.601902 12.23 
15.8378 2 1 1 0x0 0.4908 0.2636 0.49 0.26 0.0000 -0.0000 0.1000 0.1000 0.4940 -0.1077 0.113591 -1.596603 12.23 
15.8478 2 1 1 0x0 0.5011 0.2685 0.50 0.27 -0.0000 -0.0000 0.1000 0.1000 0.4938 -0.1077 0.116295 -1.591893 12.22 
15.8578 2 1 1 0x0 0.5011 0.2685 0.50 0.27 -0.0000 -0.0000 0.1000 0.1000 0.4938 -0.1077 0.116295 -1.587379 12.23 
15.8678 2 1 1 0x0 0.5108 0.2728 0.51 0.27 -0.0000 -0.0000 0.1000 0.1000 0.4936 -0.1078 0.119000 -1.582665 12.23 
15.8778 2 1 1 0x0 0.5298 0.2810 0.53 0.28 -0.0550 -0.0000 0.0047 0.1000 0.4932 -0.1078 0.124409 -1.578690 12.23 
15.8878 2 1 1 0x0 0.5381 0.2838 0.54 0.28 -0.0683 -0.0000 0.0081 0.1000 0.4930 -0.1078 0.127113 -1.575089 12.23 
15.8978 2 1 1 0x0 0.5460 0.2864 0.55 0.29 -0.0527 -0.0000 0.0113 0.1000 0.4928 -0.1079 0.129818 -1.571740 12.23 
15.9078 2 1 1 0x0 0.5537 0.2887 0.55 0.29 -0.0520 -0.0000 0.0135 0.1000 0.4926 -0.1079 0.132523 -1.568250 12.23 
15.9178 2 1 1 0x0 0.5615 0.2911 0.56 0.29 -0.0325 -0.0000 0.0134 0.1000 0.4924 -0.1079 0.135227 -1.563438 12.23 
15.9278 2 1 1 0x0 0.5598 0.2894 0.56 0.29 -0.0237 -0.0000 0.0234 0.1000 0.4924 -0.1079 0.135227 -1.556540 12.23 
15.9378 2 1 1 0x0 0.5587 0.2882 0.56 0.29 -0.0150 -0.0000 0.0334 0.1000 0.4924 -0.1079 0.135227 -1.548028 12.24 
15.9478 2 1 1 0x0 0.5579 0.2875 0.56 0.29 -0.0109 -0.0000 0.0434 0.1000 0.4924 -0.1079 0.135227 -1.537978 12.23 
15.9578 2 1 1 0x0 0.5576 0.2871 0.56 0.29 -0.0086 -0.0000 0.0534 0.1000 0.4924 -0.1079 0.135227 -1.527516 12.23 
15.9678 2 1 1 0x0 0.5575 0.2870 0.56 0.29 -0.0071 -0.0000 0.0634 0.1000 0.4924 -0.1079 0.135227 -1.517793 12.23 
15.9778 2 1 1 0x0 0.5577 0.2872 0.56 0.29 -0.0060 -0.0000 0.0734 0.1000 0.4924 -0.1079 0.135227 -1.509327 12.22 
15.9878 2 1 1 0x0 0.5580 0.2876 0.56 0.29 -0.0053 -0.0000 0.0834 0.1000 0.4924 -0.1079 0.135227 -1.501401 12.23 
15.9978 2 1 1 0x0 0.5586 0.2881 0.56 0.29 -0.0047 -0.0000 0.0934 0.1000 0.4924 -0.1079 0.135227 -1.493227 12.23 
16.0078 2 1 1 0x0 0.5592 0.2888 0.56 0.29 -0.0042 -0.0000 0.1000 0.1000 0.4924 -0.1079 0.135227 -1.484729 12.23 
16.0178 2 1 1 0x0 0.5600 0.2895 0.56 0.29 -0.0038 -0.0000 0.1000 0.1000 0.4924 -0.1079 0.135227 -1.476291 12.23 
16.0278 2 1 1 0x0 0.5609 0.2904 0.56 0.29 -0.0035 -0.0000 0.1000 0.1000 0.4924 -0.1079 0.135227 -1.468009 12.23 
16.0378 2 1 1 0x0 0.5618 0.2914 0.56 0.29 -0.0032 -0.0000 0.1000 0.1000 0.4924 -0.1079 0.135227 -1.459806 12.22 
16.0478 2 1 1 0x0 0.5628 0.2924 0.56 0.29 -0.0030 -0.0000 0.1000 0.1000 0.4924 -0.1079 0.135227 -1.451787 12.23 
16.0578 2 1 1 0x0 0.5639 0.2934 0.56 0.29 -0.0028 -0.0000 0.1000 0.1000 0.4924 -0.1079 0.135227 -1.443987 12.23 
16.0678 2 1 1 0x0 0.5650 0.2945 0.56 0.29 -0.0026 -0.0000 0.1000 0.1000 0.4924 -0.1079 0.135227 -1.435985 12.23 
16.0778 2 1 1 0x0 0.5661 0.2956 0.57 0.30 -0.0024 -0.0000 0.1000 0.1000 0.4924 -0.1079 0.135227 -1.427257 12.23 
16.0878 2 1 1 0x0 0.5673 0.2968 0.57 0.30 -0.0023 -0.0000 0.1000 0.1000 0.4924 -0.1079 0.135227 -1.417846 12.22 
16.0978 2 1 1 0x0 0.5684 0.2980 0.57 0.30 -0.0022 -0.0000 0.1000 0.1000 0.4924 -0.1079 0.135227 -1.407711 12.23 
16.1078 2 1 1 0x0 0.5696 0.2992 0.57 0.30 -0.0021 -0.0000 0.1000 0.1000 0.4924 -0.1079 0.135227 -1.396910 12.23 
16.1178 2 1 1 0x0 0.5709 0.3004 0.57 0.30 -0.0000 -0.0000 0.1000 0.1000 0.4924 -0.1079 0.135227 -1.385831 12.23 
16.1278 2 1 1 0x0 0.5721 0.3016 0.57 0.30 -0.0000 -0.0000 0.1000 0.1000 0.4924 -0.1079 0.135227 -1.374062 12.23 
16.1378 2 1 1 0x0 0.5733 0.3029 0.57 0.30 -0.0000 -0.0000 0.1000 0.1000 0.4924 -0.1079 0.135227 -1.362897 12.23 
16.1478 2 1 1 0x0 0.5746 0.3041 0.57 0.30 -0.0000 -0.0000 0.1000 0.1000 0.4924 -0.1079 0.135227 -1.355006 12.23 
16.1577 2 1 1 0x0 0.5759 0.3054 0.58 0.31 -0.0000 -0.0000 0.1000 0.1000 0.4924 -0.1079 0.135227 -1.349205 12.23 
16.1677 2 1 1 0x0 0.5771 0.3067 0.58 0.31 -0.0000 -0.0000 0.1000 0.1000 0.4924 -0.1079 0.135227 -1.343888 12.23 
16.1777 2 1 1 0x0 0.5784 0.3079 0.58 0.31 -0.0000 -0.0000 0.1000 0.1000 0.4924 -0.1079 0.135227 -1.338038 12.23 
16.1877 2 1 1 0x0 0.5797 0.3092 0.58 0.31 -0.0000 -0.0000 0.1000 0.1000 0.4924 -0.1079 0.135227 -1.330870 12.23 
16.1977 2 1 1 0x0 0.5809 0.3105 0.58 0.31 -0.0000 -0.0000 0.1000 0.1000 0.4924 -0.1079 0.135227 -1.321972 12.23 
16.2077 2 1 1 0x0 0.5822 0.3117 0.58 0.31 -0.0000 -0.0000 0.1000 0.1000 0.4924 -0.1079 0.135227 -1.310894 12.22 
16.2177 2 1 1 0x0 0.5835 0.3130 0.58 0.31 -0.0000 -0.0000 0.1000 0.1000 0.4924 -0.1079 0.135227 -1.297256 12.23 
16.2277 2 1 1 0x0 0.5848 0.3143 0.58 0.31 -0.0000 -0.0000 0.1000 0.1000 0.4924 -0.1079 0.135227 -1.281399 12.22 
16.2377 2 1 1 0x0 0.5861 0.3156 0.59 0.32 -0.0000 -0.0000 0.1000 0.1000 0.4924 -0.1079 0.135227 -1.264180 12.23 
16.2477 2 1 1 0x0 0.5874 0.3169 0.59 0.32 -0.0000 -0.0000 0.1000 0.1000 0.4924 -0.1079 0.135227 -1.246471 12.23 
16.2577 2 1 1 0x0 0.5887 0.3182 0.59 0.32 -0.0000 -0.0000 0.1000 0.1000 0.4924 -0.1079 0.135227 -1.229297 12.23 
16.2677 2 1 1 0x0 0.5900 0.3195 0.59 0.32 -0.0000 -0.0000 0.1000 0.1000 0.4924 -0.1079 0.135227 -1.212752 12.23 
16.2777 2 1 1 0x0 0.5913 0.3208 0.59 0.32 -0.0000 -0.0000 0.1000 0.1000 0.4924 -0.1079 0.135227 -1.195786 12.23 
16.2877 2 1 1 0x0 0.5925 0.3221 0.59 0.32 -0.0000 -0.0000 0.1000 0.1000 0.4924 -0.1079 0.135227 -1.178014 12.23 
16.2977 2 1 1 0x0 0.5938 0.3234 0.59 0.32 -0.0000 -0.0000 0.1000 0.1000 0.4924 -0.1079 0.135227 -1.160303 12.22 
16.3077 2 1 1 0x0 0.5951 0.3247 0.60 0.32 -0.0000 -0.0000 0.1000 0.1000 0.4924 -0.1079 0.135227 -1.143028 12.23 
16.3177 2 1 1 0x0 0.5964 0.3260 0.60 0.33 -0.0000 -0.0000 0.1000 0.1000 0.4924 -0.1079 0.135227 -1.127253 12.23 
16.3277 2 1 1 0x0 0.5977 0.3273 0.60 0.33 -0.0000 -0.0000 0.1000 0.1000 0.4924 -0.1079 0.135227 -1.112789 12.23 
16.3377 2 1 1 0x0 0.5990 0.3286 0.60 0.33 -0.0000 -0.0000 0.1000 0.1000 0.4924 -0.1079 0.135227 -1.100088 12.23 
16.3476 2 1 1 0x0 0.6003 0.3298 0.60 0.33 -0.0000 -0.0000 0.1000 0.1000 0.4924 -0.1079 0.135227 -1.088985 12.23 
16.3576 2 1 1 0x0 0.6016 0.3311 0.60 0.33 -0.0000 -0.0000 0.1000 0.1000 0.4924 -0.1079 0.135227 -1.078476 12.23 
16.3676 2 1 1 0x0 0.6029 0.3324 0.60 0.33 -0.0000 -0.0000 0.1000 0.1000 0.4924 -0.1079 0.135227 -1.067850 12.23 
16.3776 2 1 1 0x0 0.6042 0.3337 0.60 0.33 -0.0000 -0.0000 0.1000 0.1000 0.4924 -0.1079 0.135227 -1.056654 12.23 
16.3876 2 1 1 0x0 0.6055 0.3350 0.61 0.34 -0.0000 -0.0000 0.1000 0.1000 0.4924 -0.1079 0.135227 -1.044475 12.23 
16.3976 2 1 1 0x0 0.6068 0.3363 0.61 0.34 -0.0000 -0.0000 0.1000 0.1000 0.4924 -0.1079 0.135227 -1.031741 12.24 
16.4076 2 1 1 0x0 0.6081 0.3376 0.61 0.34 -0.0000 -0.0000 0.1000 0.1000 0.4924 -0.1079 0.135227 -1.019603 12.23 
16.4176 2 1 1 0x0 0.6094 0.3389 0.61 0.34 -0.0000 -0.0000 0.1000 0.1000 0.4924 -0.1079 0.135227 -1.008126 12.24 
16.4276 2 1 1 0x0 0.6106 0.3402 0.61 0.34 -0.0000 -0.0000 0.1000 0.1000 0.4924 -0.1079 0.135227 -0.996680 12.23 
16.4376 2 1 1 0x0 0.6119 0.3415 0.61 0.34 -0.0000 -0.0000 0.1000 0.1000 0.4924 -0.1079 0.135227 -0.985526 12.23 
16.4476 2 1 1 0x0 0.6132 0.3428 0.61 0.34 -0.0000 -0.0000 0.1000 0.1000 0.4924 -0.1079 0.135227 -0.975207 12.23 
16.4576 2 1 1 0x0 0.6145 0.3441 0.61 0.34 -0.0000 -0.0000 0.1000 0.1000 0.4924 -0.1079 0.135227 -0.966202 12.23 
16.4676 2 1 1 0x0 0.6158 0.3454 0.62 0.35 -0.0000 -0.0000 0.1000 0.1000 0.4924 -0.1079 0.135227 -0.959285 12.23 
16.4776 2 1 1 0x0 0.6171 0.3467 0.62 0.35 -0.0000 -0.0000 0.1000 0.1000 0.4924 -0.1079 0.135227 -0.953552 12.23 
16.4876 2 1 1 0x0 0.6184 0.3479 0.62 0.35 -0.0000 -0.0000 0.1000 0.1000 0.4924 -0.1079 0.135227 -0.948128 12.22 
16.4976 2 1 1 0x0 0.6197 0.3492 0.62 0.35 -0.0000 -0.0000 0.1000 0.1000 0.4924 -0.1079 0.135227 -0.941854 12.23 
16.5076 2 1 1 0x0 0.6210 0.3505 0.62 0.35 -0.0000 -0.0000 0.1000 0.1000 0.4924 -0.1079 0.135227 -0.934468 12.23 
16.5176 2 1 1 0x0 0.6223 0.3518 0.62 0.35 -0.0000 -0.0000 0.1000 0.1000 0.4924 -0.1079 0.135227 -0.926326 12.23 
16.5275 2 1 1 0x0 0.6236 0.3531 0.62 0.35 -0.0000 -0.0000 0.1000 0.1000 0.4924 -0.1079 0.135227 -0.919887 12.23 
16.5375 2 1 1 0x0 0.6249 0.3544 0.62 0.35 -0.0000 -0.0000 0.1000 0.1000 0.4924 -0.1079 0.135227 -0.915041 12.23 
16.5475 2 1 1 0x0 0.6262 0.3557 0.63 0.36 -0.0000 -0.0000 0.1000 0.1000 0.4924 -0.1079 0.135227 -0.912350 12.23 
16.5575 2 1 1 0x0 0.6275 0.3570 0.63 0.36 -0.0000 -0.0000 0.1000 0.1000 0.4924 -0.1079 0.135227 -0.911013 12.23 
16.5675 2 1 1 0x0 0.6287 0.3583 0.63 0.36 -0.0000 -0.0000 0.1000 0.1000 0.4924 -0.1079 0.135227 -0.910109 12.23 
16.5775 2 1 1 0x0 0.6300 0.3596 0.63 0.36 -0.0000 -0.0000 0.1000 0.1000 0.4924 -0.1079 0.135227 -0.908919 12.23 
16.5875 2 1 1 0x0 0.6313 0.3609 0.63 0.36 -0.0000 -0.0000 0.1000 0.1000 0.4924 -0.1079 0.135227 -0.906658 12.23 
16.5975 2 1 1 0x0 0.6326 0.3622 0.63 0.36 -0.0000 -0.0000 0.1000 0.1000 0.4924 -0.1079 0.135227 -0.902571 12.23 
16.6075 2 1 1 0x0 0.6339 0.3635 0.63 0.36 -0.0000 -0.0000 0.1000 0.1000 0.4924 -0.1079 0.135227 -0.896497 12.23 
16.6175 2 1 1 0x0 0.6352 0.3648 0.64 0.36 -0.0000 -0.0000 0.1000 0.1000 0.4924 -0.1079 0.135227 -0.888412 12.23 
16.6275 2 1 1 0x0 0.6365 0.3660 0.64 0.37 -0.0000 -0.0000 0.1000 0.1000 0.4924 -0.1079 0.135227 -0.878133 12.23 
16.6375 2 1 1 0x0 0.6378 0.3673 0.64 0.37 -0.0000 -0.0000 0.1000 0.1000 0.4924 -0.1079 0.135227 -0.865951 12.22 
16.6475 2 1 1 0x0 0.6391 0.3686 0.64 0.37 -0.0000 -0.0000 0.1000 0.1000 0.4924 -0.1079 0.135227 -0.852783 12.23 
16.6575 2 1 1 0x0 0.6501 0.3742 0.65 0.37 -0.0005 -0.0000 0.1000 0.1000 0.4922 -0.1079 0.137932 -0.838900 12.23 
16.6675 2 1 1 0x0 0.6507 0.3749 0.65 0.37 -0.0005 -0.0000 0.1000 0.1000 0.4922 -0.1079 0.137932 -0.825274 12.23 
16.6775 2 1 1 0x0 0.6614 0.3802 0.66 0.38 -0.0174 -0.0000 0.0123 0.1000 0.4920 -0.1080 0.140636 -0.813015 12.22 
16.6875 2 1 1 0x0 0.6617 0.3804 0.66 0.38 -0.0174 -0.0000 0.0223 0.1000 0.4920 -0.1080 0.140636 -0.802356 12.23 
16.6975 2 1 1 0x0 0.6715 0.3849 0.67 0.38 -0.0311 -0.0000 0.0141 0.1000 0.4918 -0.1080 0.143341 -0.797543 12.23 
16.7074 2 1 1 0x0 0.6716 0.3849 0.67 0.38 -0.0230 -0.0000 0.0241 0.1000 0.4918 -0.1080 0.143341 -0.795159 12.23 
16.7174 2 1 1 0x0 0.6719 0.3852 0.67 0.39 -0.0147 -0.0000 0.0341 0.1000 0.4918 -0.1080 0.143341 -0.791751 12.23 
16.7274 2 1 1 0x0 0.6724 0.3858 0.67 0.39 -0.0108 -0.0000 0.0441 0.1000 0.4918 -0.1080 0.143341 -0.787413 12.23 
16.7374 2 1 1 0x0 0.6636 0.3823 0.66 0.38 0.0096 -0.0000 0.0265 0.1000 0.4920 -0.1080 0.140636 -0.783529 12.23 
16.7474 2 1 1 0x0 0.6650 0.3837 0.67 0.38 0.0096 -0.0000 0.0365 0.1000 0.4920 -0.1080 0.140636 -0.780718 12.23 
16.7574 2 1 1 0x0 0.6665 0.3852 0.67 0.39 0.0096 -0.0000 0.0465 0.1000 0.4920 -0.1080 0.140636 -0.778968 12.23 
16.7674 2 1 1 0x0 0.6679 0.3866 0.67 0.39 0.0096 -0.0000 0.0565 0.1000 0.4920 -0.1080 0.140636 -0.778698 12.23 
16.7774 2 1 1 0x0 0.6693 0.3881 0.67 0.39 0.0089 -0.0000 0.0665 0.1000 0.4920 -0.1080 0.140636 -0.780317 12.22 
16.7874 2 1 1 0x0 0.6708 0.3895 0.67 0.39 0.0073 -0.0000 0.0765 0.1000 0.4920 -0.1080 0.140636 -0.783727 12.23 
16.7974 2 1 1 0x0 0.6722 0.3909 0.67 0.39 0.0062 -0.0000 0.0865 0.1000 0.4920 -0.1080 0.140636 -0.788460 12.22 
16.8074 2 1 1 0x0 0.6737 0.3924 0.67 0.39 0.0054 -0.0000 0.0965 0.1000 0.4920 -0.1080 0.140636 -0.793516 12.23 
16.8174 2 1 1 0x0 0.6751 0.3938 0.68 0.39 0.0048 -0.0000 0.1000 0.1000 0.4920 -0.1080 0.140636 -0.799006 12.23 
16.8274 2 1 1 0x0 0.6765 0.3953 0.68 0.40 0.0043 -0.0000 0.1000 0.1000 0.4920 -0.1080 0.140636 -0.804669 12.23 
16.8374 2 1 1 0x0 0.6685 0.3927 0.67 0.39 0.0041 -0.0000 0.0562 0.1000 0.4922 -0.1079 0.137932 -0.809431 12.23 
16.8474 2 1 1 0x0 0.6608 0.3904 0.66 0.39 0.0307 -0.0000 0.0104 0.1000 0.4924 -0.1079 0.135227 -0.814110 12.23 
16.8574 2 1 1 0x0 0.6538 0.3888 0.65 0.39 0.0509 -0.0000 0.0098 0.1000 0.4926 -0.1079 0.132523 -0.819361 12.23 
16.8674 2 1 1 0x0 0.6471 0.3875 0.65 0.39 0.0396 -0.0000 0.0107 0.1000 0.4928 -0.1079 0.129818 -0.825659 12.23 
16.8774 2 1 1 0x0 0.6409 0.3866 0.64 0.39 0.0524 -0.0000 0.0117 0.1000 0.4930 -0.1078 0.127113 -0.827040 12.22 
16.8873 2 1 1 0x0 0.6347 0.3859 0.63 0.39 0.0330 -0.0000 0.0117 0.1000 0.4932 -0.1078 0.124409 -0.837914 12.23 
16.8973 2 1 1 0x0 0.6382 0.3894 0.64 0.39 0.0261 -0.0000 0.0217 0.1000 0.4932 -0.1078 0.124409 -0.848505 12.23 
16.9073 2 1 1 0x0 0.6414 0.3925 0.64 0.39 0.0159 -0.0000 0.0317 0.1000 0.4932 -0.1078 0.124409 -0.844880 12.23 
16.9173 2 1 1 0x0 0.6441 0.3953 0.64 0.40 0.0114 -0.0000 0.0417 0.1000 0.4932 -0.1078 0.124409 -0.838640 12.23 
16.9273 2 1 1 0x0 0.6509 0.4075 0.65 0.41 0.0089 -0.0000 0.0517 0.1000 0.4930 -0.1078 0.121704 -0.836607 12.23 
16.9373 2 1 1 0x0 0.6525 0.4090 0.65 0.41 0.0073 -0.0000 0.0617 0.1000 0.4930 -0.1078 0.121704 -0.837209 12.23 
16.9473 2 1 1 0x0 0.6539 0.4105 0.65 0.41 0.0062 -0.0000 0.0717 0.1000 0.4930 -0.1078 0.121704 -0.836847 12.23 
16.9573 2 1 1 0x0 0.6596 0.4216 0.66 0.42 0.0054 -0.0000 0.0817 0.1000 0.4928 -0.1079 0.119000 -0.835500 12.23 
16.9673 2 1 1 0x0 0.6603 0.4223 0.66 0.42 0.0047 -0.0000 0.0917 0.1000 0.4928 -0.1079 0.119000 -0.834904 12.23 
16.9773 2 1 1 0x0 0.6611 0.4231 0.66 0.42 0.0042 -0.0000 0.1000 0.1000 0.4928 -0.1079 0.119000 -0.834971 12.23 
16.9873 2 1 1 0x0 0.6619 0.4239 0.66 0.42 0.0038 -0.0000 0.1000 0.1000 0.4928 -0.1079 0.119000 -0.833666 12.23 
16.9973 2 1 1 0x0 0.6628 0.4248 0.66 0.42 0.0035 -0.0000 0.1000 0.1000 0.4928 -0.1079 0.119000 -0.831765 12.23 
17.0073 2 1 1 0x0 0.6637 0.4257 0.66 0.43 0.0032 -0.0000 0.1000 0.1000 0.4928 -0.1079 0.119000 -0.830146 12.23 
17.0173 2 1 1 0x0 0.6647 0.4267 0.66 0.43 0.0030 -0.0000 0.1000 0.1000 0.4928 -0.1079 0.119000 -0.829121 12.23 
17.0273 2 1 1 0x0 0.6657 0.4277 0.67 0.43 0.0028 -0.0000 0.1000 0.1000 0.4928 -0.1079 0.119000 -0.828102 12.23 
17.0373 2 1 1 0x0 0.6667 0.4287 0.67 0.43 0.0026 -0.0000 0.1000 0.1000 0.4928 -0.1079 0.119000 -0.826902 12.23 
17.0473 2 1 1 0x0 0.6677 0.4297 0.67 0.43 0.0025 -0.0000 0.1000 0.1000 0.4928 -0.1079 0.119000 -0.825494 12.23 
17.0573 2 1 1 0x0 0.6688 0.4308 0.67 0.43 0.0023 -0.0000 0.1000 0.1000 0.4928 -0.1079 0.119000 -0.823926 12.23 
17.0672 2 1 1 0x0 0.6699 0.4319 0.67 0.43 0.0022 -0.0000 0.1000 0.1000 0.4928 -0.1079 0.119000 -0.822603 12.23 
17.0772 2 1 1 0x0 0.6709 0.4329 0.67 0.43 0.0021 -0.0000 0.1000 0.1000 0.4928 -0.1079 0.119000 -0.821716 12.23 
17.0872 2 1 1 0x0 0.6720 0.4340 0.67 0.43 0.0000 -0.0000 0.1000 0.1000 0.4928 -0.1079 0.119000 -0.820913 12.23 
17.0972 2 1 1 0x0 0.6731 0.4351 0.67 0.44 0.0000 -0.0000 0.1000 0.1000 0.4928 -0.1079 0.119000 -0.820014 12.23 
17.1072 2 1 1 0x0 0.6742 0.4362 0.67 0.44 0.0000 -0.0000 0.1000 0.1000 0.4928 -0.1079 0.119000 -0.818872 12.23 
17.1172 2 1 1 0x0 0.6754 0.4374 0.68 0.44 0.0000 -0.0000 0.1000 0.1000 0.4928 -0.1079 0.119000 -0.817602 12.23 
17.1272 2 1 1 0x0 0.6765 0.4385 0.68 0.44 0.0000 -0.0000 0.1000 0.1000 0.4928 -0.1079 0.119000 -0.816388 12.23 
17.1372 2 1 1 0x0 0.6776 0.4396 0.68 0.44 0.0000 -0.0000 0.1000 0.1000 0.4928 -0.1079 0.119000 -0.815298 12.23 
17.1472 2 1 1 0x0 0.6787 0.4407 0.68 0.44 0.0000 -0.0000 0.1000 0.1000 0.4928 -0.1079 0.119000 -0.814366 12.23 
17.1572 2 1 1 0x0 0.6798 0.4418 0.68 0.44 0.0000 -0.0000 0.1000 0.1000 0.4928 -0.1079 0.119000 -0.813503 12.23 
17.1672 2 1 1 0x0 0.6810 0.4430 0.68 0.44 0.0000 -0.0000 0.1000 0.1000 0.4928 -0.1079 0.119000 -0.812573 12.23 
17.1772 2 1 1 0x0 0.6821 0.4441 0.68 0.44 0.0000 -0.0000 0.1000 0.1000 0.4928 -0.1079 0.119000 -0.811599 12.23 
17.1872 2 1 1 0x0 0.6833 0.4453 0.68 0.45 0.0000 -0.0000 0.1000 0.1000 0.4928 -0.1079 0.119000 -0.810604 12.23 
17.1972 2 1 1 0x0 0.6844 0.4464 0.68 0.45 0.0000 -0.0000 0.1000 0.1000 0.4928 -0.1079 0.119000 -0.809524 12.22 
17.2072 2 1 1 0x0 0.6855 0.4475 0.69 0.45 0.0000 -0.0000 0.1000 0.1000 0.4928 -0.1079 0.119000 -0.808463 12.23 
17.2172 2 1 1 0x0 0.6867 0.4487 0.69 0.45 0.0000 -0.0000 0.1000 0.1000 0.4928 -0.1079 0.119000 -0.807530 12.23 
17.2272 2 1 1 0x0 0.6878 0.4498 0.69 0.45 0.0000 -0.0000 0.1000 0.1000 0.4928 -0.1079 0.119000 -0.806723 12.23 
17.2372 2 1 1 0x0 0.6890 0.4510 0.69 0.45 0.0000 -0.0000 0.1000 0.1000 0.4928 -0.1079 0.119000 -0.805821 12.23 
17.2472 2 1 1 0x0 0.6901 0.4521 0.69 0.45 0.0000 -0.0000 0.1000 0.1000 0.4928 -0.1079 0.119000 -0.804801 12.23 
17.2571 2 1 1 0x0 0.6912 0.4532 0.69 0.45 0.0000 -0.0000 0.1000 0.1000 0.4928 -0.1079 0.119000 -0.803780 12.23 
17.2671 2 1 1 0x0 0.6924 0.4544 0.69 0.45 0.0000 -0.0000 0.1000 0.1000 0.4928 -0.1079 0.119000 -0.802867 12.23 
17.2771 2 1 1 0x0 0.6935 0.4555 0.69 0.46 0.0000 -0.0000 0.1000 0.1000 0.4928 -0.1079 0.119000 -0.801988 12.23 
17.2871 2 1 1 0x0 0.6947 0.4567 0.69 0.46 0.0000 -0.0000 0.1000 0.1000 0.4928 -0.1079 0.119000 -0.801088 12.23 
17.2971 2 1 1 0x0 0.6958 0.4578 0.70 0.46 0.0000 -0.0000 0.1000 0.1000 0.4928 -0.1079 0.119000 -0.800229 12.23 
17.3071 2 1 1 0x0 0.6969 0.4589 0.70 0.46 0.0000 -0.0000 0.1000 0.1000 0.4928 -0.1079 0.119000 -0.799384 12.22 
17.3171 2 1 1 0x0 0.6981 0.4601 0.70 0.46 0.0000 -0.0000 0.1000 0.1000 0.4928 -0.1079 0.119000 -0.798491 12.23 
17.3271 2 1 1 0x0 0.6992 0.4612 0.70 0.46 0.0000 -0.0000 0.1000 0.1000 0.4928 -0.1079 0.119000 -0.797559 12.23 
17.3371 2 1 1 0x0 0.7004 0.4624 0.70 0.46 0.0000 -0.0000 0.1000 0.1000 0.4928 -0.1079 0.119000 -0.796698 12.23 
17.3471 2 1 1 0x0 0.7015 0.4635 0.70 0.46 0.0000 -0.0000 0.1000 0.1000 0.4928 -0.1079 0.119000 -0.795896 12.23 
17.3571 2 1 1 0x0 0.7026 0.4646 0.70 0.46 0.0000 -0.0000 0.1000 0.1000 0.4928 -0.1079 0.119000 -0.795075 12.23 
17.3671 2 1 1 0x0 0.7038 0.4658 0.70 0.47 0.0000 -0.0000 0.1000 0.1000 0.4928 -0.1079 0.119000 -0.794253 12.23 
17.3771 2 1 1 0x0 0.7049 0.4669 0.70 0.47 0.0000 -0.0000 0.1000 0.1000 0.4928 -0.1079 0.119000 -0.793430 12.23 
17.3871 2 1 1 0x0 0.7061 0.4681 0.71 0.47 0.0000 -0.0000 0.1000 0.1000 0.4928 -0.1079 0.119000 -0.792608 12.23 
17.3971 2 1 1 0x0 0.7072 0.4692 0.71 0.47 0.0000 -0.0000 0.1000 0.1000 0.4928 -0.1079 0.119000 -0.791788 12.23 
17.4071 2 1 1 0x0 0.7083 0.4703 0.71 0.47 0.0000 -0.0000 0.1000 0.1000 0.4928 -0.1079 0.119000 -0.790993 12.23 
17.4171 2 1 1 0x0 0.7095 0.4715 0.71 0.47 0.0000 -0.0000 0.1000 0.1000 0.4928 -0.1079 0.119000 -0.790192 12.23 
17.4271 2 1 1 0x0 0.7106 0.4726 0.71 0.47 0.0000 -0.0000 0.1000 0.0000 0.4928 -0.1079 0.119000 -0.789398 12.23 
17.4370 2 1 1 0x0 0.7118 0.4738 0.71 0.47 0.0000 -0.0000 0.1000 0.0000 0.4928 -0.1079 0.119000 -0.788623 12.23 
17.4470 2 1 1 0x0 0.7129 0.4749 0.71 0.47 0.0000 -0.0000 0.1000 0.0000 0.4928 -0.1079 0.119000 -0.787576 12.23 
17.4570 2 1 1 0x0 0.7140 0.4760 0.71 0.48 0.0000 -0.0000 0.1000 0.0000 0.4928 -0.1079 0.119000 -0.786235 12.23 
17.4670 2 1 1 0x0 0.7152 0.4772 0.72 0.48 0.0000 -0.0000 0.1000 0.0000 0.4928 -0.1079 0.119000 -0.784898 12.23 
17.4770 2 1 1 0x0 0.7163 0.4783 0.72 0.48 0.0000 -0.0000 0.1000 0.0000 0.4928 -0.1079 0.119000 -0.784727 12.23 
17.4870 2 1 1 0x0 0.7175 0.4795 0.72 0.48 0.0000 -0.0000 0.1000 0.0000 0.4928 -0.1079 0.119000 -0.784243 12.23 
17.4970 2 1 1 0x0 0.7186 0.4806 0.72 0.48 0.0000 -0.0000 0.1000 0.0000 0.4928 -0.1079 0.119000 -0.783890 12.23 
17.5070 2 1 1 0x0 0.7238 0.4912 0.72 0.49 0.0000 -0.0000 0.1000 0.0000 0.4926 -0.1079 0.116295 -0.783422 12.23 
17.5170 2 1 1 0x0 0.7243 0.4917 0.72 0.49 0.0000 -0.0000 0.1000 0.0000 0.4926 -0.1079 0.116295 -0.783367 12.23 
17.5270 2 1 1 0x0 0.7250 0.4924 0.73 0.49 0.0000 -0.0000 0.1000 0.0000 0.4926 -0.1079 0.116295 -0.783011 12.23 
17.5370 2 1 1 0x0 0.7258 0.4932 0.73 0.49 0.0000 -0.0000 0.1000 0.0000 0.4926 -0.1079 0.116295 -0.782164 12.23 
17.5470 2 1 1 0x0 0.7267 0.4941 0.73 0.49 0.0000 -0.0000 0.1000 0.0000 0.4926 -0.1079 0.116295 -0.781425 12.23 
17.5570 2 1 1 0x0 0.7276 0.4950 0.73 0.49 0.0000 -0.0000 0.1000 0.0000 0.4926 -0.1079 0.116295 -0.780938 12.23 
17.5670 2 1 1 0x0 0.7285 0.4960 0.73 0.50 0.0000 -0.0000 0.1000 0.0000 0.4926 -0.1079 0.116295 -0.780540 12.23 
17.5770 2 1 1 0x0 0.7341 0.5069 0.73 0.51 0.0000 -0.0053 0.1000 0.0387 0.4924 -0.1079 0.113591 -0.780343 12.22 
17.5870 2 1 1 0x0 0.7345 0.5073 0.73 0.51 0.0000 -0.0053 0.1000 0.0487 0.4924 -0.1079 0.113591 -0.779662 12.23 
17.5970 2 1 1 0x0 0.7350 0.5078 0.74 0.51 0.0000 -0.0053 0.1000 0.0587 0.4924 -0.1079 0.113591 -0.778670 12.23 
17.6070 2 1 1 0x0 0.7357 0.5085 0.74 0.51 0.0000 -0.0053 0.1000 0.0687 0.4924 -0.1079 0.113591 -0.778183 12.23 
17.6169 2 1 1 0x0 0.7365 0.5093 0.74 0.51 0.0000 -0.0053 0.1000 0.0787 0.4924 -0.1079 0.113591 -0.777585 12.23 
17.6269 2 1 1 0x0 0.7374 0.5102 0.74 0.51 0.0000 -0.0053 0.1000 0.0887 0.4924 -0.1079 0.113591 -0.776618 12.23 
17.6369 2 1 1 0x0 0.7383 0.5111 0.74 0.51 0.0000 -0.0053 0.1000 0.0987 0.4924 -0.1079 0.113591 -0.775916 12.23 
17.6469 2 1 1 0x0 0.7393 0.5121 0.74 0.51 0.0000 -0.0053 0.1000 0.1000 0.4924 -0.1079 0.113591 -0.775563 12.23 
17.6569 2 1 1 0x0 0.7404 0.5132 0.74 0.51 0.0000 -0.0051 0.1000 0.1000 0.4924 -0.1079 0.113591 -0.774822 12.23 
17.6669 2 1 1 0x0 0.7415 0.5143 0.74 0.51 0.0000 -0.0045 0.1000 0.1000 0.4924 -0.1079 0.113591 -0.774109 12.22 
17.6769 2 1 1 0x0 0.7426 0.5154 0.74 0.52 0.0000 -0.0040 0.1000 0.1000 0.4924 -0.1079 0.113591 -0.773851 12.24 
17.6869 2 1 1 0x0 0.7438 0.5166 0.74 0.52 0.0000 -0.0037 0.1000 0.1000 0.4924 -0.1079 0.113591 -0.773118 12.23 
17.6969 2 1 1 0x0 0.7450 0.5178 0.74 0.52 0.0000 -0.0034 0.1000 0.1000 0.4924 -0.1079 0.113591 -0.772218 12.22 
17.7069 2 1 1 0x0 0.7462 0.5190 0.75 0.52 0.0000 -0.0031 0.1000 0.1000 0.4924 -0.1079 0.113591 -0.771578 12.23 
17.7169 2 1 1 0x0 0.7474 0.5202 0.75 0.52 0.0000 -0.0029 0.1000 0.1000 0.4924 -0.1079 0.113591 -0.770570 12.23 
17.7269 2 1 1 0x0 0.7580 0.5254 0.76 0.53 -0.0005 -0.0027 0.1000 0.1000 0.4922 -0.1079 0.116295 -0.769783 12.23 
17.7369 2 1 1 0x0 0.7586 0.5261 0.76 0.53 -0.0005 -0.0025 0.1000 0.1000 0.4922 -0.1079 0.116295 -0.769579 12.23 
17.7469 2 1 1 0x0 0.7595 0.5269 0.76 0.53 -0.0005 -0.0024 0.1000 0.1000 0.4922 -0.1079 0.116295 -0.768610 12.23 
17.7569 2 1 1 0x0 0.7604 0.5278 0.76 0.53 -0.0005 -0.0023 0.1000 0.1000 0.4922 -0.1079 0.116295 -0.767850 12.23 
17.7669 2 1 1 0x0 0.7614 0.5288 0.76 0.53 -0.0005 -0.0021 0.1000 0.1000 0.4922 -0.1079 0.116295 -0.767424 12.23 
17.7769 2 1 1 0x0 0.7624 0.5298 0.76 0.53 -0.0005 -0.0000 0.1000 0.1000 0.4922 -0.1079 0.116295 -0.766540 12.23 
17.7869 2 1 1 0x0 0.7635 0.5310 0.76 0.53 -0.0005 -0.0000 0.1000 0.1000 0.4922 -0.1079 0.116295 -0.766064 12.23 
17.7968 2 1 1 0x0 0.7647 0.5321 0.76 0.53 -0.0005 -0.0000 0.1000 0.1000 0.4922 -0.1079 0.116295 -0.765733 12.23 
17.8068 2 1 1 0x0 0.7659 0.5333 0.77 0.53 -0.0005 -0.0000 0.1000 0.1000 0.4922 -0.1079 0.116295 -0.765025 12.22 
17.8168 2 1 1 0x0 0.7671 0.5345 0.77 0.53 -0.0005 -0.0000 0.1000 0.1000 0.4922 -0.1079 0.116295 -0.764543 12.23 
17.8268 2 1 1 0x0 0.7684 0.5358 0.77 0.54 -0.0005 -0.0000 0.1000 0.1000 0.4922 -0.1079 0.116295 -0.763848 12.23 
17.8368 2 1 1 0x0 0.7697 0.5371 0.77 0.54 -0.0005 -0.0000 0.1000 0.1000 0.4922 -0.1079 0.116295 -0.762975 12.23 
17.8468 2 1 1 0x0 0.7709 0.5384 0.77 0.54 -0.0005 -0.0000 0.1000 0.1000 0.4922 -0.1079 0.116295 -0.762399 12.22 
17.8568 2 1 1 0x0 0.7722 0.5397 0.77 0.54 -0.0005 -0.0000 0.1000 0.1000 0.4922 -0.1079 0.116295 -0.761840 12.23 
17.8668 2 1 1 0x0 0.7736 0.5410 0.77 0.54 -0.0005 -0.0000 0.1000 0.1000 0.4922 -0.1079 0.116295 -0.761228 12.22 
17.8768 2 1 1 0x0 0.7749 0.5423 0.77 0.54 -0.0005 -0.0000 0.1000 0.1000 0.4922 -0.1079 0.116295 -0.760497 12.23 
17.8868 2 1 1 0x0 0.7762 0.5436 0.78 0.54 -0.0005 -0.0000 0.1000 0.1000 0.4922 -0.1079 0.116295 -0.759896 12.22 
17.8968 2 1 1 0x0 0.7776 0.5450 0.78 0.54 -0.0005 -0.0000 0.1000 0.1000 0.4922 -0.1079 0.116295 -0.759488 12.22 
17.9068 2 1 1 0x0 0.7789 0.5463 0.78 0.55 -0.0005 -0.0000 0.1000 0.1000 0.4922 -0.1079 0.116295 -0.759066 12.23 
17.9168 2 1 1 0x0 0.7802 0.5477 0.78 0.55 -0.0005 -0.0000 0.1000 0.1000 0.4922 -0.1079 0.116295 -0.758421 12.23 
17.9268 2 1 1 0x0 0.7816 0.5490 0.78 0.55 -0.0000 -0.0000 0.1000 0.1000 0.4922 -0.1079 0.116295 -0.757718 12.23 
17.9368 2 1 1 0x0 0.7829 0.5503 0.78 0.55 -0.0000 -0.0000 0.1000 0.1000 0.4922 -0.1079 0.116295 -0.757144 12.24 
17.9468 2 1 1 0x0 0.7843 0.5517 0.78 0.55 -0.0000 -0.0000 0.1000 0.1000 0.4922 -0.1079 0.116295 -0.756615 12.23 
17.9568 2 1 1 0x0 0.7857 0.5531 0.79 0.55 -0.0000 -0.0000 0.1000 0.1000 0.4922 -0.1079 0.116295 -0.756087 12.23 
17.9668 2 1 1 0x0 0.7870 0.5544 0.79 0.55 -0.0000 -0.0000 0.1000 0.1000 0.4922 -0.1079 0.116295 -0.755628 12.23 
17.9767 2 1 1 0x0 0.7884 0.5558 0.79 0.56 -0.0000 -0.0000 0.1000 0.1000 0.4922 -0.1079 0.116295 -0.755139 12.23 
17.9867 2 1 1 0x0 0.7898 0.5572 0.79 0.56 -0.0000 -0.0000 0.1000 0.1000 0.4922 -0.1079 0.116295 -0.754636 12.23 
17.9967 2 1 1 0x0 0.7911 0.5585 0.79 0.56 -0.0000 -0.0000 0.1000 0.1000 0.4922 -0.1079 0.116295 -0.754320 12.23 
18.0067 2 1 1 0x0 0.7965 0.5693 0.80 0.57 -0.0000 -0.0010 0.1000 0.1000 0.4920 -0.1080 0.113591 -0.753832 12.23 
18.0167 2 1 1 0x0 0.7973 0.5701 0.80 0.57 -0.0000 -0.0010 0.1000 0.1000 0.4920 -0.1080 0.113591 -0.753482 12.23 
18.0267 2 1 1 0x0 0.8025 0.5807 0.80 0.58 -0.0000 -0.0171 0.1000 0.0156 0.4918 -0.1080 0.110886 -0.753241 12.23 
18.0367 2 1 1 0x0 0.8029 0.5811 0.80 0.58 -0.0000 -0.0171 0.1000 0.0256 0.4918 -0.1080 0.110886 -0.752882 12.23 
18.0467 2 1 1 0x0 0.8035 0.5817 0.80 0.58 -0.0000 -0.0171 0.1000 0.0356 0.4918 -0.1080 0.110886 -0.753293 12.23 
18.0567 2 1 1 0x0 0.8042 0.5824 0.80 0.58 -0.0000 -0.0120 0.1000 0.0456 0.4918 -0.1080 0.110886 -0.753538 12.23 
18.0667 2 1 1 0x0 0.8051 0.5833 0.81 0.58 -0.0000 -0.0093 0.1000 0.0556 0.4918 -0.1080 0.110886 -0.753546 12.23 
18.0767 2 1 1 0x0 0.8061 0.5843 0.81 0.58 -0.0000 -0.0075 0.1000 0.0656 0.4918 -0.1080 0.110886 -0.753919 12.23 
18.0867 2 1 1 0x0 0.8072 0.5854 0.81 0.59 -0.0000 -0.0064 0.1000 0.0756 0.4918 -0.1080 0.110886 -0.754262 12.23 
18.0967 2 1 1 0x0 0.8084 0.5866 0.81 0.59 -0.0000 -0.0055 0.1000 0.0856 0.4918 -0.1080 0.110886 -0.753801 12.23 
18.1067 2 1 1 0x0 0.8096 0.5878 0.81 0.59 -0.0000 -0.0048 0.1000 0.0956 0.4918 -0.1080 0.110886 -0.752643 12.23 
18.1167 2 1 1 0x0 0.8109 0.5891 0.81 0.59 -0.0000 -0.0043 0.1000 0.1000 0.4918 -0.1080 0.110886 -0.751743 12.23 
18.1267 2 1 1 0x0 0.8122 0.5904 0.81 0.59 -0.0000 -0.0039 0.1000 0.1000 0.4918 -0.1080 0.110886 -0.751311 12.23 
18.1367 2 1 1 0x0 0.8040 0.5876 0.80 0.59 0.0010 -0.0036 0.1000 0.1000 0.4920 -0.1080 0.108182 -0.751069 12.23 
18.1467 2 1 1 0x0 0.8060 0.5896 0.81 0.59 0.0010 -0.0033 0.1000 0.1000 0.4920 -0.1080 0.108182 -0.750789 12.23 
18.1567 2 1 1 0x0 0.8078 0.5915 0.81 0.59 0.0010 -0.0030 0.1000 0.1000 0.4920 -0.1080 0.108182 -0.750277 12.23 
18.1666 2 1 1 0x0 0.8096 0.5933 0.81 0.59 0.0010 -0.0028 0.1000 0.1000 0.4920 -0.1080 0.108182 -0.749663 12.23 
18.1766 2 1 1 0x0 0.8114 0.5950 0.81 0.60 0.0010 -0.0026 0.1000 0.1000 0.4920 -0.1080 0.108182 -0.749192 12.22 
18.1866 2 1 1 0x0 0.8131 0.5967 0.81 0.60 0.0010 -0.0025 0.1000 0.1000 0.4920 -0.1080 0.108182 -0.748980 12.23 
18.1966 2 1 1 0x0 0.8147 0.5983 0.81 0.60 0.0010 -0.0023 0.1000 0.1000 0.4920 -0.1080 0.108182 -0.748878 12.23 
18.2066 2 1 1 0x0 0.8163 0.5999 0.82 0.60 0.0010 -0.0022 0.1000 0.1000 0.4920 -0.1080 0.108182 -0.748667 12.23 
18.2166 2 1 1 0x0 0.8179 0.6015 0.82 0.60 0.0010 -0.0021 0.1000 0.1000 0.4920 -0.1080 0.108182 -0.748354 12.23 
18.2266 2 1 1 0x0 0.8097 0.5987 0.81 0.60 0.0043 -0.0000 0.0489 0.1000 0.4922 -0.1079 0.105477 -0.747880 12.23 
18.2366 2 1 1 0x0 0.8118 0.6009 0.81 0.60 0.0043 -0.0000 0.0589 0.1000 0.4922 -0.1079 0.105477 -0.747467 12.23 
18.2466 2 1 1 0x0 0.8139 0.6029 0.81 0.60 0.0043 -0.0000 0.0689 0.1000 0.4922 -0.1079 0.105477 -0.747117 12.23 
18.2566 2 1 1 0x0 0.8158 0.6048 0.82 0.60 0.0043 -0.0000 0.0789 0.1000 0.4922 -0.1079 0.105477 -0.746939 12.23 
18.2666 2 1 1 0x0 0.8176 0.6066 0.82 0.61 0.0043 -0.0000 0.0889 0.1000 0.4922 -0.1079 0.105477 -0.746735 12.23 
18.2766 2 1 1 0x0 0.8193 0.6084 0.82 0.61 0.0043 -0.0000 0.0989 0.1000 0.4922 -0.1079 0.105477 -0.746431 12.23 
18.2866 2 1 1 0x0 0.8210 0.6100 0.82 0.61 0.0043 -0.0000 0.1000 0.1000 0.4922 -0.1079 0.105477 -0.746010 12.23 
18.2966 2 1 1 0x0 0.8226 0.6116 0.82 0.61 0.0043 -0.0000 0.1000 0.1000 0.4922 -0.1079 0.105477 -0.745494 12.23 
18.3066 2 1 1 0x0 0.8147 0.6092 0.81 0.61 0.0054 -0.0000 0.0447 0.1000 0.4924 -0.1079 0.102773 -0.744919 12.23 
18.3166 2 1 1 0x0 0.8168 0.6113 0.82 0.61 0.0054 -0.0000 0.0547 0.1000 0.4924 -0.1079 0.102773 -0.744455 12.23 
18.3266 2 1 1 0x0 0.8188 0.6132 0.82 0.61 0.0054 -0.0000 0.0647 0.1000 0.4924 -0.1079 0.102773 -0.744173 12.23 
18.3366 2 1 1 0x0 0.8206 0.6151 0.82 0.62 0.0054 -0.0000 0.0747 0.1000 0.4924 -0.1079 0.102773 -0.743936 12.23 
18.3465 2 1 1 0x0 0.8224 0.6168 0.82 0.62 0.0054 -0.0000 0.0847 0.1000 0.4924 -0.1079 0.102773 -0.743583 12.23 
18.3565 2 1 1 0x0 0.8280 0.6279 0.83 0.63 0.0054 -0.0012 0.0947 0.1000 0.4922 -0.1079 0.100068 -0.743259 12.23 
18.3665 2 1 1 0x0 0.8290 0.6289 0.83 0.63 0.0054 -0.0012 0.1000 0.1000 0.4922 -0.1079 0.100068 -0.743053 12.23 
18.3765 2 1 1 0x0 0.8301 0.6300 0.83 0.63 0.0053 -0.0012 0.1000 0.1000 0.4922 -0.1079 0.100068 -0.742902 12.23 
18.3865 2 1 1 0x0 0.8313 0.6311 0.83 0.63 0.0046 -0.0012 0.1000 0.1000 0.4922 -0.1079 0.100068 -0.742685 12.22 
18.3965 2 1 1 0x0 0.8325 0.6323 0.83 0.63 0.0042 -0.0012 0.1000 0.1000 0.4922 -0.1079 0.100068 -0.742433 12.23 
18.4065 2 1 1 0x0 0.8241 0.6294 0.82 0.63 0.0040 -0.0012 0.0561 0.1000 0.4924 -0.1079 0.097363 -0.742231 12.23 
18.4165 2 1 1 0x0 0.8259 0.6312 0.83 0.63 0.0040 -0.0012 0.0661 0.1000 0.4924 -0.1079 0.097363 -0.742111 12.23 
18.4265 2 1 1 0x0 0.8277 0.6330 0.83 0.63 0.0040 -0.0012 0.0761 0.1000 0.4924 -0.1079 0.097363 -0.742012 12.23 
18.4365 2 1 1 0x0 0.8199 0.6306 0.82 0.63 0.0149 -0.0012 0.0215 0.1000 0.4926 -0.1079 0.094659 -0.741692 12.23 
18.4465 2 1 1 0x0 0.8221 0.6328 0.82 0.63 0.0149 -0.0012 0.0315 0.1000 0.4926 -0.1079 0.094659 -0.740900 12.23 
18.4565 2 1 1 0x0 0.8241 0.6347 0.82 0.63 0.0149 -0.0012 0.0415 0.1000 0.4926 -0.1079 0.094659 -0.740066 12.22 
18.4665 2 1 1 0x0 0.8259 0.6366 0.83 0.64 0.0107 -0.0012 0.0515 0.1000 0.4926 -0.1079 0.094659 -0.739647 12.23 
18.4765 2 1 1 0x0 0.8181 0.6342 0.82 0.63 0.0097 -0.0012 0.0270 0.1000 0.4928 -0.1079 0.091954 -0.739411 12.23 
18.4865 2 1 1 0x0 0.8204 0.6365 0.82 0.64 0.0097 -0.0012 0.0370 0.1000 0.4928 -0.1079 0.091954 -0.739107 12.23 
18.4965 2 1 1 0x0 0.8224 0.6385 0.82 0.64 0.0097 -0.0012 0.0470 0.1000 0.4928 -0.1079 0.091954 -0.738728 12.23 
18.5065 2 1 1 0x0 0.8243 0.6404 0.82 0.64 0.0097 -0.0012 0.0570 0.1000 0.4928 -0.1079 0.091954 -0.738363 12.23 
18.5165 2 1 1 0x0 0.8260 0.6421 0.83 0.64 0.0088 -0.0012 0.0670 0.1000 0.4928 -0.1079 0.091954 -0.738069 12.21 
18.5264 2 1 1 0x0 0.8276 0.6437 0.83 0.64 0.0072 -0.0012 0.0770 0.1000 0.4928 -0.1079 0.091954 -0.737848 12.23 
18.5364 2 1 1 0x0 0.8292 0.6453 0.83 0.65 0.0061 -0.0012 0.0870 0.1000 0.4928 -0.1079 0.091954 -0.737602 12.23 
18.5464 2 1 1 0x0 0.8307 0.6468 0.83 0.65 0.0053 -0.0012 0.0970 0.1000 0.4928 -0.1079 0.091954 -0.737383 12.23 
18.5564 2 1 1 0x0 0.8321 0.6482 0.83 0.65 0.0047 -0.0000 0.1000 0.1000 0.4928 -0.1079 0.091954 -0.737315 12.23 
18.5664 2 1 1 0x0 0.8334 0.6495 0.83 0.65 0.0042 -0.0000 0.1000 0.1000 0.4928 -0.1079 0.091954 -0.737282 12.22 
18.5764 2 1 1 0x0 0.8248 0.6463 0.82 0.65 0.0038 -0.0000 0.0534 0.1000 0.4930 -0.1079 0.089250 -0.737225 12.23 
18.5864 2 1 1 0x0 0.8311 0.6580 0.83 0.66 0.0038 -0.0017 0.0634 0.1000 0.4928 -0.1079 0.086545 -0.737178 12.23 
18.5964 2 1 1 0x0 0.8323 0.6592 0.83 0.66 0.0038 -0.0017 0.0734 0.1000 0.4928 -0.1079 0.086545 -0.736979 12.22 
18.6064 2 1 1 0x0 0.8334 0.6603 0.83 0.66 0.0038 -0.0017 0.0834 0.1000 0.4928 -0.1079 0.086545 -0.736576 12.23 
18.6164 2 1 1 0x0 0.8253 0.6576 0.83 0.66 0.0132 -0.0017 0.0252 0.1000 0.4930 -0.1079 0.083841 -0.736286 12.22 
18.6264 2 1 1 0x0 0.8270 0.6593 0.83 0.66 0.0132 -0.0017 0.0352 0.1000 0.4930 -0.1079 0.083841 -0.736003 12.23 
18.6364 2 1 1 0x0 0.8286 0.6609 0.83 0.66 0.0132 -0.0017 0.0452 0.1000 0.4930 -0.1079 0.083841 -0.735774 12.22 
18.6464 2 1 1 0x0 0.8301 0.6624 0.83 0.66 0.0102 -0.0017 0.0552 0.1000 0.4930 -0.1079 0.083841 -0.735523 12.23 
18.6564 2 1 1 0x0 0.8315 0.6638 0.83 0.66 0.0081 -0.0017 0.0652 0.1000 0.4930 -0.1079 0.083841 -0.735049 12.23 
18.6664 2 1 1 0x0 0.8328 0.6652 0.83 0.67 0.0068 -0.0017 0.0752 0.1000 0.4930 -0.1079 0.083841 -0.734518 12.23 
18.6764 2 1 1 0x0 0.8341 0.6665 0.83 0.67 0.0058 -0.0017 0.0852 0.1000 0.4930 -0.1079 0.083841 -0.734207 12.23 
18.6864 2 1 1 0x0 0.8354 0.6677 0.84 0.67 0.0051 -0.0017 0.0952 0.1000 0.4930 -0.1079 0.083841 -0.734214 12.23 
18.6964 2 1 1 0x0 0.8366 0.6689 0.84 0.67 0.0045 -0.0017 0.1000 0.1000 0.4930 -0.1079 0.083841 -0.734072 12.21 
18.7063 2 1 1 0x0 0.8378 0.6701 0.84 0.67 0.0041 -0.0017 0.1000 0.1000 0.4930 -0.1079 0.083841 -0.733838 12.23 
18.7163 2 1 1 0x0 0.8390 0.6713 0.84 0.67 0.0037 -0.0017 0.1000 0.1000 0.4930 -0.1079 0.083841 -0.733531 12.23 
18.7263 2 1 1 0x0 0.8401 0.6725 0.84 0.67 0.0034 -0.0017 0.1000 0.1000 0.4930 -0.1079 0.083841 -0.733328 12.21 
18.7363 2 1 1 0x0 0.8413 0.6736 0.84 0.67 0.0031 -0.0017 0.1000 0.1000 0.4930 -0.1079 0.083841 -0.733096 12.23 
18.7463 2 1 1 0x0 0.8424 0.6747 0.84 0.67 0.0029 -0.0017 0.1000 0.1000 0.4930 -0.1079 0.083841 -0.732916 12.23 
18.7563 2 1 1 0x0 0.8435 0.6758 0.84 0.68 0.0027 -0.0017 0.1000 0.1000 0.4930 -0.1079 0.083841 -0.732937 12.23 
18.7663 2 1 1 0x0 0.8446 0.6769 0.84 0.68 0.0025 -0.0017 0.1000 0.1000 0.4930 -0.1079 0.083841 -0.733023 12.23 
18.7763 2 1 1 0x0 0.8457 0.6780 0.85 0.68 0.0024 -0.0017 0.1000 0.1000 0.4930 -0.1079 0.083841 -0.733059 12.23 
18.7863 2 1 1 0x0 0.8468 0.6791 0.85 0.68 0.0023 -0.0000 0.1000 0.1000 0.4930 -0.1079 0.083841 -0.732977 12.23 
18.7963 2 1 1 0x0 0.8479 0.6802 0.85 0.68 0.0021 -0.0000 0.1000 0.1000 0.4930 -0.1079 0.083841 -0.732900 12.23 
18.8063 2 1 1 0x0 0.8490 0.6813 0.85 0.68 0.0020 -0.0000 0.1000 0.1000 0.4930 -0.1079 0.083841 -0.732789 12.23 
18.8163 2 1 1 0x0 0.8501 0.6824 0.85 0.68 0.0000 -0.0000 0.1000 0.1000 0.4930 -0.1079 0.083841 -0.732548 12.23 
18.8263 2 1 1 0x0 0.8511 0.6835 0.85 0.68 0.0000 -0.0000 0.1000 0.1000 0.4930 -0.1079 0.083841 -0.732374 12.23 
18.8363 2 1 1 0x0 0.8522 0.6845 0.85 0.68 0.0000 -0.0000 0.1000 0.1000 0.4930 -0.1079 0.083841 -0.732193 12.23 
18.8463 2 1 1 0x0 0.8533 0.6856 0.85 0.69 0.0000 -0.0000 0.1000 0.1000 0.4930 -0.1079 0.083841 -0.732004 12.23 
18.8563 2 1 1 0x0 0.8543 0.6866 0.85 0.69 0.0000 -0.0000 0.1000 0.1000 0.4930 -0.1079 0.083841 -0.731793 12.23 
18.8663 2 1 1 0x0 0.8554 0.6877 0.86 0.69 0.0000 -0.0000 0.1000 0.1000 0.4930 -0.1079 0.083841 -0.731558 12.23 
18.8763 2 1 1 0x0 0.8564 0.6888 0.86 0.69 0.0000 -0.0000 0.1000 0.1000 0.4930 -0.1079 0.083841 -0.731375 12.23 
18.8862 2 1 1 0x0 0.8575 0.6898 0.86 0.69 0.0000 -0.0000 0.1000 0.1000 0.4930 -0.1079 0.083841 -0.731203 12.23 
18.8962 2 1 1 0x0 0.8586 0.6909 0.86 0.69 0.0000 -0.0000 0.1000 0.1000 0.4930 -0.1079 0.083841 -0.731018 12.23 
18.9062 2 1 1 0x0 0.8596 0.6919 0.86 0.69 0.0000 -0.0000 0.1000 0.1000 0.4930 -0.1079 0.083841 -0.730801 12.23 
18.9162 2 1 1 0x0 0.8607 0.6930 0.86 0.69 0.0000 -0.0000 0.1000 0.1000 0.4930 -0.1079 0.083841 -0.730619 12.23 
18.9262 2 1 1 0x0 0.8617 0.6941 0.86 0.69 0.0000 -0.0000 0.1000 0.1000 0.4930 -0.1079 0.083841 -0.730383 12.23 
18.9362 2 1 1 0x0 0.8628 0.6951 0.86 0.70 0.0000 -0.0000 0.1000 0.1000 0.4930 -0.1079 0.083841 -0.730189 12.23 
18.9462 2 1 1 0x0 0.8639 0.6962 0.86 0.70 0.0000 -0.0000 0.1000 0.1000 0.4930 -0.1079 0.083841 -0.730093 12.23 
18.9562 2 1 1 0x0 0.8649 0.6972 0.86 0.70 0.0000 -0.0000 0.1000 0.1000 0.4930 -0.1079 0.083841 -0.729999 12.23 
18.9662 2 1 1 0x0 0.8660 0.6983 0.87 0.70 0.0000 -0.0000 0.1000 0.1000 0.4930 -0.1079 0.083841 -0.729892 12.23 
18.9762 2 1 1 0x0 0.8671 0.6994 0.87 0.70 0.0000 -0.0000 0.1000 0.1000 0.4930 -0.1079 0.083841 -0.729788 12.23 
18.9862 2 1 1 0x0 0.8681 0.7004 0.87 0.70 0.0000 -0.0000 0.1000 0.1000 0.4930 -0.1079 0.083841 -0.729684 12.22 
18.9962 2 1 1 0x0 0.8692 0.7015 0.87 0.70 0.0000 -0.0000 0.1000 0.1000 0.4930 -0.1079 0.083841 -0.729525 12.23 
19.0062 2 1 1 0x0 0.8702 0.7026 0.87 0.70 0.0000 -0.0000 0.1000 0.1000 0.4930 -0.1079 0.083841 -0.729414 12.23 
19.0162 2 1 1 0x0 0.8713 0.7036 0.87 0.70 0.0000 -0.0000 0.1000 0.1000 0.4930 -0.1079 0.083841 -0.729309 12.23 
19.0262 2 1 1 0x0 0.8724 0.7047 0.87 0.70 0.0000 -0.0000 0.1000 0.1000 0.4930 -0.1079 0.083841 -0.729140 12.22 
19.0362 2 1 1 0x0 0.8734 0.7057 0.87 0.71 0.0000 -0.0000 0.1000 0.1000 0.4930 -0.1079 0.083841 -0.728968 12.23 
19.0462 2 1 1 0x0 0.8745 0.7068 0.87 0.71 0.0000 -0.0000 0.1000 0.1000 0.4930 -0.1079 0.083841 -0.728859 12.23 
19.0562 2 1 1 0x0 0.8755 0.7079 0.88 0.71 0.0000 -0.0000 0.1000 0.1000 0.4930 -0.1079 0.083841 -0.728684 12.22 
19.0662 2 1 1 0x0 0.8766 0.7089 0.88 0.71 0.0000 -0.0000 0.1000 0.1000 0.4930 -0.1079 0.083841 -0.728361 12.22 
19.0761 2 1 1 0x0 0.8777 0.7100 0.88 0.71 0.0000 -0.0000 0.1000 0.1000 0.4930 -0.1079 0.083841 -0.727943 12.22 
19.0861 2 1 1 0x0 0.8787 0.7110 0.88 0.71 0.0000 -0.0000 0.1000 0.1000 0.4930 -0.1079 0.083841 -0.727707 12.22 
19.0961 2 1 1 0x0 0.8798 0.7121 0.88 0.71 0.0000 -0.0000 0.1000 0.1000 0.4930 -0.1079 0.083841 -0.727623 12.23 
19.1061 2 1 1 0x0 0.8808 0.7132 0.88 0.71 0.0000 -0.0000 0.1000 0.1000 0.4930 -0.1079 0.083841 -0.727544 12.22 
19.1161 2 1 1 0x0 0.8819 0.7142 0.88 0.71 0.0000 -0.0000 0.1000 0.1000 0.4930 -0.1079 0.083841 -0.727363 12.22 
19.1261 2 1 1 0x0 0.8735 0.7112 0.87 0.71 0.0008 -0.0000 0.1000 0.1000 0.4932 -0.1078 0.081136 -0.727137 12.23 
19.1361 2 1 1 0x0 0.8793 0.7224 0.88 0.72 0.0008 -0.0007 0.1000 0.1000 0.4930 -0.1079 0.078432 -0.727235 12.23 
19.1461 2 1 1 0x0 0.8802 0.7234 0.88 0.72 0.0008 -0.0007 0.1000 0.1000 0.4930 -0.1079 0.078432 -0.727463 12.22 
19.1561 2 1 1 0x0 0.8812 0.7243 0.88 0.72 0.0008 -0.0007 0.1000 0.1000 0.4930 -0.1079 0.078432 -0.727413 12.23 
19.1661 2 1 1 0x0 0.8822 0.7253 0.88 0.73 0.0008 -0.0007 0.1000 0.1000 0.4930 -0.1079 0.078432 -0.727068 12.22 
19.1761 2 1 1 0x0 0.8832 0.7263 0.88 0.73 0.0008 -0.0007 0.1000 0.1000 0.4930 -0.1079 0.078432 -0.726795 12.23 
19.1861 2 1 1 0x0 0.8842 0.7273 0.88 0.73 0.0008 -0.0007 0.1000 0.1000 0.4930 -0.1079 0.078432 -0.726673 12.23 
19.1961 2 1 1 0x0 0.8852 0.7283 0.89 0.73 0.0008 -0.0007 0.1000 0.1000 0.4930 -0.1079 0.078432 -0.726586 12.23 
19.2061 2 1 1 0x0 0.8862 0.7293 0.89 0.73 0.0008 -0.0007 0.1000 0.1000 0.4930 -0.1079 0.078432 -0.726484 12.24 
19.2161 2 1 1 0x0 0.8872 0.7304 0.89 0.73 0.0008 -0.0007 0.1000 0.1000 0.4930 -0.1079 0.078432 -0.726266 12.23 
19.2261 2 1 1 0x0 0.8883 0.7314 0.89 0.73 0.0008 -0.0007 0.1000 0.1000 0.4930 -0.1079 0.078432 -0.726080 12.22 
19.2361 2 1 1 0x0 0.8893 0.7325 0.89 0.73 0.0008 -0.0007 0.1000 0.1000 0.4930 -0.1079 0.078432 -0.725921 12.23 
19.2461 2 1 1 0x0 0.8904 0.7335 0.89 0.73 0.0008 -0.0007 0.1000 0.1000 0.4930 -0.1079 0.078432 -0.725841 12.23 
19.2560 2 1 1 0x0 0.8914 0.7345 0.89 0.73 0.0008 -0.0007 0.1000 0.1000 0.4930 -0.1079 0.078432 -0.725732 12.22 
19.2660 2 1 1 0x0 0.8925 0.7356 0.89 0.74 0.0008 -0.0007 0.1000 0.1000 0.4930 -0.1079 0.078432 -0.725614 12.22 
19.2760 2 1 1 0x0 0.8935 0.7367 0.89 0.74 0.0008 -0.0007 0.1000 0.1000 0.4930 -0.1079 0.078432 -0.725446 12.23 
19.2860 2 1 1 0x0 0.8946 0.7377 0.89 0.74 0.0008 -0.0007 0.1000 0.1000 0.4930 -0.1079 0.078432 -0.725299 12.23 
19.2960 2 1 1 0x0 0.8957 0.7388 0.90 0.74 0.0008 -0.0007 0.1000 0.1000 0.4930 -0.1079 0.078432 -0.725248 12.23 
19.3060 2 1 1 0x0 0.8967 0.7399 0.90 0.74 0.0008 -0.0007 0.1000 0.1000 0.4930 -0.1079 0.078432 -0.725158 12.23 
19.3160 2 1 1 0x0 0.8978 0.7409 0.90 0.74 0.0008 -0.0007 0.1000 0.1000 0.4930 -0.1079 0.078432 -0.725057 12.23 
19.3260 2 1 1 0x0 0.8988 0.7420 0.90 0.74 0.0000 -0.0007 0.1000 0.1000 0.4930 -0.1079 0.078432 -0.724936 12.23 
19.3360 2 1 1 0x0 0.8999 0.7430 0.90 0.74 0.0000 -0.0000 0.1000 0.1000 0.4930 -0.1079 0.078432 -0.724842 12.23 
19.3460 2 1 1 0x0 0.8911 0.7396 0.89 0.74 0.0018 -0.0000 0.1000 0.1000 0.4932 -0.1078 0.075727 -0.724774 12.23 
19.3560 2 1 1 0x0 0.8928 0.7413 0.89 0.74 0.0018 -0.0000 0.1000 0.1000 0.4932 -0.1078 0.075727 -0.724640 12.23 
19.3660 2 1 1 0x0 0.8944 0.7429 0.89 0.74 0.0018 -0.0000 0.1000 0.1000 0.4932 -0.1078 0.075727 -0.724457 12.23 
19.3760 2 1 1 0x0 0.8958 0.7444 0.90 0.74 0.0018 -0.0000 0.1000 0.1000 0.4932 -0.1078 0.075727 -0.724297 12.23 
19.3860 2 1 1 0x0 0.8972 0.7458 0.90 0.75 0.0018 -0.0000 0.1000 0.1000 0.4932 -0.1078 0.075727 -0.724184 12.22 
19.3960 2 1 1 0x0 0.8985 0.7471 0.90 0.75 0.0018 -0.0000 0.1000 0.1000 0.4932 -0.1078 0.075727 -0.724078 12.23 
19.4060 2 1 1 0x0 0.8998 0.7484 0.90 0.75 0.0018 -0.0000 0.1000 0.1000 0.4932 -0.1078 0.075727 -0.723945 12.22 
19.4160 2 1 1 0x0 0.9010 0.7496 0.90 0.75 0.0018 -0.0000 0.1000 0.1000 0.4932 -0.1078 0.075727 -0.723966 12.23 
19.4260 2 1 1 0x0 0.9022 0.7507 0.90 0.75 0.0018 -0.0000 0.1000 0.1000 0.4932 -0.1078 0.075727 -0.723984 12.23 
19.4359 2 1 1 0x0 0.9033 0.7519 0.90 0.75 0.0018 -0.0000 0.1000 0.1000 0.4932 -0.1078 0.075727 -0.723954 12.23 
19.4459 2 1 1 0x0 0.9044 0.7530 0.90 0.75 0.0018 -0.0000 0.1000 0.1000 0.4932 -0.1078 0.075727 -0.723709 12.22 
19.4559 2 1 1 0x0 0.9055 0.7541 0.91 0.75 0.0018 -0.0000 0.1000 0.1000 0.4932 -0.1078 0.075727 -0.723463 12.23 
19.4659 2 1 1 0x0 0.9066 0.7552 0.91 0.76 0.0018 -0.0000 0.1000 0.1000 0.4932 -0.1078 0.075727 -0.723008 12.23 
19.4759 2 1 1 0x0 0.9077 0.7562 0.91 0.76 0.0018 -0.0000 0.1000 0.1000 0.4932 -0.1078 0.075727 -0.722936 12.23 
19.4859 2 1 1 0x0 0.9087 0.7573 0.91 0.76 0.0018 -0.0000 0.1000 0.1000 0.4932 -0.1078 0.075727 -0.723324 12.23 
19.4959 2 1 1 0x0 0.9097 0.7583 0.91 0.76 0.0018 -0.0000 0.1000 0.1000 0.4932 -0.1078 0.075727 -0.723688 12.23 
19.5059 2 1 1 0x0 0.9108 0.7593 0.91 0.76 0.0018 -0.0000 0.1000 0.1000 0.4932 -0.1078 0.075727 -0.723490 12.23 
19.5159 2 1 1 0x0 0.9118 0.7603 0.91 0.76 0.0018 -0.0000 0.1000 0.1000 0.4932 -0.1078 0.075727 -0.723165 12.23 
19.5259 2 1 1 0x0 0.9128 0.7613 0.91 0.76 0.0018 -0.0000 0.1000 0.1000 0.4932 -0.1078 0.075727 -0.723025 12.23 
19.5359 2 1 1 0x0 0.9138 0.7623 0.91 0.76 0.0018 -0.0000 0.1000 0.1000 0.4932 -0.1078 0.075727 -0.722988 12.23 
19.5459 2 1 1 0x0 0.9148 0.7633 0.91 0.76 0.0000 -0.0000 0.1000 0.1000 0.4932 -0.1078 0.075727 -0.722865 12.23 
19.5559 2 1 1 0x0 0.9158 0.7644 0.92 0.76 0.0000 -0.0000 0.1000 0.1000 0.4932 -0.1078 0.075727 -0.722725 12.22 
19.5659 2 1 1 0x0 0.9168 0.7654 0.92 0.77 0.0000 -0.0000 0.1000 0.1000 0.4932 -0.1078 0.075727 -0.722671 12.22 
19.5759 2 1 1 0x0 0.9178 0.7663 0.92 0.77 0.0000 -0.0000 0.1000 0.1000 0.4932 -0.1078 0.075727 -0.722562 12.23 
19.5859 2 1 1 0x0 0.9188 0.7673 0.92 0.77 0.0000 -0.0000 0.1000 0.1000 0.4932 -0.1078 0.075727 -0.722501 12.23 
19.5959 2 1 1 0x0 0.9198 0.7683 0.92 0.77 0.0000 -0.0000 0.1000 0.1000 0.4932 -0.1078 0.075727 -0.722468 12.22 
19.6059 2 1 1 0x0 0.9207 0.7693 0.92 0.77 0.0000 -0.0000 0.1000 0.1000 0.4932 -0.1078 0.075727 -0.722405 12.23 
19.6158 2 1 1 0x0 0.9217 0.7703 0.92 0.77 0.0000 -0.0000 0.1000 0.1000 0.4932 -0.1078 0.075727 -0.722245 12.23 
19.6258 2 1 1 0x0 0.9227 0.7713 0.92 0.77 0.0000 -0.0000 0.1000 0.1000 0.4932 -0.1078 0.075727 -0.722182 12.22 
19.6358 2 1 1 0x0 0.9237 0.7722 0.92 0.77 0.0000 -0.0000 0.1000 0.1000 0.4932 -0.1078 0.075727 -0.722150 12.23 
19.6458 2 1 1 0x0 0.9247 0.7732 0.92 0.77 0.0000 -0.0000 0.1000 0.1000 0.4932 -0.1078 0.075727 -0.722107 12.22 
19.6558 2 1 1 0x0 0.9257 0.7742 0.93 0.77 0.0000 -0.0000 0.1000 0.1000 0.4932 -0.1078 0.075727 -0.722165 12.22 
19.6658 2 1 1 0x0 0.9267 0.7752 0.93 0.78 0.0000 -0.0000 0.1000 0.1000 0.4932 -0.1078 0.075727 -0.722186 12.23 
19.6758 2 1 1 0x0 0.9276 0.7762 0.93 0.78 0.0000 -0.0000 0.1000 0.1000 0.4932 -0.1078 0.075727 -0.722176 12.23 
19.6858 2 1 1 0x0 0.9286 0.7772 0.93 0.78 0.0000 -0.0000 0.1000 0.1000 0.4932 -0.1078 0.075727 -0.722170 12.23 
19.6958 2 1 1 0x0 0.9296 0.7782 0.93 0.78 0.0000 -0.0000 0.1000 0.1000 0.4932 -0.1078 0.075727 -0.722133 12.23 
19.7058 2 1 1 0x0 0.9306 0.7791 0.93 0.78 0.0000 -0.0000 0.1000 0.1000 0.4932 -0.1078 0.075727 -0.722004 12.23 
19.7158 2 1 1 0x0 0.9316 0.7801 0.93 0.78 0.0000 -0.0000 0.1000 0.1000 0.4932 -0.1078 0.075727 -0.721965 12.23 
19.7258 2 1 1 0x0 0.9326 0.7811 0.93 0.78 0.0000 -0.0000 0.1000 0.1000 0.4932 -0.1078 0.075727 -0.721942 12.23 
19.7358 2 1 1 0x0 0.9336 0.7821 0.93 0.78 0.0000 -0.0000 0.1000 0.1000 0.4932 -0.1078 0.075727 -0.721824 12.23 
19.7458 2 1 1 0x0 0.9345 0.7831 0.93 0.78 0.0000 -0.0000 0.1000 0.1000 0.4932 -0.1078 0.075727 -0.721756 12.23 
19.7558 2 1 1 0x0 0.9355 0.7841 0.94 0.78 0.0000 -0.0000 0.1000 0.1000 0.4932 -0.1078 0.075727 -0.721719 12.23 
19.7658 2 1 1 0x0 0.9365 0.7851 0.94 0.79 0.0000 -0.0000 0.1000 0.1000 0.4932 -0.1078 0.075727 -0.721631 12.23 
19.7758 2 1 1 0x0 0.9375 0.7860 0.94 0.79 0.0000 -0.0000 0.1000 0.1000 0.4932 -0.1078 0.075727 -0.721643 12.23 
19.7858 2 1 1 0x0 0.9385 0.7870 0.94 0.79 0.0000 -0.0000 0.1000 0.1000 0.4932 -0.1078 0.075727 -0.721588 12.23 
19.7957 2 1 1 0x0 0.9395 0.7880 0.94 0.79 0.0000 -0.0000 0.1000 0.1000 0.4932 -0.1078 0.075727 -0.721450 12.22 
19.8057 2 1 1 0x0 0.9404 0.7890 0.94 0.79 0.0000 -0.0000 0.1000 0.1000 0.4932 -0.1078 0.075727 -0.721161 12.22 
19.8157 2 1 1 0x0 0.9414 0.7900 0.94 0.79 0.0000 -0.0000 0.1000 0.1000 0.4932 -0.1078 0.075727 -0.720902 12.23 
19.8257 2 1 1 0x0 0.9424 0.7910 0.94 0.79 0.0000 -0.0000 0.1000 0.1000 0.4932 -0.1078 0.075727 -0.721286 12.22 
19.8357 2 1 1 0x0 0.9434 0.7919 0.94 0.79 0.0000 -0.0000 0.1000 0.1000 0.4932 -0.1078 0.075727 -0.721342 12.22 
19.8457 2 1 1 0x0 0.9444 0.7929 0.94 0.79 0.0000 -0.0000 0.1000 0.1000 0.4932 -0.1078 0.075727 -0.720897 12.22 
19.8557 2 1 1 0x0 0.9454 0.7939 0.95 0.79 0.0000 -0.0000 0.1000 0.1000 0.4932 -0.1078 0.075727 -0.720716 12.23 
19.8657 2 1 1 0x0 0.9464 0.7949 0.95 0.79 0.0000 -0.0000 0.1000 0.1000 0.4932 -0.1078 0.075727 -0.720577 12.23 
19.8757 2 1 1 0x0 0.9473 0.7959 0.95 0.80 0.0000 -0.0000 0.1000 0.1000 0.4932 -0.1078 0.075727 -0.720390 12.23 
19.8857 2 1 1 0x0 0.9528 0.8067 0.95 0.81 0.0000 -0.0005 0.1000 0.1000 0.4930 -0.1079 0.073023 -0.720017 12.22 
19.8957 2 1 1 0x0 0.9531 0.8071 0.95 0.81 0.0000 -0.0005 0.1000 0.1000 0.4930 -0.1079 0.073023 -0.720908 12.23 
19.9057 2 1 1 0x0 0.9536 0.8075 0.95 0.81 0.0000 -0.0005 0.1000 0.1000 0.4930 -0.1079 0.073023 -0.721703 12.23 
19.9157 2 1 1 0x0 0.9542 0.8081 0.95 0.81 0.0000 -0.0005 0.1000 0.1000 0.4930 -0.1079 0.073023 -0.721564 12.23 
19.9257 2 1 1 0x0 0.9548 0.8088 0.95 0.81 0.0000 -0.0005 0.1000 0.1000 0.4930 -0.1079 0.073023 -0.721070 12.23 
19.9357 2 1 1 0x0 0.9556 0.8095 0.96 0.81 0.0000 -0.0005 0.1000 0.1000 0.4930 -0.1079 0.073023 -0.720951 12.23 
19.9457 2 1 1 0x0 0.9564 0.8103 0.96 0.81 0.0000 -0.0005 0.1000 0.1000 0.4930 -0.1079 0.073023 -0.721160 12.23 
19.9557 2 1 1 0x0 0.9572 0.8112 0.96 0.81 0.0000 -0.0005 0.1000 0.1000 0.4930 -0.1079 0.073023 -0.721300 12.23 
19.9657 2 1 1 0x0 0.9581 0.8120 0.96 0.81 0.0000 -0.0005 0.1000 0.1000 0.4930 -0.1079 0.073023 -0.721263 12.23 
19.9757 2 1 1 0x0 0.9590 0.8129 0.96 0.81 0.0000 -0.0005 0.1000 0.1000 0.4930 -0.1079 0.073023 -0.721281 12.23 
19.9856 2 1 1 0x0 0.9599 0.8139 0.96 0.81 0.0000 -0.0005 0.1000 0.1000 0.4930 -0.1079 0.073023 -0.721349 12.23 
19.9956 2 1 1 0x0 0.9609 0.8148 0.96 0.81 0.0000 -0.0005 0.1000 0.1000 0.4930 -0.1079 0.073023 -0.721350 12.23 
20.0056 2 1 1 0x0 0.9619 0.8158 0.96 0.82 0.0000 -0.0005 0.1000 0.1000 0.4930 -0.1079 0.073023 -0.721323 12.23 
20.0156 2 1 1 0x0 0.9629 0.8168 0.96 0.82 0.0000 -0.0005 0.1000 0.1000 0.4930 -0.1079 0.073023 -0.721105 12.23 
20.0256 2 1 1 0x0 0.9639 0.8178 0.96 0.82 0.0000 -0.0005 0.1000 0.1000 0.4930 -0.1079 0.073023 -0.720883 12.23 
20.0356 2 1 1 0x0 0.9649 0.8189 0.96 0.82 0.0000 -0.0005 0.1000 0.1000 0.4930 -0.1079 0.073023 -0.720933 12.23 
20.0456 2 1 1 0x0 0.9659 0.8199 0.97 0.82 0.0000 -0.0005 0.1000 0.1000 0.4930 -0.1079 0.073023 -0.721266 12.22 
20.0556 2 1 1 0x0 0.9670 0.8209 0.97 0.82 0.0000 -0.0005 0.1000 0.1000 0.4930 -0.1079 0.073023 -0.721704 12.23 
20.0656 2 1 1 0x0 0.9720 0.8313 0.97 0.83 0.0000 -0.0023 0.1000 0.0949 0.4928 -0.1079 0.070318 -0.722135 12.23 
20.0756 2 1 1 0x0 0.9724 0.8318 0.97 0.83 0.0000 -0.0023 0.1000 0.1000 0.4928 -0.1079 0.070318 -0.722338 12.22 
20.0856 2 1 1 0x0 0.9730 0.8324 0.97 0.83 0.0000 -0.0023 0.1000 0.1000 0.4928 -0.1079 0.070318 -0.722181 12.23 
20.0956 2 1 1 0x0 0.9737 0.8331 0.97 0.83 0.0000 -0.0023 0.1000 0.1000 0.4928 -0.1079 0.070318 -0.721969 12.23 
20.1056 2 1 1 0x0 0.9745 0.8339 0.97 0.83 0.0000 -0.0023 0.1000 0.1000 0.4928 -0.1079 0.070318 -0.722068 12.22 
20.1156 2 1 1 0x0 0.9754 0.8347 0.98 0.83 0.0000 -0.0023 0.1000 0.1000 0.4928 -0.1079 0.070318 -0.722192 12.23 
20.1256 2 1 1 0x0 0.9803 0.8451 0.98 0.85 0.0000 -0.0066 0.1000 0.0373 0.4926 -0.1079 0.067613 -0.722273 12.23 
20.1356 2 1 1 0x0 0.9807 0.8455 0.98 0.85 0.0000 -0.0066 0.1000 0.0473 0.4926 -0.1079 0.067613 -0.722692 12.22 
20.1456 2 1 1 0x0 0.9812 0.8460 0.98 0.85 0.0000 -0.0066 0.1000 0.0573 0.4926 -0.1079 0.067613 -0.723228 12.23 
20.1556 2 1 1 0x0 0.9819 0.8466 0.98 0.85 0.0000 -0.0066 0.1000 0.0673 0.4926 -0.1079 0.067613 -0.723168 12.23 
20.1655 2 1 1 0x0 0.9826 0.8474 0.98 0.85 0.0000 -0.0066 0.1000 0.0773 0.4926 -0.1079 0.067613 -0.722710 12.23 
20.1755 2 1 1 0x0 0.9834 0.8482 0.98 0.85 0.0000 -0.0066 0.1000 0.0873 0.4926 -0.1079 0.067613 -0.722418 12.23 
20.1855 2 1 1 0x0 0.9843 0.8491 0.98 0.85 0.0000 -0.0061 0.1000 0.0973 0.4926 -0.1079 0.067613 -0.722186 12.23 
20.1955 2 1 1 0x0 0.9897 0.8599 0.99 0.86 0.0000 -0.0054 0.1000 0.0390 0.4924 -0.1079 0.064909 -0.722526 12.23 
20.2055 2 1 1 0x0 0.9901 0.8602 0.99 0.86 0.0000 -0.0054 0.1000 0.0490 0.4924 -0.1079 0.064909 -0.722845 12.24 
20.2155 2 1 1 0x0 0.9906 0.8608 0.99 0.86 0.0000 -0.0054 0.1000 0.0590 0.4924 -0.1079 0.064909 -0.722532 12.24 
20.2255 2 1 1 0x0 0.9912 0.8614 0.99 0.86 0.0000 -0.0054 0.1000 0.0690 0.4924 -0.1079 0.064909 -0.721840 12.23 
20.2355 2 1 1 0x0 1.0015 0.8663 1.00 0.87 -0.0005 -0.0054 0.1000 0.0790 0.4922 -0.1079 0.067613 -0.721313 12.23 
20.2455 2 1 1 0x0 1.0063 0.8765 1.01 0.88 -0.0005 -0.0080 0.1000 0.0262 0.4920 -0.1079 0.064909 -0.721239 12.23 
20.2555 2 1 1 0x0 1.0061 0.8763 1.01 0.88 -0.0005 -0.0080 0.1000 0.0362 0.4920 -0.1079 0.064909 -0.721697 12.24 
20.2655 2 1 1 0x0 1.0062 0.8764 1.01 0.88 -0.0005 -0.0080 0.1000 0.0462 0.4920 -0.1079 0.064909 -0.722036 12.23 
20.2755 2 1 1 0x0 1.0065 0.8767 1.01 0.88 -0.0005 -0.0080 0.1000 0.0562 0.4920 -0.1079 0.064909 -0.722131 12.23 
20.2855 2 1 1 0x0 1.0071 0.8772 1.01 0.88 -0.0005 -0.0080 0.1000 0.0662 0.4920 -0.1079 0.064909 -0.721984 12.24 
20.2955 2 1 1 0x0 1.0078 0.8779 1.01 0.88 -0.0005 -0.0080 0.1000 0.0762 0.4920 -0.1079 0.064909 -0.721285 12.24 
20.3055 2 1 1 0x0 1.0086 0.8788 1.01 0.88 -0.0005 -0.0067 0.1000 0.0862 0.4920 -0.1079 0.064909 -0.721749 12.23 
20.3155 2 1 1 0x0 1.0095 0.8797 1.01 0.88 -0.0005 -0.0057 0.1000 0.0962 0.4920 -0.1079 0.064909 -0.721644 12.23 
20.3255 2 1 1 0x0 1.0105 0.8807 1.01 0.88 -0.0005 -0.0050 0.1000 0.1000 0.4920 -0.1079 0.064909 -0.721062 12.23 
20.3355 2 1 1 0x0 1.0116 0.8818 1.01 0.88 -0.0005 -0.0045 0.1000 0.1000 0.4920 -0.1079 0.064909 -0.721131 12.23 
20.3454 2 1 1 0x0 1.0128 0.8830 1.01 0.88 -0.0005 -0.0040 0.1000 0.1000 0.4920 -0.1079 0.064909 -0.721079 12.23 
20.3554 2 1 1 0x0 1.0140 0.8842 1.01 0.88 -0.0005 -0.0037 0.1000 0.1000 0.4920 -0.1079 0.064909 -0.721141 12.23 
20.3654 2 1 1 0x0 1.0153 0.8855 1.02 0.89 -0.0005 -0.0034 0.1000 0.1000 0.4920 -0.1079 0.064909 -0.721448 12.23 
20.3754 2 1 1 0x0 1.0264 0.8912 1.03 0.89 -0.0028 -0.0031 0.0740 0.1000 0.4918 -0.1079 0.067613 -0.721508 12.23 
20.3854 2 1 1 0x0 1.0271 0.8918 1.03 0.89 -0.0028 -0.0029 0.0840 0.1000 0.4918 -0.1079 0.067613 -0.721333 12.23 
20.3954 2 1 1 0x0 1.0279 0.8927 1.03 0.89 -0.0028 -0.0027 0.0940 0.1000 0.4918 -0.1079 0.067613 -0.721128 12.23 
20.4054 2 1 1 0x0 1.0288 0.8936 1.03 0.89 -0.0028 -0.0025 0.1000 0.1000 0.4918 -0.1079 0.067613 -0.720946 12.23 
20.4154 2 1 1 0x0 1.0299 0.8946 1.03 0.89 -0.0028 -0.0024 0.1000 0.1000 0.4918 -0.1079 0.067613 -0.720844 12.23 
20.4254 2 1 1 0x0 1.0310 0.8958 1.03 0.90 -0.0028 -0.0022 0.1000 0.1000 0.4918 -0.1079 0.067613 -0.720690 12.23 
20.4354 2 1 1 0x0 1.0322 0.8970 1.03 0.90 -0.0028 -0.0021 0.1000 0.1000 0.4918 -0.1079 0.067613 -0.720490 12.23 
20.4454 2 1 1 0x0 1.0334 0.8982 1.03 0.90 -0.0028 -0.0000 0.1000 0.1000 0.4918 -0.1079 0.067613 -0.720264 12.23 
20.4554 2 1 1 0x0 1.0347 0.8995 1.03 0.90 -0.0028 -0.0000 0.1000 0.1000 0.4918 -0.1079 0.067613 -0.719857 12.23 
20.4654 2 1 1 0x0 1.0361 0.9009 1.04 0.90 -0.0028 -0.0000 0.1000 0.1000 0.4918 -0.1079 0.067613 -0.719330 12.23 
20.4754 2 1 1 0x0 1.0375 0.9022 1.04 0.90 -0.0028 -0.0000 0.1000 0.1000 0.4918 -0.1079 0.067613 -0.718693 12.23 
20.4854 2 1 1 0x0 1.0389 0.9036 1.04 0.90 -0.0028 -0.0000 0.1000 0.1000 0.4918 -0.1079 0.067613 -0.718792 12.23 
20.4954 2 1 1 0x0 1.0309 0.9011 1.03 0.90 0.0036 -0.0000 0.0647 0.1000 0.4920 -0.1079 0.064909 -0.719440 12.23 
20.5054 2 1 1 0x0 1.0329 0.9031 1.03 0.90 0.0036 -0.0000 0.0747 0.1000 0.4920 -0.1079 0.064909 -0.719117 12.23 
20.5154 2 1 1 0x0 1.0348 0.9050 1.03 0.90 0.0036 -0.0000 0.0847 0.1000 0.4920 -0.1079 0.064909 -0.718418 12.22 
20.5253 2 1 1 0x0 1.0366 0.9068 1.04 0.91 0.0036 -0.0000 0.0947 0.1000 0.4920 -0.1079 0.064909 -0.718053 12.23 
20.5353 2 1 1 0x0 1.0383 0.9085 1.04 0.91 0.0036 -0.0000 0.1000 0.1000 0.4920 -0.1079 0.064909 -0.718021 12.23 
20.5453 2 1 1 0x0 1.0400 0.9102 1.04 0.91 0.0036 -0.0000 0.1000 0.1000 0.4920 -0.1079 0.064909 -0.718155 12.23 
20.5553 2 1 1 0x0 1.0417 0.9119 1.04 0.91 0.0036 -0.0000 0.1000 0.1000 0.4920 -0.1079 0.064909 -0.718246 12.22 
20.5653 2 1 1 0x0 1.0433 0.9135 1.04 0.91 0.0036 -0.0000 0.1000 0.1000 0.4920 -0.1079 0.064909 -0.718125 12.23 
20.5753 2 1 1 0x0 1.0449 0.9150 1.04 0.92 0.0036 -0.0000 0.1000 0.1000 0.4920 -0.1079 0.064909 -0.717998 12.23 
20.5853 2 1 1 0x0 1.0464 0.9166 1.05 0.92 0.0036 -0.0000 0.1000 0.1000 0.4920 -0.1079 0.064909 -0.718011 12.24 
20.5953 2 1 1 0x0 1.0480 0.9181 1.05 0.92 0.0036 -0.0000 0.1000 0.1000 0.4920 -0.1079 0.064909 -0.718105 12.23 
20.6053 2 1 1 0x0 1.0495 0.9197 1.05 0.92 0.0034 -0.0000 0.1000 0.1000 0.4920 -0.1079 0.064909 -0.718179 12.23 
20.6153 2 1 1 0x0 1.0510 0.9212 1.05 0.92 0.0032 -0.0000 0.1000 0.1000 0.4920 -0.1079 0.064909 -0.718148 12.23 
20.6253 2 1 1 0x0 1.0525 0.9227 1.05 0.92 0.0029 -0.0000 0.1000 0.1000 0.4920 -0.1079 0.064909 -0.718164 12.24 
20.6353 2 1 1 0x0 1.0540 0.9241 1.05 0.92 0.0027 -0.0000 0.1000 0.1000 0.4920 -0.1079 0.064909 -0.718202 12.23 
20.6453 2 1 1 0x0 1.0554 0.9256 1.06 0.93 0.0026 -0.0000 0.1000 0.1000 0.4920 -0.1079 0.064909 -0.718221 12.24 
20.6553 2 1 1 0x0 1.0471 0.9227 1.05 0.92 0.0024 -0.0000 0.0853 0.1000 0.4922 -0.1079 0.062204 -0.718181 12.23 
20.6653 2 1 1 0x0 1.0451 0.9153 1.05 0.92 0.0024 0.0010 0.0953 0.1000 0.4924 -0.1079 0.064909 -0.718042 12.23 
20.6753 2 1 1 0x0 1.0477 0.9179 1.05 0.92 0.0024 0.0010 0.1000 0.1000 0.4924 -0.1079 0.064909 -0.717815 12.23 
20.6853 2 1 1 0x0 1.0500 0.9202 1.05 0.92 0.0024 0.0010 0.1000 0.1000 0.4924 -0.1079 0.064909 -0.717559 12.23 
20.6953 2 1 1 0x0 1.0522 0.9224 1.05 0.92 0.0024 0.0010 0.1000 0.1000 0.4924 -0.1079 0.064909 -0.716919 12.23 
20.7052 2 1 1 0x0 1.0542 0.9243 1.05 0.92 0.0024 0.0010 0.1000 0.1000 0.4924 -0.1079 0.064909 -0.716353 12.23 
20.7152 2 1 1 0x0 1.0560 0.9262 1.06 0.93 0.0024 0.0010 0.1000 0.1000 0.4924 -0.1079 0.064909 -0.716264 12.23 
20.7252 2 1 1 0x0 1.0578 0.9280 1.06 0.93 0.0024 0.0010 0.1000 0.1000 0.4924 -0.1079 0.064909 -0.716328 12.23 
20.7352 2 1 1 0x0 1.0595 0.9297 1.06 0.93 0.0024 0.0010 0.1000 0.1000 0.4924 -0.1079 0.064909 -0.716259 12.23 
20.7452 2 1 1 0x0 1.0611 0.9313 1.06 0.93 0.0024 0.0010 0.1000 0.1000 0.4924 -0.1079 0.064909 -0.716064 12.23 
20.7552 2 1 1 0x0 1.0626 0.9328 1.06 0.93 0.0024 0.0010 0.1000 0.1000 0.4924 -0.1079 0.064909 -0.716032 12.24 
20.7652 2 1 1 0x0 1.0641 0.9343 1.06 0.93 0.0024 0.0010 0.1000 0.1000 0.4924 -0.1079 0.064909 -0.716028 12.23 
20.7752 2 1 1 0x0 1.0656 0.9358 1.07 0.94 0.0024 0.0010 0.1000 0.1000 0.4924 -0.1079 0.064909 -0.715982 12.23 
20.7852 2 1 1 0x0 1.0670 0.9372 1.07 0.94 0.0024 0.0010 0.1000 0.1000 0.4924 -0.1079 0.064909 -0.715927 12.23 
20.7952 2 1 1 0x0 1.0685 0.9386 1.07 0.94 0.0024 0.0010 0.1000 0.1000 0.4924 -0.1079 0.064909 -0.715907 12.23 
20.8052 2 1 1 0x0 1.0698 0.9400 1.07 0.94 0.0024 0.0010 0.1000 0.1000 0.4924 -0.1079 0.064909 -0.715863 12.23 
20.8152 2 1 1 0x0 1.0712 0.9414 1.07 0.94 0.0024 0.0010 0.1000 0.1000 0.4924 -0.1079 0.064909 -0.715767 12.23 
20.8252 2 1 1 0x0 1.0726 0.9428 1.07 0.94 0.0024 0.0010 0.1000 0.1000 0.4924 -0.1079 0.064909 -0.715692 12.23 
20.8352 2 1 1 0x0 1.0739 0.9441 1.07 0.94 0.0022 0.0010 0.1000 0.1000 0.4924 -0.1079 0.064909 -0.715689 12.24 
20.8452 2 1 1 0x0 1.0753 0.9454 1.08 0.95 0.0021 0.0010 0.1000 0.1000 0.4924 -0.1079 0.064909 -0.715740 12.23 
20.8552 2 1 1 0x0 1.0766 0.9468 1.08 0.95 0.0000 0.0010 0.1000 0.1000 0.4924 -0.1079 0.064909 -0.715791 12.23 
20.8652 2 1 1 0x0 1.0779 0.9481 1.08 0.95 0.0000 0.0000 0.1000 0.1000 0.4924 -0.1079 0.064909 -0.715809 12.23 
20.8752 2 1 1 0x0 1.0792 0.9494 1.08 0.95 0.0000 0.0000 0.1000 0.1000 0.4924 -0.1079 0.064909 -0.715749 12.24 
20.8852 2 1 1 0x0 1.0805 0.9507 1.08 0.95 0.0000 0.0000 0.1000 0.1000 0.4924 -0.1079 0.064909 -0.715669 12.23 
20.8951 2 1 1 0x0 1.0818 0.9520 1.08 0.95 0.0000 0.0000 0.1000 0.1000 0.4924 -0.1079 0.064909 -0.715641 12.23 
20.9051 2 1 1 0x0 1.0831 0.9533 1.08 0.95 0.0000 0.0000 0.1000 0.1000 0.4924 -0.1079 0.064909 -0.715633 12.23 
20.9151 2 1 1 0x0 1.0844 0.9546 1.08 0.95 0.0000 0.0000 0.1000 0.1000 0.4924 -0.1079 0.064909 -0.715645 12.23 
20.9251 2 1 1 0x0 1.0857 0.9559 1.09 0.96 0.0000 0.0000 0.1000 0.1000 0.4924 -0.1079 0.064909 -0.715592 12.23 
20.9351 2 1 1 0x0 1.0870 0.9572 1.09 0.96 0.0000 0.0000 0.1000 0.1000 0.4924 -0.1079 0.064909 -0.715544 12.23 
20.9451 2 1 1 0x0 1.0883 0.9585 1.09 0.96 0.0000 0.0000 0.1000 0.1000 0.4924 -0.1079 0.064909 -0.715461 12.23 
20.9551 2 1 1 0x0 1.0896 0.9598 1.09 0.96 0.0000 0.0000 0.1000 0.1000 0.4924 -0.1079 0.064909 -0.715350 12.23 
20.9651 2 1 1 0x0 1.0909 0.9611 1.09 0.96 0.0000 0.0000 0.1000 0.1000 0.4924 -0.1079 0.064909 -0.715269 12.23 
20.9751 2 1 1 0x0 1.0922 0.9624 1.09 0.96 0.0000 0.0000 0.1000 0.1000 0.4924 -0.1079 0.064909 -0.715243 12.23 
20.9851 2 1 1 0x0 1.0935 0.9636 1.09 0.96 0.0000 0.0000 0.1000 0.1000 0.4924 -0.1079 0.064909 -0.715223 12.23 
20.9951 2 1 1 0x0 1.0948 0.9649 1.09 0.96 0.0000 0.0000 0.1000 0.1000 0.4924 -0.1079 0.064909 -0.715201 12.23 
21.0051 2 1 1 0x0 1.0960 0.9662 1.10 0.97 0.0000 0.0000 0.1000 0.1000 0.4924 -0.1079 0.064909 -0.715143 12.23 
21.0151 2 1 1 0x0 1.0973 0.9675 1.10 0.97 0.0000 0.0000 0.1000 0.1000 0.4924 -0.1079 0.064909 -0.715082 12.24 
21.0251 2 1 1 0x0 1.0986 0.9688 1.10 0.97 0.0000 0.0000 0.1000 0.1000 0.4924 -0.1079 0.064909 -0.715043 12.22 
21.0351 2 1 1 0x0 1.0999 0.9701 1.10 0.97 0.0000 0.0000 0.1000 0.1000 0.4924 -0.1079 0.064909 -0.715016 12.24 
21.0451 2 1 1 0x0 1.1012 0.9714 1.10 0.97 0.0000 0.0000 0.1000 0.1000 0.4924 -0.1079 0.064909 -0.714981 12.23 
21.0551 2 1 1 0x0 1.1025 0.9727 1.10 0.97 0.0000 0.0000 0.1000 0.1000 0.4924 -0.1079 0.064909 -0.714977 12.24 
21.0651 2 1 1 0x0 1.1038 0.9740 1.10 0.97 0.0000 0.0000 0.1000 0.1000 0.4924 -0.1079 0.064909 -0.714961 12.23 
21.0750 2 1 1 0x0 1.1051 0.9752 1.11 0.98 0.0000 0.0000 0.1000 0.1000 0.4924 -0.1079 0.064909 -0.714947 12.22 
21.0850 2 1 1 0x0 1.1063 0.9765 1.11 0.98 0.0000 0.0000 0.1000 0.1000 0.4924 -0.1079 0.064909 -0.715001 12.23 
21.0950 2 1 1 0x0 1.1076 0.9778 1.11 0.98 0.0000 0.0000 0.1000 0.1000 0.4924 -0.1079 0.064909 -0.715016 12.23 
21.1050 2 1 1 0x0 1.1089 0.9791 1.11 0.98 0.0000 0.0000 0.1000 0.1000 0.4924 -0.1079 0.064909 -0.715053 12.23 
21.1150 2 1 1 0x0 1.1102 0.9804 1.11 0.98 0.0000 0.0000 0.1000 0.1000 0.4924 -0.1079 0.064909 -0.715072 12.23 
21.1250 2 1 1 0x0 1.1115 0.9817 1.11 0.98 0.0000 0.0000 0.1000 0.1000 0.4924 -0.1079 0.064909 -0.715064 12.23 
21.1350 2 1 1 0x0 1.1128 0.9830 1.11 0.98 0.0000 0.0000 0.1000 0.1000 0.4924 -0.1079 0.064909 -0.715048 12.23 
21.1450 2 1 1 0x0 1.1141 0.9843 1.11 0.98 0.0000 0.0000 0.1000 0.1000 0.4924 -0.1079 0.064909 -0.715062 12.23 
21.1550 2 1 1 0x0 1.1154 0.9855 1.12 0.99 0.0000 0.0000 0.1000 0.1000 0.4924 -0.1079 0.064909 -0.715037 12.23 
21.1650 2 1 1 0x0 1.1166 0.9868 1.12 0.99 0.0000 0.0000 0.1000 0.1000 0.4924 -0.1079 0.064909 -0.715012 12.23 
21.1750 2 1 1 0x0 1.1179 0.9881 1.12 0.99 0.0000 0.0000 0.1000 0.1000 0.4924 -0.1079 0.064909 -0.714997 12.23 
21.1850 2 1 1 0x0 1.1192 0.9894 1.12 0.99 0.0000 0.0000 0.1000 0.1000 0.4924 -0.1079 0.064909 -0.714994 12.23 
21.1950 2 1 1 0x0 1.1205 0.9907 1.12 0.99 0.0000 0.0000 0.1000 0.1000 0.4924 -0.1079 0.064909 -0.714974 12.23 
21.2050 2 1 1 0x0 1.1218 0.9920 1.12 0.99 0.0000 0.0000 0.1000 0.1000 0.4924 -0.1079 0.064909 -0.714931 12.23 
21.2150 2 1 1 0x0 1.1231 0.9933 1.12 0.99 0.0000 0.0000 0.1000 0.1000 0.4924 -0.1079 0.064909 -0.714902 12.23 
21.2250 2 1 1 0x0 1.1244 0.9946 1.12 0.99 0.0000 0.0000 0.1000 0.1000 0.4924 -0.1079 0.064909 -0.714857 12.23 
21.2350 2 1 1 0x0 1.1257 0.9958 1.13 1.00 0.0000 0.0000 0.1000 0.1000 0.4924 -0.1079 0.064909 -0.714789 12.23 
21.2450 2 1 1 0x0 1.1269 0.9971 1.13 1.00 0.0000 0.0000 0.1000 0.1000 0.4924 -0.1079 0.064909 -0.714780 12.23 
21.2549 2 1 1 0x0 1.1282 0.9984 1.13 1.00 0.0000 0.0000 0.1000 0.1000 0.4924 -0.1079 0.064909 -0.714797 12.23 
21.2649 2 1 1 0x0 1.1295 0.9997 1.13 1.00 0.0000 0.0000 0.1000 0.1000 0.4924 -0.1079 0.064909 -0.714838 12.23 
21.2749 2 1 1 0x0 1.1308 1.0010 1.13 1.00 0.0000 0.0000 0.1000 0.1000 0.4924 -0.1079 0.064909 -0.714804 12.23 
21.2849 2 1 1 0x0 1.1225 0.9981 1.12 1.00 0.0006 0.0000 0.1000 0.1000 0.4926 -0.1079 0.062204 -0.714825 12.23 
21.2949 2 1 1 0x0 1.1205 0.9907 1.12 0.99 0.0006 0.0006 0.1000 0.1000 0.4928 -0.1079 0.064909 -0.714879 12.23 
21.3049 2 1 1 0x0 1.1228 0.9930 1.12 0.99 0.0006 0.0006 0.1000 0.1000 0.4928 -0.1079 0.064909 -0.714906 12.23 
21.3149 2 1 1 0x0 1.1150 0.9906 1.12 0.99 0.0115 0.0006 0.0182 0.1000 0.4930 -0.1079 0.062204 -0.715425 12.23 
21.3249 2 1 1 0x0 1.1176 0.9932 1.12 0.99 0.0115 0.0006 0.0282 0.1000 0.4930 -0.1079 0.062204 -0.717057 12.23 
21.3349 2 1 1 0x0 1.1101 0.9911 1.11 0.99 0.0215 0.0006 0.0112 0.1000 0.4932 -0.1078 0.059500 -0.717833 12.23 
21.3449 2 1 1 0x0 1.1085 0.9841 1.11 0.98 0.0215 0.0072 0.0212 0.0311 0.4934 -0.1078 0.062204 -0.717730 12.23 
21.3549 2 1 1 0x0 1.1021 0.9831 1.10 0.98 0.0273 0.0072 0.0143 0.0411 0.4936 -0.1078 0.059500 -0.717942 12.23 
21.3649 2 1 1 0x0 1.0917 0.9727 1.09 0.97 0.0319 0.0285 0.0105 0.0159 0.4940 -0.1078 0.059500 -0.718350 12.23 
21.3749 2 1 1 0x0 1.0816 0.9626 1.08 0.96 0.0414 0.0233 0.0093 0.0101 0.4944 -0.1078 0.059500 -0.718397 12.23 
21.3849 2 1 1 0x0 1.0765 0.9629 1.08 0.96 0.0356 0.0233 0.0087 0.0201 0.4946 -0.1078 0.056795 -0.718135 12.23 
21.3949 2 1 1 0x0 1.0674 0.9538 1.07 0.95 0.0475 0.0293 0.0087 0.0144 0.4950 -0.1077 0.056795 -0.717996 12.23 
21.4049 2 1 1 0x0 1.0584 0.9448 1.06 0.94 0.0400 0.0270 0.0094 0.0100 0.4954 -0.1077 0.056795 -0.717910 12.22 
21.4149 2 1 1 0x0 1.0498 0.9362 1.05 0.94 0.0499 0.0331 0.0102 0.0064 0.4958 -0.1077 0.056795 -0.718087 12.23 
21.4249 2 1 1 0x0 1.0459 0.9377 1.05 0.94 0.0383 0.0331 0.0109 0.0164 0.4960 -0.1077 0.054091 -0.717826 12.23 
21.4348 2 1 1 0x0 1.0375 0.9293 1.04 0.93 0.0483 0.0237 0.0114 0.0117 0.4964 -0.1077 0.054091 -0.717608 12.22 
21.4448 2 1 1 0x0 1.0336 0.9308 1.03 0.93 0.0407 0.0237 0.0122 0.0217 0.4966 -0.1076 0.051386 -0.717553 12.23 
21.4548 2 1 1 0x0 1.0293 0.9319 1.03 0.93 0.0499 0.0175 0.0131 0.0317 0.4968 -0.1076 0.048682 -0.717416 12.23 
21.4648 2 1 1 0x0 1.0146 0.9281 1.01 0.93 0.0481 0.0122 0.0047 0.0417 0.4972 -0.1076 0.043273 -0.717234 12.23 
21.4748 2 1 1 0x0 1.0098 0.9286 1.01 0.93 0.0460 0.0094 0.0061 0.0517 0.4974 -0.1076 0.040568 -0.717116 12.23 
21.4848 2 1 1 0x0 1.0047 0.9290 1.00 0.93 0.0516 0.0076 0.0078 0.0617 0.4977 -0.1076 0.037864 -0.717213 12.23 
21.4948 2 1 1 0x0 0.9951 0.9194 1.00 0.92 0.0428 0.0068 0.0091 0.0333 0.4981 -0.1076 0.037864 -0.717163 12.23 
21.5048 2 1 1 0x0 0.9902 0.9199 0.99 0.92 0.0436 0.0068 0.0097 0.0433 0.4983 -0.1076 0.035159 -0.717076 12.23 
21.5148 2 1 1 0x0 0.9807 0.9104 0.98 0.91 0.0314 0.0269 0.0086 0.0158 0.4987 -0.1076 0.035159 -0.716025 12.24 
21.5248 2 1 1 0x0 0.9812 0.9055 0.98 0.91 0.0314 0.0335 0.0186 0.0123 0.4989 -0.1076 0.037864 -0.715503 12.24 
21.5348 2 1 1 0x0 0.9760 0.9057 0.98 0.91 0.0325 0.0250 0.0159 0.0223 0.4991 -0.1076 0.035159 -0.715190 12.24 
21.5448 2 1 1 0x0 0.9657 0.8954 0.97 0.90 0.0210 0.0202 0.0100 0.0162 0.4995 -0.1075 0.035159 -0.714521 12.23 
21.5548 2 1 1 0x0 0.9698 0.8995 0.97 0.90 0.0210 0.0202 0.0200 0.0262 0.4995 -0.1075 0.035159 -0.713939 12.23 
21.5648 2 1 1 0x0 0.9587 0.8884 0.96 0.89 0.0215 0.0170 0.0109 0.0141 0.4999 -0.1075 0.035159 -0.713698 12.23 
21.5748 2 1 1 0x0 0.9623 0.8920 0.96 0.89 0.0215 0.0170 0.0209 0.0241 0.4999 -0.1075 0.035159 -0.713707 12.23 
21.5848 2 1 1 0x0 0.9650 0.8947 0.97 0.89 0.0189 0.0170 0.0309 0.0341 0.4999 -0.1075 0.035159 -0.713478 12.23 
21.5948 2 1 1 0x0 0.9670 0.8967 0.97 0.90 0.0129 0.0126 0.0409 0.0441 0.4999 -0.1075 0.035159 -0.713124 12.23 
21.6048 2 1 1 0x0 0.9683 0.8980 0.97 0.90 0.0098 0.0096 0.0509 0.0541 0.4999 -0.1075 0.035159 -0.712698 12.23 
21.6147 2 1 1 0x0 0.9648 0.8890 0.96 0.89 0.0079 0.0081 0.0609 0.0272 0.5001 -0.1075 0.037864 -0.712396 12.23 
21.6247 2 1 1 0x0 0.9658 0.8901 0.97 0.89 0.0066 0.0081 0.0709 0.0372 0.5001 -0.1075 0.037864 -0.712544 12.23 
21.6347 2 1 1 0x0 0.9664 0.8907 0.97 0.89 0.0057 0.0081 0.0809 0.0472 0.5001 -0.1075 0.037864 -0.712770 12.23 
21.6447 2 1 1 0x0 0.9666 0.8908 0.97 0.89 0.0050 0.0081 0.0909 0.0572 0.5001 -0.1075 0.037864 -0.712855 12.24 
21.6547 2 1 1 0x0 0.9664 0.8907 0.97 0.89 0.0044 0.0081 0.1000 0.0672 0.5001 -0.1075 0.037864 -0.712790 12.23 
21.6647 2 1 1 0x0 0.9661 0.8903 0.97 0.89 0.0040 0.0078 0.1000 0.0772 0.5001 -0.1075 0.037864 -0.712671 12.23 
21.6747 2 1 1 0x0 0.9655 0.8897 0.97 0.89 0.0036 0.0065 0.1000 0.0872 0.5001 -0.1075 0.037864 -0.712640 12.23 
21.6847 2 1 1 0x0 0.9647 0.8890 0.96 0.89 0.0033 0.0056 0.1000 0.0972 0.5001 -0.1075 0.037864 -0.712698 12.23 
21.6947 2 1 1 0x0 0.9638 0.8880 0.96 0.89 0.0031 0.0049 0.1000 0.1000 0.5001 -0.1075 0.037864 -0.712698 12.23 
21.7047 2 1 1 0x0 0.9627 0.8870 0.96 0.89 0.0029 0.0044 0.1000 0.1000 0.5001 -0.1075 0.037864 -0.712692 12.23 
21.7147 2 1 1 0x0 0.9616 0.8859 0.96 0.89 0.0027 0.0040 0.1000 0.1000 0.5001 -0.1075 0.037864 -0.712696 12.24 
21.7247 2 1 1 0x0 0.9604 0.8847 0.96 0.88 0.0025 0.0036 0.1000 0.1000 0.5001 -0.1075 0.037864 -0.712716 12.24 
21.7347 2 1 1 0x0 0.9591 0.8834 0.96 0.88 0.0024 0.0033 0.1000 0.1000 0.5001 -0.1075 0.037864 -0.712692 12.23 
21.7447 2 1 1 0x0 0.9578 0.8820 0.96 0.88 0.0022 0.0031 0.1000 0.1000 0.5001 -0.1075 0.037864 -0.712596 12.23 
21.7547 2 1 1 0x0 0.9564 0.8806 0.96 0.88 0.0021 0.0029 0.1000 0.1000 0.5001 -0.1075 0.037864 -0.712523 12.24 
21.7647 2 1 1 0x0 0.9550 0.8792 0.95 0.88 0.0000 0.0027 0.1000 0.1000 0.5001 -0.1075 0.037864 -0.712556 12.24 
21.7747 2 1 1 0x0 0.9535 0.8778 0.95 0.88 0.0000 0.0025 0.1000 0.1000 0.5001 -0.1075 0.037864 -0.712657 12.23 
21.7847 2 1 1 0x0 0.9520 0.8763 0.95 0.88 0.0000 0.0024 0.1000 0.1000 0.5001 -0.1075 0.037864 -0.712719 12.23 
21.7947 2 1 1 0x0 0.9505 0.8748 0.95 0.87 0.0000 0.0022 0.1000 0.1000 0.5001 -0.1075 0.037864 -0.712670 12.23 
21.8046 2 1 1 0x0 0.9490 0.8733 0.95 0.87 0.0000 0.0021 0.1000 0.1000 0.5001 -0.1075 0.037864 -0.712622 12.24 
21.8146 2 1 1 0x0 0.9475 0.8718 0.95 0.87 0.0000 0.0000 0.1000 0.1000 0.5001 -0.1075 0.037864 -0.712622 12.24 
21.8246 2 1 1 0x0 0.9460 0.8702 0.95 0.87 0.0000 0.0000 0.1000 0.1000 0.5001 -0.1075 0.037864 -0.712674 12.23 
21.8346 2 1 1 0x0 0.9444 0.8687 0.94 0.87 0.0000 0.0000 0.1000 0.1000 0.5001 -0.1075 0.037864 -0.712672 12.23 
21.8446 2 1 1 0x0 0.9429 0.8672 0.94 0.87 0.0000 0.0000 0.1000 0.1000 0.5001 -0.1075 0.037864 -0.712668 12.23 
21.8546 2 1 1 0x0 0.9413 0.8656 0.94 0.87 0.0000 0.0000 0.1000 0.1000 0.5001 -0.1075 0.037864 -0.712666 12.23 
21.8646 2 1 1 0x0 0.9398 0.8640 0.94 0.86 0.0000 0.0000 0.1000 0.1000 0.5001 -0.1075 0.037864 -0.712621 12.23 
21.8746 2 1 1 0x0 0.9382 0.8625 0.94 0.86 0.0000 0.0000 0.1000 0.1000 0.5001 -0.1075 0.037864 -0.712582 12.23 
21.8846 2 1 1 0x0 0.9366 0.8609 0.94 0.86 0.0000 0.0000 0.1000 0.1000 0.5001 -0.1075 0.037864 -0.712553 12.23 
21.8946 2 1 1 0x0 0.9351 0.8593 0.94 0.86 0.0000 0.0000 0.1000 0.1000 0.5001 -0.1075 0.037864 -0.712549 12.23 
21.9046 2 1 1 0x0 0.9335 0.8577 0.93 0.86 0.0000 0.0000 0.1000 0.1000 0.5001 -0.1075 0.037864 -0.712593 12.23 
21.9146 2 1 1 0x0 0.9319 0.8562 0.93 0.86 0.0000 0.0000 0.1000 0.1000 0.5001 -0.1075 0.037864 -0.712618 12.24 
21.9246 2 1 1 0x0 0.9303 0.8546 0.93 0.85 0.0000 0.0000 0.1000 0.1000 0.5001 -0.1075 0.037864 -0.712600 12.23 
21.9346 2 1 1 0x0 0.9287 0.8530 0.93 0.85 0.0000 0.0000 0.1000 0.1000 0.5001 -0.1075 0.037864 -0.712583 12.23 
21.9446 2 1 1 0x0 0.9271 0.8514 0.93 0.85 0.0000 0.0000 0.1000 0.1000 0.5001 -0.1075 0.037864 -0.712553 12.23 
21.9546 2 1 1 0x0 0.9255 0.8498 0.93 0.85 0.0000 0.0000 0.1000 0.1000 0.5001 -0.1075 0.037864 -0.712562 12.23 
21.9646 2 1 1 0x0 0.9239 0.8482 0.92 0.85 0.0000 0.0000 0.1000 0.1000 0.5001 -0.1075 0.037864 -0.712567 12.23 
21.9746 2 1 1 0x0 0.9224 0.8466 0.92 0.85 0.0000 0.0000 0.1000 0.1000 0.5001 -0.1075 0.037864 -0.712581 12.23 
21.9845 2 1 1 0x0 0.9208 0.8450 0.92 0.85 0.0000 0.0000 0.1000 0.1000 0.5001 -0.1075 0.037864 -0.712573 12.23 
21.9945 2 1 1 0x0 0.9192 0.8434 0.92 0.84 0.0000 0.0000 0.1000 0.1000 0.5001 -0.1075 0.037864 -0.712579 12.23 
22.0045 2 1 1 0x0 0.9176 0.8419 0.92 0.84 0.0000 0.0000 0.1000 0.1000 0.5001 -0.1075 0.037864 -0.712565 12.24 
22.0145 2 1 1 0x0 0.9160 0.8403 0.92 0.84 0.0000 0.0000 0.1000 0.1000 0.5001 -0.1075 0.037864 -0.712531 12.23 
22.0245 2 1 1 0x0 0.9144 0.8387 0.91 0.84 0.0000 0.0000 0.1000 0.1000 0.5001 -0.1075 0.037864 -0.712475 12.23 
22.0345 2 1 1 0x0 0.9128 0.8371 0.91 0.84 0.0000 0.0000 0.1000 0.1000 0.5001 -0.1075 0.037864 -0.712452 12.24 
22.0445 2 1 1 0x0 0.9112 0.8355 0.91 0.84 0.0000 0.0000 0.1000 0.1000 0.5001 -0.1075 0.037864 -0.712446 12.23 
22.0545 2 1 1 0x0 0.9096 0.8339 0.91 0.83 0.0000 0.0000 0.1000 0.1000 0.5001 -0.1075 0.037864 -0.712431 12.23 
22.0645 2 1 1 0x0 0.9080 0.8323 0.91 0.83 0.0000 0.0000 0.1000 0.1000 0.5001 -0.1075 0.037864 -0.712439 12.23 
22.0745 2 1 1 0x0 0.9065 0.8307 0.91 0.83 0.0000 0.0000 0.1000 0.1000 0.5001 -0.1075 0.037864 -0.712435 12.23 
22.0845 2 1 1 0x0 0.9049 0.8291 0.90 0.83 0.0000 0.0000 0.1000 0.1000 0.5001 -0.1075 0.037864 -0.712445 12.23 
22.0945 2 1 1 0x0 0.9033 0.8276 0.90 0.83 0.0000 0.0000 0.1000 0.1000 0.5001 -0.1075 0.037864 -0.712469 12.23 
22.1045 2 1 1 0x0 0.9017 0.8260 0.90 0.83 0.0000 0.0000 0.1000 0.1000 0.5001 -0.1075 0.037864 -0.712472 12.23 
22.1145 2 1 1 0x0 0.9001 0.8244 0.90 0.82 0.0000 0.0000 0.1000 0.1000 0.5001 -0.1075 0.037864 -0.712480 12.23 
22.1245 2 1 1 0x0 0.8985 0.8228 0.90 0.82 0.0000 0.0000 0.1000 0.1000 0.5001 -0.1075 0.037864 -0.712497 12.23 
22.1345 2 1 1 0x0 0.8969 0.8212 0.90 0.82 0.0000 0.0000 0.1000 0.1000 0.5001 -0.1075 0.037864 -0.712518 12.23 
22.1445 2 1 1 0x0 0.8953 0.8196 0.90 0.82 0.0000 0.0000 0.1000 0.1000 0.5001 -0.1075 0.037864 -0.712525 12.23 
22.1545 2 1 1 0x0 0.8937 0.8180 0.89 0.82 0.0000 0.0000 0.1000 0.1000 0.5001 -0.1075 0.037864 -0.712538 12.23 
22.1644 2 1 1 0x0 0.8922 0.8164 0.89 0.82 0.0000 0.0000 0.1000 0.1000 0.5001 -0.1075 0.037864 -0.712573 12.23 
22.1744 2 1 1 0x0 0.8906 0.8148 0.89 0.81 0.0000 0.0000 0.1000 0.1000 0.5001 -0.1075 0.037864 -0.712569 12.23 
22.1844 2 1 1 0x0 0.8890 0.8133 0.89 0.81 0.0000 0.0000 0.1000 0.1000 0.5001 -0.1075 0.037864 -0.712560 12.23 
22.1944 2 1 1 0x0 0.8874 0.8117 0.89 0.81 0.0000 0.0000 0.1000 0.1000 0.5001 -0.1075 0.037864 -0.712549 12.23 
22.2044 2 1 1 0x0 0.8858 0.8101 0.89 0.81 0.0000 0.0000 0.1000 0.1000 0.5001 -0.1075 0.037864 -0.712554 12.23 
22.2144 2 1 1 0x0 0.8842 0.8085 0.88 0.81 0.0000 0.0000 0.1000 0.1000 0.5001 -0.1075 0.037864 -0.712554 12.22 
22.2244 2 1 1 0x0 0.8826 0.8069 0.88 0.81 0.0000 0.0000 0.1000 0.1000 0.5001 -0.1075 0.037864 -0.712566 12.24 
22.2344 2 1 1 0x0 0.8810 0.8053 0.88 0.81 0.0000 0.0000 0.1000 0.1000 0.5001 -0.1075 0.037864 -0.712557 12.24 
22.2444 2 1 1 0x0 0.8794 0.8037 0.88 0.80 0.0000 0.0000 0.1000 0.1000 0.5001 -0.1075 0.037864 -0.712529 12.23 
22.2544 2 1 1 0x0 0.8779 0.8021 0.88 0.80 0.0000 0.0000 0.1000 0.1000 0.5001 -0.1075 0.037864 -0.712496 12.23 
22.2644 2 1 1 0x0 0.8763 0.8005 0.88 0.80 0.0000 0.0000 0.1000 0.1000 0.5001 -0.1075 0.037864 -0.712487 12.23 
22.2744 2 1 1 0x0 0.8747 0.7990 0.87 0.80 0.0000 0.0000 0.1000 0.1000 0.5001 -0.1075 0.037864 -0.712503 12.23 
22.2844 2 1 1 0x0 0.8731 0.7974 0.87 0.80 0.0000 0.0000 0.1000 0.1000 0.5001 -0.1075 0.037864 -0.712503 12.23 
22.2944 2 1 1 0x0 0.8715 0.7958 0.87 0.80 0.0000 0.0000 0.1000 0.1000 0.5001 -0.1075 0.037864 -0.712494 12.24 
22.3044 2 1 1 0x0 0.8699 0.7942 0.87 0.79 0.0000 0.0000 0.1000 0.1000 0.5001 -0.1075 0.037864 -0.712470 12.23 
22.3144 2 1 1 0x0 0.8683 0.7926 0.87 0.79 0.0000 0.0000 0.1000 0.1000 0.5001 -0.1075 0.037864 -0.712435 12.23 
22.3244 2 1 1 0x0 0.8667 0.7910 0.87 0.79 0.0000 0.0000 0.1000 0.1000 0.5001 -0.1075 0.037864 -0.712421 12.24 
22.3344 2 1 1 0x0 0.8651 0.7894 0.87 0.79 0.0000 0.0000 0.1000 0.1000 0.5001 -0.1075 0.037864 -0.712420 12.23 
22.3443 2 1 1 0x0 0.8636 0.7878 0.86 0.79 0.0000 0.0000 0.1000 0.1000 0.5001 -0.1075 0.037864 -0.712407 12.23 
22.3543 2 1 1 0x0 0.8620 0.7862 0.86 0.79 0.0000 0.0000 0.1000 0.1000 0.5001 -0.1075 0.037864 -0.712387 12.23 
22.3643 2 1 1 0x0 0.8604 0.7847 0.86 0.78 0.0000 0.0000 0.1000 0.1000 0.5001 -0.1075 0.037864 -0.712391 12.23 
22.3743 2 1 1 0x0 0.8588 0.7831 0.86 0.78 0.0000 0.0000 0.1000 0.1000 0.5001 -0.1075 0.037864 -0.712378 12.23 
22.3843 2 1 1 0x0 0.8572 0.7815 0.86 0.78 0.0000 0.0000 0.1000 0.1000 0.5001 -0.1075 0.037864 -0.712364 12.23 
22.3943 2 1 1 0x0 0.8556 0.7799 0.86 0.78 0.0000 0.0000 0.1000 0.1000 0.5001 -0.1075 0.037864 -0.712363 12.23 
22.4043 2 1 1 0x0 0.8540 0.7783 0.85 0.78 0.0000 0.0000 0.1000 0.1000 0.5001 -0.1075 0.037864 -0.712370 12.23 
22.4143 2 1 1 0x0 0.8524 0.7767 0.85 0.78 0.0000 0.0000 0.1000 0.1000 0.5001 -0.1075 0.037864 -0.712384 12.23 
22.4243 2 1 1 0x0 0.8508 0.7751 0.85 0.78 0.0000 0.0000 0.1000 0.1000 0.5001 -0.1075 0.037864 -0.712394 12.24 
22.4343 2 1 1 0x0 0.8493 0.7735 0.85 0.77 0.0000 0.0000 0.1000 0.1000 0.5001 -0.1075 0.037864 -0.712371 12.23 
22.4443 2 1 1 0x0 0.8477 0.7719 0.85 0.77 0.0000 0.0000 0.1000 0.1000 0.5001 -0.1075 0.037864 -0.712368 12.23 
22.4543 2 1 1 0x0 0.8461 0.7703 0.85 0.77 0.0000 0.0000 0.1000 0.1000 0.5001 -0.1075 0.037864 -0.712356 12.24 
22.4643 2 1 1 0x0 0.8445 0.7688 0.84 0.77 0.0000 0.0000 0.1000 0.1000 0.5001 -0.1075 0.037864 -0.712331 12.23 
22.4743 2 1 1 0x0 0.8429 0.7672 0.84 0.77 0.0000 0.0000 0.1000 0.1000 0.5001 -0.1075 0.037864 -0.712310 12.23 
22.4843 2 1 1 0x0 0.8413 0.7656 0.84 0.77 0.0000 0.0000 0.1000 0.1000 0.5001 -0.1075 0.037864 -0.712327 12.23 
22.4943 2 1 1 0x0 0.8397 0.7640 0.84 0.76 0.0000 0.0000 0.1000 0.1000 0.5001 -0.1075 0.037864 -0.712321 12.23 
22.5043 2 1 1 0x0 0.8381 0.7624 0.84 0.76 0.0000 0.0000 0.1000 0.1000 0.5001 -0.1075 0.037864 -0.712329 12.23 
22.5143 2 1 1 0x0 0.8365 0.7608 0.84 0.76 0.0000 0.0000 0.1000 0.1000 0.5001 -0.1075 0.037864 -0.712323 12.23 
22.5243 2 1 1 0x0 0.8350 0.7592 0.83 0.76 0.0000 0.0000 0.1000 0.1000 0.5001 -0.1075 0.037864 -0.712310 12.23 
22.5342 2 1 1 0x0 0.8334 0.7576 0.83 0.76 0.0000 0.0000 0.1000 0.1000 0.5001 -0.1075 0.037864 -0.712303 12.23 
22.5442 2 1 1 0x0 0.8318 0.7560 0.83 0.76 0.0000 0.0000 0.1000 0.1000 0.5001 -0.1075 0.037864 -0.712300 12.23 
22.5542 2 1 1 0x0 0.8302 0.7545 0.83 0.75 0.0000 0.0000 0.1000 0.1000 0.5001 -0.1075 0.037864 -0.712258 12.24 
22.5642 2 1 1 0x0 0.8286 0.7529 0.83 0.75 0.0000 0.0000 0.1000 0.1000 0.5001 -0.1075 0.037864 -0.712199 12.23 
22.5742 2 1 1 0x0 0.8270 0.7513 0.83 0.75 0.0000 0.0000 0.1000 0.1000 0.5001 -0.1075 0.037864 -0.712192 12.23 
22.5842 2 1 1 0x0 0.8254 0.7497 0.83 0.75 0.0000 0.0000 0.1000 0.1000 0.5001 -0.1075 0.037864 -0.712193 12.24 
22.5942 2 1 1 0x0 0.8238 0.7481 0.82 0.75 0.0000 0.0000 0.1000 0.1000 0.5001 -0.1075 0.037864 -0.712206 12.23 
22.6042 2 1 1 0x0 0.8222 0.7465 0.82 0.75 0.0000 0.0000 0.1000 0.1000 0.5001 -0.1075 0.037864 -0.712202 12.23 
22.6142 2 1 1 0x0 0.8207 0.7449 0.82 0.74 0.0000 0.0000 0.1000 0.1000 0.5001 -0.1075 0.037864 -0.712184 12.23 
22.6242 2 1 1 0x0 0.8191 0.7433 0.82 0.74 0.0000 0.0000 0.1000 0.1000 0.5001 -0.1075 0.037864 -0.712152 12.24 
22.6342 2 1 1 0x0 0.8175 0.7417 0.82 0.74 0.0000 0.0000 0.1000 0.1000 0.5001 -0.1075 0.037864 -0.712139 12.23 
22.6442 2 1 1 0x0 0.8159 0.7402 0.82 0.74 0.0000 0.0000 0.1000 0.1000 0.5001 -0.1075 0.037864 -0.712150 12.23 
22.6542 2 1 1 0x0 0.8143 0.7386 0.81 0.74 0.0000 0.0000 0.1000 0.1000 0.5001 -0.1075 0.037864 -0.712146 12.23 
22.6642 2 1 1 0x0 0.8127 0.7370 0.81 0.74 0.0000 0.0000 0.1000 0.1000 0.5001 -0.1075 0.037864 -0.712186 12.23 
22.6742 2 1 1 0x0 0.8111 0.7354 0.81 0.74 0.0000 0.0000 0.1000 0.1000 0.5001 -0.1075 0.037864 -0.712180 12.23 
22.6842 2 1 1 0x0 0.8095 0.7338 0.81 0.73 0.0000 0.0000 0.1000 0.1000 0.5001 -0.1075 0.037864 -0.712185 12.23 
22.6942 2 1 1 0x0 0.8079 0.7322 0.81 0.73 0.0000 0.0000 0.1000 0.1000 0.5001 -0.1075 0.037864 -0.712160 12.24 
22.7042 2 1 1 0x0 0.8063 0.7306 0.81 0.73 0.0000 0.0000 0.1000 0.1000 0.5001 -0.1075 0.037864 -0.712162 12.23 
22.7141 2 1 1 0x0 0.8048 0.7290 0.80 0.73 0.0000 0.0000 0.1000 0.1000 0.5001 -0.1075 0.037864 -0.712171 12.23 
22.7241 2 1 1 0x0 0.8032 0.7274 0.80 0.73 0.0000 0.0000 0.1000 0.1000 0.5001 -0.1075 0.037864 -0.712206 12.23 
22.7341 2 1 1 0x0 0.8016 0.7259 0.80 0.73 0.0000 0.0000 0.1000 0.1000 0.5001 -0.1075 0.037864 -0.712219 12.23 
22.7441 2 1 1 0x0 0.8000 0.7243 0.80 0.72 0.0000 0.0000 0.1000 0.1000 0.5001 -0.1075 0.037864 -0.712220 12.24 
22.7541 2 1 1 0x0 0.7984 0.7227 0.80 0.72 0.0000 0.0000 0.1000 0.1000 0.5001 -0.1075 0.037864 -0.712198 12.24 
22.7641 2 1 1 0x0 0.7968 0.7211 0.80 0.72 0.0000 0.0000 0.1000 0.1000 0.5001 -0.1075 0.037864 -0.712161 12.24 
22.7741 2 1 1 0x0 0.7952 0.7195 0.80 0.72 0.0000 0.0000 0.1000 0.1000 0.5001 -0.1075 0.037864 -0.712131 12.23 
22.7841 2 1 1 0x0 0.7936 0.7179 0.79 0.72 0.0000 0.0000 0.1000 0.1000 0.5001 -0.1075 0.037864 -0.712115 12.23 
22.7941 2 1 1 0x0 0.7920 0.7163 0.79 0.72 0.0000 0.0000 0.1000 0.1000 0.5001 -0.1075 0.037864 -0.712148 12.23 
22.8041 2 1 1 0x0 0.7905 0.7147 0.79 0.71 0.0000 0.0000 0.1000 0.1000 0.5001 -0.1075 0.037864 -0.712140 12.23 
22.8141 2 1 1 0x0 0.7889 0.7131 0.79 0.71 0.0000 0.0000 0.1000 0.1000 0.5001 -0.1075 0.037864 -0.712120 12.23 
22.8241 2 1 1 0x0 0.7873 0.7116 0.79 0.71 0.0000 0.0000 0.1000 0.1000 0.5001 -0.1075 0.037864 -0.712111 12.23 
22.8341 2 1 1 0x0 0.7857 0.7100 0.79 0.71 0.0000 0.0000 0.1000 0.1000 0.5001 -0.1075 0.037864 -0.712111 12.23 
22.8441 2 1 1 0x0 0.7841 0.7084 0.78 0.71 0.0000 0.0000 0.1000 0.1000 0.5001 -0.1075 0.037864 -0.712139 12.24 
22.8541 2 1 1 0x0 0.7825 0.7068 0.78 0.71 0.0000 0.0000 0.1000 0.1000 0.5001 -0.1075 0.037864 -0.712118 12.24 
22.8641 2 1 1 0x0 0.7809 0.7052 0.78 0.71 0.0000 0.0000 0.1000 0.1000 0.5001 -0.1075 0.037864 -0.712101 12.23 
22.8741 2 1 1 0x0 0.7793 0.7036 0.78 0.70 0.0000 0.0000 0.1000 0.1000 0.5001 -0.1075 0.037864 -0.712106 12.23 
22.8841 2 1 1 0x0 0.7777 0.7020 0.78 0.70 0.0000 0.0000 0.1000 0.1000 0.5001 -0.1075 0.037864 -0.712079 12.23 
22.8940 2 1 1 0x0 0.7762 0.7004 0.78 0.70 0.0000 0.0000 0.1000 0.1000 0.5001 -0.1075 0.037864 -0.712057 12.23 
22.9040 2 1 1 0x0 0.7746 0.6988 0.77 0.70 0.0000 0.0000 0.1000 0.1000 0.5001 -0.1075 0.037864 -0.712037 12.23 
22.9140 2 1 1 0x0 0.7730 0.6973 0.77 0.70 0.0000 0.0000 0.1000 0.1000 0.5001 -0.1075 0.037864 -0.712030 12.24 
22.9240 2 1 1 0x0 0.7714 0.6957 0.77 0.70 0.0000 0.0000 0.1000 0.1000 0.5001 -0.1075 0.037864 -0.712043 12.23 
22.9340 2 1 1 0x0 0.7698 0.6941 0.77 0.69 0.0000 0.0000 0.1000 0.1000 0.5001 -0.1075 0.037864 -0.712038 12.23 
22.9440 2 1 1 0x0 0.7682 0.6925 0.77 0.69 0.0000 0.0000 0.1000 0.1000 0.5001 -0.1075 0.037864 -0.712059 12.24 
22.9540 2 1 1 0x0 0.7666 0.6909 0.77 0.69 0.0000 0.0000 0.1000 0.1000 0.5001 -0.1075 0.037864 -0.712066 12.23 
22.9640 2 1 1 0x0 0.7650 0.6893 0.77 0.69 0.0000 0.0000 0.1000 0.1000 0.5001 -0.1075 0.037864 -0.712059 12.23 
22.9740 2 1 1 0x0 0.7634 0.6877 0.76 0.69 0.0000 0.0000 0.1000 0.1000 0.5001 -0.1075 0.037864 -0.712030 12.23 
22.9840 2 1 1 0x0 0.7619 0.6861 0.76 0.69 0.0000 0.0000 0.1000 0.1000 0.5001 -0.1075 0.037864 -0.712014 12.23 
22.9940 2 1 1 0x0 0.7603 0.6845 0.76 0.68 0.0000 0.0000 0.1000 0.1000 0.5001 -0.1075 0.037864 -0.712011 12.23 
23.0040 2 1 1 0x0 0.7587 0.6830 0.76 0.68 0.0000 0.0000 0.1000 0.1000 0.5001 -0.1075 0.037864 -0.712005 12.24 
23.0140 2 1 1 0x0 0.7571 0.6814 0.76 0.68 0.0000 0.0000 0.1000 0.1000 0.5001 -0.1075 0.037864 -0.711998 12.23 
23.0240 2 1 1 0x0 0.7555 0.6798 0.76 0.68 0.0000 0.0000 0.1000 0.1000 0.5001 -0.1075 0.037864 -0.712003 12.23 
23.0340 2 1 1 0x0 0.7539 0.6782 0.75 0.68 0.0000 0.0000 0.1000 0.1000 0.5001 -0.1075 0.037864 -0.712026 12.23 
23.0440 2 1 1 0x0 0.7523 0.6766 0.75 0.68 0.0000 0.0000 0.1000 0.1000 0.5001 -0.1075 0.037864 -0.712014 12.23 
23.0540 2 1 1 0x0 0.7507 0.6750 0.75 0.68 0.0000 0.0000 0.1000 0.1000 0.5001 -0.1075 0.037864 -0.711996 12.24 
23.0640 2 1 1 0x0 0.7491 0.6734 0.75 0.67 0.0000 0.0000 0.1000 0.1000 0.5001 -0.1075 0.037864 -0.711993 12.23 
23.0739 2 1 1 0x0 0.7476 0.6718 0.75 0.67 0.0000 0.0000 0.1000 0.1000 0.5001 -0.1075 0.037864 -0.711987 12.24 
23.0839 2 1 1 0x0 0.7460 0.6702 0.75 0.67 0.0000 0.0000 0.1000 0.1000 0.5001 -0.1075 0.037864 -0.711987 12.23 
23.0939 2 1 1 0x0 0.7444 0.6686 0.74 0.67 0.0000 0.0000 0.1000 0.1000 0.5001 -0.1075 0.037864 -0.711994 12.23 
23.1039 2 1 1 0x0 0.7428 0.6671 0.74 0.67 0.0000 0.0000 0.1000 0.1000 0.5001 -0.1075 0.037864 -0.712007 12.24 
23.1139 2 1 1 0x0 0.7412 0.6655 0.74 0.67 0.0000 0.0000 0.1000 0.1000 0.5001 -0.1075 0.037864 -0.711993 12.24 
23.1239 2 1 1 0x0 0.7396 0.6639 0.74 0.66 0.0000 0.0000 0.1000 0.1000 0.5001 -0.1075 0.037864 -0.711992 12.24 
23.1339 2 1 1 0x0 0.7380 0.6623 0.74 0.66 0.0000 0.0000 0.1000 0.1000 0.5001 -0.1075 0.037864 -0.711973 12.23 
23.1439 2 1 1 0x0 0.7364 0.6607 0.74 0.66 0.0000 0.0000 0.1000 0.1000 0.5001 -0.1075 0.037864 -0.711951 12.24 
23.1539 2 1 1 0x0 0.7348 0.6591 0.73 0.66 0.0000 0.0000 0.1000 0.1000 0.5001 -0.1075 0.037864 -0.711959 12.23 
23.1639 2 1 1 0x0 0.7333 0.6575 0.73 0.66 0.0000 0.0000 0.1000 0.1000 0.5001 -0.1075 0.037864 -0.711984 12.23 
23.1739 2 1 1 0x0 0.7317 0.6559 0.73 0.66 0.0000 0.0000 0.1000 0.1000 0.5001 -0.1075 0.037864 -0.711996 12.23 
23.1839 2 1 1 0x0 0.7301 0.6543 0.73 0.65 0.0000 0.0000 0.1000 0.1000 0.5001 -0.1075 0.037864 -0.712001 12.23 
23.1939 2 1 1 0x0 0.7285 0.6528 0.73 0.65 0.0000 0.0000 0.1000 0.1000 0.5001 -0.1075 0.037864 -0.712003 12.23 
23.2039 2 1 1 0x0 0.7269 0.6512 0.73 0.65 0.0000 0.0000 0.1000 0.1000 0.5001 -0.1075 0.037864 -0.712012 12.23 
23.2139 2 1 1 0x0 0.7253 0.6496 0.73 0.65 0.0000 0.0000 0.1000 0.1000 0.5001 -0.1075 0.037864 -0.712015 12.23 
23.2239 2 1 1 0x0 0.7237 0.6480 0.72 0.65 0.0000 0.0000 0.1000 0.1000 0.5001 -0.1075 0.037864 -0.712003 12.23 
23.2339 2 1 1 0x0 0.7221 0.6464 0.72 0.65 0.0000 0.0000 0.1000 0.1000 0.5001 -0.1075 0.037864 -0.712003 12.24 
23.2439 2 1 1 0x0 0.7205 0.6448 0.72 0.64 0.0000 0.0000 0.1000 0.1000 0.5001 -0.1075 0.037864 -0.711986 12.24 
23.2538 2 1 1 0x0 0.7190 0.6432 0.72 0.64 0.0000 0.0000 0.1000 0.1000 0.5001 -0.1075 0.037864 -0.711969 12.23 
23.2638 2 1 1 0x0 0.7174 0.6416 0.72 0.64 0.0000 0.0000 0.1000 0.1000 0.5001 -0.1075 0.037864 -0.711968 12.24 
23.2738 2 1 1 0x0 0.7158 0.6400 0.72 0.64 0.0000 0.0000 0.1000 0.1000 0.5001 -0.1075 0.037864 -0.711965 12.23 
23.2838 2 1 1 0x0 0.7142 0.6385 0.71 0.64 0.0000 0.0000 0.1000 0.1000 0.5001 -0.1075 0.037864 -0.711951 12.23 
23.2938 2 1 1 0x0 0.7126 0.6369 0.71 0.64 0.0000 0.0000 0.1000 0.1000 0.5001 -0.1075 0.037864 -0.711959 12.24 
23.3038 2 1 1 0x0 0.7110 0.6353 0.71 0.64 0.0000 0.0000 0.1000 0.1000 0.5001 -0.1075 0.037864 -0.711918 12.23 
23.3138 2 1 1 0x0 0.7094 0.6337 0.71 0.63 0.0000 0.0000 0.1000 0.1000 0.5001 -0.1075 0.037864 -0.711908 12.23 
23.3238 2 1 1 0x0 0.7078 0.6321 0.71 0.63 0.0000 0.0000 0.1000 0.1000 0.5001 -0.1075 0.037864 -0.711891 12.23 
23.3338 2 1 1 0x0 0.7062 0.6305 0.71 0.63 0.0000 0.0000 0.1000 0.1000 0.5001 -0.1075 0.037864 -0.711914 12.23 
23.3438 2 1 1 0x0 0.7046 0.6289 0.70 0.63 0.0000 0.0000 0.1000 0.1000 0.5001 -0.1075 0.037864 -0.711905 12.23 
23.3538 2 1 1 0x0 0.7031 0.6273 0.70 0.63 0.0000 0.0000 0.1000 0.1000 0.5001 -0.1075 0.037864 -0.711910 12.23 
23.3638 2 1 1 0x0 0.7015 0.6257 0.70 0.63 0.0000 0.0000 0.1000 0.1000 0.5001 -0.1075 0.037864 -0.711887 12.24 
23.3738 2 1 1 0x0 0.6999 0.6242 0.70 0.62 0.0000 0.0000 0.1000 0.1000 0.5001 -0.1075 0.037864 -0.711880 12.23 
23.3838 2 1 1 0x0 0.6983 0.6226 0.70 0.62 0.0000 0.0000 0.1000 0.1000 0.5001 -0.1075 0.037864 -0.711863 12.24 
23.3938 2 1 1 0x0 0.6967 0.6210 0.70 0.62 0.0000 0.0000 0.1000 0.1000 0.5001 -0.1075 0.037864 -0.711866 12.23 
23.4038 2 1 1 0x0 0.6951 0.6194 0.70 0.62 0.0000 0.0000 0.1000 0.1000 0.5001 -0.1075 0.037864 -0.711868 12.22 
23.4138 2 1 1 0x0 0.6935 0.6178 0.69 0.62 0.0000 0.0000 0.1000 0.1000 0.5001 -0.1075 0.037864 -0.711892 12.23 
23.4238 2 1 1 0x0 0.6919 0.6162 0.69 0.62 0.0000 0.0000 0.1000 0.1000 0.5001 -0.1075 0.037864 -0.711872 12.23 
23.4338 2 1 1 0x0 0.6903 0.6146 0.69 0.61 0.0000 0.0000 0.1000 0.1000 0.5001 -0.1075 0.037864 -0.711845 12.23 
23.4437 2 1 1 0x0 0.6888 0.6130 0.69 0.61 0.0000 0.0000 0.1000 0.1000 0.5001 -0.1075 0.037864 -0.711850 12.23 
23.4537 2 1 1 0x0 0.6872 0.6114 0.69 0.61 0.0000 0.0000 0.1000 0.1000 0.5001 -0.1075 0.037864 -0.711854 12.23 
23.4637 2 1 1 0x0 0.6856 0.6099 0.69 0.61 0.0000 0.0000 0.1000 0.1000 0.5001 -0.1075 0.037864 -0.711876 12.23 
23.4737 2 1 1 0x0 0.6840 0.6083 0.68 0.61 0.0000 0.0000 0.1000 0.1000 0.5001 -0.1075 0.037864 -0.711878 12.23 
23.4837 2 1 1 0x0 0.6824 0.6067 0.68 0.61 0.0000 0.0000 0.1000 0.1000 0.5001 -0.1075 0.037864 -0.711901 12.23 
23.4937 2 1 1 0x0 0.6808 0.6051 0.68 0.61 0.0000 0.0000 0.1000 0.1000 0.5001 -0.1075 0.037864 -0.711902 12.23 
23.5037 2 1 1 0x0 0.6792 0.6035 0.68 0.60 0.0000 0.0000 0.1000 0.1000 0.5001 -0.1075 0.037864 -0.711889 12.23 
23.5137 2 1 1 0x0 0.6776 0.6019 0.68 0.60 0.0000 0.0000 0.1000 0.1000 0.5001 -0.1075 0.037864 -0.711886 12.24 
23.5237 2 1 1 0x0 0.6760 0.6003 0.68 0.60 0.0000 0.0000 0.1000 0.1000 0.5001 -0.1075 0.037864 -0.711904 12.24 
23.5337 2 1 1 0x0 0.6745 0.5987 0.67 0.60 0.0000 0.0000 0.1000 0.1000 0.5001 -0.1075 0.037864 -0.711913 12.24 
23.5437 2 1 1 0x0 0.6729 0.5971 0.67 0.60 0.0000 0.0000 0.1000 0.1000 0.5001 -0.1075 0.037864 -0.711959 12.24 
23.5537 2 1 1 0x0 0.6713 0.5956 0.67 0.60 0.0000 0.0000 0.1000 0.1000 0.5001 -0.1075 0.037864 -0.711978 12.23 
23.5637 2 1 1 0x0 0.6697 0.5940 0.67 0.59 0.0000 0.0000 0.1000 0.1000 0.5001 -0.1075 0.037864 -0.711968 12.23 
23.5737 2 1 1 0x0 0.6681 0.5924 0.67 0.59 0.0000 0.0000 0.1000 0.1000 0.5001 -0.1075 0.037864 -0.711947 12.24 
23.5837 2 1 1 0x0 0.6665 0.5908 0.67 0.59 0.0000 0.0000 0.1000 0.1000 0.5001 -0.1075 0.037864 -0.711942 12.24 
23.5937 2 1 1 0x0 0.6649 0.5892 0.66 0.59 0.0000 0.0000 0.1000 0.1000 0.5001 -0.1075 0.037864 -0.711928 12.23 
23.6037 2 1 1 0x0 0.6633 0.5876 0.66 0.59 0.0000 0.0000 0.1000 0.1000 0.5001 -0.1075 0.037864 -0.711919 12.23 
23.6137 2 1 1 0x0 0.6617 0.5860 0.66 0.59 0.0000 0.0000 0.1000 0.1000 0.5001 -0.1075 0.037864 -0.711904 12.23 
23.6236 2 1 1 0x0 0.6602 0.5844 0.66 0.58 0.0000 0.0000 0.1000 0.1000 0.5001 -0.1075 0.037864 -0.711881 12.24 
23.6336 2 1 1 0x0 0.6586 0.5828 0.66 0.58 0.0000 0.0000 0.1000 0.1000 0.5001 -0.1075 0.037864 -0.711871 12.23 
23.6436 2 1 1 0x0 0.6570 0.5813 0.66 0.58 0.0000 0.0000 0.1000 0.1000 0.5001 -0.1075 0.037864 -0.711855 12.24 
23.6536 2 1 1 0x0 0.6554 0.5797 0.66 0.58 0.0000 0.0000 0.1000 0.1000 0.5001 -0.1075 0.037864 -0.711875 12.23 
23.6636 2 1 1 0x0 0.6538 0.5781 0.65 0.58 0.0000 0.0000 0.1000 0.1000 0.5001 -0.1075 0.037864 -0.711902 12.23 
23.6736 2 1 1 0x0 0.6522 0.5765 0.65 0.58 0.0000 0.0000 0.1000 0.1000 0.5001 -0.1075 0.037864 -0.711932 12.23 
23.6836 2 1 1 0x0 0.6506 0.5749 0.65 0.57 0.0000 0.0000 0.1000 0.1000 0.5001 -0.1075 0.037864 -0.711933 12.23 
23.6936 2 1 1 0x0 0.6490 0.5733 0.65 0.57 0.0000 0.0000 0.1000 0.1000 0.5001 -0.1075 0.037864 -0.711906 12.23 
23.7036 2 1 1 0x0 0.6474 0.5717 0.65 0.57 0.0000 0.0000 0.1000 0.1000 0.5001 -0.1075 0.037864 -0.711888 12.23 
23.7136 2 1 1 0x0 0.6459 0.5701 0.65 0.57 0.0000 0.0000 0.1000 0.1000 0.5001 -0.1075 0.037864 -0.711867 12.23 
23.7236 2 1 1 0x0 0.6443 0.5685 0.64 0.57 0.0000 0.0000 0.1000 0.1000 0.5001 -0.1075 0.037864 -0.711857 12.23 
23.7336 2 1 1 0x0 0.6427 0.5669 0.64 0.57 0.0000 0.0000 0.1000 0.1000 0.5001 -0.1075 0.037864 -0.711871 12.23 
23.7436 2 1 1 0x0 0.6411 0.5654 0.64 0.57 0.0000 0.0000 0.1000 0.1000 0.5001 -0.1075 0.037864 -0.711891 12.23 
23.7536 2 1 1 0x0 0.6395 0.5638 0.64 0.56 0.0000 0.0000 0.1000 0.1000 0.5001 -0.1075 0.037864 -0.711874 12.23 
23.7636 2 1 1 0x0 0.6379 0.5622 0.64 0.56 0.0000 0.0000 0.1000 0.1000 0.5001 -0.1075 0.037864 -0.711849 12.23 
23.7736 2 1 1 0x0 0.6363 0.5606 0.64 0.56 0.0000 0.0000 0.1000 0.1000 0.5001 -0.1075 0.037864 -0.711834 12.23 
23.7836 2 1 1 0x0 0.6347 0.5590 0.63 0.56 0.0000 0.0000 0.1000 0.1000 0.5001 -0.1075 0.037864 -0.711851 12.23 
23.7936 2 1 1 0x0 0.6331 0.5574 0.63 0.56 0.0000 0.0000 0.1000 0.1000 0.5001 -0.1075 0.037864 -0.711890 12.23 
23.8035 2 1 1 0x0 0.6316 0.5558 0.63 0.56 0.0000 0.0000 0.1000 0.1000 0.5001 -0.1075 0.037864 -0.711940 12.23 
23.8135 2 1 1 0x0 0.6300 0.5542 0.63 0.55 0.0000 0.0000 0.1000 0.1000 0.5001 -0.1075 0.037864 -0.711937 12.23 
23.8235 2 1 1 0x0 0.6284 0.5526 0.63 0.55 0.0000 0.0000 0.1000 0.1000 0.5001 -0.1075 0.037864 -0.711928 12.23 
23.8335 2 1 1 0x0 0.6268 0.5511 0.63 0.55 0.0000 0.0000 0.1000 0.1000 0.5001 -0.1075 0.037864 -0.711899 12.23 
23.8435 2 1 1 0x0 0.6252 0.5495 0.63 0.55 0.0000 0.0000 0.1000 0.1000 0.5001 -0.1075 0.037864 -0.711882 12.24 
23.8535 2 1 1 0x0 0.6236 0.5479 0.62 0.55 0.0000 0.0000 0.1000 0.1000 0.5001 -0.1075 0.037864 -0.711878 12.24 
23.8635 2 1 1 0x0 0.6220 0.5463 0.62 0.55 0.0000 0.0000 0.1000 0.1000 0.5001 -0.1075 0.037864 -0.711905 12.23 
23.8735 2 1 1 0x0 0.6204 0.5447 0.62 0.54 0.0000 0.0000 0.1000 0.1000 0.5001 -0.1075 0.037864 -0.711935 12.23 
23.8835 2 1 1 0x0 0.6188 0.5431 0.62 0.54 0.0000 0.0000 0.1000 0.1000 0.5001 -0.1075 0.037864 -0.711948 12.23 
23.8935 2 1 1 0x0 0.6173 0.5415 0.62 0.54 0.0000 0.0000 0.1000 0.1000 0.5001 -0.1075 0.037864 -0.711920 12.23 
23.9035 2 1 1 0x0 0.6157 0.5399 0.62 0.54 0.0000 0.0000 0.1000 0.1000 0.5001 -0.1075 0.037864 -0.711902 12.23 
23.9135 2 1 1 0x0 0.6141 0.5383 0.61 0.54 0.0000 0.0000 0.1000 0.1000 0.5001 -0.1075 0.037864 -0.711905 12.24 
23.9235 2 1 1 0x0 0.6125 0.5368 0.61 0.54 0.0000 0.0000 0.1000 0.1000 0.5001 -0.1075 0.037864 -0.711928 12.23 
23.9335 2 1 1 0x0 0.6109 0.5352 0.61 0.54 0.0000 0.0000 0.1000 0.1000 0.5001 -0.1075 0.037864 -0.711952 12.23 
23.9435 2 1 1 0x0 0.6093 0.5336 0.61 0.53 0.0000 0.0000 0.1000 0.1000 0.5001 -0.1075 0.037864 -0.711951 12.23 
23.9535 2 1 1 0x0 0.6077 0.5320 0.61 0.53 0.0000 0.0000 0.1000 0.1000 0.5001 -0.1075 0.037864 -0.711935 12.24 
23.9635 2 1 1 0x0 0.6061 0.5304 0.61 0.53 0.0000 0.0000 0.1000 0.1000 0.5001 -0.1075 0.037864 -0.711914 12.23 
23.9735 2 1 1 0x0 0.6045 0.5288 0.60 0.53 0.0000 0.0000 0.1000 0.1000 0.5001 -0.1075 0.037864 -0.711912 12.23 
23.9834 2 1 1 0x0 0.6029 0.5272 0.60 0.53 0.0000 0.0000 0.1000 0.1000 0.5001 -0.1075 0.037864 -0.711903 12.23 
23.9934 2 1 1 0x0 0.6014 0.5256 0.60 0.53 0.0000 0.0000 0.1000 0.1000 0.5001 -0.1075 0.037864 -0.711897 12.24 
24.0034 2 1 1 0x0 0.5998 0.5240 0.60 0.52 0.0000 0.0000 0.1000 0.1000 0.5001 -0.1075 0.037864 -0.711893 12.23 
24.0134 2 1 1 0x0 0.5982 0.5225 0.60 0.52 0.0000 0.0000 0.1000 0.1000 0.5001 -0.1075 0.037864 -0.711908 12.24 
24.0234 2 1 1 0x0 0.5966 0.5209 0.60 0.52 0.0000 0.0000 0.1000 0.1000 0.5001 -0.1075 0.037864 -0.711909 12.24 
24.0334 2 1 1 0x0 0.5950 0.5193 0.60 0.52 0.0000 0.0000 0.1000 0.1000 0.5001 -0.1075 0.037864 -0.711900 12.24 
24.0434 2 1 1 0x0 0.5934 0.5177 0.59 0.52 0.0000 0.0000 0.1000 0.1000 0.5001 -0.1075 0.037864 -0.711894 12.24 
24.0534 2 1 1 0x0 0.5918 0.5161 0.59 0.52 0.0000 0.0000 0.1000 0.1000 0.5001 -0.1075 0.037864 -0.711919 12.23 
24.0634 2 1 1 0x0 0.5902 0.5145 0.59 0.51 0.0000 0.0000 0.1000 0.1000 0.5001 -0.1075 0.037864 -0.711942 12.23 
24.0734 2 1 1 0x0 0.5886 0.5129 0.59 0.51 0.0000 0.0000 0.1000 0.1000 0.5001 -0.1075 0.037864 -0.711945 12.23 
24.0834 2 1 1 0x0 0.5871 0.5113 0.59 0.51 0.0000 0.0000 0.1000 0.1000 0.5001 -0.1075 0.037864 -0.711942 12.24 
24.0934 2 1 1 0x0 0.5855 0.5097 0.59 0.51 0.0000 0.0000 0.1000 0.1000 0.5001 -0.1075 0.037864 -0.711932 12.23 
24.1034 2 1 1 0x0 0.5839 0.5082 0.58 0.51 0.0000 0.0000 0.1000 0.1000 0.5001 -0.1075 0.037864 -0.711907 12.23 
24.1134 2 1 1 0x0 0.5823 0.5066 0.58 0.51 0.0000 0.0000 0.1000 0.1000 0.5001 -0.1075 0.037864 -0.711901 12.24 
24.1234 2 1 1 0x0 0.5807 0.5050 0.58 0.50 0.0000 0.0000 0.1000 0.1000 0.5001 -0.1075 0.037864 -0.711894 12.23 
24.1334 2 1 1 0x0 0.5791 0.5034 0.58 0.50 0.0000 0.0000 0.1000 0.1000 0.5001 -0.1075 0.037864 -0.711914 12.23 
24.1434 2 1 1 0x0 0.5775 0.5018 0.58 0.50 0.0000 0.0000 0.1000 0.1000 0.5001 -0.1075 0.037864 -0.711898 12.23 
24.1534 2 1 1 0x0 0.5759 0.5002 0.58 0.50 0.0000 0.0000 0.1000 0.1000 0.5001 -0.1075 0.037864 -0.711890 12.24 
24.1633 2 1 1 0x0 0.5743 0.4986 0.57 0.50 0.0000 0.0000 0.1000 0.1000 0.5001 -0.1075 0.037864 -0.711870 12.23 
24.1733 2 1 1 0x0 0.5728 0.4970 0.57 0.50 0.0000 0.0000 0.1000 0.1000 0.5001 -0.1075 0.037864 -0.711878 12.23 
24.1833 2 1 1 0x0 0.5712 0.4954 0.57 0.50 0.0000 0.0000 0.1000 0.1000 0.5001 -0.1075 0.037864 -0.711877 12.23 
24.1933 2 1 1 0x0 0.5696 0.4939 0.57 0.49 0.0000 0.0000 0.1000 0.1000 0.5001 -0.1075 0.037864 -0.711863 12.24 
24.2033 2 1 1 0x0 0.5680 0.4923 0.57 0.49 0.0000 0.0000 0.1000 0.1000 0.5001 -0.1075 0.037864 -0.711838 12.24 
24.2133 2 1 1 0x0 0.5664 0.4907 0.57 0.49 0.0000 0.0000 0.1000 0.1000 0.5001 -0.1075 0.037864 -0.711848 12.23 
24.2233 2 1 1 0x0 0.5648 0.4891 0.56 0.49 0.0000 0.0000 0.1000 0.1000 0.5001 -0.1075 0.037864 -0.711835 12.23 
24.2333 2 1 1 0x0 0.5632 0.4875 0.56 0.49 0.0000 0.0000 0.1000 0.1000 0.5001 -0.1075 0.037864 -0.711824 12.23 
24.2433 2 1 1 0x0 0.5616 0.4859 0.56 0.49 0.0000 0.0000 0.1000 0.1000 0.5001 -0.1075 0.037864 -0.711789 12.24 
24.2533 2 1 1 0x0 0.5600 0.4843 0.56 0.48 0.0000 0.0000 0.1000 0.1000 0.5001 -0.1075 0.037864 -0.711793 12.23 
24.2633 2 1 1 0x0 0.5585 0.4827 0.56 0.48 0.0000 0.0000 0.1000 0.1000 0.5001 -0.1075 0.037864 -0.711818 12.23 
24.2733 2 1 1 0x0 0.5569 0.4811 0.56 0.48 0.0000 0.0000 0.1000 0.1000 0.5001 -0.1075 0.037864 -0.711814 12.23 
24.2833 2 1 1 0x0 0.5553 0.4796 0.56 0.48 0.0000 0.0000 0.1000 0.1000 0.5001 -0.1075 0.037864 -0.711814 12.23 
24.2933 2 1 1 0x0 0.5537 0.4780 0.55 0.48 0.0000 0.0000 0.1000 0.1000 0.5001 -0.1075 0.037864 -0.711793 12.24 
24.3033 2 1 1 0x0 0.5521 0.4764 0.55 0.48 0.0000 0.0000 0.1000 0.1000 0.5001 -0.1075 0.037864 -0.711809 12.23 
24.3133 2 1 1 0x0 0.5505 0.4748 0.55 0.47 0.0000 0.0000 0.1000 0.1000 0.5001 -0.1075 0.037864 -0.711827 12.23 
24.3233 2 1 1 0x0 0.5489 0.4732 0.55 0.47 0.0000 0.0000 0.1000 0.1000 0.5001 -0.1075 0.037864 -0.711831 12.24 
24.3333 2 1 1 0x0 0.5473 0.4716 0.55 0.47 0.0000 0.0000 0.1000 0.1000 0.5001 -0.1075 0.037864 -0.711843 12.23 
24.3433 2 1 1 0x0 0.5457 0.4700 0.55 0.47 0.0000 0.0000 0.1000 0.1000 0.5001 -0.1075 0.037864 -0.711844 12.24 
24.3532 2 1 1 0x0 0.5442 0.4684 0.54 0.47 0.0000 0.0000 0.1000 0.1000 0.5001 -0.1075 0.037864 -0.711844 12.23 
24.3632 2 1 1 0x0 0.5426 0.4668 0.54 0.47 0.0000 0.0000 0.1000 0.1000 0.5001 -0.1075 0.037864 -0.711805 12.23 
24.3732 2 1 1 0x0 0.5410 0.4652 0.54 0.47 0.0000 0.0000 0.1000 0.1000 0.5001 -0.1075 0.037864 -0.711835 12.23 
24.3832 2 1 1 0x0 0.5394 0.4637 0.54 0.46 0.0000 0.0000 0.1000 0.1000 0.5001 -0.1075 0.037864 -0.711816 12.23 
24.3932 2 1 1 0x0 0.5378 0.4621 0.54 0.46 0.0000 0.0000 0.1000 0.1000 0.5001 -0.1075 0.037864 -0.711827 12.24 
24.4032 2 1 1 0x0 0.5362 0.4605 0.54 0.46 0.0000 0.0000 0.1000 0.1000 0.5001 -0.1075 0.037864 -0.711860 12.23 
24.4132 2 1 1 0x0 0.5346 0.4589 0.53 0.46 0.0000 0.0000 0.1000 0.1000 0.5001 -0.1075 0.037864 -0.711850 12.23 
24.4232 2 1 1 0x0 0.5330 0.4573 0.53 0.46 0.0000 0.0000 0.1000 0.1000 0.5001 -0.1075 0.037864 -0.711832 12.24 
24.4332 2 1 1 0x0 0.5314 0.4557 0.53 0.46 0.0000 0.0000 0.1000 0.1000 0.5001 -0.1075 0.037864 -0.711856 12.24 
24.4432 2 1 1 0x0 0.5299 0.4541 0.53 0.45 0.0000 0.0000 0.1000 0.1000 0.5001 -0.1075 0.037864 -0.711864 12.23 
24.4532 2 1 1 0x0 0.5283 0.4525 0.53 0.45 0.0000 0.0000 0.1000 0.1000 0.5001 -0.1075 0.037864 -0.711887 12.24 
24.4632 2 1 1 0x0 0.5267 0.4509 0.53 0.45 0.0000 0.0000 0.1000 0.1000 0.5001 -0.1075 0.037864 -0.711877 12.23 
24.4732 2 1 1 0x0 0.5251 0.4494 0.53 0.45 0.0000 0.0000 0.1000 0.1000 0.5001 -0.1075 0.037864 -0.711857 12.23 
24.4832 2 1 1 0x0 0.5235 0.4478 0.52 0.45 0.0000 0.0000 0.1000 0.1000 0.5001 -0.1075 0.037864 -0.711862 12.23 
24.4932 2 1 1 0x0 0.5219 0.4462 0.52 0.45 0.0000 0.0000 0.1000 0.1000 0.5001 -0.1075 0.037864 -0.711885 12.23 
24.5032 2 1 1 0x0 0.5203 0.4446 0.52 0.44 0.0000 0.0000 0.1000 0.1000 0.5001 -0.1075 0.037864 -0.711891 12.23 
24.5132 2 1 1 0x0 0.5187 0.4430 0.52 0.44 0.0000 0.0000 0.1000 0.1000 0.5001 -0.1075 0.037864 -0.711905 12.23 
24.5232 2 1 1 0x0 0.5171 0.4414 0.52 0.44 0.0000 0.0000 0.1000 0.1000 0.5001 -0.1075 0.037864 -0.711920 12.23 
24.5331 2 1 1 0x0 0.5156 0.4398 0.52 0.44 0.0000 0.0000 0.1000 0.1000 0.5001 -0.1075 0.037864 -0.711903 12.23 
24.5431 2 1 1 0x0 0.5140 0.4382 0.51 0.44 0.0000 0.0000 0.1000 0.1000 0.5001 -0.1075 0.037864 -0.711885 12.23 
24.5531 2 1 1 0x0 0.5124 0.4366 0.51 0.44 0.0000 0.0000 0.1000 0.1000 0.5001 -0.1075 0.037864 -0.711851 12.23 
24.5631 2 1 1 0x0 0.5108 0.4351 0.51 0.44 0.0000 0.0000 0.1000 0.1000 0.5001 -0.1075 0.037864 -0.711842 12.23 
24.5731 2 1 1 0x0 0.5092 0.4335 0.51 0.43 0.0000 0.0000 0.1000 0.1000 0.5001 -0.1075 0.037864 -0.711874 12.24 
24.5831 2 1 1 0x0 0.5076 0.4319 0.51 0.43 0.0000 0.0000 0.1000 0.1000 0.5001 -0.1075 0.037864 -0.711884 12.24 
24.5931 2 1 1 0x0 0.5060 0.4303 0.51 0.43 0.0000 0.0000 0.1000 0.1000 0.5001 -0.1075 0.037864 -0.711893 12.22 
24.6031 2 1 1 0x0 0.5044 0.4287 0.50 0.43 0.0000 0.0000 0.1000 0.1000 0.5001 -0.1075 0.037864 -0.711855 12.23 
24.6131 2 1 1 0x0 0.5028 0.4271 0.50 0.43 0.0000 0.0000 0.1000 0.1000 0.5001 -0.1075 0.037864 -0.711821 12.23 
24.6231 2 1 1 0x0 0.5012 0.4255 0.50 0.43 0.0000 0.0000 0.1000 0.1000 0.5001 -0.1075 0.037864 -0.711826 12.23 
24.6331 2 1 1 0x0 0.4997 0.4239 0.50 0.42 0.0000 0.0000 0.1000 0.1000 0.5001 -0.1075 0.037864 -0.711856 12.24 
24.6431 2 1 1 0x0 0.4981 0.4223 0.50 0.42 0.0000 0.0000 0.1000 0.1000 0.5001 -0.1075 0.037864 -0.711860 12.23 
24.6531 2 1 1 0x0 0.4965 0.4208 0.50 0.42 0.0000 0.0000 0.1000 0.1000 0.5001 -0.1075 0.037864 -0.711877 12.23 
24.6631 2 1 1 0x0 0.4949 0.4192 0.49 0.42 0.0000 0.0000 0.1000 0.1000 0.5001 -0.1075 0.037864 -0.711871 12.23 
24.6731 2 1 1 0x0 0.4933 0.4176 0.49 0.42 0.0000 0.0000 0.1000 0.1000 0.5001 -0.1075 0.037864 -0.711848 12.24 
24.6831 2 1 1 0x0 0.4917 0.4160 0.49 0.42 0.0000 0.0000 0.1000 0.1000 0.5001 -0.1075 0.037864 -0.711842 12.23 
24.6931 2 1 1 0x0 0.4901 0.4144 0.49 0.41 0.0000 0.0000 0.1000 0.1000 0.5001 -0.1075 0.037864 -0.711848 12.23 
24.7031 2 1 1 0x0 0.4885 0.4128 0.49 0.41 0.0000 0.0000 0.1000 0.1000 0.5001 -0.1075 0.037864 -0.711854 12.24 
24.7130 2 1 1 0x0 0.4869 0.4112 0.49 0.41 0.0000 0.0000 0.1000 0.1000 0.5001 -0.1075 0.037864 -0.711861 12.23 
24.7230 2 1 1 0x0 0.4854 0.4096 0.49 0.41 0.0000 0.0000 0.1000 0.1000 0.5001 -0.1075 0.037864 -0.711854 12.23 
24.7330 2 1 1 0x0 0.4838 0.4080 0.48 0.41 0.0000 0.0000 0.1000 0.1000 0.5001 -0.1075 0.037864 -0.711842 12.23 
24.7430 2 1 1 0x0 0.4822 0.4065 0.48 0.41 0.0000 0.0000 0.1000 0.1000 0.5001 -0.1075 0.037864 -0.711818 12.23 
24.7530 2 1 1 0x0 0.4806 0.4049 0.48 0.40 0.0000 0.0000 0.1000 0.1000 0.5001 -0.1075 0.037864 -0.711827 12.23 
24.7630 2 1 1 0x0 0.4790 0.4033 0.48 0.40 0.0000 0.0000 0.1000 0.1000 0.5001 -0.1075 0.037864 -0.711861 12.23 
24.7730 2 1 1 0x0 0.4774 0.4017 0.48 0.40 0.0000 0.0000 0.1000 0.1000 0.5001 -0.1075 0.037864 -0.711865 12.23 
24.7830 2 1 1 0x0 0.4758 0.4001 0.48 0.40 0.0000 0.0000 0.1000 0.1000 0.5001 -0.1075 0.037864 -0.711870 12.24 
24.7930 2 1 1 0x0 0.4742 0.3985 0.47 0.40 0.0000 0.0000 0.1000 0.1000 0.5001 -0.1075 0.037864 -0.711862 12.24 
24.8030 2 1 1 0x0 0.4726 0.3969 0.47 0.40 0.0000 0.0000 0.1000 0.1000 0.5001 -0.1075 0.037864 -0.711825 12.23 
24.8130 2 1 1 0x0 0.4711 0.3953 0.47 0.40 0.0000 0.0000 0.1000 0.1000 0.5001 -0.1075 0.037864 -0.711834 12.24 
24.8230 2 1 1 0x0 0.4695 0.3937 0.47 0.39 0.0000 0.0000 0.1000 0.1000 0.5001 -0.1075 0.037864 -0.711832 12.24 
24.8330 2 1 1 0x0 0.4679 0.3922 0.47 0.39 0.0000 0.0000 0.1000 0.1000 0.5001 -0.1075 0.037864 -0.711836 12.24 
24.8430 2 1 1 0x0 0.4663 0.3906 0.47 0.39 0.0000 0.0000 0.1000 0.1000 0.5001 -0.1075 0.037864 -0.711828 12.23 
24.8530 2 1 1 0x0 0.4647 0.3890 0.46 0.39 0.0000 0.0000 0.1000 0.1000 0.5001 -0.1075 0.037864 -0.711821 12.23 
24.8630 2 1 1 0x0 0.4631 0.3874 0.46 0.39 0.0000 0.0000 0.1000 0.1000 0.5001 -0.1075 0.037864 -0.711832 12.23 
24.8730 2 1 1 0x0 0.4615 0.3858 0.46 0.39 0.0000 0.0000 0.1000 0.1000 0.5001 -0.1075 0.037864 -0.711815 12.23 
24.8830 2 1 1 0x0 0.4599 0.3842 0.46 0.38 0.0000 0.0000 0.1000 0.1000 0.5001 -0.1075 0.037864 -0.711824 12.24 
24.8929 2 1 1 0x0 0.4583 0.3826 0.46 0.38 0.0000 0.0000 0.1000 0.1000 0.5001 -0.1075 0.037864 -0.711823 12.23 
24.9029 2 1 1 0x0 0.4568 0.3810 0.46 0.38 0.0000 0.0000 0.1000 0.1000 0.5001 -0.1075 0.037864 -0.711816 12.24 
24.9129 2 1 1 0x0 0.4552 0.3794 0.46 0.38 0.0000 0.0000 0.1000 0.1000 0.5001 -0.1075 0.037864 -0.711806 12.23 
24.9229 2 1 1 0x0 0.4536 0.3779 0.45 0.38 0.0000 0.0000 0.1000 0.1000 0.5001 -0.1075 0.037864 -0.711798 12.23 
24.9329 2 1 1 0x0 0.4520 0.3763 0.45 0.38 0.0000 0.0000 0.1000 0.1000 0.5001 -0.1075 0.037864 -0.711789 12.23 
24.9429 2 1 1 0x0 0.4504 0.3747 0.45 0.37 0.0000 0.0000 0.1000 0.1000 0.5001 -0.1075 0.037864 -0.711805 12.23 
24.9529 2 1 1 0x0 0.4488 0.3731 0.45 0.37 0.0000 0.0000 0.1000 0.1000 0.5001 -0.1075 0.037864 -0.711808 12.23 
24.9629 2 1 1 0x0 0.4472 0.3715 0.45 0.37 0.0000 0.0000 0.1000 0.1000 0.5001 -0.1075 0.037864 -0.711814 12.23 
24.9729 2 1 1 0x0 0.4456 0.3699 0.45 0.37 0.0000 0.0000 0.1000 0.1000 0.5001 -0.1075 0.037864 -0.711833 12.23 
24.9829 2 1 1 0x0 0.4440 0.3683 0.44 0.37 0.0000 0.0000 0.1000 0.1000 0.5001 -0.1075 0.037864 -0.711883 12.23 
24.9929 2 1 1 0x0 0.4425 0.3667 0.44 0.37 0.0000 0.0000 0.1000 0.1000 0.5001 -0.1075 0.037864 -0.711893 12.24 
25.0029 2 1 1 0x0 0.4409 0.3651 0.44 0.37 0.0000 0.0000 0.1000 0.1000 0.5001 -0.1075 0.037864 -0.711885 12.23 
25.0129 2 1 1 0x0 0.4393 0.3635 0.44 0.36 0.0000 0.0000 0.1000 0.1000 0.5001 -0.1075 0.037864 -0.711883 12.23 
25.0229 2 1 1 0x0 0.4377 0.3620 0.44 0.36 0.0000 0.0000 0.1000 0.1000 0.5001 -0.1075 0.037864 -0.711883 12.23 
25.0329 2 1 1 0x0 0.4361 0.3604 0.44 0.36 0.0000 0.0000 0.1000 0.1000 0.5001 -0.1075 0.037864 -0.711922 12.24 
25.0429 2 1 1 0x0 0.4345 0.3588 0.43 0.36 0.0000 0.0000 0.1000 0.1000 0.5001 -0.1075 0.037864 -0.711924 12.23 
25.0529 2 1 1 0x0 0.4329 0.3572 0.43 0.36 0.0000 0.0000 0.1000 0.1000 0.5001 -0.1075 0.037864 -0.711909 12.23 
25.0629 2 1 1 0x0 0.4313 0.3556 0.43 0.36 0.0000 0.0000 0.1000 0.1000 0.5001 -0.1075 0.037864 -0.711916 12.23 
25.0728 2 1 1 0x0 0.4297 0.3540 0.43 0.35 0.0000 0.0000 0.1000 0.1000 0.5001 -0.1075 0.037864 -0.711931 12.24 
25.0828 2 1 1 0x0 0.4282 0.3524 0.43 0.35 0.0000 0.0000 0.1000 0.1000 0.5001 -0.1075 0.037864 -0.711941 12.23 
25.0928 2 1 1 0x0 0.4266 0.3508 0.43 0.35 0.0000 0.0000 0.1000 0.1000 0.5001 -0.1075 0.037864 -0.711939 12.23 
25.1028 2 1 1 0x0 0.4250 0.3492 0.42 0.35 0.0000 0.0000 0.1000 0.1000 0.5001 -0.1075 0.037864 -0.711942 12.23 
25.1128 2 1 1 0x0 0.4234 0.3477 0.42 0.35 0.0000 0.0000 0.1000 0.1000 0.5001 -0.1075 0.037864 -0.711926 12.24 
25.1228 2 1 1 0x0 0.4218 0.3461 0.42 0.35 0.0000 0.0000 0.1000 0.1000 0.5001 -0.1075 0.037864 -0.711903 12.23 
25.1328 2 1 1 0x0 0.4202 0.3445 0.42 0.34 0.0000 0.0000 0.1000 0.1000 0.5001 -0.1075 0.037864 -0.711876 12.23 
25.1428 2 1 1 0x0 0.4186 0.3429 0.42 0.34 0.0000 0.0000 0.0000 0.1000 0.5001 -0.1075 0.037864 -0.711858 12.23 
25.1528 2 1 1 0x0 0.4170 0.3413 0.42 0.34 0.0000 0.0000 0.0000 0.1000 0.5001 -0.1075 0.037864 -0.711858 12.23 
25.1628 2 1 1 0x0 0.4154 0.3397 0.42 0.34 0.0000 0.0000 0.0000 0.1000 0.5001 -0.1075 0.037864 -0.711837 12.23 
25.1728 2 1 1 0x0 0.4139 0.3381 0.41 0.34 0.0000 0.0000 0.0000 0.1000 0.5001 -0.1075 0.037864 -0.711827 12.23 
25.1828 2 1 1 0x0 0.4123 0.3365 0.41 0.34 0.0000 0.0000 0.0000 0.1000 0.5001 -0.1075 0.037864 -0.711842 12.23 
25.1928 2 1 1 0x0 0.4107 0.3349 0.41 0.33 0.0000 0.0000 0.0000 0.0000 0.5001 -0.1075 0.037864 -0.711836 12.23 
25.2028 2 1 1 0x0 0.4091 0.3334 0.41 0.33 0.0000 0.0000 0.0000 0.0000 0.5001 -0.1075 0.037864 -0.711813 12.24 
25.2128 2 1 1 0x0 0.4075 0.3318 0.41 0.33 0.0000 0.0000 0.0000 0.0000 0.5001 -0.1075 0.037864 -0.711829 12.23 
25.2228 2 1 1 0x0 0.4059 0.3302 0.41 0.33 0.0000 0.0000 0.0000 0.0000 0.5001 -0.1075 0.037864 -0.711846 12.23 
25.2328 2 1 1 0x0 0.4043 0.3286 0.40 0.33 0.0000 0.0000 0.0000 0.0000 0.5001 -0.1075 0.037864 -0.711846 12.23 
25.2428 2 1 1 0x0 0.4027 0.3270 0.40 0.33 0.0000 0.0000 0.0000 0.0000 0.5001 -0.1075 0.037864 -0.711846 12.23 
25.2528 2 1 1 0x0 0.4011 0.3254 0.40 0.33 0.0000 0.0000 0.0000 0.0000 0.5001 -0.1075 0.037864 -0.711822 12.23 
25.2627 2 1 1 0x0 0.3995 0.3238 0.40 0.32 0.0000 0.0000 0.0000 0.0000 0.5001 -0.1075 0.037864 -0.711832 12.23 
25.2727 2 1 1 0x0 0.3980 0.3222 0.40 0.32 0.0000 0.0000 0.0000 0.0000 0.5001 -0.1075 0.037864 -0.711844 12.23 
25.2827 2 1 1 0x0 0.3964 0.3206 0.40 0.32 0.0000 0.0000 0.0000 0.0000 0.5001 -0.1075 0.037864 -0.711863 12.24 
25.2927 2 1 1 0x0 0.3948 0.3191 0.39 0.32 0.0000 0.0000 0.0000 0.0000 0.5001 -0.1075 0.037864 -0.711875 12.23 
25.3027 2 1 1 0x0 0.3932 0.3175 0.39 0.32 0.0000 0.0000 0.0000 0.0000 0.5001 -0.1075 0.037864 -0.711882 12.23 
25.3127 2 1 1 0x0 0.3916 0.3159 0.39 0.32 0.0000 0.0000 0.0000 0.0000 0.5001 -0.1075 0.037864 -0.711878 12.24 
25.3227 2 1 1 0x0 0.3900 0.3143 0.39 0.31 0.0000 0.0000 0.0000 0.0000 0.5001 -0.1075 0.037864 -0.711899 12.23 
25.3327 2 1 1 0x0 0.3884 0.3127 0.39 0.31 0.0000 0.0000 0.0000 0.0000 0.5001 -0.1075 0.037864 -0.711898 12.23 
25.3427 2 1 1 0x0 0.3868 0.3111 0.39 0.31 0.0000 0.0000 0.0000 0.0000 0.5001 -0.1075 0.037864 -0.711905 12.23 
25.3527 2 1 1 0x0 0.3852 0.3095 0.39 0.31 0.0000 0.0000 0.0000 0.0000 0.5001 -0.1075 0.037864 -0.711943 12.24 
25.3627 2 1 1 0x0 0.3837 0.3079 0.38 0.31 0.0000 0.0000 0.0000 0.0000 0.5001 -0.1075 0.037864 -0.711942 12.23 
25.3727 2 1 1 0x0 0.3821 0.3063 0.38 0.31 0.0000 0.0000 0.0000 0.0000 0.5001 -0.1075 0.037864 -0.711923 12.23 
25.3827 2 1 1 0x0 0.3805 0.3048 0.38 0.30 0.0000 0.0000 0.0000 0.0000 0.5001 -0.1075 0.037864 -0.711897 12.23 
25.3927 2 1 1 0x0 0.3789 0.3032 0.38 0.30 0.0000 0.0000 0.0000 0.0000 0.5001 -0.1075 0.037864 -0.711908 12.23 
25.4027 2 1 1 0x0 0.3773 0.3016 0.38 0.30 0.0000 0.0000 0.0000 0.0000 0.5001 -0.1075 0.037864 -0.711915 12.24 
25.4127 2 1 1 0x0 0.3757 0.3000 0.38 0.30 0.0000 0.0000 0.0000 0.0000 0.5001 -0.1075 0.037864 -0.711928 12.24 
25.4227 2 1 1 0x0 0.3741 0.2984 0.37 0.30 0.0000 0.0000 0.0000 0.0000 0.5001 -0.1075 0.037864 -0.711946 12.23 
25.4327 2 1 1 0x0 0.3725 0.2968 0.37 0.30 0.0000 0.0000 0.0000 0.0000 0.5001 -0.1075 0.037864 -0.711953 12.23 
25.4426 2 1 1 0x0 0.3709 0.2952 0.37 0.30 0.0000 0.0000 0.0000 0.0000 0.5001 -0.1075 0.037864 -0.711946 12.23 
25.4526 2 1 1 0x0 0.3694 0.2936 0.37 0.29 0.0000 0.0000 0.0000 0.0000 0.5001 -0.1075 0.037864 -0.711929 12.23 
25.4626 2 1 1 0x0 0.3678 0.2920 0.37 0.29 0.0000 0.0000 0.0000 0.0000 0.5001 -0.1075 0.037864 -0.711950 12.24 
25.4726 2 1 1 0x0 0.3662 0.2905 0.37 0.29 0.0000 0.0000 0.0000 0.0000 0.5001 -0.1075 0.037864 -0.711969 12.23 
25.4826 2 1 1 0x0 0.3646 0.2889 0.36 0.29 0.0000 0.0000 0.0000 0.0000 0.5001 -0.1075 0.037864 -0.711947 12.24 
25.4926 2 1 1 0x0 0.3630 0.2873 0.36 0.29 0.0000 0.0000 0.0000 0.0000 0.5001 -0.1075 0.037864 -0.711939 12.23 
25.5026 2 1 1 0x0 0.3614 0.2857 0.36 0.29 0.0000 0.0000 0.0000 0.0000 0.5001 -0.1075 0.037864 -0.711929 12.23 
25.5126 2 1 1 0x0 0.3598 0.2841 0.36 0.28 0.0000 0.0000 0.0000 0.0000 0.5001 -0.1075 0.037864 -0.711928 12.24 
25.5226 2 1 1 0x0 0.3582 0.2825 0.36 0.28 0.0000 0.0000 0.0000 0.0000 0.5001 -0.1075 0.037864 -0.711917 12.23 
25.5326 2 1 1 0x0 0.3566 0.2809 0.36 0.28 0.0000 0.0000 0.0000 0.0000 0.5001 -0.1075 0.037864 -0.711890 12.23 
25.5426 2 1 1 0x0 0.3551 0.2793 0.36 0.28 0.0000 0.0000 0.0000 0.0000 0.5001 -0.1075 0.037864 -0.711866 12.23 
25.5526 2 1 1 0x0 0.3535 0.2777 0.35 0.28 0.0000 0.0000 0.0000 0.0000 0.5001 -0.1075 0.037864 -0.711873 12.24 
25.5626 2 1 1 0x0 0.3519 0.2762 0.35 0.28 0.0000 0.0000 0.0000 0.0000 0.5001 -0.1075 0.037864 -0.711889 12.23 
25.5726 2 1 1 0x0 0.3503 0.2746 0.35 0.27 0.0000 0.0000 0.0000 0.0000 0.5001 -0.1075 0.037864 -0.711911 12.23 
25.5826 2 1 1 0x0 0.3487 0.2730 0.35 0.27 0.0000 0.0000 0.0000 0.0000 0.5001 -0.1075 0.037864 -0.711903 12.24 
25.5926 2 1 1 0x0 0.3471 0.2714 0.35 0.27 0.0000 0.0000 0.0000 0.0000 0.5001 -0.1075 0.037864 -0.711896 12.24 
25.6026 2 1 1 0x0 0.3455 0.2698 0.35 0.27 0.0000 0.0000 0.0000 0.0000 0.5001 -0.1075 0.037864 -0.711885 12.23 
25.6126 2 1 1 0x0 0.3439 0.2682 0.34 0.27 0.0000 0.0000 0.0000 0.0000 0.5001 -0.1075 0.037864 -0.711906 12.24 
25.6225 2 1 1 0x0 0.3423 0.2666 0.34 0.27 0.0000 0.0000 0.0000 0.0000 0.5001 -0.1075 0.037864 -0.711896 12.24 
25.6325 2 1 1 0x0 0.3408 0.2650 0.34 0.27 0.0000 0.0000 0.0000 0.0000 0.5001 -0.1075 0.037864 -0.711900 12.24 
25.6425 2 1 1 0x0 0.3392 0.2634 0.34 0.26 0.0000 0.0000 0.0000 0.0000 0.5001 -0.1075 0.037864 -0.711931 12.24 
25.6525 2 1 1 0x0 0.3376 0.2618 0.34 0.26 0.0000 0.0000 0.0000 0.0000 0.5001 -0.1075 0.037864 -0.711928 12.24 
25.6625 2 1 1 0x0 0.3360 0.2603 0.34 0.26 0.0000 0.0000 0.0000 0.0000 0.5001 -0.1075 0.037864 -0.711917 12.23 
25.6725 2 1 1 0x0 0.3344 0.2587 0.33 0.26 0.0000 0.0000 0.0000 0.0000 0.5001 -0.1075 0.037864 -0.711905 12.24 
25.6825 2 1 1 0x0 0.3328 0.2571 0.33 0.26 0.0000 0.0000 0.0000 0.0000 0.5001 -0.1075 0.037864 -0.711880 12.24 
25.6925 2 1 1 0x0 0.3312 0.2555 0.33 0.26 0.0000 0.0000 0.0000 0.0000 0.5001 -0.1075 0.037864 -0.711910 12.23 
25.7025 2 1 1 0x0 0.3296 0.2539 0.33 0.25 0.0000 0.0000 0.0000 0.0000 0.5001 -0.1075 0.037864 -0.711914 12.24 
25.7125 2 1 1 0x0 0.3280 0.2523 0.33 0.25 0.0000 0.0000 0.0000 0.0000 0.5001 -0.1075 0.037864 -0.711933 12.23 
25.7225 2 1 1 0x0 0.3265 0.2507 0.33 0.25 0.0000 0.0000 0.0000 0.0000 0.5001 -0.1075 0.037864 -0.711937 12.23 
25.7325 2 1 1 0x0 0.3249 0.2491 0.32 0.25 0.0000 0.0000 0.0000 0.0000 0.5001 -0.1075 0.037864 -0.711911 12.23 
25.7425 2 1 1 0x0 0.3233 0.2475 0.32 0.25 0.0000 0.0000 0.0000 0.0000 0.5001 -0.1075 0.037864 -0.711888 12.24 
25.7525 2 1 1 0x0 0.3217 0.2460 0.32 0.25 0.0000 0.0000 0.0000 0.0000 0.5001 -0.1075 0.037864 -0.711924 12.23 
25.7625 2 1 1 0x0 0.3201 0.2444 0.32 0.24 0.0000 0.0000 0.0000 0.0000 0.5001 -0.1075 0.037864 -0.711936 12.22 
25.7725 2 1 1 0x0 0.3185 0.2428 0.32 0.24 0.0000 0.0000 0.0000 0.0000 0.5001 -0.1075 0.037864 -0.711952 12.24 
25.7825 2 1 1 0x0 0.3169 0.2412 0.32 0.24 0.0000 0.0000 0.0000 0.0000 0.5001 -0.1075 0.037864 -0.711947 12.24 
25.7925 2 1 1 0x0 0.3153 0.2396 0.32 0.24 0.0000 0.0000 0.0000 0.0000 0.5001 -0.1075 0.037864 -0.711928 12.23 
25.8024 2 1 1 0x0 0.3137 0.2380 0.31 0.24 0.0000 0.0000 0.0000 0.0000 0.5001 -0.1075 0.037864 -0.711921 12.24 
25.8124 2 1 1 0x0 0.3122 0.2364 0.31 0.24 0.0000 0.0000 0.0000 0.0000 0.5001 -0.1075 0.037864 -0.711904 12.23 
25.8224 2 1 1 0x0 0.3106 0.2348 0.31 0.23 0.0000 0.0000 0.0000 0.0000 0.5001 -0.1075 0.037864 -0.711907 12.24 
25.8324 2 1 1 0x0 0.3090 0.2332 0.31 0.23 0.0000 0.0000 0.0000 0.0000 0.5001 -0.1075 0.037864 -0.711920 12.23 
25.8424 2 1 1 0x0 0.3074 0.2317 0.31 0.23 0.0000 0.0000 0.0000 0.0000 0.5001 -0.1075 0.037864 -0.711919 12.24 
25.8524 2 1 1 0x0 0.3058 0.2301 0.31 0.23 0.0000 0.0000 0.0000 0.0000 0.5001 -0.1075 0.037864 -0.711890 12.24 
25.8624 2 1 1 0x0 0.3042 0.2285 0.30 0.23 0.0000 0.0000 0.0000 0.0000 0.5001 -0.1075 0.037864 -0.711859 12.23 
25.8724 2 1 1 0x0 0.3026 0.2269 0.30 0.23 0.0000 0.0000 0.0000 0.0000 0.5001 -0.1075 0.037864 -0.711840 12.24 
25.8824 2 1 1 0x0 0.3010 0.2253 0.30 0.23 0.0000 0.0000 0.0000 0.0000 0.5001 -0.1075 0.037864 -0.711850 12.23 
25.8924 2 1 1 0x0 0.2994 0.2237 0.30 0.22 0.0000 0.0000 0.0000 0.0000 0.5001 -0.1075 0.037864 -0.711864 12.23 
25.9024 2 1 1 0x0 0.2978 0.2221 0.30 0.22 0.0000 0.0000 0.0000 0.0000 0.5001 -0.1075 0.037864 -0.711860 12.24 
25.9124 2 1 1 0x0 0.2963 0.2205 0.30 0.22 0.0000 0.0000 0.0000 0.0000 0.5001 -0.1075 0.037864 -0.711860 12.23 
25.9224 2 1 1 0x0 0.2947 0.2189 0.29 0.22 0.0000 0.0000 0.0000 0.0000 0.5001 -0.1075 0.037864 -0.711833 12.24 
25.9324 2 1 1 0x0 0.2931 0.2174 0.29 0.22 0.0000 0.0000 0.0000 0.0000 0.5001 -0.1075 0.037864 -0.711833 12.23 
25.9424 2 1 1 0x0 0.2915 0.2158 0.29 0.22 0.0000 0.0000 0.0000 0.0000 0.5001 -0.1075 0.037864 -0.711854 12.23 
25.9524 2 1 1 0x0 0.2899 0.2142 0.29 0.21 0.0000 0.0000 0.0000 0.0000 0.5001 -0.1075 0.037864 -0.711834 12.24 
25.9624 2 1 1 0x0 0.2883 0.2126 0.29 0.21 0.0000 0.0000 0.0000 0.0000 0.5001 -0.1075 0.037864 -0.711844 12.24 
25.9724 2 1 1 0x0 0.2867 0.2110 0.29 0.21 0.0000 0.0000 0.0000 0.0000 0.5001 -0.1075 0.037864 -0.711869 12.23 
25.9823 2 1 1 0x0 0.2851 0.2094 0.29 0.21 0.0000 0.0000 0.0000 0.0000 0.5001 -0.1075 0.037864 -0.711860 12.23 
25.9923 2 1 1 0x0 0.2835 0.2078 0.28 0.21 0.0000 0.0000 0.0000 0.0000 0.5001 -0.1075 0.037864 -0.711830 12.23 
26.0023 2 1 1 0x0 0.2820 0.2062 0.28 0.21 0.0000 0.0000 0.0000 0.0000 0.5001 -0.1075 0.037864 -0.711799 12.23 
26.0123 2 1 1 0x0 0.2804 0.2046 0.28 0.20 0.0000 0.0000 0.0000 0.0000 0.5001 -0.1075 0.037864 -0.711790 12.24 
26.0223 2 1 1 0x0 0.2788 0.2031 0.28 0.20 0.0000 0.0000 0.0000 0.0000 0.5001 -0.1075 0.037864 -0.711804 12.23 
26.0323 2 1 1 0x0 0.2772 0.2015 0.28 0.20 0.0000 0.0000 0.0000 0.0000 0.5001 -0.1075 0.037864 -0.711836 12.23 
26.0423 2 1 1 0x0 0.2756 0.1999 0.28 0.20 0.0000 0.0000 0.0000 0.0000 0.5001 -0.1075 0.037864 -0.711834 12.23 
26.0523 2 1 1 0x0 0.2740 0.1983 0.27 0.20 0.0000 0.0000 0.0000 0.0000 0.5001 -0.1075 0.037864 -0.711806 12.24 
26.0623 2 1 1 0x0 0.2724 0.1967 0.27 0.20 0.0000 0.0000 0.0000 0.0000 0.5001 -0.1075 0.037864 -0.711822 12.23 
26.0723 2 1 1 0x0 0.2708 0.1951 0.27 0.20 0.0000 0.0000 0.0000 0.0000 0.5001 -0.1075 0.037864 -0.711810 12.24 
26.0823 2 1 1 0x0 0.2692 0.1935 0.27 0.19 0.0000 0.0000 0.0000 0.0000 0.5001 -0.1075 0.037864 -0.711791 12.24 
26.0923 2 1 1 0x0 0.2677 0.1919 0.27 0.19 0.0000 0.0000 0.0000 0.0000 0.5001 -0.1075 0.037864 -0.711800 12.23 
26.1023 2 1 1 0x0 0.2661 0.1903 0.27 0.19 0.0000 0.0000 0.0000 0.0000 0.5001 -0.1075 0.037864 -0.711806 12.23 
26.1123 2 1 1 0x0 0.2645 0.1888 0.26 0.19 0.0000 0.0000 0.0000 0.0000 0.5001 -0.1075 0.037864 -0.711782 12.23 
26.1223 2 1 1 0x0 0.2629 0.1872 0.26 0.19 0.0000 0.0000 0.0000 0.0000 0.5001 -0.1075 0.037864 -0.711753 12.24 
26.1323 2 1 1 0x0 0.2613 0.1856 0.26 0.19 0.0000 0.0000 0.0000 0.0000 0.5001 -0.1075 0.037864 -0.711763 12.23 
26.1423 2 1 1 0x0 0.2597 0.1840 0.26 0.18 0.0000 0.0000 0.0000 0.0000 0.5001 -0.1075 0.037864 -0.711786 12.23 
26.1523 2 1 1 0x0 0.2581 0.1824 0.26 0.18 0.0000 0.0000 0.0000 0.0000 0.5001 -0.1075 0.037864 -0.711790 12.24 
26.1623 2 1 1 0x0 0.2565 0.1808 0.26 0.18 0.0000 0.0000 0.0000 0.0000 0.5001 -0.1075 0.037864 -0.711784 12.23 
26.1722 2 1 1 0x0 0.2549 0.1792 0.25 0.18 0.0000 0.0000 0.0000 0.0000 0.5001 -0.1075 0.037864 -0.711798 12.24 
26.1822 2 1 1 0x0 0.2534 0.1776 0.25 0.18 0.0000 0.0000 0.0000 0.0000 0.5001 -0.1075 0.037864 -0.711771 12.24 
26.1922 2 1 1 0x0 0.2518 0.1760 0.25 0.18 0.0000 0.0000 0.0000 0.0000 0.5001 -0.1075 0.037864 -0.711761 12.23 
26.2022 2 1 1 0x0 0.2502 0.1745 0.25 0.17 0.0000 0.0000 0.0000 0.0000 0.5001 -0.1075 0.037864 -0.711753 12.23 
26.2122 2 1 1 0x0 0.2486 0.1729 0.25 0.17 0.0000 0.0000 0.0000 0.0000 0.5001 -0.1075 0.037864 -0.711759 12.24 
26.2222 2 1 1 0x0 0.2470 0.1713 0.25 0.17 0.0000 0.0000 0.0000 0.0000 0.5001 -0.1075 0.037864 -0.711781 12.23 
26.2322 2 1 1 0x0 0.2454 0.1697 0.25 0.17 0.0000 0.0000 0.0000 0.0000 0.5001 -0.1075 0.037864 -0.711811 12.24 
26.2422 2 1 1 0x0 0.2438 0.1681 0.24 0.17 0.0000 0.0000 0.0000 0.0000 0.5001 -0.1075 0.037864 -0.711801 12.23 
26.2522 2 1 1 0x0 0.2422 0.1665 0.24 0.17 0.0000 0.0000 0.0000 0.0000 0.5001 -0.1075 0.037864 -0.711786 12.23 
26.2622 2 1 1 0x0 0.2406 0.1649 0.24 0.16 0.0000 0.0000 0.0000 0.0000 0.5001 -0.1075 0.037864 -0.711794 12.24 
26.2722 2 1 1 0x0 0.2391 0.1633 0.24 0.16 0.0000 0.0000 0.0000 0.0000 0.5001 -0.1075 0.037864 -0.711826 12.24 
26.2822 2 1 1 0x0 0.2375 0.1617 0.24 0.16 0.0000 0.0000 0.0000 0.0000 0.5001 -0.1075 0.037864 -0.711834 12.24 
26.2922 2 1 1 0x0 0.2359 0.1601 0.24 0.16 0.0000 0.0000 0.0000 0.0000 0.5001 -0.1075 0.037864 -0.711824 12.23 
26.3022 2 1 1 0x0 0.2343 0.1586 0.23 0.16 0.0000 0.0000 0.0000 0.0000 0.5001 -0.1075 0.037864 -0.711812 12.24 
26.3122 2 1 1 0x0 0.2327 0.1570 0.23 0.16 0.0000 0.0000 0.0000 0.0000 0.5001 -0.1075 0.037864 -0.711796 12.24 
26.3222 2 1 1 0x0 0.2311 0.1554 0.23 0.16 0.0000 0.0000 0.0000 0.0000 0.5001 -0.1075 0.037864 -0.711793 12.23 
26.3322 2 1 1 0x0 0.2295 0.1538 0.23 0.15 0.0000 0.0000 0.0000 0.0000 0.5001 -0.1075 0.037864 -0.711785 12.23 
26.3422 2 1 1 0x0 0.2279 0.1522 0.23 0.15 0.0000 0.0000 0.0000 0.0000 0.5001 -0.1075 0.037864 -0.711774 12.23 
26.3521 2 1 1 0x0 0.2263 0.1506 0.23 0.15 0.0000 0.0000 0.0000 0.0000 0.5001 -0.1075 0.037864 -0.711796 12.24 
26.3621 2 1 1 0x0 0.2248 0.1490 0.22 0.15 0.0000 0.0000 0.0000 0.0000 0.5001 -0.1075 0.037864 -0.711814 12.24 
26.3721 2 1 1 0x0 0.2232 0.1474 0.22 0.15 0.0000 0.0000 0.0000 0.0000 0.5001 -0.1075 0.037864 -0.711831 12.23 
26.3821 2 1 1 0x0 0.2216 0.1458 0.22 0.15 0.0000 0.0000 0.0000 0.0000 0.5001 -0.1075 0.037864 -0.711845 12.23 
26.3921 2 1 1 0x0 0.2200 0.1443 0.22 0.14 0.0000 0.0000 0.0000 0.0000 0.5001 -0.1075 0.037864 -0.711847 12.24 
26.4021 2 1 1 0x0 0.2184 0.1427 0.22 0.14 0.0000 0.0000 0.0000 0.0000 0.5001 -0.1075 0.037864 -0.711848 12.23 
26.4121 2 1 1 0x0 0.2168 0.1411 0.22 0.14 0.0000 0.0000 0.0000 0.0000 0.5001 -0.1075 0.037864 -0.711838 12.24 
26.4221 2 1 1 0x0 0.2152 0.1395 0.22 0.14 0.0000 0.0000 0.0000 0.0000 0.5001 -0.1075 0.037864 -0.711812 12.24 
26.4321 2 1 1 0x0 0.2136 0.1379 0.21 0.14 0.0000 0.0000 0.0000 0.0000 0.5001 -0.1075 0.037864 -0.711827 12.23 
26.4421 2 1 1 0x0 0.2120 0.1363 0.21 0.14 0.0000 0.0000 0.0000 0.0000 0.5001 -0.1075 0.037864 -0.711841 12.24 
26.4521 2 1 1 0x0 0.2105 0.1347 0.21 0.13 0.0000 0.0000 0.0000 0.0000 0.5001 -0.1075 0.037864 -0.711839 12.23 
26.4621 2 1 1 0x0 0.2089 0.1331 0.21 0.13 0.0000 0.0000 0.0000 0.0000 0.5001 -0.1075 0.037864 -0.711835 12.24 
26.4721 2 1 1 0x0 0.2073 0.1315 0.21 0.13 0.0000 0.0000 0.0000 0.0000 0.5001 -0.1075 0.037864 -0.711825 12.24 
26.4821 2 1 1 0x0 0.2057 0.1300 0.21 0.13 0.0000 0.0000 0.0000 0.0000 0.5001 -0.1075 0.037864 -0.711817 12.23 
26.4921 2 1 1 0x0 0.2041 0.1284 0.20 0.13 0.0000 0.0000 0.0000 0.0000 0.5001 -0.1075 0.037864 -0.711815 12.24 
26.5021 2 1 1 0x0 0.2025 0.1268 0.20 0.13 0.0000 0.0000 0.0000 0.0000 0.5001 -0.1075 0.037864 -0.711799 12.23 
26.5121 2 1 1 0x0 0.2009 0.1252 0.20 0.13 0.0000 0.0000 0.0000 0.0000 0.5001 -0.1075 0.037864 -0.711821 12.23 
26.5221 2 1 1 0x0 0.1993 0.1236 0.20 0.12 0.0000 0.0000 0.0000 0.0000 0.5001 -0.1075 0.037864 -0.711820 12.24 
26.5320 2 1 1 0x0 0.1977 0.1220 0.20 0.12 0.0000 0.0000 0.0000 0.0000 0.5001 -0.1075 0.037864 -0.711795 12.23 
26.5420 2 1 1 0x0 0.1962 0.1204 0.20 0.12 0.0000 0.0000 0.0000 0.0000 0.5001 -0.1075 0.037864 -0.711780 12.23 
26.5520 2 1 1 0x0 0.1946 0.1188 0.19 0.12 0.0000 0.0000 0.0000 0.0000 0.5001 -0.1075 0.037864 -0.711758 12.24 
26.5620 2 1 1 0x0 0.1930 0.1172 0.19 0.12 0.0000 0.0000 0.0000 0.0000 0.5001 -0.1075 0.037864 -0.711765 12.23 
26.5720 2 1 1 0x0 0.1914 0.1157 0.19 0.12 0.0000 0.0000 0.0000 0.0000 0.5001 -0.1075 0.037864 -0.711798 12.23 
26.5820 2 1 1 0x0 0.1898 0.1141 0.19 0.11 0.0000 0.0000 0.0000 0.0000 0.5001 -0.1075 0.037864 -0.711808 12.23 
26.5920 2 1 1 0x0 0.1882 0.1125 0.19 0.11 0.0000 0.0000 0.0000 0.0000 0.5001 -0.1075 0.037864 -0.711816 12.24 
26.6020 2 1 1 0x0 0.1866 0.1109 0.19 0.11 0.0000 0.0000 0.0000 0.0000 0.5001 -0.1075 0.037864 -0.711801 12.23 
26.6120 2 1 1 0x0 0.1850 0.1093 0.19 0.11 0.0000 0.0000 0.0000 0.0000 0.5001 -0.1075 0.037864 -0.711794 12.24 
26.6220 2 1 1 0x0 0.1834 0.1077 0.18 0.11 0.0000 0.0000 0.0000 0.0000 0.5001 -0.1075 0.037864 -0.711789 12.23 
26.6320 2 1 1 0x0 0.1818 0.1061 0.18 0.11 0.0000 0.0000 0.0000 0.0000 0.5001 -0.1075 0.037864 -0.711798 12.23 
26.6420 2 1 1 0x0 0.1803 0.1045 0.18 0.10 0.0000 0.0000 0.0000 0.0000 0.5001 -0.1075 0.037864 -0.711814 12.23 
26.6520 2 1 1 0x0 0.1787 0.1029 0.18 0.10 0.0000 0.0000 0.0000 0.0000 0.5001 -0.1075 0.037864 -0.711828 12.24 
26.6620 2 1 1 0x0 0.1771 0.1014 0.18 0.10 0.0000 0.0000 0.0000 0.0000 0.5001 -0.1075 0.037864 -0.711841 12.23 
26.6720 2 1 1 0x0 0.1755 0.0998 0.18 0.10 0.0000 0.0000 0.0000 0.0000 0.5001 -0.1075 0.037864 -0.711848 12.24 
26.6820 2 1 1 0x0 0.1739 0.0982 0.17 0.10 0.0000 0.0000 0.0000 0.0000 0.5001 -0.1075 0.037864 -0.711860 12.24 
26.6920 2 1 1 0x0 0.1723 0.0966 0.17 0.10 0.0000 0.0000 0.0000 0.0000 0.5001 -0.1075 0.037864 -0.711868 12.24 
26.7020 2 1 1 0x0 0.1707 0.0950 0.17 0.09 0.0000 0.0000 0.0000 0.0000 0.5001 -0.1075 0.037864 -0.711879 12.24 
26.7119 2 1 1 0x0 0.1691 0.0934 0.17 0.09 0.0000 0.0000 0.0000 0.0000 0.5001 -0.1075 0.037864 -0.711873 12.23 
26.7219 2 1 1 0x0 0.1675 0.0918 0.17 0.09 0.0000 0.0000 0.0000 0.0000 0.5001 -0.1075 0.037864 -0.711876 12.23 
26.7319 2 1 1 0x0 0.1660 0.0902 0.17 0.09 0.0000 0.0000 0.0000 0.0000 0.5001 -0.1075 0.037864 -0.711869 12.23 
26.7419 2 1 1 0x0 0.1644 0.0886 0.16 0.09 0.0000 0.0000 0.0000 0.0000 0.5001 -0.1075 0.037864 -0.711852 12.23 
26.7519 2 1 1 0x0 0.1628 0.0871 0.16 0.09 0.0000 0.0000 0.0000 0.0000 0.5001 -0.1075 0.037864 -0.711841 12.23 
26.7619 2 1 1 0x0 0.1612 0.0855 0.16 0.09 0.0000 0.0000 0.0000 0.0000 0.5001 -0.1075 0.037864 -0.711842 12.24 
26.7719 2 1 1 0x0 0.1596 0.0839 0.16 0.08 0.0000 0.0000 0.0000 0.0000 0.5001 -0.1075 0.037864 -0.711853 12.23 
26.7819 2 1 1 0x0 0.1580 0.0823 0.16 0.08 0.0000 0.0000 0.0000 0.0000 0.5001 -0.1075 0.037864 -0.711860 12.23 
26.7919 2 1 1 0x0 0.1564 0.0807 0.16 0.08 0.0000 0.0000 0.0000 0.0000 0.5001 -0.1075 0.037864 -0.711877 12.23 
26.8019 2 1 1 0x0 0.1548 0.0791 0.15 0.08 0.0000 0.0000 0.0000 0.0000 0.5001 -0.1075 0.037864 -0.711863 12.24 
26.8119 2 1 1 0x0 0.1532 0.0775 0.15 0.08 0.0000 0.0000 0.0000 0.0000 0.5001 -0.1075 0.037864 -0.711840 12.24 
26.8219 2 1 1 0x0 0.1517 0.0759 0.15 0.08 0.0000 0.0000 0.0000 0.0000 0.5001 -0.1075 0.037864 -0.711815 12.23 
26.8319 2 1 1 0x0 0.1501 0.0743 0.15 0.07 0.0000 0.0000 0.0000 0.0000 0.5001 -0.1075 0.037864 -0.711800 12.23 
26.8419 2 1 1 0x0 0.1485 0.0728 0.15 0.07 0.0000 0.0000 0.0000 0.0000 0.5001 -0.1075 0.037864 -0.711791 12.23 
26.8519 2 1 1 0x0 0.1469 0.0712 0.15 0.07 0.0000 0.0000 0.0000 0.0000 0.5001 -0.1075 0.037864 -0.711791 12.23 
26.8619 2 1 1 0x0 0.1453 0.0696 0.15 0.07 0.0000 0.0000 0.0000 0.0000 0.5001 -0.1075 0.037864 -0.711779 12.24 
26.8719 2 1 1 0x0 0.1437 0.0680 0.14 0.07 0.0000 0.0000 0.0000 0.0000 0.5001 -0.1075 0.037864 -0.711796 12.23 
26.8819 2 1 1 0x0 0.1421 0.0664 0.14 0.07 0.0000 0.0000 0.0000 0.0000 0.5001 -0.1075 0.037864 -0.711784 12.24 
26.8918 2 1 1 0x0 0.1405 0.0648 0.14 0.06 0.0000 0.0000 0.0000 0.0000 0.5001 -0.1075 0.037864 -0.711783 12.24 
26.9018 2 1 1 0x0 0.1389 0.0632 0.14 0.06 0.0000 0.0000 0.0000 0.0000 0.5001 -0.1075 0.037864 -0.711787 12.24 
26.9118 2 1 1 0x0 0.1374 0.0616 0.14 0.06 0.0000 0.0000 0.0000 0.0000 0.5001 -0.1075 0.037864 -0.711798 12.23 
26.9218 2 1 1 0x0 0.1358 0.0600 0.14 0.06 0.0000 0.0000 0.0000 0.0000 0.5001 -0.1075 0.037864 -0.711818 12.23 
26.9318 2 1 1 0x0 0.1342 0.0584 0.13 0.06 0.0000 0.0000 0.0000 0.0000 0.5001 -0.1075 0.037864 -0.711804 12.23 
26.9418 2 1 1 0x0 0.1326 0.0569 0.13 0.06 0.0000 0.0000 0.0000 0.0000 0.5001 -0.1075 0.037864 -0.711816 12.24 
26.9518 2 1 1 0x0 0.1310 0.0553 0.13 0.06 0.0000 0.0000 0.0000 0.0000 0.5001 -0.1075 0.037864 -0.711796 12.23 
26.9618 2 1 1 0x0 0.1294 0.0537 0.13 0.05 0.0000 0.0000 0.0000 0.0000 0.5001 -0.1075 0.037864 -0.711808 12.23 
26.9718 2 1 1 0x0 0.1278 0.0521 0.13 0.05 0.0000 0.0000 0.0000 0.0000 0.5001 -0.1075 0.037864 -0.711821 12.23 
26.9818 2 1 1 0x0 0.1262 0.0505 0.13 0.05 0.0000 0.0000 0.0000 0.0000 0.5001 -0.1075 0.037864 -0.711792 12.23 
26.9918 2 1 1 0x0 0.1246 0.0489 0.12 0.05 0.0000 0.0000 0.0000 0.0000 0.5001 -0.1075 0.037864 -0.711754 12.23 
27.0018 2 1 1 0x0 0.1231 0.0473 0.12 0.05 0.0000 0.0000 0.0000 0.0000 0.5001 -0.1075 0.037864 -0.711752 12.23 
27.0118 2 1 1 0x0 0.1215 0.0457 0.12 0.05 0.0000 0.0000 0.0000 0.0000 0.5001 -0.1075 0.037864 -0.711773 12.24 
27.0218 2 1 1 0x0 0.1199 0.0441 0.12 0.04 0.0000 0.0000 0.0000 0.0000 0.5001 -0.1075 0.037864 -0.711779 12.24 
27.0318 2 1 1 0x0 0.1183 0.0426 0.12 0.04 0.0000 0.0000 0.0000 0.0000 0.5001 -0.1075 0.037864 -0.711795 12.24 
27.0418 2 1 1 0x0 0.1167 0.0410 0.12 0.04 0.0000 0.0000 0.0000 0.0000 0.5001 -0.1075 0.037864 -0.711807 12.23 
27.0518 2 1 1 0x0 0.1151 0.0394 0.12 0.04 0.0000 0.0000 0.0000 0.0000 0.5001 -0.1075 0.037864 -0.711807 12.23 
27.0618 2 1 1 0x0 0.1135 0.0378 0.11 0.04 0.0000 0.0000 0.0000 0.0000 0.5001 -0.1075 0.037864 -0.711811 12.24 
27.0718 2 1 1 0x0 0.1119 0.0362 0.11 0.04 0.0000 0.0000 0.0000 0.0000 0.5001 -0.1075 0.037864 -0.711808 12.23 
27.0817 2 1 1 0x0 0.1103 0.0346 0.11 0.03 0.0000 0.0000 0.0000 0.0000 0.5001 -0.1075 0.037864 -0.711811 12.24 
27.0917 2 1 1 0x0 0.1088 0.0330 0.11 0.03 0.0000 0.0000 0.0000 0.0000 0.5001 -0.1075 0.037864 -0.711828 12.24 
27.1017 2 1 1 0x0 0.1072 0.0314 0.11 0.03 0.0000 0.0000 0.0000 0.0000 0.5001 -0.1075 0.037864 -0.711803 12.24 
27.1117 2 1 1 0x0 0.1056 0.0298 0.11 0.03 0.0000 0.0000 0.0000 0.0000 0.5001 -0.1075 0.037864 -0.711793 12.23 
27.1217 2 1 1 0x0 0.1040 0.0283 0.10 0.03 0.0000 0.0000 0.0000 0.0000 0.5001 -0.1075 0.037864 -0.711767 12.23 
27.1317 2 1 1 0x0 0.1024 0.0267 0.10 0.03 0.0000 0.0000 0.0000 0.0000 0.5001 -0.1075 0.037864 -0.711747 12.23 
27.1417 2 1 1 0x0 0.1008 0.0251 0.10 0.03 0.0000 0.0000 0.0000 0.0000 0.5001 -0.1075 0.037864 -0.711727 12.24 
27.1517 2 1 1 0x0 0.0992 0.0235 0.10 0.02 0.0000 0.0000 0.0000 0.0000 0.5001 -0.1075 0.037864 -0.711710 12.24 
27.1617 2 1 1 0x0 0.0976 0.0219 0.10 0.02 0.0000 0.0000 0.0000 0.0000 0.5001 -0.1075 0.037864 -0.711712 12.24 
27.1717 2 1 1 0x0 0.0960 0.0203 0.10 0.02 0.0000 0.0000 0.0000 0.0000 0.5001 -0.1075 0.037864 -0.711697 12.23 
27.1817 2 1 1 0x0 0.0945 0.0187 0.09 0.02 0.0000 0.0000 0.0000 0.0000 0.5001 -0.1075 0.037864 -0.711676 12.24 
27.1917 2 1 1 0x0 0.0929 0.0171 0.09 0.02 0.0000 0.0000 0.0000 0.0000 0.5001 -0.1075 0.037864 -0.711687 12.24 
27.2017 2 1 1 0x0 0.0913 0.0155 0.09 0.02 0.0000 0.0000 0.0000 0.0000 0.5001 -0.1075 0.037864 -0.711693 12.24 
27.2117 2 1 1 0x0 0.0897 0.0140 0.09 0.01 0.0000 0.0000 0.0000 0.0000 0.5001 -0.1075 0.037864 -0.711702 12.23 
27.2217 2 1 1 0x0 0.0881 0.0124 0.09 0.01 0.0000 0.0000 0.0000 0.0000 0.5001 -0.1075 0.037864 -0.711718 12.23 
27.2317 2 1 1 0x0 0.0865 0.0108 0.09 0.01 0.0000 0.0000 0.0000 0.0000 0.5001 -0.1075 0.037864 -0.711726 12.23 
27.2417 2 1 1 0x0 0.0849 0.0092 0.08 0.01 0.0000 0.0000 0.0000 0.0000 0.5001 -0.1075 0.037864 -0.711739 12.24 
27.2517 2 1 1 0x0 0.0833 0.0076 0.08 0.01 0.0000 0.0000 0.0000 0.0000 0.5001 -0.1075 0.037864 -0.711758 12.24 
27.2616 2 1 1 0x0 0.0817 0.0060 0.08 0.01 0.0000 0.0000 0.0000 0.0000 0.5001 -0.1075 0.037864 -0.711759 12.23 
27.2716 2 1 1 0x0 0.0801 0.0044 0.08 0.00 0.0000 0.0000 0.0000 0.0000 0.5001 -0.1075 0.037864 -0.711748 12.24 
27.2816 2 1 1 0x0 0.0786 0.0028 0.08 0.00 0.0000 0.0000 0.0000 0.0000 0.5001 -0.1075 0.037864 -0.711745 12.23 
27.2916 2 1 1 0x0 0.0770 0.0012 0.08 0.00 0.0000 0.0000 0.0000 0.0000 0.5001 -0.1075 0.037864 -0.711738 12.23 
27.3016 2 1 1 0x0 0.0754 -0.0003 0.08 -0.00 0.0000 0.0000 0.0000 0.0000 0.5001 -0.1075 0.037864 -0.711744 12.24 
27.3116 2 1 1 0x0 0.0738 -0.0019 0.07 -0.00 0.0000 0.0000 0.0000 0.0000 0.5001 -0.1075 0.037864 -0.711749 12.23 
27.3216 2 1 1 0x0 0.0722 -0.0035 0.07 -0.00 0.0000 0.0000 0.0000 0.0000 0.5001 -0.1075 0.037864 -0.711754 12.24 
27.3316 2 1 1 0x0 0.0706 -0.0051 0.07 -0.01 0.0000 0.0000 0.0000 0.0000 0.5001 -0.1075 0.037864 -0.711758 12.23 
27.3416 2 1 1 0x0 0.0690 -0.0067 0.07 -0.01 0.0000 0.0000 0.0000 0.0000 0.5001 -0.1075 0.037864 -0.711743 12.23 
27.3516 2 1 1 0x0 0.0674 -0.0083 0.07 -0.01 0.0000 0.0000 0.0000 0.0000 0.5001 -0.1075 0.037864 -0.711736 12.24 
27.3616 2 1 1 0x0 0.0658 -0.0099 0.07 -0.01 0.0000 0.0000 0.0000 0.0000 0.5001 -0.1075 0.037864 -0.711740 12.24 
27.3716 2 1 1 0x0 0.0643 -0.0115 0.06 -0.01 0.0000 0.0000 0.0000 0.0000 0.5001 -0.1075 0.037864 -0.711751 12.24 
27.3816 2 1 1 0x0 0.0627 -0.0131 0.06 -0.01 0.0000 0.0000 0.0000 0.0000 0.5001 -0.1075 0.037864 -0.711765 12.24 
27.3916 2 1 1 0x0 0.0611 -0.0146 0.06 -0.01 0.0000 0.0000 0.0000 0.0000 0.5001 -0.1075 0.037864 -0.711765 12.23 
27.4016 2 1 1 0x0 0.0595 -0.0162 0.06 -0.02 0.0000 0.0000 0.0000 0.0000 0.5001 -0.1075 0.037864 -0.711766 12.24 
27.4116 2 1 1 0x0 0.0579 -0.0178 0.06 -0.02 0.0000 0.0000 0.0000 0.0000 0.5001 -0.1075 0.037864 -0.711755 12.24 
27.4216 2 1 1 0x0 0.0563 -0.0194 0.06 -0.02 0.0000 0.0000 0.0000 0.0000 0.5001 -0.1075 0.037864 -0.711760 12.24 
27.4316 2 1 1 0x0 0.0547 -0.0210 0.05 -0.02 0.0000 0.0000 0.0000 0.0000 0.5001 -0.1075 0.037864 -0.711762 12.24 
27.4415 2 1 1 0x0 0.0531 -0.0226 0.05 -0.02 0.0000 0.0000 0.0000 0.0000 0.5001 -0.1075 0.037864 -0.711777 12.24 
27.4515 2 1 1 0x0 0.0515 -0.0242 0.05 -0.02 0.0000 0.0000 0.0000 0.0000 0.5001 -0.1075 0.037864 -0.711762 12.23 
27.4615 2 1 1 0x0 0.0500 -0.0258 0.05 -0.03 0.0000 0.0000 0.0000 0.0000 0.5001 -0.1075 0.037864 -0.711768 12.24 
27.4715 2 1 1 0x0 0.0484 -0.0274 0.05 -0.03 0.0000 0.0000 0.0000 0.0000 0.5001 -0.1075 0.037864 -0.711780 12.23 
27.4815 2 1 1 0x0 0.0468 -0.0289 0.05 -0.03 0.0000 0.0000 0.0000 0.0000 0.5001 -0.1075 0.037864 -0.711773 12.23 
27.4915 2 1 1 0x0 0.0452 -0.0305 0.05 -0.03 0.0000 0.0000 0.0000 0.0000 0.5001 -0.1075 0.037864 -0.711781 12.24 
27.5015 2 1 1 0x0 0.0436 -0.0321 0.04 -0.03 0.0000 0.0000 0.0000 0.0000 0.5001 -0.1075 0.037864 -0.711776 12.24 
27.5115 2 1 1 0x0 0.0420 -0.0337 0.04 -0.03 0.0000 0.0000 0.0000 0.0000 0.5001 -0.1075 0.037864 -0.711789 12.24 
27.5215 2 1 1 0x0 0.0404 -0.0353 0.04 -0.04 0.0000 0.0000 0.0000 0.0000 0.5001 -0.1075 0.037864 -0.711828 12.23 
27.5315 2 1 1 0x0 0.0388 -0.0369 0.04 -0.04 0.0000 0.0000 0.0000 0.0000 0.5001 -0.1075 0.037864 -0.711837 12.24 
27.5415 2 1 1 0x0 0.0372 -0.0385 0.04 -0.04 0.0000 0.0000 0.0000 0.0000 0.5001 -0.1075 0.037864 -0.711830 12.24 
27.5515 2 1 1 0x0 0.0357 -0.0401 0.04 -0.04 0.0000 0.0000 0.0000 0.0000 0.5001 -0.1075 0.037864 -0.711815 12.24 
27.5615 2 1 1 0x0 0.0341 -0.0417 0.03 -0.04 0.0000 0.0000 0.0000 0.0000 0.5001 -0.1075 0.037864 -0.711814 12.24 
27.5715 2 1 1 0x0 0.0325 -0.0433 0.03 -0.04 0.0000 0.0000 0.0000 0.0000 0.5001 -0.1075 0.037864 -0.711792 12.24 
27.5815 2 1 1 0x0 0.0309 -0.0448 0.03 -0.04 0.0000 0.0000 0.0000 0.0000 0.5001 -0.1075 0.037864 -0.711774 12.23 
27.5915 2 1 1 0x0 0.0293 -0.0464 0.03 -0.05 0.0000 0.0000 0.0000 0.0000 0.5001 -0.1075 0.037864 -0.711766 12.23 
27.6015 2 1 1 0x0 0.0277 -0.0480 0.03 -0.05 0.0000 0.0000 0.0000 0.0000 0.5001 -0.1075 0.037864 -0.711763 12.23 
27.6115 2 1 1 0x0 0.0261 -0.0496 0.03 -0.05 0.0000 0.0000 0.0000 0.0000 0.5001 -0.1075 0.037864 -0.711740 12.24 
27.6214 2 1 1 0x0 0.0245 -0.0512 0.02 -0.05 0.0000 0.0000 0.0000 0.0000 0.5001 -0.1075 0.037864 -0.711756 12.23 
27.6314 2 1 1 0x0 0.0229 -0.0528 0.02 -0.05 0.0000 0.0000 0.0000 0.0000 0.5001 -0.1075 0.037864 -0.711767 12.24 
27.6414 2 1 1 0x0 0.0214 -0.0544 0.02 -0.05 0.0000 0.0000 0.0000 0.0000 0.5001 -0.1075 0.037864 -0.711770 12.23 
27.6514 2 1 1 0x0 0.0198 -0.0560 0.02 -0.06 0.0000 0.0000 0.0000 0.0000 0.5001 -0.1075 0.037864 -0.711778 12.24 
27.6614 2 1 1 0x0 0.0182 -0.0576 0.02 -0.06 0.0000 0.0000 0.0000 0.0000 0.5001 -0.1075 0.037864 -0.711770 12.24 
27.6714 2 1 1 0x0 0.0166 -0.0591 0.02 -0.06 0.0000 0.0000 0.0000 0.0000 0.5001 -0.1075 0.037864 -0.711751 12.23 
27.6814 2 1 1 0x0 0.0150 -0.0607 0.01 -0.06 0.0000 0.0000 0.0000 0.0000 0.5001 -0.1075 0.037864 -0.711769 12.24 
27.6914 2 1 1 0x0 0.0134 -0.0623 0.01 -0.06 0.0000 0.0000 0.0000 0.0000 0.5001 -0.1075 0.037864 -0.711784 12.23 
27.7014 2 1 1 0x0 0.0118 -0.0639 0.01 -0.06 0.0000 0.0000 0.0000 0.0000 0.5001 -0.1075 0.037864 -0.711775 12.23 
27.7114 2 1 1 0x0 0.0102 -0.0655 0.01 -0.07 0.0000 0.0000 0.0000 0.0000 0.5001 -0.1075 0.037864 -0.711752 12.24 
27.7214 2 1 1 0x0 0.0086 -0.0671 0.01 -0.07 0.0000 0.0000 0.0000 0.0000 0.5001 -0.1075 0.037864 -0.711755 12.23 
27.7314 2 1 1 0x0 0.0071 -0.0687 0.01 -0.07 0.0000 0.0000 0.0000 0.0000 0.5001 -0.1075 0.037864 -0.711767 12.23 
27.7414 2 1 1 0x0 0.0055 -0.0703 0.01 -0.07 0.0000 0.0000 0.0000 0.0000 0.5001 -0.1075 0.037864 -0.711802 12.24 
27.7514 2 1 1 0x0 0.0039 -0.0719 0.00 -0.07 0.0000 0.0000 0.0000 0.0000 0.5001 -0.1075 0.037864 -0.711818 12.23 
27.7614 2 1 1 0x0 0.0023 -0.0734 0.00 -0.07 0.0000 0.0000 0.0000 0.0000 0.5001 -0.1075 0.037864 -0.711813 12.23 
27.7714 2 1 1 0x0 0.0007 -0.0750 0.00 -0.08 0.0000 0.0000 0.0000 0.0000 0.5001 -0.1075 0.037864 -0.711811 12.23 
27.7814 2 1 1 0x0 -0.0009 -0.0766 -0.00 -0.08 0.0000 0.0000 0.0000 0.0000 0.5001 -0.1075 0.037864 -0.711799 12.23 
27.7914 2 1 1 0x0 -0.0025 -0.0782 -0.00 -0.08 0.0000 0.0000 0.0000 0.0000 0.5001 -0.1075 0.037864 -0.711784 12.23 
27.8013 2 1 1 0x0 -0.0041 -0.0798 -0.00 -0.08 0.0000 0.0000 0.0000 0.0000 0.5001 -0.1075 0.037864 -0.711767 12.23 
27.8113 2 1 1 0x0 -0.0057 -0.0814 -0.01 -0.08 0.0000 0.0000 0.0000 0.0000 0.5001 -0.1075 0.037864 -0.711782 12.24 
27.8213 2 1 1 0x0 -0.0072 -0.0830 -0.01 -0.08 0.0000 0.0000 0.0000 0.0000 0.5001 -0.1075 0.037864 -0.711761 12.23 
27.8313 2 1 1 0x0 -0.0088 -0.0846 -0.01 -0.08 0.0000 0.0000 0.0000 0.0000 0.5001 -0.1075 0.037864 -0.711765 12.23 
27.8413 2 1 1 0x0 -0.0104 -0.0862 -0.01 -0.09 0.0000 0.0000 0.0000 0.0000 0.5001 -0.1075 0.037864 -0.711747 12.24 
27.8513 2 1 1 0x0 -0.0120 -0.0877 -0.01 -0.09 0.0000 0.0000 0.0000 0.0000 0.5001 -0.1075 0.037864 -0.711746 12.23 
27.8613 2 1 1 0x0 -0.0136 -0.0893 -0.01 -0.09 0.0000 0.0000 0.0000 0.0000 0.5001 -0.1075 0.037864 -0.711753 12.24 
27.8713 2 1 1 0x0 -0.0152 -0.0909 -0.02 -0.09 0.0000 0.0000 0.0000 0.0000 0.5001 -0.1075 0.037864 -0.711764 12.24 
27.8813 2 1 1 0x0 -0.0168 -0.0925 -0.02 -0.09 0.0000 0.0000 0.0000 0.0000 0.5001 -0.1075 0.037864 -0.711791 12.23 
27.8913 2 1 1 0x0 -0.0184 -0.0941 -0.02 -0.09 0.0000 0.0000 0.0000 0.0000 0.5001 -0.1075 0.037864 -0.711780 12.23 
27.9013 2 1 1 0x0 -0.0200 -0.0957 -0.02 -0.10 0.0000 0.0000 0.0000 0.0000 0.5001 -0.1075 0.037864 -0.711782 12.24 
27.9113 2 1 1 0x0 -0.0215 -0.0973 -0.02 -0.10 0.0000 0.0000 0.0000 0.0000 0.5001 -0.1075 0.037864 -0.711773 12.23 
27.9213 2 1 1 0x0 -0.0231 -0.0989 -0.02 -0.10 0.0000 0.0000 0.0000 0.0000 0.5001 -0.1075 0.037864 -0.711771 12.24 
27.9313 2 1 1 0x0 -0.0247 -0.1005 -0.02 -0.10 0.0000 0.0000 0.0000 0.0000 0.5001 -0.1075 0.037864 -0.711787 12.24 
27.9413 2 1 1 0x0 -0.0263 -0.1020 -0.03 -0.10 0.0000 0.0000 0.0000 0.0000 0.5001 -0.1075 0.037864 -0.711790 12.24 
27.9513 2 1 1 0x0 -0.0279 -0.1036 -0.03 -0.10 0.0000 0.0000 0.0000 0.0000 0.5001 -0.1075 0.037864 -0.711808 12.23 
27.9613 2 1 1 0x0 -0.0295 -0.1052 -0.03 -0.11 0.0000 0.0000 0.0000 0.0000 0.5001 -0.1075 0.037864 -0.711803 12.24 
27.9713 2 1 1 0x0 -0.0311 -0.1068 -0.03 -0.11 0.0000 0.0000 0.0000 0.0000 0.5001 -0.1075 0.037864 -0.711789 12.23 
27.9813 2 1 1 0x0 -0.0327 -0.1084 -0.03 -0.11 0.0000 0.0000 0.0000 0.0000 0.5001 -0.1075 0.037864 -0.711754 12.23 
27.9912 2 1 1 0x0 -0.0343 -0.1100 -0.03 -0.11 0.0000 0.0000 0.0000 0.0000 0.5001 -0.1075 0.037864 -0.711736 12.24 
28.0012 2 1 1 0x0 -0.0359 -0.1116 -0.04 -0.11 0.0000 0.0000 0.0000 0.0000 0.5001 -0.1075 0.037864 -0.711760 12.24 
28.0112 2 1 1 0x0 -0.0374 -0.1132 -0.04 -0.11 0.0000 0.0000 0.0000 0.0000 0.5001 -0.1075 0.037864 -0.711786 12.23 
28.0212 2 1 1 0x0 -0.0390 -0.1148 -0.04 -0.11 0.0000 0.0000 0.0000 0.0000 0.5001 -0.1075 0.037864 -0.711775 12.24 
28.0312 2 1 1 0x0 -0.0406 -0.1163 -0.04 -0.12 0.0000 0.0000 0.0000 0.0000 0.5001 -0.1075 0.037864 -0.711732 12.24 
28.0412 2 1 1 0x0 -0.0422 -0.1179 -0.04 -0.12 0.0000 0.0000 0.0000 0.0000 0.5001 -0.1075 0.037864 -0.711705 12.23 
28.0512 2 1 1 0x0 -0.0438 -0.1195 -0.04 -0.12 0.0000 0.0000 0.0000 0.0000 0.5001 -0.1075 0.037864 -0.711714 12.24 
28.0612 2 1 1 0x0 -0.0454 -0.1211 -0.05 -0.12 0.0000 0.0000 0.0000 0.0000 0.5001 -0.1075 0.037864 -0.711730 12.23 
28.0712 2 1 1 0x0 -0.0470 -0.1227 -0.05 -0.12 0.0000 0.0000 0.0000 0.0000 0.5001 -0.1075 0.037864 -0.711745 12.23 
28.0812 2 1 1 0x0 -0.0486 -0.1243 -0.05 -0.12 0.0000 0.0000 0.0000 0.0000 0.5001 -0.1075 0.037864 -0.711737 12.23 
28.0912 2 1 1 0x0 -0.0502 -0.1259 -0.05 -0.13 0.0000 0.0000 0.0000 0.0000 0.5001 -0.1075 0.037864 -0.711716 12.23 
28.1012 2 1 1 0x0 -0.0517 -0.1275 -0.05 -0.13 0.0000 0.0000 0.0000 0.0000 0.5001 -0.1075 0.037864 -0.711722 12.24 
28.1112 2 1 1 0x0 -0.0533 -0.1291 -0.05 -0.13 0.0000 0.0000 0.0000 0.0000 0.5001 -0.1075 0.037864 -0.711718 12.24 
28.1212 2 1 1 0x0 -0.0549 -0.1306 -0.05 -0.13 0.0000 0.0000 0.0000 0.0000 0.5001 -0.1075 0.037864 -0.711715 12.24 
28.1312 2 1 1 0x0 -0.0565 -0.1322 -0.06 -0.13 0.0000 0.0000 0.0000 0.0000 0.5001 -0.1075 0.037864 -0.711731 12.24 
28.1412 2 1 1 0x0 -0.0581 -0.1338 -0.06 -0.13 0.0000 0.0000 0.0000 0.0000 0.5001 -0.1075 0.037864 -0.711735 12.23 
28.1512 2 1 1 0x0 -0.0597 -0.1354 -0.06 -0.14 0.0000 0.0000 0.0000 0.0000 0.5001 -0.1075 0.037864 -0.711756 12.24 
28.1612 2 1 1 0x0 -0.0613 -0.1370 -0.06 -0.14 0.0000 0.0000 0.0000 0.0000 0.5001 -0.1075 0.037864 -0.711749 12.24 
28.1711 2 1 1 0x0 -0.0629 -0.1386 -0.06 -0.14 0.0000 0.0000 0.0000 0.0000 0.5001 -0.1075 0.037864 -0.711748 12.23 
28.1811 2 1 1 0x0 -0.0645 -0.1402 -0.06 -0.14 0.0000 0.0000 0.0000 0.0000 0.5001 -0.1075 0.037864 -0.711743 12.24 
28.1911 2 1 1 0x0 -0.0660 -0.1418 -0.07 -0.14 0.0000 0.0000 0.0000 0.0000 0.5001 -0.1075 0.037864 -0.711730 12.24 
