Var1_1,Var1_2,Var1_3
0,0,0
0.001,0,0
0.002,0,0
0.003,0,0
0.004,0,0
0.005,0,0
0.006,0,0
0.007,0,0
0.008,0,0
0.009,0,0
0.01,0,0
0.011,0,0
0.012,0,0
0.013,0,0
0.014,0,0
0.015,0,0
0.016,0,0
0.017,0,0
0.018,0,0
0.019,0,0
0.02,0,0
0.021,0,0
0.022,0,0
0.023,0,0
0.024,0,0
0.025,0,0
0.026,0,0
0.027,0,0
0.028,0,0
0.029,0,0
0.03,0,0
0.031,0,0
0.032,0,0
0.033,0,0
0.034,0,0
0.035,0,0
0.036,0,0
0.037,0,0
0.038,0,0
0.039,0,0
0.04,0,0
0.041,0,0
0.042,0,0
0.043,0,0
0.044,0,0
0.045,0,0
0.046,0,0
0.047,0,0
0.048,0,0
0.049,0,0
0.05,0,0
0.051,0,0
0.052,0,0
0.053,0,0
0.054,0,0
0.055,0,0
0.056,0,0
0.057,0,0
0.058,0,0
0.059,0,0
0.06,0,0
0.061,0,0
0.062,0,0
0.063,0,0
0.064,0,0
0.065,0,0
0.066,0,0
0.067,0,0
0.068,0,0
0.069,0,0
0.07,0,0
0.071,0,0
0.072,0,0
0.073,0,0
0.074,0,0
0.075,0,0
0.076,0,0
0.077,0,0
0.078,0,0
0.079,0,0
0.08,0,0
0.081,0,0
0.082,0,0
0.083,0,0
0.084,0,0
0.085,0,0
0.086,0,0
0.087,0,0
0.088,0,0
0.089,0,0
0.09,0,0
0.091,0,0
0.092,0,0
0.093,0,0
0.094,0,0
0.095,0,0
0.096,0,0
0.097,0,0
0.098,0,0
0.099,1,0
0.1,1,0
0.101,1,1e-06
0.102,1,2.99999e-06
0.103,1,5.999960000075e-06
0.104,1,9.999900000225e-06
0.105,1,1.4999800000075e-05
0.106,1,2.09996499984251e-05
0.107,1,2.79994399926503e-05
0.108,1,3.5999159977951e-05
0.109,1,4.49987999464525e-05
0.11,1,5.4998349886156e-05
0.111,1,6.59977997797377e-05
0.112,1,7.79971396032e-05
0.113,1,9.09963593243713e-05
0.114,1,0.000104995448901257
0.115,1,0.000119994398280238
0.116,1,0.000135993197394124
0.117,1,0.000152991836160053
0.118,1,0.00017099030447724
0.119,1,0.000189988592224581
0.12,1,0.000209986689258103
0.121,1,0.000230984585408263
0.122,1,0.000252982270477102
0.123,1,0.000275979734235242
0.124,1,0.000299976966418744
0.125,1,0.000324973956725804
0.126,1,0.000350970694813307
0.127,1,0.000377967170293227
0.128,1,0.000405963372728881
0.129,1,0.000434959291631032
0.13,1,0.000464954916453836
0.131,1,0.000495950236590654
0.132,1,0.000527945241369692
0.133,1,0.000560939920049517
0.134,1,0.000594934261814401
0.135,1,0.000629928255769528
0.136,1,0.000665921890936045
0.137,1,0.000702915156245971
0.138,1,0.000740908040536944
0.139,1,0.000779900532546831
0.14,1,0.000819892620908181
0.141,1,0.000860884294142525
0.142,1,0.00090287554065454
0.143,1,0.000945866348726045
0.144,1,0.000989856706509864
0.145,1,0.00103484660202353
0.146,1,0.00108083602314283
0.147,1,0.00112782495759523
0.148,1,0.00117581339295312
0.149,1,0.00122480131662693
0.15,1,0.00127478871585808
0.151,1,0.00132577557771178
0.152,1,0.0013777618890697
0.153,1,0.00143074763662248
0.154,1,0.0014847328068621
0.155,1,0.00153971738607404
0.156,1,0.00159570136032941
0.157,1,0.00165268471547679
0.158,1,0.00171066743713404
0.159,1,0.00176964951067992
0.16,1,0.00182963092124548
0.161,1,0.00189061165370544
0.162,1,0.00195259169266936
0.163,1,0.00201557102247257
0.164,1,0.00207954962716712
0.165,1,0.00214452749051247
0.166,1,0.00221050459596601
0.167,1,0.00227748092667355
0.168,1,0.00234545646545952
0.169,1,0.00241443119481711
0.17,1,0.00248440509689826
0.171,1,0.00255537815350344
0.172,1,0.00262735034607133
0.173,1,0.00270032165566836
0.174,1,0.00277429206297805
0.175,1,0.00284926154829024
0.176,1,0.00292523009149017
0.177,1,0.00300219767204738
0.178,1,0.00308016426900451
0.179,1,0.00315912986096589
0.18,1,0.00323909442608606
0.181,1,0.00332005794205804
0.182,1,0.00340202038610154
0.183,1,0.00348498173495099
0.184,1,0.00356894196484338
0.185,1,0.00365390105150602
0.186,1,0.00373985897014413
0.187,1,0.00382681569542824
0.188,1,0.00391477120148146
0.189,1,0.00400372546186666
0.19,1,0.00409367844957342
0.191,1,0.00418463013700486
0.192,1,0.00427658049596435
0.193,1,0.00436952949764201
0.194,1,0.00446347711260114
0.195,1,0.00455842331076442
0.196,1,0.00465436806140002
0.197,1,0.00475131133310753
0.198,1,0.00484925309380377
0.199,1,0.00494819331070843
0.2,1,0.00504813195032952
0.201,1,0.0051490689784488
0.202,1,0.00525100436010689
0.203,1,0.00535393805958837
0.204,1,0.0054578700404067
0.205,1,0.00556280026528889
0.206,1,0.00566872869616021
0.207,1,0.00577565529412854
0.208,1,0.00588358001946877
0.209,1,0.00599250283160689
0.21,1,0.00610242368910405
0.211,1,0.00621334254964038
0.212,1,0.00632525936999872
0.213,1,0.00643817410604823
0.214,1,0.00655208671272772
0.215,1,0.006666997144029
0.216,1,0.00678290535297996
0.217,1,0.00689981129162756
0.218,1,0.00701771491102064
0.219,1,0.00713661616119263
0.22,1,0.00725651499114406
0.221,1,0.00737741134882493
0.222,1,0.00749930518111698
0.223,1,0.00762219643381576
0.224,1,0.00774608505161255
0.225,1,0.0078709709780762
0.226,1,0.00799685415563474
0.227,1,0.00812373452555691
0.228,1,0.00825161202793346
0.229,1,0.00838048660165843
0.23,1,0.00851035818441014
0.231,1,0.00864122671263212
0.232,1,0.00877309212151391
0.233,1,0.00890595434497164
0.234,1,0.00903981331562849
0.235,1,0.00917466896479507
0.236,1,0.00931052122244954
0.237,1,0.00944737001721767
0.238,1,0.00958521527635271
0.239,1,0.00972405692571515
0.24,1,0.00986389488975231
0.241,1,0.0100047290914777
0.242,1,0.0101465594524506
0.243,1,0.0102893858927548
0.244,1,0.0104332083309778
0.245,1,0.0105780266841899
0.246,1,0.0107238408679225
0.247,1,0.0108706507961471
0.248,1,0.0110184563812534
0.249,1,0.0111672575340276
0.25,1,0.0113170541636307
0.251,1,0.0114678461775765
0.252,1,0.0116196334817093
0.253,1,0.0117724159801816
0.254,1,0.011926193575432
0.255,1,0.0120809661681619
0.256,1,0.0122367336573135
0.257,1,0.0123934959400467
0.258,1,0.0125512529117158
0.259,1,0.0127100044658466
0.26,1,0.0128697504941132
0.261,1,0.0130304908863141
0.262,1,0.0131922255303491
0.263,1,0.0133549543121954
0.264,1,0.0135186771158836
0.265,1,0.0136833938234735
0.266,1,0.0138491043150306
0.267,1,0.0140158084686012
0.268,1,0.0141835061601879
0.269,1,0.0143521972637256
0.27,1,0.014521881651056
0.271,1,0.0146925591919034
0.272,1,0.0148642297538492
0.273,1,0.0150368932023071
0.274,1,0.0152105494004972
0.275,1,0.0153851982094215
0.276,1,0.0155608394878374
0.277,1,0.0157374730922324
0.278,1,0.0159150988767981
0.279,1,0.0160937166934046
0.28,1,0.0162733263915736
0.281,1,0.0164539278184527
0.282,1,0.0166355208187887
0.283,1,0.0168181052349012
0.284,1,0.0170016809066557
0.285,1,0.0171862476714369
0.286,1,0.0173718053641216
0.287,1,0.0175583538170517
0.288,1,0.0177458928600067
0.289,1,0.0179344223201765
0.29,1,0.0181239420221339
0.291,1,0.0183144517878067
0.292,1,0.01850595143645
0.293,1,0.0186984407846182
0.294,1,0.0188919196461369
0.295,1,0.0190863878320748
0.296,1,0.0192818451507152
0.297,1,0.0194782914075274
0.298,1,0.0196757264051382
0.299,1,0.0198741499433031
0.3,1,0.0200735618188774
0.301,1,0.020273961825787
0.302,1,0.0204753497549994
0.303,1,0.0206777253944944
0.304,1,0.0208810885292343
0.305,1,0.0210854389411346
0.306,1,0.0212907764090344
0.307,1,0.0214971007086661
0.308,1,0.0217044116126258
0.309,1,0.021912708890343
0.31,1,0.0221219923080504
0.311,1,0.0223322616287533
0.312,1,0.0225435166121994
0.313,1,0.0227557570148479
0.314,1,0.0229689825898388
0.315,1,0.0231831930869621
0.316,1,0.0233983882526264
0.317,1,0.023614567829828
0.318,1,0.0238317315581195
0.319,1,0.0240498791735783
0.32,1,0.0242690104087753
0.321,1,0.0244891249927427
0.322,1,0.0247102226509426
0.323,1,0.0249323031052349
0.324,1,0.025155366073845
0.325,1,0.025379411271332
0.326,1,0.025604438408556
0.327,1,0.0258304471926457
0.328,1,0.0260574373269659
0.329,1,0.0262854085110847
0.33,1,0.0265143604407406
0.331,1,0.0267442928078097
0.332,1,0.0269752053002725
0.333,1,0.0272070976021803
0.334,1,0.0274399693936226
0.335,1,0.027673820350693
0.336,1,0.0279086501454558
0.337,1,0.0281444584459124
0.338,1,0.0283812449159671
0.339,1,0.0286190092153936
0.34,1,0.0288577509998005
0.341,1,0.0290974699205974
0.342,1,0.0293381656249602
0.343,1,0.0295798377557971
0.344,1,0.0298224859517137
0.345,1,0.0300661098469782
0.346,1,0.0303107090714871
0.347,1,0.0305562832507297
0.348,1,0.0308028320057534
0.349,1,0.0310503549531284
0.35,1,0.0312988517049124
0.351,1,0.0315483218686154
0.352,1,0.0317987650471637
0.353,1,0.032050180838865
0.354,1,0.0323025688373718
0.355,1,0.0325559286316464
0.356,1,0.0328102598059242
0.357,1,0.0330655619396781
0.358,1,0.0333218346075819
0.359,1,0.0335790773794743
0.36,1,0.0338372898203225
0.361,1,0.0340964714901853
0.362,1,0.0343566219441769
0.363,1,0.0346177407324298
0.364,1,0.034879827400058
0.365,1,0.0351428814871201
0.366,1,0.0354069025285824
0.367,1,0.0356718900542813
0.368,1,0.0359378435888863
0.369,1,0.0362047626518625
0.37,1,0.0364726467574329
0.371,1,0.0367414954145414
0.372,1,0.0370113081268142
0.373,1,0.0372820843925228
0.374,1,0.0375538237045455
0.375,1,0.0378265255503296
0.376,1,0.0381001894118534
0.377,1,0.0383748147655878
0.378,1,0.0386504010824577
0.379,1,0.0389269478278043
0.38,1,0.0392044544613459
0.381,1,0.0394829204371394
0.382,1,0.0397623452035419
0.383,1,0.0400427282031716
0.384,1,0.0403240688728689
0.385,1,0.0406063666436575
0.386,1,0.0408896209407051
0.387,1,0.0411738311832844
0.388,1,0.0414589967847337
0.389,1,0.0417451171524178
0.39,1,0.0420321916876877
0.391,1,0.0423202197858422
0.392,1,0.0426092008360872
0.393,1,0.0428991342214967
0.394,1,0.0431900193189724
0.395,1,0.0434818554992042
0.396,1,0.04377464212663
0.397,1,0.0440683785593955
0.398,1,0.0443630641493145
0.399,1,0.0446586982418277
0.4,1,0.0449552801759636
0.401,1,0.0452528092842969
0.402,1,0.0455512848929087
0.403,1,0.0458507063213457
0.404,1,0.0461510728825796
0.405,1,0.0464523838829661
0.406,1,0.0467546386222043
0.407,1,0.047057836393296
0.408,1,0.0473619764825042
0.409,1,0.0476670581693123
0.41,1,0.0479730807263831
0.411,1,0.0482800434195175
0.412,1,0.0485879455076131
0.413,1,0.048896786242623
0.414,1,0.0492065648695144
0.415,1,0.0495172806262268
0.416,1,0.049828932743631
0.417,1,0.0501415204454871
0.418,1,0.0504550429484026
0.419,1,0.0507694994617914
0.42,1,0.051084889187831
0.421,1,0.0514012113214214
0.422,1,0.051718465050143
0.423,1,0.0520366495542141
0.424,1,0.0523557640064495
0.425,1,0.052675807572218
0.426,1,0.0529967794094002
0.427,1,0.0533186786683464
0.428,1,0.0536415044918343
0.429,1,0.0539652560150267
0.43,1,0.0542899323654287
0.431,1,0.0546155326628457
0.432,1,0.0549420560193409
0.433,1,0.0552695015391924
0.434,1,0.0555978683188506
0.435,1,0.055927155446896
0.436,1,0.0562573620039962
0.437,1,0.0565884870628628
0.438,1,0.0569205296882093
0.439,1,0.0572534889367079
0.44,1,0.0575873638569466
0.441,1,0.0579221534893861
0.442,1,0.0582578568663174
0.443,1,0.0585944730118183
0.444,1,0.0589320009417106
0.445,1,0.0592704396635169
0.446,1,0.0596097881764176
0.447,1,0.0599500454712077
0.448,1,0.0602912105302538
0.449,1,0.0606332823274504
0.45,1,0.0609762598281774
0.451,1,0.0613201419892562
0.452,1,0.0616649277589069
0.453,1,0.0620106160767045
0.454,1,0.062357205873536
0.455,1,0.062704696071557
0.456,1,0.0630530855841478
0.457,1,0.0634023733158708
0.458,1,0.0637525581624264
0.459,1,0.06410363901061
0.46,1,0.0644556147382683
0.461,1,0.064808484214256
0.462,1,0.0651622462983921
0.463,1,0.0655168998414168
0.464,1,0.0658724436849474
0.465,1,0.0662288766614355
0.466,1,0.0665861975941229
0.467,1,0.0669444052969984
0.468,1,0.0673034985747541
0.469,1,0.067663476222742
0.47,1,0.0680243370269304
0.471,1,0.0683860797638604
0.472,1,0.0687487032006023
0.473,1,0.0691122060947122
0.474,1,0.0694765871941884
0.475,1,0.0698418452374279
0.476,1,0.0702079789531826
0.477,1,0.0705749870605166
0.478,1,0.0709428682687618
0.479,1,0.071311621277475
0.48,1,0.0716812447763941
0.481,1,0.0720517374453949
0.482,1,0.0724230979544478
0.483,1,0.0727953249635738
0.484,1,0.0731684171228019
0.485,1,0.0735423730721249
0.486,1,0.0739171914414568
0.487,1,0.0742928708505891
0.488,1,0.0746694099091476
0.489,1,0.0750468072165489
0.49,1,0.0754250613619578
0.491,1,0.0758041709242434
0.492,1,0.0761841344719364
0.493,1,0.0765649505631856
0.494,1,0.0769466177457153
0.495,1,0.0773291345567819
0.496,1,0.0777124995231307
0.497,1,0.0780967111609536
0.498,1,0.0784817679758455
0.499,1,0.078867668462762
0.5,1,0.0792544111059759
0.501,1,0.0796419943790352
0.502,1,0.0800304167447198
0.503,1,0.0804196766549991
0.504,1,0.080809772550989
0.505,1,0.0812007028629103
0.506,1,0.0815924660100449
0.507,1,0.0819850604006944
0.508,1,0.0823784844321372
0.509,1,0.0827727364905865
0.51,1,0.0831678149511478
0.511,1,0.0835637181777768
0.512,1,0.0839604445232375
0.513,1,0.0843579923290598
0.514,1,0.084756359925498
0.515,1,0.0851555456314884
0.516,1,0.0855555477546081
0.517,1,0.0859563645910328
0.518,1,0.0863579944254953
0.519,1,0.0867604355312441
0.52,1,0.0871636861700018
0.521,1,0.0875677445919238
0.522,1,0.087972609035557
0.523,1,0.0883782777277983
0.524,1,0.0887847488838543
0.525,1,0.0891920207071993
0.526,1,0.0896000913895352
0.527,1,0.0900089591107503
0.528,1,0.0904186220388788
0.529,1,0.0908290783300601
0.53,1,0.0912403261284981
0.531,1,0.0916523635664214
0.532,1,0.0920651887640425
0.533,1,0.0924787998295179
0.534,1,0.0928931948589082
0.535,1,0.0933083719361377
0.536,1,0.0937243291329551
0.537,1,0.0941410645088937
0.538,1,0.0945585761112318
0.539,1,0.0949768619749533
0.54,1,0.0953959201227081
0.541,1,0.0958157485647737
0.542,1,0.0962363452990155
0.543,1,0.0966577083108482
0.544,1,0.0970798355731968
0.545,1,0.0975027250464583
0.546,1,0.0979263746784633
0.547,1,0.0983507824044372
0.548,1,0.0987759461469623
0.549,1,0.0992018638159401
0.55,1,0.0996285333085527
0.551,1,0.100055952509226
0.552,1,0.100484119289591
0.553,1,0.100913031508447
0.554,1,0.101342687011725
0.555,1,0.10177308363245
0.556,1,0.102204219190704
0.557,1,0.102636091493588
0.558,1,0.103068698335189
0.559,1,0.103502037496539
0.56,1,0.103936106745583
0.561,1,0.104370903837141
0.562,1,0.104806426512871
0.563,1,0.105242672501234
0.564,1,0.105679639517462
0.565,1,0.106117325263517
0.566,1,0.106555727428059
0.567,1,0.106994843686411
0.568,1,0.107434671700525
0.569,1,0.107875209118944
0.57,1,0.108316453576772
0.571,1,0.108758402695637
0.572,1,0.109201054083657
0.573,1,0.10964440533541
0.574,1,0.110088454031895
0.575,1,0.110533197740503
0.576,1,0.11097863401498
0.577,1,0.1114247603954
0.578,1,0.111871574408126
0.579,1,0.112319073565781
0.58,1,0.112767255367215
0.581,1,0.113216117297475
0.582,1,0.113665656827767
0.583,1,0.114115871415434
0.584,1,0.114566758503917
0.585,1,0.115018315522726
0.586,1,0.115470539887411
0.587,1,0.11592342899953
0.588,1,0.116376980246618
0.589,1,0.116831191002159
0.59,1,0.117286058625554
0.591,1,0.117741580462093
0.592,1,0.118197753842925
0.593,1,0.118654576085029
0.594,1,0.119112044491185
0.595,1,0.119570156349946
0.596,1,0.12002890893561
0.597,1,0.120488299508192
0.598,1,0.120948325313393
0.599,1,0.121408983582577
0.6,1,0.121870271532745
0.601,1,0.1223321863665
0.602,1,0.12279472527203
0.603,1,0.123257885423076
0.604,1,0.123721663978906
0.605,1,0.124186058084292
0.606,1,0.124651064869484
0.607,1,0.125116681450183
0.608,1,0.125582904927516
0.609,1,0.126049732388016
0.61,1,0.12651716090359
0.611,1,0.126985187531503
0.612,1,0.12745380931435
0.613,1,0.127923023280033
0.614,1,0.128392826441739
0.615,1,0.128863215797916
0.616,1,0.129334188332252
0.617,1,0.129805741013653
0.618,1,0.130277870796221
0.619,1,0.13075057461923
0.62,1,0.131223849407111
0.621,1,0.131697692069425
0.622,1,0.132172099500847
0.623,1,0.132647068581141
0.624,1,0.133122596175147
0.625,1,0.133598679132758
0.626,1,0.134075314288898
0.627,1,0.134552498463511
0.628,1,0.135030228461534
0.629,1,0.135508501072886
0.63,1,0.135987313072447
0.631,1,0.136466661220041
0.632,1,0.136946542260421
0.633,1,0.13742695292325
0.634,1,0.137907889923086
0.635,1,0.138389349959368
0.636,1,0.138871329716396
0.637,1,0.139353825863323
0.638,1,0.139836835054133
0.639,1,0.140320353927631
0.64,1,0.140804379107429
0.641,1,0.141288907201933
0.642,1,0.141773934804326
0.643,1,0.142259458492561
0.644,1,0.142745474829344
0.645,1,0.143231980362125
0.646,1,0.143718971623087
0.647,1,0.144206445129131
0.648,1,0.14469439738187
0.649,1,0.145182824867616
0.65,1,0.145671724057371
0.651,1,0.146161091406818
0.652,1,0.146650923356312
0.653,1,0.147141216330871
0.654,1,0.147631966740166
0.655,1,0.14812317097852
0.656,1,0.14861482542489
0.657,1,0.149106926442872
0.658,1,0.149599470380685
0.659,1,0.150092453571171
0.66,1,0.150585872331786
0.661,1,0.151079722964599
0.662,1,0.151574001756281
0.663,1,0.152068704978108
0.664,1,0.152563828885953
0.665,1,0.153059369720283
0.666,1,0.153555323706158
0.667,1,0.154051687053226
0.668,1,0.154548455955724
0.669,1,0.155045626592477
0.67,1,0.155543195126892
0.671,1,0.156041157706964
0.672,1,0.156539510465271
0.673,1,0.157038249518978
0.674,1,0.157537370969837
0.675,1,0.158036870904185
0.676,1,0.158536745392953
0.677,1,0.159036990491661
0.678,1,0.159537602240428
0.679,1,0.160038576663969
0.68,1,0.160539909771602
0.681,1,0.161041597557254
0.682,1,0.161543635999462
0.683,1,0.162046021061381
0.684,1,0.162548748690793
0.685,1,0.163051814820104
0.686,1,0.163555215366361
0.687,1,0.164058946231255
0.688,1,0.164563003301129
0.689,1,0.165067382446986
0.69,1,0.1655720795245
0.691,1,0.166077090374024
0.692,1,0.166582410820602
0.693,1,0.167088036673977
0.694,1,0.167593963728604
0.695,1,0.16810018776366
0.696,1,0.168606704543059
0.697,1,0.169113509815462
0.698,1,0.169620599314291
0.699,1,0.170127968757746
0.7,1,0.170635613848813
0.701,1,0.171143530275286
0.702,1,0.171651713709776
0.703,1,0.172160159809734
0.704,1,0.17266886421746
0.705,1,0.173177822560126
0.706,1,0.173687030449792
0.707,1,0.174196483483423
0.708,1,0.17470617724291
0.709,1,0.175216107295088
0.71,1,0.175726269191757
0.711,1,0.1762366584697
0.712,1,0.176747270650709
0.713,1,0.177258101241601
0.714,1,0.177769145734244
0.715,1,0.178280399605582
0.716,1,0.178791858317651
0.717,1,0.179303517317612
0.718,1,0.179815372037767
0.719,1,0.180327417895592
0.72,1,0.180839650293758
0.721,1,0.181352064620159
0.722,1,0.181864656247938
0.723,1,0.182377420535518
0.724,1,0.182890352826625
0.725,1,0.183403448450321
0.726,1,0.183916702721032
0.727,1,0.184430110938578
0.728,1,0.184943668388203
0.729,1,0.185457370340607
0.73,1,0.185971212051981
0.731,1,0.186485188764032
0.732,1,0.186999295704023
0.733,1,0.187513528084804
0.734,1,0.188027881104847
0.735,1,0.188542349948278
0.736,1,0.18905692978492
0.737,1,0.18957161577032
0.738,1,0.190086403045793
0.739,1,0.190601286738455
0.74,1,0.191116261961265
0.741,1,0.19163132381306
0.742,1,0.192146467378597
0.743,1,0.192661687728591
0.744,1,0.193176979919759
0.745,1,0.193692338994857
0.746,1,0.194207759982725
0.747,1,0.194723237898328
0.748,1,0.195238767742801
0.749,1,0.195754344503492
0.75,1,0.196269963154004
0.751,1,0.196785618654245
0.752,1,0.19730130595047
0.753,1,0.197817019975329
0.754,1,0.198332755647914
0.755,1,0.198848507873809
0.756,1,0.199364271545131
0.757,1,0.19988004154059
0.758,1,0.20039581272553
0.759,1,0.200911579951983
0.76,1,0.20142733805872
0.761,1,0.201943081871301
0.762,1,0.202458806202132
0.763,1,0.202974505850511
0.764,1,0.203490175602689
0.765,1,0.204005810231918
0.766,1,0.204521404498512
0.767,1,0.205036953149898
0.768,1,0.205552450920676
0.769,1,0.206067892532671
0.77,1,0.206583272694999
0.771,1,0.207098586104116
0.772,1,0.207613827443885
0.773,1,0.208128991385632
0.774,1,0.208644072588206
0.775,1,0.209159065698042
0.776,1,0.20967396534922
0.777,1,0.210188766163533
0.778,1,0.210703462750545
0.779,1,0.211218049707655
0.78,1,0.211732521620164
0.781,1,0.212246873061342
0.782,1,0.212761098592488
0.783,1,0.213275192763
0.784,1,0.213789150110443
0.785,1,0.214302965160617
0.786,1,0.214816632427623
0.787,1,0.215330146413934
0.788,1,0.215843501610467
0.789,1,0.216356692496648
0.79,1,0.216869713540491
0.791,1,0.217382559198663
0.792,1,0.217895223916563
0.793,1,0.218407702128389
0.794,1,0.218919988257219
0.795,1,0.219432076715078
0.796,1,0.219943961903021
0.797,1,0.220455638211205
0.798,1,0.220967100018967
0.799,1,0.221478341694899
0.8,1,0.221989357596933
0.801,1,0.222500142072412
0.802,1,0.223010689458174
0.803,1,0.223520994080632
0.804,1,0.224031050255853
0.805,1,0.224540852289642
0.806,1,0.225050394477624
0.807,1,0.225559671105326
0.808,1,0.22606867644826
0.809,1,0.226577404772009
0.81,1,0.227085850332314
0.811,1,0.227594007375154
0.812,1,0.228101870136839
0.813,1,0.228609432844091
0.814,1,0.229116689714136
0.815,1,0.229623634954794
0.816,1,0.230130262764561
0.817,1,0.230636567332707
0.818,1,0.231142542839362
0.819,1,0.231648183455606
0.82,1,0.232153483343567
0.821,1,0.232658436656506
0.822,1,0.233163037538917
0.823,1,0.233667280126615
0.824,1,0.234171158546835
0.825,1,0.234674666918326
0.826,1,0.235177799351446
0.827,1,0.235680549948259
0.828,1,0.236182912802634
0.829,1,0.236684882000339
0.83,1,0.237186451619145
0.831,1,0.23768761572892
0.832,1,0.238188368391734
0.833,1,0.238688703661954
0.834,1,0.239188615586351
0.835,1,0.239688098204197
0.836,1,0.240187145547371
0.837,1,0.240685751640461
0.838,1,0.241183910500868
0.839,1,0.241681616138911
0.84,1,0.24217886255793
0.841,1,0.242675643754395
0.842,1,0.243171953718012
0.843,1,0.243667786431827
0.844,1,0.244163135872338
0.845,1,0.244657996009601
0.846,1,0.24515236080734
0.847,1,0.245646224223055
0.848,1,0.246139580208137
0.849,1,0.246632422707971
0.85,1,0.247124745662057
0.851,1,0.247616543004115
0.852,1,0.248107808662201
0.853,1,0.248598536558822
0.854,1,0.249088720611046
0.855,1,0.24957835473062
0.856,1,0.250067432824084
0.857,1,0.250555948792888
0.858,1,0.251043896533509
0.859,1,0.251531269937566
0.86,1,0.252018062891939
0.861,1,0.252504269278888
0.862,1,0.252989882976173
0.863,1,0.253474897857171
0.864,1,0.253959307790998
0.865,1,0.254443106642629
0.866,1,0.254926288273022
0.867,1,0.255408846539235
0.868,1,0.255890775294554
0.869,1,0.256372068388614
0.87,1,0.25685271966752
0.871,1,0.257332722973978
0.872,1,0.257812072147412
0.873,1,0.258290761024097
0.874,1,0.25876878343728
0.875,1,0.259246133217307
0.876,1,0.259722804191755
0.877,1,0.260198790185554
0.878,1,0.260674085021116
0.879,1,0.261148682518471
0.88,1,0.261622576495385
0.881,1,0.2620957607675
0.882,1,0.262568229148459
0.883,1,0.263039975450038
0.884,1,0.263510993482281
0.885,1,0.263981277053627
0.886,1,0.264450819971044
0.887,1,0.264919616040167
0.888,1,0.265387659065424
0.889,1,0.265854942850177
0.89,1,0.266321461196852
0.891,1,0.266787207907078
0.892,1,0.26725217678182
0.893,1,0.267716361621515
0.894,1,0.268179756226212
0.895,1,0.268642354395706
0.896,1,0.269104149929677
0.897,1,0.269565136627828
0.898,1,0.270025308290024
0.899,1,0.270484658716432
0.9,1,0.270943181707658
0.901,1,0.271400871064888
0.902,1,0.271857720590033
0.903,1,0.272313724085861
0.904,1,0.272768875356149
0.905,1,0.273223168205816
0.906,1,0.27367659644107
0.907,1,0.27412915386955
0.908,1,0.274580834300471
0.909,1,0.275031631544762
0.91,1,0.275481539415216
0.911,1,0.275930551726633
0.912,1,0.276378662295963
0.913,1,0.276825864942453
0.914,1,0.277272153487792
0.915,1,0.277717521756258
0.916,1,0.278161963574864
0.917,1,0.278605472773505
0.918,1,0.279048043185104
0.919,1,0.279489668645762
0.92,1,0.279930342994906
0.921,1,0.280370060075434
0.922,1,0.280808813733868
0.923,1,0.281246597820501
0.924,1,0.281683406189546
0.925,1,0.282119232699288
0.926,1,0.282554071212232
0.927,1,0.282987915595254
0.928,1,0.283420759719753
0.929,1,0.283852597461802
0.93,1,0.284283422702297
0.931,1,0.284713229327113
0.932,1,0.285142011227252
0.933,1,0.285569762298998
0.934,1,0.28599647644407
0.935,1,0.286422147569771
0.936,1,0.286846769589148
0.937,1,0.287270336421138
0.938,1,0.28769284199073
0.939,1,0.288114280229112
0.94,1,0.288534645073828
0.941,1,0.288953930468934
0.942,1,0.28937213036515
0.943,1,0.28978923872002
0.944,1,0.290205249498059
0.945,1,0.29062015667092
0.946,1,0.291033954217537
0.947,1,0.291446636124293
0.948,1,0.291858196385166
0.949,1,0.292268629001895
0.95,1,0.292677927984127
0.951,1,0.293086087349582
0.952,1,0.293493101124205
0.953,1,0.293898963342326
0.954,1,0.294303668046814
0.955,1,0.294707209289238
0.956,1,0.295109581130025
0.957,1,0.295510777638613
0.958,1,0.295910792893614
0.959,1,0.29630962098297
0.96,1,0.296707256004112
0.961,1,0.297103692064116
0.962,1,0.297498923279865
0.963,1,0.297892943778206
0.964,1,0.298285747696108
0.965,1,0.298677329180823
0.966,1,0.29906768239004
0.967,1,0.299456801492051
0.968,1,0.299844680665905
0.969,1,0.300231314101569
0.97,1,0.300616696000084
0.971,1,0.301000820573732
0.972,1,0.301383682046186
0.973,1,0.301765274652676
0.974,1,0.302145592640144
0.975,1,0.302524630267408
0.976,1,0.302902381805317
0.977,1,0.303278841536913
0.978,1,0.303654003757588
0.979,1,0.304027862775249
0.98,1,0.304400412910469
0.981,1,0.304771648496654
0.982,1,0.305141563880199
0.983,1,0.305510153420647
0.984,1,0.305877411490849
0.985,1,0.306243332477125
0.986,1,0.306607910779419
0.987,1,0.306971140811463
0.988,1,0.307333017000933
0.989,1,0.307693533789609
0.99,1,0.308052685633533
0.991,1,0.30841046700317
0.992,1,0.308766872383566
0.993,1,0.309121896274504
0.994,1,0.309475533190666
0.995,1,0.30982777766179
0.996,1,0.310178624232828
0.997,1,0.310528067464105
0.998,1,0.310876101931476
0.999,1,0.311222722226486
1,1,0.311567922956524
1.001,1,0.311911698744984
1.002,1,0.312254044231421
1.003,1,0.312594954071707
1.004,1,0.312934422938192
1.005,1,0.313272445519855
1.006,1,0.313609016522466
1.007,1,0.313944130668739
1.008,1,0.314277782698489
1.009,1,0.314609967368789
1.01,1,0.314940679454126
1.011,1,0.315269913746552
1.012,1,0.315597665055846
1.013,1,0.315923928209664
1.014,1,0.316248698053695
1.015,1,0.316571969451818
1.016,1,0.316893737286252
1.017,1,0.31721399645771
1.018,1,0.317532741885559
1.019,1,0.317849968507965
1.02,1,0.318165671282051
1.021,1,0.318479845184047
1.022,1,0.318792485209444
1.023,1,0.319103586373146
1.024,1,0.319413143709621
1.025,1,0.319721152273052
1.026,1,0.320027607137487
1.027,1,0.320332503396994
1.028,1,0.320635836165805
1.029,1,0.32093760057847
1.03,1,0.321237791790005
1.031,1,0.321536404976041
1.032,1,0.321833435332973
1.033,1,0.322128878078109
1.034,1,0.322422728449815
1.035,1,0.322714981707665
1.036,1,0.323005633132587
1.037,1,0.323294678027009
1.038,1,0.323582111715006
1.039,1,0.323867929542445
1.04,1,0.324152126877131
1.041,1,0.324434699108948
1.042,1,0.324715641650009
1.043,1,0.324994949934795
1.044,1,0.3252726194203
1.045,1,0.325548645586173
1.046,1,0.325823023934861
1.047,1,0.326095749991749
1.048,1,0.326366819305304
1.049,1,0.326636227447211
1.05,1,0.326903970012518
1.051,1,0.327170042619773
1.052,1,0.327434440911161
1.053,1,0.327697160552647
1.054,1,0.327958197234109
1.055,1,0.328217546669478
1.056,1,0.328475204596875
1.057,1,0.328731166778743
1.058,1,0.328985429001989
1.059,1,0.329237987078113
1.06,1,0.329488836843343
1.061,1,0.329737974158773
1.062,1,0.329985394910489
1.063,1,0.330231095009707
1.064,1,0.330475070392903
1.065,1,0.330717317021943
1.066,1,0.330957830884212
1.067,1,0.331196607992749
1.068,1,0.331433644386368
1.069,1,0.331668936129795
1.07,1,0.331902479313789
1.071,1,0.332134270055272
1.072,1,0.332364304497452
1.073,1,0.332592578809954
1.074,1,0.332819089188941
1.075,1,0.333043831857237
1.076,1,0.333266803064453
1.077,1,0.333487999087108
1.078,1,0.333707416228753
1.079,1,0.333925050820088
1.08,1,0.334140899219086
1.081,1,0.33435495781111
1.082,1,0.334567223009036
1.083,1,0.334777691253364
1.084,1,0.334986359012342
1.085,1,0.335193222782078
1.086,1,0.335398279086658
1.087,1,0.335601524478261
1.088,1,0.335802955537269
1.089,1,0.336002568872386
1.09,1,0.336200361120746
1.091,1,0.336396328948026
1.092,1,0.336590469048557
1.093,1,0.336782778145434
1.094,1,0.336973252990624
1.095,1,0.337161890365074
1.096,1,0.337348687078819
1.097,1,0.337533639971089
1.098,1,0.337716745910414
1.099,1,0.337898001794727
1.1,1,0.338077404551468
1.101,1,0.338254951137692
1.102,1,0.338430638540164
1.103,1,0.338604463775462
1.104,1,0.33877642389008
1.105,1,0.338946515960525
1.106,1,0.339114737093414
1.107,1,0.339281084425575
1.108,1,0.33944555512414
1.109,1,0.339608146386642
1.11,1,0.339768855441109
1.111,1,0.339927679546158
1.112,1,0.340084615991087
1.113,1,0.34023966209597
1.114,1,0.34039281521174
1.115,1,0.340544072720287
1.116,1,0.340693432034544
1.117,1,0.34084089059857
1.118,1,0.340986445887645
1.119,1,0.34113009540835
1.12,1,0.341271836698652
1.121,1,0.341411667327992
1.122,1,0.341549584897362
1.123,1,0.341685587039392
1.124,1,0.341819671418427
1.125,1,0.341951835730608
1.126,1,0.342082077703952
1.127,1,0.342210395098428
1.128,1,0.342336785706032
1.129,1,0.342461247350867
1.13,1,0.342583777889215
1.131,1,0.342704375209609
1.132,1,0.342823037232907
1.133,1,0.342939761912366
1.134,1,0.343054547233707
1.135,1,0.343167391215187
1.136,1,0.343278291907668
1.137,1,0.343387247394681
1.138,1,0.343494255792498
1.139,1,0.343599315250189
1.14,1,0.343702423949691
1.141,1,0.34380358010587
1.142,1,0.343902781966582
1.143,1,0.344000027812733
1.144,1,0.34409531595834
1.145,1,0.344188644750586
1.146,1,0.344280012569883
1.147,1,0.344369417829923
1.148,1,0.344456858977733
1.149,1,0.344542334493734
1.15,1,0.344625842891787
1.151,1,0.344707382719249
1.152,1,0.344786952557024
1.153,1,0.344864551019607
1.154,1,0.34494017675514
1.155,1,0.345013828445452
1.156,1,0.345085504806108
1.157,1,0.345155204586455
1.158,1,0.345222926569664
1.159,1,0.345288669572771
1.16,1,0.345352432446723
1.161,1,0.345414214076412
1.162,1,0.345474013380721
1.163,1,0.345531829312554
1.164,1,0.34558766085888
1.165,1,0.345641507040763
1.166,1,0.345693366913402
1.167,1,0.345743239566157
1.168,1,0.345791124122587
1.169,1,0.345837019740479
1.17,1,0.345880925611877
1.171,1,0.34592284096311
1.172,1,0.345962765054822
1.173,1,0.346000697181996
1.174,1,0.346036636673979
1.175,1,0.346070582894505
1.176,1,0.346102535241722
1.177,1,0.346132493148206
1.178,1,0.346160456080988
1.179,1,0.346186423541571
1.18,1,0.346210395065946
1.181,1,0.346232370224609
1.182,1,0.346252348622579
1.183,1,0.34627032989941
1.184,1,0.346286313729206
1.185,1,0.346300299820629
1.186,1,0.346312287916914
1.187,1,0.346322277795877
1.188,1,0.346330269269922
1.189,1,0.346336262186049
1.19,1,0.346340256425863
1.191,1,0.346342251905571
1.192,1,0.346342248575994
1.193,1,0.346340246422564
1.194,1,0.346336245465326
1.195,1,0.346330245758941
1.196,1,0.34632224739268
1.197,1,0.346312250490425
1.198,1,0.346300255210662
1.199,1,0.346286261746481
1.2,1,0.346270270325566
1.201,1,0.346252281210188
1.202,1,0.346232294697199
1.203,1,0.346210311118019
1.204,1,0.346186330838627
1.205,1,0.34616035425955
1.206,1,0.346132381815847
1.207,1,0.346102413977097
1.208,1,0.346070451247382
1.209,1,0.34603649416527
1.21,1,0.346000543303799
1.211,1,0.345962599270453
1.212,1,0.345922662707149
1.213,1,0.345880734290208
1.214,1,0.345836814730337
1.215,1,0.345790904772603
1.216,1,0.345743005196407
1.217,1,0.345693116815462
1.218,1,0.34564124047776
1.219,1,0.345587377065546
1.22,1,0.345531527495287
1.221,1,0.345473692717645
1.222,1,0.345413873717438
1.223,1,0.345352071513613
1.224,1,0.345288287159205
1.225,1,0.345222521741309
1.226,1,0.345154776381035
1.227,1,0.345085052233477
1.228,1,0.345013350487669
1.229,1,0.344939672366547
1.23,1,0.344864019126905
1.231,1,0.344786392059357
1.232,1,0.344706792488287
1.233,1,0.344625221771809
1.234,1,0.344541681301719
1.235,1,0.344456172503446
1.236,1,0.344368696836007
1.237,1,0.344279255791956
1.238,1,0.344187850897331
1.239,1,0.344094483711606
1.24,1,0.343999155827635
1.241,1,0.3439018688716
1.242,1,0.343802624502954
1.243,1,0.343701424414366
1.244,1,0.343598270331664
1.245,1,0.343493164013774
1.246,1,0.343386107252663
1.247,1,0.343277101873277
1.248,1,0.343166149733478
1.249,1,0.343053252723983
1.25,1,0.342938412768301
1.251,1,0.342821631822663
1.252,1,0.342702911875961
1.253,1,0.342582254949677
1.254,1,0.342459663097817
1.255,1,0.34233513840684
1.256,1,0.342208682995589
1.257,1,0.342080299015218
1.258,1,0.341949988649118
1.259,1,0.341817754112848
1.26,1,0.341683597654055
1.261,1,0.3415475215524
1.262,1,0.341409528119484
1.263,1,0.341269619698765
1.264,1,0.341127798665484
1.265,1,0.340984067426579
1.266,1,0.340838428420611
1.267,1,0.340690884117677
1.268,1,0.340541437019329
1.269,1,0.340390089658489
1.27,1,0.340236844599365
1.271,1,0.340081704437363
1.272,1,0.339924671799001
1.273,1,0.339765749341824
1.274,1,0.339604939754309
1.275,1,0.339442245755779
1.276,1,0.339277670096311
1.277,1,0.339111215556645
1.278,1,0.338942884948089
1.279,1,0.338772681112426
1.28,1,0.33860060692182
1.281,1,0.338426665278719
1.282,1,0.338250859115759
1.283,1,0.338073191395666
1.284,1,0.337893665111159
1.285,1,0.337712283284846
1.286,1,0.337529048969128
1.287,1,0.337343965246096
1.288,1,0.337157035227429
1.289,1,0.336968262054289
1.29,1,0.336777648897222
1.291,1,0.336585198956045
1.292,1,0.336390915459748
1.293,1,0.336194801666382
1.294,1,0.335996860862954
1.295,1,0.335797096365317
1.296,1,0.335595511518062
1.297,1,0.335392109694407
1.298,1,0.335186894296088
1.299,1,0.33497986875324
1.3,1,0.334771036524296
1.301,1,0.334560401095862
1.302,1,0.33434796598261
1.303,1,0.33413373472716
1.304,1,0.333917710899963
1.305,1,0.333699898099187
1.306,1,0.333480299950599
1.307,1,0.333258920107442
1.308,1,0.333035762250321
1.309,1,0.332810830087084
1.31,1,0.332584127352695
1.311,1,0.332355657809118
1.312,1,0.332125425245192
1.313,1,0.331893433476509
1.314,1,0.331659686345292
1.315,1,0.331424187720267
1.316,1,0.331186941496539
1.317,1,0.330947951595468
1.318,1,0.330707221964541
1.319,1,0.330464756577244
1.32,1,0.330220559432934
1.321,1,0.329974634556712
1.322,1,0.329726985999292
1.323,1,0.329477617836871
1.324,1,0.329226534170999
1.325,1,0.328973739128448
1.326,1,0.328719236861077
1.327,1,0.328463031545702
1.328,1,0.328205127383964
1.329,1,0.327945528602191
1.33,1,0.327684239451263
1.331,1,0.327421264206485
1.332,1,0.327156607167439
1.333,1,0.326890272657857
1.334,1,0.32662226502548
1.335,1,0.32635258864192
1.336,1,0.326081247902524
1.337,1,0.325808247226232
1.338,1,0.325533591055441
1.339,1,0.325257283855863
1.34,1,0.324979330116385
1.341,1,0.324699734348926
1.342,1,0.3244185010883
1.343,1,0.324135634892069
1.344,1,0.323851140340404
1.345,1,0.323565022035939
1.346,1,0.32327728460363
1.347,1,0.322987932690608
1.348,1,0.322696970966037
1.349,1,0.322404404120966
1.35,1,0.322110236868187
1.351,1,0.321814473942086
1.352,1,0.321517120098496
1.353,1,0.321218180114554
1.354,1,0.320917658788549
1.355,1,0.320615560939777
1.356,1,0.320311891408389
1.357,1,0.320006655055249
1.358,1,0.319699856761779
1.359,1,0.319391501429809
1.36,1,0.319081593981432
1.361,1,0.31877013935885
1.362,1,0.318457142524224
1.363,1,0.318142608459522
1.364,1,0.31782654216637
1.365,1,0.317508948665899
1.366,1,0.31718983299859
1.367,1,0.316869200224125
1.368,1,0.316547055421234
1.369,1,0.31622340368754
1.37,1,0.315898250139406
1.371,1,0.315571599911782
1.372,1,0.315243458158048
1.373,1,0.314913830049866
1.374,1,0.314582720777016
1.375,1,0.314250135547251
1.376,1,0.313916079586132
1.377,1,0.313580558136881
1.378,1,0.313243576460219
1.379,1,0.312905139834213
1.38,1,0.312565253554118
1.381,1,0.312223922932222
1.382,1,0.311881153297689
1.383,1,0.311536949996402
1.384,1,0.311191318390803
1.385,1,0.310844263859739
1.386,1,0.310495791798305
1.387,1,0.310145907617682
1.388,1,0.309794616744983
1.389,1,0.309441924623092
1.39,1,0.309087836710509
1.391,1,0.308732358481186
1.392,1,0.308375495424376
1.393,1,0.308017253044467
1.394,1,0.307657636860828
1.395,1,0.307296652407646
1.396,1,0.30693430523377
1.397,1,0.306570600902552
1.398,1,0.306205544991684
1.399,1,0.305839143093041
1.4,1,0.305471400812523
1.401,1,0.305102323769891
1.402,1,0.304731917598613
1.403,1,0.304360187945696
1.404,1,0.303987140471536
1.405,1,0.303612780849751
1.406,1,0.303237114767022
1.407,1,0.302860147922937
1.408,1,0.302481886029826
1.409,1,0.302102334812604
1.41,1,0.30172150000861
1.411,1,0.301339387367446
1.412,1,0.300956002650819
1.413,1,0.300571351632381
1.414,1,0.300185440097564
1.415,1,0.299798273843427
1.416,1,0.299409858678491
1.417,1,0.299020200422582
1.418,1,0.298629304906669
1.419,1,0.298237177972704
1.42,1,0.297843825473465
1.421,1,0.297449253272393
1.422,1,0.297053467243433
1.423,1,0.296656473270877
1.424,1,0.296258277249201
1.425,1,0.295858885082906
1.426,1,0.295458302686362
1.427,1,0.295056535983646
1.428,1,0.29465359090838
1.429,1,0.29424947340358
1.43,1,0.293844189421488
1.431,1,0.293437744923422
1.432,1,0.293030145879609
1.433,1,0.292621398269033
1.434,1,0.292211508079273
1.435,1,0.291800481306347
1.436,1,0.291388323954553
1.437,1,0.290975042036309
1.438,1,0.290560641572002
1.439,1,0.290145128589822
1.44,1,0.28972850912561
1.441,1,0.289310789222703
1.442,1,0.288891974931769
1.443,1,0.28847207231066
1.444,1,0.288051087424247
1.445,1,0.28762902634427
1.446,1,0.28720589514918
1.447,1,0.286781699923982
1.448,1,0.286356446760081
1.449,1,0.285930141755126
1.45,1,0.285502791012857
1.451,1,0.285074400642946
1.452,1,0.284644976760846
1.453,1,0.284214525487638
1.454,1,0.283783052949873
1.455,1,0.28335056527942
1.456,1,0.282917068613316
1.457,1,0.282482569093607
1.458,1,0.282047072867201
1.459,1,0.281610586085711
1.46,1,0.281173114905306
1.461,1,0.280734665486558
1.462,1,0.28029524399429
1.463,1,0.279854856597427
1.464,1,0.279413509468843
1.465,1,0.278971208785212
1.466,1,0.278527960726855
1.467,1,0.278083771477595
1.468,1,0.277638647224606
1.469,1,0.27719259415826
1.47,1,0.276745618471983
1.471,1,0.276297726362108
1.472,1,0.275848924027719
1.473,1,0.275399217670515
1.474,1,0.274948613494651
1.475,1,0.274497117706602
1.476,1,0.27404473651501
1.477,1,0.273591476130538
1.478,1,0.27313734276573
1.479,1,0.272682342634861
1.48,1,0.272226481953792
1.481,1,0.271769766939831
1.482,1,0.271312203811583
1.483,1,0.27085379878881
1.484,1,0.27039455809229
1.485,1,0.269934487943668
1.486,1,0.269473594565322
1.487,1,0.269011884180215
1.488,1,0.268549363011758
1.489,1,0.268086037283666
1.49,1,0.267621913219823
1.491,1,0.267156997044135
1.492,1,0.266691294980399
1.493,1,0.266224813252156
1.494,1,0.26575755808256
1.495,1,0.265289535694236
1.496,1,0.264820752309144
1.497,1,0.264351214148442
1.498,1,0.26388092743235
1.499,1,0.263409898380015
1.5,1,0.262938133209374
1.501,1,0.26246563813702
1.502,1,0.26199241937807
1.503,1,0.261518483146028
1.504,1,0.261043835652652
1.505,1,0.260568483107826
1.506,1,0.260092431719421
1.507,1,0.259615687693171
1.508,1,0.259138257232535
1.509,1,0.258660146538572
1.51,1,0.258181361809806
1.511,1,0.257701909242103
1.512,1,0.257221795028535
1.513,1,0.256741025359259
1.514,1,0.256259606421384
1.515,1,0.255777544398845
1.516,1,0.25529484547228
1.517,1,0.254811515818898
1.518,1,0.25432756161236
1.519,1,0.253842989022649
1.52,1,0.25335780421595
1.521,1,0.252872013354521
1.522,1,0.252385622596577
1.523,1,0.251898638096162
1.524,1,0.251411066003029
1.525,1,0.250922912462521
1.526,1,0.250434183615446
1.527,1,0.249944885597959
1.528,1,0.249455024541444
1.529,1,0.248964606572394
1.53,1,0.248473637812291
1.531,1,0.247982124377493
1.532,1,0.247490072379113
1.533,1,0.246997487922902
1.534,1,0.246504377109137
1.535,1,0.246010746032505
1.536,1,0.245516600781985
1.537,1,0.245021947440738
1.538,1,0.244526792085993
1.539,1,0.244031140788934
1.54,1,0.243534999614587
1.541,1,0.243038374621709
1.542,1,0.24254127186268
1.543,1,0.242043697383391
1.544,1,0.241545657223132
1.545,1,0.241047157414489
1.546,1,0.240548203983231
1.547,1,0.240048802948205
1.548,1,0.239548960321228
1.549,1,0.239048682106982
1.55,1,0.238547974302909
1.551,1,0.238046842899103
1.552,1,0.237545293878211
1.553,1,0.237043333215323
1.554,1,0.236540966877876
1.555,1,0.236038200825546
1.556,1,0.235535041010152
1.557,1,0.23503149337555
1.558,1,0.234527563857535
1.559,1,0.234023258383744
1.56,1,0.233518582873552
1.561,1,0.233013543237979
1.562,1,0.232508145379588
1.563,1,0.232002395192393
1.564,1,0.231496298561758
1.565,1,0.230989861364305
1.566,1,0.230483089467817
1.567,1,0.229975988731147
1.568,1,0.229468565004122
1.569,1,0.228960824127448
1.57,1,0.228452771932626
1.571,1,0.22794441424185
1.572,1,0.227435756867927
1.573,1,0.226926805614178
1.574,1,0.226417566274353
1.575,1,0.225908044632545
1.576,1,0.225398246463094
1.577,1,0.22488817753051
1.578,1,0.224377843589378
1.579,1,0.223867250384275
1.58,1,0.223356403649686
1.581,1,0.222845309109921
1.582,1,0.222333972479024
1.583,1,0.221822399460699
1.584,1,0.221310595748221
1.585,1,0.220798567024357
1.586,1,0.220286318961286
1.587,1,0.219773857220516
1.588,1,0.219261187452805
1.589,1,0.218748315298084
1.59,1,0.218235246385376
1.591,1,0.217721986332722
1.592,1,0.217208540747098
1.593,1,0.216694915224347
1.594,1,0.216181115349097
1.595,1,0.215667146694689
1.596,1,0.215153014823102
1.597,1,0.214638725284879
1.598,1,0.214124283619057
1.599,1,0.213609695353091
1.6,1,0.213094966002788
1.601,1,0.212580101072229
1.602,1,0.212065106053706
1.603,1,0.211549986427649
1.604,1,0.211034747662558
1.605,1,0.210519395214936
1.606,1,0.21000393452922
1.607,1,0.209488371037717
1.608,1,0.208972710160536
1.609,1,0.208456957305524
1.61,1,0.207941117868201
1.611,1,0.207425197231695
1.612,1,0.206909200766684
1.613,1,0.206393133831326
1.614,1,0.205877001771204
1.615,1,0.205360809919259
1.616,1,0.204844563595737
1.617,1,0.204328268108122
1.618,1,0.20381192875108
1.619,1,0.203295550806404
1.62,1,0.202779139542949
1.621,1,0.202262700216583
1.622,1,0.201746238070124
1.623,1,0.201229758333289
1.624,1,0.200713266222637
1.625,1,0.200196766941516
1.626,1,0.199680265680006
1.627,1,0.199163767614871
1.628,1,0.198647277909504
1.629,1,0.198130801713877
1.63,1,0.197614344164485
1.631,1,0.197097910384305
1.632,1,0.196581505482737
1.633,1,0.196065134555561
1.634,1,0.195548802684886
1.635,1,0.195032514939106
1.636,1,0.194516276372847
1.637,1,0.194000092026927
1.638,1,0.193483966928306
1.639,1,0.192967906090044
1.64,1,0.192451914511253
1.641,1,0.191935997177058
1.642,1,0.191420159058552
1.643,1,0.190904405112752
1.644,1,0.190388740282559
1.645,1,0.189873169496717
1.646,1,0.189357697669772
1.647,1,0.188842329702033
1.648,1,0.188327070479532
1.649,1,0.187811924873986
1.65,1,0.187296897742759
1.651,1,0.186781993928826
1.652,1,0.186267218260733
1.653,1,0.185752575552565
1.654,1,0.185238070603909
1.655,1,0.18472370819982
1.656,1,0.184209493110785
1.657,1,0.183695430092691
1.658,1,0.183181523886794
1.659,1,0.182667779219683
1.66,1,0.182154200803251
1.661,1,0.181640793334664
1.662,1,0.181127561496331
1.663,1,0.18061450995587
1.664,1,0.180101643366087
1.665,1,0.179588966364939
1.666,1,0.179076483575513
1.667,1,0.178564199605993
1.668,1,0.178052119049639
1.669,1,0.177540246484756
1.67,1,0.177028586474672
1.671,1,0.176517143567709
1.672,1,0.176005922297165
1.673,1,0.175494927181284
1.674,1,0.174984162723237
1.675,1,0.174473633411098
1.676,1,0.173963343717822
1.677,1,0.173453298101224
1.678,1,0.172943501003959
1.679,1,0.172433956853498
1.68,1,0.171924670062116
1.681,1,0.171415645026865
1.682,1,0.17090688612956
1.683,1,0.170398397736759
1.684,1,0.16989018419975
1.685,1,0.169382249854527
1.686,1,0.16887459902178
1.687,1,0.168367236006878
1.688,1,0.167860165099851
1.689,1,0.167353390575378
1.69,1,0.166846916692776
1.691,1,0.166340747695979
1.692,1,0.165834887813531
1.693,1,0.165329341258574
1.694,1,0.164824112228832
1.695,1,0.164319204906603
1.696,1,0.163814623458748
1.697,1,0.16331037203668
1.698,1,0.162806454776355
1.699,1,0.162302875798262
1.7,1,0.161799639207416
1.701,1,0.161296749093348
1.702,1,0.160794209530101
1.703,1,0.160292024576217
1.704,1,0.159790198274738
1.705,1,0.159288734653193
1.706,1,0.158787637723597
1.707,1,0.158286911482446
1.708,1,0.15778655991071
1.709,1,0.157286586973832
1.71,1,0.15678699662172
1.711,1,0.156287792788751
1.712,1,0.155788979393762
1.713,1,0.155290560340053
1.714,1,0.154792539515382
1.715,1,0.154294920791966
1.716,1,0.15379770802648
1.717,1,0.153300905060058
1.718,1,0.152804515718289
1.719,1,0.152308543811227
1.72,1,0.151812993133384
1.721,1,0.151317867463734
1.722,1,0.150823170565719
1.723,1,0.150328906187248
1.724,1,0.149835078060701
1.725,1,0.149341689902934
1.726,1,0.148848745415283
1.727,1,0.148356248283569
1.728,1,0.147864202178101
1.729,1,0.147372610753683
1.73,1,0.146881477649623
1.731,1,0.146390806489734
1.732,1,0.145900600882344
1.733,1,0.145410864420305
1.734,1,0.144921600680997
1.735,1,0.14443281322634
1.736,1,0.143944505602798
1.737,1,0.143456681341394
1.738,1,0.142969343957715
1.739,1,0.142482496951925
1.74,1,0.141996143808771
1.741,1,0.141510287997601
1.742,1,0.141024932972368
1.743,1,0.140540082171644
1.744,1,0.140055739018636
1.745,1,0.139571906921191
1.746,1,0.139088589271817
1.747,1,0.13860578944769
1.748,1,0.138123510810668
1.749,1,0.137641756707312
1.75,1,0.137160530468891
1.751,1,0.136679835411402
1.752,1,0.136199674835586
1.753,1,0.13572005202694
1.754,1,0.135240970255737
1.755,1,0.134762432777039
1.756,1,0.134284442830714
1.757,1,0.133807003641457
1.758,1,0.133330118418802
1.759,1,0.132853790357143
1.76,1,0.132378022635753
1.761,1,0.131902818418801
1.762,1,0.131428180855368
1.763,1,0.130954113079473
1.764,1,0.130480618210088
1.765,1,0.130007699351159
1.766,1,0.129535359591625
1.767,1,0.129063602005441
1.768,1,0.128592429651598
1.769,1,0.128121845574145
1.77,1,0.127651852802209
1.771,1,0.127182454350017
1.772,1,0.126713653216922
1.773,1,0.126245452387421
1.774,1,0.12577785483118
1.775,1,0.125310863503059
1.776,1,0.124844481343131
1.777,1,0.124378711276713
1.778,1,0.123913556214382
1.779,1,0.123449019052007
1.78,1,0.122985102670767
1.781,1,0.122521809937184
1.782,1,0.122059143703141
1.783,1,0.121597106805913
1.784,1,0.12113570206819
1.785,1,0.120674932298104
1.786,1,0.120214800289259
1.787,1,0.119755308820751
1.788,1,0.119296460657203
1.789,1,0.118838258548786
1.79,1,0.118380705231253
1.791,1,0.11792380342596
1.792,1,0.117467555839902
1.793,1,0.117011965165733
1.794,1,0.116557034081805
1.795,1,0.116102765252187
1.796,1,0.115649161326703
1.797,1,0.115196224940956
1.798,1,0.11474395871636
1.799,1,0.11429236526017
1.8,1,0.113841447165513
1.801,1,0.113391207011418
1.802,1,0.112941647362847
1.803,1,0.112492770770727
1.804,1,0.11204457977198
1.805,1,0.111597076889557
1.806,1,0.111150264632466
1.807,1,0.110704145495808
1.808,1,0.110258721960808
1.809,1,0.109813996494848
1.81,1,0.109369971551498
1.811,1,0.108926649570552
1.812,1,0.108484032978059
1.813,1,0.108042124186357
1.814,1,0.107600925594108
1.815,1,0.10716043958633
1.816,1,0.106720668534432
1.817,1,0.106281614796249
1.818,1,0.105843280716077
1.819,1,0.105405668624704
1.82,1,0.10496878083945
1.821,1,0.1045326196642
1.822,1,0.104097187389438
1.823,1,0.103662486292284
1.824,1,0.10322851863653
1.825,1,0.102795286672676
1.826,1,0.102362792637966
1.827,1,0.101931038756422
1.828,1,0.101500027238883
1.829,1,0.101069760283044
1.83,1,0.100640240073485
1.831,1,0.100211468781718
1.832,1,0.0997834485662156
1.833,1,0.0993561815724534
1.834,1,0.098929669932946
1.835,1,0.0985039157672845
1.836,1,0.0980789211821749
1.837,1,0.0976546882714756
1.838,1,0.0972312191162358
1.839,1,0.0968085157847341
1.84,1,0.0963865803325165
1.841,1,0.0959654148024351
1.842,1,0.0955450212246873
1.843,1,0.0951254016168544
1.844,1,0.0947065579839405
1.845,1,0.0942884923184122
1.846,1,0.0938712066002373
1.847,1,0.0934547027969251
1.848,1,0.0930389828635652
1.849,1,0.0926240487428677
1.85,1,0.0922099023652031
1.851,1,0.0917965456486422
1.852,1,0.0913839804989961
1.853,1,0.0909722088098566
1.854,1,0.0905612324626368
1.855,1,0.090151053326611
1.856,1,0.0897416732589559
1.857,1,0.0893330941047912
1.858,1,0.08892531769722
1.859,1,0.0885183458573703
1.86,1,0.0881121803944358
1.861,1,0.0877068231057171
1.862,1,0.087302275776663
1.863,1,0.0868985401809116
1.864,1,0.0864956180803324
1.865,1,0.086093511225067
1.866,1,0.0856922213535714
1.867,1,0.0852917501926578
1.868,1,0.0848920994575357
1.869,1,0.0844932708518547
1.87,1,0.0840952660677459
1.871,1,0.0836980867858646
1.872,1,0.0833017346754317
1.873,1,0.0829062113942766
1.874,1,0.0825115185888793
1.875,-0.7,0.0821176578944129
1.876,-0.7,0.0817246309347859
1.877,-0.7,0.081330739322685
1.878,-0.7,0.0809359846766178
1.879,-0.7,0.080540368610868
1.88,-0.7,0.0801438927354386
1.881,-0.7,0.0797465586559934
1.882,-0.7,0.0793483679738005
1.883,-0.7,0.078949322285674
1.884,-0.7,0.0785494231839168
1.885,-0.7,0.0781486722562635
1.886,-0.7,0.0777470710858223
1.887,-0.7,0.0773446212510185
1.888,-0.7,0.0769413243255365
1.889,-0.7,0.0765371818782628
1.89,-0.7,0.0761321954732288
1.891,-0.7,0.0757263666695537
1.892,-0.7,0.0753196970213869
1.893,-0.7,0.0749121880778513
1.894,-0.7,0.0745038413829863
1.895,-0.7,0.0740946584756901
1.896,-0.7,0.0736846408896634
1.897,-0.7,0.0732737901533522
1.898,-0.7,0.0728621077898909
1.899,-0.7,0.072449595317045
1.9,-0.7,0.0720362542471552
1.901,-0.7,0.0716220860870794
1.902,-0.7,0.0712070923381372
1.903,-0.7,0.070791274496052
1.904,-0.7,0.0703746340508953
1.905,-0.7,0.0699571724870294
1.906,-0.7,0.0695388912830512
1.907,-0.7,0.0691197919117354
1.908,-0.7,0.0686998758399784
1.909,-0.7,0.0682791445287412
1.91,-0.7,0.0678575994329937
1.911,-0.7,0.0674352420016576
1.912,-0.7,0.0670120736775509
1.913,-0.7,0.0665880958973308
1.914,-0.7,0.066163310091438
1.915,-0.7,0.0657377176840404
1.916,-0.7,0.0653113200929768
1.917,-0.7,0.064884118729701
1.918,-0.7,0.0644561149992255
1.919,-0.7,0.0640273103000658
1.92,-0.7,0.063597706024184
1.921,-0.7,0.0631673035569333
1.922,-0.7,0.062736104277002
1.923,-0.7,0.0623041095563576
1.924,-0.7,0.0618713207601909
1.925,-0.7,0.0614377392468604
1.926,-0.7,0.0610033663678368
1.927,-0.7,0.0605682034676469
1.928,-0.7,0.0601322518838182
1.929,-0.7,0.0596955129468236
1.93,-0.7,0.0592579879800255
1.931,-0.7,0.0588196782996204
1.932,-0.7,0.0583805852145836
1.933,-0.7,0.0579407100266138
1.934,-0.7,0.0575000540300776
1.935,-0.7,0.0570586185119544
1.936,-0.7,0.056616404751781
1.937,-0.7,0.0561734140215966
1.938,-0.7,0.0557296475858874
1.939,-0.7,0.0552851067015314
1.94,-0.7,0.0548397926177437
1.941,-0.7,0.0543937065760213
1.942,-0.7,0.053946849810088
1.943,-0.7,0.0534992235458395
1.944,-0.7,0.0530508290012884
1.945,-0.7,0.0526016673865099
1.946,-0.7,0.052151739903586
1.947,-0.7,0.0517010477465517
1.948,-0.7,0.0512495921013395
1.949,-0.7,0.0507973741457254
1.95,-0.7,0.0503443950492736
1.951,-0.7,0.0498906559732822
1.952,-0.7,0.0494361580707287
1.953,-0.7,0.0489809024862155
1.954,-0.7,0.048524890355915
1.955,-0.7,0.0480681228075155
1.956,-0.7,0.047610600960167
1.957,-0.7,0.0471523259244261
1.958,-0.7,0.0466932988022026
1.959,-0.7,0.0462335206867042
1.96,-0.7,0.0457729926623832
1.961,-0.7,0.0453117158048815
1.962,-0.7,0.044849691180977
1.963,-0.7,0.044386919848529
1.964,-0.7,0.0439234028564243
1.965,-0.7,0.0434591412445233
1.966,-0.7,0.0429941360436054
1.967,-0.7,0.0425283882753155
1.968,-0.7,0.04206189895211
1.969,-0.7,0.0415946690772025
1.97,-0.7,0.0411266996445101
1.971,-0.7,0.0406579916385997
1.972,-0.7,0.0401885460346337
1.973,-0.7,0.0397183637983167
1.974,-0.7,0.0392474458858412
1.975,-0.7,0.0387757932438343
1.976,-0.7,0.0383034068093036
1.977,-0.7,0.0378302875095837
1.978,-0.7,0.0373564362622825
1.979,-0.7,0.0368818539752274
1.98,-0.7,0.0364065415464119
1.981,-0.7,0.0359304998639419
1.982,-0.7,0.0354537298059821
1.983,-0.7,0.0349762322407023
1.984,-0.7,0.0344980080262242
1.985,-0.7,0.0340190580105677
1.986,-0.7,0.0335393830315975
1.987,-0.7,0.0330589839169693
1.988,-0.7,0.0325778614840769
1.989,-0.7,0.0320960165399984
1.99,-0.7,0.0316134498814429
1.991,-0.7,0.0311301622946971
1.992,-0.7,0.0306461545555717
1.993,-0.7,0.0301614274293487
1.994,-0.7,0.0296759816707271
1.995,-0.7,0.0291898180237706
1.996,-0.7,0.0287029372218533
1.997,-0.7,0.0282153399876071
1.998,-0.7,0.0277270270328682
1.999,-0.7,0.0272379990586235
2,-0.7,0.0267482567549578
2.001,-0.7,0.0262578008010004
2.002,-0.7,0.0257666318648716
2.003,-0.7,0.0252747506036295
2.004,-0.7,0.0247821576632171
2.005,-0.7,0.0242888536784086
2.006,-0.7,0.0237948392727566
2.007,-0.7,0.0233001150585382
2.008,-0.7,0.0228046816367026
2.009,-0.7,0.0223085395968172
2.01,-0.7,0.0218116895170146
2.011,-0.7,0.0213141319639393
2.012,-0.7,0.0208158674926945
2.013,-0.7,0.0203168966467889
2.014,-0.7,0.0198172199580833
2.015,-0.7,0.0193168379467373
2.016,-0.7,0.0188157511211563
2.017,-0.7,0.0183139599779378
2.018,-0.7,0.0178114650018185
2.019,-0.7,0.0173082666656207
2.02,-0.7,0.0168043654301992
2.021,-0.7,0.0162997617443876
2.022,-0.7,0.0157944560449454
2.023,-0.7,0.0152884487565044
2.024,-0.7,0.0147817402915153
2.025,-0.7,0.0142743310501942
2.026,-0.7,0.0137662214204693
2.027,-0.7,0.0132574117779275
2.028,-0.7,0.0127479024857609
2.029,-0.7,0.012237693894713
2.03,-0.7,0.0117267863430256
2.031,-0.7,0.0112151801563849
2.032,-0.7,0.0107028756478681
2.033,-0.7,0.0101898731178898
2.034,-0.7,0.00967617285414805
2.035,-0.7,0.00916177513157111
2.036,-0.7,0.00864668021226337
2.037,-0.7,0.00813088834545173
2.038,-0.7,0.00761439976743179
2.039,-0.7,0.00709721470151401
2.04,-0.7,0.00657933335796978
2.041,-0.7,0.00606075593397758
2.042,-0.7,0.00554148261356893
2.043,-0.7,0.00502151356757443
2.044,-0.7,0.00450084895356964
2.045,-0.7,0.00397948891582104
2.046,-0.7,0.00345743358523177
2.047,-0.7,0.00293468307928752
2.048,-0.7,0.00241123750200214
2.049,-0.7,0.00188709694386342
2.05,-0.7,0.00136226148177863
2.051,-0.7,0.000836731179020082
2.052,-0.7,0.000310506085170655
2.053,-0.7,-0.000216413763930811
2.054,-0.7,-0.000744028346244136
2.055,-0.7,-0.00127233765124076
2.056,-0.7,-0.00180134165930489
2.057,-0.7,-0.00233104033685786
2.058,-0.7,-0.00286143363630325
2.059,-0.7,-0.00339252149597193
2.06,-0.7,-0.00392430384006695
2.061,-0.7,-0.00445678057860847
2.062,-0.7,-0.00498995160737859
2.063,-0.7,-0.0055238168078661
2.064,-0.7,-0.00605837604721118
2.065,-0.7,-0.00659362917815006
2.066,-0.7,-0.00712957603895962
2.067,-0.7,-0.00766621645340193
2.068,-0.7,-0.00820355023066873
2.069,-0.7,-0.0087415771653259
2.07,-0.7,-0.0092802970372578
2.071,-0.7,-0.00981970961161171
2.072,-0.7,-0.010359814638742
2.073,-0.7,-0.0109006118541547
2.074,-0.7,-0.0114421009784512
2.075,-0.7,-0.011984281717273
2.076,-0.7,-0.0125271537612455
2.077,-0.7,-0.0130707167859224
2.078,-0.7,-0.0136149704517295
2.079,-0.7,-0.014159914403909
2.08,-0.7,-0.0147055482724635
2.081,-0.7,-0.0152518716720999
2.082,-0.7,-0.0157988842021735
2.083,-0.7,-0.0163465854466322
2.084,-0.7,-0.0168949749739598
2.085,-0.7,-0.0174440523371207
2.086,-0.7,-0.0179938170735036
2.087,-0.7,-0.018544268704865
2.088,-0.7,-0.0190954067372738
2.089,-0.7,-0.0196472306610547
2.09,-0.7,-0.0201997399507324
2.091,-0.7,-0.0207529340649754
2.092,-0.7,-0.0213068124465399
2.093,-0.7,-0.0218613745222138
2.094,-0.7,-0.0224166197027605
2.095,-0.7,-0.022972547382863
2.096,-0.7,-0.0235291569410678
2.097,-0.7,-0.0240864477397286
2.098,-0.7,-0.0246444191249508
2.099,-0.7,-0.025203070426535
2.1,-0.7,-0.0257624009579213
2.101,-0.7,-0.0263224100161334
2.102,-0.7,-0.0268830968817223
2.103,-0.7,-0.0274444608187108
2.104,-0.7,-0.0280065010745375
2.105,-0.7,-0.0285692168800009
2.106,-0.7,-0.0291326074492037
2.107,-0.7,-0.0296966719794969
2.108,-0.7,-0.0302614096514245
2.109,-0.7,-0.0308268196286671
2.11,-0.7,-0.0313929010579871
2.111,-0.7,-0.0319596530691727
2.112,-0.7,-0.0325270747749821
2.113,-0.7,-0.033095165271089
2.114,-0.7,-0.033663923636026
2.115,-0.7,-0.0342333489311303
2.116,-0.7,-0.0348034402004877
2.117,-0.7,-0.035374196470878
2.118,-0.7,-0.0359456167517193
2.119,-0.7,-0.0365177000350135
2.12,-0.7,-0.0370904452952907
2.121,-0.7,-0.0376638514895549
2.122,-0.7,-0.0382379175572288
2.123,-0.7,-0.0388126424200994
2.124,-0.7,-0.0393880249822628
2.125,-0.7,-0.0399640641300704
2.126,-0.7,-0.0405407587320736
2.127,-0.7,-0.0411181076389703
2.128,-0.7,-0.04169610968355
2.129,-0.7,-0.0422747636806398
2.13,-0.7,-0.0428540684270506
2.131,-0.7,-0.0434340227015228
2.132,-0.7,-0.0440146252646727
2.133,-0.7,-0.0445958748589388
2.134,-0.7,-0.0451777702085281
2.135,-0.7,-0.0457603100193625
2.136,-0.7,-0.0463434929790257
2.137,-0.7,-0.0469273177567101
2.138,-0.7,-0.0475117830031631
2.139,-0.7,-0.0480968873506348
2.14,-0.7,-0.048682629412825
2.141,-0.7,-0.0492690077848302
2.142,-0.7,-0.0498560210430916
2.143,-0.7,-0.0504436677453421
2.144,-0.7,-0.0510319464305548
2.145,-0.7,-0.0516208556188903
2.146,-0.7,-0.0522103938116449
2.147,-0.7,-0.0528005594911993
2.148,-0.7,-0.0533913511209663
2.149,-0.7,-0.0539827671453399
2.15,-0.7,-0.0545748059896439
2.151,-0.7,-0.0551674660600808
2.152,-0.7,-0.0557607457436807
2.153,-0.7,-0.0563546434082511
2.154,-0.7,-0.0569491574023256
2.155,-0.7,-0.0575442860551144
2.156,-0.7,-0.0581400276764534
2.157,-0.7,-0.0587363805567547
2.158,-0.7,-0.0593333429669568
2.159,-0.7,-0.0599309131584748
2.16,-0.7,-0.0605290893631511
2.161,-0.7,-0.0611278697932066
2.162,-0.7,-0.0617272526411914
2.163,-0.7,-0.062327236079936
2.164,-0.7,-0.0629278182625033
2.165,-0.7,-0.0635289973221398
2.166,-0.7,-0.0641307713722279
2.167,-0.7,-0.064733138506238
2.168,-0.7,-0.0653360967976808
2.169,-0.7,-0.0659396443000603
2.17,-0.7,-0.066543779046826
2.171,-0.7,-0.0671484990513271
2.172,-0.7,-0.0677538023067648
2.173,-0.7,-0.0683596867861469
2.174,-0.7,-0.068966150442241
2.175,-0.7,-0.0695731912075291
2.176,-0.7,-0.0701808069941619
2.177,-0.7,-0.0707889956939134
2.178,-0.7,-0.0713977551781362
2.179,-0.7,-0.0720070832977164
2.18,-0.7,-0.0726169778830292
2.181,-0.7,-0.0732274367438951
2.182,-0.7,-0.0738384576695354
2.183,-0.7,-0.0744500384285292
2.184,-0.7,-0.0750621767687696
2.185,-0.7,-0.0756748704174211
2.186,-0.7,-0.0762881170808766
2.187,-0.7,-0.0769019144447151
2.188,-0.7,-0.0775162601736597
2.189,-0.7,-0.078131151911536
2.19,-0.7,-0.0787465872812301
2.191,-0.7,-0.079362563884648
2.192,-0.7,-0.0799790793026747
2.193,-0.7,-0.0805961310951335
2.194,-0.7,-0.0812137168007462
2.195,-0.7,-0.0818318339370932
2.196,-0.7,-0.082450480000574
2.197,-0.7,-0.0830696524663679
2.198,-0.7,-0.0836893487883959
2.199,-0.7,-0.0843095663992817
2.2,-0.7,-0.0849303027103138
2.201,-0.7,-0.0855515551114082
2.202,-0.7,-0.0861733209710705
2.203,-0.7,-0.0867955976363598
2.204,-0.7,-0.0874183824328512
2.205,-0.7,-0.0880416726646004
2.206,-0.7,-0.0886654656141076
2.207,-0.7,-0.0892897585422822
2.208,-0.7,-0.0899145486884077
2.209,-0.7,-0.0905398332701072
2.21,-0.7,-0.0911656094833092
2.211,-0.7,-0.0917918745022139
2.212,-0.7,-0.0924186254792596
2.213,-0.7,-0.0930458595450899
2.214,-0.7,-0.0936735738085212
2.215,-0.7,-0.0943017653565104
2.216,-0.7,-0.0949304312541233
2.217,-0.7,-0.0955595685445036
2.218,-0.7,-0.0961891742488414
2.219,-0.7,-0.0968192453663437
2.22,-0.7,-0.0974497788742038
2.221,-0.7,-0.098080771727572
2.222,-0.7,-0.0987122208595266
2.223,-0.7,-0.0993441231810452
2.224,-0.7,-0.099976475580977
2.225,-0.7,-0.100609274926015
2.226,-0.7,-0.101242518060667
2.227,-0.7,-0.101876201807233
2.228,-0.7,-0.102510322965775
2.229,-0.7,-0.103144878314093
2.23,-0.7,-0.103779864607699
2.231,-0.7,-0.104415278579795
2.232,-0.7,-0.105051116941243
2.233,-0.7,-0.105687376380548
2.234,-0.7,-0.106324053563829
2.235,-0.7,-0.106961145134801
2.236,-0.7,-0.107598647714747
2.237,-0.7,-0.108236557902503
2.238,-0.7,-0.108874872274433
2.239,-0.7,-0.109513587384407
2.24,-0.7,-0.110152699763785
2.241,-0.7,-0.110792205921393
2.242,-0.7,-0.111432102343509
2.243,-0.7,-0.112072385493837
2.244,-0.7,-0.112713051813499
2.245,-0.7,-0.113354097721007
2.246,-0.7,-0.113995519612256
2.247,-0.7,-0.114637313860498
2.248,-0.7,-0.115279476816336
2.249,-0.7,-0.115922004807701
2.25,-0.7,-0.116564894139841
2.251,-0.7,-0.117208141095309
2.252,-0.7,-0.117851741933943
2.253,-0.7,-0.11849569289286
2.254,-0.7,-0.119139990186441
2.255,-0.7,-0.119784630006318
2.256,-0.7,-0.120429608521365
2.257,-0.7,-0.121074921877688
2.258,-0.7,-0.121720566198612
2.259,-0.7,-0.122366537584674
2.26,-0.7,-0.123012832113618
2.261,-0.7,-0.123659445840377
2.262,-0.7,-0.124306374797078
2.263,-0.7,-0.124953614993026
2.264,-0.7,-0.125601162414701
2.265,-0.7,-0.126249013025755
2.266,-0.7,-0.126897162767002
2.267,-0.7,-0.12754560755642
2.268,-0.7,-0.128194343289142
2.269,-0.7,-0.128843365837456
2.27,-0.7,-0.129492671050804
2.271,-0.7,-0.130142254755777
2.272,-0.7,-0.130792112756116
2.273,-0.7,-0.131442240832713
2.274,-0.7,-0.132092634743611
2.275,-0.7,-0.132743290224002
2.276,-0.7,-0.133394202986235
2.277,-0.7,-0.134045368719813
2.278,-0.7,-0.134696783091399
2.279,-0.7,-0.135348441744819
2.28,-0.7,-0.136000340301068
2.281,-0.7,-0.136652474358315
2.282,-0.7,-0.137304839491907
2.283,-0.7,-0.137957431254379
2.284,-0.7,-0.138610245175459
2.285,-0.7,-0.13926327676208
2.286,-0.7,-0.139916521498383
2.287,-0.7,-0.140569974845732
2.288,-0.7,-0.141223632242723
2.289,-0.7,-0.141877489105194
2.29,-0.7,-0.142531540826239
2.291,-0.7,-0.143185782776219
2.292,-0.7,-0.143840210302776
2.293,-0.7,-0.144494818730848
2.294,-0.7,-0.145149603362684
2.295,-0.7,-0.145804559477857
2.296,-0.7,-0.146459682333285
2.297,-0.7,-0.147114967163246
2.298,-0.7,-0.147770409179394
2.299,-0.7,-0.148426003570783
2.3,-0.7,-0.149081745503883
2.301,-0.7,-0.149737630122599
2.302,-0.7,-0.150393652548299
2.303,-0.7,-0.151049807879827
2.304,-0.7,-0.151706091193534
2.305,-0.7,-0.152362497543296
2.306,-0.7,-0.153019021960542
2.307,-0.7,-0.153675659454278
2.308,-0.7,-0.154332405011112
2.309,-0.7,-0.154989253595282
2.31,-0.7,-0.155646200148685
2.311,-0.7,-0.156303239590905
2.312,-0.7,-0.15696036681924
2.313,-0.7,-0.157617576708735
2.314,-0.7,-0.158274864112212
2.315,-0.7,-0.158932223860303
2.316,-0.7,-0.159589650761481
2.317,-0.7,-0.160247139602095
2.318,-0.7,-0.160904685146406
2.319,-0.7,-0.161562282136617
2.32,-0.7,-0.162219925292916
2.321,-0.7,-0.162877609313508
2.322,-0.7,-0.163535328874656
2.323,-0.7,-0.164193078630717
2.324,-0.7,-0.164850853214187
2.325,-0.7,-0.165508647235734
2.326,-0.7,-0.166166455284245
2.327,-0.7,-0.166824271926869
2.328,-0.7,-0.167482091709054
2.329,-0.7,-0.168139909154599
2.33,-0.7,-0.168797718765693
2.331,-0.7,-0.169455515022965
2.332,-0.7,-0.170113292385528
2.333,-0.7,-0.170771045291028
2.334,-0.7,-0.171428768155693
2.335,-0.7,-0.172086455374381
2.336,-0.7,-0.172744101320633
2.337,-0.7,-0.173401700346723
2.338,-0.7,-0.174059246783709
2.339,-0.7,-0.174716734941489
2.34,-0.7,-0.175374159108852
2.341,-0.7,-0.176031513553537
2.342,-0.7,-0.176688792522285
2.343,-0.7,-0.1773459902409
2.344,-0.7,-0.178003100914302
2.345,-0.7,-0.178660118726591
2.346,-0.7,-0.179317037841104
2.347,-0.7,-0.179973852400475
2.348,-0.7,-0.180630556526699
2.349,-0.7,-0.181287144321193
2.35,-0.7,-0.18194360986486
2.351,-0.7,-0.182599947218155
2.352,-0.7,-0.183256150421146
2.353,-0.7,-0.183912213493587
2.354,-0.7,-0.184568130434982
2.355,-0.7,-0.185223895224649
2.356,-0.7,-0.1858795018218
2.357,-0.7,-0.186534944165601
2.358,-0.7,-0.187190216175248
2.359,-0.7,-0.18784531175004
2.36,-0.7,-0.188500224769451
2.361,-0.7,-0.189154949093202
2.362,-0.7,-0.189809478561343
2.363,-0.7,-0.190463806994319
2.364,-0.7,-0.191117928193057
2.365,-0.7,-0.191771835939039
2.366,-0.7,-0.192425523994381
2.367,-0.7,-0.193078986101917
2.368,-0.7,-0.193732215985274
2.369,-0.7,-0.19438520734896
2.37,-0.7,-0.195037953878446
2.371,-0.7,-0.195690449240244
2.372,-0.7,-0.196342687082003
2.373,-0.7,-0.196994661032586
2.374,-0.7,-0.19764636470216
2.375,-0.7,-0.198297791682285
2.376,-0.7,-0.198948935546003
2.377,-0.7,-0.199599789847928
2.378,-0.7,-0.200250348124336
2.379,-0.7,-0.200900603893259
2.38,-0.7,-0.201550550654576
2.381,-0.7,-0.202200181890109
2.382,-0.7,-0.202849491063718
2.383,-0.7,-0.203498471621397
2.384,-0.7,-0.204147116991369
2.385,-0.7,-0.204795420584188
2.386,-0.7,-0.205443375792838
2.387,-0.7,-0.206090975992828
2.388,-0.7,-0.2067382145423
2.389,-0.7,-0.207385084782126
2.39,-0.7,-0.208031580036016
2.391,-0.7,-0.208677693610619
2.392,-0.7,-0.209323418795629
2.393,-0.7,-0.209968748863892
2.394,-0.7,-0.210613677071513
2.395,-0.7,-0.211258196657964
2.396,-0.7,-0.211902300846195
2.397,-0.7,-0.212545982842743
2.398,-0.7,-0.213189235837843
2.399,-0.7,-0.213832053005542
2.4,-0.7,-0.214474427503814
2.401,-0.7,-0.215116352474667
2.402,-0.7,-0.21575782104427
2.403,-0.7,-0.21639882632306
2.404,-0.7,-0.217039361405863
2.405,-0.7,-0.217679419372014
2.406,-0.7,-0.218318993285476
2.407,-0.7,-0.218958076194958
2.408,-0.7,-0.219596661134041
2.409,-0.7,-0.220234741121296
2.41,-0.7,-0.220872309160411
2.411,-0.7,-0.221509358240316
2.412,-0.7,-0.222145881335306
2.413,-0.7,-0.222781871405171
2.414,-0.7,-0.22341732139532
2.415,-0.7,-0.224052224236914
2.416,-0.7,-0.224686572846992
2.417,-0.7,-0.225320360128604
2.418,-0.7,-0.225953578970943
2.419,-0.7,-0.226586222249476
2.42,-0.7,-0.22721828282608
2.421,-0.7,-0.227849753549175
2.422,-0.7,-0.228480627253862
2.423,-0.7,-0.229110896762057
2.424,-0.7,-0.229740554882632
2.425,-0.7,-0.230369594411549
2.426,-0.7,-0.230998008132008
2.427,-0.7,-0.231625788814578
2.428,-0.7,-0.232252929217348
2.429,-0.7,-0.232879422086062
2.43,-0.7,-0.23350526015427
2.431,-0.7,-0.234130436143466
2.432,-0.7,-0.23475494276324
2.433,-0.7,-0.235378772711418
2.434,-0.7,-0.236001918674219
2.435,-0.7,-0.236624373326394
2.436,-0.7,-0.237246129331382
2.437,-0.7,-0.237867179341458
2.438,-0.7,-0.238487515997888
2.439,-0.7,-0.239107131931075
2.44,-0.7,-0.239726019760721
2.441,-0.7,-0.240344172095976
2.442,-0.7,-0.240961581535593
2.443,-0.7,-0.241578240668089
2.444,-0.7,-0.2421941420719
2.445,-0.7,-0.242809278315537
2.446,-0.7,-0.243423641957751
2.447,-0.7,-0.244037225547687
2.448,-0.7,-0.244650021625051
2.449,-0.7,-0.245262022720268
2.45,-0.7,-0.245873221354646
2.451,-0.7,-0.246483610040544
2.452,-0.7,-0.24709318128153
2.453,-0.7,-0.247701927572554
2.454,-0.7,-0.248309841400108
2.455,-0.7,-0.248916915242402
2.456,-0.7,-0.249523141569523
2.457,-0.7,-0.250128512843614
2.458,-0.7,-0.250733021519038
2.459,-0.7,-0.251336660042551
2.46,-0.7,-0.251939420853477
2.461,-0.7,-0.252541296383878
2.462,-0.7,-0.25314227905873
2.463,-0.7,-0.253742361296095
2.464,-0.7,-0.254341535507301
2.465,-0.7,-0.254939794097118
2.466,-0.7,-0.255537129463931
2.467,-0.7,-0.256133533999926
2.468,-0.7,-0.256729000091261
2.469,-0.7,-0.257323520118255
2.47,-0.7,-0.257917086455561
2.471,-0.7,-0.258509691472354
2.472,-0.7,-0.25910132753251
2.473,-0.7,-0.25969198699479
2.474,-0.7,-0.260281662213028
2.475,-0.7,-0.26087034553631
2.476,-0.7,-0.261458029309167
2.477,-0.7,-0.262044705871757
2.478,-0.7,-0.262630367560054
2.479,-0.7,-0.263215006706037
2.48,-0.7,-0.26379861563788
2.481,-0.7,-0.26438118668014
2.482,-0.7,-0.264962712153949
2.483,-0.7,-0.265543184377206
2.484,-0.7,-0.26612259566477
2.485,-0.7,-0.266700938328652
2.486,-0.7,-0.26727820467821
2.487,-0.7,-0.267854387020341
2.488,-0.7,-0.268429477659681
2.489,-0.7,-0.269003468898799
2.49,-0.7,-0.269576353038393
2.491,-0.7,-0.270148122377488
2.492,-0.7,-0.270718769213637
2.493,-0.7,-0.271288285843117
2.494,-0.7,-0.271856664561131
2.495,-0.7,-0.272423897662006
2.496,-0.7,-0.272989977439399
2.497,-0.7,-0.273554896186493
2.498,-0.7,-0.274118646196206
2.499,-0.7,-0.274681219761388
2.5,-0.7,-0.275242609175029
2.501,-0.7,-0.275802806730464
2.502,-0.7,-0.276361804721576
2.503,-0.7,-0.276919595443003
2.504,-0.7,-0.277476171190344
2.505,-0.7,-0.27803152426037
2.506,-0.7,-0.278585646951226
2.507,-0.7,-0.279138531562643
2.508,-0.7,-0.279690170396146
2.509,-0.7,-0.280240555755266
2.51,-0.7,-0.280789679945747
2.511,-0.7,-0.281337535275759
2.512,-0.7,-0.281884114056109
2.513,-0.7,-0.282429408600452
2.514,-0.7,-0.282973411225505
2.515,-0.7,-0.283516114251261
2.516,-0.7,-0.284057510001201
2.517,-0.7,-0.284597590802507
2.518,-0.7,-0.28513634898628
2.519,-0.7,-0.285673776887754
2.52,-0.7,-0.286209866846511
2.521,-0.7,-0.286744611206699
2.522,-0.7,-0.287278002317245
2.523,-0.7,-0.28781003253208
2.524,-0.7,-0.288340694210347
2.525,-0.7,-0.288869979716626
2.526,-0.7,-0.289397881421152
2.527,-0.7,-0.289924391700032
2.528,-0.7,-0.290449502935464
2.529,-0.7,-0.290973207515962
2.53,-0.7,-0.291495497836569
2.531,-0.7,-0.292016366299087
2.532,-0.7,-0.292535805312288
2.533,-0.7,-0.293053807292144
2.534,-0.7,-0.293570364662046
2.535,-0.7,-0.294085469853025
2.536,-0.7,-0.294599115303976
2.537,-0.7,-0.295111293461884
2.538,-0.7,-0.295621996782042
2.539,-0.7,-0.296131217728278
2.54,-0.7,-0.296638948773181
2.541,-0.7,-0.29714518239832
2.542,-0.7,-0.297649911094474
2.543,-0.7,-0.298153127361857
2.544,-0.7,-0.298654823710337
2.545,-0.7,-0.299154992659669
2.546,-0.7,-0.299653626739719
2.547,-0.7,-0.300150718490688
2.548,-0.7,-0.300646260463338
2.549,-0.7,-0.301140245219224
2.55,-0.7,-0.301632665330913
2.551,-0.7,-0.302123513382219
2.552,-0.7,-0.302612781968425
2.553,-0.7,-0.303100463696512
2.554,-0.7,-0.303586551185386
2.555,-0.7,-0.304071037066107
2.556,-0.7,-0.304553913982119
2.557,-0.7,-0.305035174589472
2.558,-0.7,-0.305514811557055
2.559,-0.7,-0.305992817566826
2.56,-0.7,-0.306469185314034
2.561,-0.7,-0.306943907507455
2.562,-0.7,-0.307416976869615
2.563,-0.7,-0.307888386137023
2.564,-0.7,-0.308358128060396
2.565,-0.7,-0.308826195404893
2.566,-0.7,-0.309292580950337
2.567,-0.7,-0.309757277491451
2.568,-0.7,-0.310220277838085
2.569,-0.7,-0.310681574815441
2.57,-0.7,-0.311141161264307
2.571,-0.7,-0.311599030041286
2.572,-0.7,-0.312055174019021
2.573,-0.7,-0.312509586086429
2.574,-0.7,-0.312962259148925
2.575,-0.7,-0.313413186128655
2.576,-0.7,-0.313862359964725
2.577,-0.7,-0.314309773613425
2.578,-0.7,-0.314755420048463
2.579,-0.7,-0.315199292261192
2.58,-0.7,-0.315641383260838
2.581,-0.7,-0.316081686074728
2.582,-0.7,-0.31652019374852
2.583,-0.7,-0.316956899346427
2.584,-0.7,-0.317391795951453
2.585,-0.7,-0.317824876665611
2.586,-0.7,-0.318256134610158
2.587,-0.7,-0.318685562925821
2.588,-0.7,-0.31911315477302
2.589,-0.7,-0.3195389033321
2.59,-0.7,-0.319962801803556
2.591,-0.7,-0.320384843408258
2.592,-0.7,-0.320805021387681
2.593,-0.7,-0.321223329004127
2.594,-0.7,-0.321639759540953
2.595,-0.7,-0.322054306302797
2.596,-0.7,-0.322466962615799
2.597,-0.7,-0.322877721827834
2.598,-0.7,-0.323286577308727
2.599,-0.7,-0.323693522450484
2.6,-0.7,-0.324098550667512
2.601,-0.7,-0.324501655396847
2.602,-0.7,-0.324902830098371
2.603,-0.7,-0.325302068255038
2.604,-0.7,-0.325699363373099
2.605,-0.7,-0.326094708982319
2.606,-0.7,-0.3264880986362
2.607,-0.7,-0.326879525912204
2.608,-0.7,-0.327268984411971
2.609,-0.7,-0.327656467761542
2.61,-0.7,-0.328041969611575
2.611,-0.7,-0.328425483637568
2.612,-0.7,-0.328807003540075
2.613,-0.7,-0.329186523044926
2.614,-0.7,-0.329564035903442
2.615,-0.7,-0.329939535892656
2.616,-0.7,-0.330313016815525
2.617,-0.7,-0.330684472501152
2.618,-0.7,-0.331053896804995
2.619,-0.7,-0.331421283609087
2.62,-0.7,-0.331786626822245
2.621,-0.7,-0.332149920380291
2.622,-0.7,-0.332511158246257
2.623,-0.7,-0.332870334410605
2.624,-0.7,-0.333227442891432
2.625,-0.7,-0.333582477734686
2.626,-0.7,-0.333935433014374
2.627,-0.7,-0.334286302832773
2.628,-0.7,-0.334635081320639
2.629,-0.7,-0.334981762637413
2.63,-0.7,-0.335326340971432
2.631,-0.7,-0.335668810540136
2.632,-0.7,-0.33600916559027
2.633,-0.7,-0.336347400398094
2.634,-0.7,-0.336683509269587
2.635,-0.7,-0.337017486540647
2.636,-0.7,-0.337349326577298
2.637,-0.7,-0.337679023775894
2.638,-0.7,-0.338006572563314
2.639,-0.7,-0.338331967397169
2.64,-0.7,-0.338655202765998
2.641,-0.7,-0.338976273189469
2.642,-0.7,-0.339295173218577
2.643,-0.7,-0.33961189743584
2.644,-0.7,-0.339926440455496
2.645,-0.7,-0.340238796923701
2.646,-0.7,-0.340548961518718
2.647,-0.7,-0.340856928951115
2.648,-0.7,-0.341162693963958
2.649,-0.7,-0.341466251333001
2.65,-0.7,-0.341767595866877
2.651,-0.7,-0.342066722407287
2.652,-0.7,-0.342363625829192
2.653,-0.7,-0.342658301040998
2.654,-0.7,-0.342950742984745
2.655,-0.7,-0.343240946636291
2.656,-0.7,-0.343528907005497
2.657,-0.7,-0.343814619136413
2.658,-0.7,-0.34409807810746
2.659,-0.7,-0.344379279031608
2.66,-0.7,-0.344658217056564
2.661,-0.7,-0.344934887364943
2.662,-0.7,-0.345209285174455
2.663,-0.7,-0.345481405738075
2.664,-0.7,-0.345751244344226
2.665,-0.7,-0.346018796316947
2.666,-0.7,-0.346284057016075
2.667,-0.7,-0.346547021837411
2.668,-0.7,-0.346807686212895
2.669,-0.7,-0.347066045610777
2.67,-0.7,-0.347322095535784
2.671,-0.7,-0.347575831529292
2.672,-0.7,-0.347827249169488
2.673,-0.7,-0.348076344071542
2.674,-0.7,-0.348323111887764
2.675,-0.7,-0.348567548307777
2.676,-0.7,-0.348809649058668
2.677,-0.7,-0.349049409905158
2.678,-0.7,-0.349286826649758
2.679,-0.7,-0.349521895132926
2.68,-0.7,-0.349754611233228
2.681,-0.7,-0.34998497086749
2.682,-0.7,-0.350212969990953
2.683,-0.7,-0.350438604597429
2.684,-0.7,-0.35066187071945
2.685,-0.7,-0.350882764428421
2.686,-0.7,-0.351101281834764
2.687,-0.7,-0.351317419088075
2.688,-0.7,-0.35153117237726
2.689,-0.7,-0.351742537930688
2.69,-0.7,-0.351951512016332
2.691,-0.7,-0.352158090941911
2.692,-0.7,-0.35236227105503
2.693,-0.7,-0.352564048743322
2.694,-0.7,-0.352763420434586
2.695,-0.7,-0.352960382596922
2.696,-0.7,-0.353154931738865
2.697,-0.7,-0.353347064409526
2.698,-0.7,-0.353536777198714
2.699,-0.7,-0.353724066737076
2.7,-0.7,-0.353908929696223
2.701,-0.7,-0.354091362788854
2.702,-0.7,-0.354271362768892
2.703,-0.7,-0.3544489264316
2.704,-0.7,-0.35462405061371
2.705,-0.7,-0.354796732193541
2.706,-0.7,-0.354966968091125
2.707,-0.7,-0.355134755268321
2.708,-0.7,-0.355300090728933
2.709,-0.7,-0.355462971518831
2.71,-0.7,-0.35562339472606
2.711,-0.7,-0.355781357480953
2.712,-0.7,-0.355936856956247
2.713,-0.7,-0.356089890367188
2.714,-0.7,-0.356240454971641
2.715,-0.7,-0.356388548070198
2.716,-0.7,-0.35653416700628
2.717,-0.7,-0.356677309166242
2.718,-0.7,-0.356817971979477
2.719,-0.7,-0.356956152918512
2.72,-0.7,-0.357091849499109
2.721,-0.7,-0.357225059280363
2.722,-0.7,-0.357355779864795
2.723,-0.7,-0.357484008898446
2.724,-0.7,-0.357609744070972
2.725,-0.7,-0.35773298311573
2.726,-0.7,-0.357853723809872
2.727,-0.7,-0.357971963974427
2.728,-0.7,-0.358087701474389
2.729,-0.7,-0.358200934218801
2.73,-0.7,-0.358311660160837
2.731,-0.7,-0.358419877297882
2.732,-0.7,-0.35852558367161
2.733,-0.7,-0.358628777368063
2.734,-0.7,-0.358729456517726
2.735,-0.7,-0.358827619295598
2.736,-0.7,-0.358923263921269
2.737,-0.7,-0.359016388658983
2.738,-0.7,-0.359106991817716
2.739,-0.7,-0.359195071751234
2.74,-0.7,-0.359280626858163
2.741,-0.7,-0.359363655582052
2.742,-0.7,-0.359444156411433
2.743,-0.7,-0.359522127879882
2.744,-0.7,-0.359597568566077
2.745,-0.7,-0.359670477093854
2.746,-0.7,-0.359740852132262
2.747,-0.7,-0.359808692395618
2.748,-0.7,-0.359873996643554
2.749,-0.7,-0.35993676368107
2.75,-0.7,-0.359996992358578
2.751,-0.7,-0.360054681571954
2.752,-0.7,-0.360109830262574
2.753,-0.7,-0.360162437417365
2.754,-0.7,-0.360212502068838
2.755,-0.7,-0.360260023295131
2.756,-0.7,-0.360305000220046
2.757,-0.7,-0.360347432013082
2.758,-0.7,-0.360387317889471
2.759,-0.7,-0.360424657110206
2.76,-0.7,-0.360459448982077
2.761,-0.7,-0.360491692857694
2.762,-0.7,-0.360521388135512
2.763,-0.7,-0.360548534259862
2.764,-0.7,-0.360573130720968
2.765,-0.7,-0.360595177054971
2.766,-0.7,-0.360614672843945
2.767,-0.7,-0.360631617715919
2.768,-0.7,-0.360646011344887
2.769,-0.7,-0.360657853450826
2.77,-0.7,-0.360667143799707
2.771,-0.7,-0.360673882203503
2.772,-0.7,-0.3606780685202
2.773,-0.7,-0.360679702653801
2.774,-0.7,-0.360678784554332
2.775,-0.7,-0.360675314217847
2.776,-0.7,-0.360669291686425
2.777,-0.7,-0.360660717048171
2.778,-0.7,-0.360649590437214
2.779,-0.7,-0.360635912033703
2.78,-0.7,-0.360619682063798
2.781,-0.7,-0.360600900799668
2.782,-0.7,-0.360579568559472
2.783,-0.7,-0.360555685707357
2.784,-0.7,-0.36052925265344
2.785,-0.7,-0.36050026985379
2.786,-0.7,-0.360468737810418
2.787,-0.7,-0.360434657071253
2.788,-0.7,-0.360398028230121
2.789,-0.7,-0.360358851926727
2.79,-0.7,-0.360317128846628
2.791,-0.7,-0.360272859721205
2.792,-0.7,-0.36022604532764
2.793,-0.7,-0.360176686488883
2.794,-0.7,-0.360124784073621
2.795,-0.7,-0.360070338996245
2.796,-0.7,-0.360013352216818
2.797,-0.7,-0.359953824741033
2.798,-0.7,-0.359891757620178
2.799,-0.7,-0.359827151951096
2.8,-0.7,-0.359760008876141
2.801,-0.7,-0.359690329583134
2.802,-0.7,-0.359618115305321
2.803,-0.7,-0.35954336732132
2.804,-0.7,-0.359466086955078
2.805,-0.7,-0.359386275575815
2.806,-0.7,-0.359303934597974
2.807,-0.7,-0.359219065481166
2.808,-0.7,-0.359131669730113
2.809,-0.7,-0.359041748894593
2.81,-0.7,-0.358949304569376
2.811,-0.7,-0.358854338394167
2.812,-0.7,-0.358756852053537
2.813,-0.7,-0.358656847276867
2.814,-0.7,-0.358554325838272
2.815,-0.7,-0.358449289556539
2.816,-0.7,-0.358341740295054
2.817,-0.7,-0.358231679961732
2.818,-0.7,-0.358119110508943
2.819,-0.7,-0.358004033933435
2.82,-0.7,-0.35788645227626
2.821,-0.7,-0.357766367622694
2.822,-0.7,-0.357643782102156
2.823,-0.7,-0.357518697888129
2.824,-0.7,-0.357391117198071
2.825,-0.7,-0.357261042293337
2.826,-0.7,-0.357128475479086
2.827,-0.7,-0.356993419104194
2.828,-0.7,-0.356855875561166
2.829,-0.7,-0.356715847286042
2.83,-0.7,-0.356573336758302
2.831,-0.7,-0.356428346500775
2.832,-0.7,-0.356280879079538
2.833,-0.7,-0.356130937103821
2.834,-0.7,-0.355978523225903
2.835,-0.7,-0.355823640141016
2.836,-0.7,-0.355666290587234
2.837,-0.7,-0.355506477345375
2.838,-0.7,-0.355344203238893
2.839,-0.7,-0.355179471133766
2.84,-0.7,-0.35501228393839
2.841,-0.7,-0.354842644603469
2.842,-0.7,-0.354670556121897
2.843,-0.7,-0.354496021528649
2.844,-0.7,-0.354319043900663
2.845,-0.7,-0.354139626356721
2.846,-0.7,-0.353957772057332
2.847,-0.7,-0.353773484204613
2.848,-0.7,-0.353586766042162
2.849,-0.7,-0.35339762085494
2.85,-0.7,-0.353206051969142
2.851,-0.7,-0.353012062752071
2.852,-0.7,-0.352815656612015
2.853,-0.7,-0.352616836998108
2.854,-0.7,-0.352415607400209
2.855,-0.7,-0.352211971348762
2.856,-0.7,-0.352005932414668
2.857,-0.7,-0.351797494209144
2.858,-0.7,-0.35158666038359
2.859,-0.7,-0.351373434629452
2.86,-0.7,-0.351157820678077
2.861,-0.7,-0.350939822300577
2.862,-0.7,-0.350719443307686
2.863,-0.7,-0.350496687549612
2.864,-0.7,-0.350271558915899
2.865,-0.7,-0.350044061335272
2.866,-0.7,-0.349814198775496
2.867,-0.7,-0.349581975243224
2.868,-0.7,-0.349347394783846
2.869,-0.7,-0.349110461481337
2.87,-0.7,-0.348871179458104
2.871,-0.7,-0.348629552874835
2.872,-0.7,-0.348385585930334
2.873,-0.7,-0.348139282861375
2.874,-0.7,-0.347890647942534
2.875,-0.7,-0.347639685486036
2.876,-0.7,-0.347386399841589
2.877,-0.7,-0.347130795396225
2.878,-0.7,-0.346872876574136
2.879,-0.7,-0.346612647836508
2.88,-0.7,-0.346350113681354
2.881,-0.7,-0.346085278643351
2.882,-0.7,-0.345818147293667
2.883,-0.7,-0.345548724239794
2.884,-0.7,-0.345277014125376
2.885,-0.7,-0.345003021630039
2.886,-0.7,-0.344726751469215
2.887,-0.7,-0.34444820839397
2.888,-0.7,-0.344167397190825
2.889,-0.7,-0.343884322681586
2.89,-0.7,-0.34359898972316
2.891,-0.7,-0.343311403207379
2.892,-0.7,-0.34302156806082
2.893,-0.7,-0.342729489244622
2.894,-0.7,-0.342435171754309
2.895,-0.7,-0.342138620619601
2.896,-0.7,-0.341839840904233
2.897,-0.7,-0.341538837705769
2.898,-0.7,-0.341235616155417
2.899,-0.7,-0.340930181417838
2.9,-0.7,-0.340622538690963
2.901,-0.7,-0.340312693205801
2.902,-0.7,-0.340000650226247
2.903,-0.7,-0.339686415048893
2.904,-0.7,-0.339369993002838
2.905,-0.7,-0.339051389449489
2.906,-0.7,-0.338730609782371
2.907,-0.7,-0.338407659426933
2.908,-0.7,-0.338082543840349
2.909,-0.7,-0.337755268511321
2.91,-0.7,-0.337425838959886
2.911,-0.7,-0.337094260737211
2.912,-0.7,-0.336760539425398
2.913,-0.7,-0.336424680637283
2.914,-0.7,-0.336086690016232
2.915,-0.7,-0.335746573235945
2.916,-0.7,-0.335404336000245
2.917,-0.7,-0.335059984042881
2.918,-0.7,-0.334713523127322
2.919,-0.7,-0.334364959046549
2.92,-0.7,-0.334014297622853
2.921,-0.7,-0.333661544707625
2.922,-0.7,-0.333306706181151
2.923,-0.7,-0.332949787952402
2.924,-0.7,-0.332590795958826
2.925,-0.7,-0.332229736166137
2.926,-0.7,-0.331866614568107
2.927,-0.7,-0.331501437186353
2.928,-0.7,-0.331134210070126
2.929,-0.7,-0.330764939296099
2.93,-0.7,-0.330393630968153
2.931,-0.7,-0.330020291217164
2.932,-0.7,-0.329644926200787
2.933,-0.7,-0.329267542103245
2.934,-0.7,-0.32888814513511
2.935,-0.7,-0.328506741533088
2.936,-0.7,-0.328123337559801
2.937,-0.7,-0.327737939503573
2.938,-0.7,-0.327350553678209
2.939,-0.7,-0.326961186422779
2.94,-0.7,-0.326569844101397
2.941,-0.7,-0.326176533103002
2.942,-0.7,-0.32578125984114
2.943,-0.7,-0.325384030753743
2.944,-0.7,-0.324984852302904
2.945,-0.7,-0.324583730974663
2.946,-0.7,-0.32418067327878
2.947,-0.7,-0.323775685748514
2.948,-0.7,-0.3233687749404
2.949,-0.7,-0.322959947434026
2.95,-0.7,-0.322549209831813
2.951,-0.7,-0.322136568758784
2.952,-0.7,-0.321722030862347
2.953,-0.7,-0.321305602812066
2.954,-0.7,-0.320887291299437
2.955,-0.7,-0.320467103037663
2.956,-0.7,-0.320045044761428
2.957,-0.7,-0.319621123226673
2.958,-0.7,-0.319195345210367
2.959,-0.7,-0.31876771751028
2.96,-0.7,-0.31833824694476
2.961,-0.7,-0.317906940352503
2.962,-0.7,-0.317473804592325
2.963,-0.7,-0.317038846542936
2.964,-0.7,-0.316602073102713
2.965,-0.7,-0.316163491189469
2.966,-0.7,-0.315723107740227
2.967,-0.7,-0.31528092971099
2.968,-0.7,-0.314836964076514
2.969,-0.7,-0.314391217830079
2.97,-0.7,-0.313943697983258
2.971,-0.7,-0.313494411565688
2.972,-0.7,-0.313043365624846
2.973,-0.7,-0.31259056722581
2.974,-0.7,-0.31213602345104
2.975,-0.7,-0.311679741400139
2.976,-0.7,-0.311221728189631
2.977,-0.7,-0.310761990952725
2.978,-0.7,-0.310300536839088
2.979,-0.7,-0.309837373014617
2.98,-0.7,-0.309372506661206
2.981,-0.7,-0.308905944976515
2.982,-0.7,-0.308437695173744
2.983,-0.7,-0.3079677644814
2.984,-0.7,-0.307496160143067
2.985,-0.7,-0.307022889417179
2.986,-0.7,-0.306547959576786
2.987,-0.7,-0.306071377909326
2.988,-0.7,-0.305593151716394
2.989,-0.7,-0.305113288313515
2.99,-0.7,-0.30463179502991
2.991,-0.7,-0.30414867920827
2.992,-0.7,-0.303663948204526
2.993,-0.7,-0.303177609387614
2.994,-0.7,-0.302689670139255
2.995,-0.7,-0.302200137853718
2.996,-0.7,-0.301709019937593
2.997,-0.7,-0.301216323809564
2.998,-0.7,-0.300722056900179
2.999,-0.7,-0.300226226651619
3,-0.7,-0.299728840517475
3.001,-0.7,-0.299229905962513
3.002,-0.7,-0.29872943046245
3.003,-0.7,-0.298227421503726
3.004,-0.7,-0.297723886583277
3.005,-0.7,-0.297218833208303
3.006,-0.7,-0.296712268896047
3.007,-0.7,-0.296204201173564
3.008,-0.7,-0.295694637577495
3.009,-0.7,-0.295183585653843
3.01,-0.7,-0.294671052957742
3.011,-0.7,-0.294157047053237
3.012,-0.7,-0.293641575513055
3.013,-0.7,-0.293124645918381
3.014,-0.7,-0.29260626585863
3.015,-0.7,-0.292086442931229
3.016,-0.7,-0.291565184741386
3.017,-0.7,-0.291042498901872
3.018,-0.7,-0.290518393032793
3.019,-0.7,-0.289992874761368
3.02,-0.7,-0.289465951721708
3.021,-0.7,-0.288937631554594
3.022,-0.7,-0.288407921907251
3.023,-0.7,-0.287876830433131
3.024,-0.7,-0.287344364791691
3.025,-0.7,-0.286810532648169
3.026,-0.7,-0.28627534167337
3.027,-0.7,-0.285738799543439
3.028,-0.7,-0.285200913939649
3.029,-0.7,-0.284661692548175
3.03,-0.7,-0.284121143059882
3.031,-0.7,-0.283579273170104
3.032,-0.7,-0.283036090578427
3.033,-0.7,-0.282491602988471
3.034,-0.7,-0.281945818107677
3.035,-0.7,-0.281398743647088
3.036,-0.7,-0.280850387321135
3.037,-0.7,-0.280300756847422
3.038,-0.7,-0.279749859946512
3.039,-0.7,-0.279197704341714
3.04,-0.7,-0.278644297758868
3.041,-0.7,-0.278089647926136
3.042,-0.7,-0.277533762573785
3.043,-0.7,-0.27697664943398
3.044,-0.7,-0.276418316240573
3.045,-0.7,-0.275858770728889
3.046,-0.7,-0.275298020635522
3.047,-0.7,-0.27473607369812
3.048,-0.7,-0.274172937655184
3.049,-0.7,-0.273608620245854
3.05,-0.7,-0.273043129209704
3.051,-0.7,-0.272476472286538
3.052,-0.7,-0.271908657216181
3.053,-0.7,-0.271339691738275
3.054,-0.7,-0.270769583592078
3.055,-0.7,-0.270198340516255
3.056,-0.7,-0.269625970248677
3.057,-0.7,-0.269052480526221
3.058,-0.7,-0.268477879084567
3.059,-0.7,-0.267902173657996
3.06,-0.7,-0.267325371979189
3.061,-0.7,-0.266747481779033
3.062,-0.7,-0.266168510786417
3.063,-0.7,-0.265588466728035
3.064,-0.7,-0.265007357328189
3.065,-0.7,-0.264425190308597
3.066,-0.7,-0.263841973388188
3.067,-0.7,-0.263257714282917
3.068,-0.7,-0.262672420705565
3.069,-0.7,-0.262086100365544
3.07,-0.7,-0.261498760968712
3.071,-0.7,-0.260910410217174
3.072,-0.7,-0.260321055809094
3.073,-0.7,-0.259730705438504
3.074,-0.7,-0.259139366795115
3.075,-0.7,-0.258547047564128
3.076,-0.7,-0.257953755426049
3.077,-0.7,-0.257359498056496
3.078,-0.7,-0.256764283126018
3.079,-0.7,-0.256168118299908
3.08,-0.7,-0.25557101123802
3.081,-0.7,-0.254972969594581
3.082,-0.7,-0.254374001018014
3.083,-0.7,-0.253774113150752
3.084,-0.7,-0.253173313629059
3.085,-0.7,-0.252571610082849
3.086,-0.7,-0.251969010135505
3.087,-0.7,-0.251365521403706
3.088,-0.7,-0.250761151497242
3.089,-0.7,-0.250155908018844
3.09,-0.7,-0.249549798564003
3.091,-0.7,-0.248942830720798
3.092,-0.7,-0.248335012069723
3.093,-0.7,-0.24772635018351
3.094,-0.7,-0.24711685262696
3.095,-0.7,-0.246506526956772
3.096,-0.7,-0.245895380721369
3.097,-0.7,-0.245283421460733
3.098,-0.7,-0.244670656706233
3.099,-0.7,-0.244057093980459
3.1,-0.7,-0.243442740797056
3.101,-0.7,-0.242827604660557
3.102,-0.7,-0.242211693066218
3.103,-0.7,-0.241595013499855
3.104,-0.7,-0.240977573437682
3.105,-0.7,-0.240359380346146
3.106,-0.7,-0.239740441681767
3.107,-0.7,-0.239120764890983
3.108,-0.7,-0.238500357409982
3.109,-0.7,-0.237879226664551
3.11,-0.7,-0.237257380069915
3.111,-0.7,-0.236634825030583
3.112,-0.7,-0.236011568940192
3.113,-0.7,-0.235387619181351
3.114,-0.7,-0.234762983125491
3.115,-0.7,-0.23413766813271
3.116,-0.7,-0.233511681551622
3.117,-0.7,-0.232885030719209
3.118,-0.7,-0.23225772296067
3.119,-0.7,-0.231629765589269
3.12,-0.7,-0.231001165906195
3.121,-0.7,-0.230371931200411
3.122,-0.7,-0.229742068748507
3.123,-0.7,-0.229111585814561
3.124,-0.7,-0.22848048964999
3.125,-0.7,-0.227848787493412
3.126,-0.7,-0.227216486570502
3.127,-0.7,-0.226583594093852
3.128,-0.7,-0.225950117262832
3.129,-0.7,-0.225316063263453
3.13,-0.7,-0.224681439268227
3.131,-0.7,-0.224046252436031
3.132,-0.7,-0.223410509911975
3.133,-0.7,-0.222774218827264
3.134,-0.7,-0.222137386299065
3.135,-0.7,-0.221500019430377
3.136,-0.7,-0.220862125309897
3.137,-0.7,-0.220223711011894
3.138,-0.7,-0.219584783596074
3.139,-0.7,-0.218945350107455
3.14,-0.7,-0.218305417576242
3.141,-0.7,-0.217664993017696
3.142,-0.7,-0.217024083432012
3.143,-0.7,-0.216382695804194
3.144,-0.7,-0.215740837103933
3.145,-0.7,-0.215098514285482
3.146,-0.7,-0.21445573428754
3.147,-0.7,-0.213812504033127
3.148,-0.7,-0.213168830429467
3.149,-0.7,-0.212524720367871
3.15,-0.7,-0.211880180723618
3.151,-0.7,-0.211235218355844
3.152,-0.7,-0.210589840107418
3.153,-0.7,-0.209944052804838
3.154,-0.7,-0.209297863258112
3.155,-0.7,-0.208651278260649
3.156,-0.7,-0.208004304589146
3.157,-0.7,-0.207356949003483
3.158,-0.7,-0.206709218246607
3.159,-0.7,-0.206061119044431
3.16,-0.7,-0.205412658105724
3.161,-0.7,-0.204763842122008
3.162,-0.7,-0.204114677767448
3.163,-0.7,-0.203465171698756
3.164,-0.7,-0.202815330555082
3.165,-0.7,-0.202165160957918
3.166,-0.7,-0.201514669510992
3.167,-0.7,-0.200863862800173
3.168,-0.7,-0.20021274739337
3.169,-0.7,-0.199561329840437
3.17,-0.7,-0.198909616673073
3.171,-0.7,-0.198257614404733
3.172,-0.7,-0.197605329530525
3.173,-0.7,-0.196952768527123
3.174,-0.7,-0.196299937852676
3.175,-0.7,-0.195646843946709
3.176,-0.7,-0.194993493230042
3.177,-0.7,-0.194339892104693
3.178,-0.7,-0.193686046953795
3.179,-0.7,-0.193031964141507
3.18,-0.7,-0.192377650012927
3.181,-0.7,-0.19172311089401
3.182,-0.7,-0.191068353091478
3.183,-0.7,-0.190413382892742
3.184,-0.7,-0.18975820656582
3.185,-0.7,-0.189102830359252
3.186,-0.7,-0.188447260502021
3.187,-0.7,-0.187791503203478
3.188,-0.7,-0.187135564653258
3.189,-0.7,-0.186479451021207
3.19,-0.7,-0.185823168457303
3.191,-0.7,-0.185166723091584
3.192,-0.7,-0.184510121034069
3.193,-0.7,-0.183853368374692
3.194,-0.7,-0.183196471183222
3.195,-0.7,-0.182539435509198
3.196,-0.7,-0.181882267381854
3.197,-0.7,-0.181224972810053
3.198,-0.7,-0.180567557782219
3.199,-0.7,-0.179910028266265
3.2,-0.7,-0.179252390209534
3.201,-0.7,-0.178594649538726
3.202,-0.7,-0.17793681215984
3.203,-0.7,-0.177278883958107
3.204,-0.7,-0.176620870797928
3.205,-0.7,-0.175962778522813
3.206,-0.7,-0.17530461295532
3.207,-0.7,-0.174646379896998
3.208,-0.7,-0.173988085128323
3.209,-0.7,-0.173329734408646
3.21,-0.7,-0.172671333476131
3.211,-0.7,-0.172012888047705
3.212,-0.7,-0.171354403818999
3.213,-0.7,-0.170695886464293
3.214,-0.7,-0.170037341636468
3.215,-0.7,-0.16937877496695
3.216,-0.7,-0.16872019206566
3.217,-0.7,-0.168061598520964
3.218,-0.7,-0.167402999899623
3.219,-0.7,-0.166744401746746
3.22,-0.7,-0.16608580958574
3.221,-0.7,-0.165427228918269
3.222,-0.7,-0.164768665224201
3.223,-0.7,-0.164110123961567
3.224,-0.7,-0.163451610566521
3.225,-0.7,-0.162793130453289
3.226,-0.7,-0.162134689014133
3.227,-0.7,-0.161476291619308
3.228,-0.7,-0.160817943617023
3.229,-0.7,-0.160159650333399
3.23,-0.7,-0.159501417072433
3.231,-0.7,-0.158843249115959
3.232,-0.7,-0.158185151723614
3.233,-0.7,-0.157527130132799
3.234,-0.7,-0.156869189558643
3.235,-0.7,-0.156211335193975
3.236,-0.7,-0.155553572209285
3.237,-0.7,-0.154895905752694
3.238,-0.7,-0.154238340949921
3.239,-0.7,-0.153580882904256
3.24,-0.7,-0.152923536696527
3.241,-0.7,-0.152266307385069
3.242,-0.7,-0.151609200005702
3.243,-0.7,-0.150952219571701
3.244,-0.7,-0.150295371073765
3.245,-0.7,-0.14963865948
3.246,-0.7,-0.148982089735886
3.247,-0.7,-0.148325666764259
3.248,-0.7,-0.147669395465286
3.249,-0.7,-0.14701328071644
3.25,-0.7,-0.146357327372483
3.251,-0.7,-0.145701540265441
3.252,-0.7,-0.145045924204589
3.253,-0.7,-0.144390483976426
3.254,-0.7,-0.143735224344663
3.255,-0.7,-0.143080150050199
3.256,-0.7,-0.14242526581111
3.257,-0.7,-0.14177057632263
3.258,-0.7,-0.141116086257137
3.259,-0.7,-0.140461800264136
3.26,-0.7,-0.13980772297025
3.261,-0.7,-0.139153858979204
3.262,-0.7,-0.138500212871813
3.263,-0.7,-0.137846789205971
3.264,-0.7,-0.137193592516641
3.265,-0.7,-0.136540627315846
3.266,-0.7,-0.135887898092658
3.267,-0.7,-0.135235409313189
3.268,-0.7,-0.134583165420586
3.269,-0.7,-0.133931170835025
3.27,-0.7,-0.133279429953698
3.271,-0.7,-0.132627947150818
3.272,-0.7,-0.131976726777604
3.273,-0.7,-0.131325773162285
3.274,-0.7,-0.130675090610092
3.275,-0.7,-0.130024683403256
3.276,-0.7,-0.129374555801011
3.277,-0.7,-0.128724712039584
3.278,-0.7,-0.128075156332202
3.279,-0.7,-0.12742589286909
3.28,-0.7,-0.126776925817471
3.281,-0.7,-0.126128259321568
3.282,-0.7,-0.125479897502608
3.283,-0.7,-0.12483184445882
3.284,-0.7,-0.124184104265446
3.285,-0.7,-0.123536680974739
3.286,-0.7,-0.122889578615971
3.287,-0.7,-0.122242801195438
3.288,-0.7,-0.121596352696466
3.289,-0.7,-0.120950237079418
3.29,-0.7,-0.120304458281701
3.291,-0.7,-0.119659020217777
3.292,-0.7,-0.119013926779165
3.293,-0.7,-0.11836918183446
3.294,-0.7,-0.117724789229336
3.295,-0.7,-0.117080752786557
3.296,-0.7,-0.116437076305992
3.297,-0.7,-0.115793763564626
3.298,-0.7,-0.115150818316568
3.299,-0.7,-0.114508244293071
3.3,-0.7,-0.113866045202541
3.301,-0.7,-0.113224224730551
3.302,-0.7,-0.112582786539859
3.303,-0.7,-0.111941734270423
3.304,-0.7,-0.111301071539413
3.305,-0.7,-0.110660801941234
3.306,-0.7,-0.110020929047538
3.307,-0.7,-0.109381456407244
3.308,-0.7,-0.108742387546556
3.309,-0.7,-0.108103725968981
3.31,-0.7,-0.10746547515535
3.311,-0.7,-0.106827638563839
3.312,-0.7,-0.106190219629984
3.313,-0.7,-0.10555322176671
3.314,-0.7,-0.104916648364346
3.315,-0.7,-0.10428050279065
3.316,-0.7,-0.103644788390833
3.317,-0.7,-0.103009508487578
3.318,-0.7,-0.102374666381068
3.319,-0.7,-0.101740265349008
3.32,-0.7,-0.10110630864665
3.321,-0.7,-0.10047279950682
3.322,-0.7,-0.0998397411399395
3.323,-0.7,-0.0992071367340569
3.324,-0.7,-0.0985749894548707
3.325,-0.7,-0.0979433024457577
3.326,-0.7,-0.0973120788278012
3.327,-0.7,-0.0966813216998185
3.328,-0.7,-0.0960510341383899
3.329,-0.7,-0.0954212191978879
3.33,-0.7,-0.0947918799105062
3.331,-0.7,-0.0941630192862906
3.332,-0.7,-0.0935346403131688
3.333,-0.7,-0.0929067459569817
3.334,-0.7,-0.0922793391615148
3.335,-0.7,-0.0916524228485296
3.336,-0.7,-0.0910259999177967
3.337,-0.7,-0.0904000732471278
3.338,-0.7,-0.089774645692409
3.339,-0.7,-0.0891497200876347
3.34,-0.7,-0.0885252992449412
3.341,-0.7,-0.0879013859546414
3.342,-0.7,-0.0872779829852593
3.343,-0.7,-0.0866550930835655
3.344,-0.7,-0.086032718974613
3.345,-0.7,-0.0854108633617725
3.346,-0.7,-0.0847895289267699
3.347,-0.7,-0.0841687183297221
3.348,-0.7,-0.0835484342091749
3.349,-0.7,-0.0829286791821403
3.35,-0.7,-0.0823094558441344
3.351,-0.7,-0.0816907667692162
3.352,-0.7,-0.0810726145100257
3.353,-0.7,-0.0804550015978234
3.354,-0.7,-0.0798379305425296
3.355,-0.7,-0.0792214038327644
3.356,-0.7,-0.0786054239358874
3.357,-0.7,-0.0779899932980387
3.358,-0.7,-0.0773751143441796
3.359,-0.7,-0.0767607894781337
3.36,-0.7,-0.0761470210826284
3.361,-0.7,-0.0755338115193371
3.362,-0.7,-0.0749211631289209
3.363,-0.7,-0.0743090782310716
3.364,-0.7,-0.0736975591245541
3.365,-0.7,-0.07308660808725
3.366,-0.7,-0.0724762273762007
3.367,-0.7,-0.0718664192276515
3.368,-0.7,-0.0712571858570954
3.369,-0.7,-0.0706485294593177
3.37,-0.7,-0.0700404522084406
3.371,-0.7,-0.0694329562579682
3.372,-0.7,-0.0688260437408315
3.373,-0.7,-0.0682197167694347
3.374,-0.7,-0.0676139774357002
3.375,-0.7,-0.0670088278111151
3.376,-0.7,-0.0664042699467777
3.377,-0.7,-0.0658003058734438
3.378,-0.7,-0.0651969376015739
3.379,-0.7,-0.0645941671213804
3.38,-0.7,-0.0639919964028749
3.381,-0.7,-0.063390427395916
3.382,-0.7,-0.062789462030257
3.383,-0.7,-0.0621891022155945
3.384,-0.7,-0.0615893498416167
3.385,-0.7,-0.0609902067780517
3.386,-0.7,-0.060391674874717
3.387,-0.7,-0.0597937559615682
3.388,-0.7,-0.0591964518487488
3.389,-0.7,-0.0585997643266392
3.39,-0.7,-0.058003695165907
3.391,-0.7,-0.0574082461175569
3.392,-0.7,-0.056813418912981
3.393,-0.7,-0.0562192152640091
3.394,-0.7,-0.0556256368629594
3.395,-0.7,-0.0550326853826897
3.396,-0.7,-0.0544403624766478
3.397,-0.7,-0.0538486697789235
3.398,-0.7,-0.0532576089042995
3.399,-0.7,-0.0526671814483033
3.4,-0.7,-0.0520773889872591
3.401,-0.7,-0.0514882330783394
3.402,-0.7,-0.0508997152596177
3.403,-0.7,-0.0503118370501205
3.404,-0.7,-0.0497245999498801
3.405,-0.7,-0.049138005439987
3.406,-0.7,-0.048552054982643
3.407,-0.7,-0.0479667500212141
3.408,-0.7,-0.0473820919802838
3.409,-0.7,-0.0467980822657062
3.41,-0.7,-0.0462147222646597
3.411,-0.7,-0.0456320133457006
3.412,-0.7,-0.0450499568588169
3.413,-0.7,-0.044468554135482
3.414,-0.7,-0.043887806488709
3.415,-0.7,-0.0433077152131048
3.416,-0.7,-0.0427282815849243
3.417,-0.7,-0.0421495068621253
3.418,-0.7,-0.0415713922844223
3.419,-0.7,-0.0409939390733418
3.42,-0.7,-0.0404171484322771
3.421,-0.7,-0.0398410215465427
3.422,-0.7,-0.03926555958343
3.423,-0.7,-0.038690763692262
3.424,-0.7,-0.0381166350044487
3.425,-0.7,-0.0375431746335424
3.426,-0.7,-0.0369703836752932
3.427,-0.7,-0.0363982632077045
3.428,-0.7,-0.0358268142910888
3.429,-0.7,-0.0352560379681231
3.43,-0.7,-0.0346859352639051
3.431,-0.7,-0.0341165071860088
3.432,-0.7,-0.0335477547245407
3.433,-0.7,-0.0329796788521956
3.434,-0.7,-0.0324122805243131
3.435,-0.7,-0.0318455606789334
3.436,-0.7,-0.0312795202368539
3.437,-0.7,-0.0307141601016855
3.438,-0.7,-0.0301494811599088
3.439,-0.7,-0.0295854842809308
3.44,-0.7,-0.0290221703171411
3.441,-0.7,-0.0284595401039691
3.442,-0.7,-0.02789759445994
3.443,-0.7,-0.0273363341867318
3.444,-0.7,-0.0267757600692319
3.445,-0.7,-0.0262158728755939
3.446,-0.7,-0.0256566733572948
3.447,-0.7,-0.025098162249191
3.448,-0.7,-0.0245403402695762
3.449,-0.7,-0.0239832081202374
3.45,-0.7,-0.0234267664865126
3.451,-0.7,-0.0228710160373473
3.452,-0.7,-0.0223159574253519
3.453,-0.7,-0.0217615912868582
3.454,-0.7,-0.021207918241977
3.455,-0.7,-0.0206549388946548
3.456,-0.7,-0.0201026538327312
3.457,-0.7,-0.0195510636279958
3.458,-0.7,-0.019000168836245
3.459,-0.7,-0.01844996999734
3.46,-0.7,-0.017900467635263
3.461,-0.7,-0.0173516622581748
3.462,-0.7,-0.0168035543584718
3.463,-0.7,-0.0162561444128432
3.464,-0.7,-0.0157094328823281
3.465,-0.7,-0.0151634202123726
3.466,-0.7,-0.0146181068328866
3.467,-0.7,-0.0140734931583017
3.468,-0.7,-0.0135295795876274
3.469,-0.7,-0.0129863665045085
3.47,-0.7,-0.0124438542772823
3.471,-0.7,-0.0119020432590355
3.472,-0.7,-0.0113609337876612
3.473,-0.7,-0.0108205261859158
3.474,-0.7,-0.0102808207614759
3.475,-0.7,-0.00974181780699567
3.476,-0.7,-0.00920351760016306
3.477,-0.7,-0.00866592040375717
3.478,-0.7,-0.00812902646570483
3.479,-0.7,-0.00759283601913746
3.48,-0.7,-0.00705734928244777
3.481,-0.7,-0.00652256645934648
3.482,-0.7,-0.00598848773891895
3.483,-0.7,-0.00545511329568179
3.484,-0.7,-0.00492244328963943
3.485,-0.7,-0.0043904778663406
3.486,-0.7,-0.00385921715693481
3.487,-0.7,-0.00332866127822872
3.488,-0.7,-0.00279881033274248
3.489,-0.7,-0.00226966440876606
3.49,-0.7,-0.00174122358041539
3.491,-0.7,-0.00121348790768859
3.492,-0.7,-0.000686457436522026
3.493,-0.7,-0.000160132198846354
3.494,-0.7,0.000365487787357536
3.495,-0.7,0.000890402518002623
3.496,-0.7,0.00141461199616087
3.497,-0.7,0.00193811621240392
3.498,-0.7,0.00246091514357663
3.499,-0.7,0.00298300875285266
3.5,-0.7,0.00350439698979002
3.501,-0.7,0.00402507979038648
3.502,-0.7,0.00454505707713498
3.503,-0.7,0.00506432875907893
3.504,-0.7,0.00558289473186746
3.505,-0.7,0.00610075487781062
3.506,-0.7,0.00661790906593448
3.507,-0.7,0.00713435715203621
3.508,-0.7,0.00765009897873906
3.509,-0.7,0.00816513437554735
3.51,-0.7,0.00867946315890131
3.511,-0.7,0.00919308513223196
3.512,-0.7,0.00970600008601585
3.513,-0.7,0.0102182077978298
3.514,-0.7,0.0107297080324058
3.515,-0.7,0.0112405005416851
3.516,-0.7,0.0117505850648735
3.517,-0.7,0.0122599613284953
3.518,-0.7,0.0127686290464483
3.519,-0.7,0.0132765879200578
3.52,-0.7,0.0137838376381313
3.521,-0.7,0.014290377877013
3.522,-0.7,0.0147962083006378
3.523,-0.7,0.0153013285605859
3.524,-0.7,0.0158057382961369
3.525,-0.7,0.0163094371343241
3.526,-0.7,0.0168124246899889
3.527,-0.7,0.0173147005658346
3.528,-0.7,0.017816264352481
3.529,-0.7,0.0183171156285181
3.53,-0.7,0.0188172539605606
3.531,-0.7,0.0193166789033016
3.532,-0.7,0.019815389999567
3.533,-0.7,0.0203133867803694
3.534,-0.7,0.0208106687649619
3.535,-0.7,0.0213072354608926
3.536,-0.7,0.0218030863640579
3.537,-0.7,0.0222982209587571
3.538,-0.7,0.022792638717746
3.539,-0.7,0.0232863391022908
3.54,-0.7,0.0237793215622223
3.541,-0.7,0.0242715855359895
3.542,-0.7,0.0247631304507136
3.543,-0.7,0.025253955722242
3.544,-0.7,0.0257440607552018
3.545,-0.7,0.0262334449430544
3.546,-0.7,0.0267221076681485
3.547,-0.7,0.0272100483017745
3.548,-0.7,0.0276972662042182
3.549,-0.7,0.0281837607248146
3.55,-0.7,0.028669531202002
3.551,-0.7,0.0291545769633754
3.552,-0.7,0.0296388973257407
3.553,-0.7,0.0301224915951684
3.554,-0.7,0.0306053590670476
3.555,-0.7,0.0310874990261395
3.556,-0.7,0.0315689107466318
3.557,-0.7,0.0320495934921919
3.558,-0.7,0.0325295465160215
3.559,-0.7,0.0330087690609097
3.56,-0.7,0.0334872603592876
3.561,-0.7,0.0339650196332817
3.562,-0.7,0.0344420460947678
3.563,-0.7,0.0349183389454253
3.564,-0.7,0.0353938973767909
3.565,-0.7,0.0358687205703123
3.566,-0.7,0.0363428076974024
3.567,-0.7,0.0368161579194934
3.568,-0.7,0.0372887703880904
3.569,-0.7,0.0377606442448257
3.57,-0.7,0.0382317786215124
3.571,-0.7,0.038702172640199
3.572,-0.7,0.039171825413223
3.573,-0.7,0.0396407360432651
3.574,-0.7,0.0401089036234032
3.575,-0.7,0.0405763272371667
3.576,-0.7,0.0410430059585903
3.577,-0.7,0.0415089388522684
3.578,-0.7,0.0419741249734091
3.579,-0.7,0.0424385633678885
3.58,-0.7,0.0429022530723048
3.581,-0.7,0.0433651931140324
3.582,-0.7,0.0438273825112767
3.583,-0.7,0.0442888202731277
3.584,-0.7,0.0447495053996147
3.585,-0.7,0.0452094368817603
3.586,-0.7,0.0456686137016352
3.587,-0.7,0.0461270348324124
3.588,-0.7,0.0465846992384214
3.589,-0.7,0.0470416058752027
3.59,-0.7,0.0474977536895626
3.591,-0.7,0.0479531416196272
3.592,-0.7,0.0484077685948974
3.593,-0.7,0.0488616335363031
3.594,-0.7,0.0493147353562579
3.595,-0.7,0.0497670729587137
3.596,-0.7,0.0502186452392153
3.597,-0.7,0.0506694510849554
3.598,-0.7,0.0511194893748288
3.599,-0.7,0.0515687589794874
3.6,-0.7,0.0520172587613952
3.601,-0.7,0.0524649875748825
3.602,-0.7,0.0529119442662016
3.603,-0.7,0.0533581276735806
3.604,-0.7,0.0538035366272795
3.605,-0.7,0.054248169949644
3.606,-0.7,0.0546920264551616
3.607,-0.7,0.0551351049505154
3.608,-0.7,0.0555774042346404
3.609,-0.7,0.0560189230987776
3.61,-0.7,0.0564596603265297
3.611,-0.7,0.0568996146939158
3.612,-0.7,0.0573387849694271
3.613,-0.7,0.0577771699140819
3.614,-0.7,0.0582147682814807
3.615,-0.7,0.0586515788178617
3.616,-0.7,0.0590876002621562
3.617,-0.7,0.0595228313460439
3.618,-0.7,0.059957270794008
3.619,-0.7,0.0603909173233914
3.62,-0.7,0.0608237696444515
3.621,-0.7,0.061255826460416
3.622,-0.7,0.0616870864675385
3.623,-0.7,0.0621175483551541
3.624,-0.7,0.0625472108057348
3.625,-0.7,0.0629760724949457
3.626,-0.7,0.0634041320917002
3.627,-0.7,0.0638313882582161
3.628,-0.7,0.0642578396500711
3.629,-0.7,0.0646834849162591
3.63,-0.7,0.0651083226992454
3.631,-0.7,0.0655323516350235
3.632,-0.7,0.06595557035317
3.633,-0.7,0.0663779774769016
3.634,-0.7,0.0667995716231305
3.635,-0.7,0.0672203514025205
3.636,-0.7,0.0676403154195435
3.637,-0.7,0.0680594622725353
3.638,-0.7,0.0684777905537518
3.639,-0.7,0.0688952988494254
3.64,-0.7,0.069311985739821
3.641,-0.7,0.0697278497992926
3.642,-0.7,0.0701428895963395
3.643,-0.7,0.0705571036936625
3.644,-0.7,0.0709704906482204
3.645,-0.7,0.0713830490112868
3.646,-0.7,0.071794777328506
3.647,-0.7,0.0722056741399498
3.648,-0.7,0.0726157379801742
3.649,-0.7,0.0730249673782758
3.65,-0.7,0.0734333608579484
3.651,-0.7,0.0738409169375396
3.652,-0.7,0.0742476341301079
3.653,-0.7,0.0746535109434788
3.654,-0.7,0.0750585458803023
3.655,-0.7,0.0754627374381091
3.656,-0.7,0.0758660841093675
3.657,-0.7,0.0762685843815406
3.658,-0.7,0.0766702367371431
3.659,-0.7,0.077071039653798
3.66,-0.7,0.0774709916042936
3.661,-0.7,0.0778700910566409
3.662,-0.7,0.0782683364741302
3.663,-0.7,0.0786657263153882
3.664,-0.7,0.0790622590344355
3.665,-0.7,0.0794579330807432
3.666,-0.7,0.0798527468992903
3.667,-0.7,0.080246698930621
3.668,-0.7,0.0806397876109018
3.669,-0.7,0.0810320113719784
3.67,-0.7,0.0814233686414338
3.671,-0.7,0.0818138578426449
3.672,-0.7,0.0822034773948399
3.673,-0.7,0.082592225713156
3.674,-0.7,0.0829801012086965
3.675,-0.7,0.0833671022885884
3.676,-0.7,0.0837532273560396
3.677,-0.7,0.0841384748103965
3.678,-0.7,0.0845228430472015
3.679,-0.7,0.0849063304582506
3.68,-0.7,0.0852889354316506
3.681,-0.7,0.0856706563518771
3.682,-0.7,0.0860514915998318
3.683,-0.7,0.0864314395528999
3.684,-0.7,0.0868104985850084
3.685,-0.7,0.0871886670666829
3.686,-0.7,0.0875659433651061
3.687,-0.7,0.0879423258441746
3.688,-0.7,0.0883178128645574
3.689,-0.7,0.0886924027837531
3.69,-0.7,0.0890660939561479
3.691,-0.7,0.0894388847330732
3.692,-0.7,0.0898107734628634
3.693,-0.7,0.0901817584909138
3.694,-0.7,0.0905518381597381
3.695,-0.7,0.0909210108090266
3.696,-0.7,0.0912892747757038
3.697,-0.7,0.0916566283939862
3.698,-0.7,0.0920230699954401
3.699,-0.7,0.0923885979090398
3.7,-0.7,0.0927532104612251
3.701,-0.7,0.0931169059759593
3.702,-0.7,0.093479682774787
3.703,-0.7,0.0938415391768923
3.704,-0.7,0.0942024734991563
3.705,-0.7,0.0945624840562152
3.706,-0.7,0.0949215691605182
3.707,-0.7,0.0952797271223853
3.708,-0.7,0.0956369562500656
3.709,-0.7,0.0959932548497946
3.71,-0.7,0.0963486212258525
3.711,-0.7,0.0967030536806223
3.712,-0.7,0.0970565505146472
3.713,-0.7,0.097409110026689
3.714,-0.7,0.0977607305137858
3.715,-0.7,0.0981114102713097
3.716,-0.7,0.0984611475930253
3.717,-0.7,0.0988099407711471
3.718,-0.7,0.0991577880963975
3.719,-0.7,0.0995046878580647
3.72,-0.7,0.0998506383440608
3.721,-0.7,0.100195637840979
3.722,-0.7,0.100539684634154
3.723,-0.7,0.100882777007714
3.724,-0.7,0.101224913244646
3.725,-0.7,0.101566091626848
3.726,-0.7,0.101906310435189
3.727,-0.7,0.102245567949569
3.728,-0.7,0.10258386244897
3.729,-0.7,0.102921192211523
3.73,-0.7,0.103257555514557
3.731,-0.7,0.103592950634662
3.732,-0.7,0.103927375847748
3.733,-0.7,0.104260829429095
3.734,-0.7,0.104593309653421
3.735,-0.7,0.10492481479493
3.736,-0.7,0.105255343127378
3.737,-0.7,0.105584892924123
3.738,-0.7,0.105913462458188
3.739,-0.7,0.106241050002318
3.74,-0.7,0.106567653829035
3.741,-0.7,0.106893272210695
3.742,-0.7,0.107217903419551
3.743,-0.7,0.107541545727803
3.744,-0.7,0.107864197407662
3.745,-0.7,0.108185856731403
3.746,-0.7,0.108506521971423
3.747,-0.7,0.108826191400301
3.748,-0.7,0.109144863290852
3.749,-0.7,0.109462535916186
3.75,0.5,0.109779207549764
3.751,0.5,0.110094876465457
3.752,0.5,0.1104107409376
3.753,0.5,0.110726799229052
3.754,0.5,0.111043049596629
3.755,0.5,0.111359490291101
3.756,0.5,0.111676119557194
3.757,0.5,0.111992935633592
3.758,0.5,0.112309936752938
3.759,0.5,0.112627121141831
3.76,0.5,0.112944487020834
3.761,0.5,0.113262032604467
3.762,0.5,0.113579756101216
3.763,0.5,0.113897655713528
3.764,0.5,0.11421572963782
3.765,0.5,0.114533976064474
3.766,0.5,0.11485239317784
3.767,0.5,0.115170979156244
3.768,0.5,0.115489732171982
3.769,0.5,0.115808650391329
3.77,0.5,0.116127731974539
3.771,0.5,0.116446975075844
3.772,0.5,0.116766377843465
3.773,0.5,0.117085938419609
3.774,0.5,0.117405654940472
3.775,0.5,0.117725525536245
3.776,0.5,0.118045548331117
3.777,0.5,0.118365721443277
3.778,0.5,0.118686042984919
3.779,0.5,0.119006511062245
3.78,0.5,0.11932712377547
3.781,0.5,0.119647879218827
3.782,0.5,0.119968775480567
3.783,0.5,0.120289810642969
3.784,0.5,0.120610982782343
3.785,0.5,0.120932289969032
3.786,0.5,0.121253730267419
3.787,0.5,0.121575301735935
3.788,0.5,0.121897002427058
3.789,0.5,0.122218830387325
3.79,0.5,0.122540783657332
3.791,0.5,0.122862860271744
3.792,0.5,0.123185058259298
3.793,0.5,0.123507375642811
3.794,0.5,0.123829810439187
3.795,0.5,0.124152360659418
3.796,0.5,0.124475024308598
3.797,0.5,0.124797799385925
3.798,0.5,0.12512068388471
3.799,0.5,0.125443675792381
3.8,0.5,0.125766773090495
3.801,0.5,0.126089973754741
3.802,0.5,0.12641327575495
3.803,0.5,0.126736677055102
3.804,0.5,0.127060175613334
3.805,0.5,0.127383769381947
3.806,0.5,0.127707456307417
3.807,0.5,0.1280312343304
3.808,0.5,0.128355101385744
3.809,0.5,0.128679055402492
3.81,0.5,0.129003094303899
3.811,0.5,0.129327216007434
3.812,0.5,0.129651418424794
3.813,0.5,0.12997569946191
3.814,0.5,0.130300057018958
3.815,0.5,0.130624488990369
3.816,0.5,0.130948993264839
3.817,0.5,0.131273567725338
3.818,0.5,0.131598210249122
3.819,0.5,0.13192291870774
3.82,0.5,0.132247690967051
3.821,0.5,0.132572524887227
3.822,0.5,0.132897418322769
3.823,0.5,0.133222369122519
3.824,0.5,0.133547375129665
3.825,0.5,0.133872434181761
3.826,0.5,0.134197544110731
3.827,0.5,0.134522702742886
3.828,0.5,0.134847907898933
3.829,0.5,0.13517315739399
3.83,0.5,0.135498449037595
3.831,0.5,0.135823780633722
3.832,0.5,0.136149149980791
3.833,0.5,0.136474554871681
3.834,0.5,0.136799993093747
3.835,0.5,0.137125462428827
3.836,0.5,0.137450960653261
3.837,0.5,0.137776485537902
3.838,0.5,0.138102034848129
3.839,0.5,0.138427606343864
3.84,0.5,0.138753197779584
3.841,0.5,0.139078806904334
3.842,0.5,0.139404431461745
3.843,0.5,0.139730069190048
3.844,0.5,0.140055717822085
3.845,0.5,0.14038137508533
3.846,0.5,0.140707038701901
3.847,0.5,0.141032706388573
3.848,0.5,0.1413583758568
3.849,0.5,0.141684044812726
3.85,0.5,0.142009710957201
3.851,0.5,0.142335371985801
3.852,0.5,0.142661025588841
3.853,0.5,0.142986669451391
3.854,0.5,0.143312301253298
3.855,0.5,0.143637918669195
3.856,0.5,0.143963519368526
3.857,0.5,0.144289101015558
3.858,0.5,0.144614661269401
3.859,0.5,0.144940197784024
3.86,0.5,0.145265708208276
3.861,0.5,0.1455911901859
3.862,0.5,0.145916641355556
3.863,0.5,0.146242059350832
3.864,0.5,0.146567441800274
3.865,0.5,0.146892786327392
3.866,0.5,0.147218090550691
3.867,0.5,0.14754335208368
3.868,0.5,0.1478685685349
3.869,0.5,0.148193737507936
3.87,0.5,0.148518856601444
3.871,0.5,0.148843923409165
3.872,0.5,0.149168935519948
3.873,0.5,0.149493890517772
3.874,0.5,0.149818785981763
3.875,0.5,0.150143619486217
3.876,0.5,0.15046838860062
3.877,0.5,0.15079309088967
3.878,0.5,0.151117723913298
3.879,0.5,0.151442285226689
3.88,0.5,0.151766772380305
3.881,0.5,0.152091182919905
3.882,0.5,0.152415514386571
3.883,0.5,0.152739764316723
3.884,0.5,0.153063930242151
3.885,0.5,0.153388009690029
3.886,0.5,0.153712000182944
3.887,0.5,0.154035899238916
3.888,0.5,0.154359704371423
3.889,0.5,0.154683413089422
3.89,0.5,0.155007022897376
3.891,0.5,0.155330531295274
3.892,0.5,0.15565393577866
3.893,0.5,0.155977233838652
3.894,0.5,0.15630042296197
3.895,0.5,0.15662350063096
3.896,0.5,0.156946464323619
3.897,0.5,0.157269311513616
3.898,0.5,0.157592039670325
3.899,0.5,0.157914646258844
3.9,0.5,0.158237128740022
3.901,0.5,0.158559484570489
3.902,0.5,0.158881711202674
3.903,0.5,0.159203806084839
3.904,0.5,0.159525766661101
3.905,0.5,0.159847590371461
3.906,0.5,0.160169274651829
3.907,0.5,0.160490816934049
3.908,0.5,0.160812214645933
3.909,0.5,0.161133465211283
3.91,0.5,0.161454566049917
3.911,0.5,0.161775514577702
3.912,0.5,0.162096308206579
3.913,0.5,0.162416944344593
3.914,0.5,0.162737420395916
3.915,0.5,0.163057733760884
3.916,0.5,0.163377881836019
3.917,0.5,0.163697862014059
3.918,0.5,0.16401767168399
3.919,0.5,0.164337308231074
3.92,0.5,0.164656769036877
3.921,0.5,0.1649760514793
3.922,0.5,0.165295152932609
3.923,0.5,0.165614070767464
3.924,0.5,0.165932802350952
3.925,0.5,0.166251345046612
3.926,0.5,0.166569696214473
3.927,0.5,0.16688785321108
3.928,0.5,0.167205813389524
3.929,0.5,0.167523574099477
3.93,0.5,0.167841132687223
3.931,0.5,0.168158486495685
3.932,0.5,0.168475632864464
3.933,0.5,0.168792569129865
3.934,0.5,0.169109292624931
3.935,0.5,0.169425800679478
3.936,0.5,0.169742090620123
3.937,0.5,0.17005815977032
3.938,0.5,0.170374005450392
3.939,0.5,0.170689624977565
3.94,0.5,0.171005015665999
3.941,0.5,0.171320174826825
3.942,0.5,0.171635099768174
3.943,0.5,0.171949787795217
3.944,0.5,0.172264236210192
3.945,0.5,0.172578442312445
3.946,0.5,0.17289240339846
3.947,0.5,0.173206116761896
3.948,0.5,0.173519579693619
3.949,0.5,0.17383278948174
3.95,0.5,0.174145743411651
3.951,0.5,0.174458438766054
3.952,0.5,0.174770872825006
3.953,0.5,0.175083042865945
3.954,0.5,0.175394946163734
3.955,0.5,0.175706579990693
3.956,0.5,0.176017941616635
3.957,0.5,0.176329028308904
3.958,0.5,0.176639837332412
3.959,0.5,0.176950365949675
3.96,0.5,0.177260611420847
3.961,0.5,0.177570571003765
3.962,0.5,0.177880241953978
3.963,0.5,0.17818962152479
3.964,0.5,0.178498706967293
3.965,0.5,0.178807495530412
3.966,0.5,0.179115984460936
3.967,0.5,0.179424171003558
3.968,0.5,0.179732052400918
3.969,0.5,0.180039625893636
3.97,0.5,0.180346888720352
3.971,0.5,0.180653838117768
3.972,0.5,0.180960471320683
3.973,0.5,0.181266785562035
3.974,0.5,0.18157277807294
3.975,0.5,0.181878446082731
3.976,0.5,0.182183786818999
3.977,0.5,0.182488797507631
3.978,0.5,0.182793475372851
3.979,0.5,0.183097817637263
3.98,0.5,0.183401821521885
3.981,0.5,0.183705484246199
3.982,0.5,0.184008803028181
3.983,0.5,0.184311775084352
3.984,0.5,0.184614397629813
3.985,0.5,0.184916667878288
3.986,0.5,0.185218583042164
3.987,0.5,0.185520140332538
3.988,0.5,0.185821336959251
3.989,0.5,0.186122170130936
3.99,0.5,0.186422637055058
3.991,0.5,0.186722734937955
3.992,0.5,0.187022460984883
3.993,0.5,0.187321812400057
3.994,0.5,0.187620786386694
3.995,0.5,0.187919380147057
3.996,0.5,0.188217590882494
3.997,0.5,0.188515415793488
3.998,0.5,0.188812852079696
3.999,0.5,0.18910989693999
4,0.5,0.189406547572508
4.001,0.5,0.189702801174692
4.002,0.5,0.189998654943333
4.003,0.5,0.190294106074618
4.004,0.5,0.190589151764168
4.005,0.5,0.190883789207092
4.006,0.5,0.191178015598022
4.007,0.5,0.191471828131164
4.008,0.5,0.191765224000339
4.009,0.5,0.192058200399032
4.01,0.5,0.192350754520431
4.011,0.5,0.192642883557482
4.012,0.5,0.192934584702922
4.013,0.5,0.193225855149337
4.014,0.5,0.193516692089198
4.015,0.5,0.193807092714912
4.016,0.5,0.194097054218866
4.017,0.5,0.194386573793476
4.018,0.5,0.194675648631229
4.019,0.5,0.194964275924732
4.02,0.5,0.195252452866757
4.021,0.5,0.195540176650291
4.022,0.5,0.195827444468579
4.023,0.5,0.196114253515171
4.024,0.5,0.196400600983972
4.025,0.5,0.196686484069288
4.026,0.5,0.196971899965871
4.027,0.5,0.19725684586897
4.028,0.5,0.197541318974376
4.029,0.5,0.197825316478469
4.03,0.5,0.19810883557827
4.031,0.5,0.198391873471484
4.032,0.5,0.198674427356551
4.033,0.5,0.198956494432692
4.034,0.5,0.19923807189996
4.035,0.5,0.199519156959287
4.036,0.5,0.199799746812531
4.037,0.5,0.200079838662526
4.038,0.5,0.200359429713133
4.039,0.5,0.200638517169282
4.04,0.5,0.200917098237031
4.041,0.5,0.201195170123604
4.042,0.5,0.20147273003745
4.043,0.5,0.201749775188284
4.044,0.5,0.202026302787143
4.045,0.5,0.202302310046431
4.046,0.5,0.202577794179972
4.047,0.5,0.202852752403054
4.048,0.5,0.203127181932487
4.049,0.5,0.203401079986646
4.05,0.5,0.203674443785524
4.051,0.5,0.203947270550779
4.052,0.5,0.204219557505791
4.053,0.5,0.204491301875705
4.054,0.5,0.204762500887482
4.055,0.5,0.205033151769957
4.056,0.5,0.205303251753878
4.057,0.5,0.205572798071966
4.058,0.5,0.205841787958961
4.059,0.5,0.206110218651675
4.06,0.5,0.20637808738904
4.061,0.5,0.206645391412162
4.062,0.5,0.20691212796437
4.063,0.5,0.207178294291268
4.064,0.5,0.207443887640785
4.065,0.5,0.207708905263227
4.066,0.5,0.207973344411331
4.067,0.5,0.20823720234031
4.068,0.5,0.20850047630791
4.069,0.5,0.208763163574459
4.07,0.5,0.20902526140292
4.071,0.5,0.209286767058941
4.072,0.5,0.209547677810909
4.073,0.5,0.209807990929996
4.074,0.5,0.210067703690221
4.075,0.5,0.210326813368492
4.076,0.5,0.210585317244663
4.077,0.5,0.210843212601584
4.078,0.5,0.211100496725156
4.079,0.5,0.211357166904379
4.08,0.5,0.211613220431407
4.081,0.5,0.2118686546016
4.082,0.5,0.212123466713575
4.083,0.5,0.212377654069258
4.084,0.5,0.21263121397394
4.085,0.5,0.212884143736324
4.086,0.5,0.213136440668581
4.087,0.5,0.213388102086403
4.088,0.5,0.213639125309052
4.089,0.5,0.213889507659416
4.09,0.5,0.21413924646406
4.091,0.5,0.214388339053279
4.092,0.5,0.21463678276115
4.093,0.5,0.214884574925586
4.094,0.5,0.215131712888387
4.095,0.5,0.215378193995295
4.096,0.5,0.215624015596045
4.097,0.5,0.215869175044418
4.098,0.5,0.216113669698293
4.099,0.5,0.216357496919704
4.1,0.5,0.216600654074887
4.101,0.5,0.216843138534336
4.102,0.5,0.217084947672857
4.103,0.5,0.217326078869619
4.104,0.5,0.217566529508206
4.105,0.5,0.217806296976672
4.106,0.5,0.218045378667595
4.107,0.5,0.218283771978126
4.108,0.5,0.218521474310045
4.109,0.5,0.218758483069812
4.11,0.5,0.218994795668624
4.111,0.5,0.219230409522462
4.112,0.5,0.219465322052148
4.113,0.5,0.219699530683397
4.114,0.5,0.219933032846871
4.115,0.5,0.220165825978228
4.116,0.5,0.220397907518181
4.117,0.5,0.220629274912545
4.118,0.5,0.220859925612294
4.119,0.5,0.221089857073612
4.12,0.5,0.221319066757947
4.121,0.5,0.221547552132063
4.122,0.5,0.221775310668092
4.123,0.5,0.222002339843589
4.124,0.5,0.222228637141585
4.125,0.5,0.222454200050634
4.126,0.5,0.222679026064876
4.127,0.5,0.222903112684079
4.128,0.5,0.2231264574137
4.129,0.5,0.223349057764933
4.13,0.5,0.223570911254762
4.131,0.5,0.223792015406016
4.132,0.5,0.22401236774742
4.133,0.5,0.224231965813646
4.134,0.5,0.224450807145369
4.135,0.5,0.224668889289317
4.136,0.5,0.224886209798322
4.137,0.5,0.225102766231377
4.138,0.5,0.225318556153683
4.139,0.5,0.225533577136706
4.14,0.5,0.225747826758226
4.141,0.5,0.225961302602389
4.142,0.5,0.226174002259761
4.143,0.5,0.22638592332738
4.144,0.5,0.226597063408806
4.145,0.5,0.226807420114174
4.146,0.5,0.227016991060246
4.147,0.5,0.227225773870464
4.148,0.5,0.227433766174997
4.149,0.5,0.2276409656108
4.15,0.5,0.227847369821659
4.151,0.5,0.228052976458244
4.152,0.5,0.228257783178165
4.153,0.5,0.228461787646017
4.154,0.5,0.228664987533435
4.155,0.5,0.228867380519144
4.156,0.5,0.22906896428901
4.157,0.5,0.229269736536091
4.158,0.5,0.22946969496069
4.159,0.5,0.229668837270402
4.16,0.5,0.229867161180168
4.161,0.5,0.230064664412326
4.162,0.5,0.230261344696656
4.163,0.5,0.230457199770438
4.164,0.5,0.230652227378497
4.165,0.5,0.230846425273258
4.166,0.5,0.231039791214789
4.167,0.5,0.23123232297086
4.168,0.5,0.231424018316985
4.169,0.5,0.231614875036477
4.17,0.5,0.231804890920495
4.171,0.5,0.231994063768096
4.172,0.5,0.232182391386282
4.173,0.5,0.232369871590052
4.174,0.5,0.232556502202448
4.175,0.5,0.232742281054607
4.176,0.5,0.232927205985809
4.177,0.5,0.233111274843527
4.178,0.5,0.233294485483475
4.179,0.5,0.233476835769655
4.18,0.5,0.233658323574408
4.181,0.5,0.233838946778462
4.182,0.5,0.234018703270979
4.183,0.5,0.234197590949606
4.184,0.5,0.234375607720519
4.185,0.5,0.234552751498474
4.186,0.5,0.234729020206854
4.187,0.5,0.234904411777716
4.188,0.5,0.235078924151839
4.189,0.5,0.235252555278772
4.19,0.5,0.235425303116879
4.191,0.5,0.235597165633388
4.192,0.5,0.235768140804438
4.193,0.5,0.235938226615126
4.194,0.5,0.23610742105955
4.195,0.5,0.236275722140859
4.196,0.5,0.236443127871301
4.197,0.5,0.236609636272264
4.198,0.5,0.236775245374325
4.199,0.5,0.236939953217296
4.2,0.5,0.237103757850268
4.201,0.5,0.237266657331657
4.202,0.5,0.237428649729252
4.203,0.5,0.237589733120256
4.204,0.5,0.237749905591333
4.205,0.5,0.237909165238654
4.206,0.5,0.238067510167938
4.207,0.5,0.238224938494499
4.208,0.5,0.238381448343293
4.209,0.5,0.238537037848955
4.21,0.5,0.238691705155849
4.211,0.5,0.23884544841811
4.212,0.5,0.238998265799685
4.213,0.5,0.239150155474381
4.214,0.5,0.239301115625903
4.215,0.5,0.239451144447902
4.216,0.5,0.239600240144015
4.217,0.5,0.239748400927906
4.218,0.5,0.239895625023313
4.219,0.5,0.240041910664085
4.22,0.5,0.240187256094227
4.221,0.5,0.240331659567944
4.222,0.5,0.240475119349676
4.223,0.5,0.240617633714146
4.224,0.5,0.240759200946396
4.225,0.5,0.240899819341832
4.226,0.5,0.241039487206264
4.227,0.5,0.241178202855943
4.228,0.5,0.241315964617606
4.229,0.5,0.241452770828512
4.23,0.5,0.241588619836488
4.231,0.5,0.241723509999959
4.232,0.5,0.241857439687998
4.233,0.5,0.241990407280358
4.234,0.5,0.242122411167514
4.235,0.5,0.2422534497507
4.236,0.5,0.242383521441951
4.237,0.5,0.242512624664137
4.238,0.5,0.242640757851005
4.239,0.5,0.242767919447212
4.24,0.5,0.242894107908369
4.241,0.5,0.243019321701074
4.242,0.5,0.243143559302949
4.243,0.5,0.24326681920268
4.244,0.5,0.243389099900052
4.245,0.5,0.243510399905983
4.246,0.5,0.243630717742566
4.247,0.5,0.243750051943099
4.248,0.5,0.243868401052124
4.249,0.5,0.243985763625462
4.25,0.5,0.244102138230249
4.251,0.5,0.244217523444968
4.252,0.5,0.244331917859488
4.253,0.5,0.244445320075095
4.254,0.5,0.244557728704528
4.255,0.5,0.244669142372012
4.256,0.5,0.244779559713292
4.257,0.5,0.244888979375669
4.258,0.5,0.244997400018027
4.259,0.5,0.245104820310873
4.26,0.5,0.245211238936366
4.261,0.5,0.24531665458835
4.262,0.5,0.245421065972384
4.263,0.5,0.245524471805779
4.264,0.5,0.245626870817625
4.265,0.5,0.245728261748825
4.266,0.5,0.245828643352123
4.267,0.5,0.24592801439214
4.268,0.5,0.246026373645399
4.269,0.5,0.24612371990036
4.27,0.5,0.246220051957444
4.271,0.5,0.24631536862907
4.272,0.5,0.24640966873968
4.273,0.5,0.246502951125769
4.274,0.5,0.246595214635912
4.275,0.5,0.246686458130797
4.276,0.5,0.246776680483251
4.277,0.5,0.246865880578265
4.278,0.5,0.246954057313027
4.279,0.5,0.247041209596947
4.28,0.5,0.247127336351684
4.281,0.5,0.247212436511173
4.282,0.5,0.24729650902165
4.283,0.5,0.247379552841683
4.284,0.5,0.247461566942194
4.285,0.5,0.247542550306484
4.286,0.5,0.247622501930263
4.287,0.5,0.247701420821671
4.288,0.5,0.247779306001303
4.289,0.5,0.247856156502236
4.29,0.5,0.247931971370052
4.291,0.5,0.248006749662862
4.292,0.5,0.248080490451328
4.293,0.5,0.248153192818689
4.294,0.5,0.248224855860783
4.295,0.5,0.248295478686069
4.296,0.5,0.24836506041565
4.297,0.5,0.248433600183295
4.298,0.5,0.248501097135462
4.299,0.5,0.248567550431317
4.3,0.5,0.248632959242756
4.301,0.5,0.24869732275443
4.302,0.5,0.248760640163758
4.303,0.5,0.248822910680953
4.304,0.5,0.24888413352904
4.305,0.5,0.248944307943877
4.306,0.5,0.249003433174172
4.307,0.5,0.249061508481503
4.308,0.5,0.249118533140338
4.309,0.5,0.249174506438051
4.31,0.5,0.249229427674942
4.311,0.5,0.249283296164255
4.312,0.5,0.249336111232192
4.313,0.5,0.249387872217934
4.314,0.5,0.249438578473658
4.315,0.5,0.249488229364549
4.316,0.5,0.24953682426882
4.317,0.5,0.249584362577727
4.318,0.5,0.249630843695585
4.319,0.5,0.24967626703978
4.32,0.5,0.249720632040789
4.321,0.5,0.249763938142189
4.322,0.5,0.249806184800677
4.323,0.5,0.249847371486079
4.324,0.5,0.249887497681364
4.325,0.5,0.249926562882662
4.326,0.5,0.24996456659927
4.327,0.5,0.25000150835367
4.328,0.5,0.250037387681539
4.329,0.5,0.25007220413176
4.33,0.5,0.250105957266436
4.331,0.5,0.250138646660898
4.332,0.5,0.25017027190372
4.333,0.5,0.250200832596725
4.334,0.5,0.250230328355
4.335,0.5,0.250258758806901
4.336,0.5,0.250286123594068
4.337,0.5,0.250312422371427
4.338,0.5,0.250337654807207
4.339,0.5,0.250361820582943
4.34,0.5,0.250384919393486
4.341,0.5,0.25040695094701
4.342,0.5,0.250427914965023
4.343,0.5,0.250447811182368
4.344,0.5,0.250466639347236
4.345,0.5,0.25048439922117
4.346,0.5,0.250501090579069
4.347,0.5,0.250516713209198
4.348,0.5,0.250531266913191
4.349,0.5,0.250544751506058
4.35,0.5,0.250557166816185
4.351,0.5,0.250568512685348
4.352,0.5,0.250578788968705
4.353,0.5,0.250587995534811
4.354,0.5,0.250596132265614
4.355,0.5,0.250603199056462
4.356,0.5,0.250609195816104
4.357,0.5,0.250614122466695
4.358,0.5,0.250617978943793
4.359,0.5,0.250620765196367
4.36,0.5,0.250622481186794
4.361,0.5,0.250623126890863
4.362,0.5,0.250622702297773
4.363,0.5,0.250621207410135
4.364,0.5,0.250618642243974
4.365,0.5,0.250615006828724
4.366,0.5,0.250610301207232
4.367,0.5,0.250604525435755
4.368,0.5,0.25059767958396
4.369,0.5,0.250589763734918
4.37,0.5,0.25058077798511
4.371,0.5,0.250570722444417
4.372,0.5,0.250559597236122
4.373,0.5,0.250547402496905
4.374,0.5,0.250534138376842
4.375,0.5,0.250519805039397
4.376,0.5,0.250504402661424
4.377,0.5,0.250487931433156
4.378,0.5,0.250470391558207
4.379,0.5,0.250451783253561
4.38,0.5,0.250432106749573
4.381,0.5,0.250411362289956
4.382,0.5,0.250389550131782
4.383,0.5,0.25036667054547
4.384,0.5,0.250342723814783
4.385,0.5,0.250317710236821
4.386,0.5,0.25029163012201
4.387,0.5,0.2502644837941
4.388,0.5,0.250236271590149
4.389,0.5,0.250206993860525
4.39,0.5,0.250176650968887
4.391,0.5,0.250145243292184
4.392,0.5,0.25011277122064
4.393,0.5,0.250079235157748
4.394,0.5,0.250044635520259
4.395,0.5,0.25000897273817
4.396,0.5,0.249972247254715
4.397,0.5,0.249934459526354
4.398,0.5,0.249895610022759
4.399,0.5,0.249855699226809
4.4,0.5,0.249814727634568
4.401,0.5,0.249772695755283
4.402,0.5,0.249729604111363
4.403,0.5,0.24968545323837
4.404,0.5,0.249640243685008
4.405,0.5,0.249593976013101
4.406,0.5,0.24954665079759
4.407,0.5,0.249498268626509
4.408,0.5,0.249448830100977
4.409,0.5,0.249398335835179
4.41,0.5,0.249346786456353
4.411,0.5,0.249294182604773
4.412,0.5,0.249240524933733
4.413,0.5,0.249185814109533
4.414,0.5,0.249130050811459
4.415,0.5,0.24907323573177
4.416,0.5,0.249015369575676
4.417,0.5,0.248956453061324
4.418,0.5,0.248896486919781
4.419,0.5,0.248835471895011
4.42,0.5,0.248773408743861
4.421,0.5,0.248710298236041
4.422,0.5,0.248646141154103
4.423,0.5,0.248580938293425
4.424,0.5,0.248514690462188
4.425,0.5,0.248447398481357
4.426,0.5,0.248379063184662
4.427,0.5,0.248309685418574
4.428,0.5,0.248239266042288
4.429,0.5,0.248167805927699
4.43,0.5,0.248095305959381
4.431,0.5,0.248021767034566
4.432,0.5,0.247947190063118
4.433,0.5,0.247871575967518
4.434,0.5,0.247794925682831
4.435,0.5,0.247717240156694
4.436,0.5,0.247638520349281
4.437,0.5,0.24755876723329
4.438,0.5,0.247477981793911
4.439,0.5,0.247396165028806
4.44,0.5,0.247313317948081
4.441,0.5,0.247229441574266
4.442,0.5,0.247144536942283
4.443,0.5,0.247058605099427
4.444,0.5,0.246971647105336
4.445,0.5,0.246883664031967
4.446,0.5,0.246794656963566
4.447,0.5,0.246704626996646
4.448,0.5,0.246613575239959
4.449,0.5,0.246521502814465
4.45,0.5,0.246428410853307
4.451,0.5,0.246334300501786
4.452,0.5,0.246239172917326
4.453,0.5,0.246143029269452
4.454,0.5,0.246045870739757
4.455,0.5,0.245947698521876
4.456,0.5,0.245848513821455
4.457,0.5,0.24574831785612
4.458,0.5,0.245647111855452
4.459,0.5,0.24554489706095
4.46,0.5,0.245441674726007
4.461,0.5,0.245337446115875
4.462,0.5,0.245232212507638
4.463,0.5,0.245125975190175
4.464,0.5,0.245018735464133
4.465,0.5,0.244910494641896
4.466,0.5,0.24480125404755
4.467,0.5,0.244691015016849
4.468,0.5,0.244579778897189
4.469,0.5,0.24446754704757
4.47,0.5,0.244354320838563
4.471,0.5,0.244240101652279
4.472,0.5,0.244124890882334
4.473,0.5,0.244008689933815
4.474,0.5,0.243891500223248
4.475,0.5,0.243773323178558
4.476,0.5,0.243654160239042
4.477,0.5,0.243534012855327
4.478,0.5,0.243412882489342
4.479,0.5,0.243290770614275
4.48,0.5,0.243167678714542
4.481,0.5,0.243043608285752
4.482,0.5,0.242918560834667
4.483,0.5,0.242792537879168
4.484,0.5,0.242665540948218
4.485,0.5,0.242537571581827
4.486,0.5,0.242408631331011
4.487,0.5,0.242278721757756
4.488,0.5,0.242147844434983
4.489,0.5,0.242016000946508
4.49,0.5,0.241883192887004
4.491,0.5,0.241749421861962
4.492,0.5,0.241614689487656
4.493,0.5,0.2414789973911
4.494,0.5,0.241342347210009
4.495,0.5,0.241204740592767
4.496,0.5,0.241066179198376
4.497,0.5,0.240926664696427
4.498,0.5,0.240786198767055
4.499,0.5,0.240644783100897
4.5,0.5,0.240502419399059
4.501,0.5,0.240359109373066
4.502,0.5,0.240214854744831
4.503,0.5,0.240069657246605
4.504,0.5,0.239923518620943
4.505,0.5,0.239776440620659
4.506,0.5,0.239628425008786
4.507,0.5,0.239479473558532
4.508,0.5,0.23932958805324
4.509,0.5,0.239178770286347
4.51,0.5,0.239027022061339
4.511,0.5,0.238874345191709
4.512,0.5,0.238720741500916
4.513,0.5,0.23856621282234
4.514,0.5,0.23841076099924
4.515,0.5,0.238254387884712
4.516,0.5,0.23809709534164
4.517,0.5,0.23793888524266
4.518,0.5,0.23777975947011
4.519,0.5,0.237619719915991
4.52,0.5,0.237458768481917
4.521,0.5,0.237296907079075
4.522,0.5,0.237134137628178
4.523,0.5,0.236970462059424
4.524,0.5,0.236805882312444
4.525,0.5,0.236640400336265
4.526,0.5,0.236474018089258
4.527,0.5,0.236306737539097
4.528,0.5,0.23613856066271
4.529,0.5,0.235969489446237
4.53,0.5,0.235799525884981
4.531,0.5,0.235628671983361
4.532,0.5,0.23545692975487
4.533,0.5,0.235284301222025
4.534,0.5,0.235110788416321
4.535,0.5,0.234936393378185
4.536,0.5,0.234761118156928
4.537,0.5,0.234584964810701
4.538,0.5,0.234407935406442
4.539,0.5,0.234230032019834
4.54,0.5,0.234051256735255
4.541,0.5,0.233871611645732
4.542,0.5,0.23369109885289
4.543,0.5,0.233509720466908
4.544,0.5,0.233327478606468
4.545,0.5,0.233144375398707
4.546,0.5,0.232960412979172
4.547,0.5,0.232775593491766
4.548,0.5,0.232589919088705
4.549,0.5,0.232403391930465
4.55,0.5,0.232216014185734
4.551,0.5,0.232027788031367
4.552,0.5,0.23183871565233
4.553,0.5,0.231648799241657
4.554,0.5,0.231458041000395
4.555,0.5,0.231266443137562
4.556,0.5,0.231074007870088
4.557,0.5,0.230880737422774
4.558,0.5,0.230686634028237
4.559,0.5,0.23049169992686
4.56,0.5,0.230295937366747
4.561,0.5,0.230099348603666
4.562,0.5,0.229901935901004
4.563,0.5,0.229703701529712
4.564,0.5,0.229504647768262
4.565,0.5,0.229304776902586
4.566,0.5,0.229104091226035
4.567,0.5,0.228902593039324
4.568,0.5,0.228700284650479
4.569,0.5,0.22849716837479
4.57,0.5,0.228293246534759
4.571,0.5,0.228088521460047
4.572,0.5,0.227882995487426
4.573,0.5,0.227676670960725
4.574,0.5,0.227469550230777
4.575,0.5,0.227261635655375
4.576,0.5,0.227052929599211
4.577,0.5,0.226843434433831
4.578,0.5,0.226633152537583
4.579,0.5,0.226422086295559
4.58,0.5,0.226210238099553
4.581,0.5,0.225997610347999
4.582,0.5,0.225784205445927
4.583,0.5,0.225570025804907
4.584,0.5,0.225355073842998
4.585,0.5,0.225139351984695
4.586,0.5,0.224922862660878
4.587,0.5,0.224705608308759
4.588,0.5,0.224487591371829
4.589,0.5,0.224268814299809
4.59,0.5,0.224049279548593
4.591,0.5,0.223828989580197
4.592,0.5,0.223607946862709
4.593,0.5,0.223386153870235
4.594,0.5,0.223163613082842
4.595,0.5,0.222940326986514
4.596,0.5,0.222716298073092
4.597,0.5,0.222491528840224
4.598,0.5,0.222266021791313
4.599,0.5,0.222039779435462
4.6,0.5,0.221812804287423
4.601,0.5,0.221585098867545
4.602,0.5,0.221356665701717
4.603,0.5,0.22112750732132
4.604,0.5,0.22089762626317
4.605,0.5,0.220667025069469
4.606,0.5,0.220435706287747
4.607,0.5,0.220203672470815
4.608,0.5,0.219970926176705
4.609,0.5,0.219737469968624
4.61,0.5,0.219503306414896
4.611,0.5,0.219268438088911
4.612,0.5,0.219032867569071
4.613,0.5,0.218796597438738
4.614,0.5,0.218559630286179
4.615,0.5,0.218321968704515
4.616,0.5,0.218083615291668
4.617,0.5,0.217844572650304
4.618,0.5,0.217604843387784
4.619,0.5,0.217364430116112
4.62,0.5,0.217123335451876
4.621,0.5,0.2168815620162
4.622,0.5,0.216639112434687
4.623,0.5,0.216395989337373
4.624,0.5,0.216152195358663
4.625,0.5,0.215907733137288
4.626,0.5,0.215662605316246
4.627,0.5,0.215416814542752
4.628,0.5,0.215170363468182
4.629,0.5,0.214923254748023
4.63,0.5,0.214675491041819
4.631,0.5,0.214427075013115
4.632,0.5,0.214178009329411
4.633,0.5,0.213928296662101
4.634,0.5,0.213677939686426
4.635,0.5,0.213426941081418
4.636,0.5,0.213175303529848
4.637,0.5,0.212923029718174
4.638,0.5,0.212670122336487
4.639,0.5,0.21241658407846
4.64,0.5,0.212162417641291
4.641,0.5,0.211907625725658
4.642,0.5,0.211652211035657
4.643,0.5,0.211396176278757
4.644,0.5,0.211139524165743
4.645,0.5,0.210882257410667
4.646,0.5,0.210624378730792
4.647,0.5,0.210365890846542
4.648,0.5,0.210106796481447
4.649,0.5,0.209847098362095
4.65,0.5,0.209586799218077
4.651,0.5,0.209325901781932
4.652,0.5,0.209064408789102
4.653,0.5,0.208802322977873
4.654,0.5,0.208539647089326
4.655,0.5,0.208276383867286
4.656,0.5,0.208012536058268
4.657,0.5,0.207748106411426
4.658,0.5,0.207483097678502
4.659,0.5,0.207217512613772
4.66,0.5,0.206951353973998
4.661,0.5,0.206684624518371
4.662,0.5,0.206417327008466
4.663,0.5,0.206149464208186
4.664,0.5,0.205881038883712
4.665,0.5,0.205612053803451
4.666,0.5,0.205342511737986
4.667,0.5,0.205072415460026
4.668,0.5,0.20480176774435
4.669,0.5,0.204530571367762
4.67,0.5,0.204258829109035
4.671,0.5,0.203986543748866
4.672,0.5,0.203713718069819
4.673,0.5,0.203440354856277
4.674,0.5,0.203166456894395
4.675,0.5,0.202892026972042
4.676,0.5,0.202617067878759
4.677,0.5,0.202341582405701
4.678,0.5,0.202065573345593
4.679,0.5,0.201789043492677
4.68,0.5,0.20151199564266
4.681,0.5,0.201234432592671
4.682,0.5,0.200956357141202
4.683,0.5,0.200677772088066
4.684,0.5,0.200398680234344
4.685,0.5,0.200119084382335
4.686,0.5,0.199838987335508
4.687,0.5,0.199558391898454
4.688,0.5,0.199277300876832
4.689,0.5,0.198995717077327
4.69,0.5,0.198713643307593
4.691,0.5,0.198431082376212
4.692,0.5,0.198148037092639
4.693,0.5,0.197864510267157
4.694,0.5,0.197580504710829
4.695,0.5,0.197296023235445
4.696,0.5,0.197011068653481
4.697,0.5,0.196725643778042
4.698,0.5,0.196439751422823
4.699,0.5,0.196153394402055
4.7,0.5,0.195866575530458
4.701,0.5,0.195579297623197
4.702,0.5,0.195291563495829
4.703,0.5,0.195003375964261
4.704,0.5,0.1947147378447
4.705,0.5,0.194425651953603
4.706,0.5,0.194136121107637
4.707,0.5,0.193846148123626
4.708,0.5,0.193555735818507
4.709,0.5,0.193264887009283
4.71,0.5,0.192973604512974
4.711,0.5,0.192681891146578
4.712,0.5,0.192389749727013
4.713,0.5,0.192097183071084
4.714,0.5,0.191804193995426
4.715,0.5,0.191510785316465
4.716,0.5,0.19121695985037
4.717,0.5,0.190922720413008
4.718,0.5,0.190628069819896
4.719,0.5,0.190333010886162
4.72,0.5,0.190037546426491
4.721,0.5,0.189741679255089
4.722,0.5,0.189445412185633
4.723,0.5,0.189148748031226
4.724,0.5,0.188851689604356
4.725,0.5,0.188554239716848
4.726,0.5,0.188256401179822
4.727,0.5,0.187958176803649
4.728,0.5,0.187659569397905
4.729,0.5,0.187360581771329
4.73,0.5,0.18706121673178
4.731,0.5,0.186761477086191
4.732,0.5,0.186461365640529
4.733,0.5,0.186160885199747
4.734,0.5,0.185860038567749
4.735,0.5,0.185558828547337
4.736,0.5,0.185257257940177
4.737,0.5,0.184955329546752
4.738,0.5,0.18465304616632
4.739,0.5,0.184350410596874
4.74,0.5,0.184047425635097
4.741,0.5,0.183744094076323
4.742,0.5,0.183440418714492
4.743,0.5,0.183136402342112
4.744,0.5,0.182832047750215
4.745,0.5,0.182527357728317
4.746,0.5,0.182222335064378
4.747,0.5,0.181916982544757
4.748,0.5,0.181611302954177
4.749,0.5,0.181305299075679
4.75,0.5,0.180998973690586
4.751,0.5,0.18069232957846
4.752,0.5,0.180385369517063
4.753,0.5,0.180078096282317
4.754,0.5,0.179770512648266
4.755,0.5,0.179462621387032
4.756,0.5,0.179154425268779
4.757,0.5,0.178845927061677
4.758,0.5,0.178537129531854
4.759,0.5,0.178228035443365
4.76,0.5,0.177918647558152
4.761,0.5,0.177608968636003
4.762,0.5,0.177299001434513
4.763,0.5,0.176988748709053
4.764,0.5,0.176678213212722
4.765,0.5,0.176367397696316
4.766,0.5,0.17605630490829
4.767,0.5,0.175744937594718
4.768,0.5,0.175433298499257
4.769,0.5,0.175121390363109
4.77,0.5,0.174809215924987
4.771,0.5,0.174496777921075
4.772,0.5,0.174184079084994
4.773,0.5,0.173871122147764
4.774,0.5,0.173557909837768
4.775,0.5,0.173244444880717
4.776,0.5,0.172930729999614
4.777,0.5,0.172616767914718
4.778,0.5,0.172302561343508
4.779,0.5,0.17198811300065
4.78,0.5,0.171673425597959
4.781,0.5,0.171358501844366
4.782,0.5,0.171043344445885
4.783,0.5,0.170727956105574
4.784,0.5,0.170412339523505
4.785,0.5,0.170096497396726
4.786,0.5,0.169780432419232
4.787,0.5,0.169464147281927
4.788,0.5,0.169147644672593
4.789,0.5,0.168830927275854
4.79,0.5,0.168513997773147
4.791,0.5,0.168196858842685
4.792,0.5,0.167879513159426
4.793,0.5,0.167561963395041
4.794,0.5,0.16724421221788
4.795,0.5,0.166926262292941
4.796,0.5,0.166608116281839
4.797,0.5,0.166289776842771
4.798,0.5,0.165971246630486
4.799,0.5,0.165652528296257
4.8,0.5,0.165333624487843
4.801,0.5,0.165014537849465
4.802,0.5,0.164695271021768
4.803,0.5,0.164375826641796
4.804,0.5,0.164056207342961
4.805,0.5,0.16373641575501
4.806,0.5,0.163416454503995
4.807,0.5,0.163096326212246
4.808,0.5,0.162776033498341
4.809,0.5,0.162455578977072
4.81,0.5,0.162134965259421
4.811,0.5,0.161814194952528
4.812,0.5,0.161493270659665
4.813,0.5,0.161172194980203
4.814,0.5,0.160850970509585
4.815,0.5,0.160529599839302
4.816,0.5,0.160208085556857
4.817,0.5,0.159886430245745
4.818,0.5,0.159564636485418
4.819,0.5,0.159242706851265
4.82,0.5,0.158920643914578
4.821,0.5,0.158598450242528
4.822,0.5,0.158276128398138
4.823,0.5,0.157953680940257
4.824,0.5,0.157631110423529
4.825,0.5,0.157308419398373
4.826,0.5,0.156985610410953
4.827,0.5,0.156662686003153
4.828,0.5,0.15633964871255
4.829,0.5,0.15601650107239
4.83,0.5,0.155693245611563
4.831,0.5,0.155369884854575
4.832,0.5,0.155046421321526
4.833,0.5,0.154722857528085
4.834,0.5,0.154399195985463
4.835,0.5,0.15407543920039
4.836,0.5,0.153751589675091
4.837,0.5,0.153427649907264
4.838,0.5,0.153103622390052
4.839,0.5,0.15277950961202
4.84,0.5,0.152455314057137
4.841,0.5,0.152131038204746
4.842,0.5,0.151806684529543
4.843,0.5,0.151482255501557
4.844,0.5,0.151157753586125
4.845,0.5,0.150833181243869
4.846,0.5,0.150508540930674
4.847,0.5,0.150183835097669
4.848,0.5,0.1498590661912
4.849,0.5,0.149534236652811
4.85,0.5,0.149209348919225
4.851,0.5,0.148884405422318
4.852,0.5,0.148559408589101
4.853,0.5,0.148234360841697
4.854,0.5,0.147909264597325
4.855,0.5,0.147584122268271
4.856,0.5,0.147258936261876
4.857,0.5,0.146933708980513
4.858,0.5,0.146608442821566
4.859,0.5,0.146283140177409
4.86,0.5,0.14595780343539
4.861,0.5,0.145632434977812
4.862,0.5,0.145307037181908
4.863,0.5,0.14498161241983
4.864,0.5,0.144656163058623
4.865,0.5,0.144330691460211
4.866,0.5,0.144005199981377
4.867,0.5,0.143679690973746
4.868,0.5,0.143354166783764
4.869,0.5,0.143028629752684
4.87,0.5,0.142703082216546
4.871,0.5,0.14237752650616
4.872,0.5,0.142051964947089
4.873,0.5,0.141726399859633
4.874,0.5,0.141400833558809
4.875,0.5,0.141075268354337
4.876,0.5,0.140749706550624
4.877,0.5,0.140424150446746
4.878,0.5,0.140098602336431
4.879,0.5,0.139773064508047
4.88,0.5,0.139447539244582
4.881,0.5,0.13912202882363
4.882,0.5,0.138796535517377
4.883,0.5,0.138471061592585
4.884,0.5,0.138145609310575
4.885,0.5,0.137820180927216
4.886,0.5,0.137494778692906
4.887,0.5,0.137169404852562
4.888,0.5,0.136844061645602
4.889,0.5,0.136518751305933
4.89,0.5,0.136193476061938
4.891,0.5,0.135868238136458
4.892,0.5,0.135543039746785
4.893,0.5,0.135217883104643
4.894,0.5,0.134892770416176
4.895,0.5,0.134567703881938
4.896,0.5,0.134242685696878
4.897,0.5,0.133917718050326
4.898,0.5,0.133592803125985
4.899,0.5,0.133267943101912
4.9,0.5,0.132943140150513
4.901,0.5,0.132618396438528
4.902,0.5,0.132293714127017
4.903,0.5,0.131969095371352
4.904,0.5,0.131644542321205
4.905,0.5,0.131320057120534
4.906,0.5,0.130995641907578
4.907,0.5,0.130671298814839
4.908,0.5,0.130347029969076
4.909,0.5,0.130022837491293
4.91,0.5,0.129698723496729
4.911,0.5,0.129374690094848
4.912,0.5,0.12905073938933
4.913,0.5,0.128726873478058
4.914,0.5,0.128403094453111
4.915,0.5,0.128079404400756
4.916,0.5,0.127755805401434
4.917,0.5,0.127432299529757
4.918,0.5,0.127108888854493
4.919,0.5,0.126785575438562
4.92,0.5,0.126462361339024
4.921,0.5,0.126139248607074
4.922,0.5,0.12581623928803
4.923,0.5,0.125493335421329
4.924,0.5,0.125170539040514
4.925,0.5,0.124847852173233
4.926,0.5,0.124525276841223
4.927,0.5,0.124202815060313
4.928,0.5,0.123880468840406
4.929,0.5,0.123558240185479
4.93,0.5,0.123236131093575
4.931,0.5,0.122914143556794
4.932,0.5,0.122592279561288
4.933,0.5,0.122270541087255
4.934,0.5,0.121948930108932
4.935,0.5,0.121627448594588
4.936,0.5,0.12130609850652
4.937,0.5,0.120984881801046
4.938,0.5,0.120663800428502
4.939,0.5,0.12034285633323
4.94,0.5,0.120022051453581
4.941,0.5,0.119701387721904
4.942,0.5,0.119380867064544
4.943,0.5,0.119060491401835
4.944,0.5,0.118740262648096
4.945,0.5,0.11842018271163
4.946,0.5,0.118100253494714
4.947,0.5,0.117780476893598
4.948,0.5,0.117460854798502
4.949,0.5,0.117141389093608
4.95,0.5,0.11682208165706
4.951,0.5,0.116502934360961
4.952,0.5,0.116183949071366
4.953,0.5,0.115865127648281
4.954,0.5,0.11554647194566
4.955,0.5,0.115227983811401
4.956,0.5,0.114909665087343
4.957,0.5,0.114591517609267
4.958,0.5,0.114273543206886
4.959,0.5,0.113955743703853
4.96,0.5,0.113638120917747
4.961,0.5,0.113320676660081
4.962,0.5,0.113003412736295
4.963,0.5,0.112686330945753
4.964,0.5,0.112369433081748
4.965,0.5,0.112052720931491
4.966,0.5,0.111736196276119
4.967,0.5,0.111419860890687
4.968,0.5,0.111103716544169
4.969,0.5,0.11078776499946
4.97,0.5,0.110472008013371
4.971,0.5,0.11015644733663
4.972,0.5,0.109841084713881
4.973,0.5,0.109525921883687
4.974,0.5,0.109210960578523
4.975,0.5,0.108896202524784
4.976,0.5,0.108581649442777
4.977,0.5,0.108267303046728
4.978,0.5,0.107953165044778
4.979,0.5,0.107639237138986
4.98,0.5,0.107325521025326
4.981,0.5,0.107012018393693
4.982,0.5,0.1066987309279
4.983,0.5,0.10638566030568
4.984,0.5,0.106072808198686
4.985,0.5,0.105760176272495
4.986,0.5,0.105447766186608
4.987,0.5,0.105135579594449
4.988,0.5,0.104823618143372
4.989,0.5,0.104511883474656
4.99,0.5,0.104200377223515
4.991,0.5,0.103889101019091
4.992,0.5,0.103578056484463
4.993,0.5,0.103267245236649
4.994,0.5,0.102956668886602
4.995,0.5,0.10264632903922
4.996,0.5,0.102336227293345
4.997,0.5,0.102026365241766
4.998,0.5,0.101716744471222
4.999,0.5,0.101407366562405
5,0.5,0.101098233089965
5.001,0.5,0.10078934562251
5.002,0.5,0.100480705722611
5.003,0.5,0.100172314946807
5.004,0.5,0.0998641748456041
5.005,0.5,0.0995562869634857
5.006,0.5,0.0992486528389106
5.007,0.5,0.0989412740043199
5.008,0.5,0.0986341519861403
5.009,0.5,0.0983272883047884
5.01,0.5,0.0980206844746748
5.011,0.5,0.0977143420042089
5.012,0.5,0.0974082623958031
5.013,0.5,0.0971024471458775
5.014,0.5,0.0967968977448648
5.015,0.5,0.0964916156772152
5.016,0.5,0.0961866024214008
5.017,0.5,0.0958818594499217
5.018,0.5,0.0955773882293101
5.019,0.5,0.0952731902201364
5.02,0.5,0.0949692668770143
5.021,0.5,0.0946656196486062
5.022,0.5,0.0943622499776292
5.023,0.5,0.0940591593008603
5.024,0.5,0.0937563490491426
5.025,0.5,0.0934538206473912
5.026,0.5,0.0931515755145992
5.027,0.5,0.0928496150638437
5.028,0.5,0.0925479407022922
5.029,0.5,0.0922465538312088
5.03,0.5,0.0919454558459609
5.031,0.5,0.0916446481360256
5.032,0.5,0.0913441320849961
5.033,0.5,0.0910439090705887
5.034,0.5,0.0907439804646499
5.035,0.5,0.0904443476331627
5.036,0.5,0.090145011936254
5.037,0.5,0.0898459747282018
5.038,0.5,0.0895472373574423
5.039,0.5,0.0892488011665771
5.04,0.5,0.0889506674923809
5.041,0.5,0.0886528376658086
5.042,0.5,0.0883553130120035
5.043,0.5,0.0880580948503042
5.044,0.5,0.0877611844942531
5.045,0.5,0.0874645832516038
5.046,0.5,0.0871682924243294
5.047,0.5,0.0868723133086302
5.048,0.5,0.086576647194942
5.049,0.5,0.0862812953679444
5.05,0.5,0.0859862591065692
5.051,0.5,0.0856915396840083
5.052,0.5,0.0853971383677227
5.053,0.5,0.085103056419451
5.054,0.5,0.0848092950952177
5.055,0.5,0.0845158556453424
5.056,0.5,0.0842227393144482
5.057,0.5,0.0839299473414709
5.058,0.5,0.0836374809596679
5.059,0.5,0.0833453413966273
5.06,0.5,0.0830535298742767
5.061,0.5,0.082762047608893
5.062,0.5,0.0824708958111114
5.063,0.5,0.0821800756859346
5.064,0.5,0.0818895884327427
5.065,0.5,0.0815994352453023
5.066,0.5,0.0813096173117764
5.067,0.5,0.0810201358147341
5.068,0.5,0.0807309919311601
5.069,0.5,0.0804421868324647
5.07,0.5,0.0801537216844938
5.071,0.5,0.0798655976475389
5.072,0.5,0.0795778158763469
5.073,0.5,0.0792903775201303
5.074,0.5,0.0790032837225779
5.075,0.5,0.0787165356218642
5.076,0.5,0.0784301343506605
5.077,0.5,0.0781440810361451
5.078,0.5,0.0778583768000135
5.079,0.5,0.0775730227584892
5.08,0.5,0.0772880200223343
5.081,0.5,0.0770033696968603
5.082,0.5,0.0767190728819386
5.083,0.5,0.0764351306720115
5.084,0.5,0.0761515441561028
5.085,0.5,0.0758683144178293
5.086,0.5,0.0755854425354112
5.087,0.5,0.0753029295816836
5.088,0.5,0.0750207766241075
5.089,0.5,0.0747389847247809
5.09,0.5,0.0744575549404501
5.091,0.5,0.0741764883225213
5.092,0.5,0.0738957859170714
5.093,0.5,0.0736154487648601
5.094,0.5,0.0733354779013409
5.095,0.5,0.0730558743566729
5.096,0.5,0.0727766391557324
5.097,0.5,0.0724977733181244
5.098,0.5,0.0722192778581947
5.099,0.5,0.0719411537850411
5.1,0.5,0.0716634021025259
5.101,0.5,0.0713860238092874
5.102,0.5,0.0711090198987517
5.103,0.5,0.0708323913591453
5.104,0.5,0.0705561391735065
5.105,0.5,0.0702802643196979
5.106,0.5,0.0700047677704185
5.107,0.5,0.0697296504932157
5.108,0.5,0.069454913450498
5.109,0.5,0.0691805575995467
5.11,0.5,0.0689065838925289
5.111,0.5,0.0686329932765094
5.112,0.5,0.0683597866934635
5.113,0.5,0.0680869650802892
5.114,0.5,0.0678145293688202
5.115,0.5,0.0675424804858379
5.116,0.5,0.0672708193530846
5.117,0.5,0.0669995468872759
5.118,0.5,0.0667286640001135
5.119,0.5,0.0664581715982978
5.12,0.5,0.0661880705835412
5.121,0.5,0.0659183618525804
5.122,0.5,0.0656490462971897
5.123,0.5,0.0653801248041939
5.124,0.5,0.065111598255481
5.125,0.5,0.0648434675280156
5.126,0.5,0.0645757334938518
5.127,0.5,0.0643083970201463
5.128,0.5,0.0640414589691716
5.129,0.5,0.0637749201983293
5.13,0.5,0.063508781560163
5.131,0.5,0.0632430439023719
5.132,0.5,0.062977708067824
5.133,0.5,0.0627127748945694
5.134,0.5,0.0624482452158538
5.135,0.5,0.0621841198601315
5.136,0.5,0.0619203996510795
5.137,0.5,0.0616570854076105
5.138,0.5,0.0613941779438867
5.139,0.5,0.0611316780693329
5.14,0.5,0.0608695865886508
5.141,0.5,0.0606079043018319
5.142,0.5,0.0603466320041715
5.143,0.5,0.0600857704862826
5.144,0.5,0.059825320534109
5.145,0.5,0.0595652829289395
5.146,0.5,0.0593056584474216
5.147,0.5,0.0590464478615753
5.148,0.5,0.0587876519388068
5.149,0.5,0.0585292714419224
5.15,0.5,0.0582713071291424
5.151,0.5,0.0580137597541151
5.152,0.5,0.0577566300659308
5.153,0.5,0.0574999188091353
5.154,0.5,0.0572436267237445
5.155,0.5,0.0569877545452579
5.156,0.5,0.0567323030046731
5.157,0.5,0.0564772728284995
5.158,0.5,0.0562226647387726
5.159,0.5,0.0559684794530679
5.16,0.5,0.0557147176845153
5.161,0.5,0.0554613801418131
5.162,0.5,0.0552084675292422
5.163,0.5,0.0549559805466802
5.164,0.5,0.0547039198896158
5.165,0.5,0.0544522862491631
5.166,0.5,0.0542010803120755
5.167,0.5,0.0539503027607603
5.168,0.5,0.053699954273293
5.169,0.5,0.0534500355234313
5.17,0.5,0.0532005471806299
5.171,0.5,0.0529514899100545
5.172,0.5,0.0527028643725963
5.173,0.5,0.0524546712248864
5.174,0.5,0.0522069111193101
5.175,0.5,0.0519595847040216
5.176,0.5,0.051712692622958
5.177,0.5,0.0514662355158541
5.178,0.5,0.0512202140182569
5.179,0.5,0.0509746287615397
5.18,0.5,0.0507294803729169
5.181,0.5,0.0504847694754586
5.182,0.5,0.0502404966881048
5.183,0.5,0.0499966626256801
5.184,0.5,0.0497532678989084
5.185,0.5,0.0495103131144271
5.186,0.5,0.049267798874802
5.187,0.5,0.0490257257785417
5.188,0.5,0.0487840944201121
5.189,0.5,0.0485429053899515
5.19,0.5,0.0483021592744844
5.191,0.5,0.048061856656137
5.192,0.5,0.0478219981133509
5.193,0.5,0.0475825842205986
5.194,0.5,0.0473436155483977
5.195,0.5,0.0471050926633254
5.196,0.5,0.0468670161280337
5.197,0.5,0.0466293865012635
5.198,0.5,0.0463922043378595
5.199,0.5,0.046155470188785
5.2,0.5,0.0459191846011364
5.201,0.5,0.045683348118158
5.202,0.5,0.0454479612792566
5.203,0.5,0.0452130246200161
5.204,0.5,0.0449785386722127
5.205,0.5,0.0447445039638288
5.206,0.5,0.0445109210190685
5.207,0.5,0.0442777903583718
5.208,0.5,0.0440451124984294
5.209,0.5,0.0438128879521977
5.21,0.5,0.043581117228913
5.211,0.5,0.0433498008341068
5.212,0.5,0.0431189392696201
5.213,0.5,0.0428885330336182
5.214,0.5,0.0426585826206056
5.215,0.5,0.0424290885214404
5.216,0.5,0.0422000512233495
5.217,0.5,0.0419714712099428
5.218,0.5,0.0417433489612281
5.219,0.5,0.0415156849536259
5.22,0.5,0.0412884796599844
5.221,0.5,0.0410617335495933
5.222,0.5,0.0408354470881995
5.223,0.5,0.0406096207380212
5.224,0.5,0.040384254957763
5.225,0.5,0.0401593502026302
5.226,0.5,0.0399349069243437
5.227,0.5,0.0397109255711548
5.228,0.5,0.0394874065878597
5.229,0.5,0.0392643504158141
5.23,0.5,0.0390417574929483
5.231,0.5,0.0388196282537813
5.232,0.5,0.0385979631294361
5.233,0.5,0.0383767625476536
5.234,0.5,0.0381560269328081
5.235,0.5,0.037935756705921
5.236,0.5,0.0377159522846765
5.237,0.5,0.0374966140834353
5.238,0.5,0.0372777425132496
5.239,0.5,0.037059337981878
5.24,0.5,0.0368414008937995
5.241,0.5,0.0366239316502286
5.242,0.5,0.0364069306491296
5.243,0.5,0.0361903982852315
5.244,0.5,0.0359743349500419
5.245,0.5,0.0357587410318625
5.246,0.5,0.035543616915803
5.247,0.5,0.0353289629837955
5.248,0.5,0.0351147796146099
5.249,0.5,0.0349010671838672
5.25,0.5,0.0346878260640552
5.251,0.5,0.0344750566245421
5.252,0.5,0.0342627592315915
5.253,0.5,0.0340509342483766
5.254,0.5,0.0338395820349948
5.255,0.5,0.033628702948482
5.256,0.5,0.0334182973428273
5.257,0.5,0.0332083655689871
5.258,0.5,0.0329989079748996
5.259,0.5,0.0327899249054996
5.26,0.5,0.032581416702732
5.261,0.5,0.0323733837055671
5.262,0.5,0.0321658262500143
5.263,0.5,0.0319587446691368
5.264,0.5,0.0317521392930655
5.265,0.5,0.0315460104490141
5.266,0.5,0.0313403584612923
5.267,0.5,0.031135183651321
5.268,0.5,0.0309304863376462
5.269,0.5,0.0307262668359529
5.27,0.5,0.03052252545908
5.271,0.5,0.030319262517034
5.272,0.5,0.0301164783170035
5.273,0.5,0.029914173163373
5.274,0.5,0.0297123473577373
5.275,0.5,0.0295110011989158
5.276,0.5,0.0293101349829663
5.277,0.5,0.0291097490031991
5.278,0.5,0.0289098435501914
5.279,0.5,0.028710418911801
5.28,0.5,0.0285114753731807
5.281,0.5,0.0283130132167919
5.282,0.5,0.028115032722419
5.283,0.5,0.0279175341671831
5.284,0.5,0.0277205178255561
5.285,0.5,0.0275239839693747
5.286,0.5,0.0273279328678541
5.287,0.5,0.0271323647876022
5.288,0.5,0.0269372799926333
5.289,0.5,0.0267426787443818
5.29,0.5,0.0265485613017165
5.291,0.5,0.0263549279209539
5.292,0.5,0.0261617788558725
5.293,0.5,0.025969114357726
5.294,0.5,0.0257769346752578
5.295,0.5,0.0255852400547138
5.296,0.5,0.025394030739857
5.297,0.5,0.0252033069719806
5.298,0.5,0.025013068989922
5.299,0.5,0.0248233170300762
5.3,0.5,0.0246340513264094
5.301,0.5,0.024445272110473
5.302,0.5,0.0242569796114166
5.303,0.5,0.024069174056002
5.304,0.5,0.0238818556686165
5.305,0.5,0.0236950246712863
5.306,0.5,0.0235086812836903
5.307,0.5,0.0233228257231734
5.308,0.5,0.0231374582047597
5.309,0.5,0.0229525789411662
5.31,0.5,0.022768188142816
5.311,0.5,0.0225842860178517
5.312,0.5,0.022400872772149
5.313,0.5,0.0222179486093293
5.314,0.5,0.0220355137307738
5.315,0.5,0.021853568335636
5.316,0.5,0.0216721126208555
5.317,0.5,0.021491146781171
5.318,0.5,0.0213106710091332
5.319,0.5,0.0211306854951184
5.32,0.5,0.0209511904273412
5.321,0.5,0.020772185991868
5.322,0.5,0.0205936723726297
5.323,0.5,0.0204156497514347
5.324,0.5,0.0202381183079825
5.325,0.5,0.0200610782198758
5.326,0.5,0.0198845296626341
5.327,0.5,0.0197084728097066
5.328,0.5,0.0195329078324846
5.329,0.5,0.0193578349003148
5.33,0.5,0.0191832541805121
5.331,0.5,0.0190091658383724
5.332,0.5,0.018835570037185
5.333,0.5,0.0186624669382461
5.334,0.5,0.0184898567008706
5.335,0.5,0.0183177394824057
5.336,0.5,0.018146115438243
5.337,0.5,0.0179749847218312
5.338,0.5,0.0178043474846889
5.339,0.5,0.0176342038764172
5.34,0.5,0.0174645540447117
5.341,0.5,0.017295398135376
5.342,0.5,0.0171267362923331
5.343,0.5,0.0169585686576387
5.344,0.5,0.0167908953714933
5.345,0.5,0.0166237165722545
5.346,0.5,0.0164570323964494
5.347,0.5,0.0162908429787874
5.348,0.5,0.0161251484521716
5.349,0.5,0.0159599489477119
5.35,0.5,0.015795244594737
5.351,0.5,0.0156310355208064
5.352,0.5,0.0154673218517227
5.353,0.5,0.0153041037115439
5.354,0.5,0.0151413812225954
5.355,0.5,0.014979154505482
5.356,0.5,0.0148174236791001
5.357,0.5,0.0146561888606498
5.358,0.5,0.0144954501656465
5.359,0.5,0.0143352077079334
5.36,0.5,0.014175461599693
5.361,0.5,0.0140162119514591
5.362,0.5,0.013857458872129
5.363,0.5,0.0136992024689747
5.364,0.5,0.0135414428476553
5.365,0.5,0.0133841801122283
5.366,0.5,0.0132274143651619
5.367,0.5,0.013071145707346
5.368,0.5,0.0129153742381045
5.369,0.5,0.0127601000552063
5.37,0.5,0.0126053232548777
5.371,0.5,0.0124510439318133
5.372,0.5,0.0122972621791877
5.373,0.5,0.0121439780886673
5.374,0.5,0.0119911917504214
5.375,0.5,0.0118389032531338
5.376,0.5,0.0116871126840141
5.377,0.5,0.0115358201288094
5.378,0.5,0.0113850256718152
5.379,0.5,0.0112347293958868
5.38,0.5,0.011084931382451
5.381,0.5,0.0109356317115167
5.382,0.5,0.0107868304616866
5.383,0.5,0.0106385277101679
5.384,0.5,0.0104907235327839
5.385,0.5,0.0103434180039849
5.386,0.5,0.0101966111968592
5.387,0.5,0.0100503031831442
5.388,0.5,0.0099044940332373
5.389,0.5,0.00975918381620705
5.39,0.5,0.00961437259980393
5.391,0.5,0.00947006045047124
5.392,0.5,0.00932624743335604
5.393,0.5,0.00918293361231989
5.394,0.5,0.00904011904994967
5.395,0.5,0.00889780380756833
5.396,0.5,0.0087559879452456
5.397,0.5,0.00861467152180868
5.398,0.5,0.00847385459485287
5.399,0.5,0.00833353722075219
5.4,0.5,0.00819371945466997
5.401,0.5,0.00805440135056934
5.402,0.5,0.00791558296122379
5.403,0.5,0.0077772643382276
5.404,0.5,0.0076394455320063
5.405,0.5,0.00750212659182705
5.406,0.5,0.007365307565809
5.407,0.5,0.00722898850093363
5.408,0.5,0.00709316944305502
5.409,0.5,0.00695785043691011
5.41,0.5,0.00682303152612895
5.411,0.5,0.00668871275324483
5.412,0.5,0.00655489415970446
5.413,0.5,0.00642157578587807
5.414,0.5,0.00628875767106948
5.415,0.5,0.00615643985352615
5.416,0.5,0.00602462237044916
5.417,0.5,0.00589330525800322
5.418,0.5,0.00576248855132653
5.419,0.5,0.00563217228454074
5.42,0.5,0.00550235649076076
5.421,0.5,0.0053730412021046
5.422,0.5,0.00524422644970315
5.423,0.5,0.00511591226370993
5.424,0.5,0.0049880986733108
5.425,0.5,0.00486078570673361
5.426,0.5,0.00473397339125788
5.427,0.5,0.00460766175322436
5.428,0.5,0.00448185081804462
5.429,0.5,0.00435654061021056
5.43,0.5,0.00423173115330391
5.431,0.5,0.00410742247000568
5.432,0.5,0.00398361458210557
5.433,0.5,0.00386030751051135
5.434,0.5,0.00373750127525822
5.435,0.5,0.00361519589551809
5.436,0.5,0.00349339138960886
5.437,0.5,0.00337208777500366
5.438,0.5,0.00325128506834002
5.439,0.5,0.00313098328542905
5.44,0.5,0.00301118244126454
5.441,0.5,0.00289188255003206
5.442,0.5,0.00277308362511801
5.443,0.5,0.00265478567911859
5.444,0.5,0.0025369887238488
5.445,0.5,0.0024196927703514
5.446,0.5,0.00230289782890573
5.447,0.5,0.00218660390903665
5.448,0.5,0.00207081101952331
5.449,0.5,0.00195551916840795
5.45,0.5,0.00184072836300464
5.451,0.5,0.00172643860990801
5.452,0.5,0.00161264991500189
5.453,0.5,0.00149936228346795
5.454,0.5,0.00138657571979434
5.455,0.5,0.00127429022778418
5.456,0.5,0.00116250581056414
5.457,0.5,0.00105122247059288
5.458,0.5,0.000940440209669531
5.459,0.5,0.00083015902894207
5.46,0.5,0.000720378928915721
5.461,0.5,0.000611099909461272
5.462,0.5,0.000502321969823373
5.463,0.5,0.000394045108628793
5.464,0.5,0.000286269323894641
5.465,0.5,0.000178994613036547
5.466,0.5,7.22209728768086e-05
5.467,0.5,-3.40516003475048e-05
5.468,0.5,-0.000139823110976483
5.469,0.5,-0.000245093563861367
5.47,0.5,-0.000349862963552959
5.471,0.5,-0.000454131314048783
5.472,0.5,-0.000557898618801
5.473,0.5,-0.000661164880724288
5.474,0.5,-0.000763930102203685
5.475,0.5,-0.000866194285102393
5.476,0.5,-0.000967957430769541
5.477,0.5,-0.00106921954004792
5.478,0.5,-0.00116998061328166
5.479,0.5,-0.00127024065032392
5.48,0.5,-0.00136999965054443
5.481,0.5,-0.00146925761283717
5.482,0.5,-0.0015680145356278
5.483,0.5,-0.00166627041688125
5.484,0.5,-0.00176402525410916
5.485,0.5,-0.00186127904437726
5.486,0.5,-0.00195803178431284
5.487,0.5,-0.00205428347011202
5.488,0.5,-0.00215003409754713
5.489,0.5,-0.00224528366197396
5.49,0.5,-0.00234003215833897
5.491,0.5,-0.00243427958118655
5.492,0.5,-0.00252802592466615
5.493,0.5,-0.00262127118253938
5.494,0.5,-0.00271401534818715
5.495,0.5,-0.0028062584146167
5.496,0.5,-0.00289800037446861
5.497,0.5,-0.00298924122002376
5.498,0.5,-0.0030799809432103
5.499,0.5,-0.00317021953561053
5.5,0.5,-0.00325995698846777
5.501,0.5,-0.00334919329269319
5.502,0.5,-0.00343792843887257
5.503,0.5,-0.0035261624172731
5.504,0.5,-0.00361389521785005
5.505,0.5,-0.00370112683025346
5.506,0.5,-0.00378785724383477
5.507,0.5,-0.00387408644765346
5.508,0.5,-0.00395981443048354
5.509,0.5,-0.00404504118082015
5.51,0.5,-0.004129766686886
5.511,0.5,-0.00421399093663784
5.512,0.5,-0.00429771391777285
5.513,0.5,-0.00438093561773507
5.514,0.5,-0.00446365602372166
5.515,0.5,-0.00454587512268927
5.516,0.5,-0.00462759290136026
5.517,0.5,-0.00470880934622895
5.518,0.5,-0.00478952444356779
5.519,0.5,-0.00486973817943352
5.52,0.5,-0.00494945053967328
5.521,0.5,-0.00502866150993069
5.522,0.5,-0.00510737107565188
5.523,0.5,-0.0051855792220915
5.524,0.5,-0.00526328593431867
5.525,0.5,-0.00534049119722293
5.526,0.5,-0.00541719499552008
5.527,0.5,-0.00549339731375809
5.528,0.5,-0.00556909813632289
5.529,0.5,-0.0056442974474441
5.53,0.5,-0.00571899523120086
5.531,0.5,-0.00579319147152743
5.532,0.5,-0.00586688615221894
5.533,0.5,-0.00594007925693695
5.534,0.5,-0.0060127707692151
5.535,0.5,-0.00608496067246457
5.536,0.5,-0.00615664894997971
5.537,0.5,-0.00622783558494342
5.538,0.5,-0.00629852056043261
5.539,0.5,-0.00636870385942365
5.54,0.5,-0.00643838546479767
5.541,0.5,-0.00650756535934592
5.542,0.5,-0.00657624352577503
5.543,0.5,-0.00664441994671231
5.544,0.5,-0.0067120946047109
5.545,0.5,-0.006779267482255
5.546,0.5,-0.00684593856176498
5.547,0.5,-0.00691210782560248
5.548,0.5,-0.00697777525607546
5.549,0.5,-0.00704294083544328
5.55,0.5,-0.00710760454592161
5.551,0.5,-0.00717176636968745
5.552,0.5,-0.00723542628888399
5.553,0.5,-0.00729858428562552
5.554,0.5,-0.00736124034200224
5.555,0.5,-0.00742339444008509
5.556,0.5,-0.00748504656193046
5.557,0.5,-0.007546196689585
5.558,0.5,-0.00760684480509021
5.559,0.5,-0.00766699089048715
5.56,0.5,-0.00772663492782103
5.561,0.5,-0.00778577689914582
5.562,0.5,-0.0078444167865287
5.563,0.5,-0.00790255457205467
5.564,0.5,-0.00796019023783091
5.565,0.5,-0.00801732376599128
5.566,0.5,-0.00807395513870064
5.567,0.5,-0.00813008433815927
5.568,0.5,-0.00818571134660712
5.569,0.5,-0.0082408361463281
5.57,0.5,-0.00829545871965432
5.571,0.5,-0.00834957904897031
5.572,0.5,-0.00840319711671711
5.573,0.5,-0.00845631290539648
5.574,0.5,-0.00850892639757492
5.575,0.5,-0.00856103757588774
5.576,0.5,-0.00861264642304306
5.577,0.5,-0.0086637529218258
5.578,0.5,-0.0087143570551016
5.579,0.5,-0.00876445880582069
5.58,0.5,-0.00881405815702181
5.581,0.5,-0.00886315509183596
5.582,0.5,-0.00891174959349023
5.583,0.5,-0.00895984164531153
5.584,0.5,-0.00900743123073029
5.585,0.5,-0.00905451833328414
5.586,0.5,-0.00910110293662153
5.587,0.5,-0.00914718502450533
5.588,0.5,-0.00919276458081639
5.589,0.5,-0.00923784158955703
5.59,0.5,-0.00928241603485458
5.591,0.5,-0.00932648790096473
5.592,0.5,-0.00937005717227504
5.593,0.5,-0.00941312383330823
5.594,0.5,-0.00945568786872552
5.595,0.5,-0.00949774926332994
5.596,0.5,-0.0095393080020696
5.597,0.5,-0.00958036407004084
5.598,0.5,-0.00962091745249147
5.599,0.5,-0.00966096813482388
5.6,0.5,-0.00970051610259815
5.601,0.5,-0.00973956134153512
5.602,0.5,-0.00977810383751937
5.603,0.5,-0.00981614357660229
5.604,0.5,-0.00985368054500496
5.605,0.5,-0.00989071472912107
5.606,0.5,-0.00992724611551983
5.607,0.5,-0.00996327469094879
5.608,0.5,-0.0099988004423366
5.609,0.5,-0.0100338233567958
5.61,0.5,-0.0100683434216257
5.611,0.5,-0.0101023606243146
5.612,0.5,-0.010135874952543
5.613,0.5,-0.0101688863941858
5.614,0.5,-0.0102013949373152
5.615,0.5,-0.010233400570203
5.616,0.5,-0.0102649032813229
5.617,0.5,-0.0102959030593535
5.618,0.5,-0.0103263998931804
5.619,0.5,-0.0103563937718984
5.62,0.5,-0.0103858846848143
5.621,0.5,-0.0104148726214488
5.622,0.5,-0.0104433575715388
5.623,0.5,-0.0104713395250401
5.624,0.5,-0.0104988184721289
5.625,2.5,-0.0105257944032045
5.626,2.5,-0.010552267308891
5.627,2.5,-0.0105762371800397
5.628,2.5,-0.0105977040277312
5.629,2.5,-0.0106166678643343
5.63,2.5,-0.0106331287035157
5.631,2.5,-0.0106470865602479
5.632,2.5,-0.0106585414508159
5.633,2.5,-0.0106674933928236
5.634,2.5,-0.0106739424051993
5.635,2.5,-0.0106778885081995
5.636,2.5,-0.0106793317234124
5.637,2.5,-0.0106782720737607
5.638,2.5,-0.0106747095835023
5.639,2.5,-0.0106686442782314
5.64,2.5,-0.010660076184878
5.641,2.5,-0.0106490053317062
5.642,2.5,-0.0106354317483124
5.643,2.5,-0.0106193554656215
5.644,2.5,-0.0106007765158833
5.645,2.5,-0.0105796949326667
5.646,2.5,-0.0105561107508545
5.647,2.5,-0.0105300240066354
5.648,2.5,-0.010501434737497
5.649,2.5,-0.010470342982216
5.65,2.5,-0.0104367487808494
5.651,2.5,-0.0104006521747227
5.652,2.5,-0.0103620532064189
5.653,2.5,-0.0103209519197657
5.654,2.5,-0.0102773483598217
5.655,2.5,-0.0102312425728621
5.656,2.5,-0.0101826346063631
5.657,2.5,-0.0101315245089856
5.658,2.5,-0.010077912330558
5.659,2.5,-0.0100217981220574
5.66,2.5,-0.00996318193559093
5.661,2.5,-0.00990206382437542
5.662,2.5,-0.00983844384271616
5.663,2.5,-0.00977232204598502
5.664,2.5,-0.00970369849059742
5.665,2.5,-0.00963257323398842
5.666,2.5,-0.00955894633458787
5.667,2.5,-0.00948281785179464
5.668,2.5,-0.00940418784594986
5.669,2.5,-0.00932305637830928
5.67,2.5,-0.00923942351101465
5.671,2.5,-0.00915328930706419
5.672,2.5,-0.00906465383028209
5.673,2.5,-0.00897351714528714
5.674,2.5,-0.0088798793174603
5.675,2.5,-0.0087837404129115
5.676,2.5,-0.00868510049844533
5.677,2.5,-0.00858395964152591
5.678,2.5,-0.00848031791024079
5.679,2.5,-0.00837417537326391
5.68,2.5,-0.0082655320998176
5.681,2.5,-0.00815438815963369
5.682,2.5,-0.00804074362291367
5.683,2.5,-0.00792459856028785
5.684,2.5,-0.00780595304277371
5.685,2.5,-0.00768480714173319
5.686,2.5,-0.00756116092882911
5.687,2.5,-0.00743501447598063
5.688,2.5,-0.00730636785531782
5.689,2.5,-0.00717522113913521
5.69,2.5,-0.00704157439984448
5.691,2.5,-0.00690542770992618
5.692,2.5,-0.00676678114188053
5.693,2.5,-0.00662563476817727
5.694,2.5,-0.00648198866120456
5.695,2.5,-0.00633584289321703
5.696,2.5,-0.00618719753628274
5.697,2.5,-0.0060360526622294
5.698,2.5,-0.00588240834258947
5.699,2.5,-0.00572626464854444
5.7,2.5,-0.00556762165086815
5.701,2.5,-0.00540647941986917
5.702,2.5,-0.00524283802533222
5.703,2.5,-0.00507669753645873
5.704,2.5,-0.00490805802180637
5.705,2.5,-0.0047369195492277
5.706,2.5,-0.00456328218580792
5.707,2.5,-0.0043871459978016
5.708,2.5,-0.00420851105056856
5.709,2.5,-0.00402737740850874
5.71,2.5,-0.00384374513499621
5.711,2.5,-0.00365761429231219
5.712,2.5,-0.00346898494157718
5.713,2.5,-0.00327785714268213
5.714,2.5,-0.00308423095421864
5.715,2.5,-0.00288810643340836
5.716,2.5,-0.00268948363603127
5.717,2.5,-0.00248836261635319
5.718,2.5,-0.00228474342705224
5.719,2.5,-0.00207862611914448
5.72,2.5,-0.00187001074190848
5.721,2.5,-0.00165889734280909
5.722,2.5,-0.00144528596742019
5.723,2.5,-0.00122917665934653
5.724,2.5,-0.00101056946014467
5.725,2.5,-0.000789464409242911
5.726,2.5,-0.0005658615438604
5.727,2.5,-0.00033976089892519
5.728,2.5,-0.000111162506991448
5.729,2.5,0.000119933601844312
5.73,2.5,0.000353527400027911
5.731,2.5,0.000589618861913926
5.732,2.5,0.000828207959760782
5.733,2.5,0.0010692946630254
5.734,2.5,0.00131287893827477
5.735,2.5,0.00155896074909662
5.736,2.5,0.00180754005600908
5.737,2.5,0.0020586168163695
5.738,2.5,0.00231219098428229
5.739,2.5,0.00256826251050583
5.74,2.5,0.00282683134235842
5.741,2.5,0.00308789742362339
5.742,2.5,0.00335146069445316
5.743,2.5,0.00361752109127246
5.744,2.5,0.00388607854668057
5.745,2.5,0.00415713298935266
5.746,2.5,0.00443068434394015
5.747,2.5,0.00470673253097024
5.748,2.5,0.00498527746674435
5.749,2.5,0.00526631906323584
5.75,2.5,0.00554985722798657
5.751,2.5,0.00583589186400275
5.752,2.5,0.00612442286964968
5.753,2.5,0.00641545013854571
5.754,2.5,0.00670897355945516
5.755,2.5,0.00700499301618039
5.756,2.5,0.00730350838745291
5.757,2.5,0.00760451954682352
5.758,2.5,0.00790802636255168
5.759,2.5,0.00821402869749374
5.76,2.5,0.00852252640899042
5.761,2.5,0.00883351934875331
5.762,2.5,0.00914700736275039
5.763,2.5,0.00946299029109072
5.764,2.5,0.00978146796790818
5.765,2.5,0.0101024402212442
5.766,2.5,0.0104259068729299
5.767,2.5,0.0107518677384665
5.768,2.5,0.0110803226269062
5.769,2.5,0.0114112713407305
5.77,2.5,0.0117447136757289
5.771,2.5,0.0120806494208761
5.772,2.5,0.0124190783582083
5.773,2.5,0.012760000262699
5.774,2.5,0.0131034149021329
5.775,2.5,0.0134493220369802
5.776,2.5,0.0137977214202692
5.777,2.5,0.0141486127974577
5.778,2.5,0.0145019959063045
5.779,2.5,0.0148578704767392
5.78,2.5,0.015216236230731
5.781,2.5,0.0155770928821574
5.782,2.5,0.0159404401366712
5.783,2.5,0.0163062776915669
5.784,2.5,0.0166746052356462
5.785,2.5,0.0170454224490827
5.786,2.5,0.0174187290032857
5.787,2.5,0.0177945245607624
5.788,2.5,0.0181728087749806
5.789,2.5,0.018553581290229
5.79,2.5,0.0189368417414778
5.791,2.5,0.0193225897542376
5.792,2.5,0.0197108249444179
5.793,2.5,0.0201015469181844
5.794,2.5,0.0204947552718157
5.795,2.5,0.0208904495915587
5.796,2.5,0.0212886294534837
5.797,2.5,0.021689294423338
5.798,2.5,0.022092444056399
5.799,2.5,0.0224980778973263
5.8,2.5,0.0229061954800131
5.801,2.5,0.0233167963274364
5.802,2.5,0.0237298799515064
5.803,2.5,0.0241454458529154
5.804,2.5,0.0245634935209853
5.805,2.5,0.0249840224335146
5.806,2.5,0.0254070320566245
5.807,2.5,0.0258325218446037
5.808,2.5,0.0262604912397531
5.809,2.5,0.0266909396722289
5.81,2.5,0.0271238665598854
5.811,2.5,0.0275592713081165
5.812,2.5,0.0279971533096967
5.813,2.5,0.028437511944621
5.814,2.5,0.0288803465799441
5.815,2.5,0.0293256565696187
5.816,2.5,0.029773441254333
5.817,2.5,0.030223699961347
5.818,2.5,0.0306764320043289
5.819,2.5,0.0311316366831894
5.82,2.5,0.0315893132839161
5.821,2.5,0.0320494610784067
5.822,2.5,0.0325120793243015
5.823,2.5,0.032977167264815
5.824,2.5,0.0334447241285666
5.825,2.5,0.0339147491294104
5.826,2.5,0.034387241466265
5.827,2.5,0.034862200322941
5.828,2.5,0.035339624867969
5.829,2.5,0.0358195142544263
5.83,2.5,0.0363018676197625
5.831,2.5,0.0367866840856251
5.832,2.5,0.0372739627576832
5.833,2.5,0.0377637027254515
5.834,2.5,0.0382559030621125
5.835,2.5,0.0387505628243392
5.836,2.5,0.0392476810521152
5.837,2.5,0.0397472567685559
5.838,2.5,0.0402492889797278
5.839,2.5,0.0407537766744671
5.84,2.5,0.0412607188241978
5.841,2.5,0.0417701143827492
5.842,2.5,0.0422819622861721
5.843,2.5,0.0427962614525546
5.844,2.5,0.043313010781837
5.845,2.5,0.0438322091556263
5.846,2.5,0.0443538554370092
5.847,2.5,0.0448779484703654
5.848,2.5,0.0454044870811789
5.849,2.5,0.0459334700758498
5.85,2.5,0.0464648962415046
5.851,2.5,0.046998764345806
5.852,2.5,0.0475350731367617
5.853,2.5,0.0480738213425332
5.854,2.5,0.0486150076712433
5.855,2.5,0.0491586308107826
5.856,2.5,0.0497046894286162
5.857,2.5,0.0502531821715891
5.858,2.5,0.0508041076657307
5.859,2.5,0.0513574645160595
5.86,2.5,0.0519132513063858
5.861,2.5,0.0524714665991153
5.862,2.5,0.0530321089350502
5.863,2.5,0.0535951768331917
5.864,2.5,0.0541606687905397
5.865,2.5,0.0547285832818936
5.866,2.5,0.0552989187596515
5.867,2.5,0.0558716736536089
5.868,2.5,0.056446846370757
5.869,2.5,0.05702443529508
5.87,2.5,0.0576044387873522
5.871,2.5,0.0581868551849339
5.872,2.5,0.0587716828015674
5.873,2.5,0.0593589199271718
5.874,2.5,0.0599485648276375
5.875,2.5,0.0605406157446199
5.876,2.5,0.0611350708953324
5.877,2.5,0.0617319284723395
5.878,2.5,0.0623311866433486
5.879,2.5,0.0629328435510011
5.88,2.5,0.0635368973126639
5.881,2.5,0.064143346020219
5.882,2.5,0.0647521877398541
5.883,2.5,0.0653634205118511
5.884,2.5,0.0659770423503749
5.885,2.5,0.0665930512432617
5.886,2.5,0.0672114451518068
5.887,2.5,0.0678322220105509
5.888,2.5,0.0684553797270674
5.889,2.5,0.0690809161817482
5.89,2.5,0.069708829227589
5.891,2.5,0.070339116689975
5.892,2.5,0.0709717763664645
5.893,2.5,0.0716068060265738
5.894,2.5,0.0722442034115605
5.895,2.5,0.0728839662342066
5.896,2.5,0.0735260921786013
5.897,2.5,0.0741705788999232
5.898,2.5,0.0748174240242222
5.899,2.5,0.0754666251482005
5.9,2.5,0.0761181798389941
5.901,2.5,0.0767720856339531
5.902,2.5,0.0774283400404216
5.903,2.5,0.0780869405355177
5.904,2.5,0.0787478845659128
5.905,2.5,0.0794111695476105
5.906,2.5,0.0800767928657253
5.907,2.5,0.0807447518742608
5.908,2.5,0.0814150438958872
5.909,2.5,0.0820876662217196
5.91,2.5,0.0827626161110943
5.911,2.5,0.0834398907913466
5.912,2.5,0.0841194874575864
5.913,2.5,0.0848014032724752
5.914,2.5,0.0854856353660015
5.915,2.5,0.086172180835257
5.916,2.5,0.0868610367442115
5.917,2.5,0.0875522001234881
5.918,2.5,0.0882456679701383
5.919,2.5,0.0889414372474164
5.92,2.5,0.0896395048845538
5.921,2.5,0.0903398677765334
5.922,2.5,0.0910425227838631
5.923,2.5,0.0917474667323501
5.924,2.5,0.0924546964128736
5.925,2.5,0.0931642085811591
5.926,2.5,0.0938759999575507
5.927,2.5,0.0945900672267845
5.928,2.5,0.0953064070377614
5.929,2.5,0.0960250160033197
5.93,2.5,0.0967458907000078
5.931,2.5,0.0974690276678565
5.932,2.5,0.0981944234101514
5.933,2.5,0.0989220743932049
5.934,2.5,0.0996519770461289
5.935,2.5,0.100384127760606
5.936,2.5,0.101118522890663
5.937,2.5,0.101855158752441
5.938,2.5,0.102594031623969
5.939,2.5,0.103335137744934
5.94,2.5,0.104078473316454
5.941,2.5,0.104824034500852
5.942,2.5,0.105571817421422
5.943,2.5,0.106321818162208
5.944,2.5,0.107074032767771
5.945,2.5,0.107828457242962
5.946,2.5,0.108585087552697
5.947,2.5,0.109343919621723
5.948,2.5,0.110104949334398
5.949,2.5,0.110868172534456
5.95,2.5,0.111633585024786
5.951,2.5,0.112401182567199
5.952,2.5,0.113170960882204
5.953,2.5,0.113942915648779
5.954,2.5,0.114717042504148
5.955,2.5,0.115493337043547
5.956,2.5,0.116271794820004
5.957,2.5,0.117052411344112
5.958,2.5,0.117835182083797
5.959,2.5,0.1186201024641
5.96,2.5,0.119407167866946
5.961,2.5,0.12019637363092
5.962,2.5,0.120987715051043
5.963,2.5,0.121781187378546
5.964,2.5,0.122576785820645
5.965,2.5,0.123374505540321
5.966,2.5,0.124174341656088
5.967,2.5,0.124976289241779
5.968,2.5,0.125780343326316
5.969,2.5,0.12658649889349
5.97,2.5,0.12739475088174
5.971,2.5,0.128205094183927
5.972,2.5,0.129017523647117
5.973,2.5,0.129832034072358
5.974,2.5,0.13064862021446
5.975,2.5,0.131467276781774
5.976,2.5,0.132287998435972
5.977,2.5,0.133110779791833
5.978,2.5,0.133935615417017
5.979,2.5,0.134762499831852
5.98,2.5,0.135591427509116
5.981,2.5,0.136422392873819
5.982,2.5,0.137255390302989
5.983,2.5,0.138090414125452
5.984,2.5,0.138927458621622
5.985,2.5,0.139766518023286
5.986,2.5,0.140607586513387
5.987,2.5,0.141450658225814
5.988,2.5,0.142295727245189
5.989,2.5,0.143142787606656
5.99,2.5,0.14399183329567
5.991,2.5,0.144842858247786
5.992,2.5,0.145695856348451
5.993,2.5,0.146550821432795
5.994,2.5,0.147407747285424
5.995,2.5,0.148266627640214
5.996,2.5,0.1491274561801
5.997,2.5,0.14999022653688
5.998,2.5,0.150854932291001
5.999,2.5,0.151721566971364
6,2.5,0.152590124055115
6.001,2.5,0.153460596967447
6.002,2.5,0.154332979081402
6.003,2.5,0.155207263717665
6.004,2.5,0.156083444144371
6.005,2.5,0.156961513576905
6.006,2.5,0.157841465177706
6.007,2.5,0.158723292056072
6.008,2.5,0.159606987267966
6.009,2.5,0.160492543815823
6.01,2.5,0.161379954648354
6.011,2.5,0.162269212660361
6.012,2.5,0.163160310692544
6.013,2.5,0.164053241531313
6.014,2.5,0.164947997908598
6.015,2.5,0.165844572501668
6.016,2.5,0.166742957932942
6.017,2.5,0.167643146769806
6.018,2.5,0.168545131524431
6.019,2.5,0.169448904653592
6.02,2.5,0.170354458558488
6.021,2.5,0.171261785584562
6.022,2.5,0.172170878021328
6.023,2.5,0.173081728102189
6.024,2.5,0.173994328004268
6.025,2.5,0.174908669848233
6.026,2.5,0.175824745698125
6.027,2.5,0.176742547561189
6.028,2.5,0.177662067387705
6.029,2.5,0.178583297070819
6.03,2.5,0.179506228446382
6.031,2.5,0.180430853292781
6.032,2.5,0.18135716333078
6.033,2.5,0.182285150223358
6.034,2.5,0.183214805575551
6.035,2.5,0.18414612093429
6.036,2.5,0.18507908778825
6.037,2.5,0.186013697567696
6.038,2.5,0.186949941644326
6.039,2.5,0.187887811331123
6.04,2.5,0.188827297882206
6.041,2.5,0.189768392492682
6.042,2.5,0.190711086298501
6.043,2.5,0.191655370376313
6.044,2.5,0.192601235743323
6.045,2.5,0.193548673357155
6.046,2.5,0.19449767411571
6.047,2.5,0.195448228857033
6.048,2.5,0.196400328359179
6.049,2.5,0.197353963340075
6.05,2.5,0.198309124457397
6.051,2.5,0.199265802308436
6.052,2.5,0.200223987429976
6.053,2.5,0.201183670298165
6.054,2.5,0.202144841328398
6.055,2.5,0.20310749087519
6.056,2.5,0.204071609232064
6.057,2.5,0.205037186631434
6.058,2.5,0.206004213244488
6.059,2.5,0.206972679181078
6.06,2.5,0.207942574489611
6.061,2.5,0.208913889156944
6.062,2.5,0.209886613108272
6.063,2.5,0.210860736207034
6.064,2.5,0.211836248254806
6.065,2.5,0.212813138991206
6.066,2.5,0.213791398093796
6.067,2.5,0.214771015177992
6.068,2.5,0.21575197979697
6.069,2.5,0.216734281441578
6.07,2.5,0.217717909540249
6.071,2.5,0.218702853458921
6.072,2.5,0.21968910250095
6.073,2.5,0.220676645907036
6.074,2.5,0.221665472855144
6.075,2.5,0.222655572460432
6.076,2.5,0.223646933775177
6.077,2.5,0.22463954578871
6.078,2.5,0.225633397427348
6.079,2.5,0.226628477554331
6.08,2.5,0.227624774969763
6.081,2.5,0.228622278410549
6.082,2.5,0.229620976550346
6.083,2.5,0.230620857999508
6.084,2.5,0.231621911305033
6.085,2.5,0.232624124950521
6.086,2.5,0.233627487356128
6.087,2.5,0.234631986878523
6.088,2.5,0.235637611810852
6.089,2.5,0.2366443503827
6.09,2.5,0.237652190760059
6.091,2.5,0.238661121045301
6.092,2.5,0.239671129277145
6.093,2.5,0.24068220343064
6.094,2.5,0.241694331417138
6.095,2.5,0.24270750108428
6.096,2.5,0.243721700215979
6.097,2.5,0.24473691653241
6.098,2.5,0.245753137689998
6.099,2.5,0.246770351281418
6.1,2.5,0.247788544835584
6.101,2.5,0.248807705817658
6.102,2.5,0.249827821629048
6.103,2.5,0.250848879607418
6.104,2.5,0.251870867026698
6.105,2.5,0.252893771097092
6.106,2.5,0.253917578965105
6.107,2.5,0.254942277713553
6.108,2.5,0.25596785436159
6.109,2.5,0.256994295864737
6.11,2.5,0.258021589114907
6.111,2.5,0.259049720940442
6.112,2.5,0.260078678106147
6.113,2.5,0.261108447313333
6.114,2.5,0.262139015199857
6.115,2.5,0.26317036834017
6.116,2.5,0.264202493245369
6.117,2.5,0.265235376363251
6.118,2.5,0.266269004078365
6.119,2.5,0.26730336271208
6.12,2.5,0.268338438522645
6.121,2.5,0.26937421770526
6.122,2.5,0.270410686392143
6.123,2.5,0.271447830652609
6.124,2.5,0.272485636493151
6.125,2.5,0.273524089857515
6.126,2.5,0.274563176626793
6.127,2.5,0.275602882619509
6.128,2.5,0.276643193591717
6.129,2.5,0.277684095237093
6.13,2.5,0.278725573187038
6.131,2.5,0.279767613010785
6.132,2.5,0.280810200215505
6.133,2.5,0.28185332024642
6.134,2.5,0.282896958486922
6.135,2.5,0.283941100258688
6.136,2.5,0.284985730821808
6.137,2.5,0.286030835374912
6.138,2.5,0.287076399055301
6.139,2.5,0.288122406939084
6.14,2.5,0.289168844041316
6.141,2.5,0.290215695316142
6.142,2.5,0.291262945656946
6.143,2.5,0.292310579896502
6.144,2.5,0.293358582807127
6.145,2.5,0.294406939100846
6.146,2.5,0.295455633429548
6.147,2.5,0.296504650385163
6.148,2.5,0.297553974499825
6.149,2.5,0.298603590246053
6.15,2.5,0.299653482036931
6.151,2.5,0.300703634226288
6.152,2.5,0.30175403110889
6.153,2.5,0.302804656920633
6.154,2.5,0.303855495838735
6.155,2.5,0.304906531981942
6.156,2.5,0.305957749410728
6.157,2.5,0.30700913212751
6.158,2.5,0.308060664076853
6.159,2.5,0.309112329145697
6.16,2.5,0.310164111163571
6.161,2.5,0.311215993902824
6.162,2.5,0.312267961078854
6.163,2.5,0.31331999635034
6.164,2.5,0.314372083319486
6.165,2.5,0.315424205532259
6.166,2.5,0.316476346478641
6.167,2.5,0.317528489592877
6.168,2.5,0.318580618253735
6.169,2.5,0.319632715784764
6.17,2.5,0.32068476545456
6.171,2.5,0.321736750477034
6.172,2.5,0.322788654011687
6.173,2.5,0.323840459163891
6.174,2.5,0.324892148985163
6.175,2.5,0.325943706473463
6.176,2.5,0.326995114573476
6.177,2.5,0.328046356176913
6.178,2.5,0.329097414122811
6.179,2.5,0.330148271197834
6.18,2.5,0.331198910136586
6.181,2.5,0.332249313621925
6.182,2.5,0.333299464285277
6.183,2.5,0.334349344706963
6.184,2.5,0.335398937416521
6.185,2.5,0.336448224893046
6.186,2.5,0.337497189565514
6.187,2.5,0.338545813813136
6.188,2.5,0.33959407996569
6.189,2.5,0.340641970303882
6.19,2.5,0.341689467059692
6.191,2.5,0.342736552416736
6.192,2.5,0.343783208510629
6.193,2.5,0.344829417429352
6.194,2.5,0.345875161213624
6.195,2.5,0.346920421857281
6.196,2.5,0.347965181307652
6.197,2.5,0.349009421465951
6.198,2.5,0.350053124187664
6.199,2.5,0.351096271282943
6.2,2.5,0.352138844517007
6.201,2.5,0.353180825610545
6.202,2.5,0.354222196240128
6.203,2.5,0.355262938038615
6.204,2.5,0.356303032595576
6.205,2.5,0.357342461457712
6.206,2.5,0.358381206129285
6.207,2.5,0.359419248072541
6.208,2.5,0.360456568708155
6.209,2.5,0.361493149415666
6.21,2.5,0.362528971533922
6.211,2.5,0.36356401636153
6.212,2.5,0.364598265157309
6.213,2.5,0.365631699140751
6.214,2.5,0.366664299492479
6.215,2.5,0.367696047354718
6.216,2.5,0.368726923831765
6.217,2.5,0.369756909990466
6.218,2.5,0.370785986860697
6.219,2.5,0.371814135435847
6.22,2.5,0.37284133667331
6.221,2.5,0.373867571494978
6.222,2.5,0.37489282078774
6.223,2.5,0.375917065403983
6.224,2.5,0.376940286162103
6.225,2.5,0.377962463847013
6.226,2.5,0.378983579210664
6.227,2.5,0.380003612972559
6.228,2.5,0.381022545820284
6.229,2.5,0.382040358410033
6.23,2.5,0.383057031367146
6.231,2.5,0.384072545286643
6.232,2.5,0.385086880733769
6.233,2.5,0.386100018244539
6.234,2.5,0.387111938326292
6.235,2.5,0.388122621458241
6.236,2.5,0.389132048092039
6.237,2.5,0.390140198652339
6.238,2.5,0.391147053537361
6.239,2.5,0.39215259311947
6.24,2.5,0.393156797745746
6.241,2.5,0.394159647738568
6.242,2.5,0.395161123396199
6.243,2.5,0.396161204993377
6.244,2.5,0.397159872781903
6.245,2.5,0.398157106991242
6.246,2.5,0.399152887829125
6.247,2.5,0.400147195482154
6.248,2.5,0.401140010116409
6.249,2.5,0.402131311878067
6.25,2.5,0.403121080894015
6.251,2.5,0.404109297272472
6.252,2.5,0.40509594110362
6.253,2.5,0.406080992460225
6.254,2.5,0.407064431398279
6.255,2.5,0.408046237957633
6.256,2.5,0.409026392162639
6.257,2.5,0.410004874022795
6.258,2.5,0.410981663533395
6.259,2.5,0.411956740676182
6.26,2.5,0.412930085420003
6.261,2.5,0.413901677721473
6.262,2.5,0.414871497525633
6.263,2.5,0.415839524766624
6.264,2.5,0.416805739368357
6.265,2.5,0.417770121245185
6.266,2.5,0.418732650302585
6.267,2.5,0.419693306437839
6.268,2.5,0.420652069540721
6.269,2.5,0.421608919494185
6.27,2.5,0.422563836175059
6.271,2.5,0.423516799454742
6.272,2.5,0.424467789199901
6.273,2.5,0.425416785273177
6.274,2.5,0.42636376753389
6.275,2.5,0.427308715838751
6.276,2.5,0.428251610042572
6.277,2.5,0.429192429998986
6.278,2.5,0.430131155561162
6.279,2.5,0.431067766582534
6.28,2.5,0.43200224291752
6.281,2.5,0.432934564422259
6.282,2.5,0.433864710955335
6.283,2.5,0.43479266237852
6.284,2.5,0.435718398557505
6.285,2.5,0.436641899362646
6.286,2.5,0.437563144669709
6.287,2.5,0.438482114360611
6.288,2.5,0.439398788324177
6.289,2.5,0.440313146456889
6.29,2.5,0.441225168663639
6.291,2.5,0.442134834858494
6.292,2.5,0.44304212496545
6.293,2.5,0.4439470189192
6.294,2.5,0.444849496665899
6.295,2.5,0.445749538163929
6.296,2.5,0.446647123384678
6.297,2.5,0.447542232313305
6.298,2.5,0.448434844949522
6.299,2.5,0.44932494130837
6.3,2.5,0.450212501421001
6.301,2.5,0.451097505335458
6.302,2.5,0.451979933117465
6.303,2.5,0.452859764851212
6.304,2.5,0.453736980640142
6.305,2.5,0.45461156060775
6.306,2.5,0.455483484898367
6.307,2.5,0.456352733677966
6.308,2.5,0.457219287134951
6.309,2.5,0.458083125480964
6.31,2.5,0.458944228951679
6.311,2.5,0.459802577807614
6.312,2.5,0.460658152334928
6.313,2.5,0.461510932846233
6.314,2.5,0.4623608996814
6.315,2.5,0.46320803320837
6.316,2.5,0.464052313823966
6.317,2.5,0.464893721954705
6.318,2.5,0.465732238057614
6.319,2.5,0.466567842621044
6.32,2.5,0.467400516165489
6.321,2.5,0.468230239244404
6.322,2.5,0.469056992445026
6.323,2.5,0.469880756389193
6.324,2.5,0.470701511734165
6.325,2.5,0.471519239173454
6.326,2.5,0.47233391943764
6.327,2.5,0.4731455332952
6.328,2.5,0.473954061553335
6.329,2.5,0.474759485058796
6.33,2.5,0.47556178469871
6.331,2.5,0.476360941401412
6.332,2.5,0.477156936137269
6.333,2.5,0.477949749919517
6.334,2.5,0.478739363805085
6.335,2.5,0.479525758895428
6.336,2.5,0.480308916337358
6.337,2.5,0.481088817323878
6.338,2.5,0.48186544309501
6.339,2.5,0.48263877493863
6.34,2.5,0.483408794191301
6.341,2.5,0.484175482239103
6.342,2.5,0.484938820518466
6.343,2.5,0.485698790517007
6.344,2.5,0.486455373774356
6.345,2.5,0.487208551882996
6.346,2.5,0.487958306489087
6.347,2.5,0.488704619293306
6.348,2.5,0.489447472051676
6.349,2.5,0.490186846576395
6.35,2.5,0.490922724736672
6.351,2.5,0.491655088459552
6.352,2.5,0.492383919730755
6.353,2.5,0.493109200595494
6.354,2.5,0.493830913159314
6.355,2.5,0.494549039588916
6.356,2.5,0.495263562112984
6.357,2.5,0.495974463023012
6.358,2.5,0.496681724674133
6.359,2.5,0.497385329485938
6.36,2.5,0.498085259943304
6.361,2.5,0.498781498597215
6.362,2.5,0.499474028065586
6.363,2.5,0.500162831034079
6.364,2.5,0.500847890256924
6.365,2.5,0.501529188557738
6.366,2.5,0.50220670883034
6.367,2.5,0.502880434039565
6.368,2.5,0.503550347222077
6.369,2.5,0.504216431487185
6.37,2.5,0.504878670017645
6.371,2.5,0.505537046070475
6.372,2.5,0.506191542977759
6.373,2.5,0.50684214414745
6.374,2.5,0.507488833064175
6.375,2.5,0.508131593290033
6.376,2.5,0.508770408465397
6.377,2.5,0.509405262309707
6.378,2.5,0.510036138622265
6.379,2.5,0.510663021283028
6.38,2.5,0.511285894253398
6.381,2.5,0.511904741577004
6.382,2.5,0.512519547380496
6.383,2.5,0.513130295874319
6.384,2.5,0.513736971353496
6.385,2.5,0.514339558198404
6.386,2.5,0.51493804087555
6.387,2.5,0.515532403938342
6.388,2.5,0.516122632027854
6.389,2.5,0.516708709873598
6.39,2.5,0.517290622294281
6.391,2.5,0.517868354198568
6.392,2.5,0.518441890585838
6.393,2.5,0.519011216546938
6.394,2.5,0.51957631726493
6.395,2.5,0.520137178015842
6.396,2.5,0.52069378416941
6.397,2.5,0.521246121189818
6.398,2.5,0.521794174636434
6.399,2.5,0.522337930164544
6.4,2.5,0.522877373526081
6.401,2.5,0.523412490570353
6.402,2.5,0.52394326724476
6.403,2.5,0.524469689595519
6.404,2.5,0.524991743768372
6.405,2.5,0.525509416009301
6.406,2.5,0.526022692665231
6.407,2.5,0.526531560184738
6.408,2.5,0.527036005118739
6.409,2.5,0.527536014121194
6.41,2.5,0.528031573949791
6.411,2.5,0.528522671466636
6.412,2.5,0.529009293638928
6.413,2.5,0.529491427539642
6.414,2.5,0.529969060348198
6.415,2.5,0.53044217935113
6.416,2.5,0.530910771942748
6.417,2.5,0.531374825625801
6.418,2.5,0.531834328012122
6.419,2.5,0.532289266823286
6.42,2.5,0.532739629891251
6.421,2.5,0.533185405158996
6.422,2.5,0.533626580681157
6.423,2.5,0.534063144624656
6.424,2.5,0.534495085269325
6.425,2.5,0.534922391008527
6.426,2.5,0.535345050349767
6.427,2.5,0.535763051915303
6.428,2.5,0.53617638444275
6.429,2.5,0.536585036785677
6.43,2.5,0.5369889979142
6.431,2.5,0.537388256915569
6.432,2.5,0.537782802994751
6.433,2.5,0.538172625475005
6.434,2.5,0.538557713798455
6.435,2.5,0.538938057526651
6.436,2.5,0.539313646341133
6.437,2.5,0.53968447004398
6.438,2.5,0.540050518558362
6.439,2.5,0.540411781929078
6.44,2.5,0.540768250323096
6.441,2.5,0.541119914030079
6.442,2.5,0.541466763462911
6.443,2.5,0.541808789158214
6.444,2.5,0.542145981776862
6.445,2.5,0.542478332104484
6.446,2.5,0.542805831051964
6.447,2.5,0.543128469655934
6.448,2.5,0.543446239079262
6.449,2.5,0.543759130611533
6.45,2.5,0.544067135669518
6.451,2.5,0.544370245797651
6.452,2.5,0.544668452668479
6.453,2.5,0.544961748083125
6.454,2.5,0.545250123971734
6.455,2.5,0.545533572393913
6.456,2.5,0.545812085539164
6.457,2.5,0.54608565572732
6.458,2.5,0.546354275408955
6.459,2.5,0.546617937165809
6.46,2.5,0.546876633711188
6.461,2.5,0.547130357890372
6.462,2.5,0.547379102681001
6.463,2.5,0.547622861193469
6.464,2.5,0.547861626671301
6.465,2.5,0.548095392491525
6.466,2.5,0.548324152165042
6.467,2.5,0.54854789933698
6.468,2.5,0.54876662778705
6.469,2.5,0.548980331429889
6.47,2.5,0.549189004315398
6.471,2.5,0.54939264062907
6.472,2.5,0.549591234692317
6.473,2.5,0.549784780962785
6.474,2.5,0.549973274034658
6.475,2.5,0.550156708638966
6.476,2.5,0.550335079643875
6.477,2.5,0.550508382054972
6.478,2.5,0.550676611015547
6.479,2.5,0.550839761806865
6.48,2.5,0.550997829848428
6.481,2.5,0.55115081069823
6.482,2.5,0.551298700053011
6.483,2.5,0.551441493748495
6.484,2.5,0.551579187759625
6.485,2.5,0.55171177820079
6.486,2.5,0.551839261326041
6.487,2.5,0.551961633529305
6.488,2.5,0.552078891344589
6.489,2.5,0.552191031446173
6.49,2.5,0.552298050648799
6.491,2.5,0.552399945907852
6.492,2.5,0.552496714319535
6.493,2.5,0.552588353121027
6.494,2.5,0.552674859690647
6.495,2.5,0.552756231548002
6.496,2.5,0.552832466354125
6.497,2.5,0.552903561911612
6.498,2.5,0.552969516164748
6.499,2.5,0.553030327199621
6.5,2.5,0.553085993244239
6.501,2.5,0.553136512668626
6.502,2.5,0.553181883984921
6.503,2.5,0.553222105847461
6.504,2.5,0.553257177052864
6.505,2.5,0.553287096540094
6.506,2.5,0.553311863390531
6.507,2.5,0.55333147682802
6.508,2.5,0.553345936218919
6.509,2.5,0.553355241072144
6.51,2.5,0.553359391039192
6.511,2.5,0.553358385914169
6.512,2.5,0.553352225633807
6.513,2.5,0.553340910277466
6.514,2.5,0.553324440067138
6.515,2.5,0.553302815367438
6.516,2.5,0.553276036685585
6.517,2.5,0.553244104671381
6.518,2.5,0.553207020117179
6.519,2.5,0.553164783957838
6.52,2.5,0.553117397270681
6.521,2.5,0.553064861275436
6.522,2.5,0.553007177334171
6.523,2.5,0.552944346951227
6.524,2.5,0.552876371773132
6.525,2.5,0.552803253588517
6.526,2.5,0.552724994328024
6.527,2.5,0.552641596064193
6.528,2.5,0.552553061011361
6.529,2.5,0.552459391525537
6.53,2.5,0.552360590104277
6.531,2.5,0.552256659386549
6.532,2.5,0.552147602152591
6.533,2.5,0.55203342132376
6.534,2.5,0.551914119962372
6.535,2.5,0.551789701271542
6.536,2.5,0.551660168595003
6.537,2.5,0.55152552541693
6.538,2.5,0.551385775361749
6.539,2.5,0.551240922193938
6.54,2.5,0.551090969817828
6.541,2.5,0.550935922277384
6.542,2.5,0.550775783755989
6.543,2.5,0.550610558576219
6.544,2.5,0.550440251199601
6.545,2.5,0.550264866226376
6.546,2.5,0.550084408395248
6.547,2.5,0.549898882583123
6.548,2.5,0.549708293804847
6.549,2.5,0.549512647212932
6.55,2.5,0.549311948097276
6.551,2.5,0.549106201884875
6.552,2.5,0.548895414139528
6.553,2.5,0.548679590561535
6.554,2.5,0.548458736987386
6.555,2.5,0.548232859389446
6.556,2.5,0.548001963875627
6.557,2.5,0.54776605668906
6.558,2.5,0.547525144207755
6.559,2.5,0.547279232944253
6.56,2.5,0.547028329545275
6.561,2.5,0.546772440791361
6.562,2.5,0.546511573596501
6.563,2.5,0.546245735007763
6.564,2.5,0.545974932204909
6.565,2.5,0.545699172500008
6.566,2.5,0.545418463337039
6.567,2.5,0.54513281229149
6.568,2.5,0.544842227069947
6.569,2.5,0.544546715509681
6.57,2.5,0.54424628557822
6.571,2.5,0.543940945372925
6.572,2.5,0.543630703120547
6.573,2.5,0.543315567176791
6.574,2.5,0.54299554602586
6.575,2.5,0.542670648280001
6.576,2.5,0.542340882679045
6.577,2.5,0.542006258089933
6.578,2.5,0.541666783506241
6.579,2.5,0.541322468047699
6.58,2.5,0.540973320959703
6.581,2.5,0.540619351612818
6.582,2.5,0.540260569502276
6.583,2.5,0.539896984247472
6.584,2.5,0.539528605591447
6.585,2.5,0.539155443400368
6.586,2.5,0.538777507663005
6.587,2.5,0.538394808490195
6.588,2.5,0.538007356114308
6.589,2.5,0.5376151608887
6.59,2.5,0.537218233287163
6.591,2.5,0.536816583903371
6.592,2.5,0.536410223450319
6.593,2.5,0.535999162759753
6.594,2.5,0.535583412781598
6.595,2.5,0.535162984583381
6.596,2.5,0.534737889349645
6.597,2.5,0.534308138381359
6.598,2.5,0.533873743095326
6.599,2.5,0.533434715023576
6.6,2.5,0.532991065812769
6.601,2.5,0.532542807223573
6.602,2.5,0.532089951130058
6.603,2.5,0.531632509519065
6.604,2.5,0.531170494489586
6.605,2.5,0.530703918252128
6.606,2.5,0.530232793128077
6.607,2.5,0.529757131549056
6.608,2.5,0.529276946056278
6.609,2.5,0.528792249299895
6.61,2.5,0.528303054038338
6.611,2.5,0.527809373137661
6.612,2.5,0.52731121957087
6.613,2.5,0.526808606417256
6.614,2.5,0.526301546861716
6.615,2.5,0.525790054194076
6.616,2.5,0.525274141808408
6.617,2.5,0.524753823202336
6.618,2.5,0.524229111976349
6.619,2.5,0.5237000218331
6.62,2.5,0.523166566576706
6.621,2.5,0.522628760112044
6.622,2.5,0.522086616444036
6.623,2.5,0.521540149676943
6.624,2.5,0.52098937401364
6.625,2.5,0.520434303754901
6.626,2.5,0.519874953298669
6.627,2.5,0.519311337139328
6.628,2.5,0.518743469866973
6.629,2.5,0.518171366166667
6.63,2.5,0.517595040817711
6.631,2.5,0.51701450869289
6.632,2.5,0.516429784757734
6.633,2.5,0.515840884069761
6.634,2.5,0.515247821777732
6.635,2.5,0.514650613120883
6.636,2.5,0.514049273428174
6.637,2.5,0.513443818117523
6.638,2.5,0.512834262695037
6.639,2.5,0.512220622754246
6.64,2.5,0.51160291397533
6.641,2.5,0.510981152124342
6.642,2.5,0.510355353052433
6.643,2.5,0.509725532695069
6.644,2.5,0.509091707071249
6.645,2.5,0.508453892282718
6.646,2.5,0.50781210451318
6.647,2.5,0.507166360027505
6.648,2.5,0.506516675170938
6.649,2.5,0.5058630663683
6.65,2.5,0.505205550123195
6.651,2.5,0.504544143017205
6.652,2.5,0.503878861709088
6.653,2.5,0.503209722933979
6.654,2.5,0.502536743502575
6.655,2.5,0.501859940300334
6.656,2.5,0.501179330286661
6.657,2.5,0.500494930494097
6.658,2.5,0.499806758027502
6.659,2.5,0.499114830063246
6.66,2.5,0.498419163848385
6.661,2.5,0.497719776699847
6.662,2.5,0.497016686003608
6.663,2.5,0.496309909213872
6.664,2.5,0.495599463852251
6.665,2.5,0.494885367506934
6.666,2.5,0.494167637831865
6.667,2.5,0.49344629254592
6.668,2.5,0.49272134943207
6.669,2.5,0.49199282633656
6.67,2.5,0.491260741168077
6.671,2.5,0.490525111896917
6.672,2.5,0.489785956554153
6.673,2.5,0.489043293230809
6.674,2.5,0.488297140077016
6.675,2.5,0.487547515301189
6.676,2.5,0.486794437169184
6.677,2.5,0.486037924003469
6.678,2.5,0.485277994182283
6.679,2.5,0.484514666138807
6.68,2.5,0.483747958360321
6.681,2.5,0.482977889387369
6.682,2.5,0.482204477812927
6.683,2.5,0.481427742281559
6.684,2.5,0.480647701488587
6.685,2.5,0.479864374179246
6.686,2.5,0.479077779147855
6.687,2.5,0.478287935236974
6.688,2.5,0.47749486133657
6.689,2.5,0.47669857638318
6.69,2.5,0.475899099359075
6.691,2.5,0.475096449291422
6.692,2.5,0.47429064525145
6.693,2.5,0.473481706353616
6.694,2.5,0.472669651754766
6.695,2.5,0.471854500653305
6.696,2.5,0.471036272288364
6.697,2.5,0.470214985938962
6.698,2.5,0.469390660923177
6.699,2.5,0.468563316597318
6.7,2.5,0.467732972355088
6.701,2.5,0.466899647626759
6.702,2.5,0.466063361878342
6.703,2.5,0.465224134610758
6.704,2.5,0.464381985359015
6.705,2.5,0.463536933691379
6.706,2.5,0.462688999208551
6.707,2.5,0.461838201542846
6.708,2.5,0.460984560357367
6.709,2.5,0.46012809534519
6.71,2.5,0.459268826228542
6.711,2.5,0.458406772757981
6.712,2.5,0.457541954711586
6.713,2.5,0.456674391894139
6.714,2.5,0.455804104136313
6.715,2.5,0.454931111293858
6.716,2.5,0.454055433246798
6.717,2.5,0.453177089898618
6.718,2.5,0.45229610117546
6.719,2.5,0.451412487025319
6.72,2.5,0.450526267417242
6.721,2.5,0.449637462340524
6.722,2.5,0.448746091803916
6.723,2.5,0.447852175834825
6.724,2.5,0.446955734478521
6.725,2.5,0.446056787797345
6.726,2.5,0.445155355869922
6.727,2.5,0.444251458790369
6.728,2.5,0.443345116667516
6.729,2.5,0.442436349624118
6.73,2.5,0.441525177796079
6.731,2.5,0.440611621331671
6.732,2.5,0.439695700390762
6.733,2.5,0.438777435144041
6.734,2.5,0.43785684577225
6.735,2.5,0.436933952465412
6.736,2.5,0.436008775422072
6.737,2.5,0.435081334848533
6.738,2.5,0.434151650958093
6.739,2.5,0.433219743970293
6.74,2.5,0.432285634110163
6.741,2.5,0.431349341607467
6.742,2.5,0.43041088669596
6.743,2.5,0.429470289612639
6.744,2.5,0.428527570597005
6.745,2.5,0.427582749890319
6.746,2.5,0.426635847734871
6.747,2.5,0.425686884373245
6.748,2.5,0.424735880047588
6.749,2.5,0.423782854998886
6.75,2.5,0.422827829466239
6.751,2.5,0.421870823686143
6.752,2.5,0.42091185789177
6.753,2.5,0.419950952312259
6.754,2.5,0.418988127172001
6.755,2.5,0.418023402689935
6.756,2.5,0.417056799078846
6.757,2.5,0.416088336544663
6.758,2.5,0.415118035285765
6.759,2.5,0.414145915492283
6.76,2.5,0.41317199734542
6.761,2.5,0.412196301016754
6.762,2.5,0.411218846667567
6.763,2.5,0.41023965444816
6.764,2.5,0.409258744497178
6.765,2.5,0.408276136940944
6.766,2.5,0.407291851892786
6.767,2.5,0.406305909452379
6.768,2.5,0.405318329705081
6.769,2.5,0.40432913272128
6.77,2.5,0.403338338555738
6.771,2.5,0.402345967246948
6.772,2.5,0.401352038816488
6.773,2.5,0.400356573268378
6.774,2.5,0.399359590588448
6.775,2.5,0.3983611107437
6.776,2.5,0.397361153681685
6.777,2.5,0.396359739329878
6.778,2.5,0.395356887595052
6.779,2.5,0.39435261836267
6.78,2.5,0.393346951496266
6.781,2.5,0.39233990683684
6.782,2.5,0.391331504202255
6.783,2.5,0.390321763386634
6.784,2.5,0.389310704159766
6.785,2.5,0.388298346266516
6.786,2.5,0.387284709426236
6.787,2.5,0.386269813332181
6.788,2.5,0.385253677650933
6.789,2.5,0.384236322021825
6.79,2.5,0.38321776605637
6.791,2.5,0.382198029337695
6.792,2.5,0.381177131419982
6.793,2.5,0.380155091827907
6.794,2.5,0.379131930056091
6.795,2.5,0.378107665568546
6.796,2.5,0.377082317798136
6.797,2.5,0.376055906146035
6.798,2.5,0.37502844998119
6.799,2.5,0.373999968639794
6.8,2.5,0.372970481424753
6.801,2.5,0.371940007605171
6.802,2.5,0.370908566415827
6.803,2.5,0.369876177056663
6.804,2.5,0.368842858692277
6.805,2.5,0.367808630451416
6.806,2.5,0.366773511426477
6.807,2.5,0.365737520673012
6.808,2.5,0.364700677209237
6.809,2.5,0.363663000015547
6.81,2.5,0.36262450803403
6.811,2.5,0.361585220167993
6.812,2.5,0.360545155281489
6.813,2.5,0.359504332198847
6.814,2.5,0.358462769704212
6.815,2.5,0.35742048654108
6.816,2.5,0.356377501411848
6.817,2.5,0.355333832977362
6.818,2.5,0.354289499856473
6.819,2.5,0.353244520625593
6.82,2.5,0.352198913818263
6.821,2.5,0.351152697924717
6.822,2.5,0.350105891391458
6.823,2.5,0.349058512620833
6.824,2.5,0.348010579970616
6.825,2.5,0.346962111753594
6.826,2.5,0.34591312623716
6.827,2.5,0.344863641642907
6.828,2.5,0.343813676146227
6.829,2.5,0.342763247875919
6.83,2.5,0.341712374913796
6.831,2.5,0.3406610752943
6.832,2.5,0.339609367004121
6.833,2.5,0.338557267981819
6.834,2.5,0.337504796117454
6.835,2.5,0.336451969252215
6.836,2.5,0.335398805178059
6.837,2.5,0.334345321637354
6.838,2.5,0.333291536322522
6.839,2.5,0.33223746687569
6.84,2.5,0.331183130888348
6.841,2.5,0.330128545901005
6.842,2.5,0.329073729402858
6.843,2.5,0.328018698831456
6.844,2.5,0.326963471572375
6.845,2.5,0.325908064958897
6.846,2.5,0.324852496271691
6.847,2.5,0.323796782738502
6.848,2.5,0.32274094153384
6.849,2.5,0.321684989778677
6.85,2.5,0.320628944540149
6.851,2.5,0.319572822831256
6.852,2.5,0.318516641610579
6.853,2.5,0.317460417781986
6.854,2.5,0.316404168194357
6.855,2.5,0.315347909641303
6.856,2.5,0.314291658860893
6.857,2.5,0.313235432535388
6.858,2.5,0.312179247290975
6.859,2.5,0.31112311969751
6.86,2.5,0.31006706626826
6.861,2.5,0.309011103459654
6.862,2.5,0.307955247671036
6.863,2.5,0.306899515244425
6.864,2.5,0.305843922464274
6.865,2.5,0.304788485557239
6.866,2.5,0.30373322069195
6.867,2.5,0.302678143978787
6.868,2.5,0.301623271469658
6.869,2.5,0.300568619157782
6.87,2.5,0.299514202977482
6.871,2.5,0.298460038803974
6.872,2.5,0.297406142453162
6.873,2.5,0.296352529681445
6.874,2.5,0.295299216185516
6.875,2.5,0.294246217602177
6.876,2.5,0.293193549508146
6.877,2.5,0.292141227419881
6.878,2.5,0.291089266793401
6.879,2.5,0.290037683024108
6.88,2.5,0.288986491446621
6.881,2.5,0.287935707334611
6.882,2.5,0.286885345900637
6.883,2.5,0.285835422295987
6.884,2.5,0.284785951610532
6.885,2.5,0.283736948872567
6.886,2.5,0.282688429048673
6.887,2.5,0.281640407043575
6.888,2.5,0.280592897699998
6.889,2.5,0.279545915798542
6.89,2.5,0.27849947605755
6.891,2.5,0.277453593132979
6.892,2.5,0.276408281618283
6.893,2.5,0.275363556044294
6.894,2.5,0.274319430879107
6.895,2.5,0.273275920527971
6.896,2.5,0.272233039333185
6.897,2.5,0.271190801573993
6.898,2.5,0.270149221466485
6.899,2.5,0.269108313163508
6.9,2.5,0.268068090754566
6.901,2.5,0.267028568265744
6.902,2.5,0.265989759659614
6.903,2.5,0.264951678835164
6.904,2.5,0.263914339627715
6.905,2.5,0.262877755808856
6.906,2.5,0.261841941086369
6.907,2.5,0.260806909104166
6.908,2.5,0.25977267344223
6.909,2.5,0.258739247616556
6.91,2.5,0.257706645079092
6.911,2.5,0.256674879217698
6.912,2.5,0.255643963356089
6.913,2.5,0.254613910753798
6.914,2.5,0.253584734606134
6.915,2.5,0.252556448044142
6.916,2.5,0.251529064134575
6.917,2.5,0.250502595879861
6.918,2.5,0.249477056218077
6.919,2.5,0.248452458022925
6.92,2.5,0.247428814103717
6.921,2.5,0.24640613720535
6.922,2.5,0.245384440008301
6.923,2.5,0.244363735128612
6.924,2.5,0.243344035117888
6.925,2.5,0.242325352463287
6.926,2.5,0.241307699587527
6.927,2.5,0.240291088848885
6.928,2.5,0.239275532541203
6.929,2.5,0.2382610428939
6.93,2.5,0.237247632071982
6.931,2.5,0.236235312176057
6.932,2.5,0.235224095242359
6.933,2.5,0.234213993242762
6.934,2.5,0.23320501808481
6.935,2.5,0.232197181611744
6.936,2.5,0.231190495602531
6.937,2.5,0.2301849717719
6.938,2.5,0.229180621770376
6.939,2.5,0.228177457184321
6.94,2.5,0.227175489535976
6.941,2.5,0.22617473028351
6.942,2.5,0.225175190821059
6.943,2.5,0.224176882478788
6.944,2.5,0.223179816522936
6.945,2.5,0.222184004155878
6.946,2.5,0.22118945651618
6.947,2.5,0.220196184678667
6.948,2.5,0.21920419965448
6.949,2.5,0.21821351239115
6.95,2.5,0.217224133772663
6.951,2.5,0.216236074619539
6.952,2.5,0.215249345688898
6.953,2.5,0.214263957674547
6.954,2.5,0.213279921207056
6.955,2.5,0.212297246853841
6.956,2.5,0.21131594511925
6.957,2.5,0.21033602644465
6.958,2.5,0.209357501208521
6.959,2.5,0.208380379726543
6.96,2.5,0.207404672251698
6.961,2.5,0.206430388974361
6.962,2.5,0.205457540022404
6.963,2.5,0.2044861354613
6.964,2.5,0.203516185294223
6.965,2.5,0.202547699462158
6.966,2.5,0.201580687844009
6.967,2.5,0.200615160256712
6.968,2.5,0.199651126455349
6.969,2.5,0.19868859613326
6.97,2.5,0.197727578922167
6.971,2.5,0.19676808439229
6.972,2.5,0.195810122052472
6.973,2.5,0.194853701350302
6.974,2.5,0.193898831672241
6.975,2.5,0.192945522343754
6.976,2.5,0.191993782629436
6.977,2.5,0.191043621733151
6.978,2.5,0.190095048798161
6.979,2.5,0.189148072907265
6.98,2.5,0.188202703082939
6.981,2.5,0.187258948287474
6.982,2.5,0.18631681742312
6.983,2.5,0.185376319332233
6.984,2.5,0.184437462797414
6.985,2.5,0.183500256541667
6.986,2.5,0.182564709228541
6.987,2.5,0.181630829462283
6.988,2.5,0.180698625787998
6.989,2.5,0.179768106691793
6.99,2.5,0.178839280600945
6.991,2.5,0.177912155884054
6.992,2.5,0.176986740851203
6.993,2.5,0.176063043754122
6.994,2.5,0.175141072786351
6.995,2.5,0.174220836083405
6.996,2.5,0.173302341722942
6.997,2.5,0.172385597724929
6.998,2.5,0.171470612051815
6.999,2.5,0.1705573926087
7,2.5,0.16964594724351
7.001,2.5,0.168736283747169
7.002,2.5,0.167828409853777
7.003,2.5,0.166922333240788
7.004,2.5,0.166018061529187
7.005,2.5,0.165115602283669
7.006,2.5,0.164214963012825
7.007,2.5,0.163316151169321
7.008,2.5,0.162419174150083
7.009,2.5,0.161524039296484
7.01,2.5,0.160630753894531
7.011,2.5,0.15973932517505
7.012,2.5,0.158849760313878
7.013,2.5,0.157962066432056
7.014,2.5,0.157076250596013
7.015,2.5,0.156192319817768
7.016,2.5,0.155310281055118
7.017,2.5,0.154430141211836
7.018,2.5,0.153551907137868
7.019,2.5,0.152675585629527
7.02,2.5,0.151801183429698
7.021,2.5,0.150928707228028
7.022,2.5,0.150058163661139
7.023,2.5,0.149189559312819
7.024,2.5,0.14832290071423
7.025,2.5,0.147458194344112
7.026,2.5,0.146595446628986
7.027,2.5,0.145734663943359
7.028,2.5,0.144875852609936
7.029,2.5,0.144019018899819
7.03,2.5,0.143164169032722
7.031,2.5,0.142311309177179
7.032,2.5,0.141460445450752
7.033,2.5,0.140611583920244
7.034,2.5,0.139764730601911
7.035,2.5,0.138919891461673
7.036,2.5,0.138077072415328
7.037,2.5,0.137236279328768
7.038,2.5,0.13639751801819
7.039,2.5,0.135560794250316
7.04,2.5,0.134726113742607
7.041,2.5,0.133893482163479
7.042,2.5,0.133062905132525
7.043,2.5,0.132234388220726
7.044,2.5,0.131407936950678
7.045,2.5,0.130583556796808
7.046,2.5,0.129761253185591
7.047,2.5,0.128941031495779
7.048,2.5,0.128122897058612
7.049,2.5,0.127306855158049
7.05,2.5,0.126492911030987
7.051,2.5,0.125681069867482
7.052,2.5,0.124871336810975
7.053,2.5,0.124063716958515
7.054,2.5,0.123258215360985
7.055,2.5,0.122454837023325
7.056,2.5,0.121653586904756
7.057,2.5,0.120854469919011
7.058,2.5,0.120057490934555
7.059,2.5,0.119262654774817
7.06,2.5,0.118469966218413
7.061,2.5,0.117679429999373
7.062,2.5,0.116891050807373
7.063,2.5,0.116104833287958
7.064,2.5,0.115320782042775
7.065,2.5,0.114538901629797
7.066,2.5,0.113759196563554
7.067,2.5,0.112981671315361
7.068,2.5,0.112206330313551
7.069,2.5,0.1114331779437
7.07,2.5,0.110662218548858
7.071,2.5,0.109893456429781
7.072,2.5,0.109126895845161
7.073,2.5,0.108362541011852
7.074,2.5,0.107600396105106
7.075,2.5,0.106840465258802
7.076,2.5,0.106082752565676
7.077,2.5,0.105327262077551
7.078,2.5,0.104573997805571
7.079,2.5,0.10382296372043
7.08,2.5,0.103074163752605
7.081,2.5,0.102327601792585
7.082,2.5,0.101583281691103
7.083,2.5,0.100841207259371
7.084,2.5,0.100101382269304
7.085,2.5,0.0993638104537608
7.086,2.5,0.0986284955067671
7.087,2.5,0.0978954410837521
7.088,2.5,0.0971646508017783
7.089,2.5,0.0964361282397726
7.09,2.5,0.0957098769387584
7.091,2.5,0.0949859004020865
7.092,2.5,0.0942642020956664
7.093,2.5,0.0935447854481974
7.094,2.5,0.0928276538514
7.095,2.5,0.0921128106602465
7.096,2.5,0.0914002591931919
7.097,2.5,0.0906900027324047
7.098,2.5,0.0899820445239977
7.099,2.5,0.0892763877782578
7.1,2.5,0.088573035669877
7.101,2.5,0.0878719913381819
7.102,2.5,0.0871732578873639
7.103,2.5,0.0864768383867089
7.104,2.5,0.0857827358708267
7.105,2.5,0.0850909533398801
7.106,2.5,0.0844014937598145
7.107,2.5,0.0837143600625863
7.108,2.5,0.0830295551463912
7.109,2.5,0.0823470818758933
7.11,2.5,0.0816669430824525
7.111,2.5,0.0809891415643522
7.112,2.5,0.0803136800870273
7.113,2.5,0.0796405613832909
7.114,2.5,0.0789697881535612
7.115,2.5,0.0783013630660885
7.116,2.5,0.0776352887571806
7.117,2.5,0.0769715678314293
7.118,2.5,0.0763102028619358
7.119,2.5,0.0756511963905356
7.12,2.5,0.0749945509280237
7.121,2.5,0.0743402689543784
7.122,2.5,0.0736883529189862
7.123,2.5,0.0730388052408646
7.124,2.5,0.0723916283088859
7.125,2.5,0.0717468244819997
7.126,2.5,0.0711043960894556
7.127,2.5,0.0704643454310249
7.128,2.5,0.0698266747772221
7.129,2.5,0.0691913863695264
7.13,2.5,0.0685584824206021
7.131,2.5,0.0679279651145186
7.132,2.5,0.0672998366069703
7.133,2.5,0.066674099025496
7.134,2.5,0.0660507544696973
7.135,2.5,0.0654298050114571
7.136,2.5,0.0648112526951574
7.137,2.5,0.0641950995378963
7.138,2.5,0.0635813475297048
7.139,2.5,0.0629699986337633
7.14,2.5,0.0623610547866169
7.141,2.5,0.0617545178983908
7.142,2.5,0.0611503898530047
7.143,2.5,0.060548672508387
7.144,2.5,0.0599493676966883
7.145,2.5,0.0593524772244942
7.146,2.5,0.0587580028730376
7.147,2.5,0.0581659463984107
7.148,2.5,0.057576309531776
7.149,2.5,0.056989093979577
7.15,2.5,0.056404301423748
7.151,2.5,0.0558219335219237
7.152,2.5,0.055241991907648
7.153,2.5,0.0546644781905819
7.154,2.5,0.0540893939567112
7.155,2.5,0.0535167407685534
7.156,2.5,0.0529465201653641
7.157,2.5,0.0523787336633422
7.158,2.5,0.0518133827558354
7.159,2.5,0.0512504689135442
7.16,2.5,0.0506899935847256
7.161,2.5,0.0501319581953962
7.162,2.5,0.0495763641495344
7.163,2.5,0.0490232128292823
7.164,2.5,0.0484725055951463
7.165,2.5,0.0479242437861978
7.166,2.5,0.0473784287202723
7.167,2.5,0.046835061694169
7.168,2.5,0.0462941439838482
7.169,2.5,0.0457556768446295
7.17,2.5,0.045219661511388
7.171,2.5,0.0446860991987507
7.172,2.5,0.0441549911012918
7.173,2.5,0.0436263383937274
7.174,2.5,0.0431001422311091
7.175,2.5,0.0425764037490173
7.176,2.5,0.0420551240637539
7.177,2.5,0.0415363042725334
7.178,2.5,0.0410199454536744
7.179,2.5,0.0405060486667892
7.18,2.5,0.0399946149529737
7.181,2.5,0.039485645334996
7.182,2.5,0.0389791408174837
7.183,2.5,0.038475102387112
7.184,2.5,0.0379735310127891
7.185,2.5,0.0374744276458423
7.186,2.5,0.0369777932202028
7.187,2.5,0.0364836286525894
7.188,2.5,0.0359919348426918
7.189,2.5,0.0355027126733534
7.19,2.5,0.0350159630107523
7.191,2.5,0.0345316867045826
7.192,2.5,0.0340498845882344
7.193,2.5,0.0335705574789726
7.194,2.5,0.033093706178116
7.195,2.5,0.0326193314712141
7.196,2.5,0.0321474341282245
7.197,2.5,0.0316780149036888
7.198,2.5,0.0312110745369073
7.199,2.5,0.0307466137521137
7.2,2.5,0.0302846332586487
7.201,2.5,0.0298251337511321
7.202,2.5,0.0293681159096353
7.203,2.5,0.0289135803998519
7.204,2.5,0.0284615278732678
7.205,2.5,0.0280119589673306
7.206,2.5,0.0275648743056183
7.207,2.5,0.0271202744980065
7.208,2.5,0.0266781601408353
7.209,2.5,0.0262385318170755
7.21,2.5,0.0258013900964932
7.211,2.5,0.0253667355358144
7.212,2.5,0.0249345686788878
7.213,2.5,0.0245048900568481
7.214,2.5,0.0240777001882767
7.215,2.5,0.023652999579363
7.216,2.5,0.0232307887240643
7.217,2.5,0.0228110681042644
7.218,2.5,0.0223938381899321
7.219,2.5,0.0219790994392783
7.22,2.5,0.0215668522989122
7.221,2.5,0.0211570972039972
7.222,2.5,0.0207498345784052
7.223,2.5,0.0203450648348704
7.224,2.5,0.0199427883751422
7.225,2.5,0.019543005590137
7.226,2.5,0.0191457168600894
7.227,2.5,0.0187509225547025
7.228,2.5,0.0183586230332967
7.229,2.5,0.0179688186449588
7.23,2.5,0.0175815097286887
7.231,2.5,0.0171966966135468
7.232,2.5,0.0168143796187988
7.233,2.5,0.0164345590540615
7.234,2.5,0.0160572352194457
7.235,2.5,0.0156824084057
7.236,2.5,0.0153100788943524
7.237,2.5,0.0149402469578516
7.238,2.5,0.0145729128597072
7.239,2.5,0.0142080768546293
7.24,2.5,0.0138457391886668
7.241,2.5,0.0134859000993447
7.242,2.5,0.0131285598158011
7.243,2.5,0.0127737185589229
7.244,2.5,0.0124213765414802
7.245,2.5,0.0120715339682605
7.246,2.5,0.0117241910362016
7.247,2.5,0.0113793479345237
7.248,2.5,0.0110370048448605
7.249,2.5,0.0106971619413892
7.25,2.5,0.0103598193909601
7.251,2.5,0.0100249773532245
7.252,2.5,0.00969263598076297
7.253,2.5,0.00936279541921085
7.254,2.5,0.00903545580738454
7.255,2.5,0.00871061727740589
7.256,2.5,0.008388279954826
7.257,2.5,0.00806844395874801
7.258,2.5,0.00775110940194896
7.259,2.5,0.00743627639100078
7.26,2.5,0.00712394502639028
7.261,2.5,0.00681411540263827
7.262,2.5,0.00650678760841767
7.263,2.5,0.0062019617266708
7.264,2.5,0.00589963783472563
7.265,2.5,0.00559981600441114
7.266,2.5,0.00530249630217179
7.267,2.5,0.00500767878918098
7.268,2.5,0.00471536352145362
7.269,2.5,0.00442555054995777
7.27,2.5,0.00413823992072531
7.271,2.5,0.0038534316749617
7.272,2.5,0.0035711258491548
7.273,2.5,0.00329132247518277
7.274,2.5,0.00301402158042098
7.275,2.5,0.00273922318784805
7.276,2.5,0.0024669273161509
7.277,2.5,0.00219713397982887
7.278,2.5,0.00192984318929694
7.279,2.5,0.00166505495098797
7.28,2.5,0.00140276926745402
7.281,2.5,0.00114298613746671
7.282,2.5,0.000885705556116655
7.283,2.5,0.00063092751491198
7.284,2.5,0.000378652001875859
7.285,2.5,0.000128879001643131
7.286,2.5,-0.000118391504444029
7.287,2.5,-0.000363159538241373
7.288,2.5,-0.000605425124007965
7.289,2.5,-0.000845188283821578
7.29,2.5,-0.0010824490368401
7.291,2.5,-0.00131720739939252
7.292,2.5,-0.00154946338506891
7.293,2.5,-0.00177921700480956
7.294,2.5,-0.00200646826699309
7.295,2.5,-0.00223121717752368
7.296,2.5,-0.00245346373991728
7.297,2.5,-0.00267320795538701
7.298,2.5,-0.00289044982292748
7.299,2.5,-0.00310518933939825
7.3,2.5,-0.00331742649960635
7.301,2.5,-0.00352716129638783
7.302,2.5,-0.00373439372068838
7.303,2.5,-0.00393912376164301
7.304,2.5,-0.00414135140665483
7.305,2.5,-0.00434107664147279
7.306,2.5,-0.00453829945026862
7.307,2.5,-0.0047330198157127
7.308,2.5,-0.00492523771904907
7.309,2.5,-0.0051149531401695
7.31,2.5,-0.00530216605768656
7.311,2.5,-0.0054868764490058
7.312,2.5,-0.005669084290397
7.313,2.5,-0.00584878955706446
7.314,2.5,-0.00602599222321633
7.315,2.5,-0.00620069226213306
7.316,2.5,-0.00637288964623485
7.317,2.5,-0.00654258434714818
7.318,2.5,-0.00670977633577144
7.319,2.5,-0.00687446558233957
7.32,2.5,-0.00703665205648777
7.321,2.5,-0.0071963357273143
7.322,2.5,-0.00735351656344232
7.323,2.5,-0.00750819453308078
7.324,2.5,-0.0076603696040844
7.325,2.5,-0.00781004174401267
7.326,2.5,-0.00795721092018799
7.327,2.5,-0.00810187709975275
7.328,2.5,-0.00824404024972557
7.329,2.5,-0.00838370033705657
7.33,2.5,-0.00852085732868171
7.331,2.5,-0.00865551119157615
7.332,2.5,-0.00878766189280672
7.333,2.5,-0.00891730939958343
7.334,2.5,-0.00904445367931004
7.335,2.5,-0.00916909469963367
7.336,2.5,-0.00929123242849354
7.337,2.5,-0.00941086683416868
7.338,2.5,-0.00952799788532477
7.339,2.5,-0.00964262555105998
7.34,2.5,-0.00975474980094994
7.341,2.5,-0.00986437060509171
7.342,2.5,-0.00997148793414685
7.343,2.5,-0.0100761017593835
7.344,2.5,-0.0101782120527176
7.345,2.5,-0.0102778187867531
7.346,2.5,-0.0103749219348213
7.347,2.5,-0.010469521471019
7.348,2.5,-0.0105616173702462
7.349,2.5,-0.0106512096082425
7.35,2.5,-0.0107382981616223
7.351,2.5,-0.0108228830079099
7.352,2.5,-0.0109049641255729
7.353,2.5,-0.0109845414940548
7.354,2.5,-0.0110616150938069
7.355,2.5,-0.0111361849063192
7.356,2.5,-0.0112082509141503
7.357,2.5,-0.0112778131009558
7.358,2.5,-0.0113448714515173
7.359,2.5,-0.0114094259517686
7.36,2.5,-0.0114714765888222
7.361,2.5,-0.0115310233509943
7.362,2.5,-0.0115880662278295
7.363,2.5,-0.0116426052101234
7.364,2.5,-0.0116946402899456
7.365,2.5,-0.0117441714606605
7.366,2.5,-0.0117911987169484
7.367,2.5,-0.0118357220548247
7.368,2.5,-0.0118777414716585
7.369,2.5,-0.0119172569661901
7.37,2.5,-0.0119542685385482
7.371,2.5,-0.0119887761902653
7.372,2.5,-0.0120207799242925
7.373,2.5,-0.0120502797450134
7.374,2.5,-0.0120772756582574
7.375,2.5,-0.0121017676713112
7.376,2.5,-0.0121237557929302
7.377,2.5,-0.0121432400333485
7.378,2.5,-0.012160220404288
7.379,2.5,-0.0121746969189668
7.38,2.5,-0.0121866695921065
7.381,2.5,-0.0121961384399383
7.382,2.5,-0.0122031034802087
7.383,2.5,-0.012207564732184
7.384,2.5,-0.0122095222166533
7.385,2.5,-0.0122089759559319
7.386,2.5,-0.0122059259738622
7.387,2.5,-0.012200372295815
7.388,2.5,-0.0121923149486889
7.389,2.5,-0.0121817539609092
7.39,2.5,-0.0121686893624257
7.391,2.5,-0.01215312118471
7.392,2.5,-0.0121350494607511
7.393,2.5,-0.0121144742250505
7.394,2.5,-0.0120913955136166
7.395,2.5,-0.0120658133639577
7.396,2.5,-0.0120377278150742
7.397,2.5,-0.0120071389074499
7.398,2.5,-0.0119740466830423
7.399,2.5,-0.0119384511852724
7.4,2.5,-0.0119003524590126
7.401,2.5,-0.0118597505505747
7.402,2.5,-0.0118166455076961
7.403,2.5,-0.0117710373795259
7.404,2.5,-0.0117229262166092
7.405,2.5,-0.0116723120708711
7.406,2.5,-0.0116191949955994
7.407,2.5,-0.0115635750454268
7.408,2.5,-0.0115054522763114
7.409,2.5,-0.011444826745517
7.41,2.5,-0.0113816985115921
7.411,2.5,-0.011316067634348
7.412,2.5,-0.0112479341748362
7.413,2.5,-0.0111772981953243
7.414,2.5,-0.0111041597592717
7.415,2.5,-0.0110285189313035
7.416,2.5,-0.0109503757771845
7.417,2.5,-0.0108697303637913
7.418,2.5,-0.010786582759084
7.419,2.5,-0.0107009330320768
7.42,2.5,-0.0106127812528077
7.421,2.5,-0.0105221274923071
7.422,2.5,-0.010428971822566
7.423,2.5,-0.0103333143165025
7.424,2.5,-0.0102351550479277
7.425,2.5,-0.0101344940915109
7.426,2.5,-0.0100313315227437
7.427,2.5,-0.00992566741790298
7.428,2.5,-0.00981750185401298
7.429,2.5,-0.00970683490880678
7.43,2.5,-0.00959366666068646
7.431,2.5,-0.00947799718868253
7.432,2.5,-0.00935982657241232
7.433,2.5,-0.0092391548920375
7.434,2.5,-0.00911598222822065
7.435,2.5,-0.00899030866208086
7.436,2.5,-0.00886213427514843
7.437,2.5,-0.00873145914931863
7.438,2.5,-0.00859828336680448
7.439,2.5,-0.00846260701008869
7.44,2.5,-0.00832443016187454
7.441,2.5,-0.00818375290503594
7.442,2.5,-0.00804057532256648
7.443,2.5,-0.00789489749752754
7.444,2.5,-0.00774671951299557
7.445,2.5,-0.00759604145200828
7.446,2.5,-0.00744286339751002
7.447,2.5,-0.00728718543229617
7.448,2.5,-0.00712900763895657
7.449,2.5,-0.00696833009981812
7.45,2.5,-0.00680515289688632
7.451,2.5,-0.00663947611178593
7.452,2.5,-0.00647129982570075
7.453,2.5,-0.00630062411931235
7.454,2.5,-0.00612744907273798
7.455,2.5,-0.00595177476546747
7.456,2.5,-0.00577360127629922
7.457,2.5,-0.0055929286832753
7.458,2.5,-0.00540975706361552
7.459,2.5,-0.00522408649365064
7.46,2.5,-0.00503591704875469
7.461,2.5,-0.00484524880327619
7.462,2.5,-0.00465208183046863
7.463,2.5,-0.0044564162024199
7.464,2.5,-0.00425825198998081
7.465,2.5,-0.00405758926269272
7.466,2.5,-0.00385442808871415
7.467,2.5,-0.00364876853474655
7.468,2.5,-0.0034406106659591
7.469,2.5,-0.00322995454591254
7.47,2.5,-0.00301680023648213
7.471,2.5,-0.00280114779777966
7.472,2.5,-0.00258299728807449
7.473,2.5,-0.00236234876371368
7.474,2.5,-0.00213920227904125
7.475,2.5,-0.00191355788631637
7.476,2.5,-0.00168541563563076
7.477,2.5,-0.00145477557482506
7.478,2.5,-0.00122163774940432
7.479,2.5,-0.000986002202452542
7.48,2.5,-0.000747868974546259
7.481,2.5,-0.000507238103667246
7.482,2.5,-0.000264109625114243
7.483,2.5,-1.84835714137619e-05
7.484,2.5,0.000229640027770029
7.485,2.5,0.000480261145726369
7.486,2.5,0.000733379756153166
7.487,2.5,0.00098899582962759
7.488,2.5,0.00124710933349513
7.489,2.5,0.00150772023177482
7.49,2.5,0.00177082848506348
7.491,2.5,0.0020364340504391
7.492,2.5,0.00230453688136322
7.493,2.5,0.00257513692758245
7.494,2.5,0.00284823413502896
7.495,2.5,0.00312382844572014
7.496,2.5,0.00340191979765727
7.497,2.5,0.00368250812472328
7.498,2.5,0.00396559335657956
7.499,2.5,0.00425117541856187
7.5,2.5,0.00453925423157529
