%% logfile from REGBOT:
%  1    time 9.7763 sec, from Jasmin (81)
%  2  3  4  5   (mission 0), state 8, entered (thread 1, line 1), events 0x0 (bit-flags)
%  6  7 Motor velocity ref left, right: -0.1596 0.1596
%  8  9 Motor voltage [V] left, right: -0.16 0.16
% 10 13 Wheel velocity [m/s] left, right: -0.0000 -0.0000 delay 0.0000 0.0000 (sec)
% 14 15 16 17 Pose x,y,h,tilt [m,m,rad,rad]: 0.495868 -0.00678478 -0.159568 -0.749165
% 18    Battery voltage [V]
0.0060 2 1 0 0x0 0.0000 0.0000 0.00 0.00 -0.0000 0.0000 0.0000 0.1000 0.0000 0.0000 0.000000 -0.729747 12.16 
0.0160 2 1 0 0x0 0.0000 0.0000 0.00 0.00 -0.0000 0.0000 0.0000 0.1000 0.0000 0.0000 0.000000 -0.729781 12.16 
0.0260 2 1 0 0x0 0.0000 0.0000 0.00 0.00 -0.0000 0.0000 0.0000 0.1000 0.0000 0.0000 0.000000 -0.729828 12.16 
0.0360 2 1 0 0x0 0.0000 0.0000 0.00 0.00 -0.0000 0.0000 0.0000 0.1000 0.0000 0.0000 0.000000 -0.729869 12.16 
0.0460 2 1 0 0x0 0.0000 0.0000 0.00 0.00 -0.0000 0.0000 0.0000 0.1000 0.0000 0.0000 0.000000 -0.729914 12.16 
0.0560 2 1 0 0x0 0.0000 0.0000 0.00 0.00 -0.0000 0.0000 0.0000 0.1000 0.0000 0.0000 0.000000 -0.729951 12.16 
0.0660 2 1 0 0x0 0.0000 0.0000 0.00 0.00 -0.0000 0.0000 0.0000 0.1000 0.0000 0.0000 0.000000 -0.729995 12.16 
0.0760 2 1 0 0x0 0.0000 0.0000 0.00 0.00 -0.0000 0.0000 0.0000 0.1000 0.0000 0.0000 0.000000 -0.730006 12.16 
0.0860 2 1 0 0x0 0.0000 0.0000 0.00 0.00 -0.0000 0.0000 0.0000 0.1000 0.0000 0.0000 0.000000 -0.730009 12.16 
0.0960 2 1 0 0x0 0.0000 0.0000 0.00 0.00 -0.0000 0.0000 0.0000 0.1000 0.0000 0.0000 0.000000 -0.730041 12.16 
0.1060 2 1 1 0x0 3.0000 3.0000 3.00 3.00 0.0000 0.0000 0.0000 0.1000 0.0000 0.0000 0.000000 -0.730105 12.10 
0.1160 2 1 1 0x0 3.0027 2.9973 3.00 3.00 0.2119 0.2513 0.0021 0.0024 0.0018 0.0000 0.002705 -0.731182 12.10 
0.1260 2 1 1 0x0 3.0054 2.9946 3.01 2.99 0.1893 0.2448 0.0014 0.0014 0.0041 0.0000 0.005409 -0.742039 12.10 
0.1360 2 1 1 0x0 3.0054 2.9946 3.01 2.99 0.2460 0.1717 0.0023 0.0018 0.0061 0.0000 0.005409 -0.749702 12.10 
0.1460 2 1 1 0x0 3.0000 3.0000 3.00 3.00 0.1869 0.1072 0.0029 0.0023 0.0077 0.0000 0.000000 -0.752837 12.10 
0.1560 2 1 1 0x0 2.9973 3.0027 3.00 3.00 0.1895 0.1940 0.0018 0.0014 0.0095 0.0000 -0.002705 -0.753435 12.10 
0.1660 2 1 1 0x0 2.9946 3.0054 2.99 3.01 0.1899 0.2188 0.0012 0.0022 0.0114 0.0000 -0.005409 -0.755934 12.09 
0.1760 2 1 1 0x0 2.9973 3.0027 3.00 3.00 0.2446 0.2658 0.0016 0.0020 0.0136 0.0000 -0.002705 -0.759464 12.09 
0.1860 2 1 1 0x0 2.9973 3.0027 3.00 3.00 0.2768 0.2809 0.0013 0.0019 0.0160 0.0000 -0.002705 -0.763891 12.10 
0.1960 2 1 1 0x0 3.0000 3.0000 3.00 3.00 0.2964 0.2549 0.0019 0.0014 0.0187 0.0000 -0.000000 -0.766608 12.10 
0.2060 2 1 1 0x0 3.0000 3.0000 3.00 3.00 0.2683 0.3381 0.0012 0.0018 0.0215 0.0000 -0.000000 -0.767834 12.10 
0.2160 2 1 1 0x0 3.0027 2.9973 3.00 3.00 0.3215 0.3187 0.0010 0.0007 0.0249 0.0000 0.002705 -0.770269 12.10 
0.2260 2 1 1 0x0 3.0027 2.9973 3.00 3.00 0.4005 0.3769 0.0005 0.0006 0.0286 0.0000 0.002705 -0.774644 12.10 
0.2360 2 1 1 0x0 3.0054 2.9946 3.01 2.99 0.4073 0.3678 0.0016 0.0006 0.0320 0.0000 0.005409 -0.776474 12.11 
0.2460 2 1 1 0x0 3.0027 2.9973 3.00 3.00 0.4193 0.4413 0.0008 0.0012 0.0359 0.0000 0.002705 -0.777261 12.12 
0.2560 2 1 1 0x0 3.0054 2.9946 3.01 2.99 0.3533 0.4692 0.0012 0.0012 0.0398 0.0001 0.005409 -0.777959 12.11 
0.2660 2 1 1 0x0 3.0081 2.9919 3.01 2.99 0.3706 0.3843 0.0011 0.0011 0.0440 0.0001 0.008114 -0.779414 12.11 
0.2760 2 1 1 0x0 3.0108 2.9892 3.01 2.99 0.5112 0.4536 0.0010 0.0009 0.0487 0.0001 0.010818 -0.788000 12.11 
0.2860 2 1 1 0x0 3.0162 2.9838 3.02 2.98 0.3885 0.5218 0.0009 0.0008 0.0535 0.0002 0.016227 -0.788988 12.12 
0.2960 2 1 1 0x0 3.0162 2.9838 3.02 2.98 0.5455 0.4036 0.0011 0.0009 0.0580 0.0003 0.016227 -0.788824 12.12 
0.3060 2 1 1 0x0 3.0162 2.9838 3.02 2.98 0.5417 0.4157 0.0010 0.0012 0.0629 0.0004 0.016227 -0.789420 12.12 
0.3160 2 1 1 0x0 3.0162 2.9838 3.02 2.98 0.5040 0.5464 0.0005 0.0004 0.0682 0.0004 0.016227 -0.791926 12.12 
0.3260 2 1 1 0x0 3.0108 2.9892 3.01 2.99 0.5259 0.5457 0.0006 0.0006 0.0734 0.0005 0.010818 -0.793577 12.13 
0.3360 2 1 1 0x0 3.0081 2.9919 3.01 2.99 0.5161 0.5631 0.0010 0.0010 0.0785 0.0006 0.008114 -0.792466 12.12 
0.3460 2 1 1 0x0 3.0108 2.9892 3.01 2.99 0.5301 0.6375 0.0006 0.0008 0.0840 0.0006 0.010818 -0.796526 12.12 
0.3560 2 1 1 0x0 3.0108 2.9892 3.01 2.99 0.5242 0.6138 0.0010 0.0006 0.0897 0.0007 0.010818 -0.807535 12.13 
0.3660 2 1 1 0x0 3.0108 2.9892 3.01 2.99 0.5114 0.5006 0.0010 0.0008 0.0949 0.0007 0.010818 -0.804687 12.12 
0.3760 2 1 1 0x0 3.0108 2.9892 3.01 2.99 0.5483 0.6357 0.0010 0.0010 0.1002 0.0008 0.010818 -0.804707 12.13 
0.3860 2 1 1 0x0 3.0108 2.9892 3.01 2.99 0.6418 0.6345 0.0006 0.0011 0.1063 0.0008 0.010818 -0.814235 12.14 
0.3960 2 1 1 0x0 3.0108 2.9892 3.01 2.99 0.4930 0.5873 0.0010 0.0008 0.1116 0.0009 0.010818 -0.814651 12.13 
0.4060 2 1 1 0x0 3.0108 2.9892 3.01 2.99 0.5910 0.4510 0.0012 0.0010 0.1168 0.0009 0.010818 -0.811860 12.13 
0.4160 2 1 1 0x0 3.0108 2.9892 3.01 2.99 0.6414 0.5382 0.0010 0.0009 0.1225 0.0010 0.010818 -0.813436 12.14 
0.4260 2 1 1 0x0 3.0135 2.9865 3.01 2.99 0.6233 0.6421 0.0011 0.0004 0.1284 0.0011 0.013523 -0.814025 12.14 
0.4360 2 1 1 0x0 3.0108 2.9892 3.01 2.99 0.5629 0.6683 0.0004 0.0006 0.1343 0.0011 0.010818 -0.813553 12.14 
0.4460 2 1 1 0x0 3.0108 2.9892 3.01 2.99 0.5131 0.6111 0.0007 0.0008 0.1400 0.0012 0.010818 -0.816282 12.14 
0.4560 2 1 1 0x0 3.0108 2.9892 3.01 2.99 0.5336 0.6352 0.0008 0.0009 0.1456 0.0013 0.010818 -0.816666 12.15 
0.4660 2 1 1 0x0 3.0108 2.9892 3.01 2.99 0.6382 0.5757 0.0004 0.0004 0.1517 0.0013 0.010818 -0.816293 12.14 
0.4760 2 1 1 0x0 3.0108 2.9892 3.01 2.99 0.6624 0.4944 0.0008 0.0006 0.1574 0.0014 0.010818 -0.817765 12.14 
0.4860 2 1 1 0x0 3.0081 2.9919 3.01 2.99 0.5642 0.5559 0.0004 0.0006 0.1633 0.0014 0.008114 -0.819298 12.14 
0.4960 2 1 1 0x0 3.0081 2.9919 3.01 2.99 0.5146 0.4948 0.0007 0.0008 0.1690 0.0015 0.008114 -0.818672 12.14 
0.5060 2 1 1 0x0 3.0081 2.9919 3.01 2.99 0.6468 0.6389 0.0004 0.0006 0.1750 0.0015 0.008114 -0.821777 12.15 
0.5160 2 1 1 0x0 3.0081 2.9919 3.01 2.99 0.6457 0.6381 0.0007 0.0006 0.1807 0.0016 0.008114 -0.822015 12.14 
0.5260 2 1 1 0x0 3.0081 2.9919 3.01 2.99 0.6429 0.6641 0.0011 0.0008 0.1864 0.0016 0.008114 -0.822502 12.14 
0.5360 2 1 1 0x0 3.0081 2.9919 3.01 2.99 0.5737 0.5755 0.0006 0.0004 0.1925 0.0017 0.008114 -0.821275 12.14 
0.5460 2 1 1 0x0 3.0027 2.9973 3.00 3.00 0.6570 0.6337 0.0003 0.0010 0.1982 0.0017 0.002705 -0.818387 12.15 
0.5560 2 1 1 0x0 3.0054 2.9946 3.01 2.99 0.6681 0.5352 0.0010 0.0004 0.2040 0.0017 0.005409 -0.816771 12.15 
0.5660 2 1 1 0x0 3.0027 2.9973 3.00 3.00 0.5701 0.4940 0.0009 0.0006 0.2099 0.0017 0.002705 -0.817608 12.14 
0.5760 2 1 1 0x0 3.0000 3.0000 3.00 3.00 0.6528 0.5593 0.0008 0.0009 0.2158 0.0018 -0.000000 -0.826203 12.15 
0.5860 2 1 1 0x0 3.0000 3.0000 3.00 3.00 0.5317 0.6129 0.0007 0.0005 0.2219 0.0018 -0.000000 -0.827915 12.14 
0.5960 2 1 1 0x0 3.0000 3.0000 3.00 3.00 0.5534 0.6397 0.0008 0.0004 0.2276 0.0017 -0.000000 -0.823487 12.14 
0.6060 2 1 1 0x0 2.9973 3.0027 3.00 3.00 0.6787 0.6366 0.0007 0.0007 0.2335 0.0017 -0.002705 -0.829999 12.15 
0.6160 2 1 1 0x0 2.9946 3.0054 2.99 3.01 0.6866 0.5296 0.0003 0.0006 0.2397 0.0017 -0.005409 -0.841678 12.14 
0.6260 2 1 1 0x0 2.9919 3.0081 2.99 3.01 0.0000 0.5070 0.0012 0.0024 0.2456 0.0017 -0.008114 -0.844957 12.14 
0.6360 2 1 1 0x0 2.9892 3.0108 2.99 3.01 0.5722 0.6313 0.0009 0.0011 0.2511 0.0016 -0.010818 -0.842814 12.14 
0.6460 2 1 1 0x0 2.9865 3.0135 2.99 3.01 0.7119 0.6597 0.0008 0.0010 0.2570 0.0015 -0.013523 -0.858404 12.15 
0.6560 2 1 1 0x0 2.9838 3.0162 2.98 3.02 0.7183 0.5331 0.0005 0.0009 0.2633 0.0015 -0.016227 -0.864658 12.14 
0.6660 2 1 1 0x0 2.9865 3.0135 2.99 3.01 0.5444 0.5495 0.0008 0.0004 0.2696 0.0014 -0.013523 -0.856880 12.14 
0.6760 2 1 1 0x0 2.9865 3.0135 2.99 3.01 0.7006 0.6928 0.0008 0.0006 0.2756 0.0013 -0.013523 -0.856681 12.15 
0.6860 2 1 1 0x0 2.9838 3.0162 2.98 3.02 0.7063 0.6070 0.0005 0.0008 0.2819 0.0012 -0.016227 -0.857342 12.15 
0.6960 2 1 1 0x0 2.9838 3.0162 2.98 3.02 0.5853 0.6593 0.0009 0.0008 0.2880 0.0011 -0.016227 -0.858776 12.14 
0.7060 2 1 1 0x0 2.9811 3.0189 2.98 3.02 0.6041 0.5147 0.0005 0.0006 0.2943 0.0010 -0.018932 -0.863870 12.14 
0.7160 2 1 1 0x0 2.9811 3.0189 2.98 3.02 0.6638 0.6337 0.0006 0.0005 0.3004 0.0009 -0.018932 -0.859932 12.15 
0.7260 2 1 1 0x0 2.9784 3.0216 2.98 3.02 0.5310 0.6563 0.0006 0.0009 0.3063 0.0007 -0.021636 -0.860046 12.15 
0.7360 2 1 1 0x0 2.9784 3.0216 2.98 3.02 0.7056 0.5359 0.0010 0.0009 0.3124 0.0006 -0.021636 -0.865600 12.14 
0.7460 2 1 1 0x0 2.9757 3.0243 2.98 3.02 0.6752 0.6846 0.0007 0.0010 0.3186 0.0005 -0.024341 -0.865421 12.14 
0.7560 2 1 1 0x0 2.9730 3.0270 2.97 3.03 0.6165 0.6272 0.0007 0.0010 0.3245 0.0003 -0.027045 -0.862997 12.15 
0.7660 2 1 1 0x0 2.9730 3.0270 2.97 3.03 0.7059 0.5142 0.0008 0.0005 0.3306 0.0002 -0.027045 -0.867604 12.14 
0.7760 2 1 1 0x0 2.9703 3.0297 2.97 3.03 0.6848 0.6630 0.0004 0.0004 0.3369 -0.0000 -0.029750 -0.867591 12.15 
0.7860 2 1 1 0x0 2.9730 3.0270 2.97 3.03 0.6635 0.5798 0.0011 0.0004 0.3428 -0.0002 -0.027045 -0.863895 12.14 
0.7960 2 1 1 0x0 2.9675 3.0325 2.97 3.03 0.7168 0.5350 0.0004 0.0010 0.3489 -0.0004 -0.032454 -0.865513 12.14 
0.8060 2 1 1 0x0 2.9675 3.0325 2.97 3.03 0.5992 0.6882 0.0007 0.0011 0.3549 -0.0006 -0.032454 -0.873808 12.14 
0.8160 2 1 1 0x0 2.9648 3.0352 2.96 3.04 0.5992 0.5398 0.0005 0.0009 0.3612 -0.0008 -0.035159 -0.878569 12.14 
0.8260 2 1 1 0x0 2.9648 3.0352 2.96 3.04 0.5159 0.4950 0.0010 0.0006 0.3669 -0.0010 -0.035159 -0.872288 12.14 
0.8360 2 1 1 0x0 2.9621 3.0379 2.96 3.04 0.6980 0.5587 0.0008 0.0007 0.3728 -0.0012 -0.037864 -0.877992 12.15 
0.8460 2 1 1 0x0 2.9594 3.0406 2.96 3.04 0.6287 0.6663 0.0009 0.0006 0.3791 -0.0014 -0.040568 -0.885162 12.15 
0.8560 2 1 1 0x0 2.9594 3.0406 2.96 3.04 0.5958 0.5100 0.0005 0.0006 0.3851 -0.0017 -0.040568 -0.893973 12.14 
0.8660 2 1 1 0x0 2.9594 3.0406 2.96 3.04 0.4925 0.5371 0.0009 0.0009 0.3908 -0.0019 -0.040568 -0.890346 12.14 
0.8760 2 1 1 0x0 2.9567 3.0433 2.96 3.04 0.6547 0.5106 0.0007 0.0009 0.3967 -0.0022 -0.043273 -0.897486 12.15 
0.8860 2 1 1 0x0 2.9567 3.0433 2.96 3.04 0.5888 0.6717 0.0008 0.0006 0.4028 -0.0024 -0.043273 -0.912477 12.14 
0.8960 2 1 1 0x0 2.9540 3.0460 2.95 3.05 0.6075 0.5515 0.0004 0.0005 0.4091 -0.0027 -0.045977 -0.916238 12.15 
0.9060 2 1 1 0x0 2.9513 3.0487 2.95 3.05 0.6793 0.4885 0.0006 0.0004 0.4149 -0.0030 -0.048682 -0.908850 12.14 
0.9160 2 1 1 0x0 2.9486 3.0514 2.95 3.05 0.5452 0.5488 0.0008 0.0004 0.4208 -0.0033 -0.051386 -0.913931 12.14 
0.9260 2 1 1 0x0 2.9432 3.0568 2.94 3.06 0.5640 0.5447 0.0005 0.0010 0.4269 -0.0036 -0.056795 -0.926983 12.15 
0.9360 2 1 1 0x0 2.9459 3.0541 2.95 3.05 0.6909 0.5409 0.0007 0.0005 0.4332 -0.0040 -0.054091 -0.922803 12.15 
0.9460 2 1 1 0x0 2.9432 3.0568 2.94 3.06 0.5533 0.5737 0.0005 0.0009 0.4390 -0.0043 -0.056795 -0.922658 12.14 
0.9560 2 1 1 0x0 2.9227 3.0363 2.92 3.04 0.7011 0.6729 0.0006 0.0009 0.4451 -0.0046 -0.056795 -0.932098 12.15 
0.9660 2 1 1 0x0 2.8337 2.9473 2.83 2.95 0.5315 0.5235 0.0008 0.0008 0.4512 -0.0050 -0.056795 -0.929012 12.14 
0.9760 2 1 1 0x0 2.7435 2.8571 2.74 2.86 0.6873 0.6517 0.0009 0.0005 0.4573 -0.0053 -0.056795 -0.928900 12.15 
0.9860 2 1 1 0x0 2.6568 2.7758 2.66 2.78 0.5369 0.6487 0.0008 0.0008 0.4631 -0.0057 -0.059500 -0.934606 12.15 
0.9960 2 1 1 0x0 2.5789 2.6979 2.58 2.70 0.4747 0.6216 0.0010 0.0010 0.4688 -0.0060 -0.059500 -0.929383 12.15 
1.0060 2 1 1 0x0 2.4990 2.6180 2.50 2.62 0.5351 0.6001 0.0008 0.0007 0.4745 -0.0063 -0.059500 -0.933174 12.16 
1.0160 2 1 1 0x0 2.4219 2.5464 2.42 2.55 0.5184 0.5285 0.0009 0.0010 0.4799 -0.0067 -0.062204 -0.943729 12.16 
1.0260 2 1 1 0x0 2.3427 2.4725 2.34 2.47 0.5530 0.5981 0.0009 0.0011 0.4854 -0.0070 -0.064909 -0.939102 12.15 
1.0360 2 1 1 0x0 2.2460 2.3813 2.25 2.38 0.6363 0.6548 0.0005 0.0008 0.4913 -0.0074 -0.067613 -0.937420 12.16 
1.0460 2 1 1 0x0 2.1584 2.2936 2.16 2.29 0.6037 0.6013 0.0004 0.0010 0.4969 -0.0078 -0.067613 -0.943811 12.16 
1.0560 2 1 1 0x0 2.0843 2.2195 2.08 2.22 0.4707 0.4550 0.0006 0.0011 0.5022 -0.0081 -0.067613 -0.952500 12.16 
1.0660 2 1 1 0x0 2.0076 2.1428 2.01 2.14 0.6020 0.5838 0.0005 0.0007 0.5075 -0.0085 -0.067613 -0.947685 12.16 
1.0760 2 1 1 0x0 1.9286 2.0638 1.93 2.06 0.4617 0.4848 0.0007 0.0006 0.5127 -0.0088 -0.067613 -0.944717 12.16 
1.0860 2 1 1 0x0 1.8626 1.9978 1.86 2.00 0.4717 0.4706 0.0008 0.0009 0.5176 -0.0092 -0.067613 -0.941974 12.16 
1.0960 2 1 1 0x0 1.7938 1.9291 1.79 1.93 0.4581 0.4691 0.0006 0.0008 0.5224 -0.0095 -0.067613 -0.932759 12.16 
1.1060 2 1 1 0x0 1.7224 1.8576 1.72 1.86 0.4687 0.4677 0.0007 0.0007 0.5273 -0.0098 -0.067613 -0.928097 12.16 
1.1160 2 1 1 0x0 1.6486 1.7838 1.65 1.78 0.4324 0.4849 0.0007 0.0011 0.5322 -0.0101 -0.067613 -0.928711 12.15 
1.1260 2 1 1 0x0 1.5877 1.7229 1.59 1.72 0.4693 0.4747 0.0006 0.0012 0.5366 -0.0104 -0.067613 -0.930926 12.16 
1.1360 2 1 1 0x0 1.5390 1.6742 1.54 1.67 0.4635 0.4451 0.0011 0.0015 0.5407 -0.0107 -0.067613 -0.927049 12.16 
1.1460 2 1 1 0x0 1.4763 1.6170 1.48 1.62 0.4122 0.4455 0.0006 0.0015 0.5449 -0.0110 -0.070318 -0.921297 12.15 
1.1560 2 1 1 0x0 1.4164 1.5516 1.42 1.55 0.3599 0.3613 0.0010 0.0009 0.5492 -0.0113 -0.067613 -0.919954 12.15 
1.1660 2 1 1 0x0 1.3584 1.4936 1.36 1.49 0.3820 0.3740 0.0007 0.0010 0.5532 -0.0116 -0.067613 -0.918308 12.16 
1.1760 2 1 1 0x0 1.3126 1.4478 1.31 1.45 0.4283 0.4336 0.0010 0.0015 0.5568 -0.0118 -0.067613 -0.913415 12.16 
1.1860 2 1 1 0x0 1.2483 1.3835 1.25 1.38 0.4198 0.4015 0.0006 0.0008 0.5609 -0.0121 -0.067613 -0.911567 12.15 
1.1960 2 1 1 0x0 1.2067 1.3365 1.21 1.34 0.3873 0.3471 0.0014 0.0009 0.5643 -0.0123 -0.064909 -0.908749 12.16 
1.2060 2 1 1 0x0 1.1566 1.2918 1.16 1.29 0.3191 0.3335 0.0011 0.0015 0.5678 -0.0125 -0.067613 -0.905580 12.16 
1.2160 2 1 1 0x0 1.1086 1.2385 1.11 1.24 0.3085 0.3819 0.0010 0.0009 0.5712 -0.0128 -0.064909 -0.902916 12.15 
1.2260 2 1 1 0x0 1.0729 1.1973 1.07 1.20 0.3259 0.3319 0.0020 0.0007 0.5743 -0.0130 -0.062204 -0.899344 12.16 
1.2360 2 1 1 0x0 1.0282 1.1580 1.03 1.16 0.3170 0.2876 0.0007 0.0013 0.5773 -0.0132 -0.064909 -0.894963 12.15 
1.2460 2 1 1 0x0 0.9907 1.1205 0.99 1.12 0.2602 0.3147 0.0011 0.0019 0.5801 -0.0133 -0.064909 -0.892295 12.15 
1.2560 2 1 1 0x0 0.9604 1.0848 0.96 1.08 0.2195 0.2483 0.0021 0.0018 0.5828 -0.0135 -0.062204 -0.891311 12.15 
1.2660 2 1 1 0x0 0.9265 1.0455 0.93 1.05 0.2029 0.2863 0.0017 0.0014 0.5854 -0.0137 -0.059500 -0.887567 12.16 
1.2760 2 1 1 0x0 0.9046 1.0182 0.90 1.02 0.2473 0.2756 0.0027 0.0017 0.5876 -0.0138 -0.056795 -0.883046 12.15 
1.2860 2 1 1 0x0 0.8792 0.9874 0.88 0.99 0.1897 0.2855 0.0027 0.0023 0.5898 -0.0139 -0.054091 -0.879688 12.16 
1.2960 2 1 1 0x0 0.8504 0.9531 0.85 0.95 0.1827 0.2445 0.0017 0.0019 0.5921 -0.0140 -0.051386 -0.876537 12.15 
1.3060 2 1 1 0x0 0.8334 0.9308 0.83 0.93 0.1840 0.1868 0.0017 0.0025 0.5939 -0.0141 -0.048682 -0.873259 12.16 
1.3160 2 1 1 0x0 0.8234 0.9099 0.82 0.91 0.1309 0.2258 0.0036 0.0025 0.5955 -0.0142 -0.043273 -0.868323 12.15 
1.3260 2 1 1 0x0 0.7994 0.8805 0.80 0.88 0.1344 0.1648 0.0016 0.0020 0.5973 -0.0143 -0.040568 -0.864416 12.15 
1.3360 2 1 1 0x0 0.7876 0.8633 0.79 0.86 0.1438 0.1584 0.0029 0.0030 0.5988 -0.0143 -0.037864 -0.861615 12.15 
1.3460 2 1 1 0x0 0.7725 0.8428 0.77 0.84 0.1170 0.1355 0.0035 0.0032 0.6002 -0.0144 -0.035159 -0.860340 12.16 
1.3560 2 1 1 0x0 0.7543 0.8192 0.75 0.82 0.1229 0.1240 0.0039 0.0028 0.6016 -0.0144 -0.032454 -0.857890 12.16 
1.3660 2 1 1 0x0 0.7380 0.8029 0.74 0.80 0.0940 0.1330 0.0023 0.0037 0.6028 -0.0145 -0.032454 -0.855172 12.15 
1.3760 2 1 1 0x0 0.7290 0.7885 0.73 0.79 0.0868 0.1099 0.0039 0.0033 0.6038 -0.0145 -0.029750 -0.851559 12.16 
1.3860 2 1 1 0x0 0.7170 0.7711 0.72 0.77 0.0829 0.1228 0.0052 0.0026 0.6048 -0.0145 -0.027045 -0.849430 12.16 
1.3960 2 1 1 0x0 0.7072 0.7613 0.71 0.76 0.0755 0.1143 0.0060 0.0053 0.6056 -0.0145 -0.027045 -0.848046 12.15 
1.4060 2 1 1 0x0 0.6946 0.7487 0.69 0.75 0.0696 0.0884 0.0057 0.0062 0.6065 -0.0146 -0.027045 -0.846350 12.16 
1.4160 2 1 1 0x0 0.6896 0.7383 0.69 0.74 0.0519 0.0831 0.0103 0.0058 0.6071 -0.0146 -0.024341 -0.843596 12.16 
1.4260 2 1 1 0x0 0.6715 0.7202 0.67 0.72 0.0613 0.0661 0.0066 0.0040 0.6079 -0.0146 -0.024341 -0.841350 12.16 
1.4360 2 1 1 0x0 0.6663 0.7150 0.67 0.71 0.0464 0.0582 0.0089 0.0075 0.6083 -0.0146 -0.024341 -0.839166 12.16 
1.4460 2 1 1 0x0 0.6586 0.7073 0.66 0.71 0.0505 0.0640 0.0105 0.0108 0.6087 -0.0146 -0.024341 -0.837479 12.15 
1.4560 2 1 1 0x0 0.6484 0.6971 0.65 0.70 0.0322 0.0401 0.0102 0.0126 0.6091 -0.0146 -0.024341 -0.835447 12.16 
1.4660 2 1 1 0x0 0.6463 0.6895 0.65 0.69 0.0322 0.0352 0.0202 0.0118 0.6093 -0.0146 -0.021636 -0.833309 12.16 
1.4760 2 1 1 0x0 0.6365 0.6852 0.64 0.69 0.0270 0.0253 0.0164 0.0218 0.6095 -0.0146 -0.024341 -0.830879 12.16 
1.4860 2 1 1 0x0 0.6347 0.6833 0.63 0.68 0.0214 0.0156 0.0264 0.0318 0.6095 -0.0146 -0.024341 -0.828826 12.15 
1.4960 2 1 1 0x0 0.6205 0.6746 0.62 0.67 0.0197 0.0113 0.0186 0.0418 0.6097 -0.0146 -0.027045 -0.828190 12.16 
1.5060 2 1 1 0x0 0.6147 0.6688 0.61 0.67 0.0197 0.0088 0.0286 0.0518 0.6097 -0.0146 -0.027045 -0.828002 12.16 
1.5160 2 1 1 0x0 0.6070 0.6611 0.61 0.66 0.0143 0.0072 0.0386 0.0618 0.6097 -0.0146 -0.027045 -0.826738 12.16 
1.5260 2 1 1 0x0 0.6026 0.6621 0.60 0.66 0.0106 -0.0065 0.0486 0.0350 0.6095 -0.0146 -0.029750 -0.825218 12.16 
1.5360 2 1 1 0x0 0.5913 0.6508 0.59 0.65 0.0084 -0.0065 0.0586 0.0450 0.6095 -0.0146 -0.029750 -0.824203 12.16 
1.5460 2 1 1 0x0 0.5787 0.6382 0.58 0.64 0.0070 -0.0065 0.0686 0.0550 0.6095 -0.0146 -0.029750 -0.823754 12.16 
1.5560 2 1 1 0x0 0.5649 0.6244 0.56 0.62 0.0059 -0.0065 0.0786 0.0650 0.6095 -0.0146 -0.029750 -0.823367 12.15 
1.5660 2 1 1 0x0 0.5501 0.6096 0.55 0.61 0.0052 -0.0065 0.0886 0.0750 0.6095 -0.0146 -0.029750 -0.822502 12.16 
1.5760 2 1 1 0x0 0.5343 0.5938 0.53 0.59 0.0046 -0.0065 0.0986 0.0850 0.6095 -0.0146 -0.029750 -0.821628 12.16 
1.5860 2 1 1 0x0 0.5176 0.5771 0.52 0.58 0.0041 -0.0065 0.1000 0.0950 0.6095 -0.0146 -0.029750 -0.821149 12.16 
1.5960 2 1 1 0x0 0.5001 0.5596 0.50 0.56 0.0037 -0.0055 0.1000 0.1000 0.6095 -0.0146 -0.029750 -0.820570 12.15 
1.6060 2 1 1 0x0 0.4819 0.5414 0.48 0.54 0.0034 -0.0048 0.1000 0.1000 0.6095 -0.0146 -0.029750 -0.819860 12.15 
1.6160 2 1 1 0x0 0.4632 0.5227 0.46 0.52 0.0032 -0.0043 0.1000 0.1000 0.6095 -0.0146 -0.029750 -0.819213 12.15 
1.6260 2 1 1 0x0 0.4438 0.5033 0.44 0.50 0.0029 -0.0039 0.1000 0.1000 0.6095 -0.0146 -0.029750 -0.818606 12.16 
1.6360 2 1 1 0x0 0.4239 0.4834 0.42 0.48 0.0027 -0.0036 0.1000 0.1000 0.6095 -0.0146 -0.029750 -0.818122 12.16 
1.6460 2 1 1 0x0 0.4036 0.4631 0.40 0.46 0.0026 -0.0033 0.1000 0.1000 0.6095 -0.0146 -0.029750 -0.817471 12.15 
1.6560 2 1 1 0x0 0.3828 0.4423 0.38 0.44 0.0024 -0.0030 0.1000 0.1000 0.6095 -0.0146 -0.029750 -0.816701 12.16 
1.6660 2 1 1 0x0 0.3617 0.4212 0.36 0.42 0.0023 -0.0028 0.1000 0.1000 0.6095 -0.0146 -0.029750 -0.815945 12.15 
1.6760 2 1 1 0x0 0.3403 0.3998 0.34 0.40 0.0022 -0.0026 0.1000 0.1000 0.6095 -0.0146 -0.029750 -0.815075 12.16 
1.6860 2 1 1 0x0 0.3185 0.3780 0.32 0.38 0.0020 -0.0025 0.1000 0.1000 0.6095 -0.0146 -0.029750 -0.814242 12.16 
1.6960 2 1 1 0x0 0.2965 0.3560 0.30 0.36 0.0000 -0.0023 0.1000 0.1000 0.6095 -0.0146 -0.029750 -0.813487 12.15 
1.7060 2 1 1 0x0 0.2743 0.3338 0.27 0.33 0.0000 -0.0022 0.1000 0.1000 0.6095 -0.0146 -0.029750 -0.812766 12.16 
1.7160 2 1 1 0x0 0.2518 0.3113 0.25 0.31 0.0000 -0.0021 0.1000 0.1000 0.6095 -0.0146 -0.029750 -0.812103 12.15 
1.7260 2 1 1 0x0 0.2291 0.2886 0.23 0.29 0.0000 -0.0000 0.1000 0.1000 0.6095 -0.0146 -0.029750 -0.811455 12.16 
1.7360 2 1 1 0x0 0.2063 0.2658 0.21 0.27 0.0000 -0.0000 0.1000 0.1000 0.6095 -0.0146 -0.029750 -0.810814 12.16 
1.7460 2 1 1 0x0 0.1833 0.2428 0.18 0.24 0.0000 -0.0000 0.1000 0.1000 0.6095 -0.0146 -0.029750 -0.810142 12.16 
1.7560 2 1 1 0x0 0.1602 0.2197 0.16 0.22 0.0000 -0.0000 0.1000 0.1000 0.6095 -0.0146 -0.029750 -0.809435 12.16 
1.7660 2 1 1 0x0 0.1369 0.1964 0.14 0.20 0.0000 -0.0000 0.1000 0.1000 0.6095 -0.0146 -0.029750 -0.808725 12.16 
1.7760 2 1 1 0x0 0.1135 0.1730 0.11 0.17 0.0000 -0.0000 0.1000 0.1000 0.6095 -0.0146 -0.029750 -0.808045 12.16 
1.7860 2 1 1 0x0 0.0900 0.1495 0.09 0.15 0.0000 -0.0000 0.1000 0.1000 0.6095 -0.0146 -0.029750 -0.807405 12.16 
1.7960 2 1 1 0x0 0.0664 0.1259 0.07 0.13 0.0000 -0.0000 0.1000 0.1000 0.6095 -0.0146 -0.029750 -0.806790 12.15 
1.8060 2 1 1 0x0 0.0428 0.1023 0.04 0.10 0.0000 -0.0000 0.1000 0.1000 0.6095 -0.0146 -0.029750 -0.806169 12.16 
1.8160 2 1 1 0x0 0.0190 0.0785 0.02 0.08 0.0000 -0.0000 0.1000 0.1000 0.6095 -0.0146 -0.029750 -0.805537 12.16 
1.8260 2 1 1 0x0 -0.0048 0.0547 -0.00 0.05 0.0000 -0.0000 0.1000 0.1000 0.6095 -0.0146 -0.029750 -0.804912 12.16 
1.8360 2 1 1 0x0 -0.0286 0.0309 -0.03 0.03 0.0000 -0.0000 0.1000 0.1000 0.6095 -0.0146 -0.029750 -0.804271 12.16 
1.8460 2 1 1 0x0 -0.0526 0.0069 -0.05 0.01 0.0000 -0.0000 0.1000 0.1000 0.6095 -0.0146 -0.029750 -0.803644 12.16 
1.8560 2 1 1 0x0 -0.0765 -0.0170 -0.08 -0.02 0.0000 -0.0000 0.1000 0.1000 0.6095 -0.0146 -0.029750 -0.803026 12.16 
1.8660 2 1 1 0x0 -0.1005 -0.0410 -0.10 -0.04 0.0000 -0.0000 0.1000 0.1000 0.6095 -0.0146 -0.029750 -0.802439 12.16 
1.8760 2 1 1 0x0 -0.1246 -0.0651 -0.12 -0.07 0.0000 -0.0000 0.1000 0.1000 0.6095 -0.0146 -0.029750 -0.801858 12.16 
1.8860 2 1 1 0x0 -0.1487 -0.0892 -0.15 -0.09 0.0000 -0.0000 0.1000 0.1000 0.6095 -0.0146 -0.029750 -0.801257 12.16 
1.8960 2 1 1 0x0 -0.1728 -0.1133 -0.17 -0.11 0.0000 -0.0000 0.1000 0.1000 0.6095 -0.0146 -0.029750 -0.800665 12.16 
1.9060 2 1 1 0x0 -0.1970 -0.1375 -0.20 -0.14 0.0000 -0.0000 0.1000 0.1000 0.6095 -0.0146 -0.029750 -0.800060 12.16 
1.9160 2 1 1 0x0 -0.2211 -0.1616 -0.22 -0.16 0.0000 -0.0000 0.1000 0.1000 0.6095 -0.0146 -0.029750 -0.799467 12.16 
1.9260 2 1 1 0x0 -0.2453 -0.1858 -0.25 -0.19 0.0000 -0.0000 0.1000 0.1000 0.6095 -0.0146 -0.029750 -0.798871 12.15 
1.9360 2 1 1 0x0 -0.2695 -0.2100 -0.27 -0.21 0.0000 -0.0000 0.1000 0.1000 0.6095 -0.0146 -0.029750 -0.798279 12.16 
1.9460 2 1 1 0x0 -0.2938 -0.2343 -0.29 -0.23 0.0000 -0.0000 0.1000 0.1000 0.6095 -0.0146 -0.029750 -0.797727 12.16 
1.9560 2 1 1 0x0 -0.3180 -0.2585 -0.32 -0.26 0.0000 -0.0000 0.1000 0.1000 0.6095 -0.0146 -0.029750 -0.797163 12.16 
1.9660 2 1 1 0x0 -0.3423 -0.2828 -0.34 -0.28 0.0000 -0.0000 0.1000 0.1000 0.6095 -0.0146 -0.029750 -0.796625 12.16 
1.9760 2 1 1 0x0 -0.3666 -0.3071 -0.37 -0.31 0.0000 -0.0000 0.1000 0.1000 0.6095 -0.0146 -0.029750 -0.796091 12.16 
1.9860 2 1 1 0x0 -0.3909 -0.3314 -0.39 -0.33 0.0000 -0.0000 0.1000 0.1000 0.6095 -0.0146 -0.029750 -0.795559 12.16 
1.9960 2 1 1 0x0 -0.4152 -0.3557 -0.42 -0.36 0.0000 -0.0000 0.1000 0.1000 0.6095 -0.0146 -0.029750 -0.795012 12.16 
2.0060 2 1 1 0x0 -0.4395 -0.3800 -0.44 -0.38 0.0000 -0.0000 0.1000 0.1000 0.6095 -0.0146 -0.029750 -0.794476 12.16 
2.0160 2 1 1 0x0 -0.4638 -0.4043 -0.46 -0.40 0.0000 -0.0000 0.1000 0.1000 0.6095 -0.0146 -0.029750 -0.793967 12.16 
2.0260 2 1 1 0x0 -0.4882 -0.4287 -0.49 -0.43 0.0000 -0.0000 0.1000 0.1000 0.6095 -0.0146 -0.029750 -0.793443 12.16 
2.0360 2 1 1 0x0 -0.5125 -0.4530 -0.51 -0.45 0.0000 -0.0000 0.1000 0.1000 0.6095 -0.0146 -0.029750 -0.792927 12.16 
2.0460 2 1 1 0x0 -0.5369 -0.4774 -0.54 -0.48 0.0000 -0.0000 0.1000 0.1000 0.6095 -0.0146 -0.029750 -0.792447 12.16 
2.0560 2 1 1 0x0 -0.5612 -0.5017 -0.56 -0.50 0.0000 -0.0000 0.1000 0.1000 0.6095 -0.0146 -0.029750 -0.791931 12.16 
2.0660 2 1 1 0x0 -0.5856 -0.5261 -0.59 -0.53 0.0000 -0.0000 0.1000 0.1000 0.6095 -0.0146 -0.029750 -0.791448 12.15 
2.0760 2 1 1 0x0 -0.6100 -0.5505 -0.61 -0.55 0.0000 -0.0000 0.1000 0.1000 0.6095 -0.0146 -0.029750 -0.790952 12.16 
2.0860 2 1 1 0x0 -0.6343 -0.5748 -0.63 -0.57 0.0000 -0.0000 0.1000 0.1000 0.6095 -0.0146 -0.029750 -0.790475 12.16 
2.0960 2 1 1 0x0 -0.6587 -0.5992 -0.66 -0.60 0.0000 -0.0000 0.1000 0.1000 0.6095 -0.0146 -0.029750 -0.789989 12.16 
2.1060 2 1 1 0x0 -0.6831 -0.6236 -0.68 -0.62 0.0000 -0.0000 0.1000 0.1000 0.6095 -0.0146 -0.029750 -0.789526 12.16 
2.1160 2 1 1 0x0 -0.7075 -0.6480 -0.71 -0.65 0.0000 -0.0000 0.1000 0.1000 0.6095 -0.0146 -0.029750 -0.789063 12.16 
2.1260 2 1 1 0x0 -0.7318 -0.6723 -0.73 -0.67 0.0000 -0.0000 0.1000 0.1000 0.6095 -0.0146 -0.029750 -0.788612 12.16 
2.1360 2 1 1 0x0 -0.7562 -0.6967 -0.76 -0.70 0.0000 -0.0000 0.1000 0.1000 0.6095 -0.0146 -0.029750 -0.788122 12.15 
2.1460 2 1 1 0x0 -0.7806 -0.7211 -0.78 -0.72 0.0000 -0.0000 0.1000 0.1000 0.6095 -0.0146 -0.029750 -0.787677 12.16 
2.1560 2 1 1 0x0 -0.8050 -0.7455 -0.80 -0.75 0.0000 -0.0000 0.1000 0.1000 0.6095 -0.0146 -0.029750 -0.787191 12.16 
2.1660 2 1 1 0x0 -0.8294 -0.7699 -0.83 -0.77 0.0000 -0.0000 0.1000 0.1000 0.6095 -0.0146 -0.029750 -0.786729 12.15 
2.1760 2 1 1 0x0 -0.8538 -0.7943 -0.85 -0.79 0.0000 -0.0000 0.1000 0.1000 0.6095 -0.0146 -0.029750 -0.786268 12.15 
2.1860 2 1 1 0x0 -0.8781 -0.8186 -0.88 -0.82 0.0000 -0.0000 0.1000 0.1000 0.6095 -0.0146 -0.029750 -0.785828 12.16 
2.1960 2 1 1 0x0 -0.9026 -0.8431 -0.90 -0.84 0.0000 -0.0000 0.1000 0.1000 0.6095 -0.0146 -0.029750 -0.785378 12.15 
2.2060 2 1 1 0x0 -0.9270 -0.8675 -0.93 -0.87 0.0000 -0.0000 0.1000 0.1000 0.6095 -0.0146 -0.029750 -0.784927 12.16 
2.2160 2 1 1 0x0 -0.9413 -0.8872 -0.94 -0.89 -0.0006 -0.0000 0.1000 0.1000 0.6093 -0.0146 -0.027045 -0.784490 12.15 
2.2260 2 1 1 0x0 -0.9660 -0.9119 -0.97 -0.91 -0.0006 -0.0000 0.1000 0.1000 0.6093 -0.0146 -0.027045 -0.784067 12.15 
2.2360 2 1 1 0x0 -0.9861 -0.9266 -0.99 -0.93 -0.0006 -0.0006 0.1000 0.1000 0.6091 -0.0146 -0.029750 -0.783539 12.16 
2.2460 2 1 1 0x0 -1.0062 -0.9413 -1.01 -0.94 -0.0006 -0.0254 0.1000 0.0115 0.6089 -0.0146 -0.032454 -0.782708 12.15 
2.2560 2 1 1 0x0 -1.0162 -0.9513 -1.02 -0.95 -0.0084 -0.0362 0.0259 0.0079 0.6085 -0.0146 -0.032454 -0.781698 12.16 
2.2660 2 1 1 0x0 -1.0422 -0.9773 -1.04 -0.98 -0.0084 -0.0362 0.0359 0.0180 0.6085 -0.0146 -0.032454 -0.780196 12.15 
2.2760 2 1 1 0x0 -1.0681 -1.0032 -1.07 -1.00 -0.0084 -0.0182 0.0459 0.0280 0.6085 -0.0146 -0.032454 -0.779574 12.16 
2.2860 2 1 1 0x0 -1.0834 -1.0239 -1.08 -1.02 -0.0139 -0.0125 0.0172 0.0380 0.6083 -0.0146 -0.029750 -0.779208 12.15 
2.2960 2 1 1 0x0 -1.1045 -1.0396 -1.10 -1.04 -0.0139 -0.0118 0.0272 0.0252 0.6081 -0.0146 -0.032454 -0.778570 12.15 
2.3060 2 1 1 0x0 -1.1152 -1.0503 -1.12 -1.05 -0.0182 -0.0247 0.0115 0.0098 0.6077 -0.0146 -0.032454 -0.777741 12.16 
2.3160 2 1 1 0x0 -1.1419 -1.0770 -1.14 -1.08 -0.0182 -0.0247 0.0215 0.0198 0.6077 -0.0146 -0.032454 -0.776823 12.15 
2.3260 2 1 1 0x0 -1.1531 -1.0882 -1.15 -1.09 -0.0272 -0.0215 0.0130 0.0121 0.6073 -0.0146 -0.032454 -0.776491 12.15 
2.3360 2 1 1 0x0 -1.1751 -1.1047 -1.18 -1.10 -0.0272 -0.0323 0.0230 0.0064 0.6071 -0.0146 -0.035159 -0.776248 12.15 
2.3460 2 1 1 0x0 -1.1920 -1.1271 -1.19 -1.13 -0.0244 -0.0323 0.0172 0.0164 0.6069 -0.0146 -0.032454 -0.775196 12.15 
2.3560 2 1 1 0x0 -1.2042 -1.1393 -1.20 -1.14 -0.0346 -0.0337 0.0130 0.0142 0.6065 -0.0145 -0.032454 -0.774388 12.15 
2.3660 2 1 1 0x0 -1.2167 -1.1518 -1.22 -1.15 -0.0306 -0.0420 0.0105 0.0133 0.6061 -0.0145 -0.032454 -0.773600 12.15 
2.3760 2 1 1 0x0 -1.2294 -1.1645 -1.23 -1.16 -0.0384 -0.0312 0.0086 0.0120 0.6056 -0.0145 -0.032454 -0.773201 12.16 
2.3860 2 1 1 0x0 -1.2425 -1.1776 -1.24 -1.18 -0.0381 -0.0440 0.0080 0.0109 0.6052 -0.0145 -0.032454 -0.772759 12.15 
2.3960 2 1 1 0x0 -1.2559 -1.1910 -1.26 -1.19 -0.0506 -0.0458 0.0086 0.0118 0.6048 -0.0145 -0.032454 -0.771657 12.15 
2.4060 2 1 1 0x0 -1.2647 -1.1944 -1.26 -1.19 -0.0448 -0.0444 0.0101 0.0053 0.6042 -0.0145 -0.035159 -0.770726 12.16 
2.4160 2 1 1 0x0 -1.2790 -1.2087 -1.28 -1.21 -0.0548 -0.0606 0.0119 0.0073 0.6038 -0.0145 -0.035159 -0.769908 12.16 
2.4260 2 1 1 0x0 -1.2833 -1.2183 -1.28 -1.22 -0.0552 -0.0509 0.0054 0.0100 0.6032 -0.0144 -0.032454 -0.769642 12.15 
2.4360 2 1 1 0x0 -1.2932 -1.2229 -1.29 -1.22 -0.0456 -0.0557 0.0073 0.0062 0.6026 -0.0144 -0.035159 -0.769302 12.15 
2.4460 2 1 1 0x0 -1.3036 -1.2279 -1.30 -1.23 -0.0628 -0.0637 0.0096 0.0035 0.6020 -0.0144 -0.037864 -0.768955 12.15 
2.4560 2 1 1 0x0 -1.3091 -1.2388 -1.31 -1.24 -0.0692 -0.0668 0.0058 0.0073 0.6014 -0.0144 -0.035159 -0.768269 12.15 
2.4660 2 1 1 0x0 -1.3203 -1.2445 -1.32 -1.24 -0.0560 -0.0799 0.0092 0.0046 0.6008 -0.0143 -0.037864 -0.767747 12.15 
2.4760 2 1 1 0x0 -1.3214 -1.2457 -1.32 -1.25 -0.0539 -0.0789 0.0054 0.0039 0.6000 -0.0143 -0.037864 -0.767289 12.16 
2.4860 2 1 1 0x0 -1.3333 -1.2522 -1.33 -1.25 -0.0617 -0.0795 0.0083 0.0027 0.5994 -0.0143 -0.040568 -0.767237 12.15 
2.4960 2 1 1 0x0 -1.3401 -1.2644 -1.34 -1.26 -0.0712 -0.0632 0.0047 0.0070 0.5988 -0.0143 -0.037864 -0.767297 12.15 
2.5060 2 1 1 0x0 -1.3525 -1.2714 -1.35 -1.27 -0.0569 -0.0727 0.0082 0.0060 0.5981 -0.0142 -0.040568 -0.766514 12.16 
2.5160 2 1 1 0x0 -1.3549 -1.2738 -1.35 -1.27 -0.0653 -0.0706 0.0062 0.0053 0.5973 -0.0142 -0.040568 -0.765901 12.15 
2.5260 2 1 1 0x0 -1.3574 -1.2763 -1.36 -1.28 -0.0678 -0.0618 0.0048 0.0042 0.5965 -0.0142 -0.040568 -0.765441 12.15 
2.5360 2 1 1 0x0 -1.3653 -1.2896 -1.37 -1.29 -0.0693 -0.0762 0.0039 0.0083 0.5959 -0.0142 -0.037864 -0.765427 12.15 
2.5460 2 1 1 0x0 -1.3685 -1.2927 -1.37 -1.29 -0.0793 -0.0902 0.0039 0.0073 0.5951 -0.0141 -0.037864 -0.764994 12.15 
2.5560 2 1 1 0x0 -1.3670 -1.2858 -1.37 -1.29 -0.0793 -0.0797 0.0046 0.0030 0.5941 -0.0141 -0.040568 -0.763655 12.15 
2.5660 2 1 1 0x0 -1.3709 -1.2898 -1.37 -1.29 -0.0844 -0.0774 0.0056 0.0035 0.5933 -0.0141 -0.040568 -0.762842 12.15 
2.5760 2 1 1 0x0 -1.3751 -1.2939 -1.38 -1.29 -0.0807 -0.0879 0.0062 0.0042 0.5925 -0.0140 -0.040568 -0.762998 12.15 
2.5860 2 1 1 0x0 -1.3692 -1.2935 -1.37 -1.29 -0.0979 -0.0813 0.0033 0.0053 0.5915 -0.0140 -0.037864 -0.762592 12.15 
2.5960 2 1 1 0x0 -1.3691 -1.2880 -1.37 -1.29 -0.1124 -0.1077 0.0044 0.0028 0.5904 -0.0139 -0.040568 -0.762139 12.16 
2.6060 2 1 1 0x0 -1.3640 -1.2883 -1.36 -1.29 -0.0931 -0.1099 0.0023 0.0047 0.5894 -0.0139 -0.037864 -0.762132 12.15 
2.6160 2 1 1 0x0 -1.3648 -1.2836 -1.36 -1.28 -0.0932 -0.0953 0.0045 0.0032 0.5884 -0.0139 -0.040568 -0.761918 12.15 
2.6260 2 1 1 0x0 -1.3554 -1.2743 -1.36 -1.27 -0.1220 -0.1157 0.0032 0.0020 0.5872 -0.0138 -0.040568 -0.761712 12.16 
2.6360 2 1 1 0x0 -1.3516 -1.2759 -1.35 -1.28 -0.1082 -0.1275 0.0025 0.0044 0.5862 -0.0138 -0.037864 -0.761762 12.15 
2.6460 2 1 1 0x0 -1.3432 -1.2674 -1.34 -1.27 -0.1360 -0.1011 0.0023 0.0036 0.5850 -0.0137 -0.037864 -0.761399 12.15 
2.6560 2 1 1 0x0 -1.3351 -1.2594 -1.34 -1.26 -0.1054 -0.1089 0.0020 0.0023 0.5838 -0.0137 -0.037864 -0.761150 12.15 
2.6660 2 1 1 0x0 -1.3323 -1.2620 -1.33 -1.26 -0.1351 -0.1273 0.0019 0.0044 0.5827 -0.0136 -0.035159 -0.761304 12.15 
2.6760 2 1 1 0x0 -1.3248 -1.2545 -1.32 -1.25 -0.1107 -0.0991 0.0019 0.0040 0.5815 -0.0136 -0.035159 -0.760967 12.15 
2.6860 2 1 1 0x0 -1.3175 -1.2472 -1.32 -1.25 -0.1396 -0.1243 0.0023 0.0030 0.5803 -0.0136 -0.035159 -0.760594 12.15 
2.6960 2 1 1 0x0 -1.3105 -1.2402 -1.31 -1.24 -0.1146 -0.1109 0.0025 0.0026 0.5791 -0.0135 -0.035159 -0.760215 12.15 
2.7060 2 1 1 0x0 -1.3037 -1.2334 -1.30 -1.23 -0.1433 -0.1259 0.0028 0.0019 0.5779 -0.0135 -0.035159 -0.759845 12.15 
2.7160 2 1 1 0x0 -1.3022 -1.2373 -1.30 -1.24 -0.1018 -0.1271 0.0031 0.0049 0.5769 -0.0134 -0.032454 -0.759647 12.15 
2.7260 2 1 1 0x0 -1.2956 -1.2307 -1.30 -1.23 -0.1413 -0.1088 0.0031 0.0046 0.5757 -0.0134 -0.032454 -0.759250 12.15 
2.7360 2 1 1 0x0 -1.2892 -1.2243 -1.29 -1.22 -0.1186 -0.1266 0.0036 0.0040 0.5744 -0.0134 -0.032454 -0.759157 12.16 
2.7460 2 1 1 0x0 -1.2827 -1.2178 -1.28 -1.22 -0.1356 -0.1065 0.0036 0.0038 0.5732 -0.0133 -0.032454 -0.759131 12.15 
2.7560 2 1 1 0x0 -1.2763 -1.2114 -1.28 -1.21 -0.1132 -0.1210 0.0039 0.0033 0.5720 -0.0133 -0.032454 -0.759367 12.16 
2.7660 2 1 1 0x0 -1.2698 -1.2049 -1.27 -1.20 -0.1367 -0.1074 0.0041 0.0024 0.5708 -0.0132 -0.032454 -0.759616 12.15 
2.7760 2 1 1 0x0 -1.2683 -1.2088 -1.27 -1.21 -0.1111 -0.1026 0.0039 0.0053 0.5698 -0.0132 -0.029750 -0.759501 12.15 
2.7860 2 1 1 0x0 -1.2616 -1.2021 -1.26 -1.20 -0.1329 -0.1130 0.0041 0.0042 0.5686 -0.0132 -0.029750 -0.759423 12.16 
2.7960 2 1 1 0x0 -1.2546 -1.1951 -1.25 -1.20 -0.1086 -0.1089 0.0038 0.0029 0.5673 -0.0131 -0.029750 -0.759418 12.15 
2.8060 2 1 1 0x0 -1.2475 -1.1880 -1.25 -1.19 -0.1299 -0.1232 0.0033 0.0020 0.5661 -0.0131 -0.029750 -0.759491 12.16 
2.8160 2 1 1 0x0 -1.2452 -1.1911 -1.25 -1.19 -0.0964 -0.1193 0.0025 0.0050 0.5651 -0.0131 -0.027045 -0.759720 12.15 
2.8260 2 1 1 0x0 -1.2480 -1.1885 -1.25 -1.19 -0.0969 -0.1229 0.0050 0.0044 0.5641 -0.0130 -0.029750 -0.759828 12.15 
2.8360 2 1 1 0x0 -1.2402 -1.1807 -1.24 -1.18 -0.1112 -0.1315 0.0030 0.0044 0.5629 -0.0130 -0.029750 -0.759431 12.15 
2.8460 2 1 1 0x0 -1.2424 -1.1775 -1.24 -1.18 -0.1078 -0.1056 0.0049 0.0038 0.5619 -0.0130 -0.032454 -0.759188 12.16 
2.8560 2 1 1 0x0 -1.2443 -1.1740 -1.24 -1.17 -0.0996 -0.1253 0.0061 0.0033 0.5609 -0.0129 -0.035159 -0.759218 12.15 
2.8660 2 1 1 0x0 -1.2353 -1.1650 -1.24 -1.17 -0.0856 -0.1035 0.0031 0.0025 0.5596 -0.0129 -0.035159 -0.759060 12.15 
2.8760 2 1 1 0x0 -1.2364 -1.1607 -1.24 -1.16 -0.0828 -0.1299 0.0043 0.0019 0.5586 -0.0129 -0.037864 -0.758601 12.15 
2.8860 2 1 1 0x0 -1.2423 -1.1665 -1.24 -1.17 -0.0860 -0.1258 0.0055 0.0051 0.5578 -0.0128 -0.037864 -0.758232 12.15 
2.8960 2 1 1 0x0 -1.2323 -1.1566 -1.23 -1.16 -0.1039 -0.1132 0.0024 0.0045 0.5566 -0.0128 -0.037864 -0.757659 12.15 
2.9060 2 1 1 0x0 -1.2325 -1.1514 -1.23 -1.15 -0.0991 -0.1395 0.0038 0.0046 0.5556 -0.0127 -0.040568 -0.757431 12.15 
2.9160 2 1 1 0x0 -1.2324 -1.1459 -1.23 -1.15 -0.1036 -0.1050 0.0044 0.0047 0.5546 -0.0127 -0.043273 -0.757495 12.15 
2.9260 2 1 1 0x0 -1.2320 -1.1401 -1.23 -1.14 -0.1103 -0.1261 0.0062 0.0041 0.5536 -0.0127 -0.045977 -0.757450 12.15 
2.9360 2 1 1 0x0 -1.2209 -1.1289 -1.22 -1.13 -0.0870 -0.1121 0.0036 0.0037 0.5523 -0.0126 -0.045977 -0.757000 12.15 
2.9460 2 1 1 0x0 -1.2200 -1.1226 -1.22 -1.12 -0.0929 -0.1296 0.0055 0.0027 0.5513 -0.0125 -0.048682 -0.756826 12.16 
2.9560 2 1 1 0x0 -1.2084 -1.1110 -1.21 -1.11 -0.1084 -0.1031 0.0029 0.0024 0.5501 -0.0125 -0.048682 -0.756781 12.15 
2.9660 2 1 1 0x0 -1.2119 -1.1146 -1.21 -1.11 -0.0860 -0.1033 0.0035 0.0051 0.5493 -0.0124 -0.048682 -0.756477 12.15 
2.9760 2 1 1 0x0 -1.2098 -1.1070 -1.21 -1.11 -0.0829 -0.1213 0.0030 0.0031 0.5483 -0.0124 -0.051386 -0.756430 12.15 
2.9860 2 1 1 0x0 -1.2176 -1.1040 -1.22 -1.10 -0.0631 -0.0977 0.0074 0.0024 0.5475 -0.0124 -0.056795 -0.757449 12.15 
2.9960 2 1 1 0x0 -1.2195 -1.1059 -1.22 -1.11 -0.0653 -0.0968 0.0057 0.0048 0.5467 -0.0123 -0.056795 -0.758668 12.15 
3.0060 2 1 1 0x0 -1.2159 -1.0969 -1.22 -1.10 -0.0719 -0.1203 0.0048 0.0034 0.5457 -0.0122 -0.059500 -0.758815 12.15 
3.0160 2 1 1 0x0 -1.2169 -1.0979 -1.22 -1.10 -0.0654 -0.1139 0.0038 0.0060 0.5448 -0.0122 -0.059500 -0.758293 12.15 
3.0260 2 1 1 0x0 -1.2228 -1.0930 -1.22 -1.09 -0.0788 -0.0896 0.0081 0.0036 0.5440 -0.0121 -0.064909 -0.758513 12.16 
3.0360 2 1 1 0x0 -1.2227 -1.0929 -1.22 -1.09 -0.0720 -0.0958 0.0052 0.0056 0.5432 -0.0121 -0.064909 -0.759589 12.15 
3.0460 2 1 1 0x0 -1.2276 -1.0869 -1.23 -1.09 -0.0557 -0.1066 0.0087 0.0037 0.5424 -0.0120 -0.070318 -0.759506 12.15 
3.0560 2 1 1 0x0 -1.2266 -1.0859 -1.23 -1.09 -0.0649 -0.1033 0.0068 0.0052 0.5416 -0.0120 -0.070318 -0.758866 12.15 
3.0660 2 1 1 0x0 -1.2201 -1.0741 -1.22 -1.07 -0.0641 -0.0952 0.0050 0.0034 0.5406 -0.0119 -0.073023 -0.758840 12.15 
3.0760 2 1 1 0x0 -1.2288 -1.0774 -1.23 -1.08 -0.0748 -0.0980 0.0091 0.0057 0.5400 -0.0119 -0.075727 -0.758815 12.15 
3.0860 2 1 1 0x0 -1.2266 -1.0751 -1.23 -1.08 -0.0781 -0.0711 0.0068 0.0066 0.5392 -0.0118 -0.075727 -0.758817 12.15 
3.0960 2 1 1 0x0 -1.2188 -1.0620 -1.22 -1.06 -0.0649 -0.0973 0.0046 0.0034 0.5382 -0.0117 -0.078432 -0.759810 12.16 
3.1060 2 1 1 0x0 -1.2262 -1.0639 -1.23 -1.06 -0.0605 -0.1014 0.0081 0.0040 0.5376 -0.0117 -0.081136 -0.759842 12.16 
3.1160 2 1 1 0x0 -1.2226 -1.0603 -1.22 -1.06 -0.0536 -0.0941 0.0050 0.0056 0.5368 -0.0116 -0.081136 -0.759714 12.15 
3.1260 2 1 1 0x0 -1.2289 -1.0612 -1.23 -1.06 -0.0626 -0.0985 0.0080 0.0058 0.5361 -0.0116 -0.083841 -0.760048 12.16 
3.1360 2 1 1 0x0 -1.2242 -1.0566 -1.22 -1.06 -0.0644 -0.0866 0.0036 0.0062 0.5353 -0.0115 -0.083841 -0.760080 12.15 
3.1460 2 1 1 0x0 -1.2297 -1.0566 -1.23 -1.06 -0.0551 -0.0841 0.0068 0.0059 0.5347 -0.0114 -0.086545 -0.760134 12.16 
3.1560 2 1 1 0x0 -1.2345 -1.0560 -1.23 -1.06 -0.0596 -0.0808 0.0097 0.0054 0.5341 -0.0114 -0.089250 -0.760563 12.15 
3.1660 2 1 1 0x0 -1.2387 -1.0548 -1.24 -1.05 -0.0416 -0.0857 0.0114 0.0044 0.5335 -0.0113 -0.091954 -0.760518 12.15 
3.1760 2 1 1 0x0 -1.2425 -1.0532 -1.24 -1.05 -0.0540 -0.0861 0.0128 0.0042 0.5329 -0.0113 -0.094659 -0.760250 12.15 
3.1860 2 1 1 0x0 -1.2404 -1.0565 -1.24 -1.06 -0.0577 -0.0604 0.0065 0.0085 0.5323 -0.0112 -0.091954 -0.760358 12.16 
3.1960 2 1 1 0x0 -1.2432 -1.0538 -1.24 -1.05 -0.0454 -0.0615 0.0085 0.0060 0.5317 -0.0112 -0.094659 -0.760553 12.15 
3.2060 2 1 1 0x0 -1.2455 -1.0507 -1.25 -1.05 -0.0594 -0.0587 0.0106 0.0036 0.5311 -0.0111 -0.097363 -0.760110 12.16 
3.2159 2 1 1 0x0 -1.2419 -1.0526 -1.24 -1.05 -0.0544 -0.0693 0.0042 0.0072 0.5305 -0.0110 -0.094659 -0.759756 12.15 
3.2259 2 1 1 0x0 -1.2432 -1.0485 -1.24 -1.05 -0.0388 -0.0656 0.0053 0.0044 0.5299 -0.0110 -0.097363 -0.759974 12.15 
3.2359 2 1 1 0x0 -1.2595 -1.0594 -1.26 -1.06 -0.0388 -0.0536 0.0153 0.0075 0.5297 -0.0110 -0.100068 -0.760501 12.15 
3.2459 2 1 1 0x0 -1.2494 -1.0492 -1.25 -1.05 -0.0494 -0.0546 0.0058 0.0038 0.5289 -0.0109 -0.100068 -0.760732 12.14 
3.2559 2 1 1 0x0 -1.2545 -1.0544 -1.25 -1.05 -0.0541 -0.0737 0.0079 0.0073 0.5285 -0.0108 -0.100068 -0.759251 12.15 
3.2659 2 1 1 0x0 -1.2438 -1.0437 -1.24 -1.04 -0.0637 -0.0595 0.0038 0.0038 0.5277 -0.0108 -0.100068 -0.757729 12.15 
3.2759 2 1 1 0x0 -1.2484 -1.0483 -1.25 -1.05 -0.0542 -0.0494 0.0069 0.0063 0.5273 -0.0107 -0.100068 -0.757593 12.15 
3.2859 2 1 1 0x0 -1.2527 -1.0525 -1.25 -1.05 -0.0681 -0.0522 0.0102 0.0083 0.5269 -0.0107 -0.100068 -0.758330 12.15 
3.2959 2 1 1 0x0 -1.2411 -1.0410 -1.24 -1.04 -0.0671 -0.0663 0.0064 0.0038 0.5260 -0.0106 -0.100068 -0.758472 12.15 
3.3059 2 1 1 0x0 -1.2346 -1.0399 -1.23 -1.04 -0.0667 -0.0676 0.0031 0.0077 0.5254 -0.0105 -0.097363 -0.757347 12.15 
3.3159 2 1 1 0x0 -1.2333 -1.0332 -1.23 -1.03 -0.0486 -0.0520 0.0059 0.0052 0.5248 -0.0105 -0.100068 -0.756689 12.15 
3.3259 2 1 1 0x0 -1.2367 -1.0366 -1.24 -1.04 -0.0514 -0.0601 0.0077 0.0079 0.5244 -0.0104 -0.100068 -0.758173 12.15 
3.3359 2 1 1 0x0 -1.2347 -1.0292 -1.23 -1.03 -0.0390 -0.0704 0.0086 0.0040 0.5238 -0.0104 -0.102773 -0.759232 12.15 
3.3459 2 1 1 0x0 -1.2374 -1.0319 -1.24 -1.03 -0.0384 -0.0616 0.0081 0.0078 0.5234 -0.0103 -0.102773 -0.759215 12.15 
3.3559 2 1 1 0x0 -1.2453 -1.0289 -1.25 -1.03 -0.0316 -0.0614 0.0181 0.0059 0.5230 -0.0103 -0.108182 -0.758793 12.15 
3.3659 2 1 1 0x0 -1.2473 -1.0310 -1.25 -1.03 -0.0299 -0.0539 0.0160 0.0089 0.5226 -0.0103 -0.108182 -0.758808 12.15 
3.3759 2 1 1 0x0 -1.2490 -1.0326 -1.25 -1.03 -0.0365 -0.0483 0.0137 0.0109 0.5222 -0.0102 -0.108182 -0.759678 12.16 
3.3859 2 1 1 0x0 -1.2501 -1.0338 -1.25 -1.03 -0.0331 -0.0495 0.0120 0.0126 0.5218 -0.0102 -0.108182 -0.760063 12.15 
3.3959 2 1 1 0x0 -1.2460 -1.0243 -1.25 -1.02 -0.0411 -0.0480 0.0110 0.0056 0.5212 -0.0101 -0.110886 -0.759637 12.15 
3.4059 2 1 1 0x0 -1.2515 -1.0352 -1.25 -1.04 -0.0346 -0.0357 0.0102 0.0156 0.5210 -0.0101 -0.108182 -0.759504 12.15 
3.4159 2 1 1 0x0 -1.2466 -1.0248 -1.25 -1.02 -0.0384 -0.0459 0.0090 0.0055 0.5204 -0.0100 -0.110886 -0.758898 12.15 
3.4259 2 1 1 0x0 -1.2567 -1.0295 -1.26 -1.03 -0.0295 -0.0382 0.0190 0.0058 0.5202 -0.0100 -0.113591 -0.758698 12.15 
3.4359 2 1 1 0x0 -1.2559 -1.0287 -1.26 -1.03 -0.0224 -0.0414 0.0147 0.0056 0.5198 -0.0099 -0.113591 -0.759285 12.15 
3.4459 2 1 1 0x0 -1.2702 -1.0430 -1.27 -1.04 -0.0224 -0.0414 0.0247 0.0156 0.5198 -0.0099 -0.113591 -0.759844 12.15 
3.4559 2 1 1 0x0 -1.2687 -1.0415 -1.27 -1.04 -0.0259 -0.0339 0.0178 0.0147 0.5194 -0.0099 -0.113591 -0.759425 12.15 
3.4659 2 1 1 0x0 -1.2669 -1.0397 -1.27 -1.04 -0.0323 -0.0417 0.0137 0.0138 0.5190 -0.0099 -0.113591 -0.758265 12.15 
3.4759 2 1 1 0x0 -1.2650 -1.0378 -1.26 -1.04 -0.0488 -0.0309 0.0133 0.0124 0.5186 -0.0098 -0.113591 -0.757684 12.15 
3.4859 2 1 1 0x0 -1.2628 -1.0356 -1.26 -1.04 -0.0398 -0.0320 0.0140 0.0095 0.5182 -0.0098 -0.113591 -0.758040 12.15 
3.4959 2 1 1 0x0 -1.2604 -1.0332 -1.26 -1.03 -0.0440 -0.0346 0.0143 0.0073 0.5178 -0.0097 -0.113591 -0.757762 12.15 
3.5059 2 1 1 0x0 -1.2579 -1.0308 -1.26 -1.03 -0.0354 -0.0485 0.0139 0.0073 0.5174 -0.0097 -0.113591 -0.756576 12.15 
3.5159 2 1 1 0x0 -1.2555 -1.0283 -1.26 -1.03 -0.0449 -0.0516 0.0137 0.0091 0.5170 -0.0096 -0.113591 -0.756293 12.15 
3.5259 2 1 1 0x0 -1.2530 -1.0258 -1.25 -1.03 -0.0337 -0.0504 0.0132 0.0112 0.5166 -0.0096 -0.113591 -0.756415 12.15 
3.5359 2 1 1 0x0 -1.2453 -1.0127 -1.25 -1.01 -0.0414 -0.0604 0.0122 0.0042 0.5160 -0.0095 -0.116295 -0.756914 12.14 
3.5459 2 1 1 0x0 -1.2426 -1.0100 -1.24 -1.01 -0.0353 -0.0556 0.0116 0.0072 0.5156 -0.0095 -0.116295 -0.756348 12.14 
3.5559 2 1 1 0x0 -1.2351 -0.9971 -1.24 -1.00 -0.0472 -0.0558 0.0115 0.0043 0.5150 -0.0094 -0.119000 -0.754735 12.15 
3.5659 2 1 1 0x0 -1.2327 -0.9947 -1.23 -0.99 -0.0400 -0.0636 0.0122 0.0074 0.5146 -0.0093 -0.119000 -0.754663 12.15 
3.5759 2 1 1 0x0 -1.2251 -0.9817 -1.23 -0.98 -0.0383 -0.0587 0.0118 0.0037 0.5140 -0.0093 -0.121704 -0.755205 12.15 
3.5859 2 1 1 0x0 -1.2226 -0.9792 -1.22 -0.98 -0.0352 -0.0572 0.0107 0.0067 0.5135 -0.0092 -0.121704 -0.755319 12.14 
3.5959 2 1 1 0x0 -1.2201 -0.9767 -1.22 -0.98 -0.0484 -0.0667 0.0108 0.0101 0.5131 -0.0092 -0.121704 -0.754977 12.15 
3.6059 2 1 1 0x0 -1.2126 -0.9638 -1.21 -0.96 -0.0410 -0.0663 0.0117 0.0068 0.5125 -0.0091 -0.124409 -0.754749 12.15 
3.6159 2 1 1 0x0 -1.2101 -0.9613 -1.21 -0.96 -0.0519 -0.0490 0.0128 0.0096 0.5121 -0.0090 -0.124409 -0.754437 12.14 
3.6259 2 1 1 0x0 -1.1922 -0.9433 -1.19 -0.94 -0.0503 -0.0470 0.0051 0.0048 0.5113 -0.0089 -0.124409 -0.754575 12.15 
3.6359 2 1 1 0x0 -1.1896 -0.9408 -1.19 -0.94 -0.0397 -0.0577 0.0059 0.0070 0.5109 -0.0089 -0.124409 -0.754831 12.15 
3.6459 2 1 1 0x0 -1.1869 -0.9381 -1.19 -0.94 -0.0514 -0.0468 0.0069 0.0092 0.5105 -0.0088 -0.124409 -0.755033 12.15 
3.6559 2 1 1 0x0 -1.1841 -0.9353 -1.18 -0.94 -0.0397 -0.0570 0.0078 0.0113 0.5101 -0.0088 -0.124409 -0.755079 12.15 
3.6659 2 1 1 0x0 -1.1763 -0.9220 -1.18 -0.92 -0.0491 -0.0527 0.0086 0.0059 0.5095 -0.0087 -0.127113 -0.754423 12.15 
3.6759 2 1 1 0x0 -1.1733 -0.9191 -1.17 -0.92 -0.0415 -0.0455 0.0095 0.0076 0.5091 -0.0087 -0.127113 -0.754590 12.14 
3.6859 2 1 1 0x0 -1.1702 -0.9160 -1.17 -0.92 -0.0496 -0.0510 0.0106 0.0092 0.5087 -0.0086 -0.127113 -0.754698 12.15 
3.6959 2 1 1 0x0 -1.1670 -0.9128 -1.17 -0.91 -0.0438 -0.0447 0.0118 0.0107 0.5083 -0.0086 -0.127113 -0.754654 12.15 
3.7059 2 1 1 0x0 -1.1637 -0.9095 -1.16 -0.91 -0.0531 -0.0525 0.0134 0.0123 0.5079 -0.0085 -0.127113 -0.754265 12.15 
3.7159 2 1 1 0x0 -1.1448 -0.8905 -1.14 -0.89 -0.0521 -0.0493 0.0061 0.0045 0.5071 -0.0084 -0.127113 -0.754539 12.14 
3.7259 2 1 1 0x0 -1.1411 -0.8869 -1.14 -0.89 -0.0358 -0.0442 0.0065 0.0058 0.5067 -0.0084 -0.127113 -0.753916 12.15 
3.7359 2 1 1 0x0 -1.1478 -0.8882 -1.15 -0.89 -0.0358 -0.0498 0.0165 0.0071 0.5065 -0.0083 -0.129818 -0.754388 12.15 
3.7459 2 1 1 0x0 -1.1437 -0.8841 -1.14 -0.88 -0.0364 -0.0402 0.0153 0.0080 0.5061 -0.0083 -0.129818 -0.754989 12.15 
3.7559 2 1 1 0x0 -1.1393 -0.8796 -1.14 -0.88 -0.0251 -0.0480 0.0116 0.0088 0.5057 -0.0082 -0.129818 -0.755317 12.15 
3.7659 2 1 1 0x0 -1.1345 -0.8749 -1.13 -0.87 -0.0318 -0.0403 0.0072 0.0095 0.5053 -0.0082 -0.129818 -0.755372 12.15 
3.7759 2 1 1 0x0 -1.1400 -0.8750 -1.14 -0.88 -0.0318 -0.0379 0.0172 0.0091 0.5051 -0.0082 -0.132523 -0.755637 12.15 
3.7859 2 1 1 0x0 -1.1346 -0.8695 -1.13 -0.87 -0.0231 -0.0307 0.0120 0.0072 0.5047 -0.0081 -0.132523 -0.755989 12.15 
3.7959 2 1 1 0x0 -1.1394 -0.8689 -1.14 -0.87 -0.0231 -0.0436 0.0220 0.0059 0.5045 -0.0081 -0.135227 -0.755574 12.15 
3.8059 2 1 1 0x0 -1.1385 -0.8734 -1.14 -0.87 -0.0240 -0.0436 0.0148 0.0159 0.5043 -0.0080 -0.132523 -0.755688 12.16 
3.8159 2 1 1 0x0 -1.1426 -0.8721 -1.14 -0.87 -0.0240 -0.0299 0.0248 0.0145 0.5041 -0.0080 -0.135227 -0.756312 12.16 
3.8259 2 1 1 0x0 -1.1358 -0.8654 -1.14 -0.87 -0.0189 -0.0285 0.0156 0.0106 0.5037 -0.0080 -0.135227 -0.756714 12.15 
3.8359 2 1 1 0x0 -1.1442 -0.8738 -1.14 -0.87 -0.0189 -0.0285 0.0256 0.0206 0.5037 -0.0080 -0.135227 -0.756558 12.16 
3.8459 2 1 1 0x0 -1.1471 -0.8713 -1.15 -0.87 -0.0163 -0.0234 0.0356 0.0148 0.5035 -0.0079 -0.137932 -0.756758 12.15 
3.8559 2 1 1 0x0 -1.1443 -0.8739 -1.14 -0.87 -0.0147 -0.0234 0.0211 0.0248 0.5033 -0.0079 -0.135227 -0.757420 12.16 
3.8659 2 1 1 0x0 -1.1465 -0.8706 -1.15 -0.87 -0.0147 -0.0173 0.0311 0.0144 0.5031 -0.0079 -0.137932 -0.758084 12.15 
3.8759 2 1 1 0x0 -1.1533 -0.8774 -1.15 -0.88 -0.0147 -0.0173 0.0411 0.0244 0.5031 -0.0079 -0.137932 -0.758352 12.15 
3.8859 2 1 1 0x0 -1.1595 -0.8836 -1.16 -0.88 -0.0109 -0.0173 0.0511 0.0344 0.5031 -0.0079 -0.137932 -0.758433 12.16 
3.8959 2 1 1 0x0 -1.1651 -0.8893 -1.17 -0.89 -0.0086 -0.0124 0.0611 0.0444 0.5031 -0.0079 -0.137932 -0.758515 12.15 
3.9059 2 1 1 0x0 -1.1703 -0.8944 -1.17 -0.89 -0.0071 -0.0095 0.0711 0.0544 0.5031 -0.0079 -0.137932 -0.758162 12.15 
3.9159 2 1 1 0x0 -1.1702 -0.8889 -1.17 -0.89 -0.0060 -0.0089 0.0811 0.0298 0.5029 -0.0079 -0.140636 -0.757921 12.15 
3.9259 2 1 1 0x0 -1.1749 -0.8936 -1.17 -0.89 -0.0053 -0.0089 0.0911 0.0398 0.5029 -0.0079 -0.140636 -0.758008 12.15 
3.9359 2 1 1 0x0 -1.1792 -0.8979 -1.18 -0.90 -0.0046 -0.0089 0.1000 0.0498 0.5029 -0.0079 -0.140636 -0.758027 12.15 
3.9459 2 1 1 0x0 -1.1831 -0.9018 -1.18 -0.90 -0.0042 -0.0089 0.1000 0.0598 0.5029 -0.0079 -0.140636 -0.757779 12.15 
3.9559 2 1 1 0x0 -1.1866 -0.9054 -1.19 -0.91 -0.0038 -0.0089 0.1000 0.0698 0.5029 -0.0079 -0.140636 -0.757561 12.15 
3.9659 2 1 1 0x0 -1.1899 -0.9087 -1.19 -0.91 -0.0035 -0.0071 0.1000 0.0798 0.5029 -0.0079 -0.140636 -0.757496 12.15 
3.9759 2 1 1 0x0 -1.1930 -0.9117 -1.19 -0.91 -0.0032 -0.0061 0.1000 0.0898 0.5029 -0.0079 -0.140636 -0.757342 12.15 
3.9859 2 1 1 0x0 -1.1957 -0.9145 -1.20 -0.91 -0.0030 -0.0053 0.1000 0.0998 0.5029 -0.0079 -0.140636 -0.757110 12.15 
3.9959 2 1 1 0x0 -1.1933 -0.9066 -1.19 -0.91 -0.0028 -0.0047 0.1000 0.0441 0.5027 -0.0078 -0.143341 -0.756946 12.15 
4.0059 2 1 1 0x0 -1.1961 -0.9094 -1.20 -0.91 -0.0026 -0.0047 0.1000 0.0541 0.5027 -0.0078 -0.143341 -0.756881 12.15 
4.0159 2 1 1 0x0 -1.1936 -0.9016 -1.19 -0.90 -0.0024 -0.0198 0.1000 0.0110 0.5025 -0.0078 -0.146045 -0.756701 12.15 
4.0259 2 1 1 0x0 -1.1914 -0.8939 -1.19 -0.89 -0.0023 -0.0411 0.1000 0.0058 0.5023 -0.0078 -0.148750 -0.756337 12.15 
4.0359 2 1 1 0x0 -1.1943 -0.8968 -1.19 -0.90 -0.0022 -0.0411 0.1000 0.0158 0.5023 -0.0078 -0.148750 -0.755819 12.15 
4.0459 2 1 1 0x0 -1.1920 -0.8891 -1.19 -0.89 -0.0021 -0.0197 0.1000 0.0106 0.5021 -0.0077 -0.151454 -0.755239 12.15 
4.0559 2 1 1 0x0 -1.1848 -0.8873 -1.18 -0.89 -0.0021 -0.0197 0.1000 0.0206 0.5019 -0.0077 -0.148750 -0.754915 12.15 
4.0659 2 1 1 0x0 -1.1878 -0.8903 -1.19 -0.89 -0.0021 -0.0197 0.1000 0.0306 0.5019 -0.0077 -0.148750 -0.754690 12.15 
4.0759 2 1 1 0x0 -1.1752 -0.8777 -1.18 -0.88 -0.0139 -0.0144 0.0154 0.0163 0.5015 -0.0076 -0.148750 -0.754218 12.15 
4.0859 2 1 1 0x0 -1.1785 -0.8810 -1.18 -0.88 -0.0139 -0.0144 0.0254 0.0263 0.5015 -0.0076 -0.148750 -0.753741 12.15 
4.0959 2 1 1 0x0 -1.1815 -0.8840 -1.18 -0.88 -0.0139 -0.0144 0.0354 0.0363 0.5015 -0.0076 -0.148750 -0.753423 12.15 
4.1059 2 1 1 0x0 -1.1692 -0.8717 -1.17 -0.87 -0.0156 -0.0153 0.0179 0.0190 0.5011 -0.0076 -0.148750 -0.753161 12.16 
4.1159 2 1 1 0x0 -1.1724 -0.8749 -1.17 -0.87 -0.0156 -0.0153 0.0279 0.0290 0.5011 -0.0076 -0.148750 -0.753099 12.15 
4.1259 2 1 1 0x0 -1.1706 -0.8676 -1.17 -0.87 -0.0156 -0.0200 0.0379 0.0156 0.5009 -0.0076 -0.151454 -0.753165 12.15 
4.1359 2 1 1 0x0 -1.1634 -0.8659 -1.16 -0.87 -0.0135 -0.0200 0.0198 0.0256 0.5007 -0.0075 -0.148750 -0.753215 12.15 
4.1459 2 1 1 0x0 -1.1665 -0.8690 -1.17 -0.87 -0.0135 -0.0159 0.0298 0.0356 0.5007 -0.0075 -0.148750 -0.753174 12.15 
4.1559 2 1 1 0x0 -1.1694 -0.8719 -1.17 -0.87 -0.0135 -0.0114 0.0398 0.0456 0.5007 -0.0075 -0.148750 -0.753122 12.14 
4.1659 2 1 1 0x0 -1.1569 -0.8594 -1.16 -0.86 -0.0125 -0.0107 0.0185 0.0265 0.5003 -0.0075 -0.148750 -0.753142 12.15 
4.1759 2 1 1 0x0 -1.1600 -0.8625 -1.16 -0.86 -0.0125 -0.0107 0.0285 0.0365 0.5003 -0.0075 -0.148750 -0.753216 12.16 
4.1859 2 1 1 0x0 -1.1581 -0.8552 -1.16 -0.86 -0.0125 -0.0228 0.0385 0.0186 0.5001 -0.0074 -0.151454 -0.753233 12.15 
4.1959 2 1 1 0x0 -1.1508 -0.8533 -1.15 -0.85 -0.0156 -0.0228 0.0193 0.0286 0.4999 -0.0074 -0.148750 -0.753089 12.15 
4.2059 2 1 1 0x0 -1.1538 -0.8563 -1.15 -0.86 -0.0156 -0.0137 0.0293 0.0386 0.4999 -0.0074 -0.148750 -0.752981 12.15 
4.2159 2 1 1 0x0 -1.1514 -0.8485 -1.15 -0.85 -0.0156 -0.0103 0.0393 0.0200 0.4997 -0.0074 -0.151454 -0.753157 12.15 
4.2259 2 1 1 0x0 -1.1441 -0.8466 -1.14 -0.85 -0.0147 -0.0103 0.0225 0.0300 0.4995 -0.0073 -0.148750 -0.753251 12.16 
4.2359 2 1 1 0x0 -1.1470 -0.8495 -1.15 -0.85 -0.0147 -0.0103 0.0325 0.0400 0.4995 -0.0073 -0.148750 -0.753708 12.15 
4.2459 2 1 1 0x0 -1.1346 -0.8371 -1.13 -0.84 -0.0165 -0.0181 0.0164 0.0191 0.4991 -0.0073 -0.148750 -0.753949 12.15 
4.2559 2 1 1 0x0 -1.1376 -0.8401 -1.14 -0.84 -0.0165 -0.0181 0.0264 0.0291 0.4991 -0.0073 -0.148750 -0.753815 12.15 
4.2659 2 1 1 0x0 -1.1355 -0.8326 -1.14 -0.83 -0.0165 -0.0165 0.0364 0.0156 0.4989 -0.0072 -0.151454 -0.753586 12.15 
4.2759 2 1 1 0x0 -1.1282 -0.8307 -1.13 -0.83 -0.0153 -0.0165 0.0209 0.0256 0.4987 -0.0072 -0.148750 -0.753524 12.16 
4.2859 2 1 1 0x0 -1.1311 -0.8336 -1.13 -0.83 -0.0153 -0.0165 0.0309 0.0356 0.4987 -0.0072 -0.148750 -0.753649 12.16 
4.2959 2 1 1 0x0 -1.1185 -0.8210 -1.12 -0.82 -0.0170 -0.0146 0.0158 0.0195 0.4983 -0.0072 -0.148750 -0.753459 12.15 
4.3059 2 1 1 0x0 -1.1215 -0.8240 -1.12 -0.82 -0.0170 -0.0146 0.0258 0.0295 0.4983 -0.0072 -0.148750 -0.753312 12.15 
4.3159 2 1 1 0x0 -1.1243 -0.8268 -1.12 -0.83 -0.0170 -0.0146 0.0358 0.0395 0.4983 -0.0072 -0.148750 -0.753483 12.15 
4.3259 2 1 1 0x0 -1.1267 -0.8292 -1.13 -0.83 -0.0120 -0.0114 0.0458 0.0495 0.4983 -0.0072 -0.148750 -0.753833 12.15 
4.3359 2 1 1 0x0 -1.1241 -0.8212 -1.12 -0.82 -0.0092 -0.0112 0.0558 0.0275 0.4981 -0.0071 -0.151454 -0.753973 12.15 
4.3459 2 1 1 0x0 -1.1263 -0.8234 -1.13 -0.82 -0.0075 -0.0112 0.0658 0.0375 0.4981 -0.0071 -0.151454 -0.753828 12.15 
4.3559 2 1 1 0x0 -1.1283 -0.8254 -1.13 -0.83 -0.0064 -0.0112 0.0758 0.0475 0.4981 -0.0071 -0.151454 -0.753766 12.15 
4.3659 2 1 1 0x0 -1.1300 -0.8271 -1.13 -0.83 -0.0055 -0.0103 0.0858 0.0575 0.4981 -0.0071 -0.151454 -0.753963 12.15 
4.3759 2 1 1 0x0 -1.1214 -0.8239 -1.12 -0.82 -0.0053 -0.0082 0.0456 0.0675 0.4979 -0.0071 -0.148750 -0.754070 12.15 
4.3859 2 1 1 0x0 -1.1231 -0.8256 -1.12 -0.83 -0.0053 -0.0068 0.0556 0.0775 0.4979 -0.0071 -0.148750 -0.753999 12.15 
4.3959 2 1 1 0x0 -1.1246 -0.8271 -1.12 -0.83 -0.0053 -0.0058 0.0656 0.0875 0.4979 -0.0071 -0.148750 -0.753947 12.15 
4.4059 2 1 1 0x0 -1.1258 -0.8283 -1.13 -0.83 -0.0053 -0.0051 0.0756 0.0975 0.4979 -0.0071 -0.148750 -0.753773 12.15 
4.4159 2 1 1 0x0 -1.1269 -0.8294 -1.13 -0.83 -0.0053 -0.0045 0.0856 0.1000 0.4979 -0.0071 -0.148750 -0.753443 12.15 
4.4259 2 1 1 0x0 -1.1232 -0.8203 -1.12 -0.82 -0.0053 -0.0045 0.0956 0.0544 0.4977 -0.0071 -0.151454 -0.753317 12.15 
4.4359 2 1 1 0x0 -1.1244 -0.8215 -1.12 -0.82 -0.0053 -0.0045 0.1000 0.0644 0.4977 -0.0071 -0.151454 -0.753444 12.16 
4.4459 2 1 1 0x0 -1.1254 -0.8224 -1.13 -0.82 -0.0053 -0.0045 0.1000 0.0744 0.4977 -0.0071 -0.151454 -0.753506 12.14 
4.4559 2 1 1 0x0 -1.1262 -0.8233 -1.13 -0.82 -0.0046 -0.0045 0.1000 0.0844 0.4977 -0.0071 -0.151454 -0.753375 12.15 
4.4659 2 1 1 0x0 -1.1269 -0.8240 -1.13 -0.82 -0.0042 -0.0045 0.1000 0.0944 0.4977 -0.0071 -0.151454 -0.753176 12.14 
4.4759 2 1 1 0x0 -1.1275 -0.8246 -1.13 -0.82 -0.0038 -0.0045 0.1000 0.1000 0.4977 -0.0071 -0.151454 -0.753067 12.15 
4.4859 2 1 1 0x0 -1.1280 -0.8251 -1.13 -0.83 -0.0035 -0.0045 0.1000 0.1000 0.4977 -0.0071 -0.151454 -0.753034 12.15 
4.4959 2 1 1 0x0 -1.1284 -0.8254 -1.13 -0.83 -0.0032 -0.0045 0.1000 0.1000 0.4977 -0.0071 -0.151454 -0.752950 12.15 
4.5059 2 1 1 0x0 -1.1286 -0.8257 -1.13 -0.83 -0.0030 -0.0045 0.1000 0.1000 0.4977 -0.0071 -0.151454 -0.752793 12.16 
4.5159 2 1 1 0x0 -1.1289 -0.8259 -1.13 -0.83 -0.0028 -0.0041 0.1000 0.1000 0.4977 -0.0071 -0.151454 -0.752640 12.16 
4.5259 2 1 1 0x0 -1.1290 -0.8261 -1.13 -0.83 -0.0026 -0.0037 0.1000 0.1000 0.4977 -0.0071 -0.151454 -0.752541 12.15 
4.5359 2 1 1 0x0 -1.1291 -0.8262 -1.13 -0.83 -0.0024 -0.0034 0.1000 0.1000 0.4977 -0.0071 -0.151454 -0.752362 12.15 
4.5459 2 1 1 0x0 -1.1291 -0.8262 -1.13 -0.83 -0.0023 -0.0031 0.1000 0.1000 0.4977 -0.0071 -0.151454 -0.752145 12.16 
4.5559 2 1 1 0x0 -1.1241 -0.8158 -1.12 -0.82 -0.0022 -0.0030 0.1000 0.0713 0.4975 -0.0070 -0.154159 -0.751777 12.15 
4.5659 2 1 1 0x0 -1.1245 -0.8162 -1.12 -0.82 -0.0021 -0.0030 0.1000 0.0813 0.4975 -0.0070 -0.154159 -0.751338 12.16 
4.5759 2 1 1 0x0 -1.1247 -0.8164 -1.12 -0.82 -0.0000 -0.0030 0.1000 0.0913 0.4975 -0.0070 -0.154159 -0.751193 12.15 
4.5859 2 1 1 0x0 -1.1095 -0.8012 -1.11 -0.80 -0.0019 -0.0130 0.1000 0.0177 0.4971 -0.0070 -0.154159 -0.751264 12.15 
4.5958 2 1 1 0x0 -1.1104 -0.8021 -1.11 -0.80 -0.0019 -0.0130 0.1000 0.0277 0.4971 -0.0070 -0.154159 -0.751298 12.15 
4.6058 2 1 1 0x0 -1.1111 -0.8028 -1.11 -0.80 -0.0019 -0.0130 0.1000 0.0377 0.4971 -0.0070 -0.154159 -0.751169 12.16 
4.6158 2 1 1 0x0 -1.1067 -0.7930 -1.11 -0.79 -0.0019 -0.0131 0.1000 0.0167 0.4969 -0.0069 -0.156863 -0.750923 12.15 
4.6258 2 1 1 0x0 -1.1075 -0.7938 -1.11 -0.79 -0.0019 -0.0131 0.1000 0.0267 0.4969 -0.0069 -0.156863 -0.750835 12.16 
4.6358 2 1 1 0x0 -1.0980 -0.7897 -1.10 -0.79 -0.0086 -0.0131 0.0293 0.0367 0.4967 -0.0069 -0.154159 -0.750986 12.15 
4.6458 2 1 1 0x0 -1.0941 -0.7804 -1.09 -0.78 -0.0086 -0.0158 0.0393 0.0183 0.4965 -0.0069 -0.156863 -0.750938 12.15 
4.6558 2 1 1 0x0 -1.0953 -0.7815 -1.10 -0.78 -0.0086 -0.0158 0.0493 0.0283 0.4965 -0.0069 -0.156863 -0.750793 12.16 
4.6658 2 1 1 0x0 -1.0962 -0.7825 -1.10 -0.78 -0.0086 -0.0158 0.0593 0.0383 0.4965 -0.0069 -0.156863 -0.750757 12.15 
4.6758 2 1 1 0x0 -1.0818 -0.7681 -1.08 -0.77 -0.0100 -0.0125 0.0255 0.0192 0.4961 -0.0068 -0.156863 -0.750877 12.15 
4.6858 2 1 1 0x0 -1.0832 -0.7695 -1.08 -0.77 -0.0100 -0.0125 0.0355 0.0292 0.4961 -0.0068 -0.156863 -0.750948 12.16 
4.6958 2 1 1 0x0 -1.0844 -0.7706 -1.08 -0.77 -0.0100 -0.0125 0.0455 0.0392 0.4961 -0.0068 -0.156863 -0.750932 12.15 
4.7058 2 1 1 0x0 -1.0853 -0.7716 -1.09 -0.77 -0.0100 -0.0125 0.0555 0.0492 0.4961 -0.0068 -0.156863 -0.750910 12.15 
4.7158 2 1 1 0x0 -1.0814 -0.7623 -1.08 -0.76 -0.0090 -0.0121 0.0655 0.0263 0.4959 -0.0068 -0.159568 -0.751055 12.14 
4.7258 2 1 1 0x0 -1.0824 -0.7633 -1.08 -0.76 -0.0074 -0.0121 0.0755 0.0363 0.4959 -0.0068 -0.159568 -0.751246 12.15 
4.7358 2 1 1 0x0 -1.0832 -0.7641 -1.08 -0.76 -0.0062 -0.0121 0.0855 0.0463 0.4959 -0.0068 -0.159568 -0.751337 12.15 
4.7458 2 1 1 0x0 -1.0838 -0.7647 -1.08 -0.76 -0.0054 -0.0103 0.0955 0.0563 0.4959 -0.0068 -0.159568 -0.751438 12.15 
4.7558 2 1 1 0x0 -1.0843 -0.7651 -1.08 -0.77 -0.0048 -0.0082 0.1000 0.0663 0.4959 -0.0068 -0.159568 -0.751513 12.15 
4.7658 2 1 1 0x0 -1.0846 -0.7655 -1.08 -0.77 -0.0043 -0.0068 0.1000 0.0763 0.4959 -0.0068 -0.159568 -0.751629 12.15 
4.7758 2 1 1 0x0 -1.0848 -0.7657 -1.08 -0.77 -0.0039 -0.0058 0.1000 0.0863 0.4959 -0.0068 -0.159568 -0.751659 12.15 
4.7858 2 1 1 0x0 -1.0849 -0.7657 -1.08 -0.77 -0.0035 -0.0051 0.1000 0.0963 0.4959 -0.0068 -0.159568 -0.751551 12.16 
4.7958 2 1 1 0x0 -1.0849 -0.7657 -1.08 -0.77 -0.0032 -0.0045 0.1000 0.1000 0.4959 -0.0068 -0.159568 -0.751320 12.15 
4.8058 2 1 1 0x0 -1.0848 -0.7656 -1.08 -0.77 -0.0030 -0.0041 0.1000 0.1000 0.4959 -0.0068 -0.159568 -0.751172 12.15 
4.8158 2 1 1 0x0 -1.0846 -0.7654 -1.08 -0.77 -0.0028 -0.0037 0.1000 0.1000 0.4959 -0.0068 -0.159568 -0.751149 12.15 
4.8258 2 1 1 0x0 -1.0843 -0.7652 -1.08 -0.77 -0.0026 -0.0034 0.1000 0.1000 0.4959 -0.0068 -0.159568 -0.751213 12.16 
4.8358 2 1 1 0x0 -1.0840 -0.7649 -1.08 -0.76 -0.0025 -0.0031 0.1000 0.1000 0.4959 -0.0068 -0.159568 -0.751233 12.15 
4.8458 2 1 1 0x0 -1.0836 -0.7645 -1.08 -0.76 -0.0023 -0.0029 0.1000 0.1000 0.4959 -0.0068 -0.159568 -0.751118 12.16 
4.8558 2 1 1 0x0 -1.0832 -0.7641 -1.08 -0.76 -0.0022 -0.0027 0.1000 0.1000 0.4959 -0.0068 -0.159568 -0.750971 12.15 
4.8658 2 1 1 0x0 -1.0827 -0.7636 -1.08 -0.76 -0.0021 -0.0025 0.1000 0.1000 0.4959 -0.0068 -0.159568 -0.750878 12.15 
4.8758 2 1 1 0x0 -1.0822 -0.7631 -1.08 -0.76 -0.0000 -0.0024 0.1000 0.1000 0.4959 -0.0068 -0.159568 -0.750868 12.16 
4.8858 2 1 1 0x0 -1.0816 -0.7625 -1.08 -0.76 -0.0000 -0.0023 0.1000 0.1000 0.4959 -0.0068 -0.159568 -0.750902 12.16 
4.8958 2 1 1 0x0 -1.0810 -0.7619 -1.08 -0.76 -0.0000 -0.0021 0.1000 0.1000 0.4959 -0.0068 -0.159568 -0.750913 12.15 
4.9058 2 1 1 0x0 -1.0804 -0.7613 -1.08 -0.76 -0.0000 -0.0020 0.1000 0.1000 0.4959 -0.0068 -0.159568 -0.750814 12.15 
4.9158 2 1 1 0x0 -1.0798 -0.7606 -1.08 -0.76 -0.0000 -0.0000 0.1000 0.1000 0.4959 -0.0068 -0.159568 -0.750683 12.15 
4.9258 2 1 1 0x0 -1.0791 -0.7600 -1.08 -0.76 -0.0000 -0.0000 0.1000 0.1000 0.4959 -0.0068 -0.159568 -0.750629 12.15 
4.9358 2 1 1 0x0 -1.0784 -0.7593 -1.08 -0.76 -0.0000 -0.0000 0.1000 0.1000 0.4959 -0.0068 -0.159568 -0.750612 12.16 
4.9458 2 1 1 0x0 -1.0777 -0.7585 -1.08 -0.76 -0.0000 -0.0000 0.1000 0.1000 0.4959 -0.0068 -0.159568 -0.750610 12.16 
4.9558 2 1 1 0x0 -1.0769 -0.7578 -1.08 -0.76 -0.0000 -0.0000 0.1000 0.1000 0.4959 -0.0068 -0.159568 -0.750551 12.15 
4.9658 2 1 1 0x0 -1.0762 -0.7570 -1.08 -0.76 -0.0000 -0.0000 0.1000 0.1000 0.4959 -0.0068 -0.159568 -0.750427 12.15 
4.9758 2 1 1 0x0 -1.0754 -0.7563 -1.08 -0.76 -0.0000 -0.0000 0.1000 0.1000 0.4959 -0.0068 -0.159568 -0.750368 12.15 
4.9858 2 1 1 0x0 -1.0746 -0.7555 -1.07 -0.76 -0.0000 -0.0000 0.1000 0.1000 0.4959 -0.0068 -0.159568 -0.750312 12.15 
4.9958 2 1 1 0x0 -1.0738 -0.7547 -1.07 -0.75 -0.0000 -0.0000 0.1000 0.1000 0.4959 -0.0068 -0.159568 -0.750314 12.15 
5.0058 2 1 1 0x0 -1.0730 -0.7539 -1.07 -0.75 -0.0000 -0.0000 0.1000 0.1000 0.4959 -0.0068 -0.159568 -0.750291 12.15 
5.0158 2 1 1 0x0 -1.0722 -0.7531 -1.07 -0.75 -0.0000 -0.0000 0.1000 0.1000 0.4959 -0.0068 -0.159568 -0.750204 12.15 
5.0258 2 1 1 0x0 -1.0714 -0.7522 -1.07 -0.75 -0.0000 -0.0000 0.1000 0.1000 0.4959 -0.0068 -0.159568 -0.750123 12.15 
5.0358 2 1 1 0x0 -1.0705 -0.7514 -1.07 -0.75 -0.0000 -0.0000 0.1000 0.1000 0.4959 -0.0068 -0.159568 -0.750044 12.15 
5.0458 2 1 1 0x0 -1.0697 -0.7506 -1.07 -0.75 -0.0000 -0.0000 0.1000 0.1000 0.4959 -0.0068 -0.159568 -0.750003 12.15 
5.0558 2 1 1 0x0 -1.0689 -0.7497 -1.07 -0.75 -0.0000 -0.0000 0.1000 0.1000 0.4959 -0.0068 -0.159568 -0.749970 12.16 
5.0658 2 1 1 0x0 -1.0680 -0.7489 -1.07 -0.75 -0.0000 -0.0000 0.1000 0.1000 0.4959 -0.0068 -0.159568 -0.749925 12.15 
5.0758 2 1 1 0x0 -1.0671 -0.7480 -1.07 -0.75 -0.0000 -0.0000 0.1000 0.1000 0.4959 -0.0068 -0.159568 -0.749839 12.15 
5.0858 2 1 1 0x0 -1.0663 -0.7472 -1.07 -0.75 -0.0000 -0.0000 0.1000 0.1000 0.4959 -0.0068 -0.159568 -0.749780 12.16 
5.0958 2 1 1 0x0 -1.0654 -0.7463 -1.07 -0.75 -0.0000 -0.0000 0.1000 0.1000 0.4959 -0.0068 -0.159568 -0.749714 12.16 
5.1058 2 1 1 0x0 -1.0646 -0.7454 -1.06 -0.75 -0.0000 -0.0000 0.1000 0.1000 0.4959 -0.0068 -0.159568 -0.749688 12.16 
5.1158 2 1 1 0x0 -1.0637 -0.7445 -1.06 -0.74 -0.0000 -0.0000 0.1000 0.1000 0.4959 -0.0068 -0.159568 -0.749706 12.15 
5.1258 2 1 1 0x0 -1.0628 -0.7437 -1.06 -0.74 -0.0000 -0.0000 0.1000 0.1000 0.4959 -0.0068 -0.159568 -0.749657 12.15 
5.1358 2 1 1 0x0 -1.0619 -0.7428 -1.06 -0.74 -0.0000 -0.0000 0.1000 0.1000 0.4959 -0.0068 -0.159568 -0.749598 12.16 
5.1458 2 1 1 0x0 -1.0610 -0.7419 -1.06 -0.74 -0.0000 -0.0000 0.1000 0.1000 0.4959 -0.0068 -0.159568 -0.749536 12.15 
5.1558 2 1 1 0x0 -1.0602 -0.7410 -1.06 -0.74 -0.0000 -0.0000 0.1000 0.1000 0.4959 -0.0068 -0.159568 -0.749496 12.15 
5.1658 2 1 1 0x0 -1.0593 -0.7402 -1.06 -0.74 -0.0000 -0.0000 0.1000 0.1000 0.4959 -0.0068 -0.159568 -0.749458 12.15 
5.1758 2 1 1 0x0 -1.0584 -0.7393 -1.06 -0.74 -0.0000 -0.0000 0.1000 0.1000 0.4959 -0.0068 -0.159568 -0.749461 12.15 
5.1858 2 1 1 0x0 -1.0575 -0.7384 -1.06 -0.74 -0.0000 -0.0000 0.1000 0.1000 0.4959 -0.0068 -0.159568 -0.749417 12.15 
5.1958 2 1 1 0x0 -1.0566 -0.7375 -1.06 -0.74 -0.0000 -0.0000 0.1000 0.1000 0.4959 -0.0068 -0.159568 -0.749377 12.15 
5.2058 2 1 1 0x0 -1.0557 -0.7366 -1.06 -0.74 -0.0000 -0.0000 0.1000 0.1000 0.4959 -0.0068 -0.159568 -0.749338 12.15 
5.2158 2 1 1 0x0 -1.0548 -0.7357 -1.05 -0.74 -0.0000 -0.0000 0.1000 0.1000 0.4959 -0.0068 -0.159568 -0.749337 12.15 
5.2258 2 1 1 0x0 -1.0539 -0.7348 -1.05 -0.73 -0.0000 -0.0000 0.1000 0.1000 0.4959 -0.0068 -0.159568 -0.749300 12.16 
5.2358 2 1 1 0x0 -1.0530 -0.7339 -1.05 -0.73 -0.0000 -0.0000 0.1000 0.1000 0.4959 -0.0068 -0.159568 -0.749229 12.14 
5.2458 2 1 1 0x0 -1.0521 -0.7330 -1.05 -0.73 -0.0000 -0.0000 0.1000 0.1000 0.4959 -0.0068 -0.159568 -0.749187 12.15 
5.2558 2 1 1 0x0 -1.0512 -0.7321 -1.05 -0.73 -0.0000 -0.0000 0.1000 0.1000 0.4959 -0.0068 -0.159568 -0.749143 12.15 
5.2658 2 1 1 0x0 -1.0503 -0.7312 -1.05 -0.73 -0.0000 -0.0000 0.1000 0.1000 0.4959 -0.0068 -0.159568 -0.749135 12.15 
5.2758 2 1 1 0x0 -1.0494 -0.7303 -1.05 -0.73 -0.0000 -0.0000 0.1000 0.1000 0.4959 -0.0068 -0.159568 -0.749096 12.15 
5.2858 2 1 1 0x0 -1.0485 -0.7294 -1.05 -0.73 -0.0000 -0.0000 0.1000 0.1000 0.4959 -0.0068 -0.159568 -0.749061 12.15 
5.2958 2 1 1 0x0 -1.0476 -0.7285 -1.05 -0.73 -0.0000 -0.0000 0.1000 0.1000 0.4959 -0.0068 -0.159568 -0.749012 12.15 
5.3058 2 1 1 0x0 -1.0467 -0.7276 -1.05 -0.73 -0.0000 -0.0000 0.1000 0.1000 0.4959 -0.0068 -0.159568 -0.748969 12.16 
5.3158 2 1 1 0x0 -1.0458 -0.7267 -1.05 -0.73 -0.0000 -0.0000 0.1000 0.1000 0.4959 -0.0068 -0.159568 -0.748921 12.16 
5.3258 2 1 1 0x0 -1.0449 -0.7258 -1.04 -0.73 -0.0000 -0.0000 0.1000 0.1000 0.4959 -0.0068 -0.159568 -0.748916 12.15 
5.3358 2 1 1 0x0 -1.0440 -0.7249 -1.04 -0.72 -0.0000 -0.0000 0.1000 0.1000 0.4959 -0.0068 -0.159568 -0.748861 12.15 
5.3458 2 1 1 0x0 -1.0431 -0.7240 -1.04 -0.72 -0.0000 -0.0000 0.1000 0.1000 0.4959 -0.0068 -0.159568 -0.748806 12.16 
5.3558 2 1 1 0x0 -1.0422 -0.7231 -1.04 -0.72 -0.0000 -0.0000 0.1000 0.1000 0.4959 -0.0068 -0.159568 -0.748759 12.15 
5.3658 2 1 1 0x0 -1.0413 -0.7221 -1.04 -0.72 -0.0000 -0.0000 0.1000 0.1000 0.4959 -0.0068 -0.159568 -0.748703 12.15 
5.3758 2 1 1 0x0 -1.0404 -0.7212 -1.04 -0.72 -0.0000 -0.0000 0.1000 0.1000 0.4959 -0.0068 -0.159568 -0.748673 12.16 
5.3858 2 1 1 0x0 -1.0395 -0.7203 -1.04 -0.72 -0.0000 -0.0000 0.1000 0.1000 0.4959 -0.0068 -0.159568 -0.748669 12.16 
5.3958 2 1 1 0x0 -1.0386 -0.7194 -1.04 -0.72 -0.0000 -0.0000 0.1000 0.1000 0.4959 -0.0068 -0.159568 -0.748636 12.16 
5.4058 2 1 1 0x0 -1.0377 -0.7185 -1.04 -0.72 -0.0000 -0.0000 0.1000 0.1000 0.4959 -0.0068 -0.159568 -0.748583 12.16 
5.4158 2 1 1 0x0 -1.0368 -0.7176 -1.04 -0.72 -0.0000 -0.0000 0.1000 0.1000 0.4959 -0.0068 -0.159568 -0.748534 12.15 
5.4258 2 1 1 0x0 -1.0359 -0.7167 -1.04 -0.72 -0.0000 -0.0000 0.1000 0.1000 0.4959 -0.0068 -0.159568 -0.748483 12.16 
5.4358 2 1 1 0x0 -1.0350 -0.7158 -1.03 -0.72 -0.0000 -0.0000 0.1000 0.1000 0.4959 -0.0068 -0.159568 -0.748469 12.16 
5.4458 2 1 1 0x0 -1.0341 -0.7149 -1.03 -0.71 -0.0000 -0.0000 0.1000 0.1000 0.4959 -0.0068 -0.159568 -0.748441 12.15 
5.4558 2 1 1 0x0 -1.0332 -0.7140 -1.03 -0.71 -0.0000 -0.0000 0.1000 0.1000 0.4959 -0.0068 -0.159568 -0.748399 12.15 
5.4658 2 1 1 0x0 -1.0322 -0.7131 -1.03 -0.71 -0.0000 -0.0000 0.1000 0.1000 0.4959 -0.0068 -0.159568 -0.748340 12.15 
5.4758 2 1 1 0x0 -1.0313 -0.7122 -1.03 -0.71 -0.0000 -0.0000 0.1000 0.1000 0.4959 -0.0068 -0.159568 -0.748318 12.15 
5.4858 2 1 1 0x0 -1.0304 -0.7113 -1.03 -0.71 -0.0000 -0.0000 0.1000 0.1000 0.4959 -0.0068 -0.159568 -0.748308 12.15 
5.4958 2 1 1 0x0 -1.0295 -0.7104 -1.03 -0.71 -0.0000 -0.0000 0.1000 0.1000 0.4959 -0.0068 -0.159568 -0.748294 12.15 
5.5058 2 1 1 0x0 -1.0286 -0.7095 -1.03 -0.71 -0.0000 -0.0000 0.1000 0.1000 0.4959 -0.0068 -0.159568 -0.748292 12.15 
5.5158 2 1 1 0x0 -1.0277 -0.7086 -1.03 -0.71 -0.0000 -0.0000 0.1000 0.1000 0.4959 -0.0068 -0.159568 -0.748253 12.16 
5.5258 2 1 1 0x0 -1.0268 -0.7077 -1.03 -0.71 -0.0000 -0.0000 0.1000 0.1000 0.4959 -0.0068 -0.159568 -0.748198 12.15 
5.5358 2 1 1 0x0 -1.0259 -0.7068 -1.03 -0.71 -0.0000 -0.0000 0.1000 0.1000 0.4959 -0.0068 -0.159568 -0.748162 12.15 
5.5458 2 1 1 0x0 -1.0250 -0.7059 -1.03 -0.71 -0.0000 -0.0000 0.1000 0.1000 0.4959 -0.0068 -0.159568 -0.748127 12.15 
5.5558 2 1 1 0x0 -1.0241 -0.7050 -1.02 -0.70 -0.0000 -0.0000 0.1000 0.1000 0.4959 -0.0068 -0.159568 -0.748067 12.16 
5.5658 2 1 1 0x0 -1.0232 -0.7041 -1.02 -0.70 -0.0000 -0.0000 0.1000 0.1000 0.4959 -0.0068 -0.159568 -0.748042 12.16 
5.5758 2 1 1 0x0 -1.0223 -0.7032 -1.02 -0.70 -0.0000 -0.0000 0.1000 0.1000 0.4959 -0.0068 -0.159568 -0.748008 12.15 
5.5858 2 1 1 0x0 -1.0214 -0.7023 -1.02 -0.70 -0.0000 -0.0000 0.1000 0.1000 0.4959 -0.0068 -0.159568 -0.747988 12.16 
5.5958 2 1 1 0x0 -1.0205 -0.7014 -1.02 -0.70 -0.0000 -0.0000 0.1000 0.1000 0.4959 -0.0068 -0.159568 -0.747953 12.16 
5.6058 2 1 1 0x0 -1.0196 -0.7005 -1.02 -0.70 -0.0000 -0.0000 0.1000 0.1000 0.4959 -0.0068 -0.159568 -0.747921 12.15 
5.6158 2 1 1 0x0 -1.0187 -0.6996 -1.02 -0.70 -0.0000 -0.0000 0.1000 0.1000 0.4959 -0.0068 -0.159568 -0.747888 12.15 
5.6258 2 1 1 0x0 -1.0178 -0.6987 -1.02 -0.70 -0.0000 -0.0000 0.1000 0.1000 0.4959 -0.0068 -0.159568 -0.747840 12.16 
5.6358 2 1 1 0x0 -1.0169 -0.6978 -1.02 -0.70 -0.0000 -0.0000 0.1000 0.1000 0.4959 -0.0068 -0.159568 -0.747806 12.15 
5.6458 2 1 1 0x0 -1.0160 -0.6968 -1.02 -0.70 -0.0000 -0.0000 0.1000 0.1000 0.4959 -0.0068 -0.159568 -0.747808 12.15 
5.6558 2 1 1 0x0 -1.0151 -0.6959 -1.02 -0.70 -0.0000 -0.0000 0.1000 0.1000 0.4959 -0.0068 -0.159568 -0.747802 12.15 
5.6658 2 1 1 0x0 -1.0142 -0.6950 -1.01 -0.70 -0.0000 -0.0000 0.1000 0.1000 0.4959 -0.0068 -0.159568 -0.747769 12.15 
5.6758 2 1 1 0x0 -1.0133 -0.6941 -1.01 -0.69 -0.0000 -0.0000 0.1000 0.1000 0.4959 -0.0068 -0.159568 -0.747733 12.14 
5.6858 2 1 1 0x0 -1.0124 -0.6932 -1.01 -0.69 -0.0000 -0.0000 0.1000 0.1000 0.4959 -0.0068 -0.159568 -0.747712 12.15 
5.6958 2 1 1 0x0 -1.0115 -0.6923 -1.01 -0.69 -0.0000 -0.0000 0.1000 0.1000 0.4959 -0.0068 -0.159568 -0.747672 12.15 
5.7058 2 1 1 0x0 -1.0106 -0.6914 -1.01 -0.69 -0.0000 -0.0000 0.1000 0.1000 0.4959 -0.0068 -0.159568 -0.747632 12.15 
5.7158 2 1 1 0x0 -1.0097 -0.6905 -1.01 -0.69 -0.0000 -0.0000 0.1000 0.1000 0.4959 -0.0068 -0.159568 -0.747625 12.15 
5.7258 2 1 1 0x0 -1.0088 -0.6896 -1.01 -0.69 -0.0000 -0.0000 0.1000 0.1000 0.4959 -0.0068 -0.159568 -0.747606 12.16 
5.7358 2 1 1 0x0 -1.0079 -0.6887 -1.01 -0.69 -0.0000 -0.0000 0.1000 0.1000 0.4959 -0.0068 -0.159568 -0.747597 12.15 
5.7458 2 1 1 0x0 -1.0069 -0.6878 -1.01 -0.69 -0.0000 -0.0000 0.1000 0.1000 0.4959 -0.0068 -0.159568 -0.747559 12.14 
5.7558 2 1 1 0x0 -1.0060 -0.6869 -1.01 -0.69 -0.0000 -0.0000 0.1000 0.1000 0.4959 -0.0068 -0.159568 -0.747553 12.15 
5.7658 2 1 1 0x0 -1.0051 -0.6860 -1.01 -0.69 -0.0000 -0.0000 0.1000 0.1000 0.4959 -0.0068 -0.159568 -0.747497 12.15 
5.7758 2 1 1 0x0 -1.0042 -0.6851 -1.00 -0.69 -0.0000 -0.0000 0.1000 0.1000 0.4959 -0.0068 -0.159568 -0.747480 12.16 
5.7858 2 1 1 0x0 -1.0033 -0.6842 -1.00 -0.68 -0.0000 -0.0000 0.1000 0.1000 0.4959 -0.0068 -0.159568 -0.747444 12.15 
5.7958 2 1 1 0x0 -1.0024 -0.6833 -1.00 -0.68 -0.0000 -0.0000 0.1000 0.1000 0.4959 -0.0068 -0.159568 -0.747434 12.15 
5.8058 2 1 1 0x0 -1.0015 -0.6824 -1.00 -0.68 -0.0000 -0.0000 0.1000 0.1000 0.4959 -0.0068 -0.159568 -0.747393 12.15 
5.8158 2 1 1 0x0 -1.0006 -0.6815 -1.00 -0.68 -0.0000 -0.0000 0.1000 0.1000 0.4959 -0.0068 -0.159568 -0.747379 12.15 
5.8258 2 1 1 0x0 -0.9997 -0.6806 -1.00 -0.68 -0.0000 -0.0000 0.1000 0.1000 0.4959 -0.0068 -0.159568 -0.747369 12.14 
5.8358 2 1 1 0x0 -0.9988 -0.6797 -1.00 -0.68 -0.0000 -0.0000 0.1000 0.1000 0.4959 -0.0068 -0.159568 -0.747331 12.16 
5.8458 2 1 1 0x0 -0.9979 -0.6788 -1.00 -0.68 -0.0000 -0.0000 0.1000 0.1000 0.4959 -0.0068 -0.159568 -0.747314 12.15 
5.8558 2 1 1 0x0 -0.9970 -0.6779 -1.00 -0.68 -0.0000 -0.0000 0.1000 0.1000 0.4959 -0.0068 -0.159568 -0.747315 12.15 
5.8658 2 1 1 0x0 -0.9961 -0.6770 -1.00 -0.68 -0.0000 -0.0000 0.1000 0.1000 0.4959 -0.0068 -0.159568 -0.747288 12.16 
5.8758 2 1 1 0x0 -0.9952 -0.6761 -1.00 -0.68 -0.0000 -0.0000 0.1000 0.1000 0.4959 -0.0068 -0.159568 -0.747264 12.15 
5.8858 2 1 1 0x0 -0.9943 -0.6752 -0.99 -0.68 -0.0000 -0.0000 0.1000 0.1000 0.4959 -0.0068 -0.159568 -0.747230 12.15 
5.8958 2 1 1 0x0 -0.9934 -0.6743 -0.99 -0.67 -0.0000 -0.0000 0.1000 0.1000 0.4959 -0.0068 -0.159568 -0.747217 12.16 
5.9058 2 1 1 0x0 -0.9925 -0.6734 -0.99 -0.67 -0.0000 -0.0000 0.1000 0.1000 0.4959 -0.0068 -0.159568 -0.747204 12.15 
5.9158 2 1 1 0x0 -0.9916 -0.6725 -0.99 -0.67 -0.0000 -0.0000 0.1000 0.1000 0.4959 -0.0068 -0.159568 -0.747165 12.15 
5.9258 2 1 1 0x0 -0.9907 -0.6715 -0.99 -0.67 -0.0000 -0.0000 0.1000 0.1000 0.4959 -0.0068 -0.159568 -0.747145 12.15 
5.9358 2 1 1 0x0 -0.9898 -0.6706 -0.99 -0.67 -0.0000 -0.0000 0.1000 0.1000 0.4959 -0.0068 -0.159568 -0.747128 12.16 
5.9458 2 1 1 0x0 -0.9889 -0.6697 -0.99 -0.67 -0.0000 -0.0000 0.1000 0.1000 0.4959 -0.0068 -0.159568 -0.747108 12.15 
5.9558 2 1 1 0x0 -0.9880 -0.6688 -0.99 -0.67 -0.0000 -0.0000 0.1000 0.1000 0.4959 -0.0068 -0.159568 -0.747058 12.14 
5.9658 2 1 1 0x0 -0.9871 -0.6679 -0.99 -0.67 -0.0000 -0.0000 0.1000 0.1000 0.4959 -0.0068 -0.159568 -0.747051 12.16 
5.9757 2 1 1 0x0 -0.9862 -0.6670 -0.99 -0.67 -0.0000 -0.0000 0.1000 0.1000 0.4959 -0.0068 -0.159568 -0.747043 12.14 
5.9857 2 1 1 0x0 -0.9853 -0.6661 -0.99 -0.67 -0.0000 -0.0000 0.1000 0.1000 0.4959 -0.0068 -0.159568 -0.747026 12.15 
5.9957 2 1 1 0x0 -0.9844 -0.6652 -0.98 -0.67 -0.0000 -0.0000 0.1000 0.1000 0.4959 -0.0068 -0.159568 -0.746998 12.15 
6.0057 2 1 1 0x0 -0.9835 -0.6643 -0.98 -0.66 -0.0000 -0.0000 0.1000 0.1000 0.4959 -0.0068 -0.159568 -0.746986 12.14 
6.0157 2 1 1 0x0 -0.9826 -0.6634 -0.98 -0.66 -0.0000 -0.0000 0.1000 0.1000 0.4959 -0.0068 -0.159568 -0.746978 12.15 
6.0257 2 1 1 0x0 -0.9816 -0.6625 -0.98 -0.66 -0.0000 -0.0000 0.1000 0.1000 0.4959 -0.0068 -0.159568 -0.746966 12.15 
6.0357 2 1 1 0x0 -0.9807 -0.6616 -0.98 -0.66 -0.0000 -0.0000 0.1000 0.1000 0.4959 -0.0068 -0.159568 -0.746943 12.15 
6.0457 2 1 1 0x0 -0.9798 -0.6607 -0.98 -0.66 -0.0000 -0.0000 0.1000 0.1000 0.4959 -0.0068 -0.159568 -0.746937 12.15 
6.0557 2 1 1 0x0 -0.9789 -0.6598 -0.98 -0.66 -0.0000 -0.0000 0.1000 0.1000 0.4959 -0.0068 -0.159568 -0.746915 12.14 
6.0657 2 1 1 0x0 -0.9780 -0.6589 -0.98 -0.66 -0.0000 -0.0000 0.1000 0.1000 0.4959 -0.0068 -0.159568 -0.746895 12.15 
6.0757 2 1 1 0x0 -0.9771 -0.6580 -0.98 -0.66 -0.0000 -0.0000 0.1000 0.1000 0.4959 -0.0068 -0.159568 -0.746858 12.15 
6.0857 2 1 1 0x0 -0.9762 -0.6571 -0.98 -0.66 -0.0000 -0.0000 0.1000 0.1000 0.4959 -0.0068 -0.159568 -0.746867 12.16 
6.0957 2 1 1 0x0 -0.9753 -0.6562 -0.98 -0.66 -0.0000 -0.0000 0.1000 0.1000 0.4959 -0.0068 -0.159568 -0.746847 12.15 
6.1057 2 1 1 0x0 -0.9744 -0.6553 -0.97 -0.66 -0.0000 -0.0000 0.1000 0.1000 0.4959 -0.0068 -0.159568 -0.746825 12.15 
6.1157 2 1 1 0x0 -0.9735 -0.6544 -0.97 -0.65 -0.0000 -0.0000 0.1000 0.1000 0.4959 -0.0068 -0.159568 -0.746820 12.16 
6.1257 2 1 1 0x0 -0.9726 -0.6535 -0.97 -0.65 -0.0000 -0.0000 0.1000 0.1000 0.4959 -0.0068 -0.159568 -0.746764 12.14 
6.1357 2 1 1 0x0 -0.9717 -0.6526 -0.97 -0.65 -0.0000 -0.0000 0.1000 0.1000 0.4959 -0.0068 -0.159568 -0.746748 12.15 
6.1457 2 1 1 0x0 -0.9708 -0.6517 -0.97 -0.65 -0.0000 -0.0000 0.1000 0.1000 0.4959 -0.0068 -0.159568 -0.746734 12.16 
6.1557 2 1 1 0x0 -0.9699 -0.6508 -0.97 -0.65 -0.0000 -0.0000 0.1000 0.1000 0.4959 -0.0068 -0.159568 -0.746722 12.15 
6.1657 2 1 1 0x0 -0.9690 -0.6499 -0.97 -0.65 -0.0000 -0.0000 0.1000 0.1000 0.4959 -0.0068 -0.159568 -0.746701 12.15 
6.1757 2 1 1 0x0 -0.9681 -0.6490 -0.97 -0.65 -0.0000 -0.0000 0.1000 0.1000 0.4959 -0.0068 -0.159568 -0.746697 12.15 
6.1857 2 1 1 0x0 -0.9672 -0.6481 -0.97 -0.65 -0.0000 -0.0000 0.1000 0.1000 0.4959 -0.0068 -0.159568 -0.746691 12.15 
6.1957 2 1 1 0x0 -0.9663 -0.6471 -0.97 -0.65 -0.0000 -0.0000 0.1000 0.1000 0.4959 -0.0068 -0.159568 -0.746704 12.15 
6.2057 2 1 1 0x0 -0.9654 -0.6462 -0.97 -0.65 -0.0000 -0.0000 0.1000 0.1000 0.4959 -0.0068 -0.159568 -0.746683 12.15 
6.2157 2 1 1 0x0 -0.9645 -0.6453 -0.96 -0.65 -0.0000 -0.0000 0.1000 0.1000 0.4959 -0.0068 -0.159568 -0.746665 12.15 
6.2257 2 1 1 0x0 -0.9636 -0.6444 -0.96 -0.64 -0.0000 -0.0000 0.1000 0.1000 0.4959 -0.0068 -0.159568 -0.746650 12.15 
6.2357 2 1 1 0x0 -0.9627 -0.6435 -0.96 -0.64 -0.0000 -0.0000 0.1000 0.1000 0.4959 -0.0068 -0.159568 -0.746599 12.15 
6.2457 2 1 1 0x0 -0.9618 -0.6426 -0.96 -0.64 -0.0000 -0.0000 0.1000 0.1000 0.4959 -0.0068 -0.159568 -0.746584 12.15 
6.2557 2 1 1 0x0 -0.9609 -0.6417 -0.96 -0.64 -0.0000 -0.0000 0.1000 0.1000 0.4959 -0.0068 -0.159568 -0.746572 12.15 
6.2657 2 1 1 0x0 -0.9600 -0.6408 -0.96 -0.64 -0.0000 -0.0000 0.1000 0.1000 0.4959 -0.0068 -0.159568 -0.746580 12.15 
6.2757 2 1 1 0x0 -0.9591 -0.6399 -0.96 -0.64 -0.0000 -0.0000 0.1000 0.1000 0.4959 -0.0068 -0.159568 -0.746567 12.16 
6.2857 2 1 1 0x0 -0.9582 -0.6390 -0.96 -0.64 -0.0000 -0.0000 0.1000 0.1000 0.4959 -0.0068 -0.159568 -0.746551 12.15 
6.2957 2 1 1 0x0 -0.9572 -0.6381 -0.96 -0.64 -0.0000 -0.0000 0.1000 0.1000 0.4959 -0.0068 -0.159568 -0.746527 12.15 
6.3057 2 1 1 0x0 -0.9563 -0.6372 -0.96 -0.64 -0.0000 -0.0000 0.1000 0.1000 0.4959 -0.0068 -0.159568 -0.746494 12.15 
6.3157 2 1 1 0x0 -0.9554 -0.6363 -0.96 -0.64 -0.0000 -0.0000 0.1000 0.1000 0.4959 -0.0068 -0.159568 -0.746517 12.16 
6.3257 2 1 1 0x0 -0.9545 -0.6354 -0.95 -0.64 -0.0000 -0.0000 0.1000 0.1000 0.4959 -0.0068 -0.159568 -0.746527 12.15 
6.3357 2 1 1 0x0 -0.9536 -0.6345 -0.95 -0.63 -0.0000 -0.0000 0.1000 0.1000 0.4959 -0.0068 -0.159568 -0.746519 12.15 
6.3457 2 1 1 0x0 -0.9527 -0.6336 -0.95 -0.63 -0.0000 -0.0000 0.1000 0.1000 0.4959 -0.0068 -0.159568 -0.746501 12.15 
6.3557 2 1 1 0x0 -0.9518 -0.6327 -0.95 -0.63 -0.0000 -0.0000 0.1000 0.1000 0.4959 -0.0068 -0.159568 -0.746523 12.14 
6.3657 2 1 1 0x0 -0.9509 -0.6318 -0.95 -0.63 -0.0000 -0.0000 0.1000 0.1000 0.4959 -0.0068 -0.159568 -0.746498 12.16 
6.3757 2 1 1 0x0 -0.9500 -0.6309 -0.95 -0.63 -0.0000 -0.0000 0.1000 0.1000 0.4959 -0.0068 -0.159568 -0.746459 12.15 
6.3857 2 1 1 0x0 -0.9491 -0.6300 -0.95 -0.63 -0.0000 -0.0000 0.1000 0.1000 0.4959 -0.0068 -0.159568 -0.746455 12.16 
6.3957 2 1 1 0x0 -0.9482 -0.6291 -0.95 -0.63 -0.0000 -0.0000 0.1000 0.1000 0.4959 -0.0068 -0.159568 -0.746417 12.16 
6.4057 2 1 1 0x0 -0.9473 -0.6282 -0.95 -0.63 -0.0000 -0.0000 0.1000 0.1000 0.4959 -0.0068 -0.159568 -0.746389 12.16 
6.4157 2 1 1 0x0 -0.9464 -0.6273 -0.95 -0.63 -0.0000 -0.0000 0.1000 0.1000 0.4959 -0.0068 -0.159568 -0.746381 12.16 
6.4257 2 1 1 0x0 -0.9455 -0.6264 -0.95 -0.63 -0.0000 -0.0000 0.1000 0.1000 0.4959 -0.0068 -0.159568 -0.746369 12.16 
6.4357 2 1 1 0x0 -0.9446 -0.6255 -0.94 -0.63 -0.0000 -0.0000 0.1000 0.1000 0.4959 -0.0068 -0.159568 -0.746350 12.16 
6.4457 2 1 1 0x0 -0.9437 -0.6246 -0.94 -0.62 -0.0000 -0.0000 0.1000 0.1000 0.4959 -0.0068 -0.159568 -0.746352 12.16 
6.4557 2 1 1 0x0 -0.9428 -0.6237 -0.94 -0.62 -0.0000 -0.0000 0.1000 0.1000 0.4959 -0.0068 -0.159568 -0.746303 12.15 
6.4657 2 1 1 0x0 -0.9419 -0.6228 -0.94 -0.62 -0.0000 -0.0000 0.1000 0.1000 0.4959 -0.0068 -0.159568 -0.746295 12.15 
6.4757 2 1 1 0x0 -0.9410 -0.6218 -0.94 -0.62 -0.0000 -0.0000 0.1000 0.1000 0.4959 -0.0068 -0.159568 -0.746291 12.15 
6.4857 2 1 1 0x0 -0.9401 -0.6209 -0.94 -0.62 -0.0000 -0.0000 0.1000 0.1000 0.4959 -0.0068 -0.159568 -0.746295 12.14 
6.4957 2 1 1 0x0 -0.9392 -0.6200 -0.94 -0.62 -0.0000 -0.0000 0.1000 0.1000 0.4959 -0.0068 -0.159568 -0.746288 12.16 
6.5057 2 1 1 0x0 -0.9383 -0.6191 -0.94 -0.62 -0.0000 -0.0000 0.1000 0.1000 0.4959 -0.0068 -0.159568 -0.746268 12.15 
6.5157 2 1 1 0x0 -0.9374 -0.6182 -0.94 -0.62 -0.0000 -0.0000 0.1000 0.1000 0.4959 -0.0068 -0.159568 -0.746258 12.15 
6.5257 2 1 1 0x0 -0.9365 -0.6173 -0.94 -0.62 -0.0000 -0.0000 0.1000 0.1000 0.4959 -0.0068 -0.159568 -0.746255 12.15 
6.5357 2 1 1 0x0 -0.9356 -0.6164 -0.94 -0.62 -0.0000 -0.0000 0.1000 0.1000 0.4959 -0.0068 -0.159568 -0.746225 12.15 
6.5457 2 1 1 0x0 -0.9347 -0.6155 -0.93 -0.62 -0.0000 -0.0000 0.1000 0.1000 0.4959 -0.0068 -0.159568 -0.746222 12.16 
6.5557 2 1 1 0x0 -0.9338 -0.6146 -0.93 -0.61 -0.0000 -0.0000 0.1000 0.1000 0.4959 -0.0068 -0.159568 -0.746196 12.15 
6.5657 2 1 1 0x0 -0.9329 -0.6137 -0.93 -0.61 -0.0000 -0.0000 0.1000 0.1000 0.4959 -0.0068 -0.159568 -0.746195 12.15 
6.5757 2 1 1 0x0 -0.9319 -0.6128 -0.93 -0.61 -0.0000 -0.0000 0.1000 0.1000 0.4959 -0.0068 -0.159568 -0.746196 12.15 
6.5857 2 1 1 0x0 -0.9310 -0.6119 -0.93 -0.61 -0.0000 -0.0000 0.1000 0.1000 0.4959 -0.0068 -0.159568 -0.746207 12.15 
6.5957 2 1 1 0x0 -0.9301 -0.6110 -0.93 -0.61 -0.0000 -0.0000 0.1000 0.1000 0.4959 -0.0068 -0.159568 -0.746182 12.15 
6.6057 2 1 1 0x0 -0.9292 -0.6101 -0.93 -0.61 -0.0000 -0.0000 0.1000 0.1000 0.4959 -0.0068 -0.159568 -0.746155 12.15 
6.6157 2 1 1 0x0 -0.9283 -0.6092 -0.93 -0.61 -0.0000 -0.0000 0.1000 0.1000 0.4959 -0.0068 -0.159568 -0.746131 12.16 
6.6257 2 1 1 0x0 -0.9274 -0.6083 -0.93 -0.61 -0.0000 -0.0000 0.1000 0.1000 0.4959 -0.0068 -0.159568 -0.746102 12.16 
6.6357 2 1 1 0x0 -0.9265 -0.6074 -0.93 -0.61 -0.0000 -0.0000 0.1000 0.1000 0.4959 -0.0068 -0.159568 -0.746111 12.15 
6.6457 2 1 1 0x0 -0.9256 -0.6065 -0.93 -0.61 -0.0000 -0.0000 0.1000 0.1000 0.4959 -0.0068 -0.159568 -0.746125 12.16 
6.6557 2 1 1 0x0 -0.9247 -0.6056 -0.92 -0.61 -0.0000 -0.0000 0.1000 0.1000 0.4959 -0.0068 -0.159568 -0.746137 12.16 
6.6657 2 1 1 0x0 -0.9238 -0.6047 -0.92 -0.60 -0.0000 -0.0000 0.1000 0.1000 0.4959 -0.0068 -0.159568 -0.746140 12.16 
6.6757 2 1 1 0x0 -0.9229 -0.6038 -0.92 -0.60 -0.0000 -0.0000 0.1000 0.1000 0.4959 -0.0068 -0.159568 -0.746130 12.16 
6.6857 2 1 1 0x0 -0.9220 -0.6029 -0.92 -0.60 -0.0000 -0.0000 0.1000 0.1000 0.4959 -0.0068 -0.159568 -0.746140 12.16 
6.6957 2 1 1 0x0 -0.9211 -0.6020 -0.92 -0.60 -0.0000 -0.0000 0.1000 0.1000 0.4959 -0.0068 -0.159568 -0.746151 12.16 
6.7057 2 1 1 0x0 -0.9202 -0.6011 -0.92 -0.60 -0.0000 -0.0000 0.1000 0.1000 0.4959 -0.0068 -0.159568 -0.746134 12.16 
6.7157 2 1 1 0x0 -0.9193 -0.6002 -0.92 -0.60 -0.0000 -0.0000 0.1000 0.1000 0.4959 -0.0068 -0.159568 -0.746139 12.16 
6.7257 2 1 1 0x0 -0.9184 -0.5993 -0.92 -0.60 -0.0000 -0.0000 0.1000 0.1000 0.4959 -0.0068 -0.159568 -0.746114 12.15 
6.7357 2 1 1 0x0 -0.9175 -0.5984 -0.92 -0.60 -0.0000 -0.0000 0.1000 0.1000 0.4959 -0.0068 -0.159568 -0.746080 12.15 
6.7457 2 1 1 0x0 -0.9166 -0.5975 -0.92 -0.60 -0.0000 -0.0000 0.1000 0.1000 0.4959 -0.0068 -0.159568 -0.746096 12.15 
6.7557 2 1 1 0x0 -0.9157 -0.5965 -0.92 -0.60 -0.0000 -0.0000 0.1000 0.1000 0.4959 -0.0068 -0.159568 -0.746092 12.15 
6.7657 2 1 1 0x0 -0.9148 -0.5956 -0.91 -0.60 -0.0000 -0.0000 0.1000 0.1000 0.4959 -0.0068 -0.159568 -0.746073 12.15 
6.7757 2 1 1 0x0 -0.9139 -0.5947 -0.91 -0.59 -0.0000 -0.0000 0.1000 0.1000 0.4959 -0.0068 -0.159568 -0.746041 12.14 
6.7857 2 1 1 0x0 -0.9130 -0.5938 -0.91 -0.59 -0.0000 -0.0000 0.1000 0.1000 0.4959 -0.0068 -0.159568 -0.746031 12.15 
6.7957 2 1 1 0x0 -0.9121 -0.5929 -0.91 -0.59 -0.0000 -0.0000 0.1000 0.1000 0.4959 -0.0068 -0.159568 -0.746049 12.15 
6.8057 2 1 1 0x0 -0.9112 -0.5920 -0.91 -0.59 -0.0000 -0.0000 0.1000 0.1000 0.4959 -0.0068 -0.159568 -0.746016 12.15 
6.8157 2 1 1 0x0 -0.9103 -0.5911 -0.91 -0.59 -0.0000 -0.0000 0.1000 0.1000 0.4959 -0.0068 -0.159568 -0.746019 12.16 
6.8257 2 1 1 0x0 -0.9094 -0.5902 -0.91 -0.59 -0.0000 -0.0000 0.1000 0.1000 0.4959 -0.0068 -0.159568 -0.746013 12.15 
6.8357 2 1 1 0x0 -0.9085 -0.5893 -0.91 -0.59 -0.0000 -0.0000 0.1000 0.1000 0.4959 -0.0068 -0.159568 -0.745978 12.15 
6.8457 2 1 1 0x0 -0.9076 -0.5884 -0.91 -0.59 -0.0000 -0.0000 0.1000 0.1000 0.4959 -0.0068 -0.159568 -0.745974 12.15 
6.8557 2 1 1 0x0 -0.9066 -0.5875 -0.91 -0.59 -0.0000 -0.0000 0.1000 0.1000 0.4959 -0.0068 -0.159568 -0.745965 12.15 
6.8657 2 1 1 0x0 -0.9057 -0.5866 -0.91 -0.59 -0.0000 -0.0000 0.1000 0.1000 0.4959 -0.0068 -0.159568 -0.745968 12.16 
6.8757 2 1 1 0x0 -0.9048 -0.5857 -0.90 -0.59 -0.0000 -0.0000 0.1000 0.1000 0.4959 -0.0068 -0.159568 -0.745959 12.16 
6.8857 2 1 1 0x0 -0.9039 -0.5848 -0.90 -0.58 -0.0000 -0.0000 0.1000 0.1000 0.4959 -0.0068 -0.159568 -0.745955 12.16 
6.8957 2 1 1 0x0 -0.9030 -0.5839 -0.90 -0.58 -0.0000 -0.0000 0.1000 0.1000 0.4959 -0.0068 -0.159568 -0.745955 12.16 
6.9057 2 1 1 0x0 -0.9021 -0.5830 -0.90 -0.58 -0.0000 -0.0000 0.1000 0.1000 0.4959 -0.0068 -0.159568 -0.745954 12.16 
6.9157 2 1 1 0x0 -0.9012 -0.5821 -0.90 -0.58 -0.0000 -0.0000 0.1000 0.1000 0.4959 -0.0068 -0.159568 -0.745981 12.16 
6.9257 2 1 1 0x0 -0.9003 -0.5812 -0.90 -0.58 -0.0000 -0.0000 0.1000 0.1000 0.4959 -0.0068 -0.159568 -0.745953 12.15 
6.9357 2 1 1 0x0 -0.8994 -0.5803 -0.90 -0.58 -0.0000 -0.0000 0.1000 0.1000 0.4959 -0.0068 -0.159568 -0.745931 12.15 
6.9457 2 1 1 0x0 -0.8985 -0.5794 -0.90 -0.58 -0.0000 -0.0000 0.1000 0.1000 0.4959 -0.0068 -0.159568 -0.745903 12.16 
6.9557 2 1 1 0x0 -0.8976 -0.5785 -0.90 -0.58 -0.0000 -0.0000 0.1000 0.1000 0.4959 -0.0068 -0.159568 -0.745889 12.15 
6.9657 2 1 1 0x0 -0.8967 -0.5776 -0.90 -0.58 -0.0000 -0.0000 0.1000 0.1000 0.4959 -0.0068 -0.159568 -0.745874 12.15 
6.9757 2 1 1 0x0 -0.8958 -0.5767 -0.90 -0.58 -0.0000 -0.0000 0.1000 0.1000 0.4959 -0.0068 -0.159568 -0.745876 12.15 
6.9857 2 1 1 0x0 -0.8949 -0.5758 -0.89 -0.58 -0.0000 -0.0000 0.1000 0.1000 0.4959 -0.0068 -0.159568 -0.745861 12.15 
6.9957 2 1 1 0x0 -0.8940 -0.5749 -0.89 -0.57 -0.0000 -0.0000 0.1000 0.1000 0.4959 -0.0068 -0.159568 -0.745841 12.15 
7.0057 2 1 1 0x0 -0.8931 -0.5740 -0.89 -0.57 -0.0000 -0.0000 0.1000 0.1000 0.4959 -0.0068 -0.159568 -0.745833 12.15 
7.0157 2 1 1 0x0 -0.8922 -0.5731 -0.89 -0.57 -0.0000 -0.0000 0.1000 0.1000 0.4959 -0.0068 -0.159568 -0.745850 12.15 
7.0257 2 1 1 0x0 -0.8913 -0.5722 -0.89 -0.57 -0.0000 -0.0000 0.1000 0.1000 0.4959 -0.0068 -0.159568 -0.745868 12.15 
7.0357 2 1 1 0x0 -0.8904 -0.5712 -0.89 -0.57 -0.0000 -0.0000 0.1000 0.1000 0.4959 -0.0068 -0.159568 -0.745871 12.15 
7.0457 2 1 1 0x0 -0.8895 -0.5703 -0.89 -0.57 -0.0000 -0.0000 0.1000 0.1000 0.4959 -0.0068 -0.159568 -0.745874 12.15 
7.0557 2 1 1 0x0 -0.8886 -0.5694 -0.89 -0.57 -0.0000 -0.0000 0.1000 0.1000 0.4959 -0.0068 -0.159568 -0.745855 12.15 
7.0657 2 1 1 0x0 -0.8877 -0.5685 -0.89 -0.57 -0.0000 -0.0000 0.1000 0.1000 0.4959 -0.0068 -0.159568 -0.745865 12.16 
7.0757 2 1 1 0x0 -0.8868 -0.5676 -0.89 -0.57 -0.0000 -0.0000 0.1000 0.1000 0.4959 -0.0068 -0.159568 -0.745860 12.15 
7.0857 2 1 1 0x0 -0.8859 -0.5667 -0.89 -0.57 -0.0000 -0.0000 0.1000 0.1000 0.4959 -0.0068 -0.159568 -0.745832 12.15 
7.0957 2 1 1 0x0 -0.8850 -0.5658 -0.88 -0.57 -0.0000 -0.0000 0.1000 0.1000 0.4959 -0.0068 -0.159568 -0.745826 12.16 
7.1057 2 1 1 0x0 -0.8841 -0.5649 -0.88 -0.56 -0.0000 -0.0000 0.1000 0.1000 0.4959 -0.0068 -0.159568 -0.745804 12.14 
7.1157 2 1 1 0x0 -0.8832 -0.5640 -0.88 -0.56 -0.0000 -0.0000 0.1000 0.1000 0.4959 -0.0068 -0.159568 -0.745805 12.16 
7.1257 2 1 1 0x0 -0.8823 -0.5631 -0.88 -0.56 -0.0000 -0.0000 0.1000 0.1000 0.4959 -0.0068 -0.159568 -0.745822 12.16 
7.1357 2 1 1 0x0 -0.8813 -0.5622 -0.88 -0.56 -0.0000 -0.0000 0.1000 0.1000 0.4959 -0.0068 -0.159568 -0.745823 12.16 
7.1457 2 1 1 0x0 -0.8804 -0.5613 -0.88 -0.56 -0.0000 -0.0000 0.1000 0.1000 0.4959 -0.0068 -0.159568 -0.745790 12.15 
7.1557 2 1 1 0x0 -0.8795 -0.5604 -0.88 -0.56 -0.0000 -0.0000 0.1000 0.1000 0.4959 -0.0068 -0.159568 -0.745785 12.15 
7.1657 2 1 1 0x0 -0.8786 -0.5595 -0.88 -0.56 -0.0000 -0.0000 0.1000 0.1000 0.4959 -0.0068 -0.159568 -0.745772 12.15 
7.1757 2 1 1 0x0 -0.8777 -0.5586 -0.88 -0.56 -0.0000 -0.0000 0.1000 0.1000 0.4959 -0.0068 -0.159568 -0.745768 12.16 
7.1857 2 1 1 0x0 -0.8768 -0.5577 -0.88 -0.56 -0.0000 -0.0000 0.1000 0.1000 0.4959 -0.0068 -0.159568 -0.745755 12.15 
7.1957 2 1 1 0x0 -0.8759 -0.5568 -0.88 -0.56 -0.0000 -0.0000 0.1000 0.1000 0.4959 -0.0068 -0.159568 -0.745753 12.15 
7.2057 2 1 1 0x0 -0.8750 -0.5559 -0.88 -0.56 -0.0000 -0.0000 0.1000 0.1000 0.4959 -0.0068 -0.159568 -0.745765 12.15 
7.2157 2 1 1 0x0 -0.8741 -0.5550 -0.87 -0.55 -0.0000 -0.0000 0.1000 0.1000 0.4959 -0.0068 -0.159568 -0.745752 12.15 
7.2257 2 1 1 0x0 -0.8732 -0.5541 -0.87 -0.55 -0.0000 -0.0000 0.1000 0.1000 0.4959 -0.0068 -0.159568 -0.745754 12.15 
7.2357 2 1 1 0x0 -0.8723 -0.5532 -0.87 -0.55 -0.0000 -0.0000 0.1000 0.1000 0.4959 -0.0068 -0.159568 -0.745713 12.15 
7.2457 2 1 1 0x0 -0.8714 -0.5523 -0.87 -0.55 -0.0000 -0.0000 0.1000 0.1000 0.4959 -0.0068 -0.159568 -0.745714 12.15 
7.2557 2 1 1 0x0 -0.8705 -0.5514 -0.87 -0.55 -0.0000 -0.0000 0.1000 0.1000 0.4959 -0.0068 -0.159568 -0.745804 12.15 
7.2657 2 1 1 0x0 -0.8696 -0.5505 -0.87 -0.55 -0.0000 -0.0000 0.1000 0.1000 0.4959 -0.0068 -0.159568 -0.745893 12.16 
7.2757 2 1 1 0x0 -0.8687 -0.5496 -0.87 -0.55 -0.0000 -0.0000 0.1000 0.1000 0.4959 -0.0068 -0.159568 -0.745942 12.15 
7.2857 2 1 1 0x0 -0.8678 -0.5487 -0.87 -0.55 -0.0000 -0.0000 0.1000 0.1000 0.4959 -0.0068 -0.159568 -0.745899 12.15 
7.2957 2 1 1 0x0 -0.8669 -0.5478 -0.87 -0.55 -0.0000 -0.0000 0.1000 0.1000 0.4959 -0.0068 -0.159568 -0.745858 12.15 
7.3057 2 1 1 0x0 -0.8660 -0.5468 -0.87 -0.55 -0.0000 -0.0000 0.1000 0.1000 0.4959 -0.0068 -0.159568 -0.745817 12.14 
7.3157 2 1 1 0x0 -0.8651 -0.5459 -0.87 -0.55 -0.0000 -0.0000 0.1000 0.1000 0.4959 -0.0068 -0.159568 -0.745819 12.15 
7.3257 2 1 1 0x0 -0.8642 -0.5450 -0.86 -0.55 -0.0000 -0.0000 0.1000 0.1000 0.4959 -0.0068 -0.159568 -0.745851 12.15 
7.3357 2 1 1 0x0 -0.8633 -0.5441 -0.86 -0.54 -0.0000 -0.0000 0.1000 0.1000 0.4959 -0.0068 -0.159568 -0.745855 12.15 
7.3457 2 1 1 0x0 -0.8624 -0.5432 -0.86 -0.54 -0.0000 -0.0000 0.1000 0.1000 0.4959 -0.0068 -0.159568 -0.745816 12.15 
7.3556 2 1 1 0x0 -0.8615 -0.5423 -0.86 -0.54 -0.0000 -0.0000 0.1000 0.1000 0.4959 -0.0068 -0.159568 -0.745771 12.14 
7.3656 2 1 1 0x0 -0.8606 -0.5414 -0.86 -0.54 -0.0000 -0.0000 0.1000 0.1000 0.4959 -0.0068 -0.159568 -0.745757 12.14 
7.3756 2 1 1 0x0 -0.8597 -0.5405 -0.86 -0.54 -0.0000 -0.0000 0.1000 0.1000 0.4959 -0.0068 -0.159568 -0.745806 12.16 
7.3856 2 1 1 0x0 -0.8588 -0.5396 -0.86 -0.54 -0.0000 -0.0000 0.1000 0.1000 0.4959 -0.0068 -0.159568 -0.745826 12.16 
7.3956 2 1 1 0x0 -0.8579 -0.5387 -0.86 -0.54 -0.0000 -0.0000 0.1000 0.1000 0.4959 -0.0068 -0.159568 -0.745834 12.16 
7.4056 2 1 1 0x0 -0.8569 -0.5378 -0.86 -0.54 -0.0000 -0.0000 0.1000 0.1000 0.4959 -0.0068 -0.159568 -0.745842 12.16 
7.4156 2 1 1 0x0 -0.8560 -0.5369 -0.86 -0.54 -0.0000 -0.0000 0.1000 0.1000 0.4959 -0.0068 -0.159568 -0.745866 12.15 
7.4256 2 1 1 0x0 -0.8551 -0.5360 -0.86 -0.54 -0.0000 -0.0000 0.1000 0.1000 0.4959 -0.0068 -0.159568 -0.745895 12.16 
7.4356 2 1 1 0x0 -0.8542 -0.5351 -0.85 -0.54 -0.0000 -0.0000 0.1000 0.1000 0.4959 -0.0068 -0.159568 -0.745915 12.15 
7.4456 2 1 1 0x0 -0.8533 -0.5342 -0.85 -0.53 -0.0000 -0.0000 0.1000 0.1000 0.4959 -0.0068 -0.159568 -0.745936 12.15 
7.4556 2 1 1 0x0 -0.8524 -0.5333 -0.85 -0.53 -0.0000 -0.0000 0.1000 0.1000 0.4959 -0.0068 -0.159568 -0.745935 12.15 
7.4656 2 1 1 0x0 -0.8515 -0.5324 -0.85 -0.53 -0.0000 -0.0000 0.1000 0.1000 0.4959 -0.0068 -0.159568 -0.745947 12.16 
7.4756 2 1 1 0x0 -0.8506 -0.5315 -0.85 -0.53 -0.0000 -0.0000 0.1000 0.1000 0.4959 -0.0068 -0.159568 -0.745939 12.15 
7.4856 2 1 1 0x0 -0.8497 -0.5306 -0.85 -0.53 -0.0000 -0.0000 0.1000 0.1000 0.4959 -0.0068 -0.159568 -0.745962 12.16 
7.4956 2 1 1 0x0 -0.8488 -0.5297 -0.85 -0.53 -0.0000 -0.0000 0.1000 0.1000 0.4959 -0.0068 -0.159568 -0.745975 12.16 
7.5056 2 1 1 0x0 -0.8479 -0.5288 -0.85 -0.53 -0.0000 -0.0000 0.1000 0.1000 0.4959 -0.0068 -0.159568 -0.745968 12.15 
7.5156 2 1 1 0x0 -0.8470 -0.5279 -0.85 -0.53 -0.0000 -0.0000 0.1000 0.1000 0.4959 -0.0068 -0.159568 -0.745930 12.15 
7.5256 2 1 1 0x0 -0.8461 -0.5270 -0.85 -0.53 -0.0000 -0.0000 0.1000 0.1000 0.4959 -0.0068 -0.159568 -0.745941 12.16 
7.5356 2 1 1 0x0 -0.8452 -0.5261 -0.85 -0.53 -0.0000 -0.0000 0.1000 0.1000 0.4959 -0.0068 -0.159568 -0.745950 12.15 
7.5456 2 1 1 0x0 -0.8443 -0.5252 -0.84 -0.53 -0.0000 -0.0000 0.1000 0.1000 0.4959 -0.0068 -0.159568 -0.745978 12.15 
7.5556 2 1 1 0x0 -0.8434 -0.5243 -0.84 -0.52 -0.0000 -0.0000 0.1000 0.1000 0.4959 -0.0068 -0.159568 -0.745980 12.15 
7.5656 2 1 1 0x0 -0.8425 -0.5234 -0.84 -0.52 -0.0000 -0.0000 0.1000 0.1000 0.4959 -0.0068 -0.159568 -0.745979 12.15 
7.5756 2 1 1 0x0 -0.8416 -0.5225 -0.84 -0.52 -0.0000 -0.0000 0.1000 0.1000 0.4959 -0.0068 -0.159568 -0.745957 12.15 
7.5856 2 1 1 0x0 -0.8407 -0.5215 -0.84 -0.52 -0.0000 -0.0000 0.1000 0.1000 0.4959 -0.0068 -0.159568 -0.745953 12.15 
7.5956 2 1 1 0x0 -0.8398 -0.5206 -0.84 -0.52 -0.0000 -0.0000 0.1000 0.1000 0.4959 -0.0068 -0.159568 -0.745934 12.16 
7.6056 2 1 1 0x0 -0.8389 -0.5197 -0.84 -0.52 -0.0000 -0.0000 0.1000 0.1000 0.4959 -0.0068 -0.159568 -0.745946 12.15 
7.6156 2 1 1 0x0 -0.8380 -0.5188 -0.84 -0.52 -0.0000 -0.0000 0.1000 0.1000 0.4959 -0.0068 -0.159568 -0.745925 12.16 
7.6256 2 1 1 0x0 -0.8371 -0.5179 -0.84 -0.52 -0.0000 -0.0000 0.1000 0.1000 0.4959 -0.0068 -0.159568 -0.745924 12.15 
7.6356 2 1 1 0x0 -0.8362 -0.5170 -0.84 -0.52 -0.0000 -0.0000 0.1000 0.1000 0.4959 -0.0068 -0.159568 -0.745919 12.16 
7.6456 2 1 1 0x0 -0.8353 -0.5161 -0.84 -0.52 -0.0000 -0.0000 0.1000 0.1000 0.4959 -0.0068 -0.159568 -0.745921 12.16 
7.6556 2 1 1 0x0 -0.8344 -0.5152 -0.83 -0.52 -0.0000 -0.0000 0.1000 0.1000 0.4959 -0.0068 -0.159568 -0.745930 12.16 
7.6656 2 1 1 0x0 -0.8335 -0.5143 -0.83 -0.51 -0.0000 -0.0000 0.1000 0.1000 0.4959 -0.0068 -0.159568 -0.745913 12.16 
7.6756 2 1 1 0x0 -0.8326 -0.5134 -0.83 -0.51 -0.0000 -0.0000 0.1000 0.1000 0.4959 -0.0068 -0.159568 -0.745909 12.15 
7.6856 2 1 1 0x0 -0.8316 -0.5125 -0.83 -0.51 -0.0000 -0.0000 0.1000 0.1000 0.4959 -0.0068 -0.159568 -0.745880 12.16 
7.6956 2 1 1 0x0 -0.8307 -0.5116 -0.83 -0.51 -0.0000 -0.0000 0.1000 0.1000 0.4959 -0.0068 -0.159568 -0.745862 12.16 
7.7056 2 1 1 0x0 -0.8298 -0.5107 -0.83 -0.51 -0.0000 -0.0000 0.1000 0.1000 0.4959 -0.0068 -0.159568 -0.745847 12.16 
7.7156 2 1 1 0x0 -0.8289 -0.5098 -0.83 -0.51 -0.0000 -0.0000 0.1000 0.1000 0.4959 -0.0068 -0.159568 -0.745850 12.16 
7.7256 2 1 1 0x0 -0.8280 -0.5089 -0.83 -0.51 -0.0000 -0.0000 0.1000 0.1000 0.4959 -0.0068 -0.159568 -0.745855 12.16 
7.7356 2 1 1 0x0 -0.8271 -0.5080 -0.83 -0.51 -0.0000 -0.0000 0.1000 0.1000 0.4959 -0.0068 -0.159568 -0.745854 12.15 
7.7456 2 1 1 0x0 -0.8262 -0.5071 -0.83 -0.51 -0.0000 -0.0000 0.1000 0.1000 0.4959 -0.0068 -0.159568 -0.745853 12.14 
7.7556 2 1 1 0x0 -0.8253 -0.5062 -0.83 -0.51 -0.0000 -0.0000 0.1000 0.1000 0.4959 -0.0068 -0.159568 -0.745862 12.16 
7.7656 2 1 1 0x0 -0.8244 -0.5053 -0.82 -0.51 -0.0000 -0.0000 0.1000 0.1000 0.4959 -0.0068 -0.159568 -0.745868 12.16 
7.7756 2 1 1 0x0 -0.8235 -0.5044 -0.82 -0.50 -0.0000 -0.0000 0.1000 0.1000 0.4959 -0.0068 -0.159568 -0.745853 12.16 
7.7856 2 1 1 0x0 -0.8226 -0.5035 -0.82 -0.50 -0.0000 -0.0000 0.1000 0.1000 0.4959 -0.0068 -0.159568 -0.745861 12.15 
7.7956 2 1 1 0x0 -0.8217 -0.5026 -0.82 -0.50 -0.0000 -0.0000 0.1000 0.1000 0.4959 -0.0068 -0.159568 -0.745854 12.15 
7.8056 2 1 1 0x0 -0.8208 -0.5017 -0.82 -0.50 -0.0000 -0.0000 0.1000 0.1000 0.4959 -0.0068 -0.159568 -0.745833 12.15 
7.8156 2 1 1 0x0 -0.8199 -0.5008 -0.82 -0.50 -0.0000 -0.0000 0.1000 0.1000 0.4959 -0.0068 -0.159568 -0.745836 12.14 
7.8256 2 1 1 0x0 -0.8190 -0.4999 -0.82 -0.50 -0.0000 -0.0000 0.1000 0.1000 0.4959 -0.0068 -0.159568 -0.745818 12.15 
7.8356 2 1 1 0x0 -0.8181 -0.4990 -0.82 -0.50 -0.0000 -0.0000 0.1000 0.1000 0.4959 -0.0068 -0.159568 -0.745811 12.15 
7.8456 2 1 1 0x0 -0.8172 -0.4981 -0.82 -0.50 -0.0000 -0.0000 0.1000 0.1000 0.4959 -0.0068 -0.159568 -0.745791 12.15 
7.8556 2 1 1 0x0 -0.8163 -0.4972 -0.82 -0.50 -0.0000 -0.0000 0.1000 0.1000 0.4959 -0.0068 -0.159568 -0.745816 12.14 
7.8656 2 1 1 0x0 -0.8154 -0.4962 -0.82 -0.50 -0.0000 -0.0000 0.1000 0.1000 0.4959 -0.0068 -0.159568 -0.745806 12.16 
7.8756 2 1 1 0x0 -0.8145 -0.4953 -0.81 -0.50 -0.0000 -0.0000 0.1000 0.1000 0.4959 -0.0068 -0.159568 -0.745808 12.15 
7.8856 2 1 1 0x0 -0.8136 -0.4944 -0.81 -0.49 -0.0000 -0.0000 0.1000 0.1000 0.4959 -0.0068 -0.159568 -0.745807 12.16 
7.8956 2 1 1 0x0 -0.8127 -0.4935 -0.81 -0.49 -0.0000 -0.0000 0.1000 0.1000 0.4959 -0.0068 -0.159568 -0.745805 12.16 
7.9056 2 1 1 0x0 -0.8118 -0.4926 -0.81 -0.49 -0.0000 -0.0000 0.1000 0.1000 0.4959 -0.0068 -0.159568 -0.745817 12.16 
7.9156 2 1 1 0x0 -0.8109 -0.4917 -0.81 -0.49 -0.0000 -0.0000 0.1000 0.1000 0.4959 -0.0068 -0.159568 -0.745823 12.15 
7.9256 2 1 1 0x0 -0.8100 -0.4908 -0.81 -0.49 -0.0000 -0.0000 0.1000 0.1000 0.4959 -0.0068 -0.159568 -0.745842 12.15 
7.9356 2 1 1 0x0 -0.8091 -0.4899 -0.81 -0.49 -0.0000 -0.0000 0.1000 0.1000 0.4959 -0.0068 -0.159568 -0.745845 12.16 
7.9456 2 1 1 0x0 -0.8082 -0.4890 -0.81 -0.49 -0.0000 -0.0000 0.1000 0.1000 0.4959 -0.0068 -0.159568 -0.745870 12.15 
7.9556 2 1 1 0x0 -0.8073 -0.4881 -0.81 -0.49 -0.0000 -0.0000 0.1000 0.1000 0.4959 -0.0068 -0.159568 -0.745879 12.16 
7.9656 2 1 1 0x0 -0.8063 -0.4872 -0.81 -0.49 -0.0000 -0.0000 0.1000 0.1000 0.4959 -0.0068 -0.159568 -0.745896 12.15 
7.9756 2 1 1 0x0 -0.8054 -0.4863 -0.81 -0.49 -0.0000 -0.0000 0.1000 0.1000 0.4959 -0.0068 -0.159568 -0.745895 12.15 
7.9856 2 1 1 0x0 -0.8045 -0.4854 -0.80 -0.49 -0.0000 -0.0000 0.1000 0.1000 0.4959 -0.0068 -0.159568 -0.745935 12.16 
7.9956 2 1 1 0x0 -0.8036 -0.4845 -0.80 -0.48 -0.0000 -0.0000 0.1000 0.1000 0.4959 -0.0068 -0.159568 -0.745989 12.15 
8.0056 2 1 1 0x0 -0.8027 -0.4836 -0.80 -0.48 -0.0000 -0.0000 0.1000 0.1000 0.4959 -0.0068 -0.159568 -0.745992 12.15 
8.0156 2 1 1 0x0 -0.8018 -0.4827 -0.80 -0.48 -0.0000 -0.0000 0.1000 0.1000 0.4959 -0.0068 -0.159568 -0.745943 12.15 
8.0256 2 1 1 0x0 -0.8009 -0.4818 -0.80 -0.48 -0.0000 -0.0000 0.1000 0.1000 0.4959 -0.0068 -0.159568 -0.745915 12.15 
8.0356 2 1 1 0x0 -0.8000 -0.4809 -0.80 -0.48 -0.0000 -0.0000 0.1000 0.1000 0.4959 -0.0068 -0.159568 -0.745915 12.15 
8.0456 2 1 1 0x0 -0.7991 -0.4800 -0.80 -0.48 -0.0000 -0.0000 0.1000 0.1000 0.4959 -0.0068 -0.159568 -0.745954 12.16 
8.0556 2 1 1 0x0 -0.7982 -0.4791 -0.80 -0.48 -0.0000 -0.0000 0.1000 0.1000 0.4959 -0.0068 -0.159568 -0.745977 12.16 
8.0656 2 1 1 0x0 -0.7973 -0.4782 -0.80 -0.48 -0.0000 -0.0000 0.1000 0.1000 0.4959 -0.0068 -0.159568 -0.745952 12.15 
8.0756 2 1 1 0x0 -0.7964 -0.4773 -0.80 -0.48 -0.0000 -0.0000 0.1000 0.1000 0.4959 -0.0068 -0.159568 -0.745918 12.15 
8.0856 2 1 1 0x0 -0.7955 -0.4764 -0.80 -0.48 -0.0000 -0.0000 0.1000 0.1000 0.4959 -0.0068 -0.159568 -0.745911 12.15 
8.0956 2 1 1 0x0 -0.7946 -0.4755 -0.79 -0.48 -0.0000 -0.0000 0.1000 0.1000 0.4959 -0.0068 -0.159568 -0.745943 12.16 
8.1056 2 1 1 0x0 -0.7937 -0.4746 -0.79 -0.47 -0.0000 -0.0000 0.1000 0.1000 0.4959 -0.0068 -0.159568 -0.745983 12.15 
8.1156 2 1 1 0x0 -0.7928 -0.4737 -0.79 -0.47 -0.0000 -0.0000 0.1000 0.1000 0.4959 -0.0068 -0.159568 -0.745982 12.15 
8.1257 2 1 1 0x0 -0.7919 -0.4728 -0.79 -0.47 -0.0000 -0.0000 0.1000 0.1000 0.4959 -0.0068 -0.159568 -0.745950 12.15 
8.1357 2 1 1 0x0 -0.7910 -0.4719 -0.79 -0.47 -0.0000 -0.0000 0.1000 0.1000 0.4959 -0.0068 -0.159568 -0.745905 12.16 
8.1457 2 1 1 0x0 -0.7901 -0.4709 -0.79 -0.47 -0.0000 -0.0000 0.1000 0.1000 0.4959 -0.0068 -0.159568 -0.745906 12.15 
8.1557 2 1 1 0x0 -0.7892 -0.4700 -0.79 -0.47 -0.0000 -0.0000 0.1000 0.1000 0.4959 -0.0068 -0.159568 -0.745975 12.15 
8.1657 2 1 1 0x0 -0.7883 -0.4691 -0.79 -0.47 -0.0000 -0.0000 0.1000 0.1000 0.4959 -0.0068 -0.159568 -0.746012 12.16 
8.1757 2 1 1 0x0 -0.7874 -0.4682 -0.79 -0.47 -0.0000 -0.0000 0.1000 0.1000 0.4959 -0.0068 -0.159568 -0.746017 12.16 
8.1857 2 1 1 0x0 -0.7865 -0.4673 -0.79 -0.47 -0.0000 -0.0000 0.1000 0.1000 0.4959 -0.0068 -0.159568 -0.745988 12.15 
8.1957 2 1 1 0x0 -0.7856 -0.4664 -0.79 -0.47 -0.0000 -0.0000 0.1000 0.1000 0.4959 -0.0068 -0.159568 -0.745966 12.16 
8.2057 2 1 1 0x0 -0.7847 -0.4655 -0.78 -0.47 -0.0000 -0.0000 0.1000 0.1000 0.4959 -0.0068 -0.159568 -0.746029 12.16 
8.2157 2 1 1 0x0 -0.7838 -0.4646 -0.78 -0.46 -0.0000 -0.0000 0.1000 0.1000 0.4959 -0.0068 -0.159568 -0.746093 12.16 
8.2257 2 1 1 0x0 -0.7829 -0.4637 -0.78 -0.46 -0.0000 -0.0000 0.1000 0.1000 0.4959 -0.0068 -0.159568 -0.746101 12.16 
8.2357 2 1 1 0x0 -0.7819 -0.4628 -0.78 -0.46 -0.0000 -0.0000 0.1000 0.1000 0.4959 -0.0068 -0.159568 -0.746060 12.15 
8.2457 2 1 1 0x0 -0.7810 -0.4619 -0.78 -0.46 -0.0000 -0.0000 0.1000 0.1000 0.4959 -0.0068 -0.159568 -0.746047 12.15 
8.2557 2 1 1 0x0 -0.7801 -0.4610 -0.78 -0.46 -0.0000 -0.0000 0.0000 0.1000 0.4959 -0.0068 -0.159568 -0.746027 12.15 
8.2657 2 1 1 0x0 -0.7792 -0.4601 -0.78 -0.46 -0.0000 -0.0000 0.0000 0.1000 0.4959 -0.0068 -0.159568 -0.746089 12.15 
8.2757 2 1 1 0x0 -0.7783 -0.4592 -0.78 -0.46 -0.0000 -0.0000 0.0000 0.1000 0.4959 -0.0068 -0.159568 -0.746131 12.15 
8.2857 2 1 1 0x0 -0.7774 -0.4583 -0.78 -0.46 -0.0000 -0.0000 0.0000 0.0000 0.4959 -0.0068 -0.159568 -0.746143 12.16 
8.2957 2 1 1 0x0 -0.7765 -0.4574 -0.78 -0.46 -0.0000 -0.0000 0.0000 0.0000 0.4959 -0.0068 -0.159568 -0.746105 12.16 
8.3057 2 1 1 0x0 -0.7756 -0.4565 -0.78 -0.46 -0.0000 -0.0000 0.0000 0.0000 0.4959 -0.0068 -0.159568 -0.746070 12.15 
8.3157 2 1 1 0x0 -0.7747 -0.4556 -0.77 -0.46 -0.0000 -0.0000 0.0000 0.0000 0.4959 -0.0068 -0.159568 -0.746097 12.16 
8.3257 2 1 1 0x0 -0.7738 -0.4547 -0.77 -0.45 -0.0000 -0.0000 0.0000 0.0000 0.4959 -0.0068 -0.159568 -0.746134 12.15 
8.3357 2 1 1 0x0 -0.7729 -0.4538 -0.77 -0.45 -0.0000 -0.0000 0.0000 0.0000 0.4959 -0.0068 -0.159568 -0.746150 12.15 
8.3457 2 1 1 0x0 -0.7720 -0.4529 -0.77 -0.45 -0.0000 -0.0000 0.0000 0.0000 0.4959 -0.0068 -0.159568 -0.746127 12.15 
8.3557 2 1 1 0x0 -0.7711 -0.4520 -0.77 -0.45 -0.0000 -0.0000 0.0000 0.0000 0.4959 -0.0068 -0.159568 -0.746095 12.15 
8.3658 2 1 1 0x0 -0.7702 -0.4511 -0.77 -0.45 -0.0000 -0.0000 0.0000 0.0000 0.4959 -0.0068 -0.159568 -0.746088 12.16 
8.3758 2 1 1 0x0 -0.7693 -0.4502 -0.77 -0.45 -0.0000 -0.0000 0.0000 0.0000 0.4959 -0.0068 -0.159568 -0.746117 12.15 
8.3858 2 1 1 0x0 -0.7684 -0.4493 -0.77 -0.45 -0.0000 -0.0000 0.0000 0.0000 0.4959 -0.0068 -0.159568 -0.746142 12.15 
8.3958 2 1 1 0x0 -0.7675 -0.4484 -0.77 -0.45 -0.0000 -0.0000 0.0000 0.0000 0.4959 -0.0068 -0.159568 -0.746148 12.15 
8.4058 2 1 1 0x0 -0.7666 -0.4475 -0.77 -0.45 -0.0000 -0.0000 0.0000 0.0000 0.4959 -0.0068 -0.159568 -0.746125 12.15 
8.4158 2 1 1 0x0 -0.7657 -0.4465 -0.77 -0.45 -0.0000 -0.0000 0.0000 0.0000 0.4959 -0.0068 -0.159568 -0.746121 12.16 
8.4258 2 1 1 0x0 -0.7648 -0.4456 -0.76 -0.45 -0.0000 -0.0000 0.0000 0.0000 0.4959 -0.0068 -0.159568 -0.746161 12.16 
8.4358 2 1 1 0x0 -0.7639 -0.4447 -0.76 -0.44 -0.0000 -0.0000 0.0000 0.0000 0.4959 -0.0068 -0.159568 -0.746177 12.15 
8.4458 2 1 1 0x0 -0.7630 -0.4438 -0.76 -0.44 -0.0000 -0.0000 0.0000 0.0000 0.4959 -0.0068 -0.159568 -0.746210 12.15 
8.4558 2 1 1 0x0 -0.7621 -0.4429 -0.76 -0.44 -0.0000 -0.0000 0.0000 0.0000 0.4959 -0.0068 -0.159568 -0.746205 12.16 
8.4658 2 1 1 0x0 -0.7612 -0.4420 -0.76 -0.44 -0.0000 -0.0000 0.0000 0.0000 0.4959 -0.0068 -0.159568 -0.746201 12.15 
8.4758 2 1 1 0x0 -0.7603 -0.4411 -0.76 -0.44 -0.0000 -0.0000 0.0000 0.0000 0.4959 -0.0068 -0.159568 -0.746192 12.16 
8.4858 2 1 1 0x0 -0.7594 -0.4402 -0.76 -0.44 -0.0000 -0.0000 0.0000 0.0000 0.4959 -0.0068 -0.159568 -0.746208 12.16 
8.4958 2 1 1 0x0 -0.7585 -0.4393 -0.76 -0.44 -0.0000 -0.0000 0.0000 0.0000 0.4959 -0.0068 -0.159568 -0.746219 12.15 
8.5058 2 1 1 0x0 -0.7576 -0.4384 -0.76 -0.44 -0.0000 -0.0000 0.0000 0.0000 0.4959 -0.0068 -0.159568 -0.746228 12.15 
8.5158 2 1 1 0x0 -0.7566 -0.4375 -0.76 -0.44 -0.0000 -0.0000 0.0000 0.0000 0.4959 -0.0068 -0.159568 -0.746223 12.15 
8.5258 2 1 1 0x0 -0.7557 -0.4366 -0.76 -0.44 -0.0000 -0.0000 0.0000 0.0000 0.4959 -0.0068 -0.159568 -0.746215 12.15 
8.5358 2 1 1 0x0 -0.7548 -0.4357 -0.75 -0.44 -0.0000 -0.0000 0.0000 0.0000 0.4959 -0.0068 -0.159568 -0.746229 12.15 
8.5458 2 1 1 0x0 -0.7539 -0.4348 -0.75 -0.43 -0.0000 -0.0000 0.0000 0.0000 0.4959 -0.0068 -0.159568 -0.746242 12.15 
8.5558 2 1 1 0x0 -0.7530 -0.4339 -0.75 -0.43 -0.0000 -0.0000 0.0000 0.0000 0.4959 -0.0068 -0.159568 -0.746256 12.15 
8.5658 2 1 1 0x0 -0.7521 -0.4330 -0.75 -0.43 -0.0000 -0.0000 0.0000 0.0000 0.4959 -0.0068 -0.159568 -0.746269 12.15 
8.5758 2 1 1 0x0 -0.7512 -0.4321 -0.75 -0.43 -0.0000 -0.0000 0.0000 0.0000 0.4959 -0.0068 -0.159568 -0.746269 12.15 
8.5858 2 1 1 0x0 -0.7503 -0.4312 -0.75 -0.43 -0.0000 -0.0000 0.0000 0.0000 0.4959 -0.0068 -0.159568 -0.746225 12.15 
8.5958 2 1 1 0x0 -0.7494 -0.4303 -0.75 -0.43 -0.0000 -0.0000 0.0000 0.0000 0.4959 -0.0068 -0.159568 -0.746243 12.16 
8.6058 2 1 1 0x0 -0.7485 -0.4294 -0.75 -0.43 -0.0000 -0.0000 0.0000 0.0000 0.4959 -0.0068 -0.159568 -0.746274 12.15 
8.6159 2 1 1 0x0 -0.7476 -0.4285 -0.75 -0.43 -0.0000 -0.0000 0.0000 0.0000 0.4959 -0.0068 -0.159568 -0.746281 12.15 
8.6259 2 1 1 0x0 -0.7467 -0.4276 -0.75 -0.43 -0.0000 -0.0000 0.0000 0.0000 0.4959 -0.0068 -0.159568 -0.746295 12.15 
8.6359 2 1 1 0x0 -0.7458 -0.4267 -0.75 -0.43 -0.0000 -0.0000 0.0000 0.0000 0.4959 -0.0068 -0.159568 -0.746289 12.16 
8.6459 2 1 1 0x0 -0.7449 -0.4258 -0.74 -0.43 -0.0000 -0.0000 0.0000 0.0000 0.4959 -0.0068 -0.159568 -0.746279 12.16 
8.6559 2 1 1 0x0 -0.7440 -0.4249 -0.74 -0.42 -0.0000 -0.0000 0.0000 0.0000 0.4959 -0.0068 -0.159568 -0.746263 12.15 
8.6659 2 1 1 0x0 -0.7431 -0.4240 -0.74 -0.42 -0.0000 -0.0000 0.0000 0.0000 0.4959 -0.0068 -0.159568 -0.746266 12.15 
8.6759 2 1 1 0x0 -0.7422 -0.4231 -0.74 -0.42 -0.0000 -0.0000 0.0000 0.0000 0.4959 -0.0068 -0.159568 -0.746276 12.15 
8.6859 2 1 1 0x0 -0.7413 -0.4222 -0.74 -0.42 -0.0000 -0.0000 0.0000 0.0000 0.4959 -0.0068 -0.159568 -0.746266 12.15 
8.6959 2 1 1 0x0 -0.7404 -0.4212 -0.74 -0.42 -0.0000 -0.0000 0.0000 0.0000 0.4959 -0.0068 -0.159568 -0.746244 12.15 
8.7059 2 1 1 0x0 -0.7395 -0.4203 -0.74 -0.42 -0.0000 -0.0000 0.0000 0.0000 0.4959 -0.0068 -0.159568 -0.746256 12.16 
8.7159 2 1 1 0x0 -0.7386 -0.4194 -0.74 -0.42 -0.0000 -0.0000 0.0000 0.0000 0.4959 -0.0068 -0.159568 -0.746263 12.15 
8.7259 2 1 1 0x0 -0.7377 -0.4185 -0.74 -0.42 -0.0000 -0.0000 0.0000 0.0000 0.4959 -0.0068 -0.159568 -0.746251 12.15 
8.7359 2 1 1 0x0 -0.7368 -0.4176 -0.74 -0.42 -0.0000 -0.0000 0.0000 0.0000 0.4959 -0.0068 -0.159568 -0.746245 12.16 
8.7459 2 1 1 0x0 -0.7359 -0.4167 -0.74 -0.42 -0.0000 -0.0000 0.0000 0.0000 0.4959 -0.0068 -0.159568 -0.746252 12.15 
8.7559 2 1 1 0x0 -0.7350 -0.4158 -0.73 -0.42 -0.0000 -0.0000 0.0000 0.0000 0.4959 -0.0068 -0.159568 -0.746275 12.15 
8.7659 2 1 1 0x0 -0.7341 -0.4149 -0.73 -0.41 -0.0000 -0.0000 0.0000 0.0000 0.4959 -0.0068 -0.159568 -0.746262 12.15 
8.7759 2 1 1 0x0 -0.7332 -0.4140 -0.73 -0.41 -0.0000 -0.0000 0.0000 0.0000 0.4959 -0.0068 -0.159568 -0.746282 12.16 
8.7859 2 1 1 0x0 -0.7323 -0.4131 -0.73 -0.41 -0.0000 -0.0000 0.0000 0.0000 0.4959 -0.0068 -0.159568 -0.746294 12.16 
8.7959 2 1 1 0x0 -0.7313 -0.4122 -0.73 -0.41 -0.0000 -0.0000 0.0000 0.0000 0.4959 -0.0068 -0.159568 -0.746279 12.15 
8.8059 2 1 1 0x0 -0.7304 -0.4113 -0.73 -0.41 -0.0000 -0.0000 0.0000 0.0000 0.4959 -0.0068 -0.159568 -0.746266 12.15 
8.8159 2 1 1 0x0 -0.7295 -0.4104 -0.73 -0.41 -0.0000 -0.0000 0.0000 0.0000 0.4959 -0.0068 -0.159568 -0.746279 12.15 
8.8259 2 1 1 0x0 -0.7286 -0.4095 -0.73 -0.41 -0.0000 -0.0000 0.0000 0.0000 0.4959 -0.0068 -0.159568 -0.746256 12.15 
8.8359 2 1 1 0x0 -0.7277 -0.4086 -0.73 -0.41 -0.0000 -0.0000 0.0000 0.0000 0.4959 -0.0068 -0.159568 -0.746249 12.16 
8.8459 2 1 1 0x0 -0.7268 -0.4077 -0.73 -0.41 -0.0000 -0.0000 0.0000 0.0000 0.4959 -0.0068 -0.159568 -0.746246 12.15 
8.8559 2 1 1 0x0 -0.7259 -0.4068 -0.73 -0.41 -0.0000 -0.0000 0.0000 0.0000 0.4959 -0.0068 -0.159568 -0.746244 12.16 
8.8660 2 1 1 0x0 -0.7250 -0.4059 -0.73 -0.41 -0.0000 -0.0000 0.0000 0.0000 0.4959 -0.0068 -0.159568 -0.746234 12.15 
8.8760 2 1 1 0x0 -0.7241 -0.4050 -0.72 -0.40 -0.0000 -0.0000 0.0000 0.0000 0.4959 -0.0068 -0.159568 -0.746221 12.15 
8.8860 2 1 1 0x0 -0.7232 -0.4041 -0.72 -0.40 -0.0000 -0.0000 0.0000 0.0000 0.4959 -0.0068 -0.159568 -0.746220 12.15 
8.8960 2 1 1 0x0 -0.7223 -0.4032 -0.72 -0.40 -0.0000 -0.0000 0.0000 0.0000 0.4959 -0.0068 -0.159568 -0.746239 12.15 
8.9060 2 1 1 0x0 -0.7214 -0.4023 -0.72 -0.40 -0.0000 -0.0000 0.0000 0.0000 0.4959 -0.0068 -0.159568 -0.746234 12.15 
8.9160 2 1 1 0x0 -0.7205 -0.4014 -0.72 -0.40 -0.0000 -0.0000 0.0000 0.0000 0.4959 -0.0068 -0.159568 -0.746252 12.15 
8.9260 2 1 1 0x0 -0.7196 -0.4005 -0.72 -0.40 -0.0000 -0.0000 0.0000 0.0000 0.4959 -0.0068 -0.159568 -0.746279 12.15 
8.9360 2 1 1 0x0 -0.7187 -0.3996 -0.72 -0.40 -0.0000 -0.0000 0.0000 0.0000 0.4959 -0.0068 -0.159568 -0.746276 12.15 
8.9460 2 1 1 0x0 -0.7178 -0.3987 -0.72 -0.40 -0.0000 -0.0000 0.0000 0.0000 0.4959 -0.0068 -0.159568 -0.746291 12.15 
8.9560 2 1 1 0x0 -0.7169 -0.3978 -0.72 -0.40 -0.0000 -0.0000 0.0000 0.0000 0.4959 -0.0068 -0.159568 -0.746298 12.16 
8.9660 2 1 1 0x0 -0.7160 -0.3969 -0.72 -0.40 -0.0000 -0.0000 0.0000 0.0000 0.4959 -0.0068 -0.159568 -0.746313 12.16 
8.9760 2 1 1 0x0 -0.7151 -0.3959 -0.72 -0.40 -0.0000 -0.0000 0.0000 0.0000 0.4959 -0.0068 -0.159568 -0.746317 12.16 
8.9860 2 1 1 0x0 -0.7142 -0.3950 -0.71 -0.40 -0.0000 -0.0000 0.0000 0.0000 0.4959 -0.0068 -0.159568 -0.746315 12.16 
8.9960 2 1 1 0x0 -0.7133 -0.3941 -0.71 -0.39 -0.0000 -0.0000 0.0000 0.0000 0.4959 -0.0068 -0.159568 -0.746332 12.15 
9.0060 2 1 1 0x0 -0.7124 -0.3932 -0.71 -0.39 -0.0000 -0.0000 0.0000 0.0000 0.4959 -0.0068 -0.159568 -0.746327 12.15 
9.0160 2 1 1 0x0 -0.7115 -0.3923 -0.71 -0.39 -0.0000 -0.0000 0.0000 0.0000 0.4959 -0.0068 -0.159568 -0.746306 12.15 
9.0260 2 1 1 0x0 -0.7106 -0.3914 -0.71 -0.39 -0.0000 -0.0000 0.0000 0.0000 0.4959 -0.0068 -0.159568 -0.746280 12.15 
9.0360 2 1 1 0x0 -0.7097 -0.3905 -0.71 -0.39 -0.0000 -0.0000 0.0000 0.0000 0.4959 -0.0068 -0.159568 -0.746262 12.15 
9.0460 2 1 1 0x0 -0.7088 -0.3896 -0.71 -0.39 -0.0000 -0.0000 0.0000 0.0000 0.4959 -0.0068 -0.159568 -0.746274 12.15 
9.0560 2 1 1 0x0 -0.7079 -0.3887 -0.71 -0.39 -0.0000 -0.0000 0.0000 0.0000 0.4959 -0.0068 -0.159568 -0.746270 12.15 
9.0660 2 1 1 0x0 -0.7070 -0.3878 -0.71 -0.39 -0.0000 -0.0000 0.0000 0.0000 0.4959 -0.0068 -0.159568 -0.746276 12.15 
9.0760 2 1 1 0x0 -0.7060 -0.3869 -0.71 -0.39 -0.0000 -0.0000 0.0000 0.0000 0.4959 -0.0068 -0.159568 -0.746263 12.15 
9.0860 2 1 1 0x0 -0.7051 -0.3860 -0.71 -0.39 -0.0000 -0.0000 0.0000 0.0000 0.4959 -0.0068 -0.159568 -0.746268 12.15 
9.0960 2 1 1 0x0 -0.7042 -0.3851 -0.70 -0.39 -0.0000 -0.0000 0.0000 0.0000 0.4959 -0.0068 -0.159568 -0.746258 12.16 
9.1060 2 1 1 0x0 -0.7033 -0.3842 -0.70 -0.38 -0.0000 -0.0000 0.0000 0.0000 0.4959 -0.0068 -0.159568 -0.746273 12.16 
9.1161 2 1 1 0x0 -0.7024 -0.3833 -0.70 -0.38 -0.0000 -0.0000 0.0000 0.0000 0.4959 -0.0068 -0.159568 -0.746284 12.15 
9.1261 2 1 1 0x0 -0.7015 -0.3824 -0.70 -0.38 -0.0000 -0.0000 0.0000 0.0000 0.4959 -0.0068 -0.159568 -0.746300 12.15 
9.1361 2 1 1 0x0 -0.7006 -0.3815 -0.70 -0.38 -0.0000 -0.0000 0.0000 0.0000 0.4959 -0.0068 -0.159568 -0.746298 12.16 
9.1461 2 1 1 0x0 -0.6997 -0.3806 -0.70 -0.38 -0.0000 -0.0000 0.0000 0.0000 0.4959 -0.0068 -0.159568 -0.746314 12.15 
9.1561 2 1 1 0x0 -0.6988 -0.3797 -0.70 -0.38 -0.0000 -0.0000 0.0000 0.0000 0.4959 -0.0068 -0.159568 -0.746336 12.16 
9.1661 2 1 1 0x0 -0.6979 -0.3788 -0.70 -0.38 -0.0000 -0.0000 0.0000 0.0000 0.4959 -0.0068 -0.159568 -0.746336 12.16 
9.1761 2 1 1 0x0 -0.6970 -0.3779 -0.70 -0.38 -0.0000 -0.0000 0.0000 0.0000 0.4959 -0.0068 -0.159568 -0.746326 12.15 
9.1861 2 1 1 0x0 -0.6961 -0.3770 -0.70 -0.38 -0.0000 -0.0000 0.0000 0.0000 0.4959 -0.0068 -0.159568 -0.746308 12.15 
9.1961 2 1 1 0x0 -0.6952 -0.3761 -0.70 -0.38 -0.0000 -0.0000 0.0000 0.0000 0.4959 -0.0068 -0.159568 -0.746294 12.15 
9.2061 2 1 1 0x0 -0.6943 -0.3752 -0.69 -0.38 -0.0000 -0.0000 0.0000 0.0000 0.4959 -0.0068 -0.159568 -0.746283 12.16 
9.2161 2 1 1 0x0 -0.6934 -0.3743 -0.69 -0.37 -0.0000 -0.0000 0.0000 0.0000 0.4959 -0.0068 -0.159568 -0.746281 12.15 
9.2261 2 1 1 0x0 -0.6925 -0.3734 -0.69 -0.37 -0.0000 -0.0000 0.0000 0.0000 0.4959 -0.0068 -0.159568 -0.746279 12.15 
9.2361 2 1 1 0x0 -0.6916 -0.3725 -0.69 -0.37 -0.0000 -0.0000 0.0000 0.0000 0.4959 -0.0068 -0.159568 -0.746276 12.16 
9.2461 2 1 1 0x0 -0.6907 -0.3715 -0.69 -0.37 -0.0000 -0.0000 0.0000 0.0000 0.4959 -0.0068 -0.159568 -0.746264 12.15 
9.2561 2 1 1 0x0 -0.6898 -0.3706 -0.69 -0.37 -0.0000 -0.0000 0.0000 0.0000 0.4959 -0.0068 -0.159568 -0.746250 12.16 
9.2661 2 1 1 0x0 -0.6889 -0.3697 -0.69 -0.37 -0.0000 -0.0000 0.0000 0.0000 0.4959 -0.0068 -0.159568 -0.746259 12.15 
9.2761 2 1 1 0x0 -0.6880 -0.3688 -0.69 -0.37 -0.0000 -0.0000 0.0000 0.0000 0.4959 -0.0068 -0.159568 -0.746295 12.15 
9.2861 2 1 1 0x0 -0.6871 -0.3679 -0.69 -0.37 -0.0000 -0.0000 0.0000 0.0000 0.4959 -0.0068 -0.159568 -0.746285 12.15 
9.2961 2 1 1 0x0 -0.6862 -0.3670 -0.69 -0.37 -0.0000 -0.0000 0.0000 0.0000 0.4959 -0.0068 -0.159568 -0.746295 12.15 
9.3061 2 1 1 0x0 -0.6853 -0.3661 -0.69 -0.37 -0.0000 -0.0000 0.0000 0.0000 0.4959 -0.0068 -0.159568 -0.746297 12.15 
9.3161 2 1 1 0x0 -0.6844 -0.3652 -0.68 -0.37 -0.0000 -0.0000 0.0000 0.0000 0.4959 -0.0068 -0.159568 -0.746263 12.15 
9.3261 2 1 1 0x0 -0.6835 -0.3643 -0.68 -0.36 -0.0000 -0.0000 0.0000 0.0000 0.4959 -0.0068 -0.159568 -0.746264 12.15 
9.3361 2 1 1 0x0 -0.6826 -0.3634 -0.68 -0.36 -0.0000 -0.0000 0.0000 0.0000 0.4959 -0.0068 -0.159568 -0.746247 12.15 
9.3461 2 1 1 0x0 -0.6816 -0.3625 -0.68 -0.36 -0.0000 -0.0000 0.0000 0.0000 0.4959 -0.0068 -0.159568 -0.746240 12.15 
9.3562 2 1 1 0x0 -0.6807 -0.3616 -0.68 -0.36 -0.0000 -0.0000 0.0000 0.0000 0.4959 -0.0068 -0.159568 -0.746242 12.16 
9.3662 2 1 1 0x0 -0.6798 -0.3607 -0.68 -0.36 -0.0000 -0.0000 0.0000 0.0000 0.4959 -0.0068 -0.159568 -0.746258 12.16 
9.3762 2 1 1 0x0 -0.6789 -0.3598 -0.68 -0.36 -0.0000 -0.0000 0.0000 0.0000 0.4959 -0.0068 -0.159568 -0.746303 12.15 
9.3862 2 1 1 0x0 -0.6780 -0.3589 -0.68 -0.36 -0.0000 -0.0000 0.0000 0.0000 0.4959 -0.0068 -0.159568 -0.746315 12.16 
9.3962 2 1 1 0x0 -0.6771 -0.3580 -0.68 -0.36 -0.0000 -0.0000 0.0000 0.0000 0.4959 -0.0068 -0.159568 -0.746314 12.16 
9.4062 2 1 1 0x0 -0.6762 -0.3571 -0.68 -0.36 -0.0000 -0.0000 0.0000 0.0000 0.4959 -0.0068 -0.159568 -0.746309 12.16 
9.4162 2 1 1 0x0 -0.6753 -0.3562 -0.68 -0.36 -0.0000 -0.0000 0.0000 0.0000 0.4959 -0.0068 -0.159568 -0.746330 12.16 
9.4262 2 1 1 0x0 -0.6744 -0.3553 -0.67 -0.36 -0.0000 -0.0000 0.0000 0.0000 0.4959 -0.0068 -0.159568 -0.746378 12.16 
9.4362 2 1 1 0x0 -0.6735 -0.3544 -0.67 -0.35 -0.0000 -0.0000 0.0000 0.0000 0.4959 -0.0068 -0.159568 -0.746417 12.15 
9.4462 2 1 1 0x0 -0.6726 -0.3535 -0.67 -0.35 -0.0000 -0.0000 0.0000 0.0000 0.4959 -0.0068 -0.159568 -0.746427 12.15 
9.4562 2 1 1 0x0 -0.6717 -0.3526 -0.67 -0.35 -0.0000 -0.0000 0.0000 0.0000 0.4959 -0.0068 -0.159568 -0.746391 12.15 
9.4662 2 1 1 0x0 -0.6708 -0.3517 -0.67 -0.35 -0.0000 -0.0000 0.0000 0.0000 0.4959 -0.0068 -0.159568 -0.746372 12.15 
9.4762 2 1 1 0x0 -0.6699 -0.3508 -0.67 -0.35 -0.0000 -0.0000 0.0000 0.0000 0.4959 -0.0068 -0.159568 -0.746376 12.15 
9.4862 2 1 1 0x0 -0.6690 -0.3499 -0.67 -0.35 -0.0000 -0.0000 0.0000 0.0000 0.4959 -0.0068 -0.159568 -0.746366 12.15 
9.4962 2 1 1 0x0 -0.6681 -0.3490 -0.67 -0.35 -0.0000 -0.0000 0.0000 0.0000 0.4959 -0.0068 -0.159568 -0.746343 12.16 
9.5062 2 1 1 0x0 -0.6672 -0.3481 -0.67 -0.35 -0.0000 -0.0000 0.0000 0.0000 0.4959 -0.0068 -0.159568 -0.746334 12.15 
9.5162 2 1 1 0x0 -0.6663 -0.3472 -0.67 -0.35 -0.0000 -0.0000 0.0000 0.0000 0.4959 -0.0068 -0.159568 -0.746329 12.16 
9.5262 2 1 1 0x0 -0.6654 -0.3462 -0.67 -0.35 -0.0000 -0.0000 0.0000 0.0000 0.4959 -0.0068 -0.159568 -0.746326 12.15 
9.5362 2 1 1 0x0 -0.6645 -0.3453 -0.66 -0.35 -0.0000 -0.0000 0.0000 0.0000 0.4959 -0.0068 -0.159568 -0.746351 12.16 
9.5462 2 1 1 0x0 -0.6636 -0.3444 -0.66 -0.34 -0.0000 -0.0000 0.0000 0.0000 0.4959 -0.0068 -0.159568 -0.746355 12.15 
9.5562 2 1 1 0x0 -0.6627 -0.3435 -0.66 -0.34 -0.0000 -0.0000 0.0000 0.0000 0.4959 -0.0068 -0.159568 -0.746383 12.16 
9.5662 2 1 1 0x0 -0.6618 -0.3426 -0.66 -0.34 -0.0000 -0.0000 0.0000 0.0000 0.4959 -0.0068 -0.159568 -0.746370 12.16 
9.5762 2 1 1 0x0 -0.6609 -0.3417 -0.66 -0.34 -0.0000 -0.0000 0.0000 0.0000 0.4959 -0.0068 -0.159568 -0.746381 12.15 
9.5862 2 1 1 0x0 -0.6600 -0.3408 -0.66 -0.34 -0.0000 -0.0000 0.0000 0.0000 0.4959 -0.0068 -0.159568 -0.746365 12.16 
9.5962 2 1 1 0x0 -0.6591 -0.3399 -0.66 -0.34 -0.0000 -0.0000 0.0000 0.0000 0.4959 -0.0068 -0.159568 -0.746376 12.16 
9.6063 2 1 1 0x0 -0.6582 -0.3390 -0.66 -0.34 -0.0000 -0.0000 0.0000 0.0000 0.4959 -0.0068 -0.159568 -0.746387 12.16 
9.6163 2 1 1 0x0 -0.6573 -0.3381 -0.66 -0.34 -0.0000 -0.0000 0.0000 0.0000 0.4959 -0.0068 -0.159568 -0.746364 12.15 
9.6263 2 1 1 0x0 -0.6563 -0.3372 -0.66 -0.34 -0.0000 -0.0000 0.0000 0.0000 0.4959 -0.0068 -0.159568 -0.746343 12.15 
9.6363 2 1 1 0x0 -0.6554 -0.3363 -0.66 -0.34 -0.0000 -0.0000 0.0000 0.0000 0.4959 -0.0068 -0.159568 -0.746333 12.16 
9.6463 2 1 1 0x0 -0.6545 -0.3354 -0.65 -0.34 -0.0000 -0.0000 0.0000 0.0000 0.4959 -0.0068 -0.159568 -0.746331 12.15 
9.6563 2 1 1 0x0 -0.6536 -0.3345 -0.65 -0.33 -0.0000 -0.0000 0.0000 0.0000 0.4959 -0.0068 -0.159568 -0.746333 12.16 
9.6663 2 1 1 0x0 -0.6527 -0.3336 -0.65 -0.33 -0.0000 -0.0000 0.0000 0.0000 0.4959 -0.0068 -0.159568 -0.746327 12.15 
9.6763 2 1 1 0x0 -0.6518 -0.3327 -0.65 -0.33 -0.0000 -0.0000 0.0000 0.0000 0.4959 -0.0068 -0.159568 -0.746311 12.15 
9.6863 2 1 1 0x0 -0.6509 -0.3318 -0.65 -0.33 -0.0000 -0.0000 0.0000 0.0000 0.4959 -0.0068 -0.159568 -0.746273 12.15 
9.6963 2 1 1 0x0 -0.6500 -0.3309 -0.65 -0.33 -0.0000 -0.0000 0.0000 0.0000 0.4959 -0.0068 -0.159568 -0.746247 12.16 
9.7063 2 1 1 0x0 -0.6491 -0.3300 -0.65 -0.33 -0.0000 -0.0000 0.0000 0.0000 0.4959 -0.0068 -0.159568 -0.746366 12.16 
9.7163 2 1 1 0x0 -0.6482 -0.3291 -0.65 -0.33 -0.0000 -0.0000 0.0000 0.0000 0.4959 -0.0068 -0.159568 -0.746852 12.15 
9.7263 2 1 1 0x0 -0.6473 -0.3282 -0.65 -0.33 -0.0000 -0.0000 0.0000 0.0000 0.4959 -0.0068 -0.159568 -0.747715 12.16 
9.7363 8 1 1 0x1 -0.1596 0.1596 -0.16 0.16 -0.0000 -0.0000 0.0000 0.0000 0.4959 -0.0068 -0.159568 -0.748596 12.16 
9.7463 8 1 1 0x0 -0.1596 0.1596 -0.16 0.16 -0.0000 -0.0000 0.0000 0.0000 0.4959 -0.0068 -0.159568 -0.749429 12.15 
9.7563 8 1 1 0x0 -0.1596 0.1596 -0.16 0.16 -0.0000 -0.0000 0.0000 0.0000 0.4959 -0.0068 -0.159568 -0.749578 12.16 
9.7663 8 1 1 0x0 -0.1596 0.1596 -0.16 0.16 -0.0000 -0.0000 0.0000 0.0000 0.4959 -0.0068 -0.159568 -0.749344 12.16 
